company_id,company,batch,raised_post_yc,post_yc_amount_usd,round_type,round_date,lead_investors,source_tier,source_type,source_url,source_quote,sec_cik,sec_accession,sec_total_amount_sold,sec_total_offering_amount,sec_date_first_sale,sec_security_type,sec_investor_count,legal_name,confidence,notes,checked_at
gilgamesh-pharmaceuticals,Gilgamesh Pharmaceuticals,Summer 2020,Yes,117538792,Series B (Equity per Form D),2020-09-09,,1,SEC Form D,https://www.sec.gov/Archives/edgar/data/2107396/000210739626000003/primary_doc.xml,totalAmountSold: 60000000; totalOfferingAmount: 60000000; dateOfFirstSale: 2026-03-09,0002107396,0002107396-26-000003,60000000,60000000,2026-03-09,Equity; Other; Other: Shares of Preferred Stock of Issuer and the shares of capital stock of Issuer into which such shares of Preferred Stock may convert.,40,Gilgamesh Pharma Inc.,High,"6 post-YC Form D offerings summed: 0001817048-20-000004 $735000 (2020-09-09), 0001817048-21-000001 $34701837 (2021-04-26), 0001817048-22-000002 $13761009 (2022-05-16), 0002107396-26-000002 $6090946 (2026-01-02), 0002107396-26-000003 $60000000 (2026-03-09), 0002107396-26-000004 $2250000 (2026-03-27) pre yc Form D 0001787522-19-000001: sold 4241236 first sale 2019-08-28 unsold Form D 0001817048-22-000001: sold 0 first sale 2022-02-04 unsold Form D 0002107396-26-000001: sold 0 first sale yetToOccur Tier 2 source states $39 Million (https://www.gilgameshpharmaceutical.com); Form D figure kept.",2026-10-01T00:47:43Z
matter,Matter,Summer 2020,Yes,7295000,Series A (Equity per Form D),2021-04-26,,1,SEC Form D,https://www.sec.gov/Archives/edgar/data/1861023/000186102321000001/primary_doc.xml,totalAmountSold: 7295000; totalOfferingAmount: 9295000; dateOfFirstSale: 2021-04-26,0001861023,0001861023-21-000001,7295000,9295000,2021-04-26,Equity; SecurityToBeAcquired,40,"Dig Wells, Inc.",High,"Legal name differs from brand; matched on related person(s) Ben Springwater, Robert Mackenzie, issuer in San Francisco, CA.",2026-10-01T00:47:48Z
verifiable,Verifiable,Summer 2020,Yes,46943816,Equity (per Form D; stage not stated),2021-07-02,,1,SEC Form D,https://www.sec.gov/Archives/edgar/data/1873843/000187384323000003/primary_doc.xml,totalAmountSold: 26999987; totalOfferingAmount: 26999987; dateOfFirstSale: 2023-04-24,0001873843,0001873843-23-000003,26999987,26999987,2023-04-24,Equity,7,Verifiable Inc.,High,"2 post-YC Form D offerings summed: 0001873843-21-000001 $19943829 (2021-07-02), 0001873843-23-000003 $26999987 (2023-04-24)",2026-10-01T00:47:34Z
siphox-health,SiPhox Health,Summer 2020,Yes,15060000,Equity (per Form D; stage not stated),2020-08-19,,1,SEC Form D,https://www.sec.gov/Archives/edgar/data/1824002/000182400223000001/primary_doc.xml,totalAmountSold: 12500000; totalOfferingAmount: 15000000; dateOfFirstSale: 2023-01-05,0001824002,0001824002-23-000001,12500000,15000000,2023-01-05,Equity,44,SiPhox Inc.,High,"3 post-YC Form D offerings summed: 0001824002-20-000004 $1060000 (2020-08-19), 0001824002-21-000004 $1500000 (2021-11-01), 0001824002-23-000001 $12500000 (2023-01-05) small Form D 0001824002-21-000001: sold 10000 first sale 2021-04-07",2026-10-01T00:47:38Z
rarebird,Rarebird,Summer 2020,Yes,9033064,Equity (per Form D; stage not stated),2023-07-14,,1,SEC Form D,https://www.sec.gov/Archives/edgar/data/1987368/000198736823000001/primary_doc.xml,totalAmountSold: 6518064; totalOfferingAmount: 7518064; dateOfFirstSale: 2023-07-14,0001987368,0001987368-23-000001,6518064,7518064,2023-07-14,Equity; SecurityToBeAcquired,27,"Rarebird, Inc.",High,"4 post-YC Form D offerings summed: 0001987368-23-000001 $6518064 (2023-07-14), 0001987368-23-000002 $400000 (2023-09-05), 0001987368-24-000002 $1115000 (2023-12-18), 0001987368-24-000003 $1000000 (2024-10-11) Form D clarification: A portion of the Total Offering Amount and Total Amount Sold is comprised of the cancellation or conversion of indebtedness or other convertible securities issued by the Company.",2026-10-01T00:47:39Z
future-fields,Future Fields,Summer 2020,Yes,15100000,,,,2,Company website,https://futurefields.io/newsroom/,Future Fields raises $15.1 million CAD to equip more industries with bioreactors by using fruit flies .,,,,,,,,,High,Round date not stated on the source page; assumed post-YC because it is presented as current news. Other stated figure: $8M (https://futurefields.io/newsroom/). No matching post-YC Form D found.,2026-10-01T00:47:44Z
todos-comemos,Todos Comemos,Summer 2020,No evidence found,,,,,,,,,,,,,,,,,,Checked: no post-YC Form D matching the founders; no funding statement on website (1 pages) or YC page. LinkedIn/X/Crunchbase need a logged-in browser. National register for CO not checked.,2026-10-01T00:47:47Z
clau,Clau,Summer 2020,Yes,20000000,,2021-09-01,,4,Press (linked from YC company page),https://techcrunch.com/2021/09/01/flat-mx-raises-20m-from-vcs-proptech-unicorn-founders-to-fix-mexicos-broken-real-estate-market/,"Flat.mx raises $20M from VCs, proptech unicorn founders to fix Mexico’s ‘broken’ real estate market – TechCrunch",,,,,,,,,Medium,No matching post-YC Form D found.,2026-10-01T00:47:32Z
chatpay,Hubla,Summer 2020,Yes,11000000,,2021-11-26,,4,Press (linked from YC company page),https://www.bloomberglinea.com/2021/11/26/hubla-raises-11-m-to-help-influencers-monetize-their-content/,Hubla Raises $11 M to Help Influencers Monetize Their Content,,,,,,,,,Medium,No matching post-YC Form D found.,2026-10-01T00:47:39Z
heron,Heron,Summer 2020,Yes,16600000,,2025-07-18,,2,Company website,https://www.herondata.io/blog/series-a-announcement,Heron Raises $16.6M to Automate Document Workflows with AI,,,,,,,,,High,No matching post-YC Form D found.,2026-10-01T00:48:03Z
fieldguide,Fieldguide,Summer 2020,Yes,75000000,Series C,2026-02-02,,4,Press (linked from YC company page),https://am.gs.com/en-us/individual/news/press-release/2026/fieldguide-growth-equity,Fieldguide Raises $75M Series C from Goldman Sachs Growth Equity - Goldman Sachs Asset Management,,,,,,,,,Medium,Other stated figure: $17M (https://www.cpapracticeadvisor.com/accounting-audit/news/21258754/fieldguide-receives-17m-in-series-a-funding-for-aa-platform-funding-led-by-8vc). No matching post-YC Form D found.,2026-10-01T00:47:38Z
finch,Finch,Summer 2020,Yes,40000000,Series B,2023-02-22,,4,Press (linked from YC company page),https://www.businessinsider.com/finch-hr-api-infrastructure-startup-raises-40-million-series-b-2023-2,Finch: HR API Infrastructure Startup Raises $40 Million Series B,,,,,,,,,Medium,No matching post-YC Form D found.,2026-10-01T00:47:49Z
parrot-software,Parrot Software 🦜,Summer 2020,No evidence found,,,,,,,,,,,,,,,,,,"Unverified Form D by same-named person: Safe & Green Development Corp 0001213900-23-094867 sold 0 (first sale 2023-11-30, Miami); likely a different person. Unverified Form D by same-named person: Safe & Green Development Corp 0001213900-23-094870 sold 700000 (first sale 2023-11-30, Miami); likely a different person. Unverified Form D by same-named person: Safe & Green Development Corp 0001213900-24-015341 sold 1075000 (first sale 2024-02-07, Miami); likely a different person. Unverified Form D by same-named person: Safe & Green Development Corp 0001213900-24-020288 sold 950000 (first sale 2023-11-30, Miami); likely a different person. Unverified Form D by same-named person: Safe & Green Development Corp 0001213900-24-041816 sold 350000 (first sale 2024-04-29, Miami); likely a different person. Unverified Form D by same-named person: Safe & Green Development Corp 0001213900-24-071944 sold 1388888 (first sale 2024-08-12, Miami); likely a different person. Unverified Form D by same-named person: Safe & Green Development Corp 0001213900-25-053432 sold 6772185 (first sale 2025-06-02, Miami); likely a different person. Unverified Form D by same-named person: Safe & Green Development Corp 0001213900-25-072774 sold 560422 (first sale 2025-07-29, Miami); likely a different person. Unverified Form D by same-named person: Safe & Green Development Corp 0001213900-25-101727 sold 18000000 (first sale 2025-10-17, Miami); likely a different person. Unverified Form D by same-named person: Re",2026-10-01T00:47:54Z
zuddl,Zuddl,Summer 2020,Yes,13350000,Series A,,Alpha Wave Incubation and Qualcomm Ventures,2,YC company/launch page,https://www.ycombinator.com/companies/zuddl,FUNDING Zuddl being a part Y-Combinator 2020 batch has raised $13.35 million in Series A funding led by Alpha Wave Incubation and Qualcomm Ventures,,,,,,,,,High,Round date not stated on the source page; assumed post-YC because it is presented as current news. Other stated figure: $2 million (https://www.zuddl.com/about). No matching post-YC Form D found.,2026-10-01T00:47:41Z
inspectify,Inspectify,Summer 2020,Yes,26879649,Equity (per Form D; stage not stated),2021-10-29,,1,SEC Form D,https://www.sec.gov/Archives/edgar/data/1893785/000189378524000001/primary_doc.xml,totalAmountSold: 15477548; totalOfferingAmount: 15477548; dateOfFirstSale: 2024-09-27,0001893785,0001893785-24-000001,15477548,15477548,2024-09-27,Equity,12,"Inspectify, Inc.",High,"2 post-YC Form D offerings summed: 0001893785-21-000001 $11402101 (2021-10-29), 0001893785-24-000001 $15477548 (2024-09-27)",2026-10-01T00:47:42Z
mozart-data,Mozart Data,Summer 2020,Yes,15000000,,,,2,Company website,https://mozartdata.com/press/,Mozart Data raises $15M to help startups spin up a data stack .,,,,,,,,,High,Round date not stated on the source page; assumed post-YC because it is presented as current news. No matching post-YC Form D found.,2026-10-01T00:47:49Z
rally,Rally,Summer 2020,No evidence found,,,,,,,,,,,,,,,,,,Checked: no post-YC Form D matching the founders; no funding statement on website (1 pages) or YC page. LinkedIn/X/Crunchbase need a logged-in browser. National register for CA not checked.,2026-10-01T00:48:15Z
glimpse-2,Glimpse,Summer 2020,Yes,52000000,,,,2,Company website,https://www.tryglimpse.com/post/seriesa,the company’s previous financing and brings Glimpse’s total raised to $52 million.,,,,,,,,,High,Round date not stated on the source page; assumed post-YC because it is presented as current news. Other stated figure: $35M (https://www.tryglimpse.com/resources). No matching post-YC Form D found.,2026-10-01T00:47:46Z
mobius-materials,Mobius Materials,Summer 2020,Yes,640000,SAFE (per Form D; stage not stated),2022-12-18,,1,SEC Form D,https://www.sec.gov/Archives/edgar/data/1968963/000196896323000001/primary_doc.xml,totalAmountSold: 640000; totalOfferingAmount: 640000; dateOfFirstSale: 2022-12-18,0001968963,0001968963-23-000001,640000,640000,2022-12-18,SecurityToBeAcquired; Other; Other: SAFE aka Simple Agreement for Future Equity,14,"Mobius Materials, Inc.",High,Tier 2 source states $3M (https://www.mobiusmaterials.com); Form D figure kept.,2026-10-01T00:47:43Z
insoma-bio,inSoma Bio,Summer 2020,Yes,6885796,Equity (per Form D; stage not stated),2020-06-24,,1,SEC Form D/A,https://www.sec.gov/Archives/edgar/data/1814250/000181425024000001/primary_doc.xml,totalAmountSold: 2720749; totalOfferingAmount: 3000000; dateOfFirstSale: 2023-04-17,0001814250,0001814250-24-000001,2720749,3000000,2023-04-17,Equity; Other; Other: Amounts exclude the value of securities that automatically converted in the offering and for which prior securities filings have been made.,16,"inSoma Bio, Inc.",High,"4 post-YC Form D offerings summed: 0001814250-20-000002 $202000 (2020-06-24), 0001814250-20-000008 $1273675 (2020-08-20), 0001814250-24-000001 $2720749 (2023-04-17), 0001814250-26-000001 $2689372 (2025-09-24)",2026-10-01T00:47:56Z
vena-vitals,Vena Vitals,Summer 2020,No evidence found,,,,,,,,,,,,,,,,,,Checked: no post-YC Form D matching the founders; no funding statement on website (0 pages) or YC page. LinkedIn/X/Crunchbase need a logged-in browser.,2026-10-01T00:47:59Z
medpiper-technologies-inc,"MedPiper Technologies, Inc",Summer 2020,No evidence found,,,,,,,,,,,,,,,,,,Checked: no post-YC Form D matching the founders; no funding statement on website (1 pages) or YC page. LinkedIn/X/Crunchbase need a logged-in browser. National register for IN not checked.,2026-10-01T00:47:48Z
lendtable,Lendtable,Summer 2020,Yes,30026577,Equity (per Form D; stage not stated),2021-09-28,,1,SEC Form D,https://www.sec.gov/Archives/edgar/data/1906472/000190647222000001/primary_doc.xml,totalAmountSold: 18924621; totalOfferingAmount: 30742069; dateOfFirstSale: 2021-09-28,0001906472,0001906472-22-000001,18924621,30742069,2021-09-28,Equity; OptionToAcquire; SecurityToBeAcquired,78,Lendtable Inc,High,"3 post-YC Form D offerings summed: 0001906472-22-000001 $18924621 (2021-09-28), 0001906472-22-000002 $4101956 (2021-11-12), 0001906472-22-000003 $7000000 (2022-06-15) Unverified Form D by same-named person: Pogo Holdings Inc. 0002052047-25-000001 sold 13390257 (first sale 2024-12-31, Lehi); likely a different person. Form D clarification: The total amount sold includes approximately $5,742,072 in value of cancelled
SAFEs. Tier 4 source states $18 Million (https://www.businessinsider.com/how-fintech-startup-lendtable-raised-18-million-softbank-01a-2021-11); Form D figure kept.",2026-10-01T00:47:55Z
afriex,Afriex,Summer 2020,Yes,10000000,,,,4,Press (linked from YC company page),https://www.afriex.com/press,Afriex Raises $10 Million For Its Money Transfer Platform.,,,,,,,,,Medium,Round date not stated on the source page; assumed post-YC because it is presented as current news. No matching post-YC Form D found.,2026-10-01T00:47:52Z
spenmo,Spenmo,Summer 2020,No evidence found,,,,,,,,,,,,,,,,,,Checked: no post-YC Form D matching the founders; no funding statement on website (2 pages) or YC page. LinkedIn/X/Crunchbase need a logged-in browser. National register for SG not checked.,2026-10-01T00:47:53Z
draftwise,Draftwise,Summer 2020,Yes,5000000,,2023-06-28,,4,Press (linked from YC company page),https://www.law.com/legaltechnews/2023/06/28/ai-startup-draftwise-raises-5-million-with-help-from-orrick-herrington-sutcliffe/?slreturn=20230528130829,"AI Startup DraftWise Raises $5M, With Help From Orrick Herrington & Sutcliffe | Legaltech News",,,,,,,,,Medium,No matching post-YC Form D found.,2026-10-01T00:47:59Z
mito,Mito,Summer 2020,No evidence found,,,,,,,,,,,,,,,,,,Checked: no post-YC Form D matching the founders; no funding statement on website (9 pages) or YC page. LinkedIn/X/Crunchbase need a logged-in browser.,2026-10-01T00:48:00Z
taktile,Taktile,Summer 2020,Yes,109999889,Series C (Equity per Form D),2026-05-18,Goldman Sachs,1,SEC Form D,https://www.sec.gov/Archives/edgar/data/2140539/000214053926000002/primary_doc.xml,totalAmountSold: 109999889; totalOfferingAmount: 109999889; dateOfFirstSale: 2026-05-18,0002140539,0002140539-26-000002,109999889,109999889,2026-05-18,Equity,17,"Taktile Holding, Inc.",High,Tier 2 source states $80M (https://www.ycombinator.com/companies/taktile); Form D figure kept.,2026-10-01T00:47:58Z
ready,Ready,Summer 2020,No evidence found,,,,,,,,,,,,,,,,,,Checked: no post-YC Form D matching the founders; no funding statement on website (1 pages) or YC page. LinkedIn/X/Crunchbase need a logged-in browser.,2026-10-01T00:48:15Z
socksoho,SockSoho,Summer 2020,No evidence found,,,,,,,,,,,,,,,,,,Checked: no post-YC Form D matching the founders; no funding statement on website (2 pages) or YC page. LinkedIn/X/Crunchbase need a logged-in browser.,2026-10-01T00:48:01Z
supabase,Supabase,Summer 2020,Yes,1172993039,Equity (per Form D; stage not stated),2020-10-09,,1,SEC Form D/A,https://www.sec.gov/Archives/edgar/data/1829334/000182933426000003/primary_doc.xml,totalAmountSold: 649999035; totalOfferingAmount: 649999035; dateOfFirstSale: 2026-05-13,0001829334,0001829334-26-000003,649999035,649999035,2026-05-13,Equity,29,"Supabase, Inc.",High,"7 post-YC Form D offerings summed: 0001829334-20-000002 $5005000 (2020-10-09), 0001805173-21-000002 $24899998 (2021-08-26), 0001829334-22-000001 $64999965 (2022-04-19), 0001829334-24-000003 $82699979 (2024-08-30), 0001829334-25-000003 $202289266 (2025-03-14), 0001829334-26-000001 $143099796 (2025-10-02), 0001829334-26-000003 $649999035 (2026-05-13) Tier 2 source states $500M (https://supabase.com/blog/supabase-series-f); Form D figure kept.",2026-10-01T00:48:10Z
carbonchain,CarbonChain,Summer 2020,Yes,12038996,Series A (Equity per Form D),2022-12-28,Union Square Ventures,1,SEC Form D,https://www.sec.gov/Archives/edgar/data/1985003/000198500323000002/primary_doc.xml,totalAmountSold: 12038996; totalOfferingAmount: 12038996; dateOfFirstSale: 2022-12-28,0001985003,0001985003-23-000002,12038996,12038996,2022-12-28,Equity,31,"CarbonChain, Inc.",High,,2026-10-01T00:48:21Z
arketa,Arketa,Summer 2020,Yes,18175000,Equity (per Form D; stage not stated),2025-03-24,,1,SEC Form D,https://www.sec.gov/Archives/edgar/data/2064563/000206481225000001/primary_doc.xml,totalAmountSold: 18175000; totalOfferingAmount: 18274996; dateOfFirstSale: 2025-03-24,0002064563,0002064812-25-000001,18175000,18274996,2025-03-24,Equity,8,"Sutra Fitness, Inc.",High,"Legal name differs from brand; matched on related person(s) Josh Archer, Rachel Lea Fishman, issuer in New York, NY. Tier 4 source states $7.6M (https://insider.fitt.co/arketa-raises-7-6m-to-grow-fitness-studios-beyond-classes/); Form D figure kept.",2026-10-01T00:48:05Z
henry,HENRY,Summer 2020,Yes,670000,SAFE (per Form D; stage not stated),2020-08-07,,1,SEC Form D,https://www.sec.gov/Archives/edgar/data/1825018/000182501820000001/primary_doc.xml,totalAmountSold: 670000; totalOfferingAmount: 1000000; dateOfFirstSale: 2020-08-07,0001825018,0001825018-20-000001,670000,1000000,2020-08-07,Other; Other: Simple Agreement for Future Equity (Safe),12,Henry Technologies Inc.,High,"Unverified Form D by same-named person: H Technologies Inc. 0001924721-22-000001 sold 10000000 (first sale 2022-04-04, Punta Del Este); likely a different person.",2026-10-01T00:48:20Z
laylo,Laylo,Summer 2020,Yes,5655000,Equity (per Form D; stage not stated),2021-05-28,,1,SEC Form D,https://www.sec.gov/Archives/edgar/data/1786814/000121390022043979/primary_doc.xml,totalAmountSold: 3255000; totalOfferingAmount: 5000000; dateOfFirstSale: 2022-07-20,0001786814,0001213900-22-043979,3255000,5000000,2022-07-20,Equity; SecurityToBeAcquired,10,"Laylo, Inc.",High,"2 post-YC Form D offerings summed: 0001213900-21-031211 $2400000 (2021-05-28), 0001213900-22-043979 $3255000 (2022-07-20) pre yc Form D 0001213900-19-016917: sold 1500000 first sale 2019-08-12",2026-10-01T00:48:10Z
orange-health-labs,Orange Health Labs,Summer 2020,Yes,34814975,Equity (per Form D; stage not stated),2021-10-01,,1,SEC Form D,https://www.sec.gov/Archives/edgar/data/1889670/000188967022000001/primary_doc.xml,totalAmountSold: 24999963; totalOfferingAmount: 24999963; dateOfFirstSale: 2022-05-13,0001889670,0001889670-22-000001,24999963,24999963,2022-05-13,Equity,15,"Orchard Healthcare, Inc.",High,"Legal name differs from brand; matched on related person(s) Dhruv Gupta, Tarun Bhambra, issuer in San Francisco, CA. 2 post-YC Form D offerings summed: 0001889670-21-000001 $9815012 (2021-10-01), 0001889670-22-000001 $24999963 (2022-05-13) Unverified Form D by same-named person: Axle Technologies, Inc. 0001934461-22-000002 sold 2560500 (first sale 2021-11-01, Boston); likely a different person. Tier 4 source states $12 million (https://economictimes.indiatimes.com/tech/funding/orange-health-labs-raises-12-million-from-amazon-smbhav-others/articleshow/116013843.cms?from=mdr); Form D figure kept.",2026-10-01T00:48:10Z
formal,Formal,Summer 2020,No evidence found,,,,,,,,,,,,,,,,,,Checked: no post-YC Form D matching the founders; no funding statement on website (3 pages) or YC page. LinkedIn/X/Crunchbase need a logged-in browser.,2026-10-01T00:48:06Z
awtomic,Awtomic,Summer 2020,No evidence found,,,,,,,,,,,,,,,,,,Checked: no post-YC Form D matching the founders; no funding statement on website (3 pages) or YC page. LinkedIn/X/Crunchbase need a logged-in browser.,2026-10-01T00:48:09Z
akiflow,Akiflow,Summer 2020,No evidence found,,,,,,,,,,,,,,,,,,Checked: no post-YC Form D matching the founders; no funding statement on website (6 pages) or YC page. LinkedIn/X/Crunchbase need a logged-in browser. National register for ES not checked.,2026-10-01T00:48:12Z
dataland,Dataland,Summer 2020,No evidence found,,,,,,,,,,,,,,,,,,Checked: no post-YC Form D matching the founders; no funding statement on website (2 pages) or YC page. LinkedIn/X/Crunchbase need a logged-in browser.,2026-10-01T00:48:13Z
panadata,PANADATA,Summer 2020,No evidence found,,,,,,,,,,,,,,,,,,Checked: no post-YC Form D matching the founders; no funding statement on website (2 pages) or YC page. LinkedIn/X/Crunchbase need a logged-in browser. National register for PA not checked.,2026-10-01T00:48:20Z
minimum,Minimum,Summer 2020,No evidence found,,,,,,,,,,,,,,,,,,Checked: no post-YC Form D matching the founders; no funding statement on website (2 pages) or YC page. LinkedIn/X/Crunchbase need a logged-in browser.,2026-10-01T00:48:19Z
farel,Farel,Summer 2020,No evidence found,,,,,,,,,,,,,,,,,,Checked: no post-YC Form D matching the founders; no funding statement on website (2 pages) or YC page. LinkedIn/X/Crunchbase need a logged-in browser.,2026-10-01T00:48:14Z
hotplate,Hotplate,Summer 2020,Yes,2852000,Equity (per Form D; stage not stated),2022-01-20,,1,SEC Form D,https://www.sec.gov/Archives/edgar/data/1909224/000190922422000001/primary_doc.xml,totalAmountSold: 2852000; totalOfferingAmount: 3003000; dateOfFirstSale: 2022-01-20,0001909224,0001909224-22-000001,2852000,3003000,2022-01-20,Equity,17,"Hotplate.com, Inc.",High,Form D clarification: The total offering amount and amount sold includes SAFEs and the securities issuable thereto.,2026-10-01T00:48:17Z
scrimba,Scrimba,Summer 2020,No evidence found,,,,,,,,,,,,,,,,,,Checked: no post-YC Form D matching the founders; no funding statement on website (3 pages) or YC page. LinkedIn/X/Crunchbase need a logged-in browser. National register for NO not checked.,2026-10-01T00:48:17Z
tyltgo,TyltGO,Summer 2020,No evidence found,,,,,,,,,,,,,,,,,,"Unverified Form D by same-named person: Tylt Technologies Inc. 0001847225-21-000001 sold 1729748 (first sale 2021-01-07, Kitchener); likely a different person. Unverified Form D by same-named person: Dos Hombres, LLC 0001940740-23-000001 sold 10921821 (first sale 2022-07-26, Los Angeles); likely a different person. Unverified Form D by same-named person: Ironworks America, LLC 0001981534-23-000001 sold 1500000 (first sale 2023-01-30, Pearl); likely a different person. Checked: no post-YC Form D matching the founders; no funding statement on website (0 pages) or YC page. LinkedIn/X/Crunchbase need a logged-in browser. National register for CA not checked.",2026-10-01T00:48:22Z
flint,Flint,Summer 2020,No evidence found,,,,,,,,,,,,,,,,,,Checked: no post-YC Form D matching the founders; no funding statement on website (3 pages) or YC page. LinkedIn/X/Crunchbase need a logged-in browser. National register for CA not checked.,2026-10-01T00:49:05Z
nephrogen,Nephrogen,Summer 2020,No evidence found,,,,,,,,,,,,,,,,,,Checked: no post-YC Form D matching the founders; no funding statement on website (1 pages) or YC page. LinkedIn/X/Crunchbase need a logged-in browser.,2026-10-01T00:48:16Z
liyfe,Liyfe,Summer 2020,No evidence found,,,,,,,,,,,,,,,,,,Checked: no post-YC Form D matching the founders; no funding statement on website (0 pages) or YC page. LinkedIn/X/Crunchbase need a logged-in browser.,2026-10-01T00:48:18Z
kingdom,Kingdom,Summer 2020,Yes,28397117,Equity (per Form D; stage not stated),2021-09-13,,1,SEC Form D,https://www.sec.gov/Archives/edgar/data/1841793/000184179321000004/primary_doc.xml,totalAmountSold: 28397117; totalOfferingAmount: 28397117; dateOfFirstSale: 2021-09-13,0001841793,0001841793-21-000004,28397117,28397117,2021-09-13,Equity,93,Imvela Corp.,High,"Legal name differs from brand; matched on related person(s) Kendall Dabaghi, Ravi Sheth, issuer in Brooklyn, NY.",2026-10-01T00:48:24Z
tella,Tella,Summer 2020,No evidence found,,,,,,,,,,,,,,,,,,Checked: no post-YC Form D matching the founders; no funding statement on website (4 pages) or YC page. LinkedIn/X/Crunchbase need a logged-in browser. National register for NL not checked.,2026-10-01T00:48:21Z
mozper,Mozper,Summer 2020,Yes,2817000,Equity (per Form D; stage not stated),2023-11-15,,1,SEC Form D/A,https://www.sec.gov/Archives/edgar/data/1812004/000195239424000002/primary_doc.xml,totalAmountSold: 1838000; totalOfferingAmount: 3000000; dateOfFirstSale: 2023-11-15,0001812004,0001952394-24-000002,1838000,3000000,2023-11-15,Equity; OptionToAcquire,14,Geltr Inc.,High,"Legal name differs from brand; matched on related person(s) Gabriel Roizner, Yael Israeli, issuer in Aventura, FL. 2 post-YC Form D offerings summed: 0001952394-24-000002 $1838000 (2023-11-15), 0001812004-24-000001 $979000 (2024-09-18) Unverified Form D by same-named person: Geltr Inc. 0001812004-20-000002 sold 3549998 (first sale 2020-11-16, Aventura); likely a different person.",2026-10-01T00:48:26Z
memberstack,Memberstack,Summer 2020,No evidence found,,,,,,,,,,,,,,,,,,Checked: no post-YC Form D matching the founders; no funding statement on website (5 pages) or YC page. LinkedIn/X/Crunchbase need a logged-in browser.,2026-10-01T00:48:22Z
mailwarm,Mailwarm,Summer 2020,No evidence found,,,,,,,,,,,,,,,,,,Checked: no post-YC Form D matching the founders; no funding statement on website (2 pages) or YC page. LinkedIn/X/Crunchbase need a logged-in browser. National register for AE not checked.,2026-10-01T00:48:22Z
notabene,Notabene,Summer 2020,Yes,23059944,Series B (Equity per Form D),2020-10-26,,1,SEC Form D,https://www.sec.gov/Archives/edgar/data/1880160/000188016026000003/primary_doc.xml,totalAmountSold: 11499968; totalOfferingAmount: 20000000; dateOfFirstSale: 2026-06-29,0001880160,0001880160-26-000003,11499968,20000000,2026-06-29,Equity,10,"Notabene, Inc.",High,"3 post-YC Form D offerings summed: 0001880160-21-000001 $2299999 (2020-10-26), 0001880160-21-000002 $9259977 (2021-08-12), 0001880160-26-000003 $11499968 (2026-06-29) Tier 4 source states $14.5M (https://www.coindesk.com/business/2024/11/12/crypto-anti-money-laundering-specialist-notabene-raises-145m/); Form D figure kept.",2026-10-01T00:48:27Z
decentro,Decentro,Summer 2020,No evidence found,,,,,,,,,,,,,,,,,,Checked: no post-YC Form D matching the founders; no funding statement on website (7 pages) or YC page. LinkedIn/X/Crunchbase need a logged-in browser. National register for IN not checked.,2026-10-01T00:48:24Z
bik,BIK,Summer 2020,Yes,12879552,Equity (per Form D; stage not stated),2021-08-11,,1,SEC Form D,https://www.sec.gov/Archives/edgar/data/1879268/000187926821000001/primary_doc.xml,totalAmountSold: 12879552; totalOfferingAmount: 12879552; dateOfFirstSale: 2021-08-11,0001879268,0001879268-21-000001,12879552,12879552,2021-08-11,Equity,14,"BIkayi, Inc.",High,,2026-10-01T00:48:26Z
wareiq,WareIQ,Summer 2020,No evidence found,,,,,,,,,,,,,,,,,,Checked: no post-YC Form D matching the founders; no funding statement on website (4 pages) or YC page. LinkedIn/X/Crunchbase need a logged-in browser. National register for IN not checked.,2026-10-01T00:48:26Z
nabla-bio,Nabla Bio,Summer 2020,No evidence found,,,,,,,,,,,,,,,,,,Checked: no post-YC Form D matching the founders; no funding statement on website (3 pages) or YC page. LinkedIn/X/Crunchbase need a logged-in browser.,2026-10-01T00:48:27Z
balance,Balance,Summer 2020,Yes,56000000,,,,2,Company website,https://www.getbalance.com/blog/,We’ve raised $56M to supercharge the digitalization of B2B trade.,,,,,,,,,High,Round date not stated on the source page; assumed post-YC because it is presented as current news. No matching post-YC Form D found.,2026-10-01T00:49:02Z
vitable-health,Vitable Health,Summer 2020,Yes,25000000,,,,2,Company website,https://www.vitablehealth.com/blogs/vitable-health-brings-primary-care-backed-ichra-to-ohio-small-businesses-as-new-400-tax-credit-takes-effect,"To date, Vitable Health has raised $25 million from top-tier investors, including First Round Capital, Y Combinator, Cherryrock Capital, Citi Bank’s Impact Fund, Commerce",,,,,,,,,High,Round date not stated on the source page; assumed post-YC because it is presented as current news. No matching post-YC Form D found.,2026-10-01T00:48:27Z
statiq,Statiq.,Summer 2020,No evidence found,,,,,,,,,,,,,,,,,,Checked: no post-YC Form D matching the founders; no funding statement on website (7 pages) or YC page. LinkedIn/X/Crunchbase need a logged-in browser. National register for IN not checked.,2026-10-01T00:48:31Z
nextera-robotics-didgeai,Nextera Robotics | DIDGE.ai,Summer 2020,Yes,9452306,Equity (per Form D; stage not stated),2026-08-03,,1,SEC Form D,https://www.sec.gov/Archives/edgar/data/2150474/000215047426000001/primary_doc.xml,totalAmountSold: 9452306; totalOfferingAmount: 9452306; dateOfFirstSale: 2026-08-03,0002150474,0002150474-26-000001,9452306,9452306,2026-08-03,Equity; Other; Other: Preferred Stock and the shares of Issuer capital stock into which the Preferred Stock may convert.,4,Didge NX Inc.,High,,2026-10-01T00:48:29Z
justo,Justo,Summer 2020,No evidence found,,,,,,,,,,,,,,,,,,Checked: no post-YC Form D matching the founders; no funding statement on website (2 pages) or YC page. LinkedIn/X/Crunchbase need a logged-in browser. National register for CL not checked.,2026-10-01T00:48:30Z
hellometer,Hellometer,Summer 2020,No evidence found,,,,,,,,,,,,,,,,,,Checked: no post-YC Form D matching the founders; no funding statement on website (3 pages) or YC page. LinkedIn/X/Crunchbase need a logged-in browser.,2026-10-01T00:48:32Z
stacker,Stacker,Summer 2020,Yes,20000000,,2021-08-18,,2,Company website,https://blog.stackerhq.com/p/f41934f3-5795-4e00-9eec-d69d3c52ee8d/,Stacker raises $20M from a16z to create the future of software,,,,,,,,,High,No matching post-YC Form D found.,2026-10-01T00:48:37Z
tappity,Tappity,Summer 2020,No evidence found,,,,,,,,,,,,,,,,,,Checked: no post-YC Form D matching the founders; no funding statement on website (10 pages) or YC page. LinkedIn/X/Crunchbase need a logged-in browser.,2026-10-01T00:48:30Z
yotta,Yotta,Summer 2020,Yes,17788635,Equity (per Form D; stage not stated),2020-12-22,,1,SEC Form D,https://www.sec.gov/Archives/edgar/data/1844164/000184416421000002/primary_doc.xml,totalAmountSold: 17788635; totalOfferingAmount: 17813634; dateOfFirstSale: 2020-12-22,0001844164,0001844164-21-000002,17788635,17813634,2020-12-22,Equity; Other; Other: Sale and issuance of Series A preferred stock and the underlying shares of Common Stock issuable upon the conversion thereof.,66,Yotta Technologies Inc.,High,,2026-10-01T00:48:37Z
mesh,Mesh,Summer 2020,Yes,13946824,Equity (per Form D; stage not stated),2021-03-03,,1,SEC Form D,https://www.sec.gov/Archives/edgar/data/1850740/000185074022000002/primary_doc.xml,totalAmountSold: 10645991; totalOfferingAmount: 10810000; dateOfFirstSale: 2022-03-05,0001850740,0001850740-22-000002,10645991,10810000,2022-03-05,Equity,8,"People Mesh, Inc.",High,"2 post-YC Form D offerings summed: 0001850740-21-000001 $3300833 (2021-03-03), 0001850740-22-000002 $10645991 (2022-03-05) Unverified Form D by same-named person: EcoSoul Home Inc. 0001907106-22-000001 sold 1262500 (first sale 2022-01-11, Sharon); likely a different person. Unverified Form D by same-named person: EcoSoul Home Inc. 0001907106-22-000002 sold 2975500 (first sale 2022-01-11, Sharon); likely a different person. Unverified Form D by same-named person: EcoSoul Home Inc. 0001907106-22-000004 sold 8950000 (first sale 2022-10-28, Bellevue); likely a different person. Tier 4 source states $11 million (https://economictimes.indiatimes.com/tech/funding/mesh-raises-11-million-funding-plans-to-expand-across-us-asia-pacific/articleshow/90823580.cms); Form D figure kept.",2026-10-01T00:49:01Z
daybreak-health,Daybreak Health,Summer 2020,Yes,13000000,,2023-08-08,,4,Press (linked from YC company page),https://bhbusiness.com/2023/08/08/daybreak-health-raises-13m-in-campaign-to-bring-free-school-based-mental-health-services-to-youth/,Daybreak Health Raises $13M In Campaign To Bring Free School-Based Mental Health Services to Youth - Behavioral Health Business,,,,,,,,,Medium,No matching post-YC Form D found.,2026-10-01T00:48:34Z
osmind,Osmind,Summer 2020,Yes,40000000,,,,2,Company website,https://www.osmind.org/news,Mental health record specialist Osmind raises $40 million.,,,,,,,,,High,Round date not stated on the source page; assumed post-YC because it is presented as current news. No matching post-YC Form D found.,2026-10-01T00:48:35Z
marketforce,MarketForce,Summer 2020,Yes,40000000,Series A,2022-02-21,,4,Press (linked from YC company page),https://techcrunch.com/2022/02/21/marketforce-raises-40-million-series-a-introduces-bnpl-merchant-stock-financing/,"MarketForce raises $40 million Series A, introduces BNPL merchant stock financing – TechCrunch",,,,,,,,,Medium,Other stated figure: $2M (https://techcrunch.com/2021/07/08/kenyas-marketforce-raises-2m-plans-to-focus-on-its-b2b-retail-marketplace-rejareja/?guccounter=1&guce_referrer=aHR0cHM6Ly93d3cuZ29vZ2xlLmNvbS8&guce_referrer_sig=AQAAAB-aq1_SIDxxgEbS3t58vwGDSZ3BuFTYBmtWkysdllPffnmsYFWJIcwM4bIfbkTfCe7Dhrbj6kBH2DPOxP7Lv_MHRL4vwOmeV1mNx-9FcIbxvLDuI8duW0VjQwWwD_GmiNfx-pkvFq6GuNsfOWRgU3NXFjJb2RXk5trR_Ak6P6l1). No matching post-YC Form D found.,2026-10-01T00:48:38Z
atomic,Atomic,Summer 2020,Yes,30000000,,2025-08-27,,2,Company website,https://www.atomicvest.com/news/atomic-raises-30-million-to-accelerate-global-expansion-of-its-embedded-investing-platform,Atomic Raises $30 Million to Accelerate Global Expansion of Its Embedded Investing Platform,,,,,,,,,High,No matching post-YC Form D found.,2026-10-01T00:49:08Z
bits,Bits,Summer 2020,No evidence found,,,,,,,,,,,,,,,,,,Checked: no post-YC Form D matching the founders; no funding statement on website (1 pages) or YC page. LinkedIn/X/Crunchbase need a logged-in browser.,2026-10-01T00:48:37Z
seal-2,Seal,Summer 2020,No evidence found,,,,,,,,,,,,,,,,,,Checked: no post-YC Form D matching the founders; no funding statement on website (2 pages) or YC page. LinkedIn/X/Crunchbase need a logged-in browser.,2026-10-01T00:48:44Z
doola,doola,Summer 2020,Yes,3000000,,2021-11-15,,4,Press (linked from YC company page),https://techcrunch.com/2021/11/15/doola-raises-3m-to-help-global-entrepreneurs-launch-an-llc-in-the-u-s/,Doola raises $3M to help global founders launch an LLC in the US – TechCrunch,,,,,,,,,Medium,No matching post-YC Form D found.,2026-10-01T00:48:40Z
blissway,Blissway,Summer 2020,No evidence found,,,,,,,,,,,,,,,,,,Checked: no post-YC Form D matching the founders; no funding statement on website (1 pages) or YC page. LinkedIn/X/Crunchbase need a logged-in browser.,2026-10-01T00:48:40Z
cradle,Cradle,Summer 2020,No evidence found,,,,,,,,,,,,,,,,,,Checked: no post-YC Form D matching the founders; no funding statement on website (0 pages) or YC page. LinkedIn/X/Crunchbase need a logged-in browser. National register for IN not checked.,2026-10-01T00:48:40Z
arist,Arist,Summer 2020,Yes,29336239,Equity (per Form D; stage not stated),2022-06-08,,1,SEC Form D,https://www.sec.gov/Archives/edgar/data/1934857/000193485722000001/primary_doc.xml,totalAmountSold: 15202507; totalOfferingAmount: 16332497; dateOfFirstSale: 2022-06-08,0001934857,0001934857-22-000001,15202507,16332497,2022-06-08,Equity,32,Arist Holdings Inc.,High,"2 post-YC Form D offerings summed: 0001934857-22-000001 $15202507 (2022-06-08), 0001934857-26-000003 $14133732 (2026-07-17) Unverified Form D by same-named person: Vide Beverages Inc. 0001835363-20-000001 sold 2762581 (first sale 2020-11-25, East Williston); likely a different person. Unverified Form D by same-named person: Vide Beverages Inc. 0001835363-22-000002 sold 5345344 (first sale 2022-10-07, East Williston); likely a different person.",2026-10-01T00:49:03Z
swif-ai,Swif.ai,Summer 2020,No evidence found,,,,,,,,,,,,,,,,,,Checked: no post-YC Form D matching the founders; no funding statement on website (4 pages) or YC page. LinkedIn/X/Crunchbase need a logged-in browser.,2026-10-01T00:48:43Z
speedscale,Speedscale,Summer 2020,Yes,9365735,Equity (per Form D; stage not stated),2020-10-14,,1,SEC Form D,https://www.sec.gov/Archives/edgar/data/1807698/000180769823000001/primary_doc.xml,totalAmountSold: 5579998; totalOfferingAmount: 5579998; dateOfFirstSale: 2022-12-30,0001807698,0001807698-23-000001,5579998,5579998,2022-12-30,Equity,9,Speedscale Inc.,High,"2 post-YC Form D offerings summed: 0001807698-20-000006 $3785737 (2020-10-14), 0001807698-23-000001 $5579998 (2022-12-30) pre yc Form D 0001807698-20-000004: sold 639998 first sale 2020-03-20",2026-10-01T00:48:50Z
corecare,CoreCare,Summer 2020,No evidence found,,,,,,,,,,,,,,,,,,Checked: no post-YC Form D matching the founders; no funding statement on website (5 pages) or YC page. LinkedIn/X/Crunchbase need a logged-in browser.,2026-10-01T00:48:44Z
kernal-biologics,Kernal Biologics,Summer 2020,Yes,20081970,Equity (per Form D; stage not stated),2022-02-10,,1,SEC Form D,https://www.sec.gov/Archives/edgar/data/1684728/000168472822000002/primary_doc.xml,totalAmountSold: 20081970; totalOfferingAmount: 25471668; dateOfFirstSale: 2022-02-10,0001684728,0001684728-22-000002,20081970,25471668,2022-02-10,Equity,53,"Kernal Biologics, Inc.",High,"Form D clarification: $10,471,689.25 of the offering was issued upon note conversions and conversions of SAFEs.",2026-10-01T00:48:49Z
farmako-healthcare,Farmako Healthcare,Summer 2020,Yes,1600000,,2024-08-12,,4,Press (linked from YC company page),https://yourstory.com/2024/08/y-combinator-e-pharmacy-farmako-funding-west-capital-bayhouse-capital,[YS Exclusive] Y Combinator-backed healthtech startup Farmako raises $1.6M for expansion | YourStory,,,,,,,,,Medium,No matching post-YC Form D found.,2026-10-01T00:48:46Z
bukuwarung,BukuWarung,Summer 2020,Yes,80000000,,,,2,YC company/launch page,https://www.ycombinator.com/companies/bukuwarung,"BukuWarung has raised $80M from top tier VCs globally: Peter Thiel's Valar Ventures, Goodwater Capital, Y-Combinator, Rocketship.vc, AC Ventures, Quona Capital, East Ventures, Golden",,,,,,,,,High,Round date not stated on the source page; assumed post-YC because it is presented as current news. No matching post-YC Form D found.,2026-10-01T00:49:04Z
synapticure,Synapticure,Summer 2020,Yes,40145500,Series A (Equity per Form D),2024-09-09,,1,SEC Form D,https://www.sec.gov/Archives/edgar/data/2038193/000203819324000002/primary_doc.xml,totalAmountSold: 40145500; totalOfferingAmount: 40145500; dateOfFirstSale: 2024-09-09,0002038193,0002038193-24-000002,40145500,40145500,2024-09-09,Equity,51,"Synapticure, Inc.",High,"Form D clarification: Includes shares of preferred stock issued pursuant to the cancellation of SAFE indebtedness in the amount of $16,645,500. Tier 2 source states $25 Million (https://www.synapticure.com/press); Form D figure kept.",2026-10-01T00:48:55Z
hypotenuse-ai,Hypotenuse AI,Summer 2020,No evidence found,,,,,,,,,,,,,,,,,,Checked: no post-YC Form D matching the founders; no funding statement on website (2 pages) or YC page. LinkedIn/X/Crunchbase need a logged-in browser.,2026-10-01T00:48:50Z
powerus,PowerUs,Summer 2020,No evidence found,,,,,,,,,,,,,,,,,,Checked: no post-YC Form D matching the founders; no funding statement on website (2 pages) or YC page. LinkedIn/X/Crunchbase need a logged-in browser. National register for DE not checked.,2026-10-01T00:48:56Z
pave-2,Pave,Summer 2020,Yes,160000000,,,,2,Company website,https://www.pave.com/company,"Pave has raised $160M in funding from leading venture capital firms, including Andreessen Horowitz, Bessemer Venture Partners, Craft Ventures, Index Ventures, Y Combinator, and",,,,,,,,,High,Round date not stated on the source page; assumed post-YC because it is presented as current news. No matching post-YC Form D found.,2026-10-01T00:48:59Z
jumpstart,Novel,Summer 2020,No evidence found,,,,,,,,,,,,,,,,,,Checked: no post-YC Form D matching the founders; no funding statement on website (0 pages) or YC page. LinkedIn/X/Crunchbase need a logged-in browser.,2026-10-01T00:49:11Z
explorex,Explorex,Summer 2020,Yes,4982099,Seed (Equity per Form D),2022-05-12,,1,SEC Form D,https://www.sec.gov/Archives/edgar/data/1928545/000192854522000001/primary_doc.xml,totalAmountSold: 4982099; totalOfferingAmount: 4982100; dateOfFirstSale: 2022-05-12,0001928545,0001928545-22-000001,4982099,4982100,2022-05-12,Equity,15,"Explorex Technologies, Inc.",High,,2026-10-01T00:48:57Z
volopay,Volopay,Summer 2020,No evidence found,,,,,,,,,,,,,,,,,,Checked: no post-YC Form D matching the founders; no funding statement on website (3 pages) or YC page. LinkedIn/X/Crunchbase need a logged-in browser. National register for IN not checked.,2026-10-01T00:49:00Z
venostent,VenoStent,Summer 2020,Yes,28820443,Seed (Equity per Form D),2020-05-26,,1,SEC Form D,https://www.sec.gov/Archives/edgar/data/1734734/000173473423000002/primary_doc.xml,totalAmountSold: 16062824; totalOfferingAmount: 21182882; dateOfFirstSale: 2023-07-05,0001734734,0001734734-23-000002,16062824,21182882,2023-07-05,Equity,60,"VenoStent, Inc.",High,"4 post-YC Form D offerings summed: 0001734734-20-000001 $515000 (2020-05-26), 0001734734-21-000001 $2242619 (2021-01-29), 0001734734-23-000002 $16062824 (2023-07-05), 0001734734-26-000003 $10000000 (2026-04-10) pre yc Form D 0001734734-19-000001: sold 263929 first sale 2019-06-25 Tier 2 source states $2.3 Million (https://www.venostent.com/press); Form D figure kept.",2026-10-01T00:49:07Z
safepay,Safepay,Summer 2020,No evidence found,,,,,,,,,,,,,,,,,,Checked: no post-YC Form D matching the founders; no funding statement on website (4 pages) or YC page. LinkedIn/X/Crunchbase need a logged-in browser.,2026-10-01T00:49:00Z
seam,Seam,Summer 2020,No evidence found,,,,,,,,,,,,,,,,,,Checked: no post-YC Form D matching the founders; no funding statement on website (6 pages) or YC page. LinkedIn/X/Crunchbase need a logged-in browser.,2026-10-01T00:49:07Z
conta-simples,Conta Simples,Summer 2020,Yes,,Series A,2021-12-16,,4,Press (linked from YC company page),https://labsnews.com/pt-br/artigos/negocios/deu-match-fundador-do-tinder-lidera-aporte-na-conta-simples/,Startup Conta Simples raises R$121.4 million in new Series A,,,,,,,,,Medium,"Manual review: R$121.4M is Brazilian reais (roughly $22M), not USD.",2026-10-01T00:49:08Z
questdb,QuestDB,Summer 2020,No evidence found,,,,,,,,,,,,,,,,,,Checked: no post-YC Form D matching the founders; no funding statement on website (9 pages) or YC page. LinkedIn/X/Crunchbase need a logged-in browser.,2026-10-01T00:49:08Z
ringmd,RingMD,Summer 2020,Yes,10000000,Series A,,,2,Company website,https://www.ring.md/about,$10 million in Series A financing at a valuation of US$85 million,,,,,,,,,High,Manual review: $85M was the valuation; the round was $10M.,2026-10-01T00:49:05Z
atob,AtoB,Summer 2020,Yes,130000000,,2024-09-19,,4,Press (linked from YC company page),https://www.pymnts.com/news/investment-tracker/2024/atob-raises-130-million-to-fuel-transportation-payments-services/,AtoB Raises $130 Million to Fuel Transportation Payments Services,,,,,,,,,Medium,No matching post-YC Form D found.,2026-10-01T00:49:05Z
dripos,Dripos,Summer 2020,Yes,11000000,Series A,2024-04-24,,4,Press (linked from YC company page),https://techcrunch.com/2024/04/24/coffee-shop-software-dripos-square-toast/,"Dripos raises $11M Series A to replace Square, Toast and 8 other pieces of software | TechCrunch",,,,,,,,,Medium,No matching post-YC Form D found.,2026-10-01T00:49:09Z
zitara-technologies-inc,"Zitara Technologies, Inc.",Summer 2020,Yes,14529998,Series A (Equity per Form D),2021-11-03,,1,SEC Form D,https://www.sec.gov/Archives/edgar/data/1795899/000179589921000001/primary_doc.xml,totalAmountSold: 14529998; totalOfferingAmount: 15715000; dateOfFirstSale: 2021-11-03,0001795899,0001795899-21-000001,14529998,15715000,2021-11-03,Equity,27,"Zitara Technologies, Inc.",High,pre yc Form D 0001795899-19-000001: sold 1900000 first sale 2019-11-25,2026-10-01T00:49:12Z
blue-onion,Blue Onion,Summer 2020,No evidence found,,,,,,,,,,,,,,,,,,Checked: no post-YC Form D matching the founders; no funding statement on website (10 pages) or YC page. LinkedIn/X/Crunchbase need a logged-in browser.,2026-10-01T00:49:10Z
hubble,Lightdash,Summer 2020,Yes,11000000,Series A,2024-10-08,Accel,2,Company website,https://www.lightdash.com/blogpost/lightdash-raises-series-a,Lightdash raises $11M Series A led by Accel · Lightning Posts,,,,,,,,,High,"Unverified Form D by same-named person: Telescope Technologies Inc. 0002042611-24-000001 sold 10354988 (first sale 2024-08-01, San Francisco); likely a different person. No matching post-YC Form D found.",2026-10-01T00:49:14Z
datafold,Datafold,Summer 2020,Yes,25090964,Equity (per Form D; stage not stated),2021-10-25,,1,SEC Form D,https://www.sec.gov/Archives/edgar/data/1891176/000189117621000001/primary_doc.xml,totalAmountSold: 21090978; totalOfferingAmount: 21090978; dateOfFirstSale: 2021-10-25,0001891176,0001891176-21-000001,21090978,21090978,2021-10-25,Equity,35,"Datafold, Inc.",High,"2 post-YC Form D offerings summed: 0001891176-21-000001 $21090978 (2021-10-25), 0001891176-25-000002 $3999986 (2025-05-13) Tier 2 source states $20M (https://www.datafold.com/about/); Form D figure kept.",2026-10-01T00:49:17Z
depict,Depict,Summer 2020,Yes,17000000,,,,2,Company website,https://depict.ai/about,Depict.ai raises $17M to give e-commerce sites Amazon-level product recommendation muscle.,,,,,,,,,High,"Unverified Form D by same-named person: Lovable Labs Inc 0002055162-25-000001 sold 20157542 (first sale 2025-01-30, Dover); likely a different person. Unverified Form D by same-named person: Lovable Labs Inc 0002055162-25-000002 sold 192741446 (first sale 2025-06-27, Dover); likely a different person. Unverified Form D by same-named person: Lovable Labs Inc 0002055162-25-000005 sold 425014960 (first sale 2025-12-11, Dover); likely a different person. Unverified Form D by same-named person: Lovable Labs Inc 0002055162-26-000001 sold 382498612 (first sale 2026-07-31, Boston); likely a different person. Round date not stated on the source page; assumed post-YC because it is presented as current news. No matching post-YC Form D found.",2026-10-01T00:49:17Z
infeedo-ai,inFeedo AI,Summer 2020,Yes,14334995,Equity (per Form D; stage not stated),2022-02-15,,1,SEC Form D,https://www.sec.gov/Archives/edgar/data/1913775/000191377522000001/primary_doc.xml,totalAmountSold: 14334995; totalOfferingAmount: 14424994; dateOfFirstSale: 2022-02-15,0001913775,0001913775-22-000001,14334995,14424994,2022-02-15,Equity,20,inFeedo Tech Inc.,High,"Unverified Form D by same-named person: Yoodli, Inc. 0001865148-21-000001 sold 135003 (first sale 2021-06-01, Seattle); likely a different person. Unverified Form D by same-named person: Yoodli, Inc. 0001865148-21-000002 sold 1000000 (first sale 2021-09-13, Seattle); likely a different person. Unverified Form D by same-named person: Yoodli, Inc. 0001865148-22-000001 sold 6654791 (first sale 2022-06-30, Seattle); likely a different person. Unverified Form D by same-named person: Yoodli, Inc. 0001865148-25-000002 sold 13699990 (first sale 2025-05-20, Seattle); likely a different person. Unverified Form D by same-named person: Yoodli, Inc. 0001865148-25-000004 sold 33999963 (first sale 2025-11-20, Seattle); likely a different person.",2026-10-01T00:49:21Z
supertokens,SuperTokens,Summer 2020,No evidence found,,,,,,,,,,,,,,,,,,Checked: no post-YC Form D matching the founders; no funding statement on website (10 pages) or YC page. LinkedIn/X/Crunchbase need a logged-in browser.,2026-10-01T00:49:11Z
roboflow,Roboflow,Summer 2020,Yes,60894695,Equity (per Form D; stage not stated),2020-12-28,,1,SEC Form D,https://www.sec.gov/Archives/edgar/data/1835468/000183546824000001/primary_doc.xml,totalAmountSold: 37489994; totalOfferingAmount: 39999993; dateOfFirstSale: 2024-08-09,0001835468,0001835468-24-000001,37489994,39999993,2024-08-09,Equity,15,"Roboflow, Inc.",High,"3 post-YC Form D offerings summed: 0001835468-21-000001 $2879984 (2020-12-28), 0001835468-21-000002 $20524717 (2021-08-31), 0001835468-24-000001 $37489994 (2024-08-09) Tier 2 source states $40 million (https://roboflow.com/press); Form D figure kept.",2026-10-01T00:49:17Z
jeeves,Jeeves,Summer 2020,Yes,380000000,,,,2,YC company/launch page,https://www.ycombinator.com/companies/jeeves,"Jeeves has raised $380 million from Andreessen Horowitz, CRV, GIC, Tencent, Silicon Valley Bank, Stanford University, and Y Combinator to fuel its international expansion.",,,,,,,,,High,Round date not stated on the source page; assumed post-YC because it is presented as current news. Other stated figure: $110M (https://www.tryjeeves.com/funding-110m). No matching post-YC Form D found.,2026-10-01T00:49:14Z
luminai,Luminai,Summer 2020,Yes,60000000,,,,2,YC company/launch page,https://www.ycombinator.com/companies/luminai,We’ve raised $60 million till date.,,,,,,,,,High,Round date not stated on the source page; assumed post-YC because it is presented as current news. No matching post-YC Form D found.,2026-10-01T00:49:14Z
increase,Increase,Summer 2020,No evidence found,,,,,,,,,,,,,,,,,,Checked: no post-YC Form D matching the founders; no funding statement on website (11 pages) or YC page. LinkedIn/X/Crunchbase need a logged-in browser.,2026-10-01T00:49:19Z
zip,Zip,Summer 2020,Yes,371000000,,,,4,Press (linked from YC company page),https://zip.com/about,"CRV, DST, Tiger Global, and Y Combinator, Zip has raised $371 million, most recently at a $2.2 billion valuation and has been recognized by",,,,,,,,,Medium,Round date not stated on the source page; assumed post-YC because it is presented as current news. No matching post-YC Form D found.,2026-10-01T00:49:28Z
ukama,Ukama,Summer 2020,No evidence found,,,,,,,,,,,,,,,,,,Checked: no post-YC Form D matching the founders; no funding statement on website (1 pages) or YC page. LinkedIn/X/Crunchbase need a logged-in browser.,2026-10-01T00:49:17Z
thndr,Thndr,Summer 2020,No evidence found,,,,,,,,,,,,,,,,,,Checked: no post-YC Form D matching the founders; no funding statement on website (3 pages) or YC page. LinkedIn/X/Crunchbase need a logged-in browser. National register for EG not checked.,2026-10-01T00:49:31Z
adyn,adyn,Summer 2020,Yes,2500000,Seed,,,2,Company website,https://adyn.com/press/,Creating A Safer Birth Control: adyn Raises $2.5M Seed.,,,,,,,,,High,Round date not stated on the source page; assumed post-YC because it is presented as current news. No matching post-YC Form D found.,2026-10-01T00:49:18Z
hannah-life-technologies,twoplus fertility,Summer 2020,Yes,5100000,,2022-05-10,,4,Press (linked from YC company page),https://www.techinasia.com/hannah-life-pre-series-a-funding,Y Combinator-backed SG fertility startup bags $5.1m funding,,,,,,,,,Medium,No matching post-YC Form D found.,2026-10-01T00:49:23Z
recurrency,Recurrency,Summer 2020,Yes,22000000,,2023-02-01,,2,Company website,https://www.recurrency.com/post/series-a,Recurrency raises $22 million to revolutionize ERP for distribution.,,,,,,,,,High,No matching post-YC Form D found.,2026-10-01T00:49:23Z
photoroom,Photoroom,Summer 2020,Yes,51465660,Equity (per Form D; stage not stated),2022-09-26,,1,SEC Form D,https://www.sec.gov/Archives/edgar/data/1954312/000195431224000001/primary_doc.xml,totalAmountSold: 34664892; totalOfferingAmount: 34999915; dateOfFirstSale: 2023-12-21,0001954312,0001954312-24-000001,34664892,34999915,2023-12-21,Equity,7,PhotoRoom Inc.,High,"2 post-YC Form D offerings summed: 0001954312-22-000002 $16800768 (2022-09-26), 0001954312-24-000001 $34664892 (2023-12-21) Tier 4 source states $19 million (https://techcrunch.com/2022/11/07/after-40-million-app-downloads-photoroom-raises-19-million/); Form D figure kept.",2026-10-01T00:49:24Z
response,Response,Summer 2020,Yes,4000000,Seed,,,2,Company website,https://www.tryresponse.com/blog/,Response raises $4M seed funding to help companies take control of indirect spend.,,,,,,,,,High,Round date not stated on the source page; assumed post-YC because it is presented as current news. No matching post-YC Form D found.,2026-10-01T00:49:30Z
salesform,Salesform,Summer 2020,No evidence found,,,,,,,,,,,,,,,,,,Checked: no post-YC Form D matching the founders; no funding statement on website (0 pages) or YC page. LinkedIn/X/Crunchbase need a logged-in browser.,2026-10-01T00:49:21Z
basedash,Basedash,Summer 2020,Yes,4400000,Seed,,Matrix,2,Company website,https://www.basedash.com/about,"2020 batch, and in May 2023 the company announced a $4.4 million seed round led by Matrix, with participation from Y Combinator, Form Capital,",,,,,,,,,High,Round date not stated on the source page; assumed post-YC because it is presented as current news. No matching post-YC Form D found.,2026-10-01T00:49:23Z
porter,Porter,Summer 2020,Yes,20000000,Series A,,,2,Company website,https://www.porter.run/blog/effortless-app-infrastructure-in-any-cloud-porters-20m-series-a,We’re excited to announce that Porter has raised a $20M Series A to provide effortless app infrastructure in any cloud provider.,,,,,,,,,High,Round date not stated on the source page; assumed post-YC because it is presented as current news. No matching post-YC Form D found.,2026-10-01T00:49:41Z
careerist,Careerist,Summer 2021,No evidence found,,,,,,,,,0001814514,,,,,,,Careerist Inc.,,"pre yc Form D 0001814514-21-000002: sold 1390000 first sale 2020-05-08 Unverified Form D by same-named person: NEXTBUYER, INC. 0002024445-24-000003 sold 50000 (first sale 2024-05-10, Saratoga); likely a different person. Checked: no post-YC Form D matching the founders; no funding statement on website (2 pages) or YC page. LinkedIn/X/Crunchbase need a logged-in browser.",2026-10-01T00:49:31Z
jabu,JABU,Summer 2021,Yes,15000000,,2022-05-25,Tiger Global,4,Press (linked from YC company page),https://techcrunch.com/2022/05/25/namibian-b2b-e-commerce-retail-platform-jabu-raises-15m-led-by-tiger-global/,Namibian B2B e-commerce retail platform JABU raises $15M led by Tiger Global – TechCrunch,,,,,,,,,Medium,No matching post-YC Form D found.,2026-10-01T00:49:27Z
revolve-surgical,Revolve Surgical,Summer 2021,No evidence found,,,,,,,,,,,,,,,,,,"Unverified Form D by same-named person: Benitec Biopharma Inc. 0001012975-24-000183 sold 40000018 (first sale 2024-04-22, Hayward); likely a different person. Checked: no post-YC Form D matching the founders; no funding statement on website (1 pages) or YC page. LinkedIn/X/Crunchbase need a logged-in browser. National register for CA not checked.",2026-10-01T00:49:36Z
liv-labs-inc,Liv Labs,Summer 2021,No evidence found,,,,,,,,,,,,,,,,,,Checked: no post-YC Form D matching the founders; no funding statement on website (2 pages) or YC page. LinkedIn/X/Crunchbase need a logged-in browser.,2026-10-01T00:49:29Z
mecho-autotech,Mecho Autotech,Summer 2021,Yes,2400000,,2023-09-14,,4,Press (linked from YC company page),https://techcrunch.com/2023/09/14/mecho-autotech-raises-2-4m-ventures-into-wholesale-spare-parts-distribution/,"Mecho Autotech raises $2.4M, ventures into wholesale spare parts distribution | TechCrunch",,,,,,,,,Medium,No matching post-YC Form D found.,2026-10-01T00:49:30Z
sully,Sully,Summer 2021,No evidence found,,,,,,,,,,,,,,,,,,"Unverified Form D by same-named person: Odiggo Inc. 0001996366-23-000002 sold 85000 (first sale 2023-02-01, Santa Clara); likely a different person. Unverified Form D by same-named person: Odiggo Inc. 0001996366-24-000001 sold 2347000 (first sale 2023-02-01, Santa Clara); likely a different person. Unverified Form D by same-named person: Odiggo Inc. 0001996366-25-000003 sold 21832120 (first sale 2025-01-09, Santa Clara); likely a different person. Unverified Form D by same-named person: Micro Interventional Devices, Inc. 0001957340-25-000002 sold 14036111 (first sale 2022-12-02, Newtown); likely a different person. Checked: no post-YC Form D matching the founders; no funding statement on website (3 pages) or YC page. LinkedIn/X/Crunchbase need a logged-in browser.",2026-10-01T00:49:38Z
beau,Beau,Summer 2021,No evidence found,,,,,,,,,,,,,,,,,,Checked: no post-YC Form D matching the founders; no funding statement on website (2 pages) or YC page. LinkedIn/X/Crunchbase need a logged-in browser. National register for ES not checked.,2026-10-01T00:49:36Z
toku,Toku,Summer 2021,Yes,9300000,Series A,2024-04-16,,4,Press (linked from YC company page),https://contxto.com/en/payments/toku-secures-9-3m-series-a-to-streamline-recurring-payment-collection-in-mexico/,Toku secures $9.3M Series A to streamline recurring payment collection in Mexico •,,,,,,,,,Medium,No matching post-YC Form D found.,2026-10-01T00:49:34Z
exa,Exa,Summer 2021,Yes,349442328,Series C (Equity per Form D),2024-05-13,,1,SEC Form D,https://www.sec.gov/Archives/edgar/data/2024864/000202486426000003/primary_doc.xml,totalAmountSold: 247488419; totalOfferingAmount: 247488419; dateOfFirstSale: 2026-05-15,0002024864,0002024864-26-000003,247488419,247488419,2026-05-15,Equity,38,Exa Labs Inc.,High,"3 post-YC Form D offerings summed: 0002024864-25-000001 $20586394 (2024-05-13), 0002024864-26-000002 $81367515 (2025-08-15), 0002024864-26-000003 $247488419 (2026-05-15) Unverified Form D by same-named person: Kepion Inc. 0002017885-24-000001 sold 1000 (first sale 2024-03-18, Seattle); likely a different person. Tier 2 source states $250M (https://exa.ai/blog); Form D figure kept.",2026-10-01T00:49:56Z
safer-management,Safer Management,Summer 2021,No evidence found,,,,,,,,,,,,,,,,,,Checked: no post-YC Form D matching the founders; no funding statement on website (0 pages) or YC page. LinkedIn/X/Crunchbase need a logged-in browser.,2026-10-01T00:49:33Z
chipax,Chipax,Summer 2021,No evidence found,,,,,,,,,,,,,,,,,,Checked: no post-YC Form D matching the founders; no funding statement on website (3 pages) or YC page. LinkedIn/X/Crunchbase need a logged-in browser. National register for CL not checked.,2026-10-01T00:49:39Z
amenli,Amenli,Summer 2021,Yes,2300000,,2021-10-05,,4,Press (linked from YC company page),https://techcrunch.com/2021/10/05/yc-backed-amenli-raises-2-3m-to-provide-insurance-to-egyptian-consumers/,YC-backed Amenli raises $2.3M to provide insurance to Egyptian consumers – TechCrunch,,,,,,,,,Medium,No matching post-YC Form D found.,2026-10-01T00:49:34Z
pide-directo,Pide Directo,Summer 2021,No evidence found,,,,,,,,,,,,,,,,,,Checked: no post-YC Form D matching the founders; no funding statement on website (1 pages) or YC page. LinkedIn/X/Crunchbase need a logged-in browser. National register for MX not checked.,2026-10-01T00:49:38Z
lightly,Lightly,Summer 2021,Yes,3000000,Seed,,,2,Company website,https://lightly.ai/news,Lightly Promises Faster Food For AI Models After $3 Million Seed Round..,,,,,,,,,High,Round date not stated on the source page; assumed post-YC because it is presented as current news. No matching post-YC Form D found.,2026-10-01T00:49:37Z
nash,Nash,Summer 2021,Yes,27800000,,,,4,Press (linked from YC company page),https://www.nash.ai/blog,"Nash raises $27.8M in total funding to power reliable, local delivery for businesses .",,,,,,,,,Medium,Round date not stated on the source page; assumed post-YC because it is presented as current news. No matching post-YC Form D found.,2026-10-01T00:49:46Z
equipt-health,Equipt Health,Summer 2021,No evidence found,,,,,,,,,,,,,,,,,,Checked: no post-YC Form D matching the founders; no funding statement on website (0 pages) or YC page. LinkedIn/X/Crunchbase need a logged-in browser.,2026-10-01T00:49:39Z
payflow,Payflow,Summer 2021,No evidence found,,,,,,,,,,,,,,,,,,"Pre-YC raise, not counted: €2M dated 2021-02-03 (https://elreferente.es/inversiones/fintech-payflow-amplia-400000-primera-ronda-inversion/). Checked: no post-YC Form D matching the founders; no funding statement on website (1 pages) or YC page. LinkedIn/X/Crunchbase need a logged-in browser. National register for ES not checked.",2026-10-01T00:49:41Z
charge-robotics,Charge Robotics,Summer 2021,Yes,16999997,Equity (per Form D; stage not stated),2024-07-17,,1,SEC Form D,https://www.sec.gov/Archives/edgar/data/2032579/000203257924000001/primary_doc.xml,totalAmountSold: 16999997; totalOfferingAmount: 16999997; dateOfFirstSale: 2024-07-17,0002032579,0002032579-24-000001,16999997,16999997,2024-07-17,Equity,7,Charge Robotics Inc.,High,,2026-10-01T00:49:41Z
ahazou,Ahazou,Summer 2021,No evidence found,,,,,,,,,,,,,,,,,,Checked: no post-YC Form D matching the founders; no funding statement on website (1 pages) or YC page. LinkedIn/X/Crunchbase need a logged-in browser. National register for BR not checked.,2026-10-01T00:49:41Z
titipku,Titipku,Summer 2021,No evidence found,,,,,,,,,,,,,,,,,,Checked: no post-YC Form D matching the founders; no funding statement on website (2 pages) or YC page. LinkedIn/X/Crunchbase need a logged-in browser. National register for ID not checked.,2026-10-01T00:49:42Z
heo-robotics,HEO Robotics,Summer 2021,No evidence found,,,,,,,,,,,,,,,,,,Checked: no post-YC Form D matching the founders; no funding statement on website (1 pages) or YC page. LinkedIn/X/Crunchbase need a logged-in browser. National register for AU not checked.,2026-10-01T00:49:42Z
turion-space,Turion Space,Summer 2021,Yes,11118933,Equity (per Form D; stage not stated),2021-08-16,,1,SEC Form D/A,https://www.sec.gov/Archives/edgar/data/1880581/000188058123000001/primary_doc.xml,totalAmountSold: 11118933; totalOfferingAmount: 12000000; dateOfFirstSale: 2021-08-16,0001880581,0001880581-23-000001,11118933,12000000,2021-08-16,Equity; OptionToAcquire; SecurityToBeAcquired,87,Turion Space Corp.,High,,2026-10-01T00:49:48Z
stepful,Stepful,Summer 2021,Yes,18490272,Equity (per Form D; stage not stated),2021-08-09,,1,SEC Form D,https://www.sec.gov/Archives/edgar/data/1882717/000188271723000001/primary_doc.xml,totalAmountSold: 11763608; totalOfferingAmount: 11763633; dateOfFirstSale: 2023-09-12,0001882717,0001882717-23-000001,11763608,11763633,2023-09-12,Equity,7,"Stepful, Inc.",High,"3 post-YC Form D offerings summed: 0001882717-21-000001 $1860000 (2021-08-09), 0001882717-22-000001 $4866664 (2022-06-24), 0001882717-23-000001 $11763608 (2023-09-12) Tier 4 source states $31.5M (https://techcrunch.com/2024/11/13/stepful-raises-31-5m-to-address-healthcare-staffing-shortage-with-ai-powered-training/); Form D figure kept.",2026-10-01T00:49:47Z
synder,Synder,Summer 2021,Yes,2000000,,2021-08-27,,4,Press (linked from YC company page),https://techcrunch.com/2021/08/27/accounting-platform-synder-raises-2m-to-automate-e-commerce-bookkeeping/,Accounting platform Synder raises $2M to automate e-commerce bookkeeping – TechCrunch,,,,,,,,,Medium,No matching post-YC Form D found.,2026-10-01T00:49:43Z
cafe,Café,Summer 2021,No evidence found,,,,,,,,,,,,,,,,,,Checked: no post-YC Form D matching the founders; no funding statement on website (5 pages) or YC page. LinkedIn/X/Crunchbase need a logged-in browser. National register for FR not checked.,2026-10-01T00:49:45Z
datlo,Datlo,Summer 2021,No evidence found,,,,,,,,,,,,,,,,,,Checked: no post-YC Form D matching the founders; no funding statement on website (2 pages) or YC page. LinkedIn/X/Crunchbase need a logged-in browser. National register for BR not checked.,2026-10-01T00:49:45Z
aviator,Aviator,Summer 2021,Yes,2300000,Seed,2022-05-23,,2,Company website,https://www.aviator.co/blog/announcing-our-2-3-million-seed-round,Announcing our $2.3 million seed round by Ankit Jain on Aviator,,,,,,,,,High,"Unverified Form D by same-named person: StepChange Inc. 0002006991-24-000001 sold 1000000 (first sale 2023-12-21, New York); likely a different person. Unverified Form D by same-named person: StepChange Inc. 0002006991-26-000003 sold 550000 (first sale 2026-01-26, Boston); likely a different person. No matching post-YC Form D found.",2026-10-01T00:50:19Z
vedabio,VedaBio,Summer 2021,No evidence found,,,,,,,,,,,,,,,,,,Checked: no post-YC Form D matching the founders; no funding statement on website (3 pages) or YC page. LinkedIn/X/Crunchbase need a logged-in browser.,2026-10-01T00:49:44Z
sitenna,Sitenna,Summer 2021,Yes,3000000,,2023-05-03,,4,Press (linked from YC company page),https://www.siliconrepublic.com/start-ups/sitenna-funding-telecoms-5g-us-atlanta-canada-expansion-limerick,Sitenna raises $3m to expand in the US and Canada,,,,,,,,,Medium,No matching post-YC Form D found.,2026-10-01T00:49:46Z
evidence,Evidence,Summer 2021,Yes,2100000,Seed,2023-09-14,,2,Company website,https://evidence.dev/blog/fundraise-and-cloud/,Announcing our $2.1M Seed Round and Evidence Cloud,,,,,,,,,High,No matching post-YC Form D found.,2026-10-01T00:49:57Z
luminate-medical,Luminate,Summer 2021,Yes,33155660,Equity (per Form D; stage not stated),2024-05-06,,1,SEC Form D,https://www.sec.gov/Archives/edgar/data/2022415/000202241525000004/primary_doc.xml,totalAmountSold: 17001662; totalOfferingAmount: 17500000; dateOfFirstSale: 2025-11-13,0002022415,0002022415-25-000004,17001662,17500000,2025-11-13,Equity,18,Luminate Medical Inc.,High,"3 post-YC Form D offerings summed: 0002022415-24-000002 $13653998 (2024-05-06), 0002022415-25-000001 $2500000 (2024-11-01), 0002022415-25-000004 $17001662 (2025-11-13) Tier 4 source states $5 Million (https://www.forbes.com/sites/igorbosilkovski/2022/05/30/exclusive-meet-the-irish-23-year-old-thiel-fellow-whose-startup-preventing-hair-loss-during-chemotherapy-just-raised-5-million/); Form D figure kept.",2026-10-01T00:50:03Z
medium-biosciences,Medium Biosciences,Summer 2021,No evidence found,,,,,,,,,,,,,,,,,,Checked: no post-YC Form D matching the founders; no funding statement on website (1 pages) or YC page. LinkedIn/X/Crunchbase need a logged-in browser.,2026-10-01T00:49:47Z
adravision,Adravision,Summer 2021,No evidence found,,,,,,,,,,,,,,,,,,Checked: no post-YC Form D matching the founders; no funding statement on website (0 pages) or YC page. LinkedIn/X/Crunchbase need a logged-in browser. National register for SG not checked.,2026-10-01T00:49:50Z
birdie,Birdie,Summer 2021,No evidence found,,,,,,,,,,,,,,,,,,Checked: no post-YC Form D matching the founders; no funding statement on website (1 pages) or YC page. LinkedIn/X/Crunchbase need a logged-in browser.,2026-10-01T00:49:57Z
sfa-therapeutics-inc,SFA Therapeutics,Summer 2021,No evidence found,,,,,,,,,,,,,,,,,,Checked: no post-YC Form D matching the founders; no funding statement on website (1 pages) or YC page. LinkedIn/X/Crunchbase need a logged-in browser.,2026-10-01T00:49:52Z
crew,Crew,Summer 2021,No evidence found,,,,,,,,,,,,,,,,,,Checked: no post-YC Form D matching the founders; no funding statement on website (10 pages) or YC page. LinkedIn/X/Crunchbase need a logged-in browser. National register for FR not checked.,2026-10-01T00:50:01Z
therify,Therify,Summer 2021,Yes,2210000,Seed (Equity per Form D),2023-08-10,,1,SEC Form D,https://www.sec.gov/Archives/edgar/data/1991625/000199162523000001/primary_doc.xml,totalAmountSold: 2010000; totalOfferingAmount: 2500000; dateOfFirstSale: 2023-08-10,0001991625,0001991625-23-000001,2010000,2500000,2023-08-10,Equity,2,"Therify, Inc.",High,"2 post-YC Form D offerings summed: 0001991625-23-000001 $2010000 (2023-08-10), 0001991625-25-000002 $200000 (2025-12-02) Unverified Form D by same-named person: Valuto, Inc. 0001873298-21-000003 sold 1377000 (first sale 2021-04-24, Lynn); likely a different person. Unverified Form D by same-named person: Complete Packaging RE Holdings, LLC 0002002208-23-000001 sold 1260000 (first sale 2023-11-15, Savage); likely a different person. Tier 4 source states $1.3M (https://techcrunch.com/2021/12/07/therify-hopes-to-build-a-more-diverse-and-inclusive-therapist-network-with-1-3m-seed-round/); Form D figure kept.",2026-10-01T00:50:09Z
phykos,Phykos,Summer 2021,No evidence found,,,,,,,,,,,,,,,,,,Checked: no post-YC Form D matching the founders; no funding statement on website (2 pages) or YC page. LinkedIn/X/Crunchbase need a logged-in browser.,2026-10-01T00:49:53Z
hirebolt,Hirebolt,Summer 2021,Yes,1500000,,,,2,YC company/launch page,https://www.ycombinator.com/companies/hirebolt,"To date, we’ve raised ~$1.5M from investors including Y Combinator, Entrepreneur First, world-class Venture Capital funds and industry leaders.",,,,,,,,,High,Round date not stated on the source page; assumed post-YC because it is presented as current news. No matching post-YC Form D found.,2026-10-01T00:49:54Z
plai,Plai,Summer 2021,No evidence found,,,,,,,,,,,,,,,,,,Checked: no post-YC Form D matching the founders; no funding statement on website (2 pages) or YC page. LinkedIn/X/Crunchbase need a logged-in browser.,2026-10-01T00:49:57Z
atlas,Atlas,Summer 2021,No evidence found,,,,,,,,,,,,,,,,,,Checked: no post-YC Form D matching the founders; no funding statement on website (1 pages) or YC page. LinkedIn/X/Crunchbase need a logged-in browser. National register for SG not checked.,2026-10-01T00:52:29Z
cellchorus,CellChorus,Summer 2021,No evidence found,,,,,,,,,,,,,,,,,,Checked: no post-YC Form D matching the founders; no funding statement on website (5 pages) or YC page. LinkedIn/X/Crunchbase need a logged-in browser.,2026-10-01T00:50:11Z
output,Output Biosciences,Summer 2021,No evidence found,,,,,,,,,,,,,,,,,,Checked: no post-YC Form D matching the founders; no funding statement on website (2 pages) or YC page. LinkedIn/X/Crunchbase need a logged-in browser.,2026-10-01T00:49:58Z
abatable,Abatable,Summer 2021,No evidence found,,,,,,,,,,,,,,,,,,Checked: no post-YC Form D matching the founders; no funding statement on website (4 pages) or YC page. LinkedIn/X/Crunchbase need a logged-in browser.,2026-10-01T00:50:09Z
contraforce,ContraForce,Summer 2021,Yes,2000000,,2021-12-22,,4,Press (linked from YC company page),https://www.msspalert.com/investments/no-code-security-automation-company-contraforce-raises-2-million/,No-Code Security Automation Funding: ContraForce Raises $2 Million - MSSP Alert,,,,,,,,,Medium,No matching post-YC Form D found.,2026-10-01T00:50:00Z
storylane,Storylane,Summer 2021,No evidence found,,,,,,,,,,,,,,,,,,Checked: no post-YC Form D matching the founders; no funding statement on website (3 pages) or YC page. LinkedIn/X/Crunchbase need a logged-in browser.,2026-10-01T00:50:03Z
strideq,StrideQ,Summer 2021,No evidence found,,,,,,,,,,,,,,,,,,"Unverified Form D by same-named person: SliceQ Inc. 0001886845-21-000001 sold 35000 (first sale 2021-09-27, Milpitas); likely a different person. Checked: no post-YC Form D matching the founders; no funding statement on website (3 pages) or YC page. LinkedIn/X/Crunchbase need a logged-in browser.",2026-10-01T00:51:45Z
sensible-biotechnologies,Sensible Biotechnologies,Summer 2021,Yes,15347941,Equity (per Form D; stage not stated),2023-02-06,,1,SEC Form D,https://www.sec.gov/Archives/edgar/data/1964363/000196436326000003/primary_doc.xml,totalAmountSold: 13518941; totalOfferingAmount: 15000000; dateOfFirstSale: 2026-08-17,0001964363,0001964363-26-000003,13518941,15000000,2026-08-17,Equity,15,"Sensible Biotechnologies, Inc.",High,"2 post-YC Form D offerings summed: 0001964363-23-000001 $1829000 (2023-02-06), 0001964363-26-000003 $13518941 (2026-08-17)",2026-10-01T00:50:08Z
orderli,Orderli,Summer 2021,No evidence found,,,,,,,,,,,,,,,,,,Checked: no post-YC Form D matching the founders; no funding statement on website (2 pages) or YC page. LinkedIn/X/Crunchbase need a logged-in browser. National register for NL not checked.,2026-10-01T00:50:09Z
suplias,Suplias,Summer 2021,No evidence found,,,,,,,,,,,,,,,,,,Checked: no post-YC Form D matching the founders; no funding statement on website (1 pages) or YC page. LinkedIn/X/Crunchbase need a logged-in browser. National register for NG not checked.,2026-10-01T00:50:16Z
abhi,Abhi,Summer 2021,No evidence found,,,,,,,,,,,,,,,,,,Checked: no post-YC Form D matching the founders; no funding statement on website (2 pages) or YC page. LinkedIn/X/Crunchbase need a logged-in browser. National register for PK not checked.,2026-10-01T00:50:14Z
pandai,Pandai,Summer 2021,No evidence found,,,,,,,,,,,,,,,,,,Checked: no post-YC Form D matching the founders; no funding statement on website (0 pages) or YC page. LinkedIn/X/Crunchbase need a logged-in browser. National register for MY not checked.,2026-10-01T00:50:14Z
idemeum,idemeum,Summer 2021,No evidence found,,,,,,,,,,,,,,,,,,Checked: no post-YC Form D matching the founders; no funding statement on website (4 pages) or YC page. LinkedIn/X/Crunchbase need a logged-in browser.,2026-10-01T00:50:12Z
shape,Shape,Summer 2021,No evidence found,,,,,,,,,,,,,,,,,,Checked: no post-YC Form D matching the founders; no funding statement on website (1 pages) or YC page. LinkedIn/X/Crunchbase need a logged-in browser.,2026-10-01T00:50:20Z
baubap,Baubap,Summer 2021,No evidence found,,,,,,,,,,,,,,,,,,Checked: no post-YC Form D matching the founders; no funding statement on website (1 pages) or YC page. LinkedIn/X/Crunchbase need a logged-in browser. National register for MX not checked.,2026-10-01T00:50:17Z
novatr,Novatr,Summer 2021,No evidence found,,,,,,,,,,,,,,,,,,Checked: no post-YC Form D matching the founders; no funding statement on website (2 pages) or YC page. LinkedIn/X/Crunchbase need a logged-in browser. National register for IN not checked.,2026-10-01T00:50:27Z
malga,Malga,Summer 2021,Yes,2700000,,2021-11-17,,4,Press (linked from YC company page),https://techcrunch.com/2021/11/17/plug-raises-2-7m-to-make-payment-acceptance-in-brazil-less-terrible/,Plug raises $2.7M to make payment acceptance in Brazil less terrible – TechCrunch,,,,,,,,,Medium,No matching post-YC Form D found.,2026-10-01T00:50:17Z
tuli-health,Tuli Health,Summer 2021,No evidence found,,,,,,,,,,,,,,,,,,Checked: no post-YC Form D matching the founders; no funding statement on website (1 pages) or YC page. LinkedIn/X/Crunchbase need a logged-in browser.,2026-10-01T00:50:18Z
stownest,Stownest,Summer 2021,No evidence found,,,,,,,,,,,,,,,,,,Checked: no post-YC Form D matching the founders; no funding statement on website (2 pages) or YC page. LinkedIn/X/Crunchbase need a logged-in browser. National register for IN not checked.,2026-10-01T00:50:23Z
filadd,Filadd,Summer 2021,No evidence found,,,,,,,,,,,,,,,,,,Checked: no post-YC Form D matching the founders; no funding statement on website (1 pages) or YC page. LinkedIn/X/Crunchbase need a logged-in browser. National register for AR not checked.,2026-10-01T00:50:26Z
kiwi-biosciences,Kiwi Biosciences,Summer 2021,No evidence found,,,,,,,,,,,,,,,,,,Checked: no post-YC Form D matching the founders; no funding statement on website (2 pages) or YC page. LinkedIn/X/Crunchbase need a logged-in browser.,2026-10-01T00:50:29Z
luable,Luable,Summer 2021,No evidence found,,,,,,,,,,,,,,,,,,Checked: no post-YC Form D matching the founders; no funding statement on website (2 pages) or YC page. LinkedIn/X/Crunchbase need a logged-in browser. National register for CO not checked.,2026-10-01T00:50:21Z
caire-health,Caire Health,Summer 2021,No evidence found,,,,,,,,,,,,,,,,,,Checked: no post-YC Form D matching the founders; no funding statement on website (2 pages) or YC page. LinkedIn/X/Crunchbase need a logged-in browser.,2026-10-01T00:50:25Z
vibe-kanban,Vibe Kanban,Summer 2021,Yes,7307994,Equity (per Form D; stage not stated),2021-11-30,,1,SEC Form D,https://www.sec.gov/Archives/edgar/data/1898801/000189880121000001/primary_doc.xml,totalAmountSold: 7307994; totalOfferingAmount: 7307994; dateOfFirstSale: 2021-11-30,0001898801,0001898801-21-000001,7307994,7307994,2021-11-30,Equity,39,"BLOOP AI, INC.",High,"Legal name differs from brand; matched on related person(s) Gabriel Gordon-Hall, Louis Knight-Webb, issuer in London, X0. Form D clarification: Total sold amount includes $1,195,000.00 in convertible securities.",2026-10-01T00:50:24Z
infer,Infer,Summer 2021,Unclear,,,2021-08-24,,4,Press (linked from YC company page),https://yourstory.com/2021/08/synth-raises-funds-y-combinator/amp,"[Funding alert] AI startup Synth raises $125,000 from Y-Combinator",,,,,,,,,Low,"Manual review: press says Synth (Infer's former name) raised $125,000 from Y Combinator, which is YC's standard deal for the batch, not a post-YC round.",2026-10-01T00:50:32Z
pylon,Pylon,Summer 2021,Yes,19000000,Seed,2022-04-12,,4,Press (linked from YC company page),https://disrupt-africa.com/2022/04/13/yc-based-egyptian-infrastructure-management-startup-pylon-banks-19m-seed-funding-round/?utm_source=rss&utm_medium=rss&utm_campaign=yc-based-egyptian-infrastructure-management-startup-pylon-banks-19m-seed-funding-round,YC-based Egyptian infrastructure management startup Pylon banks $19m seed funding round - Disrupt Africa,,,,,,,,,Medium,No matching post-YC Form D found.,2026-10-01T00:50:29Z
resident-boost,Zuma,Summer 2021,Yes,7383797,Seed (Equity per Form D),2021-11-08,Andreessen Horowitz,1,SEC Form D,https://www.sec.gov/Archives/edgar/data/1895176/000189517621000001/primary_doc.xml,totalAmountSold: 7383797; totalOfferingAmount: 7383797; dateOfFirstSale: 2021-11-08,0001895176,0001895176-21-000001,7383797,7383797,2021-11-08,Equity,33,"Resident Boost, Inc.",High,"Legal name differs from brand; matched on related person(s) Kendrick Bradley, Shiv Gettu, issuer in San Francisco, CA.",2026-10-01T00:50:29Z
humane-genomics,Humane Genomics,Summer 2021,No evidence found,,,,,,,,,,,,,,,,,,Checked: no post-YC Form D matching the founders; no funding statement on website (13 pages) or YC page. LinkedIn/X/Crunchbase need a logged-in browser.,2026-10-01T00:50:29Z
female-invest,Female Invest,Summer 2021,Yes,15751088,Equity (per Form D; stage not stated),2024-07-15,,1,SEC Form D,https://www.sec.gov/Archives/edgar/data/2031731/000203173124000001/primary_doc.xml,totalAmountSold: 15751088; totalOfferingAmount: 20501081; dateOfFirstSale: 2024-07-15,0002031731,0002031731-24-000001,15751088,20501081,2024-07-15,Equity; OptionToAcquire,21,Female Invest Inc.,High,Tier 4 source states $11.2m (https://www.businessinsider.com/fintech-startup-female-invest-raises-equity-plots-us-growth-2024-7); Form D figure kept.,2026-10-01T00:50:31Z
ferveret-inc,Ferveret,Summer 2021,No evidence found,,,,,,,,,,,,,,,,,,Checked: no post-YC Form D matching the founders; no funding statement on website (1 pages) or YC page. LinkedIn/X/Crunchbase need a logged-in browser.,2026-10-01T00:50:32Z
filta,Filta,Summer 2021,No evidence found,,,,,,,,,,,,,,,,,,Checked: no post-YC Form D matching the founders; no funding statement on website (0 pages) or YC page. LinkedIn/X/Crunchbase need a logged-in browser.,2026-10-01T00:50:33Z
siglo,Siglo,Summer 2021,No evidence found,,,,,,,,,,,,,,,,,,Checked: no post-YC Form D matching the founders; no funding statement on website (1 pages) or YC page. LinkedIn/X/Crunchbase need a logged-in browser. National register for MX not checked.,2026-10-01T00:50:37Z
waterplan,Waterplan,Summer 2021,Yes,18793110,Equity (per Form D; stage not stated),2023-04-14,,1,SEC Form D,https://www.sec.gov/Archives/edgar/data/1926611/000192661123000001/primary_doc.xml,totalAmountSold: 18793110; totalOfferingAmount: 18793110; dateOfFirstSale: 2023-04-14,0001926611,0001926611-23-000001,18793110,18793110,2023-04-14,Equity,48,Climateplan Inc.,High,"Legal name differs from brand; matched on related person(s) Jose Ignacio Galindo, Nicolas Wertheimer, issuer in San Francisco, CA. pre yc Form D 0001926611-22-000001: sold 7389768 first sale 2021-03-15 Tier 2 source states $11M (https://www.waterplan.com/); Form D figure kept.",2026-10-01T00:50:35Z
buoyant-aero,Buoyant Aero,Summer 2021,No evidence found,,,,,,,,,,,,,,,,,,Checked: no post-YC Form D matching the founders; no funding statement on website (2 pages) or YC page. LinkedIn/X/Crunchbase need a logged-in browser.,2026-10-01T00:50:31Z
hudson-labs,Hudson Labs (formerly Bedrock AI),Summer 2021,No evidence found,,,,,,,,,,,,,,,,,,Checked: no post-YC Form D matching the founders; no funding statement on website (11 pages) or YC page. LinkedIn/X/Crunchbase need a logged-in browser. National register for CA not checked.,2026-10-01T00:50:31Z
nomod,Nomod,Summer 2021,Yes,3400000,Seed,2021-11-15,,4,Press (linked from YC company page),https://techcrunch.com/2021/11/15/nomod-raises-3-4m-seed-to-allow-merchants-accept-payments-without-hardware/?tpcc=tcplustwitter,Nomod raises $3.4M seed to allow merchants accept payments without hardware – TechCrunch,,,,,,,,,Medium,No matching post-YC Form D found.,2026-10-01T00:50:34Z
genuity,Genuity,Summer 2021,No evidence found,,,,,,,,,,,,,,,,,,Checked: no post-YC Form D matching the founders; no funding statement on website (2 pages) or YC page. LinkedIn/X/Crunchbase need a logged-in browser.,2026-10-01T00:50:42Z
genomelink,Genomelink,Summer 2021,No evidence found,,,,,,,,,,,,,,,,,,Checked: no post-YC Form D matching the founders; no funding statement on website (4 pages) or YC page. LinkedIn/X/Crunchbase need a logged-in browser.,2026-10-01T00:50:35Z
telmai,Telmai,Summer 2021,Yes,8461497,Seed (Equity per Form D),2023-05-02,,1,SEC Form D,https://www.sec.gov/Archives/edgar/data/1977425/000197742523000001/primary_doc.xml,totalAmountSold: 8461497; totalOfferingAmount: 8461497; dateOfFirstSale: 2023-05-02,0001977425,0001977425-23-000001,8461497,8461497,2023-05-02,Equity,13,"Telmai, Inc.",High,Tier 2 source states $5.5 million (https://www.telm.ai/blog/announcements/); Form D figure kept.,2026-10-01T00:50:38Z
infina,Infina,Summer 2021,Yes,6000000,Seed,2022-02-07,,4,Press (linked from YC company page),https://techcrunch.com/2022/02/07/vietnam-focused-investment-app-infina-boosts-its-seed-round-to-6m/,Vietnam-focused investment app Infina boosts its seed round to $6M – TechCrunch,,,,,,,,,Medium,Other stated figure: $2M (https://techcrunch.com/2021/06/27/vietnamese-investment-app-infina-lands-2m-seed-round/). No matching post-YC Form D found.,2026-10-01T00:50:34Z
adni,Adni,Summer 2021,No evidence found,,,,,,,,,,,,,,,,,,Checked: no post-YC Form D matching the founders; no funding statement on website (13 pages) or YC page. LinkedIn/X/Crunchbase need a logged-in browser.,2026-10-01T00:50:36Z
pillar,Pillar,Summer 2021,No evidence found,,,,,,,,,,,,,,,,,,Checked: no post-YC Form D matching the founders; no funding statement on website (1 pages) or YC page. LinkedIn/X/Crunchbase need a logged-in browser.,2026-10-01T00:51:20Z
tenyks,Tenyks,Summer 2021,Yes,3400000,,,,2,Company website,https://www.tenyks.ai/news,YC MLOps startup Tenyks raises $3.4M to protect the world from the AI terminator .,,,,,,,,,High,Round date not stated on the source page; assumed post-YC because it is presented as current news. No matching post-YC Form D found.,2026-10-01T00:50:37Z
chari,Chari,Summer 2021,No evidence found,,,,,,,,,,,,,,,,,,Checked: no post-YC Form D matching the founders; no funding statement on website (4 pages) or YC page. LinkedIn/X/Crunchbase need a logged-in browser. National register for MA not checked.,2026-10-01T00:50:40Z
noloco,Noloco,Summer 2021,Yes,3970001,Seed (Equity per Form D),2024-08-13,,1,SEC Form D,https://www.sec.gov/Archives/edgar/data/2035643/000089271224000109/primary_doc.xml,totalAmountSold: 3970001; totalOfferingAmount: 4000000; dateOfFirstSale: 2024-08-13,0002035643,0000892712-24-000109,3970001,4000000,2024-08-13,Equity,7,"NOLOCO, INC.",High,Tier 4 source states $1.4m (https://www.siliconrepublic.com/start-ups/noloco-funding); Form D figure kept.,2026-10-01T00:50:38Z
litnerd,Litnerd,Summer 2021,No evidence found,,,,,,,,,,,,,,,,,,Checked: no post-YC Form D matching the founders; no funding statement on website (0 pages) or YC page. LinkedIn/X/Crunchbase need a logged-in browser.,2026-10-01T00:50:39Z
dots-2,Dots 💸,Summer 2021,No evidence found,,,,,,,,,,,,,,,,,,Checked: no post-YC Form D matching the founders; no funding statement on website (9 pages) or YC page. LinkedIn/X/Crunchbase need a logged-in browser.,2026-10-01T00:50:41Z
rmfg,RMFG,Summer 2021,No evidence found,,,,,,,,,,,,,,,,,,Checked: no post-YC Form D matching the founders; no funding statement on website (2 pages) or YC page. LinkedIn/X/Crunchbase need a logged-in browser.,2026-10-01T00:50:40Z
mach9,Mach9,Summer 2021,Yes,14409828,Equity (per Form D; stage not stated),2024-07-03,Quiet Capital,1,SEC Form D,https://www.sec.gov/Archives/edgar/data/2031248/000203124824000001/primary_doc.xml,totalAmountSold: 14409828; totalOfferingAmount: 15044818; dateOfFirstSale: 2024-07-03,0002031248,0002031248-24-000001,14409828,15044818,2024-07-03,Equity,45,Mach9 Robotics Inc.,High,,2026-10-01T00:50:43Z
examedi,Examedi,Summer 2021,Yes,22499000,Equity (per Form D; stage not stated),2022-05-11,,1,SEC Form D,https://www.sec.gov/Archives/edgar/data/1937324/000193732422000001/primary_doc.xml,totalAmountSold: 22499000; totalOfferingAmount: 22499000; dateOfFirstSale: 2022-05-11,0001937324,0001937324-22-000001,22499000,22499000,2022-05-11,Equity,41,Examedi Holdings Ltd,High,"Form D clarification: The total offering amount and the total amount sold include the conversion of $3,498,785 of outstanding convertible securities.",2026-10-01T00:50:44Z
ancana,Ancana,Summer 2021,No evidence found,,,,,,,,,0002044161,,,,,,,"Ancana Vail Fund 1, LLC",,unsold Form D 0002044161-24-000001: sold 0 first sale yetToOccur Checked: no post-YC Form D matching the founders; no funding statement on website (7 pages) or YC page. LinkedIn/X/Crunchbase need a logged-in browser. National register for MX not checked.,2026-10-01T00:50:54Z
bolster,Bolster,Summer 2021,No evidence found,,,,,,,,,,,,,,,,,,Checked: no post-YC Form D matching the founders; no funding statement on website (2 pages) or YC page. LinkedIn/X/Crunchbase need a logged-in browser. National register for CA not checked.,2026-10-01T00:50:49Z
floatpays-inc,Floatpays Inc,Summer 2021,Yes,4000000,Seed,2022-01-25,,4,Press (linked from YC company page),https://www.bizcommunity.com/Article/196/839/224376.html,Floatpays secures $4m seed funding round,,,,,,,,,Medium,No matching post-YC Form D found.,2026-10-01T00:50:43Z
hitpay,HitPay,Summer 2021,No evidence found,,,,,,,,,,,,,,,,,,Checked: no post-YC Form D matching the founders; no funding statement on website (4 pages) or YC page. LinkedIn/X/Crunchbase need a logged-in browser. National register for SG not checked.,2026-10-01T00:50:46Z
coast,Coast,Summer 2021,No evidence found,,,,,,,,,,,,,,,,,,Checked: no post-YC Form D matching the founders; no funding statement on website (3 pages) or YC page. LinkedIn/X/Crunchbase need a logged-in browser.,2026-10-01T00:51:16Z
transastra-corporation,TransAstra Corporation,Summer 2021,No evidence found,,,,,,,,,,,,,,,,,,"Unverified Form D by same-named person: Trans Astronautica Corp 0001876504-21-000002 sold 3124992 (first sale 2021-07-14, Lake View Terrace); likely a different person. Unverified Form D by same-named person: Weatherwave Space, Inc. 0002142221-26-000001 sold 35000 (first sale 2026-07-11, Bear); likely a different person. Checked: no post-YC Form D matching the founders; no funding statement on website (10 pages) or YC page. LinkedIn/X/Crunchbase need a logged-in browser.",2026-10-01T00:50:47Z
float,Float,Summer 2021,No evidence found,,,,,,,,,,,,,,,,,,Checked: no post-YC Form D matching the founders; no funding statement on website (10 pages) or YC page. LinkedIn/X/Crunchbase need a logged-in browser.,2026-10-01T00:50:52Z
the-breakaway,The Breakaway,Summer 2021,Yes,2900000,,2022-02-03,,4,Press (linked from YC company page),https://www.endurancesportswire.com/connected-training-app-the-breakaway-raises-2-9m-to-help-athletes-push-their-limits/,Connected Training App The Breakaway Raises $2.9M To Help Athletes Push Their Limits,,,,,,,,,Medium,No matching post-YC Form D found.,2026-10-01T00:50:48Z
matrubials-inc,Matrubials,Summer 2021,No evidence found,,,,,,,,,,,,,,,,,,"Unverified Form D by same-named person: BCD Bioscience, Inc. 0001813229-22-000002 sold 11598050 (first sale 2022-02-24, Davis); likely a different person. Checked: no post-YC Form D matching the founders; no funding statement on website (1 pages) or YC page. LinkedIn/X/Crunchbase need a logged-in browser.",2026-10-01T00:51:03Z
writesonic,Writesonic,Summer 2021,No evidence found,,,,,,,,,,,,,,,,,,Checked: no post-YC Form D matching the founders; no funding statement on website (4 pages) or YC page. LinkedIn/X/Crunchbase need a logged-in browser. National register for IN not checked.,2026-10-01T00:50:50Z
akute-health,Akute Health,Summer 2021,No evidence found,,,,,,,,,,,,,,,,,,Checked: no post-YC Form D matching the founders; no funding statement on website (4 pages) or YC page. LinkedIn/X/Crunchbase need a logged-in browser.,2026-10-01T00:50:49Z
sirka,Sirka,Summer 2021,No evidence found,,,,,,,,,,,,,,,,,,Checked: no post-YC Form D matching the founders; no funding statement on website (3 pages) or YC page. LinkedIn/X/Crunchbase need a logged-in browser. National register for ID not checked.,2026-10-01T00:50:52Z
meticulous,Meticulous,Summer 2021,Yes,15000000,,,,2,Company website,https://www.meticulous.ai/blog,Meticulous raises $15m to accelerate the pace of software development To ship at AI speed you need exhaustive tests: Meticulous makes that possible..,,,,,,,,,High,Round date not stated on the source page; assumed post-YC because it is presented as current news. No matching post-YC Form D found.,2026-10-01T00:50:52Z
spark-studio,Spark Studio,Summer 2021,No evidence found,,,,,,,,,,,,,,,,,,Checked: no post-YC Form D matching the founders; no funding statement on website (3 pages) or YC page. LinkedIn/X/Crunchbase need a logged-in browser. National register for IN not checked.,2026-10-01T00:50:55Z
adaptyv,Adaptyv,Summer 2021,Yes,40000000,Series A,,Highland Europe,2,Company website,https://www.adaptyvbio.com/blog,"We’ve raised a $40M Series A to build the biological “gigafactory” , led by Highland Europe with existing investors Ace Ventures, ByFounders and Y",,,,,,,,,High,Round date not stated on the source page; assumed post-YC because it is presented as current news. No matching post-YC Form D found.,2026-10-01T00:50:56Z
endla,Endla,Summer 2021,No evidence found,,,,,,,,,,,,,,,,,,"Unverified Form D by same-named person: Agoge Life, Inc. 0002031850-24-000001 sold 40000 (first sale 2024-01-15, Dover); likely a different person. Unverified Form D by same-named person: Agoge Life, Inc. 0002031850-24-000002 sold 175000 (first sale 2024-06-19, Dover); likely a different person. Checked: no post-YC Form D matching the founders; no funding statement on website (10 pages) or YC page. LinkedIn/X/Crunchbase need a logged-in browser. National register for AU not checked.",2026-10-01T00:51:11Z
asim,aSim,Summer 2021,No evidence found,,,,,,,,,,,,,,,,,,"Unverified Form D by same-named person: Technical Toolboxes Holding Corp. 0001904309-22-000001 sold 24005474 (first sale 2021-12-28, Indianapolis); likely a different person. Unverified Form D by same-named person: Velosimo Inc. 0001934559-22-000001 sold 4499999 (first sale 2022-06-01, Herriman); likely a different person. Unverified Form D by same-named person: DMF Holdings, Inc. 0001959608-23-000001 sold 7407672 (first sale 2022-12-19, Indianapolis); likely a different person. Unverified Form D by same-named person: Encore TopCo, LLC 0001960572-23-000001 sold 70815269 (first sale 2022-12-27, Indianapolis); likely a different person. Unverified Form D by same-named person: Encore TopCo, LLC 0001960572-23-000002 sold 1600000 (first sale 2023-07-28, Indianapolis); likely a different person. Unverified Form D by same-named person: Tyrone, Inc. 0002034208-24-000001 sold 12728211 (first sale 2024-08-02, New York); likely a different person. Unverified Form D by same-named person: Encore TopCo, LLC 0001960572-25-000001 sold 250000 (first sale 2025-02-11, Indianapolis); likely a different person. Checked: no post-YC Form D matching the founders; no funding statement on website (1 pages) or YC page. LinkedIn/X/Crunchbase need a logged-in browser.",2026-10-01T00:51:14Z
heycharge,HeyCharge,Summer 2021,Yes,,,,,2,Company website,https://www.heycharge.com/news/heycharge-wins-eic-accelerator-grant/,HeyCharge has raised €6.3 million in total private funding to date..,,,,,,,,,High,Amount stated as €6.3 million (not converted to USD). Round date not stated on the source page; assumed post-YC because it is presented as current news. Other stated figure: $4.7M (https://www.heycharge.com/news/). No matching post-YC Form D found.,2026-10-01T00:50:58Z
cumbuca,Cumbuca,Summer 2021,No evidence found,,,,,,,,,,,,,,,,,,Checked: no post-YC Form D matching the founders; no funding statement on website (1 pages) or YC page. LinkedIn/X/Crunchbase need a logged-in browser. National register for BR not checked.,2026-10-01T00:50:58Z
evidently-ai,Evidently AI,Summer 2021,Yes,1024575,OptionToAcquire; SecurityToBeAcquired (per Form D; stage not stated),2021-09-01,,1,SEC Form D,https://www.sec.gov/Archives/edgar/data/1881982/000188198221000001/primary_doc.xml,totalAmountSold: 1024575; totalOfferingAmount: Indefinite; dateOfFirstSale: 2021-09-01,0001881982,0001881982-21-000001,1024575,Indefinite,2021-09-01,OptionToAcquire; SecurityToBeAcquired,9,"Evidently AI, Inc.",High,,2026-10-01T00:51:01Z
whaly,Whaly,Summer 2021,Yes,1900000,Seed,2022-06-30,,2,Company website,https://whaly.io/posts/we-raised-1-9m-seed-to-transform-business-intelligence,We raised $1.9m seed to transform business intelligence,,,,,,,,,High,No matching post-YC Form D found.,2026-10-01T00:51:06Z
payhippo,Payhippo,Summer 2021,Yes,1205500,Pre-Seed (SAFE per Form D),2021-08-17,,1,SEC Form D,https://www.sec.gov/Archives/edgar/data/1833451/000183345121000002/primary_doc.xml,totalAmountSold: 1205500; totalOfferingAmount: 3000000; dateOfFirstSale: 2021-08-17,0001833451,0001833451-21-000002,1205500,3000000,2021-08-17,"Other; Other: Simple Agreement for Future Equity (""Safe"")",25,"PayHippo, Inc.",High,pre yc Form D 0001817246-20-000002: sold 27133 first sale 2020-02-11 pre yc Form D 0001833451-21-000001: sold 24000 first sale 2021-04-02,2026-10-01T00:51:07Z
portao-3,Portão 3,Summer 2021,No evidence found,,,,,,,,,,,,,,,,,,Checked: no post-YC Form D matching the founders; no funding statement on website (2 pages) or YC page. LinkedIn/X/Crunchbase need a logged-in browser. National register for BR not checked.,2026-10-01T00:51:03Z
zensors-inc,Zensors,Summer 2021,No evidence found,,,,,,,,,,,,,,,,,,Checked: no post-YC Form D matching the founders; no funding statement on website (1 pages) or YC page. LinkedIn/X/Crunchbase need a logged-in browser.,2026-10-01T00:51:06Z
flowly,Flowly,Summer 2021,No evidence found,,,,,,,,,,,,,,,,,,Checked: no post-YC Form D matching the founders; no funding statement on website (9 pages) or YC page. LinkedIn/X/Crunchbase need a logged-in browser.,2026-10-01T00:51:11Z
harmonic-discovery,Harmonic Discovery,Summer 2021,No evidence found,,,,,,,,,,,,,,,,,,Checked: no post-YC Form D matching the founders; no funding statement on website (2 pages) or YC page. LinkedIn/X/Crunchbase need a logged-in browser.,2026-10-01T00:51:10Z
makani-science,Makani Science,Summer 2021,No evidence found,,,,,,,,,,,,,,,,,,Checked: no post-YC Form D matching the founders; no funding statement on website (1 pages) or YC page. LinkedIn/X/Crunchbase need a logged-in browser.,2026-10-01T00:51:36Z
lapzo,lapzo,Summer 2021,No evidence found,,,,,,,,,,,,,,,,,,Checked: no post-YC Form D matching the founders; no funding statement on website (2 pages) or YC page. LinkedIn/X/Crunchbase need a logged-in browser. National register for MX not checked.,2026-10-01T00:51:12Z
astek-diagnostics-inc,Astek Diagnostics,Summer 2021,Yes,4000000,SecurityToBeAcquired (per Form D; stage not stated),2021-07-30,,1,SEC Form D/A,https://www.sec.gov/Archives/edgar/data/1972498/000197249823000003/primary_doc.xml,totalAmountSold: 1405000; totalOfferingAmount: 2000000; dateOfFirstSale: 2023-03-22,0001972498,0001972498-23-000003,1405000,2000000,2023-03-22,SecurityToBeAcquired,11,"Astek Diagnostics, Inc.",High,"5 post-YC Form D offerings summed: 0001972498-23-000004 $345000 (2021-07-30), 0001972498-23-000006 $350000 (2022-12-22), 0001972498-23-000003 $1405000 (2023-03-22), 0001972498-23-000007 $1150000 (2023-10-01), 0001972498-25-000001 $750000 (2025-04-04) pre yc Form D 0001972498-23-000005: sold 150000 first sale 2020-06-16 Form D clarification: up to a possibility of $595,000 more",2026-10-01T00:51:21Z
freterium,Freterium,Summer 2021,No evidence found,,,,,,,,,,,,,,,,,,Checked: no post-YC Form D matching the founders; no funding statement on website (3 pages) or YC page. LinkedIn/X/Crunchbase need a logged-in browser. National register for MA not checked.,2026-10-01T00:51:23Z
digistain,Digistain,Summer 2021,No evidence found,,,,,,,,,,,,,,,,,,"Unverified Form D by same-named person: Data Skrive Inc. 0001878777-21-000001 sold 6285000 (first sale 2021-08-02, Seattle); likely a different person. Checked: no post-YC Form D matching the founders; no funding statement on website (1 pages) or YC page. LinkedIn/X/Crunchbase need a logged-in browser.",2026-10-01T00:52:05Z
protex-ai,Protex AI,Summer 2021,Yes,36000000,Series B,,,2,Company website,https://www.protex.ai/news,Protex AI Secures $36M Series B to Power Safer and Smarter Industrial Workplaces with AI.,,,,,,,,,High,Round date not stated on the source page; assumed post-YC because it is presented as current news. No matching post-YC Form D found.,2026-10-01T00:51:19Z
vinco,Vinco,Summer 2021,Yes,2400000,,2021-11-10,,4,Press (linked from YC company page),https://www.bloomberglinea.com/2021/10/27/education-as-a-benefit-startup-vinco-raises-24m/,"Education as a Benefit Startup, Vinco, Raises $2.4M",,,,,,,,,Medium,No matching post-YC Form D found.,2026-10-01T00:51:22Z
aleph,Aleph,Summer 2021,Yes,45943491,Series B (Equity per Form D),2023-09-21,,1,SEC Form D,https://www.sec.gov/Archives/edgar/data/1999166/000199916625000002/primary_doc.xml,totalAmountSold: 29236491; totalOfferingAmount: 29999982; dateOfFirstSale: 2025-09-10,0001999166,0001999166-25-000002,29236491,29999982,2025-09-10,Equity,7,"Aleph Labs, Inc.",High,"2 post-YC Form D offerings summed: 0001999166-23-000001 $16707000 (2023-09-21), 0001999166-25-000002 $29236491 (2025-09-10) Tier 2 source states $29M (https://www.getaleph.com/blog/series-b); Form D figure kept.",2026-10-01T00:51:32Z
kaipod-learning,KaiPod Learning,Summer 2021,No evidence found,,,,,,,,,,,,,,,,,,Checked: no post-YC Form D matching the founders; no funding statement on website (2 pages) or YC page. LinkedIn/X/Crunchbase need a logged-in browser.,2026-10-01T00:51:23Z
aleph-solutions-alephee,Aleph Solutions (Alephee),Summer 2021,No evidence found,,,,,,,,,,,,,,,,,,Checked: no post-YC Form D matching the founders; no funding statement on website (1 pages) or YC page. LinkedIn/X/Crunchbase need a logged-in browser. National register for AR not checked.,2026-10-01T00:51:34Z
zoios,Zoios.,Summer 2021,Yes,1490296,Equity (per Form D; stage not stated),2024-04-24,,1,SEC Form D,https://www.sec.gov/Archives/edgar/data/2023148/000202314824000001/primary_doc.xml,totalAmountSold: 1490296; totalOfferingAmount: 1490296; dateOfFirstSale: 2024-04-24,0002023148,0002023148-24-000001,1490296,1490296,2024-04-24,Equity,10,"Zoios, Inc.",High,,2026-10-01T00:51:29Z
encuadrado,Encuadrado,Summer 2021,Yes,1500000,,2021-11-10,,4,Press (linked from YC company page),https://www.bloomberglinea.com/2021/11/02/encuadrado-raises-15m-to-become-latams-square-like-payment-solution/,Encuadrado raises $1.5M to become LatAm’s “Square-like” payment solution,,,,,,,,,Medium,No matching post-YC Form D found.,2026-10-01T00:51:24Z
stardex,Stardex,Summer 2021,No evidence found,,,,,,,,,,,,,,,,,,Checked: no post-YC Form D matching the founders; no funding statement on website (3 pages) or YC page. LinkedIn/X/Crunchbase need a logged-in browser.,2026-10-01T00:51:27Z
shimmer,Shimmer,Summer 2021,Yes,2200000,,2024-01-10,,4,Press (linked from YC company page),https://techcrunch.com/2024/01/10/shimmer-a-platform-for-11-personalized-adhd-coaching-raises-2-2m/,"Shimmer, a platform for 1:1 personalized ADHD coaching, raises $2.2M",,,,,,,,,Medium,No matching post-YC Form D found.,2026-10-01T00:51:29Z
oneschema,OneSchema,Summer 2021,Yes,6300000,,2022-11-16,,2,Company website,https://www.oneschema.co/blog/oneschema-announces-6m-fundraise,"OneSchema Raises $6.3M from General Catalyst, Sequoia, and Y Combinator to Make Ingesting CSV Data Magical For Developers",,,,,,,,,High,No matching post-YC Form D found.,2026-10-01T00:51:29Z
miniloop,Miniloop,Summer 2021,No evidence found,,,,,,,,,,,,,,,,,,Checked: no post-YC Form D matching the founders; no funding statement on website (2 pages) or YC page. LinkedIn/X/Crunchbase need a logged-in browser.,2026-10-01T00:51:33Z
coloop,CoLoop,Summer 2021,Yes,5000000,,,,2,Company website,https://www.coloop.ai/blog/coloop-ai-raises-3-5m-in-venture-funding,"million in new venture funding, increasing its total capital to $5.0 million.",,,,,,,,,High,Round date not stated on the source page; assumed post-YC because it is presented as current news. No matching post-YC Form D found.,2026-10-01T00:51:33Z
getdot,GetDot,Summer 2021,No evidence found,,,,,,,,,,,,,,,,,,Checked: no post-YC Form D matching the founders; no funding statement on website (6 pages) or YC page. LinkedIn/X/Crunchbase need a logged-in browser. National register for DE not checked.,2026-10-01T00:51:41Z
shipblu,ShipBlu,Summer 2021,No evidence found,,,,,,,,,,,,,,,,,,Checked: no post-YC Form D matching the founders; no funding statement on website (1 pages) or YC page. LinkedIn/X/Crunchbase need a logged-in browser. National register for EG not checked.,2026-10-01T00:51:41Z
whalesync,Whalesync,Summer 2021,No evidence found,,,,,,,,,,,,,,,,,,Checked: no post-YC Form D matching the founders; no funding statement on website (9 pages) or YC page. LinkedIn/X/Crunchbase need a logged-in browser.,2026-10-01T00:51:33Z
malloc-inc,Malloc Inc,Summer 2021,No evidence found,,,,,,,,,,,,,,,,,,Checked: no post-YC Form D matching the founders; no funding statement on website (10 pages) or YC page. LinkedIn/X/Crunchbase need a logged-in browser. National register for CY not checked.,2026-10-01T00:51:45Z
sequin,Sequin,Summer 2021,Yes,5700000,,,,2,YC company/launch page,https://www.ycombinator.com/companies/sequin,"Backed by Y Combinator, Sequin AI has raised $5.7M from top investors, including executives at OpenAI, the Schwab family, and leading venture funds like",,,,,,,,,High,"Unverified Form D by same-named person: KeyStar Corp. 0001393905-23-000127 sold 275000 (first sale 2023-02-28, Miami); likely a different person. Unverified Form D by same-named person: KeyStar Corp. 0001832161-23-000003 sold 0 (first sale yetToOccur, Miami); likely a different person. Round date not stated on the source page; assumed post-YC because it is presented as current news. No matching post-YC Form D found.",2026-10-01T00:52:20Z
formance,Formance,Summer 2021,Yes,25127892,Equity (per Form D; stage not stated),2023-12-12,,1,SEC Form D,https://www.sec.gov/Archives/edgar/data/2006159/000200615924000001/primary_doc.xml,totalAmountSold: 18549999; totalOfferingAmount: 20039660; dateOfFirstSale: 2024-12-23,0002006159,0002006159-24-000001,18549999,20039660,2024-12-23,Equity,4,"Formance, Inc.",High,"2 post-YC Form D offerings summed: 0002006159-23-000001 $6577893 (2023-12-12), 0002006159-24-000001 $18549999 (2024-12-23)",2026-10-01T00:51:41Z
mergent,Mergent,Summer 2021,No evidence found,,,,,,,,,,,,,,,,,,Checked: no post-YC Form D matching the founders; no funding statement on website (4 pages) or YC page. LinkedIn/X/Crunchbase need a logged-in browser.,2026-10-01T00:51:38Z
coinrule,Coinrule,Summer 2021,No evidence found,,,,,,,,,,,,,,,,,,Checked: no post-YC Form D matching the founders; no funding statement on website (8 pages) or YC page. LinkedIn/X/Crunchbase need a logged-in browser.,2026-10-01T00:51:45Z
infiuss-health,Infiuss Health,Summer 2021,No evidence found,,,,,,,,,,,,,,,,,,Checked: no post-YC Form D matching the founders; no funding statement on website (3 pages) or YC page. LinkedIn/X/Crunchbase need a logged-in browser.,2026-10-01T00:51:41Z
lemfi,LemFi,Summer 2021,Yes,33000000,,,,2,Company website,https://lemfi.com/en-us/about,LemFi raises $33 million to bring free remittance payments for global migrants .,,,,,,,,,High,"Unverified Form D by same-named person: Lemonade Technology Inc. 0001990137-23-000003 sold 12999997 (first sale 2023-08-03, Oakland); likely a different person. Unverified Form D by same-named person: Lemonade Technology Inc. 0001990137-24-000001 sold 32719812 (first sale 2024-10-03, Oakland); likely a different person. Round date not stated on the source page; assumed post-YC because it is presented as current news. No matching post-YC Form D found.",2026-10-01T00:51:43Z
momo-medical,Momo Medical,Summer 2021,Yes,8891000,Equity (per Form D; stage not stated),2024-08-30,,1,SEC Form D,https://www.sec.gov/Archives/edgar/data/2036113/000203611324000001/primary_doc.xml,totalAmountSold: 8891000; totalOfferingAmount: 10591000; dateOfFirstSale: 2024-08-30,0002036113,0002036113-24-000001,8891000,10591000,2024-08-30,Equity,33,Momo Medical Group Inc.,High,"Form D clarification: $3,091,000.00 of the Total Amount Sold was accounted for by the conversion of certain outstanding convertible securities. The remaining $5,800,000.00 of the Total Amount Sold was accounted for by the ",2026-10-01T00:51:43Z
yemaachi-biotechnology,Yemaachi Biotechnology,Summer 2021,Yes,3000000,Seed,2022-03-22,,4,Press (linked from YC company page),https://techbuild.africa/ghanaian-startup-yemaachi-3m-in-seed-funding/,Ghanaian Startup Yemaachi secures $3M in Seed Funding,,,,,,,,,Medium,No matching post-YC Form D found.,2026-10-01T00:51:46Z
scispot-io,Scispot,Summer 2021,No evidence found,,,,,,,,,,,,,,,,,,Checked: no post-YC Form D matching the founders; no funding statement on website (0 pages) or YC page. LinkedIn/X/Crunchbase need a logged-in browser. National register for CA not checked.,2026-10-01T00:51:45Z
lootrush,LootRush,Summer 2021,No evidence found,,,,,,,,,,,,,,,,,,Checked: no post-YC Form D matching the founders; no funding statement on website (0 pages) or YC page. LinkedIn/X/Crunchbase need a logged-in browser.,2026-10-01T00:51:45Z
cartpanda,Cartpanda,Summer 2021,No evidence found,,,,,,,,,,,,,,,,,,Checked: no post-YC Form D matching the founders; no funding statement on website (1 pages) or YC page. LinkedIn/X/Crunchbase need a logged-in browser. National register for BR not checked.,2026-10-01T00:51:46Z
intellect,Intellect,Summer 2021,Yes,10000000,Series A,2022-01-24,,4,Press (linked from YC company page),https://techcrunch.com/2022/01/24/intellect-the-mental-health-startup-focused-on-apac-raises-10m-series-a/,"Intellect, the mental health startup focused on APAC, raises $10M Series A – TechCrunch",,,,,,,,,Medium,No matching post-YC Form D found.,2026-10-01T00:51:50Z
arrow,Arrow,Summer 2021,No evidence found,,,,,,,,,,,,,,,,,,Checked: no post-YC Form D matching the founders; no funding statement on website (0 pages) or YC page. LinkedIn/X/Crunchbase need a logged-in browser. National register for SG not checked.,2026-10-01T00:52:57Z
truss,Truss,Summer 2021,No evidence found,,,,,,,,,,,,,,,,,,"Unverified Form D by same-named person: Platinum Hospitality Group, LLC 0001845256-22-000001 sold 120000 (first sale 2021-11-20, Broomfield); likely a different person. Unverified Form D by same-named person: PROJECT SOLAR, INC. 0001934373-22-000001 sold 18112104 (first sale 2022-06-03, Lehi); likely a different person. Unverified Form D by same-named person: Spline Data Co. 0001938791-22-000001 sold 1000000 (first sale 2022-07-01, Chicago); likely a different person. Unverified Form D by same-named person: Mazumago Holdings Ltd. 0001952957-22-000001 sold 4010000 (first sale 2022-10-21, Victoria); likely a different person. Unverified Form D by same-named person: RAM Syndicate, LLC 0001973617-23-000001 sold 3607500 (first sale 2021-08-13, Houston); likely a different person. Unverified Form D by same-named person: Spline Data Co. 0001938791-24-000002 sold 775000 (first sale 2023-12-27, Chicago); likely a different person. Unverified Form D by same-named person: Mazumago Holdings Ltd. 0001952957-24-000002 sold 0 (first sale 2024-10-29, Victoria); likely a different person. Unverified Form D by same-named person: Ultimate Snooze LLC 0002097353-25-000001 sold 500000 (first sale 2025-11-03, Pueblo); likely a different person. Unverified Form D by same-named person: Mazumago Holdings Ltd. 0001952957-26-000002 sold 3000000 (first sale 2026-03-31, Victoria); likely a different person. Checked: no post-YC Form D matching the founders; no funding statement on website (5 pages) or YC p",2026-10-01T00:52:34Z
mindfi,MindFi,Summer 2021,Yes,2000000,,,,2,Company website,https://mindfi.co/blog,MindFi News MindFi Raises US$2M to Bring Mind Fitness to Asia Pacific Workplaces.,,,,,,,,,High,Round date not stated on the source page; assumed post-YC because it is presented as current news. No matching post-YC Form D found.,2026-10-01T00:51:47Z
geostar,Geostar,Summer 2021,No evidence found,,,,,,,,,,,,,,,,,,Checked: no post-YC Form D matching the founders; no funding statement on website (2 pages) or YC page. LinkedIn/X/Crunchbase need a logged-in browser.,2026-10-01T00:51:48Z
warpbuild,WarpBuild,Summer 2021,No evidence found,,,,,,,,,,,,,,,,,,Checked: no post-YC Form D matching the founders; no funding statement on website (3 pages) or YC page. LinkedIn/X/Crunchbase need a logged-in browser.,2026-10-01T00:51:48Z
matidor-com,Matidor.com,Summer 2021,Yes,1850000,Seed,2022-01-17,,4,Press (linked from YC company page),https://www.vantechjournal.com/p/matidor-seed-round,Scoop: Project collaboration platform Matidor raises $1.85M seed round,,,,,,,,,Medium,No matching post-YC Form D found.,2026-10-01T00:51:49Z
cero,Cero,Summer 2021,No evidence found,,,,,,,,,,,,,,,,,,Checked: no post-YC Form D matching the founders; no funding statement on website (10 pages) or YC page. LinkedIn/X/Crunchbase need a logged-in browser. National register for CL not checked.,2026-10-01T00:52:05Z
fluke,fluke,Summer 2021,No evidence found,,,,,,,,,,,,,,,,,,Checked: no post-YC Form D matching the founders; no funding statement on website (0 pages) or YC page. LinkedIn/X/Crunchbase need a logged-in browser. National register for BR not checked.,2026-10-01T00:51:51Z
digibuild,DigiBuild,Summer 2021,Yes,1300000,Seed,2023-05-15,,2,Company/founder social post,https://www.linkedin.com/feed/update/urn:li:activity:7063919781657116673/,"DigiBuild raises $1.3M seed extension, inks partnerships with major builders.",,,,,,,,,High,Other stated figure: $4M (https://www.ibtimes.com/digibuild-raises-4m-seed-round-fix-construction-supply-chains-3586919). No matching post-YC Form D found.,2026-10-01T00:51:52Z
sigmaos,SigmaOS,Summer 2021,Yes,4000000,,2022-11-16,,4,Press (linked from YC company page),https://techcrunch.com/2022/11/16/sigmaos-raises-4-million-to-build-a-browser-for-productivity-nerds/,SigmaOS raises $4 million to build a browser for productivity nerds • TechCrunch,,,,,,,,,Medium,No matching post-YC Form D found.,2026-10-01T00:51:54Z
buro-de-ingresos,Buró de Ingresos,Summer 2021,No evidence found,,,,,,,,,,,,,,,,,,Checked: no post-YC Form D matching the founders; no funding statement on website (1 pages) or YC page. LinkedIn/X/Crunchbase need a logged-in browser. National register for MX not checked.,2026-10-01T00:51:55Z
cloudanix,Cloudanix,Summer 2021,No evidence found,,,,,,,,,,,,,,,,,,Checked: no post-YC Form D matching the founders; no funding statement on website (12 pages) or YC page. LinkedIn/X/Crunchbase need a logged-in browser.,2026-10-01T00:51:52Z
tiriel-ai,Tiriel AI,Summer 2021,No evidence found,,,,,,,,,,,,,,,,,,Checked: no post-YC Form D matching the founders; no funding statement on website (1 pages) or YC page. LinkedIn/X/Crunchbase need a logged-in browser.,2026-10-01T00:51:56Z
enso,Enso,Summer 2021,Yes,13310000,OptionToAcquire (per Form D; stage not stated),2021-08-13,,1,SEC Form D,https://www.sec.gov/Archives/edgar/data/1915798/000191579822000002/primary_doc.xml,totalAmountSold: 13310000; totalOfferingAmount: 13310000; dateOfFirstSale: 2021-08-13,0001915798,0001915798-22-000002,13310000,13310000,2021-08-13,OptionToAcquire,23,ENSO INTERNATIONAL INC.,High,,2026-10-01T00:51:59Z
monet,Monet,Summer 2021,Yes,2395496,OptionToAcquire (per Form D; stage not stated),2021-07-09,,1,SEC Form D,https://www.sec.gov/Archives/edgar/data/2016583/000201658324000001/primary_doc.xml,totalAmountSold: 1211066; totalOfferingAmount: Indefinite; dateOfFirstSale: 2021-07-09,0002016583,0002016583-24-000001,1211066,Indefinite,2021-07-09,OptionToAcquire,32,Monet Holdings Ltd,High,"3 post-YC Form D offerings summed: 0002016583-24-000001 $1211066 (2021-07-09), 0002016583-24-000003 $373930 (2022-04-13), 0002016583-24-000004 $810500 (2022-10-26) yc deal like Form D 0002016583-24-000002: sold 125000 first sale 2021-08-03 First sale is close to batch start, so the Form D total may include YC's $500K.",2026-10-01T00:52:00Z
testrigor,testRigor,Summer 2021,No evidence found,,,,,,,,,,,,,,,,,,Checked: no post-YC Form D matching the founders; no funding statement on website (4 pages) or YC page. LinkedIn/X/Crunchbase need a logged-in browser.,2026-10-01T00:52:00Z
glitzi,Glitzi,Summer 2021,Yes,2800000,,2023-06-28,,4,Press (linked from YC company page),https://latamlist.com/glitzi-secures-2-8m-in-venture-round/,Glitzi secures $2.8M in venture round - LatamList,,,,,,,,,Medium,No matching post-YC Form D found.,2026-10-01T00:51:59Z
planet-a-foods,Planet A Foods,Summer 2021,No evidence found,,,,,,,,,,,,,,,,,,"Unverified Form D by same-named person: NxFoods, Inc. 0001975726-23-000001 sold 21805948 (first sale 2023-03-16, Munich); likely a different person. Unverified Form D by same-named person: NxFoods, Inc. 0001975726-25-000001 sold 21880947 (first sale 2023-03-16, Munich); likely a different person. Unverified Form D by same-named person: NxFoods, Inc. 0001975726-25-000002 sold 29999958 (first sale 2024-11-26, Dover); likely a different person. Checked: no post-YC Form D matching the founders; no funding statement on website (3 pages) or YC page. LinkedIn/X/Crunchbase need a logged-in browser. National register for DE not checked.",2026-10-01T00:52:06Z
warpfy,Warpfy,Summer 2021,No evidence found,,,,,,,,,,,,,,,,,,Checked: no post-YC Form D matching the founders; no funding statement on website (4 pages) or YC page. LinkedIn/X/Crunchbase need a logged-in browser. National register for SG not checked.,2026-10-01T00:52:05Z
enerjazz,Enerjazz,Summer 2021,No evidence found,,,,,,,,,,,,,,,,,,Checked: no post-YC Form D matching the founders; no funding statement on website (0 pages) or YC page. LinkedIn/X/Crunchbase need a logged-in browser. National register for DE not checked.,2026-10-01T00:52:02Z
ai-tech-packs,AI Tech Packs,Summer 2021,No evidence found,,,,,,,,,,,,,,,,,,Checked: no post-YC Form D matching the founders; no funding statement on website (2 pages) or YC page. LinkedIn/X/Crunchbase need a logged-in browser.,2026-10-01T00:52:03Z
okani,Okani,Summer 2021,No evidence found,,,,,,,,,,,,,,,,,,Checked: no post-YC Form D matching the founders; no funding statement on website (0 pages) or YC page. LinkedIn/X/Crunchbase need a logged-in browser. National register for MX not checked.,2026-10-01T00:52:05Z
pluggy,Pluggy,Summer 2021,No evidence found,,,,,,,,,,,,,,,,,,Checked: no post-YC Form D matching the founders; no funding statement on website (8 pages) or YC page. LinkedIn/X/Crunchbase need a logged-in browser. National register for BR not checked.,2026-10-01T00:52:11Z
govly,Govly,Summer 2021,Yes,13134527,Series A (Equity per Form D),2023-09-07,,1,SEC Form D,https://www.sec.gov/Archives/edgar/data/1996039/000199603923000001/primary_doc.xml,totalAmountSold: 13134527; totalOfferingAmount: 13134527; dateOfFirstSale: 2023-09-07,0001996039,0001996039-23-000001,13134527,13134527,2023-09-07,Equity,23,Govly Inc.,High,Tier 2 source states $9.5 million (https://www.govly.com/about); Form D figure kept.,2026-10-01T00:52:10Z
pideaky,Pideaky,Summer 2021,No evidence found,,,,,,,,,,,,,,,,,,Checked: no post-YC Form D matching the founders; no funding statement on website (0 pages) or YC page. LinkedIn/X/Crunchbase need a logged-in browser. National register for MX not checked.,2026-10-01T00:52:11Z
monto,Monto,Summer 2021,No evidence found,,,,,,,,,,,,,,,,,,Checked: no post-YC Form D matching the founders; no funding statement on website (1 pages) or YC page. LinkedIn/X/Crunchbase need a logged-in browser. National register for MX not checked.,2026-10-01T00:52:09Z
bree,Bree,Summer 2021,No evidence found,,,,,,,,,,,,,,,,,,Checked: no post-YC Form D matching the founders; no funding statement on website (9 pages) or YC page. LinkedIn/X/Crunchbase need a logged-in browser. National register for CA not checked.,2026-10-01T00:52:11Z
repool,Repool,Summer 2021,Yes,3710000,SecurityToBeAcquired (per Form D; stage not stated),2021-06-21,,1,SEC Form D,https://www.sec.gov/Archives/edgar/data/1985481/000198548123000002/primary_doc.xml,totalAmountSold: 3710000; totalOfferingAmount: 3710000; dateOfFirstSale: 2021-06-21,0001985481,0001985481-23-000002,3710000,3710000,2021-06-21,SecurityToBeAcquired,37,"Repool, Inc.",High,"First sale is close to batch start, so the Form D total may include YC's $500K.",2026-10-01T00:52:18Z
onebrief,Onebrief,Summer 2021,Yes,491065004,Equity (per Form D; stage not stated),2021-09-29,,1,SEC Form D,https://www.sec.gov/Archives/edgar/data/1888809/000188880926000001/primary_doc.xml,totalAmountSold: 359281625; totalOfferingAmount: 359281625; dateOfFirstSale: 2025-12-22,0001888809,0001888809-26-000001,359281625,359281625,2025-12-22,Equity,12,"Onebrief, Inc.",High,"7 post-YC Form D offerings summed: 0001888809-22-000002 $6128321 (2021-09-29), 0001888809-22-000001 $14824985 (2022-09-27), 0001888809-23-000002 $12500000 (2023-10-02), 0001888809-24-000001 $16000509 (2024-04-05), 0001888809-25-000001 $58748142 (2024-12-19), 0001888809-25-000003 $23581422 (2025-04-22), 0001888809-26-000001 $359281625 (2025-12-22) Tier 2 source states $103M (https://www.onebrief.com/careers); Form D figure kept.",2026-10-01T00:52:20Z
algoviral,AlgoViral,Summer 2021,No evidence found,,,,,,,,,,,,,,,,,,Checked: no post-YC Form D matching the founders; no funding statement on website (1 pages) or YC page. LinkedIn/X/Crunchbase need a logged-in browser.,2026-10-01T00:52:14Z
hyperbrowser,Hyperbrowser,Summer 2021,No evidence found,,,,,,,,,,,,,,,,,,Checked: no post-YC Form D matching the founders; no funding statement on website (5 pages) or YC page. LinkedIn/X/Crunchbase need a logged-in browser.,2026-10-01T00:52:14Z
jovian,Jovian,Summer 2021,Yes,1500000,,2022-05-24,,4,Press (linked from YC company page),https://economictimes.indiatimes.com/tech/funding/machine-learning-edtech-startup-jovian-bags-1-5-million-in-funding/articleshow/91767290.cms,jovian: Machine learning edtech startup Jovian bags $1.5 million in funding - The Economic Times,,,,,,,,,Medium,No matching post-YC Form D found.,2026-10-01T00:52:15Z
sentiyen,Sentiyen,Summer 2021,No evidence found,,,,,,,,,,,,,,,,,,Checked: no post-YC Form D matching the founders; no funding statement on website (0 pages) or YC page. LinkedIn/X/Crunchbase need a logged-in browser.,2026-10-01T00:52:17Z
redbean,Redbean,Summer 2021,No evidence found,,,,,,,,,,,,,,,,,,Checked: no post-YC Form D matching the founders; no funding statement on website (2 pages) or YC page. LinkedIn/X/Crunchbase need a logged-in browser. National register for VN not checked.,2026-10-01T00:52:17Z
rinse,Rinse,Summer 2021,No evidence found,,,,,,,,,,,,,,,,,,Checked: no post-YC Form D matching the founders; no funding statement on website (2 pages) or YC page. LinkedIn/X/Crunchbase need a logged-in browser.,2026-10-01T00:52:19Z
salarybox,SalaryBox,Summer 2021,No evidence found,,,,,,,,,,,,,,,,,,Checked: no post-YC Form D matching the founders; no funding statement on website (4 pages) or YC page. LinkedIn/X/Crunchbase need a logged-in browser. National register for IN not checked.,2026-10-01T00:52:21Z
aqua,Aqua,Summer 2021,No evidence found,,,,,,,,,,,,,,,,,,Checked: no post-YC Form D matching the founders; no funding statement on website (7 pages) or YC page. LinkedIn/X/Crunchbase need a logged-in browser.,2026-10-01T00:53:17Z
kaya,Kaya,Summer 2021,No evidence found,,,,,,,,,,,,,,,,,,Checked: no post-YC Form D matching the founders; no funding statement on website (6 pages) or YC page. LinkedIn/X/Crunchbase need a logged-in browser. National register for MY not checked.,2026-10-01T00:52:37Z
secoda,Secoda,Summer 2021,Yes,14000000,Series A,2023-09-21,,2,Company website,https://www.secoda.co/blog/secoda-series-a-monitoring,Secoda raises a $14M Series A and introduces Monitoring | Secoda,,,,,,,,,High,No matching post-YC Form D found.,2026-10-01T00:52:24Z
locale,Locale,Summer 2021,Yes,14000000,,2022-05-17,,4,Press (linked from YC company page),https://www.forbes.com/sites/jonathankeane/2022/05/17/locale-raises-14-million-for-its-curated-food-delivery-platform/?sh=692fc28b51cc,Locale Raises $14 Million For Its Curated Food Delivery Platform,,,,,,,,,Medium,"Unverified Form D by same-named person: Subcity, Inc. 0001884511-21-000001 sold 2999992 (first sale 2021-09-08, Larchmont); likely a different person. Unverified Form D by same-named person: OpenRouter, Inc. 0002073423-25-000001 sold 29606894 (first sale 2025-05-27, New York); likely a different person. Unverified Form D by same-named person: SRB Analytics Inc. 0002087274-25-000001 sold 200000 (first sale 2025-08-26, New York); likely a different person. Unverified Form D by same-named person: SRB Analytics Inc. 0002087274-25-000002 sold 200000 (first sale 2025-08-26, New York); likely a different person. Unverified Form D by same-named person: Timely Topco, LLC 0002134198-26-000001 sold 2708560 (first sale 2026-04-29, Fort Worth); likely a different person. Unverified Form D by same-named person: OpenRouter, Inc. 0002073423-26-000001 sold 113470700 (first sale 2026-03-26, New York); likely a different person. No matching post-YC Form D found.",2026-10-01T00:53:02Z
pirouette-pharma,Pirouette Pharma,Summer 2021,Yes,13955537,Equity (per Form D; stage not stated),2021-06-21,,1,SEC Form D,https://www.sec.gov/Archives/edgar/data/1870611/000187061121000002/primary_doc.xml,totalAmountSold: 6950000; totalOfferingAmount: 10570765; dateOfFirstSale: 2021-08-19,0001870611,0001870611-21-000002,6950000,10570765,2021-08-19,Equity,29,Pirouette Medical Inc.,High,"5 post-YC Form D offerings summed: 0001870611-21-000001 $1025000 (2021-06-21), 0001870611-21-000002 $6950000 (2021-08-19), 0001870611-22-000002 $2550000 (2022-05-31), 0001870611-25-000003 $2350000 (2025-03-28), 0001870611-26-000004 $1080537 (2026-03-10) Tier 4 source states $5M (https://www.businesswire.com/news/home/20240507871732/en/Safar-Partners-Leads-Pirouette%E2%80%99s-Investment-Round-with-5M-Raised-Extending-Opportunity-for-Public-to-Invest-Alongside-Renowned-Investors-like-Y-Combinator); Form D figure kept.",2026-10-01T00:52:33Z
kodex,Kodex,Summer 2021,Yes,31499989,Seed (Equity per Form D),2021-05-16,,1,SEC Form D,https://www.sec.gov/Archives/edgar/data/1865069/000186506925000002/primary_doc.xml,totalAmountSold: 21199989; totalOfferingAmount: 22000000; dateOfFirstSale: 2025-09-04,0001865069,0001865069-25-000002,21199989,22000000,2025-09-04,Equity,7,"KODEX, INC.",High,"3 post-YC Form D offerings summed: 0001865069-21-000001 $300000 (2021-05-16), 0001865069-22-000001 $10000000 (2022-10-19), 0001865069-25-000002 $21199989 (2025-09-04) Tier 2 source states $10M (https://www.kodexglobal.com/blog); Form D figure kept.",2026-10-01T00:52:29Z
verihubs,Verihubs,Summer 2021,No evidence found,,,,,,,,,,,,,,,,,,Checked: no post-YC Form D matching the founders; no funding statement on website (4 pages) or YC page. LinkedIn/X/Crunchbase need a logged-in browser. National register for ID not checked.,2026-10-01T00:52:26Z
hypertrader,HyperTrader,Summer 2021,No evidence found,,,,,,,,,,,,,,,,,,Checked: no post-YC Form D matching the founders; no funding statement on website (0 pages) or YC page. LinkedIn/X/Crunchbase need a logged-in browser.,2026-10-01T00:52:31Z
awesomic,Awesomic,Summer 2021,Yes,2000000,,2021-12-17,,4,Press (linked from YC company page),https://ain.ua/en/2021/12/17/ukrainian-awesomic-secures-2m-round/,Ukraine’s Awesomic secures a $2M round,,,,,,,,,Medium,No matching post-YC Form D found.,2026-10-01T00:52:36Z
fitia,Fitia,Summer 2021,No evidence found,,,,,,,,,,,,,,,,,,Checked: no post-YC Form D matching the founders; no funding statement on website (0 pages) or YC page. LinkedIn/X/Crunchbase need a logged-in browser. National register for PE not checked.,2026-10-01T00:52:34Z
trii,trii,Summer 2021,Yes,5500000,,2021-10-15,,4,Press (linked from YC company page),https://forbes.co/2021/10/07/emprendedores/trii-permitira-comprar-acciones-de-bolsas-de-estados-unidos-y-chile-tras-levantar-us5-5-millones/,trii raises $5.5m,,,,,,,,,Medium,No matching post-YC Form D found.,2026-10-01T00:52:35Z
safebeat,SafeBeat,Summer 2021,No evidence found,,,,,,,,,,,,,,,,,,Checked: no post-YC Form D matching the founders; no funding statement on website (6 pages) or YC page. LinkedIn/X/Crunchbase need a logged-in browser.,2026-10-01T00:52:37Z
brite,Brite,Summer 2021,Yes,1625000,Equity (per Form D; stage not stated),2021-07-28,,1,SEC Form D,https://www.sec.gov/Archives/edgar/data/1928527/000192852722000001/primary_doc.xml,totalAmountSold: 1625000; totalOfferingAmount: 9500000; dateOfFirstSale: 2021-07-28,0001928527,0001928527-22-000001,1625000,9500000,2021-07-28,Equity,13,"Brite Benefits, Inc.",High,"First sale is close to batch start, so the Form D total may include YC's $500K.",2026-10-01T00:52:51Z
ivy-homes,Ivy Homes,Summer 2021,Yes,7000000,,2022-06-06,,4,Press (linked from YC company page),https://yourstory.com/2022/06/bengaluru-proptech-startup-funding-ivy-homes-seed-round-khosla-ventures-y-combinator/amp,"[Funding alert] Proptech startup Ivy Homes raises $7M from Khosla Ventures, Venture Highway, others",,,,,,,,,Medium,No matching post-YC Form D found.,2026-10-01T00:52:38Z
konta-com,Konta.com,Summer 2021,No evidence found,,,,,,,,,,,,,,,,,,Checked: no post-YC Form D matching the founders; no funding statement on website (3 pages) or YC page. LinkedIn/X/Crunchbase need a logged-in browser. National register for MX not checked.,2026-10-01T00:52:40Z
tavus,Tavus,Summer 2021,Yes,40000000,,2025-11-12,,4,Press (linked from YC company page),https://www.axios.com/pro/enterprise-software-deals/2025/11/12/agentic-ai-tavus-human-40-milion-crv,Tavus raises $40M for more lifelike AI agents,,,,,,,,,Medium,Other stated figure: $18M (https://techcrunch.com/2024/03/12/generative-ai-video-startup-tavus-raises-18m-to-bring-face-and-voice-cloning-to-any-app/). No matching post-YC Form D found.,2026-10-01T00:52:42Z
posturehealth-inc,Zen,Summer 2021,No evidence found,,,,,,,,,,,,,,,,,,"Unverified Form D by same-named person: Canopy Life, Inc. 0001888167-21-000001 sold 25000 (first sale 2021-10-04, New York); likely a different person. Checked: no post-YC Form D matching the founders; no funding statement on website (1 pages) or YC page. LinkedIn/X/Crunchbase need a logged-in browser.",2026-10-01T00:53:57Z
forage-2,Forage,Summer 2021,No evidence found,,,,,,,,,,,,,,,,,,Checked: no post-YC Form D matching the founders; no funding statement on website (4 pages) or YC page. LinkedIn/X/Crunchbase need a logged-in browser.,2026-10-01T00:52:44Z
dailybot,Dailybot,Summer 2021,No evidence found,,,,,,,,,,,,,,,,,,Checked: no post-YC Form D matching the founders; no funding statement on website (12 pages) or YC page. LinkedIn/X/Crunchbase need a logged-in browser.,2026-10-01T00:52:41Z
rendalomaq,RendaloMaq,Summer 2021,No evidence found,,,,,,,,,,,,,,,,,,Checked: no post-YC Form D matching the founders; no funding statement on website (2 pages) or YC page. LinkedIn/X/Crunchbase need a logged-in browser. National register for CL not checked.,2026-10-01T00:52:43Z
lago,Lago,Summer 2021,Yes,19221427,Equity (per Form D; stage not stated),2023-12-22,FirstMark,1,SEC Form D,https://www.sec.gov/Archives/edgar/data/2006076/000200607624000001/primary_doc.xml,totalAmountSold: 19221427; totalOfferingAmount: 19221427; dateOfFirstSale: 2023-12-22,0002006076,0002006076-24-000001,19221427,19221427,2023-12-22,Equity; SecurityToBeAcquired,62,Get Lago Corp.,High,"Tier 2 source states $125,000  (https://getlago.com/blog/lago-raises-22-millions); Form D figure kept.",2026-10-01T00:53:12Z
hypercore,Hypercore,Summer 2021,No evidence found,,,,,,,,,,,,,,,,,,Checked: no post-YC Form D matching the founders; no funding statement on website (7 pages) or YC page. LinkedIn/X/Crunchbase need a logged-in browser. National register for IL not checked.,2026-10-01T00:52:52Z
union54,Union54,Summer 2021,Yes,12000000,,2022-04-18,Tiger Global,4,Press (linked from YC company page),https://techcrunch.com/2022/04/18/zambian-card-issuing-startup-union54-raises-12m-led-by-tiger-global/,Zambian card issuing startup Union54 raises $12M led by Tiger Global – TechCrunch,,,,,,,,,Medium,No matching post-YC Form D found.,2026-10-01T00:52:49Z
studystream,StudyStream,Summer 2021,Yes,9032486,Equity (per Form D; stage not stated),2022-04-04,,1,SEC Form D,https://www.sec.gov/Archives/edgar/data/1923540/000192354022000001/primary_doc.xml,totalAmountSold: 9032486; totalOfferingAmount: 9032486; dateOfFirstSale: 2022-04-04,0001923540,0001923540-22-000001,9032486,9032486,2022-04-04,Equity,29,STUDYSTREAM INC.,High,"Form D clarification: Total amount sold included $2,194,200 of converted securities.",2026-10-01T00:52:50Z
instakin,InstaKin,Summer 2021,No evidence found,,,,,,,,,,,,,,,,,,Checked: no post-YC Form D matching the founders; no funding statement on website (1 pages) or YC page. LinkedIn/X/Crunchbase need a logged-in browser.,2026-10-01T00:52:55Z
snapcalorie,SnapCalorie,Summer 2021,Yes,2000000,Seed,2023-06-13,,4,Press (linked from YC company page),https://www.citybiz.co/article/429315/snapcalorie-raises-2-million-in-seed-funding-from-y-combinator/https://www.citybiz.co/article/429315/snapcalorie-raises-2-million-in-seed-funding-from-y-combinator/,SnapCalorie Raises $2 Million in Seed Funding from Y Combinator | citybiz,,,,,,,,,Medium,No matching post-YC Form D found.,2026-10-01T00:52:54Z
anakin,Anakin,Summer 2021,No evidence found,,,,,,,,,,,,,,,,,,Checked: no post-YC Form D matching the founders; no funding statement on website (6 pages) or YC page. LinkedIn/X/Crunchbase need a logged-in browser.,2026-10-01T00:52:57Z
bite-ninja,Bite Ninja,Summer 2021,Yes,15407000,SAFE (per Form D; stage not stated),2021-05-31,,1,SEC Form D,https://www.sec.gov/Archives/edgar/data/1897428/000189742822000001/primary_doc.xml,totalAmountSold: 11295000; totalOfferingAmount: 11295000; dateOfFirstSale: 2022-02-18,0001897428,0001897428-22-000001,11295000,11295000,2022-02-18,Other; Other: Simple Agreements for Future Equity,10,"Bite Ninja, Inc.",High,"3 post-YC Form D offerings summed: 0001897428-21-000001 $650000 (2021-05-31), 0001897428-21-000002 $3462000 (2021-08-16), 0001897428-22-000001 $11295000 (2022-02-18) Tier 4 source states $11M (https://www.restaurantbusinessonline.com/technology/bite-ninja-raises-11m-remote-staffing-system); Form D figure kept.",2026-10-01T00:52:59Z
reprosent,REPROSENT,Summer 2021,No evidence found,,,,,,,,,,,,,,,,,,Checked: no post-YC Form D matching the founders; no funding statement on website (10 pages) or YC page. LinkedIn/X/Crunchbase need a logged-in browser.,2026-10-01T00:52:57Z
epinoma,Epinoma,Summer 2021,No evidence found,,,,,,,,,,,,,,,,,,Checked: no post-YC Form D matching the founders; no funding statement on website (3 pages) or YC page. LinkedIn/X/Crunchbase need a logged-in browser.,2026-10-01T00:52:59Z
soco,Soco,Summer 2021,No evidence found,,,,,,,,,,,,,,,,,,Checked: no post-YC Form D matching the founders; no funding statement on website (0 pages) or YC page. LinkedIn/X/Crunchbase need a logged-in browser.,2026-10-01T00:53:00Z
doublehq,Double,Summer 2021,Yes,6499989,Equity (per Form D; stage not stated),2024-12-11,,1,SEC Form D,https://www.sec.gov/Archives/edgar/data/1880658/000188065824000001/primary_doc.xml,totalAmountSold: 6499989; totalOfferingAmount: 6499989; dateOfFirstSale: 2024-12-11,0001880658,0001880658-24-000001,6499989,6499989,2024-12-11,Equity,3,"Jensen Technology, Inc.",High,"Legal name differs from brand; matched on related person(s) Ben Stein, Kenny Song, issuer in Claymont, DE.",2026-10-01T00:55:31Z
strive-math,Strive Math,Summer 2021,Yes,1300000,,,,2,Company website,https://www.strivemath.com/blog,21 February 2023 We Raised $1.3M to Transform How Kids Learn to Code.,,,,,,,,,High,Round date not stated on the source page; assumed post-YC because it is presented as current news. No matching post-YC Form D found.,2026-10-01T00:53:01Z
rgi-labs,RGI Labs,Summer 2021,No evidence found,,,,,,,,,,,,,,,,,,Checked: no post-YC Form D matching the founders; no funding statement on website (10 pages) or YC page. LinkedIn/X/Crunchbase need a logged-in browser.,2026-10-01T00:53:02Z
cabal,Cabal,Summer 2021,No evidence found,,,,,,,,,,,,,,,,,,"Unverified Form D by same-named person: EliotNest, Inc. 0002064639-25-000001 sold 8999999 (first sale 2025-03-31, New York); likely a different person. Checked: no post-YC Form D matching the founders; no funding statement on website (13 pages) or YC page. LinkedIn/X/Crunchbase need a logged-in browser.",2026-10-01T00:53:03Z
mobileboost,MobileBoost,Summer 2021,No evidence found,,,,,,,,,,,,,,,,,,"Unverified Form D by same-named person: Markey Machine LLC 0001950699-22-000001 sold 4870000 (first sale 2022-10-01, Seattle); likely a different person. Checked: no post-YC Form D matching the founders; no funding statement on website (10 pages) or YC page. LinkedIn/X/Crunchbase need a logged-in browser. National register for DE not checked.",2026-10-01T00:53:06Z
appx,AppX,Summer 2021,Yes,1300000,,2022-01-18,YCombinator,4,Press (linked from YC company page),https://economictimes.indiatimes.com/tech/funding/appx-racks-up-1-3-million-in-funding-led-by-ycombinator/articleshow/88976961.cms,Appx Funding: AppX racks up $1.3 million in funding led by YCombinator - The Economic Times,,,,,,,,,Medium,No matching post-YC Form D found.,2026-10-01T00:53:04Z
neodocs,Neodocs,Summer 2021,Yes,2000000,Seed,2024-02-09,,4,Press (linked from YC company page),https://yourstory.com/2024/02/neodocs-secures-2m-seed-funding-from-omidyar-yc,"Neodocs secures $2M seed funding from Omidyar, Y-Combinator",,,,,,,,,Medium,No matching post-YC Form D found.,2026-10-01T00:53:08Z
algouniversity,AlgoUniversity,Summer 2021,No evidence found,,,,,,,,,,,,,,,,,,Checked: no post-YC Form D matching the founders; no funding statement on website (4 pages) or YC page. LinkedIn/X/Crunchbase need a logged-in browser. National register for IN not checked.,2026-10-01T00:53:07Z
swipe-2,Swipe,Summer 2021,No evidence found,,,,,,,,,,,,,,,,,,Checked: no post-YC Form D matching the founders; no funding statement on website (3 pages) or YC page. LinkedIn/X/Crunchbase need a logged-in browser. National register for IN not checked.,2026-10-01T00:53:11Z
echoes-hq,Echoes HQ,Summer 2021,No evidence found,,,,,,,,,,,,,,,,,,Checked: no post-YC Form D matching the founders; no funding statement on website (0 pages) or YC page. LinkedIn/X/Crunchbase need a logged-in browser. National register for NL not checked.,2026-10-01T00:53:06Z
advantage-club,Advantage Club,Summer 2021,Yes,1700000,,2021-08-26,,4,Press (linked from YC company page),https://economictimes.indiatimes.com/tech/funding/advantage-club-raises-1-7-million-from-y-combinator-broom-ventures-others/articleshow/85657545.cms,"Advantage Club raises $1.7 million from Y Combinator, Broom Ventures, others",,,,,,,,,Medium,No matching post-YC Form D found.,2026-10-01T00:53:15Z
rivia-ai,Rivia.AI,Summer 2021,No evidence found,,,,,,,,,,,,,,,,,,Checked: no post-YC Form D matching the founders; no funding statement on website (10 pages) or YC page. LinkedIn/X/Crunchbase need a logged-in browser. National register for IN not checked.,2026-10-01T00:53:12Z
bluumbio,BLUUMBIO,Summer 2021,No evidence found,,,,,,,,,,,,,,,,,,Checked: no post-YC Form D matching the founders; no funding statement on website (1 pages) or YC page. LinkedIn/X/Crunchbase need a logged-in browser.,2026-10-01T00:53:09Z
parallel-bio,Parallel Bio,Summer 2021,No evidence found,,,,,,,,,,,,,,,,,,"Unverified Form D by same-named person: AgentSmyth Inc. 0000919574-25-001725 sold 1600000 (first sale 2025-02-14, New York); likely a different person. Unverified Form D by same-named person: AgentSmyth Inc. 0000919574-25-003472 sold 8708000 (first sale 2025-02-14, New York); likely a different person. Checked: no post-YC Form D matching the founders; no funding statement on website (3 pages) or YC page. LinkedIn/X/Crunchbase need a logged-in browser.",2026-10-01T00:53:19Z
zazos,zaz⚡️os,Summer 2021,No evidence found,,,,,,,,,,,,,,,,,,Checked: no post-YC Form D matching the founders; no funding statement on website (3 pages) or YC page. LinkedIn/X/Crunchbase need a logged-in browser. National register for BR not checked.,2026-10-01T00:53:12Z
instacrops,Instacrops,Summer 2021,No evidence found,,,,,,,,,,,,,,,,,,Checked: no post-YC Form D matching the founders; no funding statement on website (10 pages) or YC page. LinkedIn/X/Crunchbase need a logged-in browser. National register for CL not checked.,2026-10-01T00:53:15Z
boldvoice,BoldVoice,Summer 2021,Yes,26131976,Equity (per Form D; stage not stated),2021-04-29,,1,SEC Form D,https://www.sec.gov/Archives/edgar/data/1862084/000186208425000002/primary_doc.xml,totalAmountSold: 20999976; totalOfferingAmount: 20999976; dateOfFirstSale: 2025-12-02,0001862084,0001862084-25-000002,20999976,20999976,2025-12-02,Equity,26,WELLOCUTION INC.,High,"Legal name differs from brand; matched on related person(s) Anada Lakra, Ilya Usorov, issuer in New York, NY. 4 post-YC Form D offerings summed: 0001862084-21-000001 $605000 (2021-04-29), 0001862084-21-000002 $2027000 (2021-08-19), 0001862084-23-000002 $2500000 (2023-08-03), 0001862084-25-000002 $20999976 (2025-12-02)",2026-10-01T00:53:21Z
confido,Confido,Summer 2021,Yes,55000000,Series B,,,2,Company website,https://www.confidotech.com/blog,‍Confido raises $55M Series B to scale the AI operating system for CPG brands.,,,,,,,,,High,Round date not stated on the source page; assumed post-YC because it is presented as current news. No matching post-YC Form D found.,2026-10-01T00:53:22Z
salarybook,SalaryBook,Summer 2021,No evidence found,,,,,,,,,,,,,,,,,,Checked: no post-YC Form D matching the founders; no funding statement on website (9 pages) or YC page. LinkedIn/X/Crunchbase need a logged-in browser. National register for IN not checked.,2026-10-01T00:53:20Z
atmana,Atmana,Summer 2021,No evidence found,,,,,,,,,,,,,,,,,,Checked: no post-YC Form D matching the founders; no funding statement on website (2 pages) or YC page. LinkedIn/X/Crunchbase need a logged-in browser. National register for AE not checked.,2026-10-01T00:53:17Z
odwen,ODWEN,Summer 2021,No evidence found,,,,,,,,,,,,,,,,,,Checked: no post-YC Form D matching the founders; no funding statement on website (0 pages) or YC page. LinkedIn/X/Crunchbase need a logged-in browser. National register for IN not checked.,2026-10-01T00:53:19Z
coulomb-ai,Coulomb AI,Summer 2021,No evidence found,,,,,,,,,,,,,,,,,,Checked: no post-YC Form D matching the founders; no funding statement on website (1 pages) or YC page. LinkedIn/X/Crunchbase need a logged-in browser. National register for IN not checked.,2026-10-01T00:53:20Z
koshex,Koshex,Summer 2021,No evidence found,,,,,,,,,,,,,,,,,,Checked: no post-YC Form D matching the founders; no funding statement on website (8 pages) or YC page. LinkedIn/X/Crunchbase need a logged-in browser. National register for IN not checked.,2026-10-01T00:53:23Z
affogato-ai,Affogato AI,Summer 2021,No evidence found,,,,,,,,,,,,,,,,,,Checked: no post-YC Form D matching the founders; no funding statement on website (2 pages) or YC page. LinkedIn/X/Crunchbase need a logged-in browser.,2026-10-01T00:53:22Z
kalam-labs,Kalam Labs,Summer 2021,Yes,450000,,2021-08-13,,4,Press (linked from YC company page),https://venturebeat.com/2021/08/13/kalam-labs-raises-450k-for-its-livestreaming-platform-for-educational-games/,Kalam Labs raises $450K for its livestreaming platform for educational games | VentureBeat,,,,,,,,,Medium,No matching post-YC Form D found.,2026-10-01T00:53:25Z
frontpage,FrontPage,Summer 2021,No evidence found,,,,,,,,,,,,,,,,,,"Unverified Form D by same-named person: Crowdware Labs Inc. 0001931832-22-000001 sold 1058 (first sale 2022-06-01, San Francisco); likely a different person. Checked: no post-YC Form D matching the founders; no funding statement on website (11 pages) or YC page. LinkedIn/X/Crunchbase need a logged-in browser. National register for IN not checked.",2026-10-01T00:53:24Z
levro,Levro,Summer 2021,No evidence found,,,,,,,,,,,,,,,,,,Checked: no post-YC Form D matching the founders; no funding statement on website (1 pages) or YC page. LinkedIn/X/Crunchbase need a logged-in browser.,2026-10-01T00:53:23Z
ananya-health,Ananya Health,Summer 2021,Yes,404000,SAFE (per Form D; stage not stated),2025-03-27,,1,SEC Form D/A,https://www.sec.gov/Archives/edgar/data/2064779/000114036126021530/primary_doc.xml,totalAmountSold: 404000; totalOfferingAmount: Indefinite; dateOfFirstSale: 2025-03-27,0002064779,0001140361-26-021530,404000,Indefinite,2025-03-27,Equity; OptionToAcquire; Other; Other: SAFE,5,"Ananya Health, Inc.",High,,2026-10-01T00:53:26Z
catena-biosciences,Catena Biosciences,Summer 2021,No evidence found,,,,,,,,,,,,,,,,,,Checked: no post-YC Form D matching the founders; no funding statement on website (1 pages) or YC page. LinkedIn/X/Crunchbase need a logged-in browser.,2026-10-01T00:53:33Z
karbon-card,Karbon Card,Summer 2021,No evidence found,,,,,,,,,,,,,,,,,,Checked: no post-YC Form D matching the founders; no funding statement on website (3 pages) or YC page. LinkedIn/X/Crunchbase need a logged-in browser. National register for IN not checked.,2026-10-01T00:53:25Z
arq,ARQ,Summer 2021,No evidence found,,,,,,,,,,,,,,,,,,Checked: no post-YC Form D matching the founders; no funding statement on website (9 pages) or YC page. LinkedIn/X/Crunchbase need a logged-in browser.,2026-10-01T00:53:36Z
replo,Replo,Summer 2021,No evidence found,,,,,,,,,,,,,,,,,,Checked: no post-YC Form D matching the founders; no funding statement on website (3 pages) or YC page. LinkedIn/X/Crunchbase need a logged-in browser.,2026-10-01T00:53:26Z
rootly,Rootly,Summer 2021,Yes,3200000,Seed,2021-07-08,,4,Press (linked from YC company page),https://techcrunch.com/2021/07/08/rootly-nabs-3-2m-seed-to-build-sre-incident-management-solution-inside-slack/,Rootly nabs $3.2M seed to build SRE incident management solution inside Slack – TechCrunch,,,,,,,,,Medium,No matching post-YC Form D found.,2026-10-01T00:53:30Z
potion,Potion,Summer 2021,No evidence found,,,,,,,,,,,,,,,,,,Checked: no post-YC Form D matching the founders; no funding statement on website (3 pages) or YC page. LinkedIn/X/Crunchbase need a logged-in browser.,2026-10-01T00:53:30Z
jestor,Jestor,Summer 2021,No evidence found,,,,,,,,,,,,,,,,,,Checked: no post-YC Form D matching the founders; no funding statement on website (2 pages) or YC page. LinkedIn/X/Crunchbase need a logged-in browser.,2026-10-01T00:53:28Z
flow-club,Flow Club,Summer 2021,Yes,5000000,,,,2,YC company/launch page,https://www.ycombinator.com/companies/flow-club,"just presented at Y Combinator's Summer 2021 Demo Day, raised $5M, and hiring our founding team.",,,,,,,,,High,"Unverified Form D by same-named person: Optelos, Inc. 0001830012-22-000004 sold 3285429 (first sale 2022-09-20, Cedar Park); likely a different person. Round date not stated on the source page; assumed post-YC because it is presented as current news. No matching post-YC Form D found.",2026-10-01T00:53:32Z
concord-materials,Concord Materials,Summer 2021,No evidence found,,,,,,,,,,,,,,,,,,Checked: no post-YC Form D matching the founders; no funding statement on website (2 pages) or YC page. LinkedIn/X/Crunchbase need a logged-in browser.,2026-10-01T00:53:33Z
baraka,Baraka,Summer 2021,Yes,4000000,Seed,2021-08-03,,4,Press (linked from YC company page),https://www.menabytes.com/baraka-seed/,"Baraka raises $4 million seed, launches investment app to connect retail investors in Middle East with US markets",,,,,,,,,Medium,No matching post-YC Form D found.,2026-10-01T00:53:34Z
archbee,Archbee,Summer 2021,Yes,3000000,,,,2,Company website,https://www.archbee.com/blog,"Aiur.\"",\""image\"":\""/authors/dragos.jpg\"",\""sameAs\"":[\""http://twitter.com/happydragos\"",\""https://www.linkedin.com/in/dragos-bulugean/\""]},\""datePublished\"":\""Tue Feb 15 2022 13:07:57 GMT+0000 (Coordinated Universal Time)\"",\""dateModified\"":\""2026-08-29T10:00:00.000Z\"",\""url\"":\""https://www.archbee.com/blog/welcome-to-the-team-email\"",\""image\"":\""https://uploads-ssl.webflow.com/5f7178312623813d346b8936/620ba58cdd136986152c4c21_Archbee%20featured%20blog%20image%20welcome%20to%20the%20team%20email.jpg\""},{\""@type\"":\""BlogPosting\"",\""headline\"":\""Archbee raises $3M to rethink documen",,,,,,,,,High,Round date not stated on the source page; assumed post-YC because it is presented as current news. No matching post-YC Form D found.,2026-10-01T00:53:36Z
varos,Varos,Summer 2021,No evidence found,,,,,,,,,,,,,,,,,,Checked: no post-YC Form D matching the founders; no funding statement on website (10 pages) or YC page. LinkedIn/X/Crunchbase need a logged-in browser.,2026-10-01T00:53:36Z
carbonfact,Carbonfact,Summer 2021,Yes,17000000,,,,2,Company website,https://www.carbonfact.com/about,"We've raised $17 million in funding , backed by some of the world's leading investors.",,,,,,,,,High,Round date not stated on the source page; assumed post-YC because it is presented as current news. No matching post-YC Form D found.,2026-10-01T00:53:38Z
abstra,Abstra,Summer 2021,No evidence found,,,,,,,,,,,,,,,,,,Checked: no post-YC Form D matching the founders; no funding statement on website (2 pages) or YC page. LinkedIn/X/Crunchbase need a logged-in browser. National register for BR not checked.,2026-10-01T00:53:37Z
stipop,Stipop,Summer 2021,No evidence found,,,,,,,,,,,,,,,,,,"Unverified Form D by same-named person: PG EB5 Oconee Lender, LLC 0002152034-26-000001 sold 0 (first sale yetToOccur, Atlanta); likely a different person. Checked: no post-YC Form D matching the founders; no funding statement on website (2 pages) or YC page. LinkedIn/X/Crunchbase need a logged-in browser.",2026-10-01T00:53:46Z
customily,Customily,Summer 2021,No evidence found,,,,,,,,,,,,,,,,,,Checked: no post-YC Form D matching the founders; no funding statement on website (2 pages) or YC page. LinkedIn/X/Crunchbase need a logged-in browser.,2026-10-01T00:53:40Z
deskimo,Deskimo,Summer 2021,Yes,3000000,,2021-11-16,,4,Press (linked from YC company page),https://techcrunch.com/2021/11/16/deskimo-seed-round/,"Deskimo, the on-demand desk booking app, raises $3M and expands to Jakarta – TechCrunch",,,,,,,,,Medium,"Unverified Form D by same-named person: UGL-Libbie LLC 0001939987-22-000001 sold 1510000 (first sale 2022-07-07, Glen Allen); likely a different person. No matching post-YC Form D found.",2026-10-01T00:53:41Z
hive-health,Hive Health,Summer 2021,No evidence found,,,,,,,,,,,,,,,,,,Checked: no post-YC Form D matching the founders; no funding statement on website (1 pages) or YC page. LinkedIn/X/Crunchbase need a logged-in browser. National register for PH not checked.,2026-10-01T00:53:41Z
yummy-inc,Yummy,Summer 2021,Yes,47000000,,2022-06-02,,4,Press (linked from YC company page),https://www.forbes.com/sites/jonathankeane/2022/06/02/latin-american-super-app-yummy-raises-47-million-in-fresh-funds/,Latin American ‘Super App’ Yummy Raises $47 Million In Fresh Funds,,,,,,,,,Medium,No matching post-YC Form D found.,2026-10-01T00:53:47Z
mindstate-design-labs,Mindstate Design Labs,Summer 2021,Yes,12698587,Equity (per Form D; stage not stated),2024-11-08,,1,SEC Form D,https://www.sec.gov/Archives/edgar/data/2046478/000204647824000001/primary_doc.xml,totalAmountSold: 12698587; totalOfferingAmount: 15103934; dateOfFirstSale: 2024-11-08,0002046478,0002046478-24-000001,12698587,15103934,2024-11-08,Equity,43,"Mindstate Design Labs, Inc.",High,,2026-10-01T00:53:43Z
pipekit,Pipekit,Summer 2021,No evidence found,,,,,,,,,,,,,,,,,,Checked: no post-YC Form D matching the founders; no funding statement on website (10 pages) or YC page. LinkedIn/X/Crunchbase need a logged-in browser.,2026-10-01T00:53:44Z
staffbar,Superwall,Summer 2021,Unclear,,,,,2,Company website,https://superwall.com/blog,"July 13, 2026 Superwall acquires Tangent and raises $7.5M Jake Mor .",,,,,,,,,Low,Manual review: the quoted $7.5M raise is by Superwall (which acquired Tangent); its link to Staffbar is unclear.,2026-10-01T00:53:47Z
odys-aviation,Odys Aviation,Summer 2021,Yes,26000000,Series A,,,2,Company website,https://www.odysaviation.com/about,"Odys Aviation closed its Series A funding round, raising $26m to accelerate full- scale flight testing, manufacturing readiness and global launch programs.",,,,,,,,,High,Round date not stated on the source page; assumed post-YC because it is presented as current news. Other stated figure: $12M (https://techcrunch.com/2022/02/10/odys-aviation-formerly-craft-aerospace-raises-12m-for-its-unique-vtol-passenger-aircraft/). No matching post-YC Form D found.,2026-10-01T00:53:47Z
legion-health,Legion Health,Summer 2021,Yes,52121428,Equity (per Form D; stage not stated),2021-06-14,,1,SEC Form D,https://www.sec.gov/Archives/edgar/data/1686302/000089706922000402/primary_doc.xml,totalAmountSold: 29999994; totalOfferingAmount: 29999994; dateOfFirstSale: 2022-05-20,0001686302,0000897069-22-000402,29999994,29999994,2022-05-20,Equity,4,Moxe Health Corp,High,"5 post-YC Form D offerings summed: 0001916502-22-000003 $3665500 (2021-06-14), 0000897069-22-000402 $29999994 (2022-05-20), 0001916502-24-000001 $2030000 (2024-09-10), 0001916502-25-000002 $410000 (2025-11-13), 0001916502-26-000002 $16015934 (2026-06-17) Unverified Form D by same-named person: Rise Oil & Gas, Inc. 0001914513-22-000001 sold 800000 (first sale 2022-02-15, Austin); likely a different person. Unverified Form D by same-named person: Rise Oil & Gas, Inc. 0001493152-23-012225 sold 0 (first sale yetToOccur, Austin); likely a different person. Unverified Form D by same-named person: Rise Oil & Gas, Inc. 0001493152-24-016716 sold 125000 (first sale 2024-04-25, Austin); likely a different person. Unverified Form D by same-named person: Flexbase Technologies, Inc. 0001981203-25-000001 sold 28704565 (first sale 2024-10-24, San Francisco); likely a different person. Unverified Form D by same-named person: Rise Oil & Gas, Inc. 0001641172-25-005495 sold 500000 (first sale 2025-04-21, Austin); likely a different person.",2026-10-01T00:54:15Z
talus-bio,Talus Bio,Summer 2021,Yes,9423516,Equity (per Form D; stage not stated),2024-07-29,Two Bear Capital.,1,SEC Form D,https://www.sec.gov/Archives/edgar/data/2033246/000203324624000001/primary_doc.xml,totalAmountSold: 9423516; totalOfferingAmount: 11300000; dateOfFirstSale: 2024-07-29,0002033246,0002033246-24-000001,9423516,11300000,2024-07-29,Equity,11,"Talus Bioscience, Inc.",High,,2026-10-01T00:53:52Z
hotglue,hotglue,Summer 2021,Yes,4000000,Seed,,,2,Company website,https://hotglue.com/blog/,Announcing hotglue’s $4M Seed Round.,,,,,,,,,High,Round date not stated on the source page; assumed post-YC because it is presented as current news. No matching post-YC Form D found.,2026-10-01T00:53:47Z
artillery,Artillery,Summer 2021,No evidence found,,,,,,,,,,,,,,,,,,Checked: no post-YC Form D matching the founders; no funding statement on website (10 pages) or YC page. LinkedIn/X/Crunchbase need a logged-in browser. National register for IE not checked.,2026-10-01T00:53:50Z
marketfeed,marketfeed,Summer 2021,No evidence found,,,,,,,,,,,,,,,,,,Checked: no post-YC Form D matching the founders; no funding statement on website (2 pages) or YC page. LinkedIn/X/Crunchbase need a logged-in browser. National register for IN not checked.,2026-10-01T00:53:55Z
aoa-dx-inc,AOA Dx,Summer 2021,Yes,36181595,Equity (per Form D; stage not stated),2021-11-03,,1,SEC Form D,https://www.sec.gov/Archives/edgar/data/1869920/000186992023000001/primary_doc.xml,totalAmountSold: 23611721; totalOfferingAmount: 24188865; dateOfFirstSale: 2023-07-11,0001869920,0001869920-23-000001,23611721,24188865,2023-07-11,Equity,119,AOA DX Inc.,High,"4 post-YC Form D offerings summed: 0001869920-21-000002 $2639450 (2021-11-03), 0001869920-23-000001 $23611721 (2023-07-11), 0001869920-24-000001 $1845060 (2024-12-05), 0001869920-25-000002 $8085364 (2025-10-01) pre yc Form D 0001869920-21-000001: sold 2500000 first sale 2021-02-26 Form D clarification: Total Offering Amount and Total Amount Sold includes the conversion of convertible notes and simple agreements for future equity into shares of preferred stock. Tier 2 source states $7 million (https://aoadx.com/news/); Form D figure kept.",2026-10-01T00:54:42Z
contalink,Contalink,Summer 2021,No evidence found,,,,,,,,,,,,,,,,,,Checked: no post-YC Form D matching the founders; no funding statement on website (2 pages) or YC page. LinkedIn/X/Crunchbase need a logged-in browser. National register for MX not checked.,2026-10-01T00:53:52Z
agape,Agapé,Summer 2021,No evidence found,,,,,,,,,,,,,,,,,,Checked: no post-YC Form D matching the founders; no funding statement on website (2 pages) or YC page. LinkedIn/X/Crunchbase need a logged-in browser.,2026-10-01T00:53:56Z
reframe,Reframe,Summer 2021,No evidence found,,,,,,,,,,,,,,,,,,"Unverified Form D by same-named person: Glucobit Inc. 0001905181-22-000001 sold 17450000 (first sale 2021-12-31, Atlanta); likely a different person. Checked: no post-YC Form D matching the founders; no funding statement on website (8 pages) or YC page. LinkedIn/X/Crunchbase need a logged-in browser.",2026-10-01T00:54:02Z
blixo,Blixo,Summer 2021,No evidence found,,,,,,,,,,,,,,,,,,Checked: no post-YC Form D matching the founders; no funding statement on website (2 pages) or YC page. LinkedIn/X/Crunchbase need a logged-in browser.,2026-10-01T00:53:54Z
inversion-space,Inversion Space,Summer 2021,Yes,44000000,,2024-11-20,,4,Press (linked from YC company page),https://www.axios.com/2024/11/20/inversion-space,Startup raises $44 million to deliver items from space to anywhere on Earth,,,,,,,,,Medium,Other stated figure: $10 million (https://spacenews.com/startup-raises-10-million-to-develop-return-vehicle-for-space-cargo/). No matching post-YC Form D found.,2026-10-01T00:53:58Z
epsilon3-inc,Epsilon3,Summer 2021,Yes,15000000,Equity (per Form D; stage not stated),2022-05-25,,1,SEC Form D,https://www.sec.gov/Archives/edgar/data/1936216/000193621622000001/primary_doc.xml,totalAmountSold: 15000000; totalOfferingAmount: 15000000; dateOfFirstSale: 2022-05-25,0001936216,0001936216-22-000001,15000000,15000000,2022-05-25,Equity,6,"Epsilon3, Inc.",High,Tier 2 source states $2.8M (https://www.epsilon3.io/press); Form D figure kept.,2026-10-01T00:54:02Z
slope,Slope,Summer 2021,Yes,8307500,Equity (per Form D; stage not stated),2021-09-07,,1,SEC Form D,https://www.sec.gov/Archives/edgar/data/1882129/000188212921000001/primary_doc.xml,totalAmountSold: 7877500; totalOfferingAmount: 7902500; dateOfFirstSale: 2021-09-07,0001882129,0001882129-21-000001,7877500,7902500,2021-09-07,Equity,36,"Slope Tech, Inc.",High,"2 post-YC Form D offerings summed: 0001882129-21-000001 $7877500 (2021-09-07), 0001882129-21-000002 $430000 (2021-11-29) Tier 2 source states $252M (https://slopepay.com/blog/slope-jp-morgan-funding); Form D figure kept.",2026-10-01T00:54:05Z
promakhos-therapeutics,Promakhos Therapeutics,Summer 2021,No evidence found,,,,,,,,,0001889681,,,,,,,Promakhos Therapeutics Inc.,,pre yc Form D 0001889681-22-000002: sold 2246500 first sale 2021-03-12 Checked: no post-YC Form D matching the founders; no funding statement on website (1 pages) or YC page. LinkedIn/X/Crunchbase need a logged-in browser.,2026-10-01T00:54:01Z
openlayer,Openlayer,Summer 2021,Yes,14500000,Series A,,,2,Company website,https://www.openlayer.com/blog,"May 14, 2025 We’ve Raised a $14.5M Series A to Build the AI Reliability Platform.",,,,,,,,,High,Round date not stated on the source page; assumed post-YC because it is presented as current news. No matching post-YC Form D found.,2026-10-01T00:54:04Z
palettehq,PaletteHQ,Summer 2021,No evidence found,,,,,,,,,,,,,,,,,,Checked: no post-YC Form D matching the founders; no funding statement on website (2 pages) or YC page. LinkedIn/X/Crunchbase need a logged-in browser. National register for FR not checked.,2026-10-01T00:54:01Z
cococart,Cococart,Summer 2021,No evidence found,,,,,,,,,,,,,,,,,,Checked: no post-YC Form D matching the founders; no funding statement on website (1 pages) or YC page. LinkedIn/X/Crunchbase need a logged-in browser. National register for ES not checked.,2026-10-01T00:54:03Z
palla,Palla,Summer 2021,Yes,14546091,Equity (per Form D; stage not stated),2025-03-20,,1,SEC Form D,https://www.sec.gov/Archives/edgar/data/2065806/000206580625000001/primary_doc.xml,totalAmountSold: 14546091; totalOfferingAmount: 14546091; dateOfFirstSale: 2025-03-20,0002065806,0002065806-25-000001,14546091,14546091,2025-03-20,Equity,47,Palla Financial Inc.,High,"Unverified Form D by same-named person: Descript, Inc. 0001833466-22-000001 sold 50594957 (first sale 2022-11-10, San Francisco); likely a different person. Unverified Form D by same-named person: Descript, Inc. 0001833466-23-000001 sold 53699918 (first sale 2022-11-10, San Francisco); likely a different person.",2026-10-01T00:54:09Z
marqvision,MarqVision,Summer 2021,Yes,20000000,,2022-08-02,,4,Press (linked from YC company page),https://dot.la/marqvision-counterfeit-ai-2657796765.html,MarqVision Raises $20M to Stop Online Counterfeiters - dot.LA,,,,,,,,,Medium,No matching post-YC Form D found.,2026-10-01T00:54:33Z
slash,Slash,Summer 2021,Yes,,Series C,,,2,Company website,https://www.slash.com/blog/series-c,"Series C funding round, propelling its valuation to an impressive $1.4 billion?",,,,,,,,,Medium,Manual review: $1.4B is the valuation after a Series C; round amount not on the source page. Total raised needs checking against the $200M cap.,2026-10-01T00:54:07Z
polymath-robotics,Polymath Robotics,Summer 2022,No evidence found,,,,,,,,,,,,,,,,,,Checked: no post-YC Form D matching the founders; no funding statement on website (4 pages) or YC page. LinkedIn/X/Crunchbase need a logged-in browser.,2026-10-01T00:54:07Z
morf-health,Morf Health,Summer 2022,Yes,3000000,,2023-11-15,,2,Company website,https://www.morf.health/post/morf-health-seed-round-blog-post,Morf Health raises $3M to make automating healthcare operations easy,,,,,,,,,High,"Unverified Form D by same-named person: DCCM, LLC 0001872869-22-000001 sold 5400000 (first sale 2022-05-27, Miami); likely a different person. Unverified Form D by same-named person: DCCM, LLC 0001872869-22-000002 sold 8120700 (first sale 2022-07-01, Miami); likely a different person. Unverified Form D by same-named person: DCCM, LLC 0001872869-22-000003 sold 13822100 (first sale 2022-10-11, Miami); likely a different person. No matching post-YC Form D found.",2026-10-01T00:54:24Z
materee,Materee,Summer 2022,No evidence found,,,,,,,,,,,,,,,,,,Checked: no post-YC Form D matching the founders; no funding statement on website (10 pages) or YC page. LinkedIn/X/Crunchbase need a logged-in browser. National register for ID not checked.,2026-10-01T00:54:08Z
ping,Ping,Summer 2022,No evidence found,,,,,,,,,,,,,,,,,,Checked: no post-YC Form D matching the founders; no funding statement on website (0 pages) or YC page. LinkedIn/X/Crunchbase need a logged-in browser. National register for AR not checked.,2026-10-01T00:54:54Z
guardian-bio,Guardian Bio,Summer 2022,No evidence found,,,,,,,,,,,,,,,,,,Checked: no post-YC Form D matching the founders; no funding statement on website (1 pages) or YC page. LinkedIn/X/Crunchbase need a logged-in browser.,2026-10-01T00:54:11Z
integrated-reasoning,Integrated Reasoning,Summer 2022,No evidence found,,,,,,,,,,,,,,,,,,Checked: no post-YC Form D matching the founders; no funding statement on website (3 pages) or YC page. LinkedIn/X/Crunchbase need a logged-in browser.,2026-10-01T00:54:20Z
coverage-cat,Coverage Cat,Summer 2022,Yes,4000000,OptionToAcquire (per Form D; stage not stated),2022-07-11,,1,SEC Form D/A,https://www.sec.gov/Archives/edgar/data/1947379/000194737923000001/primary_doc.xml,totalAmountSold: 4000000; totalOfferingAmount: 10000000; dateOfFirstSale: 2022-07-11,0001947379,0001947379-23-000001,4000000,10000000,2022-07-11,OptionToAcquire,18,Coverage Cat Inc.,High,"First sale is close to batch start, so the Form D total may include YC's $500K.",2026-10-01T00:54:17Z
accessowl,AccessOwl,Summer 2022,No evidence found,,,,,,,,,,,,,,,,,,Checked: no post-YC Form D matching the founders; no funding statement on website (2 pages) or YC page. LinkedIn/X/Crunchbase need a logged-in browser. National register for DE not checked.,2026-10-01T00:54:15Z
intuned,Intuned,Summer 2022,No evidence found,,,,,,,,,,,,,,,,,,Checked: no post-YC Form D matching the founders; no funding statement on website (2 pages) or YC page. LinkedIn/X/Crunchbase need a logged-in browser.,2026-10-01T00:54:17Z
cone,Cone,Summer 2022,Yes,1650104,Equity (per Form D; stage not stated),2023-03-29,,1,SEC Form D/A,https://www.sec.gov/Archives/edgar/data/1966321/000196632124000001/primary_doc.xml,totalAmountSold: 1650104; totalOfferingAmount: 1657500; dateOfFirstSale: 2023-03-29,0001966321,0001966321-24-000001,1650104,1657500,2023-03-29,Equity,22,"Cone Software, Inc.",High,,2026-10-01T00:54:28Z
landeed,Landeed,Summer 2022,No evidence found,,,,,,,,,,,,,,,,,,Checked: no post-YC Form D matching the founders; no funding statement on website (5 pages) or YC page. LinkedIn/X/Crunchbase need a logged-in browser. National register for IN not checked.,2026-10-01T00:55:58Z
axle,Axle,Summer 2022,Yes,4062903,Equity (per Form D; stage not stated),2022-10-06,,1,SEC Form D,https://www.sec.gov/Archives/edgar/data/1951844/000195184422000001/primary_doc.xml,totalAmountSold: 4062903; totalOfferingAmount: 4062903; dateOfFirstSale: 2022-10-06,0001951844,0001951844-22-000001,4062903,4062903,2022-10-06,Equity,14,"Axle Labs, Inc.",High,"Form D clarification: Includes $500,000.00 in value of cancelled promissory notes. Does not include
$9,996.10 sold to two investors who reside outside the United States. Tier 2 source states $17.5M (https://www.axle.insure/about); Form D figure kept.",2026-10-01T00:54:23Z
cambio-2,Cambio,Summer 2022,Yes,18000000,,,,2,Company website,https://www.cambio.ai,Cambio raises $18M to transform commercial real estate operations with agentic AI..,,,,,,,,,High,Round date not stated on the source page; assumed post-YC because it is presented as current news. No matching post-YC Form D found.,2026-10-01T00:54:30Z
invision-medical-technology,InVision Medical Technology,Summer 2022,No evidence found,,,,,,,,,,,,,,,,,,Checked: no post-YC Form D matching the founders; no funding statement on website (6 pages) or YC page. LinkedIn/X/Crunchbase need a logged-in browser.,2026-10-01T00:54:26Z
kamion,Kamion,Summer 2022,Yes,2000000,Seed,2022-12-13,,4,Press (linked from YC company page),https://magnitt.com/news/kamion-2m-seed-53802,Turkey's Kamion raises $2M SEED | MAGNiTT,,,,,,,,,Medium,No matching post-YC Form D found.,2026-10-01T00:54:26Z
flatx,FlatX,Summer 2022,No evidence found,,,,,,,,,,,,,,,,,,Checked: no post-YC Form D matching the founders; no funding statement on website (3 pages) or YC page. LinkedIn/X/Crunchbase need a logged-in browser. National register for IN not checked.,2026-10-01T00:54:30Z
delfino-ai,Delfino AI,Summer 2022,No evidence found,,,,,,,,,,,,,,,,,,Checked: no post-YC Form D matching the founders; no funding statement on website (2 pages) or YC page. LinkedIn/X/Crunchbase need a logged-in browser.,2026-10-01T00:54:30Z
kashin,Kashin,Summer 2022,No evidence found,,,,,,,,,,,,,,,,,,Checked: no post-YC Form D matching the founders; no funding statement on website (2 pages) or YC page. LinkedIn/X/Crunchbase need a logged-in browser. National register for PE not checked.,2026-10-01T00:54:32Z
velontra,Velontra,Summer 2022,Yes,250000,SAFE (per Form D; stage not stated),2025-02-25,,1,SEC Form D,https://www.sec.gov/Archives/edgar/data/1868798/000186879825000003/primary_doc.xml,totalAmountSold: 250000; totalOfferingAmount: 250000; dateOfFirstSale: 2025-02-25,0001868798,0001868798-25-000003,250000,250000,2025-02-25,SecurityToBeAcquired; Other; Other: SAFE: Simple Agreement for Future Equity,1,Velontra Inc.,High,pre yc Form D 0001868798-21-000001: sold 150000 first sale 2021-06-10,2026-10-01T00:54:34Z
rever,REVER,Summer 2022,Yes,7500000,,,,2,Company website,https://www.itsrever.com/en/blog/returnless-refunds-how-e-commerce-leaders-are-adopting-the-trend----a-rever-guide,Rever raises $7.5 million with software that speeds up online returns.,,,,,,,,,High,Round date not stated on the source page; assumed post-YC because it is presented as current news. No matching post-YC Form D found.,2026-10-01T00:54:38Z
algotest,AlgoTest,Summer 2022,No evidence found,,,,,,,,,,,,,,,,,,Checked: no post-YC Form D matching the founders; no funding statement on website (1 pages) or YC page. LinkedIn/X/Crunchbase need a logged-in browser. National register for IN not checked.,2026-10-01T00:54:34Z
sculpt,Sculpt,Summer 2022,No evidence found,,,,,,,,,,,,,,,,,,Checked: no post-YC Form D matching the founders; no funding statement on website (3 pages) or YC page. LinkedIn/X/Crunchbase need a logged-in browser. National register for IN not checked.,2026-10-01T00:54:35Z
knowtex,Knowtex,Summer 2022,No evidence found,,,,,,,,,,,,,,,,,,Checked: no post-YC Form D matching the founders; no funding statement on website (3 pages) or YC page. LinkedIn/X/Crunchbase need a logged-in browser.,2026-10-01T00:54:40Z
pump-co,Pump.co,Summer 2022,No evidence found,,,,,,,,,,,,,,,,,,Checked: no post-YC Form D matching the founders; no funding statement on website (4 pages) or YC page. LinkedIn/X/Crunchbase need a logged-in browser.,2026-10-01T00:54:37Z
movinglake,MovingLake,Summer 2022,No evidence found,,,,,,,,,,,,,,,,,,Checked: no post-YC Form D matching the founders; no funding statement on website (6 pages) or YC page. LinkedIn/X/Crunchbase need a logged-in browser. National register for MX not checked.,2026-10-01T00:54:38Z
express-building,Express Building,Summer 2022,No evidence found,,,,,,,,,,,,,,,,,,Checked: no post-YC Form D matching the founders; no funding statement on website (1 pages) or YC page. LinkedIn/X/Crunchbase need a logged-in browser. National register for SG not checked.,2026-10-01T00:54:42Z
jamble,Jamble,Summer 2022,No evidence found,,,,,,,,,,,,,,,,,,Checked: no post-YC Form D matching the founders; no funding statement on website (1 pages) or YC page. LinkedIn/X/Crunchbase need a logged-in browser. National register for BR not checked.,2026-10-01T00:54:45Z
clearline,Clearline,Summer 2022,Yes,2000000,,,,2,Company website,https://www.useclearline.com/blog,We've raised $2M to power the next generation of dealership operations.,,,,,,,,,High,Round date not stated on the source page; assumed post-YC because it is presented as current news. No matching post-YC Form D found.,2026-10-01T00:54:49Z
relevium-medical,Relevium Medical,Summer 2022,Unclear,,Non-dilutive grants,,,2,YC company/launch page,https://www.ycombinator.com/companies/relevium-medical,"To date, we have secured $3.7 million in non dilutive funding and completed preclinical testing.",,,,,,,,,Low,"Manual review: site says $3.7M in non-dilutive funding (grants), not a venture round.",2026-10-01T00:54:41Z
blockscope,Blockscope,Summer 2022,No evidence found,,,,,,,,,,,,,,,,,,Checked: no post-YC Form D matching the founders; no funding statement on website (10 pages) or YC page. LinkedIn/X/Crunchbase need a logged-in browser.,2026-10-01T00:54:44Z
wondercraft,Wondercraft,Summer 2022,Yes,3000000,,2024-01-29,,2,Company website,https://www.wondercraft.ai/blog/wondercraft-launches-audio-studio,Wondercraft raises $3m to build AI-powered Audio Studio,,,,,,,,,High,No matching post-YC Form D found.,2026-10-01T00:54:47Z
entvin,Entvin,Summer 2022,No evidence found,,,,,,,,,,,,,,,,,,Checked: no post-YC Form D matching the founders; no funding statement on website (10 pages) or YC page. LinkedIn/X/Crunchbase need a logged-in browser.,2026-10-01T00:54:48Z
autone,autone,Summer 2022,Yes,,Series A,2024-10-15,General Catalyst,4,Press (linked from YC company page),https://www.uktechnews.info/2024/10/16/autone-secures-13-million-series-a-investment-led-by-general-catalyst/,autone secures £13 Million Series A Investment led by General Catalyst – UK Tech Investment News by Deal Lite,,,,,,,,,Medium,Amount stated as £13 Million (not converted to USD). Other stated figure: €4.2M (https://siliconcanals.com/crowdfunding/autone-raises-4-2m/). No matching post-YC Form D found.,2026-10-01T00:54:49Z
oneleet,Oneleet,Summer 2022,Yes,33000000,,2025-10-02,,4,Press (linked from YC company page),https://techcrunch.com/2025/10/02/oneleet-raises-33m-to-shake-up-the-world-of-security-compliance/,Oneleet raises $33M to shake up the world of security compliance | TechCrunch,,,,,,,,,Medium,No matching post-YC Form D found.,2026-10-01T00:54:48Z
krave-mart,Krave Mart,Summer 2022,No evidence found,,,,,,,,,,,,,,,,,,Checked: no post-YC Form D matching the founders; no funding statement on website (5 pages) or YC page. LinkedIn/X/Crunchbase need a logged-in browser. National register for PK not checked.,2026-10-01T00:54:55Z
drahim,Drahim 💰,Summer 2022,No evidence found,,,,,,,,,,,,,,,,,,Checked: no post-YC Form D matching the founders; no funding statement on website (1 pages) or YC page. LinkedIn/X/Crunchbase need a logged-in browser. National register for SA not checked.,2026-10-01T00:54:52Z
levers,Levers,Summer 2022,No evidence found,,,,,,,,,,,,,,,,,,Checked: no post-YC Form D matching the founders; no funding statement on website (2 pages) or YC page. LinkedIn/X/Crunchbase need a logged-in browser. National register for SA not checked.,2026-10-01T00:54:53Z
superbar,Superbar,Summer 2022,No evidence found,,,,,,,,,,,,,,,,,,Checked: no post-YC Form D matching the founders; no funding statement on website (5 pages) or YC page. LinkedIn/X/Crunchbase need a logged-in browser. National register for CA not checked.,2026-10-01T00:54:52Z
firecrawl,Firecrawl,Summer 2022,Yes,99389149,Series B (Equity per Form D),2023-08-23,Smash Capital,1,SEC Form D,https://www.sec.gov/Archives/edgar/data/2072161/000207216126000001/primary_doc.xml,totalAmountSold: 82063463; totalOfferingAmount: Indefinite; dateOfFirstSale: 2026-08-31,0002072161,0002072161-26-000001,82063463,Indefinite,2026-08-31,Equity; Other; Other: Shares of Preferred Stock of the Issuer and the shares of Issuer capital stock into which such Preferred Stock may convert.,7,SideGuide Technologies Inc.,High,"Legal name differs from brand; matched on related person(s) Caleb Peffer, Eric Ciarla, Nicolas Silberstein Camara, issuer in San Francisco, CA. 3 post-YC Form D offerings summed: 0002072161-25-000002 $102000 (2023-08-23), 0002072161-25-000004 $17223686 (2025-07-01), 0002072161-26-000001 $82063463 (2026-08-31) yc deal like Form D 0002072161-25-000001: sold 275000 first sale 2022-09-08 unsold Form D 0002072161-25-000003: sold 0 first sale 2023-09-15 Tier 2 source states $75M (https://www.firecrawl.dev/blog); Form D figure kept.",2026-10-01T00:55:17Z
solum-health,Solum Health,Summer 2022,No evidence found,,,,,,,,,,,,,,,,,,Checked: no post-YC Form D matching the founders; no funding statement on website (6 pages) or YC page. LinkedIn/X/Crunchbase need a logged-in browser.,2026-10-01T00:54:53Z
foodcourt,FoodCourt,Summer 2022,No evidence found,,,,,,,,,,,,,,,,,,Checked: no post-YC Form D matching the founders; no funding statement on website (4 pages) or YC page. LinkedIn/X/Crunchbase need a logged-in browser. National register for NG not checked.,2026-10-01T00:54:59Z
sunpia,Sunpia,Summer 2022,No evidence found,,,,,,,,,,,,,,,,,,Checked: no post-YC Form D matching the founders; no funding statement on website (2 pages) or YC page. LinkedIn/X/Crunchbase need a logged-in browser.,2026-10-01T00:55:00Z
invofox,Invofox,Summer 2022,No evidence found,,,,,,,,,,,,,,,,,,Checked: no post-YC Form D matching the founders; no funding statement on website (10 pages) or YC page. LinkedIn/X/Crunchbase need a logged-in browser. National register for ES not checked.,2026-10-01T00:55:00Z
avina,Avina,Summer 2022,No evidence found,,,,,,,,,,,,,,,,,,Checked: no post-YC Form D matching the founders; no funding statement on website (6 pages) or YC page. LinkedIn/X/Crunchbase need a logged-in browser.,2026-10-01T00:54:59Z
boton,Boton,Summer 2022,No evidence found,,,,,,,,,,,,,,,,,,Checked: no post-YC Form D matching the founders; no funding statement on website (1 pages) or YC page. LinkedIn/X/Crunchbase need a logged-in browser. National register for PA not checked.,2026-10-01T00:55:03Z
primevault,PrimeVault,Summer 2022,No evidence found,,,,,,,,,,,,,,,,,,Checked: no post-YC Form D matching the founders; no funding statement on website (2 pages) or YC page. LinkedIn/X/Crunchbase need a logged-in browser. National register for IN not checked.,2026-10-01T00:55:01Z
kemnet,KemNet,Summer 2022,No evidence found,,,,,,,,,,,,,,,,,,Checked: no post-YC Form D matching the founders; no funding statement on website (0 pages) or YC page. LinkedIn/X/Crunchbase need a logged-in browser. National register for CA not checked.,2026-10-01T00:55:08Z
homli,HOMLI,Summer 2022,No evidence found,,,,,,,,,,,,,,,,,,Checked: no post-YC Form D matching the founders; no funding statement on website (2 pages) or YC page. LinkedIn/X/Crunchbase need a logged-in browser.,2026-10-01T00:55:06Z
sanifu,Sanifu,Summer 2022,No evidence found,,,,,,,,,,,,,,,,,,Checked: no post-YC Form D matching the founders; no funding statement on website (10 pages) or YC page. LinkedIn/X/Crunchbase need a logged-in browser. National register for KE not checked.,2026-10-01T00:55:10Z
ad-army,Ad Army,Summer 2022,No evidence found,,,,,,,,,,,,,,,,,,Checked: no post-YC Form D matching the founders; no funding statement on website (1 pages) or YC page. LinkedIn/X/Crunchbase need a logged-in browser.,2026-10-01T00:55:13Z
relate,Relate,Summer 2022,Yes,2600000,,,,2,Company website,https://www.relate.so/blog/introducing-fundraising-crm-by-relate/,raised a few rounds of investment — totaling in about $2.6m to date.,,,,,,,,,High,Round date not stated on the source page; assumed post-YC because it is presented as current news. No matching post-YC Form D found.,2026-10-01T00:55:13Z
relay-health,Relay Health,Summer 2022,No evidence found,,,,,,,,,,,,,,,,,,Checked: no post-YC Form D matching the founders; no funding statement on website (8 pages) or YC page. LinkedIn/X/Crunchbase need a logged-in browser.,2026-10-01T00:55:13Z
nsave,nsave,Summer 2022,No evidence found,,,,,,,,,,,,,,,,,,Checked: no post-YC Form D matching the founders; no funding statement on website (7 pages) or YC page. LinkedIn/X/Crunchbase need a logged-in browser.,2026-10-01T00:55:11Z
lamin,Lamin,Summer 2022,No evidence found,,,,,,,,,,,,,,,,,,"Unverified Form D by same-named person: Santa Barbara Management Holdings, LLC 0002052352-25-000001 sold 1449332 (first sale 2024-12-30, Chicago); likely a different person. Unverified Form D by same-named person: Santa Barbara Management Holdings, LLC 0002052352-25-000004 sold 1497978 (first sale 2024-12-30, Chicago); likely a different person. Unverified Form D by same-named person: Mesa Residential Co LLC 0002078380-26-000001 sold 400000 (first sale 2026-03-23, San Francisco); likely a different person. Unverified Form D by same-named person: Mesa Residential Co LLC 0002078380-26-000002 sold 18750000 (first sale 2026-03-23, Santa Barbara); likely a different person. Checked: no post-YC Form D matching the founders; no funding statement on website (4 pages) or YC page. LinkedIn/X/Crunchbase need a logged-in browser.",2026-10-01T00:55:39Z
trendex-connect-with-stars,Trendex - Connect with stars,Summer 2022,Yes,280000,Convertible note (per Form D; stage not stated),2025-07-25,,1,SEC Form D,https://www.sec.gov/Archives/edgar/data/2079060/000207906025000001/primary_doc.xml,totalAmountSold: 280000; totalOfferingAmount: 750000; dateOfFirstSale: 2025-07-25,0002079060,0002079060-25-000001,280000,750000,2025-07-25,"Debt; Other; Other: Non-convertible note with fixed AFR interest and contingent, non-equity, profit participation based on defined revenue from specified digital assets. No equity, voting, or conversion rights. Treated as debt for U.S. tax purposes.",10,Trendex Inc.,High,,2026-10-01T00:55:15Z
compup,CompUp,Summer 2022,Yes,774248,Equity (per Form D; stage not stated),2023-08-02,,1,SEC Form D,https://www.sec.gov/Archives/edgar/data/1989407/000198940723000001/primary_doc.xml,totalAmountSold: 774248; totalOfferingAmount: 774448; dateOfFirstSale: 2023-08-02,0001989407,0001989407-23-000001,774248,774448,2023-08-02,Equity,1,"Experience Analytics, Inc.",High,"Legal name differs from brand; matched on related person(s) Anurag Dixit, Ramesh Konatham, issuer in San Francisco, CA.",2026-10-01T00:55:17Z
aiprise,AiPrise,Summer 2022,Yes,12500000,,2025-10-08,,4,Press (linked from YC company page),https://www.axios.com/pro/fintech-deals/2025/10/08/aiprise-12-million-global-compliance,AiPrise raises $12.5M to unify global KYB,,,,,,,,,Medium,No matching post-YC Form D found.,2026-10-01T00:55:16Z
roforco,Roforco,Summer 2022,No evidence found,,,,,,,,,,,,,,,,,,Checked: no post-YC Form D matching the founders; no funding statement on website (0 pages) or YC page. LinkedIn/X/Crunchbase need a logged-in browser. National register for NO not checked.,2026-10-01T00:55:15Z
wand-solar,Wand Solar,Summer 2022,No evidence found,,,,,,,,,,,,,,,,,,Checked: no post-YC Form D matching the founders; no funding statement on website (9 pages) or YC page. LinkedIn/X/Crunchbase need a logged-in browser. National register for IL not checked.,2026-10-01T00:55:17Z
vinci-games,Vinci Games,Summer 2022,Yes,5100000,,2023-04-18,,4,Press (linked from YC company page),https://www.roadtovr.com/vr-basketball-5-1m-funding-quest-2-steam/,"'Blacktop Hoops' Studio Announces $5.1M Funding Round, Open Beta Now Live – Road to VR",0001863070,,,,,,,Vinci Games Inc.,Medium,pre yc Form D 0001863070-21-000001: sold 0 first sale yetToOccur No matching post-YC Form D found.,2026-10-01T00:55:20Z
ekho,Ekho,Summer 2022,Yes,17300000,,2025-07-09,,2,Company website,https://www.ekho.com/case-studies/ekho-raises-17-3m-from-activant-jpmorgan-payments-winnebago-and-yc,"Ekho Raises $17.3M from Activant, JPMorgan Payments, Winnebago Industries, YC",,,,,,,,,High,"Unverified Form D by same-named person: Wood Dale MHP Limited Partnership 0001947606-22-000001 sold 5600000 (first sale 2022-10-19, Vancouver); likely a different person. Unverified Form D by same-named person: Altamont MHP Limited Partnership 0001992763-23-000001 sold 1600000 (first sale 2023-09-13, Klamath Falls); likely a different person. Unverified Form D by same-named person: Whaleshead MHP Limited Partnership 0001840984-23-000001 sold 9600000 (first sale 2023-10-31, Brookings); likely a different person. Unverified Form D by same-named person: Whaleshead MHP Limited Partnership 0001840984-23-000002 sold 9600000 (first sale 2023-10-31, Brookings); likely a different person. No matching post-YC Form D found.",2026-10-01T00:56:09Z
quindar,Quindar,Summer 2022,Yes,18000000,,2025-11-19,,4,Press (linked from YC company page),https://spacenews.com/quindar-raises-18-million-to-scale-satellite-operations-software/,Quindar raises $18 million to scale satellite operations software,,,,,,,,,Medium,"Unverified Form D by same-named person: EnteroBiotix LTD 0001104659-23-090923 sold 6706941 (first sale 2023-08-09, Glasgow); likely a different person. Unverified Form D by same-named person: EnteroBiotix LTD 0001104659-24-010131 sold 2565225 (first sale 2024-01-19, Glasgow); likely a different person. Unverified Form D by same-named person: EnteroBiotix LTD 0001104659-24-045110 sold 1262000 (first sale 2024-03-26, Glasgow); likely a different person. Unverified Form D by same-named person: Flueid Software Corp 0001846986-24-000001 sold 8299998 (first sale 2024-10-28, Austin); likely a different person. Unverified Form D by same-named person: Precision Aerospace & Defense Group, Inc. 0002009694-25-000003 sold 2500000 (first sale 2025-01-13, Aventura); likely a different person. Unverified Form D by same-named person: EnteroBiotix LTD 0001104659-25-070551 sold 1389676 (first sale 2025-07-11, Glasgow); likely a different person. Unverified Form D by same-named person: Precision Aerospace & Defense Group, Inc. 0002009694-25-000004 sold 400000 (first sale 2025-07-29, Aventura); likely a different person. Unverified Form D by same-named person: ISI Holdco, LLC 0002087865-25-000001 sold 150000 (first sale 2025-08-29, New York); likely a different person. Unverified Form D by same-named person: Precision Aerospace & Defense Group, Inc. 0002009694-26-000002 sold 325000 (first sale 2026-03-05, Aventura); likely a different person. Other stated figure: $6M (https://payloadspace.com/qui",2026-10-01T00:55:59Z
unthread,Unthread,Summer 2022,Yes,3000000,,2024-09-06,,4,Press (linked from YC company page),https://www.alleywatch.com/2024/08/unthread-ai-support-platform-integrated-embedded-slack-help-desk-tom-bachant/,Unthread Raises $3M to Empower Support Teams Within Slack with Automation – AlleyWatch,,,,,,,,,Medium,"Unverified Form D by same-named person: Get Turnout, Inc. 0002032858-24-000001 sold 7597338 (first sale 2024-07-19, New York); likely a different person. No matching post-YC Form D found.",2026-10-01T00:55:21Z
kombo,Kombo,Summer 2022,Yes,30000000,Series A,,Volition Capital,2,Company website,https://www.kombo.dev/blog,"challenge of the global workforce ecosystem, bringing total funding to $30M since 2022..",,,,,,,,,High,Round date not stated on the source page; assumed post-YC because it is presented as current news. Other stated figure: $25M (https://www.kombo.dev/blog). No matching post-YC Form D found.,2026-10-01T00:55:24Z
anchor,Anchor,Summer 2022,Yes,1000000,Pre-Seed,2022-09-02,,4,Press (linked from YC company page),https://disrupt-africa.com/2022/09/02/nigerian-banking-as-a-service-startup-anchor-raises-1m-pre-seed-round/,Nigerian banking-as-a-service startup Anchor raises $1m pre-seed round - Disrupt Africa,,,,,,,,,Medium,No matching post-YC Form D found.,2026-10-01T00:57:05Z
plutto,Plutto,Summer 2022,No evidence found,,,,,,,,,,,,,,,,,,Checked: no post-YC Form D matching the founders; no funding statement on website (10 pages) or YC page. LinkedIn/X/Crunchbase need a logged-in browser. National register for CL not checked.,2026-10-01T00:55:28Z
atlaswork,Atlas,Summer 2022,No evidence found,,,,,,,,,,,,,,,,,,Checked: no post-YC Form D matching the founders; no funding statement on website (3 pages) or YC page. LinkedIn/X/Crunchbase need a logged-in browser.,2026-10-01T00:55:28Z
artemis-search,Artemis Search,Summer 2022,No evidence found,,,,,,,,,,,,,,,,,,Checked: no post-YC Form D matching the founders; no funding statement on website (1 pages) or YC page. LinkedIn/X/Crunchbase need a logged-in browser.,2026-10-01T00:55:28Z
feather-2,Feather,Summer 2022,No evidence found,,,,,,,,,,,,,,,,,,"Unverified Form D by same-named person: Compiify, Inc. 0001998303-23-000001 sold 3900000 (first sale 2023-10-11, San Ramon); likely a different person. Checked: no post-YC Form D matching the founders; no funding statement on website (3 pages) or YC page. LinkedIn/X/Crunchbase need a logged-in browser.",2026-10-01T00:55:38Z
cobbery,Cobbery,Summer 2022,No evidence found,,,,,,,,,,,,,,,,,,Checked: no post-YC Form D matching the founders; no funding statement on website (10 pages) or YC page. LinkedIn/X/Crunchbase need a logged-in browser.,2026-10-01T00:55:39Z
fini,Fini,Summer 2022,Yes,3600000,Seed,,,2,Company website,https://www.usefini.com/blog/fini-microsoft-partnership,Announcing Fini's $3.6M Seed Round.,,,,,,,,,High,Round date not stated on the source page; assumed post-YC because it is presented as current news. No matching post-YC Form D found.,2026-10-01T00:55:33Z
metriport,Metriport,Summer 2022,Yes,28400000,,,,2,Company website,https://www.metriport.com/blog/metriport-series-a,"Founded in 2022, Metriport has raised $28.4 million to date from investors including Matrix, ARTIS, and Y Combinator.",,,,,,,,,High,Round date not stated on the source page; assumed post-YC because it is presented as current news. Other stated figure: $26 million (https://www.metriport.com/). No matching post-YC Form D found.,2026-10-01T00:55:35Z
aurelian,Aurelian,Summer 2022,Yes,14000000,Series A,,,2,Company website,https://www.aurelian.com/blog,Aurelian Raises $14M Series A to Ease 911 Dispatcher Workloads with AI.,,,,,,,,,High,Round date not stated on the source page; assumed post-YC because it is presented as current news. No matching post-YC Form D found.,2026-10-01T00:55:58Z
quinn,Quinn,Summer 2022,No evidence found,,,,,,,,,,,,,,,,,,Checked: no post-YC Form D matching the founders; no funding statement on website (2 pages) or YC page. LinkedIn/X/Crunchbase need a logged-in browser.,2026-10-01T00:56:12Z
rima-ai,Rima AI (formerly Garage),Summer 2022,No evidence found,,,,,,,,,,,,,,,,,,Checked: no post-YC Form D matching the founders; no funding statement on website (5 pages) or YC page. LinkedIn/X/Crunchbase need a logged-in browser.,2026-10-01T00:55:41Z
chowdeck,Chowdeck,Summer 2022,Yes,15391835,Equity (per Form D; stage not stated),2025-07-09,,1,SEC Form D,https://www.sec.gov/Archives/edgar/data/2078384/000123191925000147/primary_doc.xml,totalAmountSold: 15391835; totalOfferingAmount: 16305037; dateOfFirstSale: 2025-07-09,0002078384,0001231919-25-000147,15391835,16305037,2025-07-09,Equity,79,Chowdeck Logistics Inc.,High,"Form D clarification: Total Offering and Sale Amounts includes the conversion of $6,305,038.07 in convertible securities previously issued by the Company.",2026-10-01T00:55:45Z
maya-labs,Maya Labs,Summer 2022,No evidence found,,,,,,,,,,,,,,,,,,Checked: no post-YC Form D matching the founders; no funding statement on website (1 pages) or YC page. LinkedIn/X/Crunchbase need a logged-in browser. National register for IN not checked.,2026-10-01T00:55:43Z
flycode,FlyCode,Summer 2022,No evidence found,,,,,,,,,,,,,,,,,,Checked: no post-YC Form D matching the founders; no funding statement on website (2 pages) or YC page. LinkedIn/X/Crunchbase need a logged-in browser.,2026-10-01T00:55:48Z
pluralith,Pluralith,Summer 2022,No evidence found,,,,,,,,,,,,,,,,,,Checked: no post-YC Form D matching the founders; no funding statement on website (1 pages) or YC page. LinkedIn/X/Crunchbase need a logged-in browser. National register for AT not checked.,2026-10-01T00:55:47Z
diversion,Diversion,Summer 2022,No evidence found,,,,,,,,,,,,,,,,,,Checked: no post-YC Form D matching the founders; no funding statement on website (3 pages) or YC page. LinkedIn/X/Crunchbase need a logged-in browser. National register for IL not checked.,2026-10-01T00:55:50Z
aviaryai,AviaryAI,Summer 2022,No evidence found,,,,,,,,,,,,,,,,,,"Unverified Form D by same-named person: Aviary Advanced AI LLC 0002012898-24-000001 sold 0 (first sale yetToOccur, Chicago); likely a different person. Checked: no post-YC Form D matching the founders; no funding statement on website (8 pages) or YC page. LinkedIn/X/Crunchbase need a logged-in browser.",2026-10-01T00:56:12Z
latent-space,Latent Space,Summer 2022,No evidence found,,,,,,,,,,,,,,,,,,Checked: no post-YC Form D matching the founders; no funding statement on website (1 pages) or YC page. LinkedIn/X/Crunchbase need a logged-in browser. National register for ID not checked.,2026-10-01T00:55:56Z
anythingllm,AnythingLLM,Summer 2022,No evidence found,,,,,,,,,,,,,,,,,,Checked: no post-YC Form D matching the founders; no funding statement on website (2 pages) or YC page. LinkedIn/X/Crunchbase need a logged-in browser.,2026-10-01T00:55:53Z
hedgehog-2,Hedgehog,Summer 2022,Yes,12780166,Equity (per Form D; stage not stated),2024-06-26,,1,SEC Form D,https://www.sec.gov/Archives/edgar/data/2035912/000203591224000001/primary_doc.xml,totalAmountSold: 12780166; totalOfferingAmount: 12922315; dateOfFirstSale: 2024-06-26,0002035912,0002035912-24-000001,12780166,12922315,2024-06-26,Equity,61,"Hedgehog Foods, Inc.",High,Form D clarification: Total Amount Sold includes the conversion of Convertible Securities.,2026-10-01T00:56:08Z
coris,Coris,Summer 2022,Yes,3700000,,2024-02-01,,4,Press (linked from YC company page),https://venturebeat.com/ai/coris-raises-3-7m-sets-sights-on-ai-driven-paradigm-shift-in-smb-risk-management/,"Coris raises $3.7M, sets sights on AI-driven paradigm shift in SMB risk management | VentureBeat",,,,,,,,,Medium,No matching post-YC Form D found.,2026-10-01T00:56:01Z
bitstack,Bitstack,Summer 2022,Yes,,,2024-12-12,,2,Company website,https://www.bitstack-app.com/en/actualites/bitstack-raises-5-million-euros-to-reinvent-the-bank-of-tomorrow?c=EUR,"Bitstack, France’s #1 Bitcoin Savings App, raises €5 million to reinvent the bank of tomorrow",,,,,,,,,High,Amount stated as €5 million (not converted to USD). No matching post-YC Form D found.,2026-10-01T00:56:04Z
airhart-aeronautics,Airhart Aeronautics,Summer 2022,Yes,4560848,Equity (per Form D; stage not stated),2025-10-30,,1,SEC Form D,https://www.sec.gov/Archives/edgar/data/2098734/000209873425000001/primary_doc.xml,totalAmountSold: 4560848; totalOfferingAmount: 5620846; dateOfFirstSale: 2025-10-30,0002098734,0002098734-25-000001,4560848,5620846,2025-10-30,Equity,27,"Airhart Aeronautics, Inc.",High,"Form D clarification: Includes $3,220,850.00 in cancelled convertible debt.",2026-10-01T00:56:02Z
peoplebox,Peoplebox.ai,Summer 2022,No evidence found,,,,,,,,,,,,,,,,,,Checked: no post-YC Form D matching the founders; no funding statement on website (5 pages) or YC page. LinkedIn/X/Crunchbase need a logged-in browser. National register for IN not checked.,2026-10-01T00:56:05Z
shipmates,Shipmates,Summer 2022,No evidence found,,,,,,,,,,,,,,,,,,Checked: no post-YC Form D matching the founders; no funding statement on website (1 pages) or YC page. LinkedIn/X/Crunchbase need a logged-in browser. National register for PH not checked.,2026-10-01T00:56:07Z
thera,Thera,Summer 2022,No evidence found,,,,,,,,,,,,,,,,,,Checked: no post-YC Form D matching the founders; no funding statement on website (3 pages) or YC page. LinkedIn/X/Crunchbase need a logged-in browser.,2026-10-01T00:56:13Z
sytex,Sytex,Summer 2022,No evidence found,,,,,,,,,,,,,,,,,,Checked: no post-YC Form D matching the founders; no funding statement on website (10 pages) or YC page. LinkedIn/X/Crunchbase need a logged-in browser. National register for AR not checked.,2026-10-01T00:56:16Z
provision,Provision,Summer 2022,Yes,7790677,Seed (Equity per Form D),2025-08-20,Cercano Management and Provision,1,SEC Form D,https://www.sec.gov/Archives/edgar/data/2083146/000208314625000001/primary_doc.xml,totalAmountSold: 7790677; totalOfferingAmount: 8435743; dateOfFirstSale: 2025-08-20,0002083146,0002083146-25-000001,7790677,8435743,2025-08-20,Equity,17,Provision Software Corp,High,,2026-10-01T00:56:16Z
100x,100x,Summer 2022,No evidence found,,,,,,,,,,,,,,,,,,Checked: no post-YC Form D matching the founders; no funding statement on website (10 pages) or YC page. LinkedIn/X/Crunchbase need a logged-in browser. National register for IN not checked.,2026-10-01T00:56:13Z
newscatcher,NewsCatcher,Summer 2022,No evidence found,,,,,,,,,,,,,,,,,,Checked: no post-YC Form D matching the founders; no funding statement on website (5 pages) or YC page. LinkedIn/X/Crunchbase need a logged-in browser. National register for UA not checked.,2026-10-01T00:56:13Z
typewise,Typewise,Summer 2022,Yes,2000000,,,,2,Company website,https://www.typewise.app/blog/typewise-raises-b2b-autocorrect-ai,Typewise raises €1.7m ($2m) to build B2B autocorrect AI | Typewise Product.,,,,,,,,,High,Round date not stated on the source page; assumed post-YC because it is presented as current news. No matching post-YC Form D found.,2026-10-01T00:56:17Z
slidely-ai,Slidely AI,Summer 2022,No evidence found,,,,,,,,,,,,,,,,,,Checked: no post-YC Form D matching the founders; no funding statement on website (5 pages) or YC page. LinkedIn/X/Crunchbase need a logged-in browser. National register for IN not checked.,2026-10-01T00:56:28Z
mistle,Mistle,Summer 2022,No evidence found,,,,,,,,,,,,,,,,,,Checked: no post-YC Form D matching the founders; no funding statement on website (2 pages) or YC page. LinkedIn/X/Crunchbase need a logged-in browser. National register for SG not checked.,2026-10-01T00:56:17Z
biggerpicture,BiggerPicture,Summer 2022,No evidence found,,,,,,,,,,,,,,,,,,Checked: no post-YC Form D matching the founders; no funding statement on website (3 pages) or YC page. LinkedIn/X/Crunchbase need a logged-in browser.,2026-10-01T00:56:18Z
flair-labs,Flair Labs,Summer 2022,No evidence found,,,,,,,,,,,,,,,,,,Checked: no post-YC Form D matching the founders; no funding statement on website (3 pages) or YC page. LinkedIn/X/Crunchbase need a logged-in browser.,2026-10-01T00:56:17Z
namecard-ai,Namecard.ai,Summer 2022,No evidence found,,,,,,,,,,,,,,,,,,Checked: no post-YC Form D matching the founders; no funding statement on website (10 pages) or YC page. LinkedIn/X/Crunchbase need a logged-in browser. National register for TW not checked.,2026-10-01T00:56:23Z
hypestream,Hypestream,Summer 2022,No evidence found,,,,,,,,,,,,,,,,,,Checked: no post-YC Form D matching the founders; no funding statement on website (1 pages) or YC page. LinkedIn/X/Crunchbase need a logged-in browser. National register for SG not checked.,2026-10-01T00:56:18Z
aragorn-ai,Aragorn AI,Summer 2022,Yes,4300000,Equity (per Form D; stage not stated),2025-09-12,,1,SEC Form D,https://www.sec.gov/Archives/edgar/data/1921881/000192188125000002/primary_doc.xml,totalAmountSold: 4300000; totalOfferingAmount: 4300000; dateOfFirstSale: 2025-09-12,0001921881,0001921881-25-000002,4300000,4300000,2025-09-12,Equity,2,"Aragorn AI, Inc.",High,pre yc Form D 0001921881-22-000002: sold 726000 first sale 2022-03-23,2026-10-01T00:56:24Z
hype,Hype,Summer 2022,No evidence found,,,,,,,,,,,,,,,,,,Checked: no post-YC Form D matching the founders; no funding statement on website (10 pages) or YC page. LinkedIn/X/Crunchbase need a logged-in browser.,2026-10-01T00:56:19Z
ten-lives,Ten Lives,Summer 2022,No evidence found,,,,,,,,,,,,,,,,,,Checked: no post-YC Form D matching the founders; no funding statement on website (2 pages) or YC page. LinkedIn/X/Crunchbase need a logged-in browser.,2026-10-01T00:56:21Z
malama-health,Malama Health,Summer 2022,Yes,9200000,,,,2,Company website,https://heymalama.co/press,Malama Health Raises $9.2M to Scale Doula-Led Maternal Care for Women insured by Medicaid Nationwide.,,,,,,,,,High,Round date not stated on the source page; assumed post-YC because it is presented as current news. No matching post-YC Form D found.,2026-10-01T00:56:23Z
maverickx,MaverickX,Summer 2022,Yes,19000000,Seed,2025-04-03,,4,Press (linked from YC company page),https://www.mining.com/maverick-metals-secures-19m-seed-funding-for-copper-extraction-tech/,Maverick Metals secures $19M seed funding for copper extraction tech - MINING.COM,,,,,,,,,Medium,No matching post-YC Form D found.,2026-10-01T00:56:19Z
illuminant-surgical,Illuminant Surgical,Summer 2022,No evidence found,,,,,,,,,,,,,,,,,,Checked: no post-YC Form D matching the founders; no funding statement on website (5 pages) or YC page. LinkedIn/X/Crunchbase need a logged-in browser.,2026-10-01T00:56:27Z
tank-payments,Tank Payments,Summer 2022,No evidence found,,,,,,,,,,,,,,,,,,Checked: no post-YC Form D matching the founders; no funding statement on website (3 pages) or YC page. LinkedIn/X/Crunchbase need a logged-in browser.,2026-10-01T00:56:25Z
apply-design,Apply Design,Summer 2022,No evidence found,,,,,,,,,,,,,,,,,,Checked: no post-YC Form D matching the founders; no funding statement on website (4 pages) or YC page. LinkedIn/X/Crunchbase need a logged-in browser. National register for IL not checked.,2026-10-01T00:56:23Z
evoly,Evoly,Summer 2022,No evidence found,,,,,,,,,,,,,,,,,,Checked: no post-YC Form D matching the founders; no funding statement on website (0 pages) or YC page. LinkedIn/X/Crunchbase need a logged-in browser.,2026-10-01T00:56:24Z
juicebox,Juicebox,Summer 2022,Yes,116000000,,,,2,Company website,https://juicebox.ai/careers,"We've raised $116 million from top investors to empower recruiters with AI that finds the best-fit candidates, supports data-driven decisions, and reduces time spent",,,,,,,,,High,Round date not stated on the source page; assumed post-YC because it is presented as current news. Other stated figure: $110M (https://www.ycombinator.com/companies/juicebox). No matching post-YC Form D found.,2026-10-01T00:56:27Z
rio,Rio,Summer 2022,No evidence found,,,,,,,,,,,,,,,,,,Checked: no post-YC Form D matching the founders; no funding statement on website (1 pages) or YC page. LinkedIn/X/Crunchbase need a logged-in browser. National register for MX not checked.,2026-10-01T00:56:43Z
popsy,Popsy,Summer 2022,No evidence found,,,,,,,,,,,,,,,,,,Checked: no post-YC Form D matching the founders; no funding statement on website (0 pages) or YC page. LinkedIn/X/Crunchbase need a logged-in browser. National register for SI not checked.,2026-10-01T00:56:27Z
gullak-money,Gullak Money,Summer 2022,No evidence found,,,,,,,,,,,,,,,,,,Checked: no post-YC Form D matching the founders; no funding statement on website (10 pages) or YC page. LinkedIn/X/Crunchbase need a logged-in browser. National register for IN not checked.,2026-10-01T00:56:28Z
capix,Capix,Summer 2022,No evidence found,,,,,,,,,,,,,,,,,,Checked: no post-YC Form D matching the founders; no funding statement on website (8 pages) or YC page. LinkedIn/X/Crunchbase need a logged-in browser.,2026-10-01T00:56:26Z
windmill,Windmill,Summer 2022,No evidence found,,,,,,,,,,,,,,,,,,Checked: no post-YC Form D matching the founders; no funding statement on website (4 pages) or YC page. LinkedIn/X/Crunchbase need a logged-in browser. National register for FR not checked.,2026-10-01T00:56:30Z
activepieces,Activepieces,Summer 2022,No evidence found,,,,,,,,,,,,,,,,,,Checked: no post-YC Form D matching the founders; no funding statement on website (3 pages) or YC page. LinkedIn/X/Crunchbase need a logged-in browser.,2026-10-01T00:56:30Z
seaflight-technologies,Seaflight Technologies,Summer 2022,Yes,885748,SAFE (per Form D; stage not stated),2022-07-25,,1,SEC Form D,https://www.sec.gov/Archives/edgar/data/1951615/000195161522000002/primary_doc.xml,totalAmountSold: 885748; totalOfferingAmount: Indefinite; dateOfFirstSale: 2022-07-25,0001951615,0001951615-22-000002,885748,Indefinite,2022-07-25,Other; Other: S.A.F.E. (Simple Agreement for Future Equity),18,Seaflight Technologies Inc.,High,"yc deal like Form D 0001951615-22-000003: sold 450000 first sale 2022-10-24 small Form D 0001951615-23-000001: sold 40057 first sale 2022-12-12 small Form D 0001951615-23-000002: sold 30000 first sale 2023-06-09 First sale is close to batch start, so the Form D total may include YC's $500K. Form D clarification: Combined filing for 18 SAFEs issued.",2026-10-01T00:56:34Z
raven,Raven,Summer 2022,No evidence found,,,,,,,,,,,,,,,,,,Checked: no post-YC Form D matching the founders; no funding statement on website (12 pages) or YC page. LinkedIn/X/Crunchbase need a logged-in browser. National register for IN not checked.,2026-10-01T00:57:25Z
cashboard,Cashboard,Summer 2022,Yes,5000000,Seed,,FINTOP.,2,Company website,https://cashboard.co/,| Turn AI into a trusted FP&A machine Cashboard raises $5M seed round led by FINTOP.,,,,,,,,,High,Round date not stated on the source page; assumed post-YC because it is presented as current news. No matching post-YC Form D found.,2026-10-01T00:56:30Z
codecrafters,CodeCrafters,Summer 2022,Yes,1800000,,,,2,Company website,https://codecrafters.io/blog,We raised $1.8M to build the learning platform for experienced developers.,,,,,,,,,High,Round date not stated on the source page; assumed post-YC because it is presented as current news. No matching post-YC Form D found.,2026-10-01T00:56:32Z
blee,Blee,Summer 2022,Yes,27000000,,,,2,Company website,https://www.blee.com,Blee raises $27M to end manual marketing compliance..,,,,,,,,,High,Round date not stated on the source page; assumed post-YC because it is presented as current news. No matching post-YC Form D found.,2026-10-01T00:56:34Z
overwatch,Overwatch,Summer 2022,Yes,7379998,Equity (per Form D; stage not stated),2025-01-22,,1,SEC Form D,https://www.sec.gov/Archives/edgar/data/2054765/000205476525000001/primary_doc.xml,totalAmountSold: 7379998; totalOfferingAmount: 7379998; dateOfFirstSale: 2025-01-22,0002054765,0002054765-25-000001,7379998,7379998,2025-01-22,Equity; SecurityToBeAcquired,16,"Overwatch Data, Inc.",High,,2026-10-01T00:56:53Z
alt-tex,ALT TEX,Summer 2022,No evidence found,,,,,,,,,,,,,,,,,,"Pre-YC raise, not counted: $1.5 million dated 2021-05-19 (https://betakit.com/alt-tex-closes-1-5-million-pre-seed-round-to-commercialize-sustainable-polyester-alternative/). Checked: no post-YC Form D matching the founders; no funding statement on website (3 pages) or YC page. LinkedIn/X/Crunchbase need a logged-in browser. National register for CA not checked.",2026-10-01T00:56:33Z
disclo,Disclo,Summer 2022,Yes,6750000,Equity (per Form D; stage not stated),2022-11-21,,1,SEC Form D,https://www.sec.gov/Archives/edgar/data/1951823/000110465922123600/primary_doc.xml,totalAmountSold: 6750000; totalOfferingAmount: 6750000; dateOfFirstSale: 2022-11-21,0001951823,0001104659-22-123600,6750000,6750000,2022-11-21,Equity,31,Disclo Inc.,High,Form D clarification: This filing covers the sale and issuance of Series Seed Preferred Stock and the underlying Common Stock issuable upon conversion thereof. Tier 2 source states $5 million (https://www.disclo.com/press); Form D figure kept.,2026-10-01T00:56:35Z
voltic,Voltic,Summer 2022,Yes,1263000,OptionToAcquire (per Form D; stage not stated),2025-04-08,,1,SEC Form D/A,https://www.sec.gov/Archives/edgar/data/2065890/000206589026000001/primary_doc.xml,totalAmountSold: 1263000; totalOfferingAmount: 2000000; dateOfFirstSale: 2025-04-08,0002065890,0002065890-26-000001,1263000,2000000,2025-04-08,OptionToAcquire,20,Voltic Shipping Corp.,High,,2026-10-01T00:56:36Z
midplane,Midplane,Summer 2022,No evidence found,,,,,,,,,,,,,,,,,,Checked: no post-YC Form D matching the founders; no funding statement on website (1 pages) or YC page. LinkedIn/X/Crunchbase need a logged-in browser. National register for DE not checked.,2026-10-01T00:56:36Z
sunlight,Sunlight,Summer 2022,No evidence found,,,,,,,,,,,,,,,,,,Checked: no post-YC Form D matching the founders; no funding statement on website (10 pages) or YC page. LinkedIn/X/Crunchbase need a logged-in browser.,2026-10-01T00:56:42Z
novig,Novig,Summer 2022,Yes,18000000,Series A,2025-08-11,,4,Press (linked from YC company page),https://www.novig.us/articles/novig-becomes-fastest-growing-sports-prediction-market-raises-18m-series-a-round-led-by-forerunner,Novig Becomes Fastest Growing Sports Prediction Market; Raises $18M Series A,,,,,,,,,Medium,No matching post-YC Form D found.,2026-10-01T00:56:38Z
lyra,Lyra,Summer 2022,No evidence found,,,,,,,,,,,,,,,,,,Checked: no post-YC Form D matching the founders; no funding statement on website (0 pages) or YC page. LinkedIn/X/Crunchbase need a logged-in browser.,2026-10-01T00:56:47Z
signatur-biosciences,Signatur Biosciences,Summer 2022,No evidence found,,,,,,,,,,,,,,,,,,Checked: no post-YC Form D matching the founders; no funding statement on website (3 pages) or YC page. LinkedIn/X/Crunchbase need a logged-in browser.,2026-10-01T00:56:40Z
numind,NuMind,Summer 2022,Yes,3000000,,,,2,Company website,https://numind.ai/blog,"We raised $3M, which we will use to continue building our NLP tool focused on text understanding..",,,,,,,,,High,Round date not stated on the source page; assumed post-YC because it is presented as current news. No matching post-YC Form D found.,2026-10-01T00:56:40Z
ballerine,Ballerine,Summer 2022,No evidence found,,,,,,,,,,,,,,,,,,Checked: no post-YC Form D matching the founders; no funding statement on website (4 pages) or YC page. LinkedIn/X/Crunchbase need a logged-in browser. National register for IL not checked.,2026-10-01T00:56:42Z
ethosx,EthosX,Summer 2022,No evidence found,,,,,,,,,,,,,,,,,,Checked: no post-YC Form D matching the founders; no funding statement on website (1 pages) or YC page. LinkedIn/X/Crunchbase need a logged-in browser.,2026-10-01T00:56:46Z
boostly,Boostly,Summer 2022,Yes,10000000,Series A (Equity per Form D),2025-01-29,,1,SEC Form D,https://www.sec.gov/Archives/edgar/data/1966127/000196612725000004/primary_doc.xml,totalAmountSold: 10000000; totalOfferingAmount: 10000000; dateOfFirstSale: 2025-01-29,0001966127,0001966127-25-000004,10000000,10000000,2025-01-29,Equity,26,"Boostly, Inc.",High,Tier 2 source states $22M (https://www.boostly.com/blog/series-a-raise-of-22m); Form D figure kept.,2026-10-01T00:56:46Z
paragon-ai,Paragon AI,Summer 2022,No evidence found,,,,,,,,,,,,,,,,,,Checked: no post-YC Form D matching the founders; no funding statement on website (1 pages) or YC page. LinkedIn/X/Crunchbase need a logged-in browser.,2026-10-01T00:56:45Z
bluehill-payments,BlueHill Payments,Summer 2022,No evidence found,,,,,,,,,,,,,,,,,,Checked: no post-YC Form D matching the founders; no funding statement on website (6 pages) or YC page. LinkedIn/X/Crunchbase need a logged-in browser.,2026-10-01T00:56:46Z
craze,Craze,Summer 2022,Yes,2219970,SAFE (per Form D; stage not stated),2022-08-27,,1,SEC Form D,https://www.sec.gov/Archives/edgar/data/1944794/000110465922121254/primary_doc.xml,totalAmountSold: 2219970; totalOfferingAmount: 2219970; dateOfFirstSale: 2022-08-27,0001944794,0001104659-22-121254,2219970,2219970,2022-08-27,Other; Other: S.A.F.E. (simple agreement for future equity),17,"Craze Technologies, Inc.",High,yc deal like Form D 0001104659-22-096188: sold 500000 first sale 2022-06-30,2026-10-01T00:56:49Z
fetii,Fetii,Summer 2022,Yes,4499999,Equity (per Form D; stage not stated),2024-03-22,,1,SEC Form D,https://www.sec.gov/Archives/edgar/data/1916974/000191697424000004/primary_doc.xml,totalAmountSold: 4499999; totalOfferingAmount: 4499999; dateOfFirstSale: 2024-03-22,0001916974,0001916974-24-000004,4499999,4499999,2024-03-22,Equity,9,Fetii Inc,High,"Form D clarification: $1,500,000.00 pursuant to conversion of Simple Agreement for Future Equity, and $2,999,999.20 issued pursuant to cash investment.",2026-10-01T00:56:49Z
array-labs,Array Labs,Summer 2022,Yes,21000000,,2026-07-27,,4,Press (linked from YC company page),https://www.tectonicdefense.com/exclusive-array-labs-raises-21m-led-by-mitsubishi-electric/,Exclusive: Array Labs Raises $21M Led by Mitsubishi Electric,,,,,,,,,Medium,"Unverified Form D by same-named person: Toothy Cow Productions, LLC 0001861670-22-000003 sold 500000 (first sale 2022-05-05, Franklin); likely a different person. Unverified Form D by same-named person: Clozd, Inc. 0001843216-22-000001 sold 32000000 (first sale 2022-05-16, Lehi); likely a different person. Unverified Form D by same-named person: AG Development LLC 0001937437-22-000003 sold 650000 (first sale 2022-06-22, Boise); likely a different person. Unverified Form D by same-named person: Toothy Cow Productions, LLC 0001861670-23-000002 sold 1000000 (first sale 2023-02-01, Franklin); likely a different person. Unverified Form D by same-named person: Toothy Cow Productions, LLC 0001861670-24-000001 sold 2000000 (first sale 2024-04-01, Franklin); likely a different person. Unverified Form D by same-named person: Toothy Cow Productions, LLC 0001861670-24-000003 sold 500001 (first sale 2024-04-24, Franklin); likely a different person. Unverified Form D by same-named person: SGNL.AI, Inc. 0002052797-25-000001 sold 29999985 (first sale 2025-01-10, Palo Alto); likely a different person. Other stated figure: $5M (https://payloadspace.com/array-labs-raises-5m-seed/). No matching post-YC Form D found.",2026-10-01T00:57:02Z
dr-treat,Dr. Treat,Summer 2022,Yes,4500000,Equity (per Form D; stage not stated),2024-02-29,,1,SEC Form D,https://www.sec.gov/Archives/edgar/data/2018645/000201864524000001/primary_doc.xml,totalAmountSold: 4500000; totalOfferingAmount: 4500000; dateOfFirstSale: 2024-02-29,0002018645,0002018645-24-000001,4500000,4500000,2024-02-29,Equity,44,I-10 Eloy Eleven Mile Corner & Battaglia Dr 453 LLC,High,"Unverified Form D by same-named person: ELOY ALSDORF & CASA GRANDE AIRPORT 251 LLC 0002044430-24-000002 sold 300000 (first sale 2024-11-04, Phoenix); likely a different person. Unverified Form D by same-named person: Eloy I10 & Tonto Road 80 Acres LLC 0002056260-25-000001 sold 2025000 (first sale 2025-02-04, Phoenix); likely a different person. Unverified Form D by same-named person: BUCKEYE BASELINE RD & JOHNSON RD 620 ACRES LLC 0002069502-25-000001 sold 525000 (first sale 2025-05-12, Phoenix); likely a different person. Unverified Form D by same-named person: Pinal I-10 & McCartney Rd 55 Acres LLC 0002081534-25-000001 sold 1875000 (first sale 2025-07-25, Phoenix); likely a different person. Unverified Form D by same-named person: Tonopah I10 - 411 Ave & Camelback Rd LLC 0002148956-26-000001 sold 3300000 (first sale 2026-07-29, Phoenix); likely a different person.",2026-10-01T00:56:59Z
serinus-biosciences,Serinus Biosciences,Summer 2022,No evidence found,,,,,,,,,,,,,,,,,,"Unverified Form D by same-named person: American Heartland Corp 0002024010-24-000001 sold 70 (first sale 2024-05-06, New York); likely a different person. Unverified Form D by same-named person: XN Companies Inc. 0000930413-26-002913 sold 30500000 (first sale 2026-09-04, New York); likely a different person. Checked: no post-YC Form D matching the founders; no funding statement on website (1 pages) or YC page. LinkedIn/X/Crunchbase need a logged-in browser.",2026-10-01T00:56:52Z
roxels,Roxels,Summer 2022,No evidence found,,,,,,,,,,,,,,,,,,Checked: no post-YC Form D matching the founders; no funding statement on website (2 pages) or YC page. LinkedIn/X/Crunchbase need a logged-in browser.,2026-10-01T00:56:50Z
champ,Champ,Summer 2022,No evidence found,,,,,,,,,,,,,,,,,,Checked: no post-YC Form D matching the founders; no funding statement on website (2 pages) or YC page. LinkedIn/X/Crunchbase need a logged-in browser.,2026-10-01T00:56:56Z
moneco,Moneco,Summer 2022,No evidence found,,,,,,,,,,,,,,,,,,Checked: no post-YC Form D matching the founders; no funding statement on website (3 pages) or YC page. LinkedIn/X/Crunchbase need a logged-in browser. National register for FR not checked.,2026-10-01T00:56:56Z
codexa,CODEXA,Summer 2022,No evidence found,,,,,,,,,,,,,,,,,,Checked: no post-YC Form D matching the founders; no funding statement on website (2 pages) or YC page. LinkedIn/X/Crunchbase need a logged-in browser. National register for BR not checked.,2026-10-01T00:56:54Z
coupl,Coupl,Summer 2022,No evidence found,,,,,,,,,,,,,,,,,,Checked: no post-YC Form D matching the founders; no funding statement on website (8 pages) or YC page. LinkedIn/X/Crunchbase need a logged-in browser. National register for IN not checked.,2026-10-01T00:56:56Z
impractical,Impractical,Summer 2022,No evidence found,,,,,,,,,,,,,,,,,,Checked: no post-YC Form D matching the founders; no funding statement on website (1 pages) or YC page. LinkedIn/X/Crunchbase need a logged-in browser.,2026-10-01T00:56:59Z
truebiz,TrueBiz,Summer 2022,No evidence found,,,,,,,,,,,,,,,,,,Checked: no post-YC Form D matching the founders; no funding statement on website (3 pages) or YC page. LinkedIn/X/Crunchbase need a logged-in browser.,2026-10-01T00:57:04Z
cerrion,Cerrion,Summer 2022,Yes,5000000,,,,2,Company website,https://www.cerrion.com/about,Y Combinator-backed Cerrion raises $5 million in funding to boost AI Video tech in manufacturing.,,,,,,,,,High,Round date not stated on the source page; assumed post-YC because it is presented as current news. Other stated figure: $18M (https://www.axios.com/pro/supply-chain-deals/2025/11/25/cerrion-raises-18m-for-factory-intelligence-platform). No matching post-YC Form D found.,2026-10-01T00:57:02Z
blitz,Blitz,Summer 2022,No evidence found,,,,,,,,,,,,,,,,,,Checked: no post-YC Form D matching the founders; no funding statement on website (5 pages) or YC page. LinkedIn/X/Crunchbase need a logged-in browser. National register for PT not checked.,2026-10-01T00:57:12Z
erad,erad,Summer 2022,Yes,2400000,Pre-Seed,2022-09-19,,2,Company website,https://www.erad.co/announcing-our-pre-seed-round,erad raises $2.4m in Pre-Seed,,,,,,,,,High,No matching post-YC Form D found.,2026-10-01T00:57:04Z
pasito,Pasito,Summer 2022,No evidence found,,,,,,,,,,,,,,,,,,Checked: no post-YC Form D matching the founders; no funding statement on website (4 pages) or YC page. LinkedIn/X/Crunchbase need a logged-in browser.,2026-10-01T00:57:03Z
bunting-labs,Bunting Labs,Summer 2022,No evidence found,,,,,,,,,,,,,,,,,,"Unverified Form D by same-named person: Deus X Holdings Inc. 0002115788-26-000001 sold 3300004 (first sale 2026-02-12, Addison); likely a different person. Checked: no post-YC Form D matching the founders; no funding statement on website (4 pages) or YC page. LinkedIn/X/Crunchbase need a logged-in browser.",2026-10-01T00:58:29Z
devyce,Devyce,Summer 2022,Yes,2609929,Equity (per Form D; stage not stated),2022-07-27,,1,SEC Form D,https://www.sec.gov/Archives/edgar/data/1967123/000196712323000001/primary_doc.xml,totalAmountSold: 2609929; totalOfferingAmount: 2609929; dateOfFirstSale: 2022-07-27,0001967123,0001967123-23-000001,2609929,2609929,2022-07-27,Equity; OptionToAcquire,30,Devyce Inc.,High,"First sale is close to batch start, so the Form D total may include YC's $500K.",2026-10-01T00:57:08Z
tailor,Tailor,Summer 2022,Yes,4300000,,,,2,Company website,https://www.tailor.tech/resources?filter=news,Japanese ERP startup Tailor raises $4.3M.,,,,,,,,,High,Round date not stated on the source page; assumed post-YC because it is presented as current news. No matching post-YC Form D found.,2026-10-01T00:57:16Z
makeasite,Makeasite,Summer 2022,No evidence found,,,,,,,,,,,,,,,,,,Checked: no post-YC Form D matching the founders; no funding statement on website (1 pages) or YC page. LinkedIn/X/Crunchbase need a logged-in browser.,2026-10-01T00:57:07Z
chariot-2,Chariot,Summer 2022,Yes,10999978,Equity (per Form D; stage not stated),2024-04-19,,1,SEC Form D,https://www.sec.gov/Archives/edgar/data/2021660/000202166024000001/primary_doc.xml,totalAmountSold: 10999978; totalOfferingAmount: 10999978; dateOfFirstSale: 2024-04-19,0002021660,0002021660-24-000001,10999978,10999978,2024-04-19,Equity,59,Chariot Giving Inc.,High,,2026-10-01T00:57:23Z
stackup,Stackup,Summer 2022,No evidence found,,,,,,,,,,,,,,,,,,Checked: no post-YC Form D matching the founders; no funding statement on website (8 pages) or YC page. LinkedIn/X/Crunchbase need a logged-in browser.,2026-10-01T00:57:06Z
two-dots,Two Dots,Summer 2022,No evidence found,,,,,,,,,,,,,,,,,,Checked: no post-YC Form D matching the founders; no funding statement on website (2 pages) or YC page. LinkedIn/X/Crunchbase need a logged-in browser.,2026-10-01T00:57:10Z
versa,Versa,Summer 2022,No evidence found,,,,,,,,,,,,,,,,,,"Unverified Form D by same-named person: AutoScheduler.AI, Inc. 0002030551-24-000001 sold 6500000 (first sale 2024-06-22, Franklin); likely a different person. Unverified Form D by same-named person: AutoScheduler.AI, Inc. 0002030551-25-000005 sold 1050000 (first sale 2025-06-27, Franklin); likely a different person. Checked: no post-YC Form D matching the founders; no funding statement on website (3 pages) or YC page. LinkedIn/X/Crunchbase need a logged-in browser.",2026-10-01T00:57:45Z
sigmamind-ai,SigmaMind AI,Summer 2022,No evidence found,,,,,,,,,,,,,,,,,,Checked: no post-YC Form D matching the founders; no funding statement on website (10 pages) or YC page. LinkedIn/X/Crunchbase need a logged-in browser.,2026-10-01T00:57:14Z
birch-biosciences,Birch Biosciences,Summer 2022,No evidence found,,,,,,,,,,,,,,,,,,Checked: no post-YC Form D matching the founders; no funding statement on website (1 pages) or YC page. LinkedIn/X/Crunchbase need a logged-in browser.,2026-10-01T00:57:15Z
ciro,Ciro,Summer 2022,Yes,3800000,,2022-10-25,,2,Company website,https://www.ciro.io/blog/ciro-raises-3-8-million-round-from-crv-y-combinator-and-sv-angel,"Ciro Raises $3.8 Million Round from CRV, Y Combinator, and SV Angel",,,,,,,,,High,No matching post-YC Form D found.,2026-10-01T00:58:20Z
julius,Julius,Summer 2022,Yes,10000000,,,,2,Company website,https://julius.ai/blog,Julius raises $10 million to make AI-powered data analysis accessible to everyone.,,,,,,,,,High,Round date not stated on the source page; assumed post-YC because it is presented as current news. No matching post-YC Form D found.,2026-10-01T00:57:19Z
elessar,Elessar,Summer 2022,No evidence found,,,,,,,,,,,,,,,,,,Checked: no post-YC Form D matching the founders; no funding statement on website (1 pages) or YC page. LinkedIn/X/Crunchbase need a logged-in browser.,2026-10-01T00:57:19Z
star,Star,Summer 2022,No evidence found,,,,,,,,,,,,,,,,,,Checked: no post-YC Form D matching the founders; no funding statement on website (4 pages) or YC page. LinkedIn/X/Crunchbase need a logged-in browser.,2026-10-01T00:58:36Z
paces,Paces,Summer 2022,Yes,11000000,,,,2,Company website,https://www.paces.com/news,Paces Raises $11 Million to Accelerate Clean Energy Development.,,,,,,,,,High,Round date not stated on the source page; assumed post-YC because it is presented as current news. No matching post-YC Form D found.,2026-10-01T00:57:29Z
stream,Stream,Summer 2022,Yes,6800000,Seed,,,2,Company website,https://www.stream.claims/blog,"Stream Raises $5.3M Seed Round, Bringing Total Funding to $6.8M.",,,,,,,,,High,Round date not stated on the source page; assumed post-YC because it is presented as current news. No matching post-YC Form D found.,2026-10-01T00:57:32Z
chordio,Chordio,Summer 2022,No evidence found,,,,,,,,,,,,,,,,,,Checked: no post-YC Form D matching the founders; no funding statement on website (2 pages) or YC page. LinkedIn/X/Crunchbase need a logged-in browser.,2026-10-01T00:57:26Z
wolfia,Wolfia,Summer 2022,No evidence found,,,,,,,,,,,,,,,,,,Checked: no post-YC Form D matching the founders; no funding statement on website (4 pages) or YC page. LinkedIn/X/Crunchbase need a logged-in browser.,2026-10-01T00:57:27Z
banabo,Banabo,Summer 2022,No evidence found,,,,,,,,,,,,,,,,,,Checked: no post-YC Form D matching the founders; no funding statement on website (1 pages) or YC page. LinkedIn/X/Crunchbase need a logged-in browser. National register for SG not checked.,2026-10-01T00:57:27Z
cisterna-biologics,Cisterna Biologics,Summer 2022,No evidence found,,,,,,,,,,,,,,,,,,Checked: no post-YC Form D matching the founders; no funding statement on website (1 pages) or YC page. LinkedIn/X/Crunchbase need a logged-in browser.,2026-10-01T00:57:28Z
clinikally,Clinikally,Summer 2022,No evidence found,,,,,,,,,,,,,,,,,,Checked: no post-YC Form D matching the founders; no funding statement on website (2 pages) or YC page. LinkedIn/X/Crunchbase need a logged-in browser. National register for IN not checked.,2026-10-01T00:57:31Z
layerup,Layerup,Summer 2022,Yes,3200000,,2022-06-01,,4,Press (linked from YC company page),https://www.forbes.com/sites/derickdavid/2022/05/31/meet-the-21-year-old-dropout-turned-web3-founder-and-raised-32-million-in-6-months,Meet The 21-Year-Old Dropout Turned Web3 Founder - And Raised $3.2 Million In 6 Months,,,,,,,,,Medium,"Pre-YC raise, not counted: $3.2m dated 2022-03-31 (https://timesofindia.indiatimes.com/city/ludhiana/us-based-jalandhar-youths-start-up-raises-3-2m-in-3-mths/articleshow/90553583.cms). Pre-YC raise, not counted: $3.2 million dated 2022-03-18 (https://www.theblockcrypto.com/linked/138356/coinbooks-raises-3-2-million-to-build-accounting-software-for-daos). No matching post-YC Form D found.",2026-10-01T00:57:31Z
albiware-inc,Albiware Inc.,Summer 2022,Yes,2500000,Seed,2022-08-25,,4,Press (linked from YC company page),https://candrmagazine.com/albiware-closes-2-5m-seed-round-led-by-takeoff-capital/,"Albiware Closes $2.5M Seed Round, Led by Takeoff Capital - C & R",,,,,,,,,Medium,"Unverified Form D by same-named person: Longview Restoration Group, Inc. 0002078734-25-000001 sold 4964493 (first sale 2025-07-11, Nashville); likely a different person. No matching post-YC Form D found.",2026-10-01T00:57:33Z
poly,Poly,Summer 2022,No evidence found,,,,,,,,,,,,,,,,,,Checked: no post-YC Form D matching the founders; no funding statement on website (1 pages) or YC page. LinkedIn/X/Crunchbase need a logged-in browser.,2026-10-01T00:57:46Z
pana,Pana,Summer 2022,No evidence found,,,,,,,,,,,,,,,,,,"Unverified Form D by same-named person: Evommune, Inc. 0002044725-25-000004 sold 115499956 (first sale 2024-10-30, Palo Alto); likely a different person. Unverified Form D by same-named person: Evommune, Inc. 0002044725-25-000003 sold 57500000 (first sale 2023-03-28, Palo Alto); likely a different person. Checked: no post-YC Form D matching the founders; no funding statement on website (2 pages) or YC page. LinkedIn/X/Crunchbase need a logged-in browser.",2026-10-01T00:57:48Z
eugit-therapeutics,Eugit Therapeutics,Summer 2022,No evidence found,,,,,,,,,,,,,,,,,,Checked: no post-YC Form D matching the founders; no funding statement on website (1 pages) or YC page. LinkedIn/X/Crunchbase need a logged-in browser.,2026-10-01T00:57:33Z
medplum,Medplum,Summer 2022,No evidence found,,,,,,,,,,,,,,,,,,Checked: no post-YC Form D matching the founders; no funding statement on website (10 pages) or YC page. LinkedIn/X/Crunchbase need a logged-in browser.,2026-10-01T00:57:36Z
silkchart,SilkChart,Summer 2022,No evidence found,,,,,,,,,,,,,,,,,,Checked: no post-YC Form D matching the founders; no funding statement on website (3 pages) or YC page. LinkedIn/X/Crunchbase need a logged-in browser.,2026-10-01T00:57:35Z
keylika,Keylika,Summer 2022,No evidence found,,,,,,,,,,,,,,,,,,Checked: no post-YC Form D matching the founders; no funding statement on website (1 pages) or YC page. LinkedIn/X/Crunchbase need a logged-in browser.,2026-10-01T00:57:37Z
emerge-career,Emerge Career,Summer 2022,No evidence found,,,,,,,,,,,,,,,,,,Checked: no post-YC Form D matching the founders; no funding statement on website (3 pages) or YC page. LinkedIn/X/Crunchbase need a logged-in browser.,2026-10-01T00:57:39Z
flex,Flex,Summer 2023,Yes,15000000,,2025-09-02,,2,Company website,https://www.withflex.com/blog/flex-raises-15m-to-unlock-150b-in-untapped-pre-tax-spending-for-health-wellness-retailers,Flex Raises $15M to Unlock $150B in Unused HSA/FSA Funds,,,,,,,,,High,Other stated figure: $3.2M (https://www.axios.com/pro/fintech-deals/2024/09/04/flex-d2c-health-account-payments-seed). No matching post-YC Form D found.,2026-10-01T00:58:05Z
letterbook,Letterbook,Summer 2023,Yes,2000000,,2025-01-30,,4,Press (linked from YC company page),https://venturebeat.com/ai/these-yale-and-berkeley-dropouts-just-raised-2-million-to-build-an-ai-assistant-that-could-rival-openai/,These Yale and Berkeley dropouts just raised $2 million to build an AI assistant that could rival OpenAI | VentureBeat,,,,,,,,,Medium,No matching post-YC Form D found.,2026-10-01T00:57:39Z
healthtech-1,Healthtech 1,Summer 2023,Yes,3500000,,2024-09-18,,4,Press (linked from YC company page),https://sifted.eu/articles/healthtech-1-raise-monzo-alumni-news,Healthtech-1 raises $3.5m to automate admin in doctors surgeries,,,,,,,,,Medium,No matching post-YC Form D found.,2026-10-01T00:57:42Z
feanix-biotechnologies,Feanix Biotechnologies,Summer 2023,No evidence found,,,,,,,,,,,,,,,,,,Checked: no post-YC Form D matching the founders; no funding statement on website (2 pages) or YC page. LinkedIn/X/Crunchbase need a logged-in browser.,2026-10-01T00:57:43Z
orbio-earth,Orbio Earth,Summer 2023,No evidence found,,,,,,,,,,,,,,,,,,Checked: no post-YC Form D matching the founders; no funding statement on website (10 pages) or YC page. LinkedIn/X/Crunchbase need a logged-in browser.,2026-10-01T00:57:45Z
coba,Coba,Summer 2023,No evidence found,,,,,,,,,,,,,,,,,,Checked: no post-YC Form D matching the founders; no funding statement on website (3 pages) or YC page. LinkedIn/X/Crunchbase need a logged-in browser. National register for MX not checked.,2026-10-01T00:57:47Z
cembla,Cembla,Summer 2023,No evidence found,,,,,,,,,,,,,,,,,,"Unverified Form D by same-named person: Bond Brand Parent, LLC 0001567619-23-005990 sold 66314000 (first sale 2023-05-01, Denver); likely a different person. Unverified Form D by same-named person: BREIT MF Colorado Investors LLC 0002007610-24-000002 sold 312500 (first sale 2024-01-17, Chicago); likely a different person. Unverified Form D by same-named person: DNA SEQ 2, INC. 0002115201-26-000001 sold 1176300 (first sale 2024-04-10, Vista); likely a different person. Unverified Form D by same-named person: Low Rate Co., Inc. 0002097546-26-000001 sold 3287400 (first sale 2026-04-02, San Clemente); likely a different person. Checked: no post-YC Form D matching the founders; no funding statement on website (0 pages) or YC page. LinkedIn/X/Crunchbase need a logged-in browser.",2026-10-01T00:58:53Z
tempo-2,Tempo,Summer 2023,No evidence found,,,,,,,,,,,,,,,,,,Checked: no post-YC Form D matching the founders; no funding statement on website (9 pages) or YC page. LinkedIn/X/Crunchbase need a logged-in browser. National register for CA not checked.,2026-10-01T00:58:53Z
singularity,Singularity,Summer 2023,No evidence found,,,,,,,,,,,,,,,,,,Checked: no post-YC Form D matching the founders; no funding statement on website (3 pages) or YC page. LinkedIn/X/Crunchbase need a logged-in browser.,2026-10-01T00:58:21Z
opensteer,Opensteer,Summer 2023,No evidence found,,,,,,,,,,,,,,,,,,Checked: no post-YC Form D matching the founders; no funding statement on website (1 pages) or YC page. LinkedIn/X/Crunchbase need a logged-in browser.,2026-10-01T00:57:49Z
cognitio-labs,Cognitio Labs,Summer 2023,No evidence found,,,,,,,,,,,,,,,,,,Checked: no post-YC Form D matching the founders; no funding statement on website (1 pages) or YC page. LinkedIn/X/Crunchbase need a logged-in browser.,2026-10-01T00:57:50Z
olio-labs,Olio Labs,Summer 2023,No evidence found,,,,,,,,,,,,,,,,,,"Unverified Form D by same-named person: Paraiso Club, LLC 0002024843-24-000001 sold 200000 (first sale 2024-05-18, Bonita Springs); likely a different person. Unverified Form D by same-named person: Paraiso Beach Club of Naples, LLC 0002059318-25-000001 sold 0 (first sale yetToOccur, Naples); likely a different person. Unverified Form D by same-named person: Paraiso Beach Club of Naples, LLC 0002059318-25-000002 sold 0 (first sale yetToOccur, Naples); likely a different person. Checked: no post-YC Form D matching the founders; no funding statement on website (10 pages) or YC page. LinkedIn/X/Crunchbase need a logged-in browser.",2026-10-01T00:57:56Z
truemetrics,truemetrics,Summer 2023,No evidence found,,,,,,,,,,,,,,,,,,Checked: no post-YC Form D matching the founders; no funding statement on website (2 pages) or YC page. LinkedIn/X/Crunchbase need a logged-in browser. National register for DE not checked.,2026-10-01T00:57:54Z
wattson-health,Wattson Health,Summer 2023,No evidence found,,,,,,,,,,,,,,,,,,Checked: no post-YC Form D matching the founders; no funding statement on website (3 pages) or YC page. LinkedIn/X/Crunchbase need a logged-in browser.,2026-10-01T00:57:57Z
constructable,Constructable,Summer 2023,No evidence found,,,,,,,,,,,,,,,,,,"Unverified Form D by same-named person: Dog Company, Inc. 0001980828-26-000003 sold 520000 (first sale 2026-06-23, Wilmington); likely a different person. Checked: no post-YC Form D matching the founders; no funding statement on website (5 pages) or YC page. LinkedIn/X/Crunchbase need a logged-in browser.",2026-10-01T00:58:02Z
morph,Morph,Summer 2023,No evidence found,,,,,,,,,,,,,,,,,,Checked: no post-YC Form D matching the founders; no funding statement on website (0 pages) or YC page. LinkedIn/X/Crunchbase need a logged-in browser.,2026-10-01T00:57:59Z
nowadays,Nowadays,Summer 2023,Yes,2000000,,,,2,Company website,https://www.nowadays.ai/press,"Y Combinator alum Nowadays, founded by sisters, raises $2M to automate event planning.",,,,,,,,,High,Round date not stated on the source page; assumed post-YC because it is presented as current news. No matching post-YC Form D found.,2026-10-01T00:58:08Z
twine,Twine,Summer 2023,No evidence found,,,,,,,,,,,,,,,,,,Checked: no post-YC Form D matching the founders; no funding statement on website (2 pages) or YC page. LinkedIn/X/Crunchbase need a logged-in browser.,2026-10-01T00:58:11Z
simbie-ai,Simbie AI,Summer 2023,No evidence found,,,,,,,,,,,,,,,,,,Checked: no post-YC Form D matching the founders; no funding statement on website (3 pages) or YC page. LinkedIn/X/Crunchbase need a logged-in browser.,2026-10-01T00:58:12Z
foundation-2,Foundation,Summer 2023,No evidence found,,,,,,,,,,,,,,,,,,Checked: no post-YC Form D matching the founders; no funding statement on website (2 pages) or YC page. LinkedIn/X/Crunchbase need a logged-in browser.,2026-10-01T00:59:36Z
aisdr,AiSDR,Summer 2023,Yes,3000000,Seed,,Y Combinator,2,Company website,https://aisdr.com/about-us/,"After Demo Day, AiSDR raised a $3M seed round led by Y Combinator, Flyer One Ventures, SID Venture, and others.",,,,,,,,,High,Round date not stated on the source page; assumed post-YC because it is presented as current news. No matching post-YC Form D found.,2026-10-01T00:58:17Z
giga,Giga,Summer 2023,Yes,61000000,,,Redpoint..,2,Company website,https://giga.ai/news/series-a,Giga has raised $61M led by Redpoint..,,,,,,,,,High,Round date not stated on the source page; assumed post-YC because it is presented as current news. No matching post-YC Form D found.,2026-10-01T00:58:28Z
affinity,Affinity,Summer 2023,No evidence found,,,,,,,,,,,,,,,,,,Checked: no post-YC Form D matching the founders; no funding statement on website (1 pages) or YC page. LinkedIn/X/Crunchbase need a logged-in browser.,2026-10-01T00:59:29Z
shadeform,Shadeform,Summer 2023,No evidence found,,,,,,,,,,,,,,,,,,Checked: no post-YC Form D matching the founders; no funding statement on website (2 pages) or YC page. LinkedIn/X/Crunchbase need a logged-in browser.,2026-10-01T00:58:25Z
inconvo,Inconvo,Summer 2023,No evidence found,,,,,,,,,,,,,,,,,,Checked: no post-YC Form D matching the founders; no funding statement on website (3 pages) or YC page. LinkedIn/X/Crunchbase need a logged-in browser. National register for IE not checked.,2026-10-01T00:58:29Z
cargo,Cargo,Summer 2023,No evidence found,,,,,,,,,,,,,,,,,,Checked: no post-YC Form D matching the founders; no funding statement on website (5 pages) or YC page. LinkedIn/X/Crunchbase need a logged-in browser.,2026-10-01T00:58:39Z
roame,Roame,Summer 2023,No evidence found,,,,,,,,,,,,,,,,,,Checked: no post-YC Form D matching the founders; no funding statement on website (1 pages) or YC page. LinkedIn/X/Crunchbase need a logged-in browser.,2026-10-01T00:58:33Z
dili,dili,Summer 2023,Yes,21700000,,2026-07-30,,4,Press (linked from YC company page),https://techcrunch.com/2026/07/30/dili-raises-15-million-to-bring-ai-compliance-to-the-infrastructure-boom/,Dili raises $21.7M to bring AI compliance to the infrastructure boom | TechCrunch,,,,,,,,,Medium,No matching post-YC Form D found.,2026-10-01T00:58:37Z
webhound,Webhound,Summer 2023,No evidence found,,,,,,,,,,,,,,,,,,Checked: no post-YC Form D matching the founders; no funding statement on website (9 pages) or YC page. LinkedIn/X/Crunchbase need a logged-in browser.,2026-10-01T00:58:37Z
trayd,Trayd,Summer 2023,Yes,10000000,,2026-03-25,,4,Press (linked from YC company page),https://news.crunchbase.com/venture/construction-tech-automation-trayd-ai-seriesa/,"Down On Trayd, A Construction Tech Startup That Just Raised $10M In 3 Weeks",,,,,,,,,Medium,No matching post-YC Form D found.,2026-10-01T00:58:39Z
cair-health,Cair Health,Summer 2023,No evidence found,,,,,,,,,,,,,,,,,,Checked: no post-YC Form D matching the founders; no funding statement on website (2 pages) or YC page. LinkedIn/X/Crunchbase need a logged-in browser.,2026-10-01T00:58:42Z
paradedb,ParadeDB,Summer 2023,No evidence found,,,,,,,,,,,,,,,,,,Checked: no post-YC Form D matching the founders; no funding statement on website (1 pages) or YC page. LinkedIn/X/Crunchbase need a logged-in browser.,2026-10-01T00:58:43Z
eden-care,Eden Care,Summer 2023,No evidence found,,,,,,,,,,,,,,,,,,Checked: no post-YC Form D matching the founders; no funding statement on website (2 pages) or YC page. LinkedIn/X/Crunchbase need a logged-in browser. National register for KE not checked.,2026-10-01T00:58:41Z
quill-bills,Quill Bills,Summer 2023,No evidence found,,,,,,,,,,,,,,,,,,Checked: no post-YC Form D matching the founders; no funding statement on website (1 pages) or YC page. LinkedIn/X/Crunchbase need a logged-in browser.,2026-10-01T00:58:44Z
strada,Strada,Summer 2023,No evidence found,,,,,,,,,,,,,,,,,,Checked: no post-YC Form D matching the founders; no funding statement on website (10 pages) or YC page. LinkedIn/X/Crunchbase need a logged-in browser.,2026-10-01T00:58:50Z
minded,Minded,Summer 2023,No evidence found,,,,,,,,,,,,,,,,,,Checked: no post-YC Form D matching the founders; no funding statement on website (5 pages) or YC page. LinkedIn/X/Crunchbase need a logged-in browser. National register for IL not checked.,2026-10-01T00:58:45Z
smobi,Smobi,Summer 2023,No evidence found,,,,,,,,,,,,,,,,,,Checked: no post-YC Form D matching the founders; no funding statement on website (1 pages) or YC page. LinkedIn/X/Crunchbase need a logged-in browser.,2026-10-01T00:58:44Z
tiptap,Tiptap,Summer 2023,No evidence found,,,,,,,,,,,,,,,,,,Checked: no post-YC Form D matching the founders; no funding statement on website (4 pages) or YC page. LinkedIn/X/Crunchbase need a logged-in browser. National register for DE not checked.,2026-10-01T00:58:51Z
recipeui,RecipeUI,Summer 2023,No evidence found,,,,,,,,,,,,,,,,,,Checked: no post-YC Form D matching the founders; no funding statement on website (0 pages) or YC page. LinkedIn/X/Crunchbase need a logged-in browser.,2026-10-01T00:58:46Z
fiber-ai,Fiber AI,Summer 2023,No evidence found,,,,,,,,,,,,,,,,,,Checked: no post-YC Form D matching the founders; no funding statement on website (1 pages) or YC page. LinkedIn/X/Crunchbase need a logged-in browser.,2026-10-01T00:58:55Z
terracotta-ai,Terracotta AI,Summer 2023,No evidence found,,,,,,,,,,,,,,,,,,Checked: no post-YC Form D matching the founders; no funding statement on website (10 pages) or YC page. LinkedIn/X/Crunchbase need a logged-in browser.,2026-10-01T00:58:48Z
certainly-health,Certainly Health,Summer 2023,No evidence found,,,,,,,,,,,,,,,,,,Checked: no post-YC Form D matching the founders; no funding statement on website (3 pages) or YC page. LinkedIn/X/Crunchbase need a logged-in browser.,2026-10-01T00:58:50Z
cedalio,Cedalio,Summer 2023,No evidence found,,,,,,,,,,,,,,,,,,Checked: no post-YC Form D matching the founders; no funding statement on website (3 pages) or YC page. LinkedIn/X/Crunchbase need a logged-in browser.,2026-10-01T00:58:53Z
happyrobot,HappyRobot,Summer 2023,Yes,150000000,Series C,,,2,Company website,https://www.happyrobot.ai/blog,"August 4, 2026 We've Raised $150 Million in Series C Funding to Build Enterprise Superintelligence.",,,,,,,,,High,Round date not stated on the source page; assumed post-YC because it is presented as current news. No matching post-YC Form D found.,2026-10-01T00:58:55Z
pure,Pure,Summer 2023,No evidence found,,,,,,,,,,,,,,,,,,"Unverified Form D by same-named person: PM Technologies Corp 0002095288-25-000001 sold 15551001 (first sale 2025-10-21, Beverly Hills); likely a different person. Checked: no post-YC Form D matching the founders; no funding statement on website (3 pages) or YC page. LinkedIn/X/Crunchbase need a logged-in browser.",2026-10-01T01:00:22Z
nanograb,Nanograb,Summer 2023,No evidence found,,,,,,,,,,,,,,,,,,Checked: no post-YC Form D matching the founders; no funding statement on website (2 pages) or YC page. LinkedIn/X/Crunchbase need a logged-in browser.,2026-10-01T00:58:56Z
elythea,Elythea,Summer 2023,No evidence found,,,,,,,,,,,,,,,,,,Checked: no post-YC Form D matching the founders; no funding statement on website (10 pages) or YC page. LinkedIn/X/Crunchbase need a logged-in browser.,2026-10-01T00:58:56Z
sante,Santé,Summer 2023,Yes,7600000,,,,2,Company website,https://www.santehq.com/blog,Santé Raises $7.6M To Modernize Liquor Stores.,,,,,,,,,High,Round date not stated on the source page; assumed post-YC because it is presented as current news. No matching post-YC Form D found.,2026-10-01T00:58:55Z
langdock,Langdock,Summer 2023,Yes,3000000,,2024-04-19,,4,Press (linked from YC company page),https://techcrunch.com/2024/04/19/langdock/amp/,Langdock raises $3M with General Catalyst to help companies avoid vendor lock-in with LLMs | TechCrunch,,,,,,,,,Medium,No matching post-YC Form D found.,2026-10-01T00:58:58Z
inventive-ai,Inventive AI,Summer 2023,No evidence found,,,,,,,,,,,,,,,,,,Checked: no post-YC Form D matching the founders; no funding statement on website (4 pages) or YC page. LinkedIn/X/Crunchbase need a logged-in browser.,2026-10-01T00:59:00Z
syntheticfi,SyntheticFi,Summer 2023,Yes,13000000,,,,2,Company website,https://www.syntheticfi.com/blog,"SyntheticFi Raises $13M, Surpasses $2B in Regulatory AUM",,,,,,,,,High,Manual review: $2B is assets under management; the raise was $13M.,2026-10-01T00:58:58Z
sendblue,Sendblue,Summer 2023,No evidence found,,,,,,,,,,,,,,,,,,Checked: no post-YC Form D matching the founders; no funding statement on website (2 pages) or YC page. LinkedIn/X/Crunchbase need a logged-in browser.,2026-10-01T00:58:59Z
sudocode,sudocode,Summer 2023,No evidence found,,,,,,,,,,,,,,,,,,Checked: no post-YC Form D matching the founders; no funding statement on website (0 pages) or YC page. LinkedIn/X/Crunchbase need a logged-in browser.,2026-10-01T00:58:59Z
sweep,Sweep,Summer 2023,No evidence found,,,,,,,,,,,,,,,,,,Checked: no post-YC Form D matching the founders; no funding statement on website (0 pages) or YC page. LinkedIn/X/Crunchbase need a logged-in browser.,2026-10-01T00:59:10Z
silimate,Silimate,Summer 2023,No evidence found,,,,,,,,,,,,,,,,,,Checked: no post-YC Form D matching the founders; no funding statement on website (5 pages) or YC page. LinkedIn/X/Crunchbase need a logged-in browser.,2026-10-01T00:59:01Z
andromeda-surgical,Andromeda Surgical,Summer 2023,No evidence found,,,,,,,,,,,,,,,,,,Checked: no post-YC Form D matching the founders; no funding statement on website (2 pages) or YC page. LinkedIn/X/Crunchbase need a logged-in browser.,2026-10-01T00:59:05Z
proof-of-human,Proof of Human,Summer 2023,No evidence found,,,,,,,,,,,,,,,,,,Checked: no post-YC Form D matching the founders; no funding statement on website (3 pages) or YC page. LinkedIn/X/Crunchbase need a logged-in browser.,2026-10-01T00:59:05Z
disputeninja,DisputeNinja,Summer 2023,No evidence found,,,,,,,,,,,,,,,,,,Checked: no post-YC Form D matching the founders; no funding statement on website (2 pages) or YC page. LinkedIn/X/Crunchbase need a logged-in browser.,2026-10-01T00:59:03Z
envelope,Envelope,Summer 2023,No evidence found,,,,,,,,,,,,,,,,,,Checked: no post-YC Form D matching the founders; no funding statement on website (8 pages) or YC page. LinkedIn/X/Crunchbase need a logged-in browser.,2026-10-01T00:59:03Z
vectorshift,VectorShift,Summer 2023,Yes,3000000,,2024-02-21,,4,Press (linked from YC company page),https://venturebeat.com/ai/exclusive-vectorshift-raises-3m-to-modularize-llm-application-development/,Exclusive: VectorShift raises $3M to modularize LLM application development | VentureBeat,,,,,,,,,Medium,No matching post-YC Form D found.,2026-10-01T00:59:04Z
safetykit,SafetyKit,Summer 2023,Yes,27222287,Equity (per Form D; stage not stated),2025-03-28,,1,SEC Form D/A,https://www.sec.gov/Archives/edgar/data/2061540/000206154025000004/primary_doc.xml,totalAmountSold: 27222287; totalOfferingAmount: 27298836; dateOfFirstSale: 2025-03-28,0002061540,0002061540-25-000004,27222287,27298836,2025-03-28,Equity,56,"SafetyKit, Inc.",High,,2026-10-01T00:59:08Z
baserun,Baserun,Summer 2023,No evidence found,,,,,,,,,,,,,,,,,,Checked: no post-YC Form D matching the founders; no funding statement on website (0 pages) or YC page. LinkedIn/X/Crunchbase need a logged-in browser.,2026-10-01T00:59:07Z
automorphic,Automorphic,Summer 2023,No evidence found,,,,,,,,,,,,,,,,,,Checked: no post-YC Form D matching the founders; no funding statement on website (1 pages) or YC page. LinkedIn/X/Crunchbase need a logged-in browser.,2026-10-01T00:59:09Z
read-bean,Read Bean,Summer 2023,No evidence found,,,,,,,,,,,,,,,,,,Checked: no post-YC Form D matching the founders; no funding statement on website (2 pages) or YC page. LinkedIn/X/Crunchbase need a logged-in browser.,2026-10-01T00:59:08Z
sola,Sola,Summer 2023,Yes,21000000,,2025-08-14,,4,Press (linked from YC company page),https://fortune.com/2025/08/14/sola-solutions-ai-startup-raised-21-million-andreessen-sarah-guo/,Sola Solutions raises $21 million for enterprise AI | Fortune,,,,,,,,,Medium,Other stated figure: $17.5 million (https://www.sola.ai/press). No matching post-YC Form D found.,2026-10-01T00:59:20Z
rankai,Rankai,Summer 2023,No evidence found,,,,,,,,,,,,,,,,,,Checked: no post-YC Form D matching the founders; no funding statement on website (2 pages) or YC page. LinkedIn/X/Crunchbase need a logged-in browser.,2026-10-01T00:59:12Z
inlet-2,Inlet,Summer 2023,No evidence found,,,,,,,,,,,,,,,,,,Checked: no post-YC Form D matching the founders; no funding statement on website (1 pages) or YC page. LinkedIn/X/Crunchbase need a logged-in browser.,2026-10-01T00:59:29Z
converge,Converge,Summer 2023,Yes,5600000,,2025-02-06,,4,Press (linked from YC company page),https://www.axios.com/pro/media-deals/2025/02/06/exclusive-martech-startup-converge-raises-56m,MarTech startup Converge raises $5.6M,,,,,,,,,Medium,No matching post-YC Form D found.,2026-10-01T00:59:23Z
flint-2,Flint,Summer 2023,No evidence found,,,,,,,,,,,,,,,,,,Checked: no post-YC Form D matching the founders; no funding statement on website (7 pages) or YC page. LinkedIn/X/Crunchbase need a logged-in browser.,2026-10-01T00:59:14Z
energent-ai,Energent AI,Summer 2023,No evidence found,,,,,,,,,,,,,,,,,,Checked: no post-YC Form D matching the founders; no funding statement on website (2 pages) or YC page. LinkedIn/X/Crunchbase need a logged-in browser.,2026-10-01T00:59:12Z
osium-ai,Osium AI,Summer 2023,No evidence found,,,,,,,,,,,,,,,,,,Checked: no post-YC Form D matching the founders; no funding statement on website (3 pages) or YC page. LinkedIn/X/Crunchbase need a logged-in browser. National register for FR not checked.,2026-10-01T00:59:14Z
slicker,Slicker,Summer 2023,No evidence found,,,,,,,,,,,,,,,,,,Checked: no post-YC Form D matching the founders; no funding statement on website (7 pages) or YC page. LinkedIn/X/Crunchbase need a logged-in browser.,2026-10-01T00:59:17Z
khoj,Khoj,Summer 2023,No evidence found,,,,,,,,,,,,,,,,,,Checked: no post-YC Form D matching the founders; no funding statement on website (1 pages) or YC page. LinkedIn/X/Crunchbase need a logged-in browser.,2026-10-01T00:59:18Z
vaultpay,VaultPay,Summer 2023,No evidence found,,,,,,,,,,,,,,,,,,Checked: no post-YC Form D matching the founders; no funding statement on website (5 pages) or YC page. LinkedIn/X/Crunchbase need a logged-in browser. National register for CD not checked.,2026-10-01T00:59:20Z
bolto,Bolto,Summer 2023,Yes,12000000,,2026-04-21,,2,Company website,https://www.bolto.com/blog/series-a,"Bolto raises $12M to build the first AI-native, all-in-one Recruiting, Payroll, and HR system",,,,,,,,,High,No matching post-YC Form D found.,2026-10-01T00:59:23Z
gleam,Gleam,Summer 2023,No evidence found,,,,,,,,,,,,,,,,,,Checked: no post-YC Form D matching the founders; no funding statement on website (3 pages) or YC page. LinkedIn/X/Crunchbase need a logged-in browser.,2026-10-01T00:59:21Z
kobalt-labs,Kobalt Labs,Summer 2023,No evidence found,,,,,,,,,,,,,,,,,,Checked: no post-YC Form D matching the founders; no funding statement on website (2 pages) or YC page. LinkedIn/X/Crunchbase need a logged-in browser.,2026-10-01T00:59:24Z
studdy,Studdy,Summer 2023,No evidence found,,,,,,,,,,,,,,,,,,"Unverified Form D by same-named person: Setpoint Technologies Inc. 0001956104-24-000001 sold 15341943 (first sale 2024-02-29, Austin); likely a different person. Checked: no post-YC Form D matching the founders; no funding statement on website (1 pages) or YC page. LinkedIn/X/Crunchbase need a logged-in browser.",2026-10-01T00:59:32Z
trainy,Trainy,Summer 2023,No evidence found,,,,,,,,,,,,,,,,,,Checked: no post-YC Form D matching the founders; no funding statement on website (2 pages) or YC page. LinkedIn/X/Crunchbase need a logged-in browser.,2026-10-01T00:59:26Z
apoxy,Apoxy,Summer 2023,No evidence found,,,,,,,,,,,,,,,,,,Checked: no post-YC Form D matching the founders; no funding statement on website (3 pages) or YC page. LinkedIn/X/Crunchbase need a logged-in browser.,2026-10-01T00:59:26Z
sizeless,sizeless,Summer 2023,No evidence found,,,,,,,,,,,,,,,,,,Checked: no post-YC Form D matching the founders; no funding statement on website (1 pages) or YC page. LinkedIn/X/Crunchbase need a logged-in browser.,2026-10-01T00:59:29Z
rimward,Rimward,Summer 2023,No evidence found,,,,,,,,,,,,,,,,,,Checked: no post-YC Form D matching the founders; no funding statement on website (2 pages) or YC page. LinkedIn/X/Crunchbase need a logged-in browser. National register for FR not checked.,2026-10-01T00:59:28Z
letter-ai,Letter AI,Summer 2023,Yes,40000000,Series B,,,2,Company website,https://www.letter.ai,Letter AI raises $40M Series B and launches Letter Compass.,,,,,,,,,High,Round date not stated on the source page; assumed post-YC because it is presented as current news. No matching post-YC Form D found.,2026-10-01T00:59:32Z
guac,Guac,Summer 2023,No evidence found,,,,,,,,,,,,,,,,,,Checked: no post-YC Form D matching the founders; no funding statement on website (2 pages) or YC page. LinkedIn/X/Crunchbase need a logged-in browser.,2026-10-01T00:59:35Z
careoasis,CareOasis,Summer 2023,No evidence found,,,,,,,,,,,,,,,,,,Checked: no post-YC Form D matching the founders; no funding statement on website (4 pages) or YC page. LinkedIn/X/Crunchbase need a logged-in browser.,2026-10-01T00:59:32Z
glade,Glade,Summer 2023,No evidence found,,,,,,,,,,,,,,,,,,Checked: no post-YC Form D matching the founders; no funding statement on website (0 pages) or YC page. LinkedIn/X/Crunchbase need a logged-in browser.,2026-10-01T01:01:13Z
lifestylerx,LifestyleRx,Summer 2023,No evidence found,,,,,,,,,,,,,,,,,,Checked: no post-YC Form D matching the founders; no funding statement on website (1 pages) or YC page. LinkedIn/X/Crunchbase need a logged-in browser. National register for CA not checked.,2026-10-01T00:59:37Z
empirical-health,Empirical Health,Summer 2023,No evidence found,,,,,,,,,,,,,,,,,,Checked: no post-YC Form D matching the founders; no funding statement on website (8 pages) or YC page. LinkedIn/X/Crunchbase need a logged-in browser.,2026-10-01T00:59:36Z
fortuna-health,Fortuna Health,Summer 2023,Yes,18275489,Equity (per Form D; stage not stated),2025-07-18,,1,SEC Form D,https://www.sec.gov/Archives/edgar/data/2080965/000208096525000002/primary_doc.xml,totalAmountSold: 18275489; totalOfferingAmount: 18275489; dateOfFirstSale: 2025-07-18,0002080965,0002080965-25-000002,18275489,18275489,2025-07-18,Equity,6,"Fortuna Health, Inc.",High,,2026-10-01T00:59:42Z
aglide,Aglide,Summer 2023,No evidence found,,,,,,,,,,,,,,,,,,Checked: no post-YC Form D matching the founders; no funding statement on website (2 pages) or YC page. LinkedIn/X/Crunchbase need a logged-in browser.,2026-10-01T00:59:37Z
agentcollect,AgentCollect,Summer 2023,No evidence found,,,,,,,,,,,,,,,,,,Checked: no post-YC Form D matching the founders; no funding statement on website (11 pages) or YC page. LinkedIn/X/Crunchbase need a logged-in browser.,2026-10-01T00:59:34Z
midrender,Midrender,Summer 2023,No evidence found,,,,,,,,,,,,,,,,,,Checked: no post-YC Form D matching the founders; no funding statement on website (2 pages) or YC page. LinkedIn/X/Crunchbase need a logged-in browser.,2026-10-01T00:59:37Z
bretton-ai,Bretton AI,Summer 2023,Yes,75000000,Series B,,,2,Company website,https://www.bretton.com/blog,Bretton AI raises $75M Series B to modernize AML & KYC staffing.,,,,,,,,,High,Round date not stated on the source page; assumed post-YC because it is presented as current news. No matching post-YC Form D found.,2026-10-01T00:59:38Z
medisearch,MediSearch,Summer 2023,No evidence found,,,,,,,,,,,,,,,,,,Checked: no post-YC Form D matching the founders; no funding statement on website (10 pages) or YC page. LinkedIn/X/Crunchbase need a logged-in browser.,2026-10-01T00:59:41Z
metalware,Metalware,Summer 2023,No evidence found,,,,,,,,,,,,,,,,,,"Unverified Form D by same-named person: Ryan Chow PT PC 0001991067-23-000001 sold 66684 (first sale 2023-08-07, New York); likely a different person. Unverified Form D by same-named person: Reload Fitness 0001991067-23-000002 sold 335 (first sale 2023-08-07, New York); likely a different person. Checked: no post-YC Form D matching the founders; no funding statement on website (3 pages) or YC page. LinkedIn/X/Crunchbase need a logged-in browser.",2026-10-01T00:59:42Z
upstream,Upstream,Summer 2023,No evidence found,,,,,,,,,,,,,,,,,,Checked: no post-YC Form D matching the founders; no funding statement on website (1 pages) or YC page. LinkedIn/X/Crunchbase need a logged-in browser. National register for FR not checked.,2026-10-01T00:59:47Z
maven-bio,Maven Bio,Summer 2023,No evidence found,,,,,,,,,,,,,,,,,,Checked: no post-YC Form D matching the founders; no funding statement on website (5 pages) or YC page. LinkedIn/X/Crunchbase need a logged-in browser.,2026-10-01T00:59:45Z
surface-labs,Surface Labs,Summer 2023,No evidence found,,,,,,,,,,,,,,,,,,Checked: no post-YC Form D matching the founders; no funding statement on website (5 pages) or YC page. LinkedIn/X/Crunchbase need a logged-in browser.,2026-10-01T00:59:41Z
candoriq,CandorIQ,Summer 2023,No evidence found,,,,,,,,,,,,,,,,,,Checked: no post-YC Form D matching the founders; no funding statement on website (4 pages) or YC page. LinkedIn/X/Crunchbase need a logged-in browser.,2026-10-01T00:59:44Z
refine,refine,Summer 2023,Yes,2800000,Seed,,,2,Company website,https://refine.dev/blog/categories/announcement/,We're excited to share that Refine has successfully closed a $2.8M seed round..,,,,,,,,,High,Round date not stated on the source page; assumed post-YC because it is presented as current news. No matching post-YC Form D found.,2026-10-01T00:59:48Z
epsilla,Epsilla,Summer 2023,No evidence found,,,,,,,,,,,,,,,,,,Checked: no post-YC Form D matching the founders; no funding statement on website (2 pages) or YC page. LinkedIn/X/Crunchbase need a logged-in browser.,2026-10-01T00:59:48Z
maintouch,Maintouch,Summer 2023,No evidence found,,,,,,,,,,,,,,,,,,Checked: no post-YC Form D matching the founders; no funding statement on website (10 pages) or YC page. LinkedIn/X/Crunchbase need a logged-in browser.,2026-10-01T00:59:45Z
vetrec,VetRec,Summer 2023,No evidence found,,,,,,,,,,,,,,,,,,Checked: no post-YC Form D matching the founders; no funding statement on website (10 pages) or YC page. LinkedIn/X/Crunchbase need a logged-in browser.,2026-10-01T00:59:48Z
numen,Numen,Summer 2023,No evidence found,,,,,,,,,,,,,,,,,,"Unverified Form D by same-named person: KAB of North Alabama, LLC 0002011574-24-000002 sold 6700000 (first sale 2024-02-21, Albertville); likely a different person. Checked: no post-YC Form D matching the founders; no funding statement on website (1 pages) or YC page. LinkedIn/X/Crunchbase need a logged-in browser.",2026-10-01T01:00:16Z
decoda-health,Decoda Health,Summer 2023,Yes,4500000,Seed,,,2,Company website,https://decodahealth.com/blog,Decoda Health Raises $4.5M Seed Round.,,,,,,,,,High,Round date not stated on the source page; assumed post-YC because it is presented as current news. No matching post-YC Form D found.,2026-10-01T00:59:54Z
skyvern,Skyvern,Summer 2023,Yes,2700000,,,,2,Company website,https://www.skyvern.com/blog/,Skyvern – We raised $2.7M to fix browser automation (open source).,0001993154,,,,,,,Ikonomos Inc.,High,yc deal like Form D 0001993154-23-000001: sold 227500 first sale 2023-08-22 Round date not stated on the source page; assumed post-YC because it is presented as current news. No matching post-YC Form D found.,2026-10-01T00:59:54Z
cardinal-gray,Cardinal Gray,Summer 2023,No evidence found,,,,,,,,,,,,,,,,,,Checked: no post-YC Form D matching the founders; no funding statement on website (1 pages) or YC page. LinkedIn/X/Crunchbase need a logged-in browser.,2026-10-01T00:59:53Z
hiro,Hiro,Summer 2023,No evidence found,,,,,,,,,,,,,,,,,,Checked: no post-YC Form D matching the founders; no funding statement on website (1 pages) or YC page. LinkedIn/X/Crunchbase need a logged-in browser.,2026-10-01T01:00:04Z
dialtone,Dialtone,Summer 2023,No evidence found,,,,,,,,,,,,,,,,,,Checked: no post-YC Form D matching the founders; no funding statement on website (2 pages) or YC page. LinkedIn/X/Crunchbase need a logged-in browser.,2026-10-01T00:59:50Z
margin,Margin,Summer 2023,No evidence found,,,,,,,,,,,,,,,,,,Checked: no post-YC Form D matching the founders; no funding statement on website (2 pages) or YC page. LinkedIn/X/Crunchbase need a logged-in browser.,2026-10-01T01:00:06Z
repaint,Repaint,Summer 2023,No evidence found,,,,,,,,,,,,,,,,,,Checked: no post-YC Form D matching the founders; no funding statement on website (2 pages) or YC page. LinkedIn/X/Crunchbase need a logged-in browser.,2026-10-01T00:59:55Z
chow-central-inc,Chow Central Inc,Summer 2023,No evidence found,,,,,,,,,,,,,,,,,,Checked: no post-YC Form D matching the founders; no funding statement on website (10 pages) or YC page. LinkedIn/X/Crunchbase need a logged-in browser. National register for NG not checked.,2026-10-01T00:59:58Z
fleetworks,FleetWorks,Summer 2023,Yes,17000000,,2025-10-14,,4,Press (linked from YC company page),https://techcrunch.com/2025/10/14/fleetworks-raises-17m-to-match-truckers-with-cargo-faster/,FleetWorks raises $17M to match truckers with cargo faster | TechCrunch,,,,,,,,,Medium,No matching post-YC Form D found.,2026-10-01T01:00:03Z
health-harbor,Health Harbor,Summer 2023,No evidence found,,,,,,,,,,,,,,,,,,Checked: no post-YC Form D matching the founders; no funding statement on website (10 pages) or YC page. LinkedIn/X/Crunchbase need a logged-in browser.,2026-10-01T01:00:02Z
shasta-health,Shasta Health,Summer 2023,No evidence found,,,,,,,,,,,,,,,,,,Checked: no post-YC Form D matching the founders; no funding statement on website (9 pages) or YC page. LinkedIn/X/Crunchbase need a logged-in browser.,2026-10-01T00:59:59Z
hegel-ai,Hegel AI,Summer 2023,No evidence found,,,,,,,,,,,,,,,,,,Checked: no post-YC Form D matching the founders; no funding statement on website (0 pages) or YC page. LinkedIn/X/Crunchbase need a logged-in browser.,2026-10-01T01:00:04Z
outset,Outset,Summer 2023,Yes,46262257,Equity (per Form D; stage not stated),2025-05-02,,1,SEC Form D,https://www.sec.gov/Archives/edgar/data/2071743/000207174326000001/primary_doc.xml,totalAmountSold: 29662278; totalOfferingAmount: 32462270; dateOfFirstSale: 2025-12-05,0002071743,0002071743-26-000001,29662278,32462270,2025-12-05,Equity,6,"Parnassus Labs, Inc.",High,"Legal name differs from brand; matched on related person(s) Aaron Cannon, Michael Hess, issuer in San Francisco, CA. 2 post-YC Form D offerings summed: 0002071743-25-000001 $16599979 (2025-05-02), 0002071743-26-000001 $29662278 (2025-12-05) Unverified Form D by same-named person: Brickstone at Woodlawn, LLC 0001974487-23-000001 sold 8825400 (first sale 2023-04-18, Warrendale); likely a different person. Unverified Form D by same-named person: Emporia Learning Inc. 0002017430-24-000001 sold 4700000 (first sale 2024-03-21, New York); likely a different person. Unverified Form D by same-named person: TronMedia, Inc. 0002015913-24-000001 sold 100000 (first sale 2024-05-09, Annapolis); likely a different person. Unverified Form D by same-named person: UPDATE BEVERAGES INC. 0002037123-24-000001 sold 7383500 (first sale 2024-08-29, New York); likely a different person. Unverified Form D by same-named person: UPDATE BEVERAGES INC. 0002037123-24-000002 sold 7958074 (first sale 2024-08-29, New York); likely a different person. Unverified Form D by same-named person: Emporia Learning Inc. 0002017430-25-000003 sold 2250000 (first sale 2025-04-01, Austin); likely a different person. Tier 4 source states $17M (https://venturebeat.com/ai/outset-raises-17m-to-replace-human-interviewers-with-ai-agents-for-enterprise-research/); Form D figure kept.",2026-10-01T01:00:19Z
serra,Serra,Summer 2023,No evidence found,,,,,,,,,,,,,,,,,,Checked: no post-YC Form D matching the founders; no funding statement on website (7 pages) or YC page. LinkedIn/X/Crunchbase need a logged-in browser.,2026-10-01T01:00:15Z
corgea,Corgea,Summer 2023,Yes,2600000,Seed,2024-11-06,,4,Press (linked from YC company page),https://en.incarabia.com/shorooq-partners-leads-corgea%E2%80%99s-us26-million-seed-round-694875.html,Corgea’s raises $2.6 Million Seed Round,0001981261,,,,,,,"Corgea, Inc.",Medium,yc deal like Form D 0001981261-23-000001: sold 175000 first sale 2023-06-07 No matching post-YC Form D found.,2026-10-01T01:00:10Z
terminal,Terminal,Summer 2023,Yes,20000000,Series A,,Battery Ventures,2,Company website,https://www.withterminal.com,We've raised a $20M Series A led by Battery Ventures ↗.,0002134314,,,,,,,Terminal Technologies Inc. /Canada,High,unsold Form D 0002134314-26-000001: sold 0 first sale yetToOccur Round date not stated on the source page; assumed post-YC because it is presented as current news. No matching post-YC Form D found.,2026-10-01T01:00:16Z
micsi,MICSI,Summer 2023,No evidence found,,,,,,,,,0001991242,,,,,,,"Microstructure Imaging, Inc.",,yc deal like Form D 0001991242-23-000002: sold 590000 first sale 2023-08-02 Checked: no post-YC Form D matching the founders; no funding statement on website (2 pages) or YC page. LinkedIn/X/Crunchbase need a logged-in browser.,2026-10-01T01:00:12Z
arcimus,Arcimus,Summer 2023,No evidence found,,,,,,,,,,,,,,,,,,Checked: no post-YC Form D matching the founders; no funding statement on website (1 pages) or YC page. LinkedIn/X/Crunchbase need a logged-in browser.,2026-10-01T01:00:09Z
docsum,Docsum,Summer 2023,No evidence found,,,,,,,,,,,,,,,,,,Checked: no post-YC Form D matching the founders; no funding statement on website (6 pages) or YC page. LinkedIn/X/Crunchbase need a logged-in browser.,2026-10-01T01:00:15Z
obento-health,Obento Health,Summer 2023,No evidence found,,,,,,,,,,,,,,,,,,Checked: no post-YC Form D matching the founders; no funding statement on website (0 pages) or YC page. LinkedIn/X/Crunchbase need a logged-in browser.,2026-10-01T01:00:13Z
kite,Kite,Summer 2023,No evidence found,,,,,,,,,,,,,,,,,,Checked: no post-YC Form D matching the founders; no funding statement on website (10 pages) or YC page. LinkedIn/X/Crunchbase need a logged-in browser.,2026-10-01T01:00:39Z
bronco-ai,Bronco AI,Summer 2023,No evidence found,,,,,,,,,,,,,,,,,,"Unverified Form D by same-named person: Belli Corp 0002072541-25-000001 sold 500000 (first sale 2025-06-16, Grandville); likely a different person. Unverified Form D by same-named person: Belli Corp 0002072541-25-000002 sold 1900000 (first sale 2025-07-18, Grandville); likely a different person. Checked: no post-YC Form D matching the founders; no funding statement on website (10 pages) or YC page. LinkedIn/X/Crunchbase need a logged-in browser.",2026-10-01T01:00:18Z
punchcard,Punchcard,Summer 2023,No evidence found,,,,,,,,,,,,,,,,,,Checked: no post-YC Form D matching the founders; no funding statement on website (4 pages) or YC page. LinkedIn/X/Crunchbase need a logged-in browser.,2026-10-01T01:00:18Z
venta-ai,Venta AI,Summer 2023,Yes,2000000,,,,2,Company website,https://www.getventa.ai/blog,Venta AI raises $2M from Gradient.,,,,,,,,,High,Round date not stated on the source page; assumed post-YC because it is presented as current news. No matching post-YC Form D found.,2026-10-01T01:00:19Z
parea,Parea,Summer 2023,No evidence found,,,,,,,,,,,,,,,,,,Checked: no post-YC Form D matching the founders; no funding statement on website (0 pages) or YC page. LinkedIn/X/Crunchbase need a logged-in browser.,2026-10-01T01:00:20Z
campfire-2,Campfire,Summer 2023,Yes,96427822,Series B (Equity per Form D),2025-06-26,,1,SEC Form D,https://www.sec.gov/Archives/edgar/data/2081415/000208141525000003/primary_doc.xml,totalAmountSold: 57299935; totalOfferingAmount: 64788146; dateOfFirstSale: 2025-10-15,0002081415,0002081415-25-000003,57299935,64788146,2025-10-15,Equity,6,"Campfire Software, Inc.",High,"2 post-YC Form D offerings summed: 0002081415-25-000001 $39127887 (2025-06-26), 0002081415-25-000003 $57299935 (2025-10-15)",2026-10-01T01:00:38Z
alguna,Alguna,Summer 2023,No evidence found,,,,,,,,,,,,,,,,,,Checked: no post-YC Form D matching the founders; no funding statement on website (7 pages) or YC page. LinkedIn/X/Crunchbase need a logged-in browser.,2026-10-01T01:00:23Z
sid,SID,Summer 2023,No evidence found,,,,,,,,,,,,,,,,,,Checked: no post-YC Form D matching the founders; no funding statement on website (2 pages) or YC page. LinkedIn/X/Crunchbase need a logged-in browser.,2026-10-01T01:00:24Z
capi-money,Capi Money,Summer 2023,Yes,1522499,SAFE (per Form D; stage not stated),2023-05-23,,1,SEC Form D,https://www.sec.gov/Archives/edgar/data/1980907/000198090723000005/primary_doc.xml,totalAmountSold: 1522499; totalOfferingAmount: 2022499; dateOfFirstSale: 2023-05-23,0001980907,0001980907-23-000005,1522499,2022499,2023-05-23,Other; Other: SAFEs,13,"Capi Money, Inc",High,"First sale is close to batch start, so the Form D total may include YC's $500K.",2026-10-01T01:00:24Z
spine-ai,Spine AI,Summer 2023,No evidence found,,,,,,,,,,,,,,,,,,Checked: no post-YC Form D matching the founders; no funding statement on website (9 pages) or YC page. LinkedIn/X/Crunchbase need a logged-in browser.,2026-10-01T01:00:25Z
subsets,Subsets,Summer 2023,Yes,6100000,,,,2,YC company/launch page,https://www.ycombinator.com/companies/subsets,"Subsets has raised $6.1m and launched out of Y Combinator’s Summer 2023 batch in San Francisco, and is now based in Copenhagen.",,,,,,,,,High,Round date not stated on the source page; assumed post-YC because it is presented as current news. Other stated figure: $1.65M (https://www.subsets.com/blog). No matching post-YC Form D found.,2026-10-01T01:00:25Z
heysol,CORE,Summer 2023,No evidence found,,,,,,,,,,,,,,,,,,Checked: no post-YC Form D matching the founders; no funding statement on website (1 pages) or YC page. LinkedIn/X/Crunchbase need a logged-in browser. National register for IN not checked.,2026-10-01T01:00:49Z
revamp,Revamp,Summer 2023,No evidence found,,,,,,,,,,,,,,,,,,Checked: no post-YC Form D matching the founders; no funding statement on website (3 pages) or YC page. LinkedIn/X/Crunchbase need a logged-in browser.,2026-10-01T01:00:36Z
datashare,DataShare,Summer 2023,No evidence found,,,,,,,,,,,,,,,,,,Checked: no post-YC Form D matching the founders; no funding statement on website (0 pages) or YC page. LinkedIn/X/Crunchbase need a logged-in browser.,2026-10-01T01:00:26Z
airgoods,Airgoods,Summer 2023,No evidence found,,,,,,,,,,,,,,,,,,Checked: no post-YC Form D matching the founders; no funding statement on website (10 pages) or YC page. LinkedIn/X/Crunchbase need a logged-in browser.,2026-10-01T01:00:30Z
talc,Talc,Summer 2023,No evidence found,,,,,,,,,,,,,,,,,,Checked: no post-YC Form D matching the founders; no funding statement on website (10 pages) or YC page. LinkedIn/X/Crunchbase need a logged-in browser.,2026-10-01T01:00:27Z
solve-intelligence,Solve Intelligence,Summer 2023,Yes,40000000,Series B,2025-12-09,,2,Company website,https://www.solveintelligence.com/blog/post/solve-intelligence-raises-40m-series-b-to-build-ai-for-patents-and-launches-charts,Solve Intelligence Raises $40M Series B to Build AI for Patents and Launches Charts.,,,,,,,,,High,Other stated figure: $12M (https://www.solveintelligence.com/blog/post/series-a-funding-to-build-ai-for-patents). No matching post-YC Form D found.,2026-10-01T01:00:30Z
lio,Lio (formerly askLio),Summer 2023,Yes,30000000,,2026-03-05,,4,Press (linked from YC company page),https://techcrunch.com/2026/03/05/lio-ai-series-a-a16z-30m-raise-automate-enterprise-procurement/,Lio raises $30M from Andreessen Horowitz and others to automate enterprise procurement | TechCrunch,,,,,,,,,Medium,No matching post-YC Form D found.,2026-10-01T01:00:32Z
craftwork,Craftwork,Summer 2023,Yes,5239586,Equity (per Form D; stage not stated),2023-09-19,,1,SEC Form D,https://www.sec.gov/Archives/edgar/data/1995626/000199562623000001/primary_doc.xml,totalAmountSold: 5239586; totalOfferingAmount: 5239586; dateOfFirstSale: 2023-09-19,0001995626,0001995626-23-000001,5239586,5239586,2023-09-19,Equity,17,"Spakl Tech, Inc.",High,"Legal name differs from brand; matched on related person(s) Joey Skavroneck, Suzanne Griffin, Tim Griffin, issuer in Charlotte, NC. Tier 4 source states $7 million (https://www.axios.com/local/charlotte/2025/01/19/startup-craftwork-funding-charlotte); Form D figure kept.",2026-10-01T01:00:40Z
electric-air-2,Electric Air,Summer 2023,No evidence found,,,,,,,,,,,,,,,,,,Checked: no post-YC Form D matching the founders; no funding statement on website (2 pages) or YC page. LinkedIn/X/Crunchbase need a logged-in browser.,2026-10-01T01:00:36Z
prosper,Prosper,Summer 2023,Yes,1600000,SAFE (per Form D; stage not stated),2023-06-12,,1,SEC Form D,https://www.sec.gov/Archives/edgar/data/1983334/000198333423000001/primary_doc.xml,totalAmountSold: 1600000; totalOfferingAmount: 4500000; dateOfFirstSale: 2023-06-12,0001983334,0001983334-23-000001,1600000,4500000,2023-06-12,SecurityToBeAcquired; Other; Other: Simple Agreement for Future Equity,4,"Prosper Tech, Inc.",High,"First sale is close to batch start, so the Form D total may include YC's $500K. Tier 4 source states $30M (https://www.fiercehealthcare.com/ai-and-machine-learning/prosper-ai-lands-30m-backed-andreessen-horowitz-build-ai-workforce); Form D figure kept.",2026-10-01T01:01:13Z
mandel-ai,Mandel AI,Summer 2023,Yes,3900000,,,,2,Company website,https://www.mandel.ai/blog,We Raised $3.9M to Fix That..,,,,,,,,,High,Round date not stated on the source page; assumed post-YC because it is presented as current news. No matching post-YC Form D found.,2026-10-01T01:00:35Z
every,Every,Summer 2023,Yes,32000000,Series A,,,2,YC company/launch page,https://www.ycombinator.com/companies/every,[**Every.io**](https://bit.ly/4cGEESl) [Every.io](https://bit.ly/4cGEESl) is a Series A company that has raised $32 million in venture funding from Y Combinator and Redpoint.,,,,,,,,,High,Round date not stated on the source page; assumed post-YC because it is presented as current news. No matching post-YC Form D found.,2026-10-01T01:00:42Z
contour,Contour,Summer 2023,No evidence found,,,,,,,,,,,,,,,,,,Checked: no post-YC Form D matching the founders; no funding statement on website (0 pages) or YC page. LinkedIn/X/Crunchbase need a logged-in browser.,2026-10-01T01:00:57Z
opentools,OpenTools,Summer 2023,No evidence found,,,,,,,,,,,,,,,,,,Checked: no post-YC Form D matching the founders; no funding statement on website (1 pages) or YC page. LinkedIn/X/Crunchbase need a logged-in browser.,2026-10-01T01:00:38Z
cedana,Cedana,Summer 2023,No evidence found,,,,,,,,,,,,,,,,,,Checked: no post-YC Form D matching the founders; no funding statement on website (2 pages) or YC page. LinkedIn/X/Crunchbase need a logged-in browser.,2026-10-01T01:00:43Z
casca,Casca,Summer 2023,No evidence found,,,,,,,,,,,,,,,,,,Checked: no post-YC Form D matching the founders; no funding statement on website (4 pages) or YC page. LinkedIn/X/Crunchbase need a logged-in browser.,2026-10-01T01:00:43Z
zelos-cloud,Zelos Cloud,Summer 2023,No evidence found,,,,,,,,,,,,,,,,,,Checked: no post-YC Form D matching the founders; no funding statement on website (1 pages) or YC page. LinkedIn/X/Crunchbase need a logged-in browser.,2026-10-01T01:00:47Z
readily,Readily,Summer 2023,No evidence found,,,,,,,,,,,,,,,,,,Checked: no post-YC Form D matching the founders; no funding statement on website (1 pages) or YC page. LinkedIn/X/Crunchbase need a logged-in browser.,2026-10-01T01:00:46Z
proprise,PropRise,Summer 2023,No evidence found,,,,,,,,,,,,,,,,,,Checked: no post-YC Form D matching the founders; no funding statement on website (1 pages) or YC page. LinkedIn/X/Crunchbase need a logged-in browser.,2026-10-01T01:00:47Z
pointhound,Pointhound,Summer 2023,No evidence found,,,,,,,,,,,,,,,,,,Checked: no post-YC Form D matching the founders; no funding statement on website (2 pages) or YC page. LinkedIn/X/Crunchbase need a logged-in browser.,2026-10-01T01:00:47Z
diligent,Diligent,Summer 2023,Yes,2500000,,2026-03-04,,2,Company website,https://www.godiligent.ai/post/diligent-ai-raises-2-5m-to-empower-kyc-and-anti-money-laundering-teams-with-ai-agents,Diligent AI Raises $2.5M to Empower KYC and Anti-Money-Laundering teams with AI Agents,,,,,,,,,High,No matching post-YC Form D found.,2026-10-01T01:00:51Z
bland-ai,Bland AI,Summer 2023,Yes,50000000,,2026-06-16,,4,Press (linked from YC company page),https://fortune.com/2026/06/16/voice-ai-bland-50-million-after-being-rejected-by-180-investors/,Exclusive: Voice AI startup Bland raises $50 million after being rejected by 180 investors | Fortune,,,,,,,,,Medium,"Unverified Form D by same-named person: Intelliga Corp 0002032279-24-000001 sold 21831799 (first sale 2024-07-19, San Francisco); likely a different person. Unverified Form D by same-named person: Intelliga Corp 0002032279-25-000001 sold 37599975 (first sale 2024-12-19, San Francisco); likely a different person. No matching post-YC Form D found.",2026-10-01T01:00:53Z
sohar-health,Sohar Health,Summer 2023,No evidence found,,,,,,,,,,,,,,,,,,Checked: no post-YC Form D matching the founders; no funding statement on website (2 pages) or YC page. LinkedIn/X/Crunchbase need a logged-in browser.,2026-10-01T01:00:51Z
sweetspot,Sweetspot,Summer 2023,Yes,2200000,,2024-08-07,,4,Press (linked from YC company page),https://www.semafor.com/article/08/07/2024/ai-startup-sweetspot-raises-22-million,AI startup Sweetspot raises $2.2 million | Semafor,,,,,,,,,Medium,No matching post-YC Form D found.,2026-10-01T01:00:55Z
magic-loops,Magic Loops,Summer 2023,No evidence found,,,,,,,,,,,,,,,,,,"Unverified Form D by same-named person: Dulis Garners Ferry, LLC 0002054659-25-000001 sold 3900000 (first sale yetToOccur, Chapin); likely a different person. Checked: no post-YC Form D matching the founders; no funding statement on website (10 pages) or YC page. LinkedIn/X/Crunchbase need a logged-in browser.",2026-10-01T01:00:59Z
ohmic-biosciences,Ohmic Biosciences,Summer 2023,No evidence found,,,,,,,,,,,,,,,,,,Checked: no post-YC Form D matching the founders; no funding statement on website (1 pages) or YC page. LinkedIn/X/Crunchbase need a logged-in browser.,2026-10-01T01:00:55Z
stellar-sleep,Stellar Sleep,Summer 2023,No evidence found,,,,,,,,,,,,,,,,,,Checked: no post-YC Form D matching the founders; no funding statement on website (10 pages) or YC page. LinkedIn/X/Crunchbase need a logged-in browser.,2026-10-01T01:02:12Z
aivideo-com,AIVideo.com,Summer 2023,No evidence found,,,,,,,,,,,,,,,,,,Checked: no post-YC Form D matching the founders; no funding statement on website (11 pages) or YC page. LinkedIn/X/Crunchbase need a logged-in browser.,2026-10-01T01:01:04Z
linc,Linc.,Summer 2023,No evidence found,,,,,,,,,,,,,,,,,,Checked: no post-YC Form D matching the founders; no funding statement on website (1 pages) or YC page. LinkedIn/X/Crunchbase need a logged-in browser.,2026-10-01T01:01:14Z
hyperbound,Hyperbound,Summer 2023,Yes,18300000,,,,2,Company website,https://www.hyperbound.ai/blog/series-a,Hyperbound has now raised a total of $18.3 million.,,,,,,,,,High,Round date not stated on the source page; assumed post-YC because it is presented as current news. Other stated figure: $15M (https://www.hyperbound.ai/blog). No matching post-YC Form D found.,2026-10-01T01:01:00Z
accend,Accend,Summer 2023,Yes,3200000,Seed,,,2,YC company/launch page,https://www.ycombinator.com/companies/accend,"Accend has raised a $3.2M seed round from Y Combinator, Adverb Ventures, General Catalyst and 645 Ventures.",,,,,,,,,High,Round date not stated on the source page; assumed post-YC because it is presented as current news. No matching post-YC Form D found.,2026-10-01T01:01:09Z
elyos-ai,Elyos AI,Summer 2023,Yes,13000000,Series A,,,2,Company website,https://elyos.ai/blog,Elyos AI Raises a $13M Series A to Build the AI Agents for the Trades.,,,,,,,,,High,Round date not stated on the source page; assumed post-YC because it is presented as current news. No matching post-YC Form D found.,2026-10-01T01:01:13Z
clearest-health,Clearest Health,Summer 2023,No evidence found,,,,,,,,,,,,,,,,,,Checked: no post-YC Form D matching the founders; no funding statement on website (4 pages) or YC page. LinkedIn/X/Crunchbase need a logged-in browser.,2026-10-01T01:01:11Z
metoro,Metoro,Summer 2023,No evidence found,,,,,,,,,,,,,,,,,,Checked: no post-YC Form D matching the founders; no funding statement on website (9 pages) or YC page. LinkedIn/X/Crunchbase need a logged-in browser.,2026-10-01T01:01:04Z
twenty,Twenty,Summer 2023,No evidence found,,,,,,,,,,,,,,,,,,Checked: no post-YC Form D matching the founders; no funding statement on website (1 pages) or YC page. LinkedIn/X/Crunchbase need a logged-in browser. National register for FR not checked.,2026-10-01T01:01:44Z
ora-ai,Ora AI,Summer 2023,No evidence found,,,,,,,,,,,,,,,,,,Checked: no post-YC Form D matching the founders; no funding statement on website (4 pages) or YC page. LinkedIn/X/Crunchbase need a logged-in browser.,2026-10-01T01:01:11Z
nectar,Nectar,Summer 2023,No evidence found,,,,,,,,,,,,,,,,,,"Unverified Form D by same-named person: Locally.com, Inc. 0002007944-24-000001 sold 6000000 (first sale 2023-12-29, New Orleans); likely a different person. Checked: no post-YC Form D matching the founders; no funding statement on website (4 pages) or YC page. LinkedIn/X/Crunchbase need a logged-in browser.",2026-10-01T01:01:37Z
reworkd,Reworkd,Summer 2023,Yes,4000000,Seed,,,2,Company website,https://www.reworkd.ai/blog,"Reworkd Raises Seed Round, Bringing Total Funding to $4M+.",,,,,,,,,High,Round date not stated on the source page; assumed post-YC because it is presented as current news. No matching post-YC Form D found.,2026-10-01T01:01:14Z
kino-ai,Kino AI,Summer 2023,No evidence found,,,,,,,,,,,,,,,,,,Checked: no post-YC Form D matching the founders; no funding statement on website (3 pages) or YC page. LinkedIn/X/Crunchbase need a logged-in browser.,2026-10-01T01:01:14Z
kapa-ai,kapa.ai,Summer 2023,No evidence found,,,,,,,,,,,,,,,,,,Checked: no post-YC Form D matching the founders; no funding statement on website (4 pages) or YC page. LinkedIn/X/Crunchbase need a logged-in browser.,2026-10-01T01:01:16Z
artie,Artie,Summer 2023,Yes,12000000,Series A,,Dalton Caldwell,2,YC company/launch page,https://www.ycombinator.com/companies/artie,"for three years, went through YC S23, and closed a $12M Series A led by Dalton Caldwell at Standard Capital.",,,,,,,,,High,Round date not stated on the source page; assumed post-YC because it is presented as current news. No matching post-YC Form D found.,2026-10-01T01:01:19Z
hylight,HyLight,Summer 2023,Yes,4000000,,2024-04-15,,4,Press (linked from YC company page),https://tech.eu/2024/04/15/hylight-raises-4m-for-hydrogen-powered-airship-drones/,HyLight raises $4M for hydrogen-powered airship drones - Tech.eu,,,,,,,,,Medium,No matching post-YC Form D found.,2026-10-01T01:01:19Z
hockeystack,HockeyStack,Summer 2023,Yes,20000000,,2025-01-28,,4,Press (linked from YC company page),https://www.axios.com/2025/01/28/hockeystack-revenue-analytics-software,HockeyStack raises $20 million for marketing analytics and attribution,,,,,,,,,Medium,No matching post-YC Form D found.,2026-10-01T01:01:18Z
yn,Y/n,Summer 2023,No evidence found,,,,,,,,,,,,,,,,,,Checked: no post-YC Form D matching the founders; no funding statement on website (1 pages) or YC page. LinkedIn/X/Crunchbase need a logged-in browser.,2026-10-01T01:01:21Z
cercli,Cercli,Summer 2023,Yes,12000000,Series A,2025-10-21,,4,Press (linked from YC company page),https://techcrunch.com/2025/10/20/yc-alum-cercli-an-ai-powered-rippling-for-mena-raises-oversubscribed-12m-series-a/,"YC alum Cercli, an AI-powered Rippling for MENA, raises oversubscribed $12M Series A | TechCrunch",,,,,,,,,Medium,No matching post-YC Form D found.,2026-10-01T01:01:18Z
outerport,Outerport,Summer 2024,No evidence found,,,,,,,,,,,,,,,,,,Checked: no post-YC Form D matching the founders; no funding statement on website (4 pages) or YC page. LinkedIn/X/Crunchbase need a logged-in browser.,2026-10-01T01:01:19Z
dreamrp,DreamRP,Summer 2024,No evidence found,,,,,,,,,,,,,,,,,,Checked: no post-YC Form D matching the founders; no funding statement on website (10 pages) or YC page. LinkedIn/X/Crunchbase need a logged-in browser.,2026-10-01T01:01:20Z
conductor,Conductor,Summer 2024,Yes,22000000,Series A,,,2,Company website,https://www.conductor.build/blog,Conductor’s Series A We've raised a $22M Series A from Spark and Matrix..,,,,,,,,,High,Round date not stated on the source page; assumed post-YC because it is presented as current news. No matching post-YC Form D found.,2026-10-01T01:01:29Z
syntra,Syntra,Summer 2024,No evidence found,,,,,,,,,,,,,,,,,,Checked: no post-YC Form D matching the founders; no funding statement on website (2 pages) or YC page. LinkedIn/X/Crunchbase need a logged-in browser.,2026-10-01T01:01:22Z
pathpilot,PathPilot,Summer 2024,No evidence found,,,,,,,,,,,,,,,,,,Checked: no post-YC Form D matching the founders; no funding statement on website (3 pages) or YC page. LinkedIn/X/Crunchbase need a logged-in browser.,2026-10-01T01:01:22Z
bits-to-atoms,Bits to Atoms,Summer 2024,No evidence found,,,,,,,,,,,,,,,,,,Checked: no post-YC Form D matching the founders; no funding statement on website (1 pages) or YC page. LinkedIn/X/Crunchbase need a logged-in browser.,2026-10-01T01:01:23Z
simcare,SimCare,Summer 2024,No evidence found,,,,,,,,,,,,,,,,,,Checked: no post-YC Form D matching the founders; no funding statement on website (2 pages) or YC page. LinkedIn/X/Crunchbase need a logged-in browser.,2026-10-01T01:01:24Z
merlin-ai,Merlin AI,Summer 2024,No evidence found,,,,,,,,,,,,,,,,,,Checked: no post-YC Form D matching the founders; no funding statement on website (4 pages) or YC page. LinkedIn/X/Crunchbase need a logged-in browser.,2026-10-01T01:01:26Z
freestyle,Freestyle,Summer 2024,No evidence found,,,,,,,,,,,,,,,,,,Checked: no post-YC Form D matching the founders; no funding statement on website (5 pages) or YC page. LinkedIn/X/Crunchbase need a logged-in browser.,2026-10-01T01:01:37Z
arva-ai,Arva AI,Summer 2024,Yes,3000000,,2025-01-16,,4,Press (linked from YC company page),https://fintech.global/2025/01/16/arva-ai-secures-3m-in-google-led-funding-to-enhance-kyb-and-aml-automation/,Arva AI secures $3m in Google-led funding to enhance KYB and AML automation - FinTech Global,,,,,,,,,Medium,No matching post-YC Form D found.,2026-10-01T01:01:27Z
affil-ai,Affil.ai,Summer 2024,No evidence found,,,,,,,,,,,,,,,,,,Checked: no post-YC Form D matching the founders; no funding statement on website (2 pages) or YC page. LinkedIn/X/Crunchbase need a logged-in browser.,2026-10-01T01:01:27Z
orgorg,OrgOrg,Summer 2024,No evidence found,,,,,,,,,,,,,,,,,,Checked: no post-YC Form D matching the founders; no funding statement on website (6 pages) or YC page. LinkedIn/X/Crunchbase need a logged-in browser.,2026-10-01T01:01:29Z
patched,Patched,Summer 2024,No evidence found,,,,,,,,,,,,,,,,,,Checked: no post-YC Form D matching the founders; no funding statement on website (2 pages) or YC page. LinkedIn/X/Crunchbase need a logged-in browser.,2026-10-01T01:01:28Z
village-labs,Village Labs,Summer 2024,No evidence found,,,,,,,,,,,,,,,,,,Checked: no post-YC Form D matching the founders; no funding statement on website (1 pages) or YC page. LinkedIn/X/Crunchbase need a logged-in browser.,2026-10-01T01:01:31Z
mica-ai,Mica AI,Summer 2024,No evidence found,,,,,,,,,,,,,,,,,,Checked: no post-YC Form D matching the founders; no funding statement on website (1 pages) or YC page. LinkedIn/X/Crunchbase need a logged-in browser.,2026-10-01T01:01:31Z
formula-insight,Formula Insight,Summer 2024,No evidence found,,,,,,,,,,,,,,,,,,Checked: no post-YC Form D matching the founders; no funding statement on website (1 pages) or YC page. LinkedIn/X/Crunchbase need a logged-in browser.,2026-10-01T01:01:32Z
overlap,Overlap,Summer 2024,No evidence found,,,,,,,,,,,,,,,,,,Checked: no post-YC Form D matching the founders; no funding statement on website (2 pages) or YC page. LinkedIn/X/Crunchbase need a logged-in browser.,2026-10-01T01:01:38Z
capitol-ai,Capitol AI,Summer 2024,No evidence found,,,,,,,,,,,,,,,,,,Checked: no post-YC Form D matching the founders; no funding statement on website (3 pages) or YC page. LinkedIn/X/Crunchbase need a logged-in browser.,2026-10-01T01:01:33Z
void,Void,Summer 2024,No evidence found,,,,,,,,,,,,,,,,,,Checked: no post-YC Form D matching the founders; no funding statement on website (1 pages) or YC page. LinkedIn/X/Crunchbase need a logged-in browser.,2026-10-01T01:01:38Z
anglera,Anglera,Summer 2024,No evidence found,,,,,,,,,,,,,,,,,,Checked: no post-YC Form D matching the founders; no funding statement on website (15 pages) or YC page. LinkedIn/X/Crunchbase need a logged-in browser.,2026-10-01T01:01:35Z
xtraffic,XTraffic,Summer 2024,No evidence found,,,,,,,,,,,,,,,,,,Checked: no post-YC Form D matching the founders; no funding statement on website (1 pages) or YC page. LinkedIn/X/Crunchbase need a logged-in browser.,2026-10-01T01:01:35Z
browseros,BrowserOS,Summer 2024,No evidence found,,,,,,,,,,,,,,,,,,Checked: no post-YC Form D matching the founders; no funding statement on website (3 pages) or YC page. LinkedIn/X/Crunchbase need a logged-in browser.,2026-10-01T01:01:37Z
henry-2,Henry,Summer 2024,Yes,16500000,Series A,,,2,Company website,https://www.henry.ai/,With AI That Knows Your Firm 📣 Henry AI Raises $16.5M Series A and Launches Henry Deal!,,,,,,,,,High,Round date not stated on the source page; assumed post-YC because it is presented as current news. Other stated figure: $4.3M (https://commercialobserver.com/2025/02/henry-ai-seed-round/). No matching post-YC Form D found.,2026-10-01T01:01:42Z
ficra,Ficra,Summer 2024,No evidence found,,,,,,,,,,,,,,,,,,Checked: no post-YC Form D matching the founders; no funding statement on website (3 pages) or YC page. LinkedIn/X/Crunchbase need a logged-in browser.,2026-10-01T01:01:39Z
rowboat-labs,Rowboat Labs,Summer 2024,No evidence found,,,,,,,,,,,,,,,,,,Checked: no post-YC Form D matching the founders; no funding statement on website (10 pages) or YC page. LinkedIn/X/Crunchbase need a logged-in browser. National register for IN not checked.,2026-10-01T01:01:40Z
pipeshift,Pipeshift,Summer 2024,No evidence found,,,,,,,,,,,,,,,,,,Checked: no post-YC Form D matching the founders; no funding statement on website (2 pages) or YC page. LinkedIn/X/Crunchbase need a logged-in browser.,2026-10-01T01:01:42Z
vera-health,Vera Health,Summer 2024,No evidence found,,,,,,,,,,,,,,,,,,Checked: no post-YC Form D matching the founders; no funding statement on website (4 pages) or YC page. LinkedIn/X/Crunchbase need a logged-in browser.,2026-10-01T01:01:40Z
pharos,Pharos,Summer 2024,No evidence found,,,,,,,,,,,,,,,,,,"Unverified Form D by same-named person: Seekr Technologies Inc. 0001978847-25-000003 sold 17303012 (first sale 2025-06-17, Reston); likely a different person. Unverified Form D by same-named person: CardiaPath Inc. 0002104053-26-000001 sold 90000 (first sale 2025-06-19, Brooklyn); likely a different person. Checked: no post-YC Form D matching the founders; no funding statement on website (10 pages) or YC page. LinkedIn/X/Crunchbase need a logged-in browser.",2026-10-01T01:02:08Z
et-al,et al.,Summer 2024,No evidence found,,,,,,,,,,,,,,,,,,Checked: no post-YC Form D matching the founders; no funding statement on website (1 pages) or YC page. LinkedIn/X/Crunchbase need a logged-in browser.,2026-10-01T01:01:42Z
keet,Keet,Summer 2024,No evidence found,,,,,,,,,,,,,,,,,,Checked: no post-YC Form D matching the founders; no funding statement on website (1 pages) or YC page. LinkedIn/X/Crunchbase need a logged-in browser.,2026-10-01T01:01:42Z
no-logo,No Logo,Summer 2024,No evidence found,,,,,,,,,,,,,,,,,,Checked: no post-YC Form D matching the founders; no funding statement on website (5 pages) or YC page. LinkedIn/X/Crunchbase need a logged-in browser.,2026-10-01T01:01:43Z
dayflow,Dayflow,Summer 2024,No evidence found,,,,,,,,,,,,,,,,,,Checked: no post-YC Form D matching the founders; no funding statement on website (3 pages) or YC page. LinkedIn/X/Crunchbase need a logged-in browser.,2026-10-01T01:01:43Z
diode-computers-inc,"Diode Computers, Inc.",Summer 2024,Yes,14487878,Series A (Equity per Form D),2025-04-17,,1,SEC Form D,https://www.sec.gov/Archives/edgar/data/2067038/000206703825000001/primary_doc.xml,totalAmountSold: 14487878; totalOfferingAmount: 14487878; dateOfFirstSale: 2025-04-17,0002067038,0002067038-25-000001,14487878,14487878,2025-04-17,Equity,31,"Diode, Inc.",High,Tier 4 source states $11.4 Million (https://www.businessinsider.com/ai-circuit-board-diode-a16z-series-a-y-combinator-2025-7); Form D figure kept.,2026-10-01T01:01:47Z
surebright,SureBright,Summer 2024,No evidence found,,,,,,,,,,,,,,,,,,Checked: no post-YC Form D matching the founders; no funding statement on website (2 pages) or YC page. LinkedIn/X/Crunchbase need a logged-in browser. National register for IN not checked.,2026-10-01T01:01:46Z
usul,Usul,Summer 2024,Yes,3300000,Seed,,Scout Ventures and,2,Company website,https://usul.com/news,Usul raised $3.3M in seed funding led by Scout Ventures and backed by defense legends Steve Blank and Lt.,,,,,,,,,High,Round date not stated on the source page; assumed post-YC because it is presented as current news. No matching post-YC Form D found.,2026-10-01T01:01:47Z
saldor,Saldor,Summer 2024,No evidence found,,,,,,,,,,,,,,,,,,Checked: no post-YC Form D matching the founders; no funding statement on website (2 pages) or YC page. LinkedIn/X/Crunchbase need a logged-in browser.,2026-10-01T01:01:46Z
bucket-robotics,Bucket Robotics,Summer 2024,No evidence found,,,,,,,,,,,,,,,,,,Checked: no post-YC Form D matching the founders; no funding statement on website (9 pages) or YC page. LinkedIn/X/Crunchbase need a logged-in browser.,2026-10-01T01:01:47Z
oway,Oway,Summer 2024,Yes,4000000,,2025-08-22,,4,Press (linked from YC company page),https://techcrunch.com/2025/08/22/yc-backed-oway-raises-4m-to-build-a-decentralized-uber-for-freight/,YC-backed Oway raises $4M to build a decentralized ‘Uber for freight’ | TechCrunch,,,,,,,,,Medium,No matching post-YC Form D found.,2026-10-01T01:01:46Z
elayne,Elayne,Summer 2024,No evidence found,,,,,,,,,,,,,,,,,,Checked: no post-YC Form D matching the founders; no funding statement on website (3 pages) or YC page. LinkedIn/X/Crunchbase need a logged-in browser.,2026-10-01T01:01:48Z
blaze-2,Blaze,Summer 2024,No evidence found,,,,,,,,,,,,,,,,,,Checked: no post-YC Form D matching the founders; no funding statement on website (11 pages) or YC page. LinkedIn/X/Crunchbase need a logged-in browser.,2026-10-01T01:01:58Z
serve-ai,Serve AI,Summer 2024,No evidence found,,,,,,,,,,,,,,,,,,Checked: no post-YC Form D matching the founders; no funding statement on website (2 pages) or YC page. LinkedIn/X/Crunchbase need a logged-in browser.,2026-10-01T01:01:50Z
rentflow,RentFlow,Summer 2024,No evidence found,,,,,,,,,,,,,,,,,,Checked: no post-YC Form D matching the founders; no funding statement on website (2 pages) or YC page. LinkedIn/X/Crunchbase need a logged-in browser.,2026-10-01T01:01:56Z
tradeflow,TradeFlow,Summer 2024,No evidence found,,,,,,,,,,,,,,,,,,Checked: no post-YC Form D matching the founders; no funding statement on website (3 pages) or YC page. LinkedIn/X/Crunchbase need a logged-in browser.,2026-10-01T01:01:53Z
voker,Voker,Summer 2024,Yes,2200000,Pre-Seed,,,2,Company website,https://voker.ai/blog/voker-discloses-2-2m-pre-seed,Today we’re disclosing our $2.2M pre-seed funding round to accelerate our mission around making AI agent performance visible.,,,,,,,,,High,Round date not stated on the source page; assumed post-YC because it is presented as current news. No matching post-YC Form D found.,2026-10-01T01:01:52Z
rastro,Rastro,Summer 2024,No evidence found,,,,,,,,,,,,,,,,,,Checked: no post-YC Form D matching the founders; no funding statement on website (2 pages) or YC page. LinkedIn/X/Crunchbase need a logged-in browser.,2026-10-01T01:01:52Z
quetzal,Quetzal,Summer 2024,No evidence found,,,,,,,,,,,,,,,,,,Checked: no post-YC Form D matching the founders; no funding statement on website (2 pages) or YC page. LinkedIn/X/Crunchbase need a logged-in browser.,2026-10-01T01:02:16Z
typa,Typa,Summer 2024,No evidence found,,,,,,,,,,,,,,,,,,Checked: no post-YC Form D matching the founders; no funding statement on website (0 pages) or YC page. LinkedIn/X/Crunchbase need a logged-in browser.,2026-10-01T01:02:06Z
moreta,Moreta,Summer 2024,No evidence found,,,,,,,,,,,,,,,,,,Checked: no post-YC Form D matching the founders; no funding statement on website (2 pages) or YC page. LinkedIn/X/Crunchbase need a logged-in browser.,2026-10-01T01:01:56Z
draft-the-record,Draft The Record,Summer 2024,No evidence found,,,,,,,,,,,,,,,,,,Checked: no post-YC Form D matching the founders; no funding statement on website (0 pages) or YC page. LinkedIn/X/Crunchbase need a logged-in browser.,2026-10-01T01:01:56Z
orca-client,Orca Client,Summer 2024,No evidence found,,,,,,,,,,,,,,,,,,Checked: no post-YC Form D matching the founders; no funding statement on website (9 pages) or YC page. LinkedIn/X/Crunchbase need a logged-in browser.,2026-10-01T01:01:58Z
assembly-hoa,Assembly HOA,Summer 2024,No evidence found,,,,,,,,,,,,,,,,,,Checked: no post-YC Form D matching the founders; no funding statement on website (1 pages) or YC page. LinkedIn/X/Crunchbase need a logged-in browser.,2026-10-01T01:02:00Z
autarc,autarc,Summer 2024,Yes,8823627,Equity (per Form D; stage not stated),2024-12-12,,1,SEC Form D,https://www.sec.gov/Archives/edgar/data/2050380/000205038024000001/primary_doc.xml,totalAmountSold: 8823627; totalOfferingAmount: 8823627; dateOfFirstSale: 2024-12-12,0002050380,0002050380-24-000001,8823627,8823627,2024-12-12,Equity,19,autarc Inc.,High,,2026-10-01T01:02:07Z
omnidock,omnidock,Summer 2024,No evidence found,,,,,,,,,,,,,,,,,,Checked: no post-YC Form D matching the founders; no funding statement on website (1 pages) or YC page. LinkedIn/X/Crunchbase need a logged-in browser. National register for DE not checked.,2026-10-01T01:02:10Z
polymet,Polymet,Summer 2024,No evidence found,,,,,,,,,,,,,,,,,,Checked: no post-YC Form D matching the founders; no funding statement on website (1 pages) or YC page. LinkedIn/X/Crunchbase need a logged-in browser. National register for TR not checked.,2026-10-01T01:02:01Z
kontigo,Kontigo,Summer 2024,Yes,20000000,Seed,,,4,Press (linked from YC company page),https://www.kontigo.com/,Nuevo Kontigo Levanta $20M Seed Round.,,,,,,,,,Medium,Round date not stated on the source page; assumed post-YC because it is presented as current news. No matching post-YC Form D found.,2026-10-01T01:02:04Z
weel,Weel,Summer 2024,No evidence found,,,,,,,,,,,,,,,,,,Checked: no post-YC Form D matching the founders; no funding statement on website (0 pages) or YC page. LinkedIn/X/Crunchbase need a logged-in browser. National register for FR not checked.,2026-10-01T01:02:15Z
entropy,Entropy,Summer 2024,No evidence found,,,,,,,,,,,,,,,,,,Checked: no post-YC Form D matching the founders; no funding statement on website (1 pages) or YC page. LinkedIn/X/Crunchbase need a logged-in browser.,2026-10-01T01:02:13Z
propaya,Propaya,Summer 2024,No evidence found,,,,,,,,,,,,,,,,,,Checked: no post-YC Form D matching the founders; no funding statement on website (1 pages) or YC page. LinkedIn/X/Crunchbase need a logged-in browser.,2026-10-01T01:02:10Z
vendra,Vendra,Summer 2024,No evidence found,,,,,,,,,,,,,,,,,,Checked: no post-YC Form D matching the founders; no funding statement on website (10 pages) or YC page. LinkedIn/X/Crunchbase need a logged-in browser.,2026-10-01T01:02:13Z
argil,Argil,Summer 2024,No evidence found,,,,,,,,,,,,,,,,,,Checked: no post-YC Form D matching the founders; no funding statement on website (3 pages) or YC page. LinkedIn/X/Crunchbase need a logged-in browser. National register for FR not checked.,2026-10-01T01:02:11Z
zeropath,ZeroPath,Summer 2024,Yes,7028000,SAFE (per Form D; stage not stated),2024-06-17,,1,SEC Form D,https://www.sec.gov/Archives/edgar/data/2123552/000212355226000001/primary_doc.xml,totalAmountSold: 7028000; totalOfferingAmount: Indefinite; dateOfFirstSale: 2024-06-17,0002123552,0002123552-26-000001,7028000,Indefinite,2024-06-17,Other; Other: Simple Agreement for Future Equity (SAFE),27,ZeroPath Corp.,High,"First sale is close to batch start, so the Form D total may include YC's $500K.",2026-10-01T01:02:26Z
bluedoor,Bluedoor,Summer 2024,No evidence found,,,,,,,,,,,,,,,,,,Checked: no post-YC Form D matching the founders; no funding statement on website (1 pages) or YC page. LinkedIn/X/Crunchbase need a logged-in browser.,2026-10-01T01:02:14Z
starcloud,Starcloud,Summer 2024,Yes,14137498,Series A (Equity per Form D),2024-12-05,Benchmark,1,SEC Form D,https://www.sec.gov/Archives/edgar/data/2051381/000108036825000001/primary_doc.xml,totalAmountSold: 14137498; totalOfferingAmount: 14137498; dateOfFirstSale: 2024-12-05,0002051381,0001080368-25-000001,14137498,14137498,2024-12-05,Equity,65,"Lumen Orbit, Inc",High,"Legal name differs from brand; matched on related person(s) Ezra Feilden, Philip Johnston, issuer in Redmond, WA. Tier 2 source states $170M (https://www.ycombinator.com/companies/starcloud); Form D figure kept.",2026-10-01T01:02:21Z
dataleap,Dataleap,Summer 2024,No evidence found,,,,,,,,,,,,,,,,,,Checked: no post-YC Form D matching the founders; no funding statement on website (9 pages) or YC page. LinkedIn/X/Crunchbase need a logged-in browser.,2026-10-01T01:02:17Z
handled,Handled,Summer 2024,No evidence found,,,,,,,,,,,,,,,,,,Checked: no post-YC Form D matching the founders; no funding statement on website (0 pages) or YC page. LinkedIn/X/Crunchbase need a logged-in browser.,2026-10-01T01:02:16Z
ionworks,Ionworks,Summer 2024,No evidence found,,,,,,,,,,,,,,,,,,Checked: no post-YC Form D matching the founders; no funding statement on website (5 pages) or YC page. LinkedIn/X/Crunchbase need a logged-in browser.,2026-10-01T01:02:17Z
rescript,Rescript,Summer 2024,No evidence found,,,,,,,,,,,,,,,,,,Checked: no post-YC Form D matching the founders; no funding statement on website (3 pages) or YC page. LinkedIn/X/Crunchbase need a logged-in browser.,2026-10-01T01:02:19Z
heroui,HeroUI,Summer 2024,No evidence found,,,,,,,,,,,,,,,,,,Checked: no post-YC Form D matching the founders; no funding statement on website (2 pages) or YC page. LinkedIn/X/Crunchbase need a logged-in browser. National register for AR not checked.,2026-10-01T01:02:18Z
helium,Helium,Summer 2024,Yes,5402999,Equity (per Form D; stage not stated),2025-07-22,,1,SEC Form D,https://www.sec.gov/Archives/edgar/data/2081424/000208142425000001/primary_doc.xml,totalAmountSold: 5402999; totalOfferingAmount: 5402999; dateOfFirstSale: 2025-07-22,0002081424,0002081424-25-000001,5402999,5402999,2025-07-22,Equity,33,Cloud Captain Inc.,High,"Legal name differs from brand; matched on related person(s) Shishir Jakati, Zach Witzel, issuer in San Francisco, CA. Tier 2 source states $2M (https://tryhelium.com/blog); Form D figure kept.",2026-10-01T01:02:28Z
ai-2,&AI,Summer 2024,Yes,6500000,Seed,,First Round Capital and,2,Company website,https://www.tryandai.com/blog,"Announcing our $6.5M seed round led by First Round Capital and introducing Andy, the first AI agent built for patent litigation..",,,,,,,,,High,Round date not stated on the source page; assumed post-YC because it is presented as current news. No matching post-YC Form D found.,2026-10-01T01:02:23Z
haystackeditor,Haystack,Summer 2024,No evidence found,,,,,,,,,,,,,,,,,,Checked: no post-YC Form D matching the founders; no funding statement on website (2 pages) or YC page. LinkedIn/X/Crunchbase need a logged-in browser.,2026-10-01T01:02:58Z
finosu,Finosu,Summer 2024,No evidence found,,,,,,,,,,,,,,,,,,Checked: no post-YC Form D matching the founders; no funding statement on website (1 pages) or YC page. LinkedIn/X/Crunchbase need a logged-in browser.,2026-10-01T01:02:21Z
odo,Odo,Summer 2024,No evidence found,,,,,,,,,,,,,,,,,,Checked: no post-YC Form D matching the founders; no funding statement on website (1 pages) or YC page. LinkedIn/X/Crunchbase need a logged-in browser.,2026-10-01T01:02:20Z
sonatoria,Sonatoria,Summer 2024,No evidence found,,,,,,,,,,,,,,,,,,Checked: no post-YC Form D matching the founders; no funding statement on website (10 pages) or YC page. LinkedIn/X/Crunchbase need a logged-in browser.,2026-10-01T01:02:20Z
cartage,Cartage,Summer 2024,No evidence found,,,,,,,,,,,,,,,,,,Checked: no post-YC Form D matching the founders; no funding statement on website (3 pages) or YC page. LinkedIn/X/Crunchbase need a logged-in browser.,2026-10-01T01:02:22Z
paasa,Paasa,Summer 2024,No evidence found,,,,,,,,,,,,,,,,,,Checked: no post-YC Form D matching the founders; no funding statement on website (9 pages) or YC page. LinkedIn/X/Crunchbase need a logged-in browser. National register for IN not checked.,2026-10-01T01:02:23Z
refactor,Refactor,Summer 2024,No evidence found,,,,,,,,,,,,,,,,,,Checked: no post-YC Form D matching the founders; no funding statement on website (1 pages) or YC page. LinkedIn/X/Crunchbase need a logged-in browser.,2026-10-01T01:02:40Z
palmier,Palmier,Summer 2024,No evidence found,,,,,,,,,,,,,,,,,,Checked: no post-YC Form D matching the founders; no funding statement on website (4 pages) or YC page. LinkedIn/X/Crunchbase need a logged-in browser.,2026-10-01T01:02:25Z
simple-ai,Simple AI,Summer 2024,Yes,14000000,,,,2,Company website,https://www.usesimple.ai/blog,Simple AI Raises $14M to Transform Sales with Voice AI.,,,,,,,,,High,Round date not stated on the source page; assumed post-YC because it is presented as current news. No matching post-YC Form D found.,2026-10-01T01:02:24Z
sensei,Sensei,Summer 2024,No evidence found,,,,,,,,,,,,,,,,,,Checked: no post-YC Form D matching the founders; no funding statement on website (1 pages) or YC page. LinkedIn/X/Crunchbase need a logged-in browser.,2026-10-01T01:02:27Z
guardian-rf,Guardian RF,Summer 2024,No evidence found,,,,,,,,,,,,,,,,,,Checked: no post-YC Form D matching the founders; no funding statement on website (3 pages) or YC page. LinkedIn/X/Crunchbase need a logged-in browser.,2026-10-01T01:02:28Z
laminar,Laminar,Summer 2024,Yes,3000000,,,,2,Company website,https://laminar.sh/blog,Laminar raised $3M to build observability for long-running agents.,,,,,,,,,High,Round date not stated on the source page; assumed post-YC because it is presented as current news. No matching post-YC Form D found.,2026-10-01T01:02:27Z
cerulion,Cerulion,Summer 2024,No evidence found,,,,,,,,,,,,,,,,,,Checked: no post-YC Form D matching the founders; no funding statement on website (1 pages) or YC page. LinkedIn/X/Crunchbase need a logged-in browser.,2026-10-01T01:02:26Z
presti-ai,Presti AI,Summer 2024,Yes,3500000,Seed,,,2,YC company/launch page,https://www.ycombinator.com/companies/presti-ai,We raised a $3.5M seed round .,,,,,,,,,High,Round date not stated on the source page; assumed post-YC because it is presented as current news. No matching post-YC Form D found.,2026-10-01T01:02:31Z
the-forecasting-company,The Forecasting Company,Summer 2024,No evidence found,,,,,,,,,,,,,,,,,,Checked: no post-YC Form D matching the founders; no funding statement on website (5 pages) or YC page. LinkedIn/X/Crunchbase need a logged-in browser. National register for FR not checked.,2026-10-01T01:02:30Z
praxos,Praxos,Summer 2024,No evidence found,,,,,,,,,,,,,,,,,,Checked: no post-YC Form D matching the founders; no funding statement on website (3 pages) or YC page. LinkedIn/X/Crunchbase need a logged-in browser.,2026-10-01T01:02:34Z
zettascale-computing,Zettascale Computing,Summer 2024,No evidence found,,,,,,,,,,,,,,,,,,Checked: no post-YC Form D matching the founders; no funding statement on website (1 pages) or YC page. LinkedIn/X/Crunchbase need a logged-in browser.,2026-10-01T01:02:32Z
schemeflow,SchemeFlow,Summer 2024,No evidence found,,,,,,,,,0001997814,,,,,,,SCHEMEFLOW LTD,,"pre yc Form D 0001997814-23-000002: sold 366766 first sale 2023-10-04 Unverified Form D by same-named person: Cura OS, Inc. 0001940601-25-000003 sold 5273000 (first sale 2025-11-24, Hammond); likely a different person. Checked: no post-YC Form D matching the founders; no funding statement on website (10 pages) or YC page. LinkedIn/X/Crunchbase need a logged-in browser.",2026-10-01T01:03:12Z
brighterway,Brighterway,Summer 2024,No evidence found,,,,,,,,,,,,,,,,,,Checked: no post-YC Form D matching the founders; no funding statement on website (1 pages) or YC page. LinkedIn/X/Crunchbase need a logged-in browser.,2026-10-01T01:02:37Z
mineflow,Mineflow,Summer 2024,No evidence found,,,,,,,,,,,,,,,,,,Checked: no post-YC Form D matching the founders; no funding statement on website (2 pages) or YC page. LinkedIn/X/Crunchbase need a logged-in browser.,2026-10-01T01:02:31Z
soff,Soff,Summer 2024,No evidence found,,,,,,,,,,,,,,,,,,Checked: no post-YC Form D matching the founders; no funding statement on website (0 pages) or YC page. LinkedIn/X/Crunchbase need a logged-in browser.,2026-10-01T01:02:32Z
parley,Parley,Summer 2024,No evidence found,,,,,,,,,,,,,,,,,,Checked: no post-YC Form D matching the founders; no funding statement on website (2 pages) or YC page. LinkedIn/X/Crunchbase need a logged-in browser.,2026-10-01T01:02:41Z
intryc,Intryc,Summer 2024,No evidence found,,,,,,,,,,,,,,,,,,Checked: no post-YC Form D matching the founders; no funding statement on website (2 pages) or YC page. LinkedIn/X/Crunchbase need a logged-in browser.,2026-10-01T01:02:35Z
pinnacle,Pinnacle,Summer 2024,No evidence found,,,,,,,,,,,,,,,,,,Checked: no post-YC Form D matching the founders; no funding statement on website (2 pages) or YC page. LinkedIn/X/Crunchbase need a logged-in browser.,2026-10-01T01:05:41Z
ember-robotics,Ember Robotics,Summer 2024,No evidence found,,,,,,,,,,,,,,,,,,Checked: no post-YC Form D matching the founders; no funding statement on website (2 pages) or YC page. LinkedIn/X/Crunchbase need a logged-in browser.,2026-10-01T01:02:35Z
thunder-compute,Thunder Compute,Summer 2024,Yes,15743918,Series A (Equity per Form D),2026-06-02,Matrix Partners,1,SEC Form D,https://www.sec.gov/Archives/edgar/data/2140166/000214016626000001/primary_doc.xml,totalAmountSold: 15743918; totalOfferingAmount: 17628966; dateOfFirstSale: 2026-06-02,0002140166,0002140166-26-000001,15743918,17628966,2026-06-02,Equity,27,"Thunder GPU, Inc.",High,Tier 4 source states $500K (https://www.citybiz.co/article/575672/thunder-compute-raises-500k-to-advance-gpu-access-for-ai-developers/); Form D figure kept.,2026-10-01T01:02:47Z
kura-ai,Kura AI,Summer 2024,No evidence found,,,,,,,,,,,,,,,,,,Checked: no post-YC Form D matching the founders; no funding statement on website (7 pages) or YC page. LinkedIn/X/Crunchbase need a logged-in browser.,2026-10-01T01:02:38Z
emergent,Emergent,Summer 2024,Yes,100000000,,,,2,YC company/launch page,https://www.ycombinator.com/companies/emergent,"We've raised $100M from Khosla Ventures, SoftBank, Google, Lightspeed India, Prosus Ventures, Together Fund, and Y Combinator.",,,,,,,,,High,Round date not stated on the source page; assumed post-YC because it is presented as current news. Other stated figure: $23M (https://techcrunch.com/2025/09/24/emergent-raises-23m-from-lightspeed-to-let-consumers-build-apps/). No matching post-YC Form D found.,2026-10-01T01:03:25Z
zeit-ai,Zeit AI,Summer 2024,No evidence found,,,,,,,,,,,,,,,,,,Checked: no post-YC Form D matching the founders; no funding statement on website (4 pages) or YC page. LinkedIn/X/Crunchbase need a logged-in browser. National register for DE not checked.,2026-10-01T01:02:40Z
distro,Distro,Summer 2024,No evidence found,,,,,,,,,,,,,,,,,,Checked: no post-YC Form D matching the founders; no funding statement on website (3 pages) or YC page. LinkedIn/X/Crunchbase need a logged-in browser.,2026-10-01T01:02:44Z
mage-legal,Mage Legal,Summer 2024,No evidence found,,,,,,,,,,,,,,,,,,Checked: no post-YC Form D matching the founders; no funding statement on website (6 pages) or YC page. LinkedIn/X/Crunchbase need a logged-in browser.,2026-10-01T01:02:42Z
david-ai,David AI,Summer 2024,Yes,50000000,Series B,,,2,Company website,https://www.withdavid.ai/news/announcing-our-50m-series-b,"Today, we’re excited to share that we’ve raised a $50M Series B from Meritech, NVIDIA , and our existing investors Alt Capital, First Round",,,,,,,,,High,Round date not stated on the source page; assumed post-YC because it is presented as current news. Other stated figure: $5M (https://withdavid.ai/blog/announcing-our-5m-seed-round-led-by-first-round). No matching post-YC Form D found.,2026-10-01T01:02:44Z
beebettor,BeeBettor,Summer 2024,No evidence found,,,,,,,,,,,,,,,,,,"Unverified Form D by same-named person: Small Craft, Inc 0002126481-26-000001 sold 50000 (first sale 2026-03-05, Seattle); likely a different person. Checked: no post-YC Form D matching the founders; no funding statement on website (1 pages) or YC page. LinkedIn/X/Crunchbase need a logged-in browser.",2026-10-01T01:02:46Z
stempad,Stempad,Summer 2024,No evidence found,,,,,,,,,,,,,,,,,,Checked: no post-YC Form D matching the founders; no funding statement on website (3 pages) or YC page. LinkedIn/X/Crunchbase need a logged-in browser. National register for CA not checked.,2026-10-01T01:02:46Z
pax,Pax,Summer 2024,Yes,4500000,,2025-04-07,,2,Company website,https://www.paxai.com/blog/seed-round,Pax Raises $4.5M to Transform Duty Drawback | Pax AI,,,,,,,,,High,No matching post-YC Form D found.,2026-10-01T01:03:13Z
conductor-quantum,Conductor Quantum,Summer 2024,No evidence found,,,,,,,,,,,,,,,,,,Checked: no post-YC Form D matching the founders; no funding statement on website (2 pages) or YC page. LinkedIn/X/Crunchbase need a logged-in browser.,2026-10-01T01:02:49Z
autumn-labs,Autumn Labs,Summer 2024,No evidence found,,,,,,,,,,,,,,,,,,Checked: no post-YC Form D matching the founders; no funding statement on website (3 pages) or YC page. LinkedIn/X/Crunchbase need a logged-in browser.,2026-10-01T01:02:53Z
opslane,Opslane,Summer 2024,No evidence found,,,,,,,,,,,,,,,,,,Checked: no post-YC Form D matching the founders; no funding statement on website (3 pages) or YC page. LinkedIn/X/Crunchbase need a logged-in browser.,2026-10-01T01:02:49Z
winfunc,winfunc,Summer 2024,No evidence found,,,,,,,,,,,,,,,,,,Checked: no post-YC Form D matching the founders; no funding statement on website (3 pages) or YC page. LinkedIn/X/Crunchbase need a logged-in browser.,2026-10-01T01:02:52Z
biocartesian,Biocartesian,Summer 2024,No evidence found,,,,,,,,,,,,,,,,,,Checked: no post-YC Form D matching the founders; no funding statement on website (1 pages) or YC page. LinkedIn/X/Crunchbase need a logged-in browser.,2026-10-01T01:02:53Z
seals-ai,Seals AI,Summer 2024,No evidence found,,,,,,,,,,,,,,,,,,Checked: no post-YC Form D matching the founders; no funding statement on website (3 pages) or YC page. LinkedIn/X/Crunchbase need a logged-in browser.,2026-10-01T01:03:01Z
drillbit,Drillbit,Summer 2024,No evidence found,,,,,,,,,,,,,,,,,,Checked: no post-YC Form D matching the founders; no funding statement on website (1 pages) or YC page. LinkedIn/X/Crunchbase need a logged-in browser.,2026-10-01T01:02:57Z
sharpe,Sharpe,Summer 2024,No evidence found,,,,,,,,,,,,,,,,,,Checked: no post-YC Form D matching the founders; no funding statement on website (4 pages) or YC page. LinkedIn/X/Crunchbase need a logged-in browser.,2026-10-01T01:03:05Z
dimely,Dimely,Summer 2024,No evidence found,,,,,,,,,,,,,,,,,,Checked: no post-YC Form D matching the founders; no funding statement on website (5 pages) or YC page. LinkedIn/X/Crunchbase need a logged-in browser.,2026-10-01T01:02:59Z
redouble-ai,Redouble AI,Summer 2024,No evidence found,,,,,,,,,,,,,,,,,,Checked: no post-YC Form D matching the founders; no funding statement on website (10 pages) or YC page. LinkedIn/X/Crunchbase need a logged-in browser.,2026-10-01T01:03:04Z
planbase,Planbase,Summer 2024,No evidence found,,,,,,,,,,,,,,,,,,Checked: no post-YC Form D matching the founders; no funding statement on website (10 pages) or YC page. LinkedIn/X/Crunchbase need a logged-in browser.,2026-10-01T01:03:06Z
anara,Anara,Summer 2024,No evidence found,,,,,,,,,,,,,,,,,,Checked: no post-YC Form D matching the founders; no funding statement on website (8 pages) or YC page. LinkedIn/X/Crunchbase need a logged-in browser.,2026-10-01T01:03:03Z
hestus-inc,"Hestus, Inc.",Summer 2024,No evidence found,,,,,,,,,,,,,,,,,,Checked: no post-YC Form D matching the founders; no funding statement on website (3 pages) or YC page. LinkedIn/X/Crunchbase need a logged-in browser.,2026-10-01T01:03:10Z
magicode,MagiCode,Summer 2024,No evidence found,,,,,,,,,,,,,,,,,,Checked: no post-YC Form D matching the founders; no funding statement on website (0 pages) or YC page. LinkedIn/X/Crunchbase need a logged-in browser.,2026-10-01T01:03:17Z
finny-ai,FINNY AI,Summer 2024,Yes,17000000,Series A,,Venrock,2,Company website,https://finny.com/blog/finny-raises-a-17m-series-a-to-help-great-advisors-help-more-people/,"Today, we’re announcing that FINNY has raised $17 million in Series A funding led by Venrock, with participation from Activant, Altruist’s Jason Wenk, and",,,,,,,,,High,Round date not stated on the source page; assumed post-YC because it is presented as current news. Other stated figure: $4.3 million (https://finny.com/blog/finny-raises-4-3m-in-seed-funding-to-build-the-ai-agent-helping-financial-advisors-grow/). No matching post-YC Form D found.,2026-10-01T01:03:11Z
vibe,Vibe,Summer 2024,No evidence found,,,,,,,,,,,,,,,,,,Checked: no post-YC Form D matching the founders; no funding statement on website (10 pages) or YC page. LinkedIn/X/Crunchbase need a logged-in browser.,2026-10-01T01:03:27Z
1849-bio,1849 bio,Summer 2024,No evidence found,,,,,,,,,,,,,,,,,,Checked: no post-YC Form D matching the founders; no funding statement on website (1 pages) or YC page. LinkedIn/X/Crunchbase need a logged-in browser.,2026-10-01T01:03:13Z
reactwise,ReactWise,Summer 2024,Yes,1423000,Equity (per Form D; stage not stated),2024-09-13,,1,SEC Form D,https://www.sec.gov/Archives/edgar/data/2038652/000203865224000001/primary_doc.xml,totalAmountSold: 1423000; totalOfferingAmount: 1800000; dateOfFirstSale: 2024-09-13,0002038652,0002038652-24-000001,1423000,1800000,2024-09-13,Equity; OptionToAcquire,6,ReactWise Inc.,High,Tier 2 source states $3.4M (https://www.reactwise.com/news/reactwise-raises-3-4m-to-transform-big-pharma-with-ai-and-self-driving-labs); Form D figure kept.,2026-10-01T01:03:16Z
zoa-research,Zoa Research,Summer 2024,No evidence found,,,,,,,,,,,,,,,,,,"Unverified Form D by same-named person: Olive Legal Inc. 0002082666-25-000001 sold 107500 (first sale 2025-08-06, Somerville); likely a different person. Checked: no post-YC Form D matching the founders; no funding statement on website (2 pages) or YC page. LinkedIn/X/Crunchbase need a logged-in browser.",2026-10-01T01:03:15Z
saturn,Saturn,Summer 2024,Yes,17227486,Equity (per Form D; stage not stated),2025-09-19,,1,SEC Form D,https://www.sec.gov/Archives/edgar/data/2094915/000209491526000001/primary_doc.xml,totalAmountSold: 17227486; totalOfferingAmount: 17227486; dateOfFirstSale: 2025-09-19,0002094915,0002094915-26-000001,17227486,17227486,2025-09-19,Equity,26,"Saturn Fintech, Inc.",High,,2026-10-01T01:04:16Z
clearly-ai,Clearly AI,Summer 2024,Yes,8400000,Seed,,,2,Company website,https://clearly-ai.com/blog,Clearly AI raises $8.4M seed round to scale product security.,,,,,,,,,High,Round date not stated on the source page; assumed post-YC because it is presented as current news. No matching post-YC Form D found.,2026-10-01T01:03:17Z
expand-ai,expand.ai,Summer 2024,No evidence found,,,,,,,,,,,,,,,,,,Checked: no post-YC Form D matching the founders; no funding statement on website (4 pages) or YC page. LinkedIn/X/Crunchbase need a logged-in browser.,2026-10-01T01:03:18Z
promi,Promi,Summer 2024,No evidence found,,,,,,,,,,,,,,,,,,Checked: no post-YC Form D matching the founders; no funding statement on website (1 pages) or YC page. LinkedIn/X/Crunchbase need a logged-in browser.,2026-10-01T01:03:21Z
ontra-mobility,Ontra Mobility,Summer 2024,No evidence found,,,,,,,,,,,,,,,,,,Checked: no post-YC Form D matching the founders; no funding statement on website (3 pages) or YC page. LinkedIn/X/Crunchbase need a logged-in browser.,2026-10-01T01:03:23Z
aluna,Aluna,Summer 2024,No evidence found,,,,,,,,,,,,,,,,,,Checked: no post-YC Form D matching the founders; no funding statement on website (1 pages) or YC page. LinkedIn/X/Crunchbase need a logged-in browser.,2026-10-01T01:03:21Z
panora,Panora,Summer 2024,No evidence found,,,,,,,,,,,,,,,,,,Checked: no post-YC Form D matching the founders; no funding statement on website (2 pages) or YC page. LinkedIn/X/Crunchbase need a logged-in browser.,2026-10-01T01:03:19Z
cmux,cmux,Summer 2024,No evidence found,,,,,,,,,,,,,,,,,,Checked: no post-YC Form D matching the founders; no funding statement on website (3 pages) or YC page. LinkedIn/X/Crunchbase need a logged-in browser.,2026-10-01T01:03:23Z
conveo,Conveo,Summer 2024,Yes,55800000,Series A,,,2,Company website,https://conveo.ai/mediakit/series-a,"6 Degrees Capital and Y Combinator, bringing total funding to $55.8 million..",,,,,,,,,High,Round date not stated on the source page; assumed post-YC because it is presented as current news. Other stated figure: $50M (https://conveo.ai/mediakit/series-a). No matching post-YC Form D found.,2026-10-01T01:03:25Z
creativemode,CreativeMode,Summer 2024,No evidence found,,,,,,,,,,,,,,,,,,Checked: no post-YC Form D matching the founders; no funding statement on website (8 pages) or YC page. LinkedIn/X/Crunchbase need a logged-in browser.,2026-10-01T01:03:28Z
kastle,Kastle,Summer 2024,Yes,24000000,Series A,,,2,Company website,https://www.kastle.ai/,KASTLE RAISES $24M SERIES A.,,,,,,,,,High,Round date not stated on the source page; assumed post-YC because it is presented as current news. No matching post-YC Form D found.,2026-10-01T01:03:33Z
kopra-bio,Kopra Bio,Summer 2024,No evidence found,,,,,,,,,,,,,,,,,,Checked: no post-YC Form D matching the founders; no funding statement on website (1 pages) or YC page. LinkedIn/X/Crunchbase need a logged-in browser.,2026-10-01T01:03:27Z
anthrogen,Anthrogen,Summer 2024,No evidence found,,,,,,,,,,,,,,,,,,Checked: no post-YC Form D matching the founders; no funding statement on website (1 pages) or YC page. LinkedIn/X/Crunchbase need a logged-in browser.,2026-10-01T01:03:27Z
benchify,Benchify,Summer 2024,No evidence found,,,,,,,,,,,,,,,,,,Checked: no post-YC Form D matching the founders; no funding statement on website (2 pages) or YC page. LinkedIn/X/Crunchbase need a logged-in browser.,2026-10-01T01:03:29Z
fazeshift,Fazeshift,Summer 2024,Yes,4000000,,2025-01-07,,4,Press (linked from YC company page),https://www.axios.com/pro/fintech-deals/2025/01/07/account-receivable-startup-fazeshift-4-million,AI for accounts receivable startup Fazeshift raises $4M,,,,,,,,,Medium,No matching post-YC Form D found.,2026-10-01T01:03:29Z
taxgpt,TaxGPT,Summer 2024,Yes,4600000,,,,2,Company website,https://www.taxgpt.com/blog/taxgpt-raises-4-6m-to-build-the-first-ai-tax-co-pilot-for-accounting-and-tax-firms,TaxGPT Raises $4.6M to Build the First AI Tax Co-Pilot for Accounting and Tax Firms .,,,,,,,,,High,Round date not stated on the source page; assumed post-YC because it is presented as current news. No matching post-YC Form D found.,2026-10-01T01:03:31Z
substrate,Substrate,Summer 2024,No evidence found,,,,,,,,,,,,,,,,,,Checked: no post-YC Form D matching the founders; no funding statement on website (4 pages) or YC page. LinkedIn/X/Crunchbase need a logged-in browser.,2026-10-01T01:03:38Z
the-synthesis-company,The Synthesis Company,Summer 2024,No evidence found,,,,,,,,,,,,,,,,,,Checked: no post-YC Form D matching the founders; no funding statement on website (1 pages) or YC page. LinkedIn/X/Crunchbase need a logged-in browser.,2026-10-01T01:03:31Z
mito-health,Mito Health,Summer 2024,Yes,2200000,Seed,2025-03-18,,2,Company website,https://mitohealth.com/blog/seed-round-funding,Mito Health Raises US$2.2M in Seed Round - Mito Health Blog US,,,,,,,,,High,"Pre-YC raise, not counted: $1.3m dated 2023-04-17 (https://www.tatlerasia.com/gen-t/innovation/new-healthtech-startup-mito-health-by-former-seedly-founders-raises-13m-pre-seed-funding). No matching post-YC Form D found.",2026-10-01T01:03:31Z
lighthouz-ai,Lighthouz AI,Summer 2024,No evidence found,,,,,,,,,,,,,,,,,,Checked: no post-YC Form D matching the founders; no funding statement on website (3 pages) or YC page. LinkedIn/X/Crunchbase need a logged-in browser.,2026-10-01T01:03:32Z
modus,Modus,Summer 2024,No evidence found,,,,,,,,,,,,,,,,,,Checked: no post-YC Form D matching the founders; no funding statement on website (4 pages) or YC page. LinkedIn/X/Crunchbase need a logged-in browser.,2026-10-01T01:03:32Z
d_model,d_model,Summer 2024,No evidence found,,,,,,,,,,,,,,,,,,Checked: no post-YC Form D matching the founders; no funding statement on website (2 pages) or YC page. LinkedIn/X/Crunchbase need a logged-in browser.,2026-10-01T01:03:35Z
ledgerup,LedgerUp,Summer 2024,No evidence found,,,,,,,,,,,,,,,,,,Checked: no post-YC Form D matching the founders; no funding statement on website (2 pages) or YC page. LinkedIn/X/Crunchbase need a logged-in browser.,2026-10-01T01:03:34Z
plume,Plume,Summer 2024,Yes,3900000,,,,2,Company website,https://www.plumefinder.com/,We just raised $3.9M from AENU and Y Combinator .,,,,,,,,,High,Round date not stated on the source page; assumed post-YC because it is presented as current news. No matching post-YC Form D found.,2026-10-01T01:04:09Z
pulse-3,Pulse,Summer 2024,Yes,3900000,Seed,2025-02-19,,2,Company website,https://www.runpulse.com/blog/pulse-seed-nfdg-venture,Pulse AI Blog - Announcing our $3.9M Seed Round,,,,,,,,,High,Other stated figure: $3 Million (https://www.businessinsider.com/unstructured-data-extraction-startup-pulse-funding-nat-friedman-daniel-gross-2025-2). No matching post-YC Form D found.,2026-10-01T01:03:49Z
autopallet-robotics,AutoPallet Robotics,Summer 2024,No evidence found,,,,,,,,,,,,,,,,,,"Unverified Form D by same-named person: Global Battery Materials Corp. 0000912282-25-001109 sold 235000 (first sale 2025-09-04, Toronto); likely a different person. Unverified Form D by same-named person: Global Battery Materials Corp. 0000912282-26-000417 sold 705000 (first sale 2025-09-04, Toronto); likely a different person. Unverified Form D by same-named person: WFF, Inc. 0002008112-26-000002 sold 5000000 (first sale 2026-05-08, Evanston); likely a different person. Checked: no post-YC Form D matching the founders; no funding statement on website (10 pages) or YC page. LinkedIn/X/Crunchbase need a logged-in browser.",2026-10-01T01:03:57Z
dench-com,Dench.com,Summer 2024,No evidence found,,,,,,,,,,,,,,,,,,Checked: no post-YC Form D matching the founders; no funding statement on website (13 pages) or YC page. LinkedIn/X/Crunchbase need a logged-in browser.,2026-10-01T01:03:36Z
aminoanalytica,AminoAnalytica,Summer 2024,No evidence found,,,,,,,,,,,,,,,,,,Checked: no post-YC Form D matching the founders; no funding statement on website (10 pages) or YC page. LinkedIn/X/Crunchbase need a logged-in browser.,2026-10-01T01:03:37Z
gauge,Gauge,Summer 2024,Yes,2400000,,,,2,Company website,https://www.withgauge.com/blog/,Gauge Raises $2.4M to Build the Future of Marketing to AI.,,,,,,,,,High,Round date not stated on the source page; assumed post-YC because it is presented as current news. No matching post-YC Form D found.,2026-10-01T01:03:49Z
weave-robotics,Weave Robotics,Summer 2024,No evidence found,,,,,,,,,,,,,,,,,,Checked: no post-YC Form D matching the founders; no funding statement on website (4 pages) or YC page. LinkedIn/X/Crunchbase need a logged-in browser.,2026-10-01T01:03:40Z
tandem-2,Tandem,Summer 2024,Yes,6100000,,2025-02-03,,4,Press (linked from YC company page),https://www.axios.com/pro/fintech-deals/2025/02/03/office-sharing-startup-tandem-6-million,Office sharing startup Tandem raises $6.1 million,,,,,,,,,Medium,No matching post-YC Form D found.,2026-10-01T01:04:12Z
kenley,Kenley,Summer 2024,No evidence found,,,,,,,,,,,,,,,,,,Checked: no post-YC Form D matching the founders; no funding statement on website (4 pages) or YC page. LinkedIn/X/Crunchbase need a logged-in browser.,2026-10-01T01:03:43Z
tivara,Tivara,Summer 2024,No evidence found,,,,,,,,,,,,,,,,,,Checked: no post-YC Form D matching the founders; no funding statement on website (0 pages) or YC page. LinkedIn/X/Crunchbase need a logged-in browser.,2026-10-01T01:03:44Z
minusx,MinusX,Summer 2024,No evidence found,,,,,,,,,,,,,,,,,,Checked: no post-YC Form D matching the founders; no funding statement on website (4 pages) or YC page. LinkedIn/X/Crunchbase need a logged-in browser.,2026-10-01T01:03:46Z
joinlore,Lore,Summer 2024,No evidence found,,,,,,,,,,,,,,,,,,Checked: no post-YC Form D matching the founders; no funding statement on website (1 pages) or YC page. LinkedIn/X/Crunchbase need a logged-in browser.,2026-10-01T01:03:53Z
parahelp,Parahelp,Summer 2024,Yes,18000000,Seed,,Blake Robbins,2,Company website,https://parahelp.com/blog/announcing-our-series-a-and-seed,round led by Blake Robbins at Hidden Capital and an $18M Series A round led by Jack Altman at Alt Capital..,,,,,,,,,High,Round date not stated on the source page; assumed post-YC because it is presented as current news. No matching post-YC Form D found.,2026-10-01T01:03:50Z
codeviz,CodeViz,Summer 2024,No evidence found,,,,,,,,,,,,,,,,,,Checked: no post-YC Form D matching the founders; no funding statement on website (2 pages) or YC page. LinkedIn/X/Crunchbase need a logged-in browser.,2026-10-01T01:03:50Z
runlocal-ai,RunLocal AI,Summer 2024,No evidence found,,,,,,,,,,,,,,,,,,Checked: no post-YC Form D matching the founders; no funding statement on website (6 pages) or YC page. LinkedIn/X/Crunchbase need a logged-in browser.,2026-10-01T01:04:00Z
ares-industries,Ares Industries,Summer 2024,No evidence found,,,,,,,,,,,,,,,,,,Checked: no post-YC Form D matching the founders; no funding statement on website (1 pages) or YC page. LinkedIn/X/Crunchbase need a logged-in browser.,2026-10-01T01:03:55Z
dodo,Dodo,Summer 2024,No evidence found,,,,,,,,,,,,,,,,,,Checked: no post-YC Form D matching the founders; no funding statement on website (10 pages) or YC page. LinkedIn/X/Crunchbase need a logged-in browser.,2026-10-01T01:03:55Z
lucible,Lucible,Summer 2024,No evidence found,,,,,,,,,,,,,,,,,,Checked: no post-YC Form D matching the founders; no funding statement on website (3 pages) or YC page. LinkedIn/X/Crunchbase need a logged-in browser.,2026-10-01T01:03:55Z
elevate-2,Elevate,Summer 2024,No evidence found,,,,,,,,,,,,,,,,,,Checked: no post-YC Form D matching the founders; no funding statement on website (2 pages) or YC page. LinkedIn/X/Crunchbase need a logged-in browser.,2026-10-01T01:05:17Z
offstream,Offstream,Summer 2024,No evidence found,,,,,,,,,,,,,,,,,,Checked: no post-YC Form D matching the founders; no funding statement on website (3 pages) or YC page. LinkedIn/X/Crunchbase need a logged-in browser.,2026-10-01T01:04:00Z
storia-ai,Storia AI,Summer 2024,No evidence found,,,,,,,,,,,,,,,,,,Checked: no post-YC Form D matching the founders; no funding statement on website (1 pages) or YC page. LinkedIn/X/Crunchbase need a logged-in browser.,2026-10-01T01:03:59Z
deepsim-inc,"DeepSim, Inc.",Summer 2024,No evidence found,,,,,,,,,,,,,,,,,,Checked: no post-YC Form D matching the founders; no funding statement on website (1 pages) or YC page. LinkedIn/X/Crunchbase need a logged-in browser.,2026-10-01T01:04:03Z
scape,Scape,Summer 2024,Yes,3200000,,,,2,Company website,https://scape.app/careers,"We have raised $3.2M in funding from the world's best investors, including Y Combinator, General Catalyst and angels from OpenAI, Google, Meta, Ramp, Legora",,,,,,,,,High,Round date not stated on the source page; assumed post-YC because it is presented as current news. No matching post-YC Form D found.,2026-10-01T01:04:13Z
zuni,Zuni,Summer 2024,No evidence found,,,,,,,,,,,,,,,,,,Checked: no post-YC Form D matching the founders; no funding statement on website (10 pages) or YC page. LinkedIn/X/Crunchbase need a logged-in browser.,2026-10-01T01:04:03Z
proxis,Proxis,Summer 2024,No evidence found,,,,,,,,,,,,,,,,,,Checked: no post-YC Form D matching the founders; no funding statement on website (4 pages) or YC page. LinkedIn/X/Crunchbase need a logged-in browser.,2026-10-01T01:04:04Z
rewbi,Rewbi,Summer 2024,No evidence found,,,,,,,,,,,,,,,,,,Checked: no post-YC Form D matching the founders; no funding statement on website (3 pages) or YC page. LinkedIn/X/Crunchbase need a logged-in browser.,2026-10-01T01:04:08Z
cloudglue,Cloudglue,Summer 2024,No evidence found,,,,,,,,,,,,,,,,,,Checked: no post-YC Form D matching the founders; no funding statement on website (3 pages) or YC page. LinkedIn/X/Crunchbase need a logged-in browser.,2026-10-01T01:04:07Z
networkocean,NetworkOcean,Summer 2024,No evidence found,,,,,,,,,,,,,,,,,,Checked: no post-YC Form D matching the founders; no funding statement on website (1 pages) or YC page. LinkedIn/X/Crunchbase need a logged-in browser.,2026-10-01T01:04:22Z
silurian,Silurian,Summer 2024,No evidence found,,,,,,,,,,,,,,,,,,Checked: no post-YC Form D matching the founders; no funding statement on website (10 pages) or YC page. LinkedIn/X/Crunchbase need a logged-in browser.,2026-10-01T01:04:11Z
hyrex,Hyrex,Summer 2024,No evidence found,,,,,,,,,,,,,,,,,,Checked: no post-YC Form D matching the founders; no funding statement on website (0 pages) or YC page. LinkedIn/X/Crunchbase need a logged-in browser.,2026-10-01T01:04:14Z
unbound,Unbound,Summer 2024,Yes,4000000,,2025-06-30,,4,Press (linked from YC company page),https://markets.businessinsider.com/news/stocks/unbound-raises-4m-to-help-enterprises-embrace-ai-tools-on-their-terms-1034775030,Unbound raises $4M to help enterprises embrace AI tools on their terms | Markets Insider,,,,,,,,,Medium,No matching post-YC Form D found.,2026-10-01T01:04:15Z
retrofix,RetroFix,Summer 2024,No evidence found,,,,,,,,,,,,,,,,,,Checked: no post-YC Form D matching the founders; no funding statement on website (2 pages) or YC page. LinkedIn/X/Crunchbase need a logged-in browser.,2026-10-01T01:04:16Z
azalea-robotics-corporation,Azalea Robotics Corporation,Summer 2024,No evidence found,,,,,,,,,0002067219,,,,,,,Azalea Robotics Corp,,pre yc Form D 0002067219-25-000001: sold 3857600 first sale 2023-12-01 Checked: no post-YC Form D matching the founders; no funding statement on website (3 pages) or YC page. LinkedIn/X/Crunchbase need a logged-in browser.,2026-10-01T01:04:20Z
decisional-ai,Decisional AI,Summer 2024,No evidence found,,,,,,,,,,,,,,,,,,Checked: no post-YC Form D matching the founders; no funding statement on website (5 pages) or YC page. LinkedIn/X/Crunchbase need a logged-in browser.,2026-10-01T01:04:19Z
stardrift,Stardrift,Summer 2024,No evidence found,,,,,,,,,,,,,,,,,,Checked: no post-YC Form D matching the founders; no funding statement on website (4 pages) or YC page. LinkedIn/X/Crunchbase need a logged-in browser.,2026-10-01T01:04:17Z
ideate-xyz,ideate.xyz,Summer 2024,No evidence found,,,,,,,,,,,,,,,,,,Checked: no post-YC Form D matching the founders; no funding statement on website (1 pages) or YC page. LinkedIn/X/Crunchbase need a logged-in browser.,2026-10-01T01:04:18Z
firstwork,FirstWork,Summer 2024,Yes,5000000,,,,2,Company website,https://www.firstwork.com/blog,Firstwork Raises $5M to Transform Frontline Workforce Management.,,,,,,,,,High,Round date not stated on the source page; assumed post-YC because it is presented as current news. No matching post-YC Form D found.,2026-10-01T01:04:20Z
sorcerer,Sorcerer,Summer 2024,Yes,3900000,,2025-06-12,,4,Press (linked from YC company page),https://www.axios.com/pro/climate-deals/2025/06/12/sorcerer-seed-weather-balloons,Y Combinator startup Sorcerer raises $3.9M to launch more weather balloon,,,,,,,,,Medium,No matching post-YC Form D found.,2026-10-01T01:04:25Z
wordware,Wordware,Summer 2024,Yes,30000000,Seed,,,2,Company website,https://www.wordware.ai/,"Y Combinator, raised the largest seed round in YC history ($30M), and became the #1 Product Hunt launch of all time..",,,,,,,,,High,Round date not stated on the source page; assumed post-YC because it is presented as current news. No matching post-YC Form D found.,2026-10-01T01:04:22Z
party,Party,Summer 2024,No evidence found,,,,,,,,,,,,,,,,,,Checked: no post-YC Form D matching the founders; no funding statement on website (10 pages) or YC page. LinkedIn/X/Crunchbase need a logged-in browser.,2026-10-01T01:04:26Z
corgi-insurance,Corgi Insurance,Summer 2024,Yes,431527611,Equity (per Form D; stage not stated),2025-05-14,,1,SEC Form D,https://www.sec.gov/Archives/edgar/data/2074564/000207456426000003/primary_doc.xml,totalAmountSold: 266091580; totalOfferingAmount: 266091580; dateOfFirstSale: 2026-04-06,0002074564,0002074564-26-000003,266091580,266091580,2026-04-06,Equity; OptionToAcquire,43,"CORGI INSURANCE SERVICES, INC.",High,"4 post-YC Form D offerings summed: 0002074564-26-000001 $108557712 (2025-05-14), 0002074564-26-000003 $266091580 (2026-04-06), 0002074564-26-000004 $40678902 (2026-07-09), 0002074564-26-000005 $16199417 (2026-08-21)",2026-10-01T01:04:30Z
phonely,Phonely,Summer 2024,Yes,18349493,Equity (per Form D; stage not stated),2025-12-19,,1,SEC Form D,https://www.sec.gov/Archives/edgar/data/2106702/000210670226000001/primary_doc.xml,totalAmountSold: 18349493; totalOfferingAmount: 18349493; dateOfFirstSale: 2025-12-19,0002106702,0002106702-26-000001,18349493,18349493,2025-12-19,Equity,31,"Phonely, Inc.",High,,2026-10-01T01:04:26Z
videogen,VideoGen,Summer 2024,Yes,3300000,Seed,,,2,Company website,https://videogen.io/news,VideoGen raises $3.3M seed after passing 5 million users .,,,,,,,,,High,Round date not stated on the source page; assumed post-YC because it is presented as current news. No matching post-YC Form D found.,2026-10-01T01:04:37Z
sagecare,Sage Care,Summer 2024,No evidence found,,,,,,,,,,,,,,,,,,Checked: no post-YC Form D matching the founders; no funding statement on website (3 pages) or YC page. LinkedIn/X/Crunchbase need a logged-in browser.,2026-10-01T01:04:26Z
hexclave,Hexclave,Summer 2024,No evidence found,,,,,,,,,,,,,,,,,,Checked: no post-YC Form D matching the founders; no funding statement on website (4 pages) or YC page. LinkedIn/X/Crunchbase need a logged-in browser.,2026-10-01T01:04:25Z
tabula,Tabula,Summer 2024,No evidence found,,,,,,,,,,,,,,,,,,Checked: no post-YC Form D matching the founders; no funding statement on website (1 pages) or YC page. LinkedIn/X/Crunchbase need a logged-in browser. National register for DE not checked.,2026-10-01T01:04:34Z
callback,Callback,Summer 2024,No evidence found,,,,,,,,,,,,,,,,,,Checked: no post-YC Form D matching the founders; no funding statement on website (2 pages) or YC page. LinkedIn/X/Crunchbase need a logged-in browser.,2026-10-01T01:04:32Z
bayesline,Bayesline,Summer 2024,Yes,5785478,Equity (per Form D; stage not stated),2026-05-01,,1,SEC Form D,https://www.sec.gov/Archives/edgar/data/2133628/000213362826000001/primary_doc.xml,totalAmountSold: 5785478; totalOfferingAmount: 6194999; dateOfFirstSale: 2026-05-01,0002133628,0002133628-26-000001,5785478,6194999,2026-05-01,Equity; SecurityToBeAcquired,47,"Bayesline, Inc.",High,,2026-10-01T01:04:35Z
digitalcarbon,DigitalCarbon,Summer 2024,No evidence found,,,,,,,,,,,,,,,,,,Checked: no post-YC Form D matching the founders; no funding statement on website (1 pages) or YC page. LinkedIn/X/Crunchbase need a logged-in browser.,2026-10-01T01:04:46Z
random-labs,Random Labs,Summer 2024,No evidence found,,,,,,,,,,,,,,,,,,Checked: no post-YC Form D matching the founders; no funding statement on website (10 pages) or YC page. LinkedIn/X/Crunchbase need a logged-in browser.,2026-10-01T01:04:31Z
unsloth-ai,Unsloth AI,Summer 2024,No evidence found,,,,,,,,,,,,,,,,,,Checked: no post-YC Form D matching the founders; no funding statement on website (3 pages) or YC page. LinkedIn/X/Crunchbase need a logged-in browser.,2026-10-01T01:04:36Z
codes-health,Codes Health,Summer 2024,No evidence found,,,,,,,,,,,,,,,,,,Checked: no post-YC Form D matching the founders; no funding statement on website (1 pages) or YC page. LinkedIn/X/Crunchbase need a logged-in browser.,2026-10-01T01:04:34Z
entangl,Entangl,Summer 2024,No evidence found,,,,,,,,,,,,,,,,,,Checked: no post-YC Form D matching the founders; no funding statement on website (2 pages) or YC page. LinkedIn/X/Crunchbase need a logged-in browser.,2026-10-01T01:04:35Z
claimsorted,ClaimSorted,Summer 2024,Yes,13300000,,2025-10-14,,4,Press (linked from YC company page),https://www.forbes.com/sites/robertolsen-1/2025/10/13/this-startup-raised-133-million-to-inject-ai-into-one-of-the-worlds-slowest-industries/,This Startup Raised $13.3 Million To Inject AI Into One Of The World’s Slowest Industries,,,,,,,,,Medium,No matching post-YC Form D found.,2026-10-01T01:04:37Z
mdhub,mdhub,Summer 2024,No evidence found,,,,,,,,,,,,,,,,,,Checked: no post-YC Form D matching the founders; no funding statement on website (4 pages) or YC page. LinkedIn/X/Crunchbase need a logged-in browser.,2026-10-01T01:04:38Z
hamming-ai,Hamming AI,Summer 2024,Yes,3800000,Seed,2024-12-18,,2,Company website,https://hamming.ai/blog/hamming-ai-seed-funding-to-make-voice-agents-more-reliable,Hamming AI Raises $3.8M Seed Round | Hamming AI Blog,,,,,,,,,High,No matching post-YC Form D found.,2026-10-01T01:04:37Z
prohostai,ProhostAI,Summer 2024,Yes,2600000,,,,2,Company website,https://www.prohost.ai/about,"To build ProhostAI, we have raised $2.6M from top tier investors including Y Combinator and Pear VC..",,,,,,,,,High,Round date not stated on the source page; assumed post-YC because it is presented as current news. No matching post-YC Form D found.,2026-10-01T01:04:39Z
educato,Educato,Summer 2024,No evidence found,,,,,,,,,,,,,,,,,,Checked: no post-YC Form D matching the founders; no funding statement on website (4 pages) or YC page. LinkedIn/X/Crunchbase need a logged-in browser.,2026-10-01T01:04:39Z
spaceium-inc,Spaceium Inc,Summer 2024,Yes,6300000,,2025-01-23,,4,Press (linked from YC company page),https://techcrunch.com/2025/01/23/space-re-fueling-startup-spacium-raises-6-3-million/,Y Combinator grad Spaceium raises oversubscribed $6.3M for space re-fueling | TechCrunch,,,,,,,,,Medium,No matching post-YC Form D found.,2026-10-01T01:04:41Z
comfy-deploy,Comfy Deploy,Summer 2024,No evidence found,,,,,,,,,,,,,,,,,,Checked: no post-YC Form D matching the founders; no funding statement on website (2 pages) or YC page. LinkedIn/X/Crunchbase need a logged-in browser.,2026-10-01T01:04:39Z
synnax,Synnax,Summer 2024,No evidence found,,,,,,,,,,,,,,,,,,Checked: no post-YC Form D matching the founders; no funding statement on website (2 pages) or YC page. LinkedIn/X/Crunchbase need a logged-in browser.,2026-10-01T01:04:42Z
theseus,Theseus,Summer 2024,No evidence found,,,,,,,,,,,,,,,,,,Checked: no post-YC Form D matching the founders; no funding statement on website (3 pages) or YC page. LinkedIn/X/Crunchbase need a logged-in browser.,2026-10-01T01:04:48Z
saphira-ai,Saphira AI,Summer 2024,No evidence found,,,,,,,,,,,,,,,,,,Checked: no post-YC Form D matching the founders; no funding statement on website (7 pages) or YC page. LinkedIn/X/Crunchbase need a logged-in browser.,2026-10-01T01:04:42Z
glasskube,Glasskube,Summer 2024,No evidence found,,,,,,,,,,,,,,,,,,Checked: no post-YC Form D matching the founders; no funding statement on website (4 pages) or YC page. LinkedIn/X/Crunchbase need a logged-in browser.,2026-10-01T01:04:43Z
mem0,Mem0,Summer 2024,Yes,23890590,Equity (per Form D; stage not stated),2025-07-09,,1,SEC Form D,https://www.sec.gov/Archives/edgar/data/2075716/000207571625000001/primary_doc.xml,totalAmountSold: 23890590; totalOfferingAmount: 23890590; dateOfFirstSale: 2025-07-09,0002075716,0002075716-25-000001,23890590,23890590,2025-07-09,Equity,50,"Embedchain, Inc",High,"Legal name differs from brand; matched on related person(s) Deshraj Yadav, Taranjeet Singh, issuer in San Francisco, CA.",2026-10-01T01:04:44Z
cheers,Cheers,Summer 2024,No evidence found,,,,,,,,,,,,,,,,,,Checked: no post-YC Form D matching the founders; no funding statement on website (4 pages) or YC page. LinkedIn/X/Crunchbase need a logged-in browser.,2026-10-01T01:04:46Z
understood-care,Understood Care,Summer 2024,Yes,8400000,,2026-03-16,,4,Press (linked from YC company page),https://www.axios.com/pro/health-tech-deals/2026/03/16/understood-care-8m-patient-advocacy,Understood Care raises $8.4M for patient advocacy,,,,,,,,,Medium,No matching post-YC Form D found.,2026-10-01T01:04:44Z
doublezero,Doublezero,Summer 2024,No evidence found,,,,,,,,,,,,,,,,,,Checked: no post-YC Form D matching the founders; no funding statement on website (0 pages) or YC page. LinkedIn/X/Crunchbase need a logged-in browser.,2026-10-01T01:04:49Z
superunit,Superunit,Summer 2024,No evidence found,,,,,,,,,,,,,,,,,,Checked: no post-YC Form D matching the founders; no funding statement on website (7 pages) or YC page. LinkedIn/X/Crunchbase need a logged-in browser.,2026-10-01T01:04:46Z
undermind,Undermind,Summer 2024,No evidence found,,,,,,,,,,,,,,,,,,Checked: no post-YC Form D matching the founders; no funding statement on website (3 pages) or YC page. LinkedIn/X/Crunchbase need a logged-in browser.,2026-10-01T01:04:47Z
domu-technology-inc,Domu Technology Inc.,Summer 2024,No evidence found,,,,,,,,,,,,,,,,,,Checked: no post-YC Form D matching the founders; no funding statement on website (2 pages) or YC page. LinkedIn/X/Crunchbase need a logged-in browser.,2026-10-01T01:04:49Z
apten,Apten,Summer 2024,No evidence found,,,,,,,,,,,,,,,,,,Checked: no post-YC Form D matching the founders; no funding statement on website (2 pages) or YC page. LinkedIn/X/Crunchbase need a logged-in browser.,2026-10-01T01:04:49Z
spherecast,Spherecast,Summer 2024,No evidence found,,,,,,,,,,,,,,,,,,Checked: no post-YC Form D matching the founders; no funding statement on website (1 pages) or YC page. LinkedIn/X/Crunchbase need a logged-in browser.,2026-10-01T01:04:51Z
miru-ml,Miru,Summer 2024,No evidence found,,,,,,,,,,,,,,,,,,Checked: no post-YC Form D matching the founders; no funding statement on website (10 pages) or YC page. LinkedIn/X/Crunchbase need a logged-in browser.,2026-10-01T01:04:53Z
roger-2,Roger,Summer 2024,No evidence found,,,,,,,,,,,,,,,,,,Checked: no post-YC Form D matching the founders; no funding statement on website (7 pages) or YC page. LinkedIn/X/Crunchbase need a logged-in browser.,2026-10-01T01:05:02Z
abel-police,Abel Police,Summer 2024,No evidence found,,,,,,,,,,,,,,,,,,Checked: no post-YC Form D matching the founders; no funding statement on website (3 pages) or YC page. LinkedIn/X/Crunchbase need a logged-in browser.,2026-10-01T01:04:53Z
ultra,Ultra,Summer 2024,Yes,57089457,Equity (per Form D; stage not stated),2026-08-07,,1,SEC Form D,https://www.sec.gov/Archives/edgar/data/2151004/000215100426000001/primary_doc.xml,totalAmountSold: 57089457; totalOfferingAmount: 62089507; dateOfFirstSale: 2026-08-07,0002151004,0002151004-26-000001,57089457,62089507,2026-08-07,Equity; SecurityToBeAcquired,53,Ultra Robotics Corp.,High,,2026-10-01T01:05:30Z
angstrom-ai,Ångström AI,Summer 2024,No evidence found,,,,,,,,,,,,,,,,,,Checked: no post-YC Form D matching the founders; no funding statement on website (1 pages) or YC page. LinkedIn/X/Crunchbase need a logged-in browser.,2026-10-01T01:04:53Z
coval,Coval,Summer 2024,Yes,28000000,,2026-06-24,,4,Press (linked from YC company page),https://www.axios.com/pro/enterprise-software-deals/2026/06/24/coval-ai-voice-agents-enterprise,Coval raises $28M to make better voice agents,,,,,,,,,Medium,No matching post-YC Form D found.,2026-10-01T01:04:52Z
evolvere-biosciences,Evolvere BioSciences,Summer 2024,No evidence found,,,,,,,,,,,,,,,,,,Checked: no post-YC Form D matching the founders; no funding statement on website (0 pages) or YC page. LinkedIn/X/Crunchbase need a logged-in browser.,2026-10-01T01:04:55Z
spur,Spur,Summer 2024,No evidence found,,,,,,,,,,,,,,,,,,Checked: no post-YC Form D matching the founders; no funding statement on website (3 pages) or YC page. LinkedIn/X/Crunchbase need a logged-in browser.,2026-10-01T01:05:16Z
ligo-biosciences,Ligo Biosciences,Summer 2024,No evidence found,,,,,,,,,,,,,,,,,,Checked: no post-YC Form D matching the founders; no funding statement on website (1 pages) or YC page. LinkedIn/X/Crunchbase need a logged-in browser.,2026-10-01T01:04:59Z
acx,ACX,Summer 2024,No evidence found,,,,,,,,,,,,,,,,,,Checked: no post-YC Form D matching the founders; no funding statement on website (2 pages) or YC page. LinkedIn/X/Crunchbase need a logged-in browser.,2026-10-01T01:05:03Z
overeasy,Overeasy,Summer 2024,No evidence found,,,,,,,,,,,,,,,,,,Checked: no post-YC Form D matching the founders; no funding statement on website (0 pages) or YC page. LinkedIn/X/Crunchbase need a logged-in browser.,2026-10-01T01:04:57Z
fuse-2,Fuse,Summer 2024,No evidence found,,,,,,,,,,,,,,,,,,Checked: no post-YC Form D matching the founders; no funding statement on website (2 pages) or YC page. LinkedIn/X/Crunchbase need a logged-in browser.,2026-10-01T01:05:28Z
simplex,Simplex,Summer 2024,No evidence found,,,,,,,,,,,,,,,,,,Checked: no post-YC Form D matching the founders; no funding statement on website (3 pages) or YC page. LinkedIn/X/Crunchbase need a logged-in browser.,2026-10-01T01:05:05Z
poka-labs,Poka Labs,Summer 2024,No evidence found,,,,,,,,,,,,,,,,,,Checked: no post-YC Form D matching the founders; no funding statement on website (2 pages) or YC page. LinkedIn/X/Crunchbase need a logged-in browser.,2026-10-01T01:05:04Z
whatnot,Whatnot,Winter 2020,Yes,1482100811,Equity (per Form D; stage not stated),2021-05-10,,1,SEC Form D,https://www.sec.gov/Archives/edgar/data/1844768/000184476826000001/primary_doc.xml,totalAmountSold: 547000000; totalOfferingAmount: 547000000; dateOfFirstSale: 2026-08-05,0001844768,0001844768-26-000001,547000000,547000000,2026-08-05,Equity,17,Whatnot Inc.,High,"6 post-YC Form D offerings summed: 0001844768-21-000001 $46997737 (2021-05-10), 0001844768-21-000002 $141104744 (2021-08-31), 0001844768-22-000001 $260000000 (2022-07-08), 0001844768-25-000002 $261999054 (2024-12-24), 0001844768-25-000004 $224999276 (2025-10-15), 0001844768-26-000001 $547000000 (2026-08-05) Tier 4 source states $225 Million (https://www.nytimes.com/2025/10/28/business/dealbook/whatnot-livestream-shopping-fundraise.html); Form D figure kept.",2026-10-01T01:05:12Z
algen-biotechnologies,Algen Biotechnologies,Winter 2020,No evidence found,,,,,,,,,,,,,,,,,,Checked: no post-YC Form D matching the founders; no funding statement on website (2 pages) or YC page. LinkedIn/X/Crunchbase need a logged-in browser.,2026-10-01T01:05:07Z
jet-admin,Jet Admin,Winter 2020,No evidence found,,,,,,,,,,,,,,,,,,Checked: no post-YC Form D matching the founders; no funding statement on website (10 pages) or YC page. LinkedIn/X/Crunchbase need a logged-in browser.,2026-10-01T01:05:09Z
ochre-bio,Ochre Bio,Winter 2020,No evidence found,,,,,,,,,,,,,,,,,,Checked: no post-YC Form D matching the founders; no funding statement on website (4 pages) or YC page. LinkedIn/X/Crunchbase need a logged-in browser.,2026-10-01T01:05:10Z
ansa-biotechnologies,Ansa Biotechnologies,Winter 2020,Yes,124183858,Convertible note (per Form D; stage not stated),2020-06-24,,1,SEC Form D/A,https://www.sec.gov/Archives/edgar/data/1816722/000181672222000002/primary_doc.xml,totalAmountSold: 67999951; totalOfferingAmount: 76671201; dateOfFirstSale: 2022-03-18,0001816722,0001816722-22-000002,67999951,76671201,2022-03-18,Equity; Debt,28,"Ansa Biotechnologies, Inc.",High,"4 post-YC Form D offerings summed: 0001816722-20-000001 $4734242 (2020-06-24), 0001816722-21-000001 $5000000 (2021-10-08), 0001816722-22-000002 $67999951 (2022-03-18), 0001231919-25-000593 $46449665 (2024-06-28)",2026-10-01T01:05:21Z
yassir,Yassir,Winter 2020,Yes,37352704,Equity (per Form D; stage not stated),2021-10-01,,1,SEC Form D,https://www.sec.gov/Archives/edgar/data/1867526/000186752621000004/primary_doc.xml,totalAmountSold: 37352704; totalOfferingAmount: 43230490; dateOfFirstSale: 2021-10-01,0001867526,0001867526-21-000004,37352704,43230490,2021-10-01,Equity,94,Yassir Inc.,High,Tier 2 source states $200M (https://www.ycombinator.com/companies/yassir); Form D figure kept.,2026-10-01T01:05:14Z
jenfi,Jenfi,Winter 2020,Yes,6600000,,2023-05-17,,4,Press (linked from YC company page),https://www.forbes.com/sites/catherinewang/2023/05/17/singapore-based-y-combinator-graduate-raises-66-million-to-expand-its-growth-capital-as-a-service/?sh=54d706b34b65,Singapore-Based Y Combinator Graduate Raises $6.6 Million To Expand Its ‘Growth Capital As A Service’,,,,,,,,,Medium,No matching post-YC Form D found.,2026-10-01T01:05:19Z
lfcarry,LFcarry,Winter 2020,Yes,17800000,,,,2,YC company/launch page,https://www.ycombinator.com/companies/lfcarry,"Founded in 2016, YC-backed (W20) with $17.8M raised from 20+ investors, we've served 250k+ users via two web platforms and five messenger bots, creating",,,,,,,,,High,Round date not stated on the source page; assumed post-YC because it is presented as current news. Other stated figure: $6 million (https://techcrunch.com/2021/05/13/legionfarm-pairing-pro-gamers-with-amateurs-raises-6-million-series-a/). No matching post-YC Form D found.,2026-10-01T01:05:16Z
menten-ai,Menten AI,Winter 2020,No evidence found,,,,,,,,,,,,,,,,,,Checked: no post-YC Form D matching the founders; no funding statement on website (5 pages) or YC page. LinkedIn/X/Crunchbase need a logged-in browser.,2026-10-01T01:05:21Z
belvo,Belvo,Winter 2020,Yes,15000000,,2025-04-16,,2,Company website,https://belvo.com/blog/belvo-secures-15-million-in-new-round-of-funding-open-finance-latin-america/,Belvo secures $15 million in new round of funding to power the next phase of Open Finance growth in Latin America - Belvo,,,,,,,,,High,No matching post-YC Form D found.,2026-10-01T01:05:24Z
equator-therapeutics,Equator Therapeutics,Winter 2020,No evidence found,,,,,,,,,,,,,,,,,,Checked: no post-YC Form D matching the founders; no funding statement on website (2 pages) or YC page. LinkedIn/X/Crunchbase need a logged-in browser.,2026-10-01T01:05:22Z
tasker-ai,Tasker AI,Winter 2020,No evidence found,,,,,,,,,,,,,,,,,,Checked: no post-YC Form D matching the founders; no funding statement on website (10 pages) or YC page. LinkedIn/X/Crunchbase need a logged-in browser.,2026-10-01T01:05:22Z
gas-pos,Gas Pos,Winter 2020,No evidence found,,,,,,,,,,,,,,,,,,"Unverified Form D by same-named person: Red River Mobile Home Community LLC 0001848407-21-000001 sold 245000 (first sale 2021-02-24, Silver Spring); likely a different person. Unverified Form D by same-named person: VRGL, Inc. 0001944133-22-000002 sold 9488717 (first sale 2022-08-16, Dallas); likely a different person. Unverified Form D by same-named person: United Effects LLC 0001912312-22-000001 sold 92500 (first sale 2022-01-28, Fort Washington); likely a different person. Unverified Form D by same-named person: VRGL, Inc. 0001944133-23-000001 sold 15726217 (first sale 2022-08-16, Dallas); likely a different person. Unverified Form D by same-named person: VRGL, Inc. 0001944133-24-000001 sold 5999974 (first sale 2024-08-27, Dallas); likely a different person. Unverified Form D by same-named person: OPe, LLC 0002081507-25-000003 sold 6300000 (first sale 2025-05-09, Mobile); likely a different person. Unverified Form D by same-named person: Holiday Holdings, LLC 0002104741-26-000001 sold 1275000 (first sale 2025-12-19, Sheridan); likely a different person. Unverified Form D by same-named person: Totem RV Park, LLC 0002112251-26-000001 sold 350000 (first sale 2025-12-30, Sheridan); likely a different person. Unverified Form D by same-named person: Blue Ridge RV Park, LLC 0002112252-26-000001 sold 750000 (first sale 2026-01-12, Sheridan); likely a different person. Unverified Form D by same-named person: Commense Bio, Inc. 0002135129-26-000001 sold 2470334 (first sale 2026-01-1",2026-10-01T01:05:37Z
humanly,Humanly,Winter 2020,Yes,39820825,Equity (per Form D; stage not stated),2021-08-26,,1,SEC Form D,https://www.sec.gov/Archives/edgar/data/1782339/000123191926000357/primary_doc.xml,totalAmountSold: 17949888; totalOfferingAmount: 24999870; dateOfFirstSale: 2026-03-24,0001782339,0001231919-26-000357,17949888,24999870,2026-03-24,Equity,4,HumanlyHR Inc,High,"3 post-YC Form D offerings summed: 0001782339-21-000001 $4500000 (2021-08-26), 0001782339-23-000004 $17370937 (2023-06-01), 0001231919-26-000357 $17949888 (2026-03-24) pre yc Form D 0001782339-20-000003: sold 1100000 first sale 2019-07-11",2026-10-01T01:05:34Z
workpay,Workpay,Winter 2020,Yes,8819249,Series A (Equity per Form D),2024-06-12,,1,SEC Form D,https://www.sec.gov/Archives/edgar/data/2028521/000202852124000001/primary_doc.xml,totalAmountSold: 8819249; totalOfferingAmount: 9569253; dateOfFirstSale: 2024-06-12,0002028521,0002028521-24-000001,8819249,9569253,2024-06-12,Equity,25,"WorkPay Technologies, Inc.",High,Tier 2 source states $5 million (https://www.myworkpay.com/); Form D figure kept.,2026-10-01T01:05:28Z
airbyte,Airbyte,Winter 2020,Yes,25922386,Equity (per Form D; stage not stated),2021-05-20,,1,SEC Form D,https://www.sec.gov/Archives/edgar/data/1864376/000186437621000001/primary_doc.xml,totalAmountSold: 25922386; totalOfferingAmount: 25999939; dateOfFirstSale: 2021-05-20,0001864376,0001864376-21-000001,25922386,25999939,2021-05-20,Equity,19,"AIRBYTE, INC.",High,Tier 2 source states $150 Million (https://airbyte.com/company/press); Form D figure kept.,2026-10-01T01:05:29Z
yoneda-health,Yoneda Health,Winter 2020,No evidence found,,,,,,,,,,,,,,,,,,Checked: no post-YC Form D matching the founders; no funding statement on website (1 pages) or YC page. LinkedIn/X/Crunchbase need a logged-in browser.,2026-10-01T01:05:28Z
living-carbon,Living Carbon,Winter 2020,Yes,21000000,,,,2,Company website,https://www.livingcarbon.com/updates,Living Carbon raises $21m for biotech ‘supertrees’.,,,,,,,,,High,Round date not stated on the source page; assumed post-YC because it is presented as current news. No matching post-YC Form D found.,2026-10-01T01:05:28Z
send,SEND,Winter 2020,No evidence found,,,,,,,,,,,,,,,,,,Checked: no post-YC Form D matching the founders; no funding statement on website (0 pages) or YC page. LinkedIn/X/Crunchbase need a logged-in browser. National register for NG not checked.,2026-10-01T01:05:37Z
99minutos,99minutos,Winter 2020,Yes,40000000,Series B,2021-06-07,,4,Press (linked from YC company page),https://techcrunch.com/2021/06/07/99-minutos-mexicos-last-mile-delivery-startup-raises-a-40m-series-b/,"99 minutos, Mexico's last mile delivery startup, raises a $40M Series B • TechCrunch",,,,,,,,,Medium,No matching post-YC Form D found.,2026-10-01T01:05:38Z
atmo,Atmo,Winter 2020,Yes,17576400,Equity (per Form D; stage not stated),2024-12-09,,1,SEC Form D,https://www.sec.gov/Archives/edgar/data/2049448/000204944824000001/primary_doc.xml,totalAmountSold: 17576400; totalOfferingAmount: 17576400; dateOfFirstSale: 2024-12-09,0002049448,0002049448-24-000001,17576400,17576400,2024-12-09,Equity,68,"Atmo, Inc.",High,"Unverified Form D by same-named person: Little Doodads Ltd Liability Co 0002003013-23-000001 sold 0 (first sale yetToOccur, New York); likely a different person. Unverified Form D by same-named person: Xanax Girlie Ltd Liability Co 0002003013-24-000001 sold 0 (first sale yetToOccur, New York); likely a different person.",2026-10-01T01:05:38Z
borong,borong,Winter 2020,Yes,7000000,Series A,2022-01-19,,4,Press (linked from YC company page),https://techcrunch.com/2022/01/19/yc-alum-dropee-a-malaysia-b2b-wholesale-platform-lands-7m-series-a/,"YC alum Dropee, a Malaysia B2B wholesale platform, lands $7M Series A – TechCrunch",,,,,,,,,Medium,No matching post-YC Form D found.,2026-10-01T01:05:31Z
recall-ai,Recall.ai,Winter 2020,Yes,38000000,Series B,,,2,Company website,https://www.recall.ai,Recall.ai has raised a $38M series B!.,,,,,,,,,High,"Unverified Form D by same-named person: BRAZOS BRADFORD LLC 0001931238-22-000001 sold 1250000 (first sale 2022-06-22, Dallas); likely a different person. Unverified Form D by same-named person: BRAZOS BRADFORD LLC 0001931238-22-000003 sold 2900000 (first sale 2022-06-22, Dallas); likely a different person. Unverified Form D by same-named person: BR BENBROOK LLC 0001944789-22-000001 sold 3285000 (first sale 2022-08-25, Dallas); likely a different person. Round date not stated on the source page; assumed post-YC because it is presented as current news. No matching post-YC Form D found.",2026-10-01T01:05:40Z
healthlane,Healthlane,Winter 2020,No evidence found,,,,,,,,,,,,,,,,,,Checked: no post-YC Form D matching the founders; no funding statement on website (0 pages) or YC page. LinkedIn/X/Crunchbase need a logged-in browser. National register for NG not checked.,2026-10-01T01:05:37Z
stable,Stable,Winter 2020,No evidence found,,,,,,,,,,,,,,,,,,Checked: no post-YC Form D matching the founders; no funding statement on website (5 pages) or YC page. LinkedIn/X/Crunchbase need a logged-in browser.,2026-10-01T01:06:26Z
sakneen,Sakneen,Winter 2020,No evidence found,,,,,,,,,,,,,,,,,,Checked: no post-YC Form D matching the founders; no funding statement on website (1 pages) or YC page. LinkedIn/X/Crunchbase need a logged-in browser. National register for EG not checked.,2026-10-01T01:05:38Z
giveaway,GiveAway,Winter 2020,No evidence found,,,,,,,,,,,,,,,,,,Checked: no post-YC Form D matching the founders; no funding statement on website (0 pages) or YC page. LinkedIn/X/Crunchbase need a logged-in browser. National register for PT not checked.,2026-10-01T01:05:39Z
guruhotel,GuruHotel,Winter 2020,Yes,2100000,Series A,,,2,Company website,https://guruhotel.com/press-investors,GuruHotel Raises $2.1M Series A to Become the Shopify of Hotels.,,,,,,,,,High,Round date not stated on the source page; assumed post-YC because it is presented as current news. No matching post-YC Form D found.,2026-10-01T01:05:42Z
nomic-bio,Nomic Bio,Winter 2020,No evidence found,,,,,,,,,,,,,,,,,,Checked: no post-YC Form D matching the founders; no funding statement on website (2 pages) or YC page. LinkedIn/X/Crunchbase need a logged-in browser. National register for CA not checked.,2026-10-01T01:05:42Z
ramani,Ramani,Winter 2020,Yes,10097917,Equity (per Form D; stage not stated),2022-07-27,,1,SEC Form D,https://www.sec.gov/Archives/edgar/data/1935038/000193503822000001/primary_doc.xml,totalAmountSold: 10097917; totalOfferingAmount: 13778049; dateOfFirstSale: 2022-07-27,0001935038,0001935038-22-000001,10097917,13778049,2022-07-27,Equity,32,Ramani Corp,High,Tier 4 source states $32M (https://techcrunch.com/2022/11/23/tanzanias-yc-alum-ramani-raises-32m-to-digitize-cpg-supply-chains-lend-resellers/); Form D figure kept.,2026-10-01T01:05:42Z
handl,Handl,Winter 2020,No evidence found,,,,,,,,,,,,,,,,,,Checked: no post-YC Form D matching the founders; no funding statement on website (1 pages) or YC page. LinkedIn/X/Crunchbase need a logged-in browser.,2026-10-01T01:05:44Z
stark-bank,STARK BANK,Winter 2020,No evidence found,,,,,,,,,,,,,,,,,,Checked: no post-YC Form D matching the founders; no funding statement on website (13 pages) or YC page. LinkedIn/X/Crunchbase need a logged-in browser.,2026-10-01T01:05:40Z
termii,Termii,Winter 2020,Yes,3650000,,,,2,Company website,https://termii.com/about,"between African businesses and their users, and it has raised $3.65 million to achieve this..",,,,,,,,,High,Round date not stated on the source page; assumed post-YC because it is presented as current news. Other stated figure: $1.4M (https://techcrunch.com/2021/03/19/nigerias-termii-raises-1-4m-seed-led-by-future-africa-and-kepple-africa-ventures/). No matching post-YC Form D found.,2026-10-01T01:05:44Z
be-go,BeGo,Winter 2020,No evidence found,,,,,,,,,,,,,,,,,,Checked: no post-YC Form D matching the founders; no funding statement on website (10 pages) or YC page. LinkedIn/X/Crunchbase need a logged-in browser.,2026-10-01T01:05:45Z
linkana,Linkana,Winter 2020,No evidence found,,,,,,,,,,,,,,,,,,Checked: no post-YC Form D matching the founders; no funding statement on website (2 pages) or YC page. LinkedIn/X/Crunchbase need a logged-in browser. National register for BR not checked.,2026-10-01T01:05:43Z
fondeadora,Fondeadora,Winter 2020,No evidence found,,,,,,,,,,,,,,,,,,Checked: no post-YC Form D matching the founders; no funding statement on website (2 pages) or YC page. LinkedIn/X/Crunchbase need a logged-in browser. National register for MX not checked.,2026-10-01T01:05:50Z
tajir,Tajir,Winter 2020,Yes,17000000,,,Kleiner Perkins and YC Continuity,2,Company website,https://www.tajir.app/blog/kleiner-yc-fundraise,"In order to advance this work, Tajir closed a $17M round of fresh funding led by Kleiner Perkins and YC Continuity earlier this year..",,,,,,,,,High,"Unverified Form D by same-named person: Liberation Labs Holdings Inc. 0001952448-25-000001 sold 51982971 (first sale 2025-01-28, New York); likely a different person. Unverified Form D by same-named person: Liberation Bioindustries, Inc. 0001952448-25-000004 sold 60164351 (first sale 2025-11-24, New York); likely a different person. Unverified Form D by same-named person: BlueNalu, Inc. 0001231919-26-000050 sold 10544123 (first sale 2025-12-29, San Diego); likely a different person. Round date not stated on the source page; assumed post-YC because it is presented as current news. No matching post-YC Form D found.",2026-10-01T01:05:48Z
futura,FUTURA,Winter 2020,Yes,2942999,Equity (per Form D; stage not stated),2023-10-24,,1,SEC Form D,https://www.sec.gov/Archives/edgar/data/1999886/000199988623000001/primary_doc.xml,totalAmountSold: 2942999; totalOfferingAmount: 14900000; dateOfFirstSale: 2023-10-24,0001999886,0001999886-23-000001,2942999,14900000,2023-10-24,Equity,6,"Smile Technology Group, Inc.",High,"Legal name differs from brand; matched on related person(s) Leonardo Miron, Tommaso Tomba, issuer in Seal Beach, CA.",2026-10-01T01:05:47Z
bamboo,Bamboo,Winter 2020,Yes,17402493,Equity (per Form D; stage not stated),2022-01-20,,1,SEC Form D,https://www.sec.gov/Archives/edgar/data/1911127/000191112722000001/primary_doc.xml,totalAmountSold: 17402493; totalOfferingAmount: 19805000; dateOfFirstSale: 2022-01-20,0001911127,0001911127-22-000001,17402493,19805000,2022-01-20,Equity,57,"Bamboo Global, Inc.",High,,2026-10-01T01:06:10Z
electroneek,ElectroNeek,Winter 2020,Yes,20000000,Series A,2021-01-06,,4,Press (linked from YC company page),https://www.forbes.com/sites/frederickdaso/2021/06/01/electroneek-raises-a-20m-series-a-to-drive-mass-rpa-industry-adoption/?sh=1aa742f217a7,ElectroNeek Raises A $20 Million Series A To Drive Mass RPA Industry Adoption,,,,,,,,,Medium,No matching post-YC Form D found.,2026-10-01T01:05:45Z
swipe-technologies,Swipe Technologies,Winter 2020,Yes,17000000,Seed,2022-01-17,,4,Press (linked from YC company page),https://techcrunch.com/2022/01/17/ghanaian-fintech-float-raises-17m-seed-to-power-cash-flow-for-commerce-in-africa/,Ghanaian fintech Float raises $17M seed to power cash flow for commerce in Africa – TechCrunch,,,,,,,,,Medium,No matching post-YC Form D found.,2026-10-01T01:05:46Z
somatic,SOMATIC,Winter 2020,Yes,20865594,Equity (per Form D; stage not stated),2022-02-17,,1,SEC Form D,https://www.sec.gov/Archives/edgar/data/1915309/000191530925000001/primary_doc.xml,totalAmountSold: 13708487; totalOfferingAmount: 15000000; dateOfFirstSale: 2025-01-31,0001915309,0001915309-25-000001,13708487,15000000,2025-01-31,Equity,9,"Somatic Holdings, Inc.",High,"2 post-YC Form D offerings summed: 0001915309-22-000001 $7157107 (2022-02-17), 0001915309-25-000001 $13708487 (2025-01-31) Unverified Form D by same-named person: Engaged MD, Inc. 0001951715-22-000001 sold 10999996 (first sale 2022-09-02, Washington); likely a different person. Unverified Form D by same-named person: Engaged MD, Inc. 0001951715-23-000001 sold 5499996 (first sale 2023-10-05, Washington); likely a different person.",2026-10-01T01:06:18Z
avion,Avion,Winter 2020,Yes,4729998,Equity (per Form D; stage not stated),2023-07-25,,1,SEC Form D,https://www.sec.gov/Archives/edgar/data/1989369/000198936923000001/primary_doc.xml,totalAmountSold: 4729998; totalOfferingAmount: 4729998; dateOfFirstSale: 2023-07-25,0001989369,0001989369-23-000001,4729998,4729998,2023-07-25,Equity,8,AVION UAV Inc.,High,,2026-10-01T01:05:48Z
daedalus,Daedalus,Winter 2020,Yes,11230494,Equity (per Form D; stage not stated),2021-10-01,,1,SEC Form D,https://www.sec.gov/Archives/edgar/data/1889589/000188958921000001/primary_doc.xml,totalAmountSold: 11230494; totalOfferingAmount: 11630492; dateOfFirstSale: 2021-10-01,0001889589,0001889589-21-000001,11230494,11630492,2021-10-01,Equity,16,Daedalus Systems Inc./de,High,Tier 4 source states $21M (https://techcrunch.com/2024/02/08/daedalus-manufacturing-jonas-schneider-openai-robotics-raises-21-million/); Form D figure kept.,2026-10-01T01:06:00Z
oda,Oda,Winter 2020,Yes,2455000,Equity (per Form D; stage not stated),2021-10-11,,1,SEC Form D,https://www.sec.gov/Archives/edgar/data/1890301/000189030121000001/primary_doc.xml,totalAmountSold: 2455000; totalOfferingAmount: 2605000; dateOfFirstSale: 2021-10-11,0001890301,0001890301-21-000001,2455000,2605000,2021-10-11,Equity,15,"Oda Portal, Inc.",High,,2026-10-01T01:05:53Z
nexu,Nexu,Winter 2020,Yes,30154968,Equity (per Form D; stage not stated),2021-09-27,,1,SEC Form D,https://www.sec.gov/Archives/edgar/data/1887537/000188753723000001/primary_doc.xml,totalAmountSold: 19999967; totalOfferingAmount: 19999967; dateOfFirstSale: 2023-06-21,0001887537,0001887537-23-000001,19999967,19999967,2023-06-21,Equity,15,Nexu Global Ltd,High,"2 post-YC Form D offerings summed: 0001887537-21-000001 $10155001 (2021-09-27), 0001887537-23-000001 $19999967 (2023-06-21)",2026-10-01T01:05:53Z
isabl,Isabl,Winter 2020,No evidence found,,,,,,,,,,,,,,,,,,"Unverified Form D by same-named person: Lalo Services, Inc. 0001878405-21-000001 sold 120000 (first sale 2021-08-06, Bothell); likely a different person. Checked: no post-YC Form D matching the founders; no funding statement on website (4 pages) or YC page. LinkedIn/X/Crunchbase need a logged-in browser.",2026-10-01T01:05:53Z
openbiome,OpenBiome,Winter 2020,No evidence found,,,,,,,,,,,,,,,,,,Checked: no post-YC Form D matching the founders; no funding statement on website (5 pages) or YC page. LinkedIn/X/Crunchbase need a logged-in browser.,2026-10-01T01:05:51Z
angle-health,Angle Health,Winter 2020,Yes,600000000,,,,2,Company website,https://www.anglehealth.com,Angle Health Raises $600 Million at a $2.7 Billion Valuation to Continue Expanding Affordable Healthcare Access for Small Businesses .,,,,,,,,,High,Round date not stated on the source page; assumed post-YC because it is presented as current news. No matching post-YC Form D found.,2026-10-01T01:05:53Z
raycast,Raycast,Winter 2020,Yes,15000000,Series A,,Accel and Coatue.,2,Company website,https://www.raycast.com/blog/series-a,We're excited to announce that we've raised $15 million in Series A funding led by Accel and Coatue.,,,,,,,,,High,"Unverified Form D by same-named person: Mercury Fan, Inc. 0001896088-21-000001 sold 500 (first sale 2021-11-22, Boston); likely a different person. Unverified Form D by same-named person: Mercury Fan, Inc. 0001896088-21-000002 sold 2000000 (first sale 2021-11-23, Boston); likely a different person. Unverified Form D by same-named person: Mercury Fan, Inc. 0001896088-21-000003 sold 2025000 (first sale 2021-11-23, Boston); likely a different person. Unverified Form D by same-named person: Mercury Fan, Inc. 0001896088-22-000001 sold 2175000 (first sale 2021-11-23, Boston); likely a different person. Unverified Form D by same-named person: Mercury Fan, Inc. 0001896088-22-000003 sold 1850000 (first sale 2021-03-25, Boston); likely a different person. Round date not stated on the source page; assumed post-YC because it is presented as current news. No matching post-YC Form D found.",2026-10-01T01:06:08Z
pahamify,Pahamify,Winter 2020,No evidence found,,,,,,,,,,,,,,,,,,Checked: no post-YC Form D matching the founders; no funding statement on website (3 pages) or YC page. LinkedIn/X/Crunchbase need a logged-in browser. National register for ID not checked.,2026-10-01T01:05:56Z
hiresweet,HireSweet,Winter 2020,No evidence found,,,,,,,,,,,,,,,,,,Checked: no post-YC Form D matching the founders; no funding statement on website (3 pages) or YC page. LinkedIn/X/Crunchbase need a logged-in browser. National register for FR not checked.,2026-10-01T01:05:56Z
spenny,Spenny,Winter 2020,No evidence found,,,,,,,,,,,,,,,,,,Checked: no post-YC Form D matching the founders; no funding statement on website (9 pages) or YC page. LinkedIn/X/Crunchbase need a logged-in browser. National register for IN not checked.,2026-10-01T01:05:55Z
edurev,EduRev,Winter 2020,No evidence found,,,,,,,,,,,,,,,,,,Checked: no post-YC Form D matching the founders; no funding statement on website (2 pages) or YC page. LinkedIn/X/Crunchbase need a logged-in browser. National register for IN not checked.,2026-10-01T01:05:57Z
bikry,Bikry,Winter 2020,No evidence found,,,,,,,,,,,,,,,,,,Checked: no post-YC Form D matching the founders; no funding statement on website (1 pages) or YC page. LinkedIn/X/Crunchbase need a logged-in browser. National register for IN not checked.,2026-10-01T01:05:59Z
hiration,Hiration,Winter 2020,No evidence found,,,,,,,,,,,,,,,,,,Checked: no post-YC Form D matching the founders; no funding statement on website (2 pages) or YC page. LinkedIn/X/Crunchbase need a logged-in browser. National register for IN not checked.,2026-10-01T01:06:00Z
zeo-route-planner,Zeo Route Planner,Winter 2020,No evidence found,,,,,,,,,,,,,,,,,,Checked: no post-YC Form D matching the founders; no funding statement on website (2 pages) or YC page. LinkedIn/X/Crunchbase need a logged-in browser.,2026-10-01T01:06:01Z
morphle-labs,Morphle Labs,Winter 2020,No evidence found,,,,,,,,,,,,,,,,,,Checked: no post-YC Form D matching the founders; no funding statement on website (3 pages) or YC page. LinkedIn/X/Crunchbase need a logged-in browser. National register for IN not checked.,2026-10-01T01:05:59Z
tagmango,TagMango,Winter 2020,No evidence found,,,,,,,,,,,,,,,,,,Checked: no post-YC Form D matching the founders; no funding statement on website (11 pages) or YC page. LinkedIn/X/Crunchbase need a logged-in browser. National register for IN not checked.,2026-10-01T01:06:03Z
farmtheory,farmtheory,Winter 2020,No evidence found,,,,,,,,,,,,,,,,,,"Unverified Form D by same-named person: ATI Motors Inc. 0001567619-23-007405 sold 6867560 (first sale 2023-06-05, Milpitas); likely a different person. Unverified Form D by same-named person: ATI Motors Inc. 0001987496-25-000002 sold 17408839 (first sale 2024-12-19, Rochester Hills); likely a different person. Checked: no post-YC Form D matching the founders; no funding statement on website (2 pages) or YC page. LinkedIn/X/Crunchbase need a logged-in browser. National register for IN not checked.",2026-10-01T01:06:05Z
urbankisaan,UrbanKisaan,Winter 2020,No evidence found,,,,,,,,,,,,,,,,,,Checked: no post-YC Form D matching the founders; no funding statement on website (10 pages) or YC page. LinkedIn/X/Crunchbase need a logged-in browser. National register for IN not checked.,2026-10-01T01:06:04Z
stayqrious,StayQrious,Winter 2020,No evidence found,,,,,,,,,,,,,,,,,,Checked: no post-YC Form D matching the founders; no funding statement on website (3 pages) or YC page. LinkedIn/X/Crunchbase need a logged-in browser. National register for IN not checked.,2026-10-01T01:06:05Z
kosh,Kosh,Winter 2020,No evidence found,,,,,,,,,,,,,,,,,,Checked: no post-YC Form D matching the founders; no funding statement on website (10 pages) or YC page. LinkedIn/X/Crunchbase need a logged-in browser. National register for IN not checked.,2026-10-01T01:06:07Z
upflow,Upflow,Winter 2020,No evidence found,,,,,,,,,,,,,,,,,,Checked: no post-YC Form D matching the founders; no funding statement on website (4 pages) or YC page. LinkedIn/X/Crunchbase need a logged-in browser. National register for FR not checked.,2026-10-01T01:06:05Z
postera,PostEra,Winter 2020,Yes,26054972,Equity (per Form D; stage not stated),2021-12-31,,1,SEC Form D,https://www.sec.gov/Archives/edgar/data/1904407/000190440722000002/primary_doc.xml,totalAmountSold: 26054972; totalOfferingAmount: 27530000; dateOfFirstSale: 2021-12-31,0001904407,0001904407-22-000002,26054972,27530000,2021-12-31,Equity,21,PostEra Inc.,High,"Unverified Form D by same-named person: Rampart Communications, Inc. 0001977421-23-000001 sold 5000000 (first sale 2023-04-25, Linthicum Heights); likely a different person. Unverified Form D by same-named person: Archemont Ironstone, LLC 0002022698-24-000002 sold 12327737 (first sale 2024-04-26, Menlo Park); likely a different person. Unverified Form D by same-named person: Juniper Health Systems, Inc 0002035967-24-000001 sold 0 (first sale yetToOccur, Baltimore); likely a different person. Unverified Form D by same-named person: Juniper Health Systems, Inc 0002035967-25-000001 sold 25000 (first sale 2025-03-26, Baltimore); likely a different person. Unverified Form D by same-named person: Featherglass Health, Inc. 0002035967-26-000001 sold 25000 (first sale 2026-09-03, Baltimore); likely a different person. Tier 2 source states $1Bn (https://www.ycombinator.com/companies/postera); Form D figure kept.",2026-10-01T01:06:22Z
skypher,Skypher,Winter 2020,No evidence found,,,,,,,,,,,,,,,,,,Checked: no post-YC Form D matching the founders; no funding statement on website (5 pages) or YC page. LinkedIn/X/Crunchbase need a logged-in browser.,2026-10-01T01:06:08Z
junction,Junction,Winter 2020,Yes,18000000,,,,2,Company website,https://www.junction.com/blog,Big news—We've raised $18 million to modernize healthcare's infrastructure and power the future of personalized healthcare..,,,,,,,,,High,Round date not stated on the source page; assumed post-YC because it is presented as current news. No matching post-YC Form D found.,2026-10-01T01:06:24Z
jitter,Jitter,Winter 2020,No evidence found,,,,,,,,,,,,,,,,,,Checked: no post-YC Form D matching the founders; no funding statement on website (10 pages) or YC page. LinkedIn/X/Crunchbase need a logged-in browser. National register for FR not checked.,2026-10-01T01:06:11Z
aios,AIOS,Winter 2020,No evidence found,,,,,,,,,,,,,,,,,,Checked: no post-YC Form D matching the founders; no funding statement on website (1 pages) or YC page. LinkedIn/X/Crunchbase need a logged-in browser.,2026-10-01T01:06:09Z
posthog,PostHog,Winter 2020,Yes,15000000,,2021-06-10,,4,Press (linked from YC company page),https://venturebeat.com/2021/06/10/open-source-product-analytics-platform-posthog-raises-15m/,Open source product analytics platform PostHog raises $15M | VentureBeat,,,,,,,,,Medium,No matching post-YC Form D found.,2026-10-01T01:06:14Z
riot,Riot,Winter 2020,Yes,37297808,Series B (Equity per Form D),2023-01-12,,1,SEC Form D,https://www.sec.gov/Archives/edgar/data/1958511/000195851124000001/primary_doc.xml,totalAmountSold: 27597597; totalOfferingAmount: 27597597; dateOfFirstSale: 2024-11-05,0001958511,0001958511-24-000001,27597597,27597597,2024-11-05,Equity,9,"Riot Security, Inc.",High,"2 post-YC Form D offerings summed: 0001958511-23-000001 $9700211 (2023-01-12), 0001958511-24-000001 $27597597 (2024-11-05)",2026-10-01T01:06:25Z
modernbanc,Modernbanc,Winter 2020,No evidence found,,,,,,,,,,,,,,,,,,Checked: no post-YC Form D matching the founders; no funding statement on website (0 pages) or YC page. LinkedIn/X/Crunchbase need a logged-in browser.,2026-10-01T01:06:12Z
revenir,Revenir,Winter 2020,Yes,,Seed,,,2,Company website,https://www.revenir.ai/about-us/,"incubator which supported a seed round in 2022 , raising £2.5 million.",,,,,,,,,High,Amount stated as £2.5 million (not converted to USD). Round date not stated on the source page; assumed post-YC because it is presented as current news. No matching post-YC Form D found.,2026-10-01T01:06:13Z
todesktop,ToDesktop,Winter 2020,No evidence found,,,,,,,,,,,,,,,,,,Checked: no post-YC Form D matching the founders; no funding statement on website (4 pages) or YC page. LinkedIn/X/Crunchbase need a logged-in browser. National register for IE not checked.,2026-10-01T01:06:13Z
candid-health,Candid Health,Winter 2020,Yes,104873634,Equity (per Form D; stage not stated),2026-06-03,,1,SEC Form D,https://www.sec.gov/Archives/edgar/data/2144950/000149315226034271/primary_doc.xml,totalAmountSold: 104873634; totalOfferingAmount: Indefinite; dateOfFirstSale: 2026-06-03,0002144950,0001493152-26-034271,104873634,Indefinite,2026-06-03,Equity,12,"Candid Group, Inc.",High,Tier 4 source states $52.5M (https://techcrunch.com/2025/02/12/six-months-after-raising-29m-candid-health-nabs-another-52-5m-to-ease-medical-billing/); Form D figure kept.,2026-10-01T01:06:16Z
kinter,Kinter,Winter 2020,Yes,27000000,,2022-03-01,,4,Press (linked from YC company page),https://www.forbes.com/sites/stevenli1/2022/03/01/she-raised-27-million-after-dropping-out-of-harvard-and-built-an-ecommerce-software-company-now-serving-some-of-the-worlds-top-brands/?sh=4c4dfa8339b1,She Raised $27 Million After Dropping Out Of Harvard And Built An eCommerce Software Company Now Serving Some Of The World’s Top Brands,,,,,,,,,Medium,"Unverified Form D by same-named person: Alloy Automation Inc 0001922351-22-000001 sold 20657498 (first sale 2022-04-01, Buffalo); likely a different person. Other stated figure: $20 million (https://www.axios.com/alloy-raises-20-million-a16z-andreessen-horowitz-zapier-b4149a9f-bec1-46b0-9427-9fd0abda1fe6.html). No matching post-YC Form D found.",2026-10-01T01:06:17Z
quill,Quill,Winter 2020,No evidence found,,,,,,,,,,,,,,,,,,Checked: no post-YC Form D matching the founders; no funding statement on website (10 pages) or YC page. LinkedIn/X/Crunchbase need a logged-in browser.,2026-10-01T01:06:18Z
vori,Vori,Winter 2020,Yes,22000000,,,,2,Company website,https://www.vori.com/newsroom,Vori Raises $22M to Build the Operating System for the World’s Grocery Stores.,,,,,,,,,High,"Unverified Form D by same-named person: Income Laboratory, Inc. 0001577600-20-000003 sold 419995 (first sale 2020-12-11, Denver); likely a different person. Unverified Form D by same-named person: Income Laboratory, Inc. 0001818156-21-000001 sold 1659979 (first sale 2020-12-11, Denver); likely a different person. Unverified Form D by same-named person: Income Laboratory, Inc. 0001818156-22-000003 sold 1850000 (first sale 2022-03-31, Golden); likely a different person. Unverified Form D by same-named person: Income Laboratory, Inc. 0001818156-23-000001 sold 550185 (first sale 2023-06-30, Golden); likely a different person. Unverified Form D by same-named person: Income Laboratory, Inc. 0001818156-25-000001 sold 1546834 (first sale 2025-01-28, Golden); likely a different person. Unverified Form D by same-named person: Income Laboratory, Inc. 0001818156-25-000002 sold 3792430 (first sale 2025-01-28, Golden); likely a different person. Round date not stated on the source page; assumed post-YC because it is presented as current news. No matching post-YC Form D found.",2026-10-01T01:06:32Z
buildbuddy,BuildBuddy,Winter 2020,No evidence found,,,,,,,,,,,,,,,,,,"Unverified Form D by same-named person: Digs, Inc./WA 0001934730-25-000004 sold 3358997 (first sale 2025-03-31, Vancouver); likely a different person. Unverified Form D by same-named person: Digs, Inc./WA 0001934730-25-000005 sold 4342274 (first sale 2025-03-31, Vancouver); likely a different person. Checked: no post-YC Form D matching the founders; no funding statement on website (5 pages) or YC page. LinkedIn/X/Crunchbase need a logged-in browser.",2026-10-01T01:06:34Z
release,Release,Winter 2020,Yes,20000000,,2021-10-05,,4,Press (linked from YC company page),https://venturebeat.com/2021/10/05/environments-as-a-service-platform-releasehub-raises-20m/,Environments-as-a-service platform ReleaseHub raises $20M | VentureBeat,,,,,,,,,Medium,No matching post-YC Form D found.,2026-10-01T01:06:25Z
cortex,Cortex,Winter 2020,Yes,60000000,Series C,,,2,Company website,https://www.cortex.io/press,Cortex Raises $60M in Series C Funding.,,,,,,,,,High,Round date not stated on the source page; assumed post-YC because it is presented as current news. Other stated figure: $35M (https://techcrunch.com/2023/05/31/cortex-raises-35m-series-b-for-its-internal-developer-portal/). No matching post-YC Form D found.,2026-10-01T01:06:38Z
querypie-ai,QueryPie AI,Winter 2020,No evidence found,,,,,,,,,,,,,,,,,,Checked: no post-YC Form D matching the founders; no funding statement on website (7 pages) or YC page. LinkedIn/X/Crunchbase need a logged-in browser. National register for KR not checked.,2026-10-01T01:06:21Z
ello,Ello,Winter 2020,Yes,15000000,,2023-09-07,,4,Press (linked from YC company page),https://techcrunch.com/2023/09/07/ai-reading-coach-startup-ello-raises-15-million-to-bolster-child-literacy/,AI reading coach startup Ello raises $15M to bolster child literacy | TechCrunch,,,,,,,,,Medium,No matching post-YC Form D found.,2026-10-01T01:06:27Z
turing-labs-inc,Turing Labs Inc.,Winter 2020,Yes,18224986,Equity (per Form D; stage not stated),2020-05-29,,1,SEC Form D,https://www.sec.gov/Archives/edgar/data/1818519/000181851922000001/primary_doc.xml,totalAmountSold: 16474988; totalOfferingAmount: 16499988; dateOfFirstSale: 2021-12-16,0001818519,0001818519-22-000001,16474988,16499988,2021-12-16,Equity,6,Turing Labs Inc.,High,"2 post-YC Form D offerings summed: 0001818519-20-000001 $1749998 (2020-05-29), 0001818519-22-000001 $16474988 (2021-12-16) Form D clarification: Series A Preferred Stock and the underlying Common Stock issuable upon conversion thereof.",2026-10-01T01:06:28Z
altay-therapeutics,Altay Therapeutics,Winter 2020,No evidence found,,,,,,,,,,,,,,,,,,Checked: no post-YC Form D matching the founders; no funding statement on website (1 pages) or YC page. LinkedIn/X/Crunchbase need a logged-in browser.,2026-10-01T01:06:34Z
general-proximity,General Proximity,Winter 2020,Yes,8000000,Seed,,,2,Company website,https://www.generalproximity.bio/news,"Drug discovery platform General Proximity raised an $8 million seed, CEO Armand Cognetta tells Axios exclusively..",,,,,,,,,High,Round date not stated on the source page; assumed post-YC because it is presented as current news. No matching post-YC Form D found.,2026-10-01T01:06:32Z
medicare-vox-fka-fair-square,Medicare Vox (fka Fair Square),Winter 2020,Yes,15000000,,2022-08-25,,4,Press (linked from YC company page),https://www.axios.com/pro/health-tech-deals/2022/08/25/fair-square-medicare-raises-15-million-navigation,Fair Square Medicare raises $15M to help seniors navigate insurance,,,,,,,,,Medium,No matching post-YC Form D found.,2026-10-01T01:06:30Z
plura,Plura (formerly Bloom Community),Winter 2020,No evidence found,,,,,,,,,,,,,,,,,,Checked: no post-YC Form D matching the founders; no funding statement on website (6 pages) or YC page. LinkedIn/X/Crunchbase need a logged-in browser.,2026-10-01T01:06:29Z
tienda-crypto,Tienda Crypto,Winter 2020,No evidence found,,,,,,,,,,,,,,,,,,Checked: no post-YC Form D matching the founders; no funding statement on website (1 pages) or YC page. LinkedIn/X/Crunchbase need a logged-in browser. National register for AR not checked.,2026-10-01T01:25:07Z
logarithm-labs,Logarithm Labs,Winter 2020,No evidence found,,,,,,,,,,,,,,,,,,Checked: no post-YC Form D matching the founders; no funding statement on website (3 pages) or YC page. LinkedIn/X/Crunchbase need a logged-in browser.,2026-10-01T01:06:33Z
operatorio,Operator.io,Winter 2020,No evidence found,,,,,,,,,,,,,,,,,,"Unverified Form D by same-named person: Bold Wash Holdings, LLC 0001877312-21-000001 sold 0 (first sale yetToOccur, Greenwich); likely a different person. Checked: no post-YC Form D matching the founders; no funding statement on website (8 pages) or YC page. LinkedIn/X/Crunchbase need a logged-in browser.",2026-10-01T01:06:37Z
signadot,Signadot,Winter 2020,Yes,4000000,,2022-08-30,Redpoint Ventures,4,Press (linked from YC company page),https://www.prnewswire.com/news-releases/y-combinator-alum-signadot-raises-4m-led-by-redpoint-ventures-to-reimagine-microservices-testing-on-kubernetes-301488164.html,Y Combinator Alum Signadot raises $4M led by Redpoint Ventures to Reimagine Microservices Testing on Kubernetes,,,,,,,,,Medium,No matching post-YC Form D found.,2026-10-01T01:06:34Z
fly-io,Fly.io,Winter 2020,Yes,70000000,,,EQT Ventures.,2,Company website,https://fly.io/blog/,"Recently, we raised an additional $70MM led by EQT Ventures.",,,,,,,,,High,Round date not stated on the source page; assumed post-YC because it is presented as current news. No matching post-YC Form D found.,2026-10-01T01:06:38Z
grain,Grain,Winter 2020,Yes,16599788,Equity (per Form D; stage not stated),2022-12-23,,1,SEC Form D,https://www.sec.gov/Archives/edgar/data/1963382/000196338223000001/primary_doc.xml,totalAmountSold: 16599788; totalOfferingAmount: 18499800; dateOfFirstSale: 2022-12-23,0001963382,0001963382-23-000001,16599788,18499800,2022-12-23,Equity,70,"Grain Technology, Inc.",High,"Form D clarification: Includes Series Seed, Series Seed-1, Series Seed-2, Series Seed-3, Series Seed-4, Series Seed-5, Series Seed-6, and Series Seed-7 Preferred Stock Shares.",2026-10-01T01:07:24Z
startplaying-games,StartPlaying.Games,Winter 2020,No evidence found,,,,,,,,,,,,,,,,,,Checked: no post-YC Form D matching the founders; no funding statement on website (1 pages) or YC page. LinkedIn/X/Crunchbase need a logged-in browser.,2026-10-01T01:06:36Z
benepass,Benepass,Winter 2020,Yes,74584982,Series B (Equity per Form D),2020-04-21,,1,SEC Form D,https://www.sec.gov/Archives/edgar/data/1813674/000181367425000003/primary_doc.xml,totalAmountSold: 39999997; totalOfferingAmount: 39999997; dateOfFirstSale: 2025-11-21,0001813674,0001813674-25-000003,39999997,39999997,2025-11-21,Equity,5,"BenePass, Inc.",High,"4 post-YC Form D offerings summed: 0001813674-20-000001 $2549997 (2020-04-21), 0001813674-21-000001 $12034999 (2021-07-23), 0001813674-24-000001 $19999989 (2023-12-22), 0001813674-25-000003 $39999997 (2025-11-21) Tier 2 source states $40M (https://getbenepass.com/); Form D figure kept.",2026-10-01T01:06:48Z
eze,Eze,Winter 2020,Yes,500000,OptionToAcquire (per Form D; stage not stated),2022-12-09,,1,SEC Form D,https://www.sec.gov/Archives/edgar/data/1959509/000195837522000002/primary_doc.xml,totalAmountSold: 500000; totalOfferingAmount: 500000; dateOfFirstSale: 2022-12-09,0001959509,0001958375-22-000002,500000,500000,2022-12-09,OptionToAcquire,2,Eze Technologies Inc.,High,,2026-10-01T01:06:45Z
infield,Infield,Winter 2020,Yes,2935998,Equity (per Form D; stage not stated),2023-02-15,,1,SEC Form D,https://www.sec.gov/Archives/edgar/data/1970137/000197013723000001/primary_doc.xml,totalAmountSold: 2935998; totalOfferingAmount: 2935998; dateOfFirstSale: 2023-02-15,0001970137,0001970137-23-000001,2935998,2935998,2023-02-15,Equity,22,"Infield, Inc.",High,,2026-10-01T01:06:39Z
farcast,Farcast,Winter 2020,Yes,15586998,Equity (per Form D; stage not stated),2022-12-22,,1,SEC Form D/A,https://www.sec.gov/Archives/edgar/data/1960263/000196026325000004/primary_doc.xml,totalAmountSold: 15586998; totalOfferingAmount: 23586995; dateOfFirstSale: 2022-12-22,0001960263,0001960263-25-000004,15586998,23586995,2022-12-22,Equity,25,Farcast Corp.,High,"Unverified Form D by same-named person: UTVATE Corp 0001960263-22-000001 sold 12006313 (first sale 2022-12-22, San Francisco); likely a different person.",2026-10-01T01:06:40Z
sinai,SINAI,Winter 2020,Yes,13318586,Equity (per Form D; stage not stated),2021-03-24,,1,SEC Form D,https://www.sec.gov/Archives/edgar/data/1855297/000185529722000001/primary_doc.xml,totalAmountSold: 13318586; totalOfferingAmount: 13318595; dateOfFirstSale: 2021-03-24,0001855297,0001855297-22-000001,13318586,13318595,2021-03-24,Equity,36,SINAI Technologies Inc.,High,"Form D clarification: ""Total Amount Sold"" includes $3,773,600 of Series A-2, Series A-3, Series A-4, Series A-5,
Series A-6 and Series A-7 Preferred Stock issued upon conversion of Convertible Notes.",2026-10-01T01:06:43Z
haven,Haven,Winter 2020,Yes,7514997,Equity (per Form D; stage not stated),2021-05-04,,1,SEC Form D,https://www.sec.gov/Archives/edgar/data/1859536/000185953621000002/primary_doc.xml,totalAmountSold: 5514997; totalOfferingAmount: 5514997; dateOfFirstSale: 2021-05-04,0001859536,0001859536-21-000002,5514997,5514997,2021-05-04,Equity,38,"Haven Servicing, Inc.",High,"2 post-YC Form D offerings summed: 0001859536-21-000002 $5514997 (2021-05-04), 0001859536-22-000001 $2000000 (2022-09-19)",2026-10-01T01:06:54Z
datasaur,Datasaur,Winter 2020,Yes,8000000,,,,2,Company website,https://datasaur.ai/about,"Datasaur has raised $8m in venture funding from top-tier investors such as Initialized Capital, Greg Brockman (President, OpenAI) and Calvin French-Owen (CTO, Segment) and",,,,,,,,,High,"Unverified Form D by same-named person: Atomo Coffee, Inc. 0001908234-25-000002 sold 7848602 (first sale 2024-12-24, Seattle); likely a different person. Round date not stated on the source page; assumed post-YC because it is presented as current news. No matching post-YC Form D found.",2026-10-01T01:06:41Z
aden,Aden,Winter 2020,No evidence found,,,,,,,,,,,,,,,,,,Checked: no post-YC Form D matching the founders; no funding statement on website (4 pages) or YC page. LinkedIn/X/Crunchbase need a logged-in browser.,2026-10-01T01:06:44Z
h1,H1,Winter 2020,Yes,271036555,Equity (per Form D; stage not stated),2020-12-11,,1,SEC Form D/A,https://www.sec.gov/Archives/edgar/data/1837632/000123191922000036/primary_doc.xml,totalAmountSold: 120963387; totalOfferingAmount: 133811023; dateOfFirstSale: 2021-11-15,0001837632,0001231919-22-000036,120963387,133811023,2021-11-15,Equity,23,"H1 Insights, Inc.",High,"3 post-YC Form D offerings summed: 0001231919-20-000084 $55069626 (2020-12-11), 0001231919-22-000036 $120963387 (2021-11-15), 0001837632-24-000001 $95003542 (2024-12-19) Form D clarification: The amount sold includes $18,811,277.89 issued upon exchange/conversion of outstanding Company securities. Form D amended to increase Total Offering Amount by $34,999,842. Tier 4 source states $100 Million (https://www.forbes.com/sites/katiejennings/2021/11/16/this-startup-raised-100-million-in-bid-to-power-all-doctor-information-on-the-internet/?sh=406f490c6a24); Form D figure kept.",2026-10-01T01:06:54Z
handoff,Handoff,Winter 2020,Yes,5800000,,,,2,Company website,https://www.handoff.ai/blog,Handoff Raises $5.8M to Help Contractors Automate Their Businesses and Build Better Homes .,,,,,,,,,High,Round date not stated on the source page; assumed post-YC because it is presented as current news. No matching post-YC Form D found.,2026-10-01T01:06:43Z
deep-meditate,Deep Meditate,Winter 2020,No evidence found,,,,,,,,,,,,,,,,,,Checked: no post-YC Form D matching the founders; no funding statement on website (1 pages) or YC page. LinkedIn/X/Crunchbase need a logged-in browser. National register for CA not checked.,2026-10-01T01:06:46Z
ditto,Ditto,Winter 2020,Yes,12200000,Series A,,Craft Ventures.,2,Company website,https://www.dittowords.com/blog,Ditto raises $12.2M Series A led by Craft Ventures.,,,,,,,,,High,Round date not stated on the source page; assumed post-YC because it is presented as current news. No matching post-YC Form D found.,2026-10-01T01:06:50Z
perceptive-technologies,Perceptive Technologies,Winter 2020,Yes,30000000,,2024-07-30,,4,Press (linked from YC company page),https://www.statnews.com/2024/07/30/dental-ai-robotics-startup-perceptive-ed-zuckerberg/,"AI startup raises $30 million, including from Mark Zuckerberg’s dad",,,,,,,,,Medium,"Unverified Form D by same-named person: PsiloTec Health Solutions Inc. 0001848195-21-000001 sold 39420 (first sale 2021-02-16, Calgary); likely a different person. Unverified Form D by same-named person: PsiloTec Health Solutions Inc. 0001848195-21-000002 sold 482726 (first sale 2021-04-14, Calgary); likely a different person. Unverified Form D by same-named person: Normunity Holding Company, LLC 0001904252-22-000001 sold 45863302 (first sale 2022-01-11, Westport); likely a different person. Other stated figure: $15M (https://techcrunch.com/2022/10/17/cyberdontics-raises-15m-for-robotic-root-canals/). No matching post-YC Form D found.",2026-10-01T01:07:33Z
tough-commerce,Tough Commerce,Winter 2020,Yes,2000000,,2023-05-15,,4,Press (linked from YC company page),https://finance.yahoo.com/news/brokrete-rebrands-tough-commerce-adds-140000987.html,"Brokrete Rebrands to Tough Commerce, Adds $2M CAD in Funding and Announces Former Shopify Leader as Investor & Board Member",,,,,,,,,Medium,No matching post-YC Form D found.,2026-10-01T01:06:48Z
openunit,OpenUnit,Winter 2020,Yes,1000000,Seed,,,2,Company website,https://www.openunit.com/press,"OpenUnit Closes $1 Million Seed Round with Investment from Garage Capital, Advisors Fund and Insite Property Group - Toronto, CA, May 21, 2020.",,,,,,,,,High,Round date not stated on the source page; assumed post-YC because it is presented as current news. No matching post-YC Form D found.,2026-10-01T01:06:48Z
taiv,Taiv,Winter 2020,Yes,16500000,Series A,,IDC Ventures,2,Company website,https://www.taiv.tv/blog/,"News Announcing Our Series A Taiv has raised $16.5M across two rounds, led by IDC Ventures, to scale the next wave of business television",,,,,,,,,High,"Unverified Form D by same-named person: Volcon, Inc. 0001200876-22-000030 sold 27173913 (first sale 2022-08-24, Round Rock); likely a different person. Round date not stated on the source page; assumed post-YC because it is presented as current news. No matching post-YC Form D found.",2026-10-01T01:06:56Z
yearend,yearend,Winter 2020,No evidence found,,,,,,,,,,,,,,,,,,Checked: no post-YC Form D matching the founders; no funding statement on website (0 pages) or YC page. LinkedIn/X/Crunchbase need a logged-in browser.,2026-10-01T01:06:52Z
letterdrop,Letterdrop,Winter 2020,No evidence found,,,,,,,,,,,,,,,,,,Checked: no post-YC Form D matching the founders; no funding statement on website (5 pages) or YC page. LinkedIn/X/Crunchbase need a logged-in browser.,2026-10-01T01:06:50Z
explo,Explo,Winter 2020,No evidence found,,,,,,,,,,,,,,,,,,"Unverified Form D by same-named person: Virtual Kitchen Co. 0001778911-20-000002 sold 19899995 (first sale 2020-08-25, San Francisco); likely a different person. Unverified Form D by same-named person: Maven Learning, Inc. 0001831893-21-000006 sold 20391010 (first sale 2021-05-19, Austin); likely a different person. Unverified Form D by same-named person: Z League Inc 0001834214-21-000001 sold 13478135 (first sale 2021-05-24, Las Vegas); likely a different person. Unverified Form D by same-named person: Not Just Snacks Inc. 0001785842-21-000001 sold 70099355 (first sale 2021-06-11, Berkeley); likely a different person. Unverified Form D by same-named person: Substack Inc. 0001783191-21-000004 sold 64999928 (first sale 2021-04-28, San Francisco); likely a different person. Unverified Form D by same-named person: Z League Inc 0001834214-21-000002 sold 13478135 (first sale 2021-05-24, Seattle); likely a different person. Unverified Form D by same-named person: All Day Technologies, Inc. 0001778911-21-000004 sold 64999975 (first sale 2021-09-16, South San Francisco); likely a different person. Unverified Form D by same-named person: Substack Inc. 0001947761-23-000002 sold 3288358 (first sale 2023-05-17, San Francisco); likely a different person. Unverified Form D by same-named person: Z League, Inc. 0001834214-26-000005 sold 21429984 (first sale 2025-12-24, Brooklyn); likely a different person. Checked: no post-YC Form D matching the founders; no funding statement on website (4 p",2026-10-01T01:07:08Z
segmed,Segmed,Winter 2020,Yes,10400000,Series A,2024-09-03,,2,Company website,https://www.segmed.ai/news/segmed-secures-10-4-million-series-a-funding-led-by-igan-partners-and-advocate-health,"Segmed Secures $10.4 Million Series A Funding, Led by iGan Partners and Advocate",,,,,,,,,High,No matching post-YC Form D found.,2026-10-01T01:06:56Z
ophelia,Ophelia,Winter 2020,Yes,68360735,Series B (Equity per Form D),2020-04-23,,1,SEC Form D,https://www.sec.gov/Archives/edgar/data/1811186/000181118621000002/primary_doc.xml,totalAmountSold: 49999930; totalOfferingAmount: 49999930; dateOfFirstSale: 2021-12-09,0001811186,0001811186-21-000002,49999930,49999930,2021-12-09,Equity,21,"Ophelia Health, Inc.",High,"3 post-YC Form D offerings summed: 0001811186-20-000001 $3360831 (2020-04-23), 0001811186-21-000001 $14999974 (2021-04-05), 0001811186-21-000002 $49999930 (2021-12-09) Tier 4 source states $50 Million (https://finance.yahoo.com/news/ophelia-raises-50-million-series-141500573.html); Form D figure kept.",2026-10-01T01:06:58Z
mindsdb,MindsDB,Winter 2020,No evidence found,,,,,,,,,,,,,,,,,,Checked: no post-YC Form D matching the founders; no funding statement on website (4 pages) or YC page. LinkedIn/X/Crunchbase need a logged-in browser.,2026-10-01T01:06:57Z
pulley,Pulley,Winter 2020,No evidence found,,,,,,,,,,,,,,,,,,Checked: no post-YC Form D matching the founders; no funding statement on website (10 pages) or YC page. LinkedIn/X/Crunchbase need a logged-in browser.,2026-10-01T01:06:59Z
polytomic,Polytomic,Winter 2020,No evidence found,,,,,,,,,,,,,,,,,,Checked: no post-YC Form D matching the founders; no funding statement on website (10 pages) or YC page. LinkedIn/X/Crunchbase need a logged-in browser.,2026-10-01T01:06:59Z
stratumai,StratumAI,Winter 2020,No evidence found,,,,,,,,,,,,,,,,,,Checked: no post-YC Form D matching the founders; no funding statement on website (3 pages) or YC page. LinkedIn/X/Crunchbase need a logged-in browser. National register for CA not checked.,2026-10-01T01:06:59Z
alude,Alude,Winter 2020,Yes,3300974,Equity (per Form D; stage not stated),2020-08-07,,1,SEC Form D,https://www.sec.gov/Archives/edgar/data/1822327/000182232720000001/primary_doc.xml,totalAmountSold: 3300974; totalOfferingAmount: 3300974; dateOfFirstSale: 2020-08-07,0001822327,0001822327-20-000001,3300974,3300974,2020-08-07,Equity,25,Alude Holdings Ltd.,High,,2026-10-01T01:07:01Z
abalone-bio,Abalone Bio,Winter 2020,No evidence found,,,,,,,,,,,,,,,,,,Checked: no post-YC Form D matching the founders; no funding statement on website (3 pages) or YC page. LinkedIn/X/Crunchbase need a logged-in browser.,2026-10-01T01:07:02Z
breezeful,Breezeful,Winter 2020,No evidence found,,,,,,,,,,,,,,,,,,Checked: no post-YC Form D matching the founders; no funding statement on website (5 pages) or YC page. LinkedIn/X/Crunchbase need a logged-in browser. National register for CA not checked.,2026-10-01T01:07:02Z
paragon,Paragon,Winter 2020,Yes,13000000,Bridge,2022-08-01,,4,Press (linked from YC company page),https://www.forbes.com/sites/frederickdaso/2022/08/01/embedded-integration-platform-paragon-raises-13m-to-become-plaid-for-the-software-ecosystem/?sh=30a90191232b,Embedded Integration Platform Paragon Raises $13 Million To Become The Bridge Between Software Applications,,,,,,,,,Medium,"Unverified Form D by same-named person: Forge Technology, Inc 0001939966-22-000001 sold 15620312 (first sale 2022-05-13, Los Angeles); likely a different person. Unverified Form D by same-named person: Forge Technology, Inc 0001939966-24-000001 sold 5502500 (first sale 2024-10-08, Los Angeles); likely a different person. No matching post-YC Form D found.",2026-10-01T01:08:00Z
accord,Accord,Winter 2020,Yes,1000000,Seed,,,2,Company website,https://inaccord.com/company/about,B2B sales platform Accord adds $1M to seed round.,,,,,,,,,High,Round date not stated on the source page; assumed post-YC because it is presented as current news. No matching post-YC Form D found.,2026-10-01T01:07:21Z
kaiten,Kaiten,Winter 2020,No evidence found,,,,,,,,,,,,,,,,,,Checked: no post-YC Form D matching the founders; no funding statement on website (2 pages) or YC page. LinkedIn/X/Crunchbase need a logged-in browser.,2026-10-01T01:07:04Z
flowglad,Flowglad,Winter 2020,No evidence found,,,,,,,,,,,,,,,,,,Checked: no post-YC Form D matching the founders; no funding statement on website (2 pages) or YC page. LinkedIn/X/Crunchbase need a logged-in browser.,2026-10-01T01:07:05Z
karat-financial,Karat Financial,Winter 2020,Yes,70000000,,2023-07-19,,4,Press (linked from YC company page),https://www.forbes.com/sites/emmylucas/2023/07/19/karat-financial-raises-70-million-from-celebs-like-will-smith-and-top-vcs-to-build-a-bank-for-creators-and-artists/?sh=3eff1118794a,Karat Financial Raises $70M From Celebs Like Will Smith And Top VCs To Build A Bank For Creators,,,,,,,,,Medium,"Unverified Form D by same-named person: Soham Inc. 0001774784-20-000001 sold 139999899 (first sale 2020-12-08, Bellevue); likely a different person. Unverified Form D by same-named person: Soham Inc. 0001774784-21-000001 sold 79999786 (first sale 2021-06-02, Bellevue); likely a different person. Unverified Form D by same-named person: CCC Intelligent Solutions Holdings Inc. 0001818201-25-000004 sold 295650000 (first sale 2025-01-06, Chicago); likely a different person. Other stated figure: $26M (https://techcrunch.com/2021/07/01/a-bank-for-the-creator-economy-karat-raises-26m-in-series-a-funding/?tpcc=ECTW2020). No matching post-YC Form D found.",2026-10-01T01:07:28Z
motion,Motion,Winter 2020,Yes,75000000,Series B,,,2,Company website,https://www.usemotion.com/blog/motion-raises-60m-to-build-the-agentic-work-suite-for-businesses,our total raised to $75M and a latest valuation of $550M,,,,,,,,,High,Manual review: $550M is the valuation; total raised is $75M.,2026-10-01T01:07:24Z
facio,Facio,Winter 2020,Yes,20371254,Equity (per Form D; stage not stated),2020-06-12,,1,SEC Form D,https://www.sec.gov/Archives/edgar/data/1815760/000181576024000001/primary_doc.xml,totalAmountSold: 11052800; totalOfferingAmount: 11052800; dateOfFirstSale: 2024-07-29,0001815760,0001815760-24-000001,11052800,11052800,2024-07-29,Equity,31,Facio Holding Ltd.,High,"3 post-YC Form D offerings summed: 0001815760-20-000001 $6968454 (2020-06-12), 0001815760-22-000001 $2350000 (2022-07-08), 0001815760-24-000001 $11052800 (2024-07-29)",2026-10-01T01:07:14Z
loop-health,Loop Health,Winter 2020,Yes,100279812,Equity (per Form D; stage not stated),2020-03-18,,1,SEC Form D,https://www.sec.gov/Archives/edgar/data/1808311/000180831126000003/primary_doc.xml,totalAmountSold: 58811822; totalOfferingAmount: 71374980; dateOfFirstSale: 2026-07-21,0001808311,0001808311-26-000003,58811822,71374980,2026-07-21,Equity,15,"Invoq Health, Inc.",High,"4 post-YC Form D offerings summed: 0001808311-20-000001 $1501500 (2020-03-18), 0001808311-21-000001 $14066495 (2021-09-07), 0001808311-22-000001 $25899995 (2022-04-07), 0001808311-26-000003 $58811822 (2026-07-21) Form D clarification: $21,374,980 is for SAFE conversions",2026-10-01T01:07:13Z
finlens,Finlens,Winter 2020,No evidence found,,,,,,,,,,,,,,,,,,Checked: no post-YC Form D matching the founders; no funding statement on website (1 pages) or YC page. LinkedIn/X/Crunchbase need a logged-in browser.,2026-10-01T01:07:10Z
docvita,DocVita,Winter 2020,No evidence found,,,,,,,,,,,,,,,,,,Checked: no post-YC Form D matching the founders; no funding statement on website (9 pages) or YC page. LinkedIn/X/Crunchbase need a logged-in browser. National register for IN not checked.,2026-10-01T01:07:14Z
genecis-bio,Genecis Bio,Winter 2020,Yes,4851602,Equity (per Form D; stage not stated),2023-01-23,,1,SEC Form D/A,https://www.sec.gov/Archives/edgar/data/1938925/000193892523000002/primary_doc.xml,totalAmountSold: 3250002; totalOfferingAmount: 3250002; dateOfFirstSale: 2023-01-23,0001938925,0001938925-23-000002,3250002,3250002,2023-01-23,Equity,6,Genecis Bioindustries Inc.,High,"3 post-YC Form D offerings summed: 0001938925-23-000002 $3250002 (2023-01-23), 0001938925-24-000001 $851600 (2024-12-18), 0001938925-25-000001 $750000 (2025-06-16) Tier 4 source states $10M (https://www.canadianbiomassmagazine.ca/genecis-raises-10m-to-commercialize-bioplastics-products/); Form D figure kept.",2026-10-01T01:07:20Z
zepto,Zepto,Winter 2021,Yes,665000000,,2024-06-20,,4,Press (linked from YC company page),https://techcrunch.com/2024/06/20/zepto-a-10-minute-delivery-app-raises-665-million-at-3-6-billion-valuation/,"Zepto, a 10-minute delivery app, raises $665 million at $3.6 billion valuation | TechCrunch",,,,,,,,,Medium,No matching post-YC Form D found.,2026-10-01T01:07:17Z
kiwify,Kiwify,Winter 2021,No evidence found,,,,,,,,,,,,,,,,,,Checked: no post-YC Form D matching the founders; no funding statement on website (1 pages) or YC page. LinkedIn/X/Crunchbase need a logged-in browser. National register for BR not checked.,2026-10-01T01:07:18Z
nano-technologies,Nano Technologies,Winter 2021,No evidence found,,,,,,,,,,,,,,,,,,Checked: no post-YC Form D matching the founders; no funding statement on website (2 pages) or YC page. LinkedIn/X/Crunchbase need a logged-in browser. National register for VN not checked.,2026-10-01T01:07:23Z
flux-2,Flux,Winter 2021,No evidence found,,,,,,,,,,,,,,,,,,Checked: no post-YC Form D matching the founders; no funding statement on website (2 pages) or YC page. LinkedIn/X/Crunchbase need a logged-in browser. National register for NG not checked.,2026-10-01T01:07:40Z
meru-com,Meru.com,Winter 2021,No evidence found,,,,,,,,,,,,,,,,,,Checked: no post-YC Form D matching the founders; no funding statement on website (1 pages) or YC page. LinkedIn/X/Crunchbase need a logged-in browser. National register for MX not checked.,2026-10-01T01:07:30Z
humance,Humance,Winter 2021,No evidence found,,,,,,,,,,,,,,,,,,Checked: no post-YC Form D matching the founders; no funding statement on website (1 pages) or YC page. LinkedIn/X/Crunchbase need a logged-in browser.,2026-10-01T01:07:29Z
kanda,Kanda,Winter 2021,No evidence found,,,,,,,,,,,,,,,,,,Checked: no post-YC Form D matching the founders; no funding statement on website (0 pages) or YC page. LinkedIn/X/Crunchbase need a logged-in browser.,2026-10-01T01:07:32Z
ollama,Ollama,Winter 2021,Yes,88000000,,,,2,Company website,https://ollama.com/blog,"Serving 8.9 million developers, Ollama has raised $88M from Benchmark, Theory Ventures, 8VC, Y Combinator, and many incredible angel investors..",,,,,,,,,High,Round date not stated on the source page; assumed post-YC because it is presented as current news. No matching post-YC Form D found.,2026-10-01T01:07:29Z
chorus-sleep,Chorus Sleep,Winter 2021,No evidence found,,,,,,,,,,,,,,,,,,Checked: no post-YC Form D matching the founders; no funding statement on website (1 pages) or YC page. LinkedIn/X/Crunchbase need a logged-in browser.,2026-10-01T01:07:32Z
nextpay,NextPay,Winter 2021,No evidence found,,,,,,,,,,,,,,,,,,Checked: no post-YC Form D matching the founders; no funding statement on website (5 pages) or YC page. LinkedIn/X/Crunchbase need a logged-in browser. National register for PH not checked.,2026-10-01T01:07:32Z
camelan,Camlist,Winter 2021,No evidence found,,,,,,,,,,,,,,,,,,Checked: no post-YC Form D matching the founders; no funding statement on website (0 pages) or YC page. LinkedIn/X/Crunchbase need a logged-in browser.,2026-10-01T01:07:33Z
magicbell,MagicBell,Winter 2021,No evidence found,,,,,,,,,,,,,,,,,,Checked: no post-YC Form D matching the founders; no funding statement on website (5 pages) or YC page. LinkedIn/X/Crunchbase need a logged-in browser. National register for ES not checked.,2026-10-01T01:07:37Z
terra-api,Terra API,Winter 2021,No evidence found,,,,,,,,,,,,,,,,,,Checked: no post-YC Form D matching the founders; no funding statement on website (6 pages) or YC page. LinkedIn/X/Crunchbase need a logged-in browser.,2026-10-01T01:07:33Z
reshape-biotech,Reshape Biotech,Winter 2021,Yes,20000000,Series A,,,2,Company website,https://reshapebiotech.com/blog/unlocking-the-future-of-automated-microbiology,We Have Raised $20m in our Series A.,,,,,,,,,High,Round date not stated on the source page; assumed post-YC because it is presented as current news. No matching post-YC Form D found.,2026-10-01T01:07:37Z
shepherd,Shepherd,Winter 2021,Yes,42000000,Series B,2026-03-24,,2,Company website,https://www.shepherdinsurance.com/blog/behind-our-42m-series-b,"Series B: AI's Physical Layer, and Why We Just Raised $42M to Insure It",,,,,,,,,High,Other stated figure: $6.2M (https://techcrunch.com/2021/09/02/shepherd-raises-6-2m-seed-round-to-tackle-the-construction-insurance-market/). No matching post-YC Form D found.,2026-10-01T01:07:56Z
swiftsku,SwiftSku,Winter 2021,No evidence found,,,,,,,,,,,,,,,,,,Checked: no post-YC Form D matching the founders; no funding statement on website (4 pages) or YC page. LinkedIn/X/Crunchbase need a logged-in browser.,2026-10-01T01:07:36Z
kilobaser,Kilobaser,Winter 2021,No evidence found,,,,,,,,,,,,,,,,,,Checked: no post-YC Form D matching the founders; no funding statement on website (3 pages) or YC page. LinkedIn/X/Crunchbase need a logged-in browser. National register for AT not checked.,2026-10-01T01:07:40Z
my-nextderma,My NextDerma,Winter 2021,No evidence found,,,,,,,,,,,,,,,,,,Checked: no post-YC Form D matching the founders; no funding statement on website (2 pages) or YC page. LinkedIn/X/Crunchbase need a logged-in browser. National register for MX not checked.,2026-10-01T01:07:40Z
h3x-technologies,H3X Technologies,Winter 2021,Yes,29378532,Series A (Equity per Form D),2021-01-13,,1,SEC Form D,https://www.sec.gov/Archives/edgar/data/1935652/000193565224000001/primary_doc.xml,totalAmountSold: 20334312; totalOfferingAmount: 20334312; dateOfFirstSale: 2024-03-04,0001935652,0001935652-24-000001,20334312,20334312,2024-03-04,Equity,25,H3X Technologies Inc.,High,"4 post-YC Form D offerings summed: 0001935652-22-000001 $4294220 (2021-01-13), 0001935652-22-000002 $1750000 (2022-06-03), 0001935652-23-000002 $3000000 (2023-02-16), 0001935652-24-000001 $20334312 (2024-03-04) Tier 2 source states $20M (https://www.h3x.tech/posts/h3x-closes-oversubscribed-20m-series-a-to-advance-revolutionary-electric-motors); Form D figure kept.",2026-10-01T01:07:42Z
bloom-3,Bloom,Winter 2021,No evidence found,,,,,,,,,,,,,,,,,,Checked: no post-YC Form D matching the founders; no funding statement on website (10 pages) or YC page. LinkedIn/X/Crunchbase need a logged-in browser.,2026-10-01T01:08:35Z
clear,Clear,Winter 2021,No evidence found,,,,,,,,,,,,,,,,,,Checked: no post-YC Form D matching the founders; no funding statement on website (2 pages) or YC page. LinkedIn/X/Crunchbase need a logged-in browser.,2026-10-01T01:09:25Z
mayan,Mayan,Winter 2021,Yes,5000000,Series A,2023-03-14,,4,Press (linked from YC company page),https://www.martechcube.com/mayan-raises-5m-series-a-funding/,Mayan raises $5M Series A funding | MarTech Cube,,,,,,,,,Medium,No matching post-YC Form D found.,2026-10-01T01:07:49Z
triomics,Triomics,Winter 2021,Yes,13754980,Equity (per Form D; stage not stated),2022-12-12,,1,SEC Form D,https://www.sec.gov/Archives/edgar/data/1962627/000196262723000003/primary_doc.xml,totalAmountSold: 13754980; totalOfferingAmount: 14135000; dateOfFirstSale: 2022-12-12,0001962627,0001962627-23-000003,13754980,14135000,2022-12-12,Equity,10,"Triomics, Inc.",High,Tier 2 source states $22 million (https://triomics.com/resource-posts/trusted-by-leading-cancer-centers-to-solve-oncologys-information-overload-triomics-raises-22-million-to-accelerate-adoption); Form D figure kept.,2026-10-01T01:07:48Z
arpio,Arpio,Winter 2021,Yes,23840487,Series A (Equity per Form D),2023-07-28,,1,SEC Form D,https://www.sec.gov/Archives/edgar/data/1989412/000198941226000002/primary_doc.xml,totalAmountSold: 15862978; totalOfferingAmount: 15862978; dateOfFirstSale: 2026-02-04,0001989412,0001989412-26-000002,15862978,15862978,2026-02-04,Equity,9,"Arpio, Inc.",High,"2 post-YC Form D offerings summed: 0001989412-23-000001 $7977509 (2023-07-28), 0001989412-26-000002 $15862978 (2026-02-04) Tier 2 source states $15 Million (https://arpio.io); Form D figure kept.",2026-10-01T01:07:47Z
authologic,Authologic,Winter 2021,Yes,8200000,Series A,,,2,Company website,https://authologic.com/about,Try it now We've just raised our $8.2M Series A funding .,,,,,,,,,High,Round date not stated on the source page; assumed post-YC because it is presented as current news. No matching post-YC Form D found.,2026-10-01T01:07:53Z
waydev,Waydev,Winter 2021,No evidence found,,,,,,,,,,,,,,,,,,Checked: no post-YC Form D matching the founders; no funding statement on website (5 pages) or YC page. LinkedIn/X/Crunchbase need a logged-in browser. National register for RO not checked.,2026-10-01T01:07:45Z
nuntius-therapeutics,Nuntius Therapeutics,Winter 2021,No evidence found,,,,,,,,,,,,,,,,,,Checked: no post-YC Form D matching the founders; no funding statement on website (3 pages) or YC page. LinkedIn/X/Crunchbase need a logged-in browser.,2026-10-01T01:07:53Z
moonvalley,Moonvalley,Winter 2021,Yes,68502500,Equity (per Form D; stage not stated),2025-03-20,,1,SEC Form D/A,https://www.sec.gov/Archives/edgar/data/2042742/000202523125000001/primary_doc.xml,totalAmountSold: 68502500; totalOfferingAmount: 68502500; dateOfFirstSale: 2025-03-20,0002042742,0002025231-25-000001,68502500,68502500,2025-03-20,Equity; SecurityToBeAcquired,17,Moonvalley AI Inc.,High,"Unverified Form D by same-named person: Own Alabama, LLC 0001871261-21-000001 sold 100000 (first sale 2021-08-25, Birmingham); likely a different person. Unverified Form D by same-named person: Silverhawk Aviation, Inc. 0001008886-23-000051 sold 1750000 (first sale 2023-03-31, Lincoln); likely a different person. Unverified Form D by same-named person: ContentFly Inc. 0002042742-24-000001 sold 0 (first sale 2024-10-02, Toronto); likely a different person.",2026-10-01T01:08:50Z
hoop-dev,hoop.dev,Winter 2021,No evidence found,,,,,,,,,,,,,,,,,,Checked: no post-YC Form D matching the founders; no funding statement on website (3 pages) or YC page. LinkedIn/X/Crunchbase need a logged-in browser. National register for BR not checked.,2026-10-01T01:07:52Z
djamo,Djamo,Winter 2021,Yes,31109389,Equity (per Form D; stage not stated),2022-08-09,,1,SEC Form D,https://www.sec.gov/Archives/edgar/data/1952394/000195239422000002/primary_doc.xml,totalAmountSold: 13436987; totalOfferingAmount: 14640337; dateOfFirstSale: 2022-08-09,0001952394,0001952394-22-000002,13436987,14640337,2022-08-09,Equity,29,Djamo Inc.,High,"4 post-YC Form D offerings summed: 0001952394-22-000002 $13436987 (2022-08-09), 0001952394-24-000001 $3162000 (2023-11-02), 0001952394-24-000003 $13010402 (2024-11-04), 0001952394-26-000002 $1500000 (2026-07-08) Tier 4 source states $17M (https://techcrunch.com/2025/04/03/djamo-raises-17m-and-has-1m-users-across-francophone-africa/); Form D figure kept.",2026-10-01T01:08:05Z
turing-college,Turing College,Winter 2021,No evidence found,,,,,,,,,,,,,,,,,,Checked: no post-YC Form D matching the founders; no funding statement on website (5 pages) or YC page. LinkedIn/X/Crunchbase need a logged-in browser. National register for LT not checked.,2026-10-01T01:07:57Z
hubuc,HUBUC,Winter 2021,Yes,9871496,Seed (Equity per Form D),2021-12-30,,1,SEC Form D,https://www.sec.gov/Archives/edgar/data/1904908/000190490822000001/primary_doc.xml,totalAmountSold: 9871496; totalOfferingAmount: 9874758; dateOfFirstSale: 2021-12-30,0001904908,0001904908-22-000001,9871496,9874758,2021-12-30,Equity,43,"Hubuc, Inc.",High,,2026-10-01T01:08:00Z
wasp,Wasp,Winter 2021,Yes,1500000,Seed,,Lunar Ventures and HV Capital.,4,Press (linked from YC company page),https://wasp.sh/blog,"5 min read Following YC, Wasp raised $1.5M Seed Round led by Lunar Ventures and HV Capital.",,,,,,,,,Medium,Round date not stated on the source page; assumed post-YC because it is presented as current news. No matching post-YC Form D found.,2026-10-01T01:07:58Z
vendease,Vendease,Winter 2021,Yes,19254761,Equity (per Form D; stage not stated),2022-08-23,,1,SEC Form D,https://www.sec.gov/Archives/edgar/data/1948192/000194819222000001/primary_doc.xml,totalAmountSold: 19254761; totalOfferingAmount: 23184401; dateOfFirstSale: 2022-08-23,0001948192,0001948192-22-000001,19254761,23184401,2022-08-23,Equity,32,Vendease Corp.,High,,2026-10-01T01:08:02Z
jiga,Jiga,Winter 2021,Yes,12000000,Series A,,,2,Company website,https://jiga.io/about-us/,We raised $12M Series A from Aleph and YC..,,,,,,,,,High,Round date not stated on the source page; assumed post-YC because it is presented as current news. No matching post-YC Form D found.,2026-10-01T01:08:02Z
broad,Broad,Winter 2021,No evidence found,,,,,,,,,,,,,,,,,,Checked: no post-YC Form D matching the founders; no funding statement on website (1 pages) or YC page. LinkedIn/X/Crunchbase need a logged-in browser.,2026-10-01T01:08:18Z
estoca,Estoca,Winter 2021,Yes,2619996,Equity (per Form D; stage not stated),2022-12-08,,1,SEC Form D,https://www.sec.gov/Archives/edgar/data/1959664/000195966422000002/primary_doc.xml,totalAmountSold: 2619996; totalOfferingAmount: 7694955; dateOfFirstSale: 2022-12-08,0001959664,0001959664-22-000002,2619996,7694955,2022-12-08,Equity,13,Estoca Holdings Ltd,High,,2026-10-01T01:08:05Z
recover,Recover,Winter 2021,No evidence found,,,,,,,,,,,,,,,,,,Checked: no post-YC Form D matching the founders; no funding statement on website (1 pages) or YC page. LinkedIn/X/Crunchbase need a logged-in browser.,2026-10-01T01:08:09Z
navattic,Navattic,Winter 2021,Yes,4250000,,2022-03-17,,2,Company website,https://www.navattic.com/blog/building-the-future-of-plg,Navattic Raises $4.25M to Build the Future of Product-Led Growth | Navattic,,,,,,,,,High,No matching post-YC Form D found.,2026-10-01T01:08:06Z
upchieve,UPchieve,Winter 2021,No evidence found,,,,,,,,,,,,,,,,,,Checked: no post-YC Form D matching the founders; no funding statement on website (4 pages) or YC page. LinkedIn/X/Crunchbase need a logged-in browser.,2026-10-01T01:08:05Z
somos,Somos,Winter 2021,Yes,40000000,Series B,2026-03-31,,4,Press (linked from YC company page),https://www.upstartsmedia.com/p/somos-internet-raises-40-million,Somos Internet Raises $40M Series B To Expand To Mexico City,,,,,,,,,Medium,No matching post-YC Form D found.,2026-10-01T01:08:15Z
voosh,Voosh,Winter 2021,No evidence found,,,,,,,,,,,,,,,,,,Checked: no post-YC Form D matching the founders; no funding statement on website (3 pages) or YC page. LinkedIn/X/Crunchbase need a logged-in browser. National register for IN not checked.,2026-10-01T01:08:08Z
poliglota,Poliglota,Winter 2021,No evidence found,,,,,,,,,,,,,,,,,,"Unverified Form D by same-named person: WELTHY, INC. 0002150731-26-000001 sold 25000 (first sale 2026-07-20, Miami); likely a different person. Checked: no post-YC Form D matching the founders; no funding statement on website (2 pages) or YC page. LinkedIn/X/Crunchbase need a logged-in browser. National register for CL not checked.",2026-10-01T01:08:14Z
peoplecq,peopleCQ,Winter 2021,No evidence found,,,,,,,,,,,,,,,,,,Checked: no post-YC Form D matching the founders; no funding statement on website (1 pages) or YC page. LinkedIn/X/Crunchbase need a logged-in browser. National register for EG not checked.,2026-10-01T01:08:09Z
axolo,Axolo,Winter 2021,No evidence found,,,,,,,,,,,,,,,,,,Checked: no post-YC Form D matching the founders; no funding statement on website (3 pages) or YC page. LinkedIn/X/Crunchbase need a logged-in browser. National register for FR not checked.,2026-10-01T01:08:11Z
dayra,Dayra,Winter 2021,No evidence found,,,,,,,,,,,,,,,,,,Checked: no post-YC Form D matching the founders; no funding statement on website (10 pages) or YC page. LinkedIn/X/Crunchbase need a logged-in browser. National register for EG not checked.,2026-10-01T01:08:11Z
rethoric,Rethoric,Winter 2021,Yes,1200000,,2022-03-14,,4,Press (linked from YC company page),https://contxto.com/en/startups/fitness-app-wos-raises-us1-2-million-in-its-first-round-of-investment/,Fitness App wOS Raises US$1.2 million in Its First Round of Investment | Contxto,,,,,,,,,Medium,No matching post-YC Form D found.,2026-10-01T01:08:12Z
prospa,Prospa,Winter 2021,No evidence found,,,,,,,,,,,,,,,,,,Checked: no post-YC Form D matching the founders; no funding statement on website (5 pages) or YC page. LinkedIn/X/Crunchbase need a logged-in browser.,2026-10-01T01:08:13Z
jetdocs,Jetdocs,Winter 2021,No evidence found,,,,,,,,,,,,,,,,,,Checked: no post-YC Form D matching the founders; no funding statement on website (1 pages) or YC page. LinkedIn/X/Crunchbase need a logged-in browser. National register for CA not checked.,2026-10-01T01:08:15Z
gigs,Gigs,Winter 2021,Yes,69879157,Equity (per Form D; stage not stated),2024-12-05,,1,SEC Form D,https://www.sec.gov/Archives/edgar/data/2049678/000204967824000001/primary_doc.xml,totalAmountSold: 69879157; totalOfferingAmount: 69879157; dateOfFirstSale: 2024-12-05,0002049678,0002049678-24-000001,69879157,69879157,2024-12-05,Equity,16,Gigs Inc.,High,"Unverified Form D by same-named person: DigniFi Holding, Inc. 0001816865-23-000001 sold 1250 (first sale 2023-04-26, Mesa); likely a different person.",2026-10-01T01:08:17Z
businessonbot,BusinessOnBot,Winter 2021,No evidence found,,,,,,,,,,,,,,,,,,Checked: no post-YC Form D matching the founders; no funding statement on website (1 pages) or YC page. LinkedIn/X/Crunchbase need a logged-in browser. National register for IN not checked.,2026-10-01T01:08:16Z
regent,REGENT,Winter 2021,Yes,93536996,Equity (per Form D; stage not stated),2021-03-08,,1,SEC Form D,https://www.sec.gov/Archives/edgar/data/1870184/000187018424000002/primary_doc.xml,totalAmountSold: 60549985; totalOfferingAmount: 61181592; dateOfFirstSale: 2023-07-31,0001870184,0001870184-24-000002,60549985,61181592,2023-07-31,Equity,30,REGENT CRAFT INC.,High,"3 post-YC Form D offerings summed: 0001870184-21-000001 $8197500 (2021-03-08), 0001870184-22-000002 $24789511 (2021-12-29), 0001870184-24-000002 $60549985 (2023-07-31) Form D clarification: $23,480,990.00 of the Total Offering Amount and Total Amount Sold includes principal due on certain instruments convertible or exercisable into equity of the Issuer. Tier 2 source states $340 million (https://www.regentcraft.com/news/regent-secures-240-million-series-b-funding-to-scale-seaglider-manufacturing-and-transform-maritime-mobility); Form D figure kept.",2026-10-01T01:08:58Z
spline,Spline,Winter 2021,Yes,16032940,Equity (per Form D; stage not stated),2024-06-27,,1,SEC Form D,https://www.sec.gov/Archives/edgar/data/2029967/000202996724000001/primary_doc.xml,totalAmountSold: 16032940; totalOfferingAmount: 16032940; dateOfFirstSale: 2024-06-27,0002029967,0002029967-24-000001,16032940,16032940,2024-06-27,Equity,23,"Spline, Inc.",High,"Form D clarification: Includes $6,032,947.98 in canceled convertible debt. Tier 4 source states $10M (https://siliconangle.com/2024/08/13/3d-app-game-design-platform-spline-raises-10m-extends-support-android/); Form D figure kept.",2026-10-01T01:08:18Z
olaclick,OlaClick,Winter 2021,No evidence found,,,,,,,,,,,,,,,,,,"Unverified Form D by same-named person: DISA Tech, Inc. 0002152731-26-000001 sold 2960 (first sale 2026-08-19, Mills); likely a different person. Checked: no post-YC Form D matching the founders; no funding statement on website (4 pages) or YC page. LinkedIn/X/Crunchbase need a logged-in browser. National register for PE not checked.",2026-10-01T01:08:20Z
treinta,Treinta,Winter 2021,Yes,46000000,Series A,2022-04-04,,4,Press (linked from YC company page),https://forbes.co/2022/04/04/emprendedores/treinta-app-viral-capta-46-millones/,Treinta raises $46M Series A,,,,,,,,,Medium,No matching post-YC Form D found.,2026-10-01T01:08:19Z
svix,Svix,Winter 2021,Yes,10386993,Equity (per Form D; stage not stated),2022-10-27,,1,SEC Form D,https://www.sec.gov/Archives/edgar/data/1854436/000185443623000002/primary_doc.xml,totalAmountSold: 10386993; totalOfferingAmount: 10386993; dateOfFirstSale: 2022-10-27,0001854436,0001854436-23-000002,10386993,10386993,2022-10-27,Equity,21,Svix Inc.,High,"Unverified Form D by same-named person: Etebase Inc. 0001854436-21-000001 sold 2627000 (first sale 2021-03-12, San Francisco); likely a different person.",2026-10-01T01:08:22Z
compound-writing,Foster,Winter 2021,No evidence found,,,,,,,,,,,,,,,,,,Checked: no post-YC Form D matching the founders; no funding statement on website (1 pages) or YC page. LinkedIn/X/Crunchbase need a logged-in browser.,2026-10-01T01:08:33Z
machine26,Machine26,Winter 2021,No evidence found,,,,,,,,,,,,,,,,,,Checked: no post-YC Form D matching the founders; no funding statement on website (3 pages) or YC page. LinkedIn/X/Crunchbase need a logged-in browser. National register for DE not checked.,2026-10-01T01:08:21Z
swadesi-way,Swadesi Way,Winter 2021,No evidence found,,,,,,,,,,,,,,,,,,Checked: no post-YC Form D matching the founders; no funding statement on website (5 pages) or YC page. LinkedIn/X/Crunchbase need a logged-in browser. National register for IN not checked.,2026-10-01T01:08:23Z
rejoy-health,Rejoy Health,Winter 2021,No evidence found,,,,,,,,,,,,,,,,,,Checked: no post-YC Form D matching the founders; no funding statement on website (16 pages) or YC page. LinkedIn/X/Crunchbase need a logged-in browser.,2026-10-01T01:08:24Z
floweq,FlowEQ,Winter 2021,No evidence found,,,,,,,,,,,,,,,,,,Checked: no post-YC Form D matching the founders; no funding statement on website (2 pages) or YC page. LinkedIn/X/Crunchbase need a logged-in browser.,2026-10-01T01:08:24Z
alpas,Alpas,Winter 2021,No evidence found,,,,,,,,,,,,,,,,,,Checked: no post-YC Form D matching the founders; no funding statement on website (2 pages) or YC page. LinkedIn/X/Crunchbase need a logged-in browser. National register for DE not checked.,2026-10-01T01:08:24Z
greaseboss,GreaseBoss,Winter 2021,No evidence found,,,,,,,,,,,,,,,,,,Checked: no post-YC Form D matching the founders; no funding statement on website (3 pages) or YC page. LinkedIn/X/Crunchbase need a logged-in browser. National register for AU not checked.,2026-10-01T01:08:26Z
kidato,Kidato,Winter 2021,No evidence found,,,,,,,,,,,,,,,,,,Checked: no post-YC Form D matching the founders; no funding statement on website (0 pages) or YC page. LinkedIn/X/Crunchbase need a logged-in browser. National register for KE not checked.,2026-10-01T01:08:26Z
flutterflow,FlutterFlow,Winter 2021,No evidence found,,,,,,,,,,,,,,,,,,Checked: no post-YC Form D matching the founders; no funding statement on website (2 pages) or YC page. LinkedIn/X/Crunchbase need a logged-in browser.,2026-10-01T01:08:28Z
agendapro,AgendaPro,Winter 2021,Yes,3700000,,2022-01-18,,4,Press (linked from YC company page),https://www.bloomberglinea.com/2022/01/18/agendapro-shopify-for-beauty-and-wellness-raises-37m/,"AgendaPro, “Shopify for beauty and wellness,” raises $3.7M",,,,,,,,,Medium,No matching post-YC Form D found.,2026-10-01T01:08:32Z
infracost,Infracost,Winter 2021,Yes,18849980,Series A (Equity per Form D),2025-06-20,,1,SEC Form D,https://www.sec.gov/Archives/edgar/data/2099473/000209947325000001/primary_doc.xml,totalAmountSold: 18849980; totalOfferingAmount: 18849980; dateOfFirstSale: 2025-06-20,0002099473,0002099473-25-000001,18849980,18849980,2025-06-20,Equity,12,Infracost Inc,High,Tier 2 source states $15 Million (https://www.infracost.io/blog/infracost-has-raised-a-15-million-series-a/); Form D figure kept.,2026-10-01T01:08:32Z
chatwoot,Chatwoot,Winter 2021,Yes,1600000,Seed,,,2,Company website,https://www.chatwoot.com/blog/chatwoot-august-update,"Post YC batch, we raised $1.6M in a seed funding round from Goat Capital, Uncorrelated Ventures, YCombinator, and a host of angel investors, including",,,,,,,,,High,Round date not stated on the source page; assumed post-YC because it is presented as current news. No matching post-YC Form D found.,2026-10-01T01:08:32Z
pagaloop,Pagaloop,Winter 2021,No evidence found,,,,,,,,,,,,,,,,,,"Unverified Form D by same-named person: Technology Holdings North America Inc. 0001062993-23-022505 sold 210000 (first sale 2023-09-01, Santa Monica); likely a different person. Unverified Form D by same-named person: Vittori Inc. 0001096906-24-002013 sold 150000 (first sale 2024-09-11, Palo Alto); likely a different person. Unverified Form D by same-named person: Technology Holdings North America Inc. 0001096906-25-000840 sold 5156659 (first sale 2023-09-01, Santa Monica); likely a different person. Unverified Form D by same-named person: Vittori Inc. 0001096906-25-000842 sold 3045000 (first sale 2024-09-11, Palo Alto); likely a different person. Unverified Form D by same-named person: TA Fintech Inc. 0001920223-25-000005 sold 0 (first sale yetToOccur, Dover); likely a different person. Unverified Form D by same-named person: Technology Holdings North America Inc. 0001978238-26-000001 sold 0 (first sale yetToOccur, Santa Monica); likely a different person. Unverified Form D by same-named person: Vittori Inc. 0002041824-26-000004 sold 0 (first sale yetToOccur, Palo Alto); likely a different person. Unverified Form D by same-named person: Technology Holdings North America Inc. 0001978238-26-000004 sold 75000 (first sale 2026-03-26, Santa Monica); likely a different person. Checked: no post-YC Form D matching the founders; no funding statement on website (2 pages) or YC page. LinkedIn/X/Crunchbase need a logged-in browser. National register for MX not checked.",2026-10-01T01:08:41Z
ziina,Ziina,Winter 2021,Yes,22000000,Series A,,,2,Company website,https://ziina.com/,UAE’s Ziina Raises $22M In Series A Funding To Shift From Payments To Full Financial Services.,,,,,,,,,High,Round date not stated on the source page; assumed post-YC because it is presented as current news. No matching post-YC Form D found.,2026-10-01T01:08:40Z
alokai,Alokai,Winter 2021,Yes,17400000,,2021-10-13,,4,Press (linked from YC company page),https://www.businessinsider.com/creandum-vue-storefront-headless-commerce-pitch-deck-raise-174-million-2021-10?r=US&IR=T,Pitch Deck: Vue Storefront Raises $17.4m for E-Commerce Infrastructure,,,,,,,,,Medium,No matching post-YC Form D found.,2026-10-01T01:08:38Z
zealth,Zealth,Winter 2021,No evidence found,,,,,,,,,,,,,,,,,,Checked: no post-YC Form D matching the founders; no funding statement on website (1 pages) or YC page. LinkedIn/X/Crunchbase need a logged-in browser. National register for IN not checked.,2026-10-01T01:08:38Z
houm,Houm,Winter 2021,Yes,42650000,Series A (Equity per Form D),2021-10-15,,1,SEC Form D,https://www.sec.gov/Archives/edgar/data/1890841/000189084121000001/primary_doc.xml,totalAmountSold: 42650000; totalOfferingAmount: 42650000; dateOfFirstSale: 2021-10-15,0001890841,0001890841-21-000001,42650000,42650000,2021-10-15,Equity,63,Houm Group Inc.,High,Form D clarification: A portion of the proceeds were satisfied through forgiveness of indebtedness.,2026-10-01T01:08:44Z
entelexo-biotherapeutics,Entelexo Biotherapeutics,Winter 2021,No evidence found,,,,,,,,,,,,,,,,,,Checked: no post-YC Form D matching the founders; no funding statement on website (1 pages) or YC page. LinkedIn/X/Crunchbase need a logged-in browser.,2026-10-01T01:08:44Z
morada-uno,Morada Uno,Winter 2021,No evidence found,,,,,,,,,,,,,,,,,,Checked: no post-YC Form D matching the founders; no funding statement on website (4 pages) or YC page. LinkedIn/X/Crunchbase need a logged-in browser. National register for MX not checked.,2026-10-01T01:08:49Z
z1,Z1,Winter 2021,No evidence found,,,,,,,,,,,,,,,,,,"Unverified Form D by same-named person: Folclore Co 0001957646-22-000001 sold 329999 (first sale 2022-12-13, New York); likely a different person. Checked: no post-YC Form D matching the founders; no funding statement on website (1 pages) or YC page. LinkedIn/X/Crunchbase need a logged-in browser. National register for BR not checked.",2026-10-01T01:08:53Z
haystack,Haystack,Winter 2021,No evidence found,,,,,,,,,,,,,,,,,,Checked: no post-YC Form D matching the founders; no funding statement on website (3 pages) or YC page. LinkedIn/X/Crunchbase need a logged-in browser.,2026-10-01T01:08:45Z
mendel,Mendel,Winter 2021,Yes,61015884,Series B (Equity per Form D),2021-11-29,,1,SEC Form D,https://www.sec.gov/Archives/edgar/data/1899666/000164117225001097/primary_doc.xml,totalAmountSold: 35595883; totalOfferingAmount: 35595883; dateOfFirstSale: 2025-03-26,0001899666,0001641172-25-001097,35595883,35595883,2025-03-26,Equity,11,Enbalg Group Corp,High,"Legal name differs from brand; matched on related person(s) Alan Karpovsky, Alejandro Zecler, issuer in Grand Cayman, E9. 2 post-YC Form D offerings summed: 0001493152-22-026430 $25420001 (2021-11-29), 0001641172-25-001097 $35595883 (2025-03-26) Tier 4 source states $35M (https://techcrunch.com/2025/03/27/yc-alum-mendel-a-ramp-for-latam-enterprises-raises-35m-series-b/); Form D figure kept.",2026-10-01T01:08:52Z
ontop,Ontop,Winter 2021,Yes,20000000,,,,2,Company website,https://www.getontop.com/ontop-in-the-news,Ontop raises $20M to facilitate the hiring of international talent..,,,,,,,,,High,Round date not stated on the source page; assumed post-YC because it is presented as current news. No matching post-YC Form D found.,2026-10-01T01:08:47Z
stayflexi,Stayflexi,Winter 2021,No evidence found,,,,,,,,,,,,,,,,,,Checked: no post-YC Form D matching the founders; no funding statement on website (10 pages) or YC page. LinkedIn/X/Crunchbase need a logged-in browser.,2026-10-01T01:08:53Z
soraban,Soraban,Winter 2021,Yes,18000000,,,,2,YC company/launch page,https://www.ycombinator.com/companies/soraban,We raised $18m from patient investors who are onboard to help us grow and serve tens of thousands of accounting firms.,,,,,,,,,High,Round date not stated on the source page; assumed post-YC because it is presented as current news. No matching post-YC Form D found.,2026-10-01T01:08:47Z
lamar-health,Lamar Health,Winter 2021,No evidence found,,,,,,,,,,,,,,,,,,Checked: no post-YC Form D matching the founders; no funding statement on website (1 pages) or YC page. LinkedIn/X/Crunchbase need a logged-in browser.,2026-10-01T01:08:53Z
compose-ai,Compose.ai,Winter 2021,No evidence found,,,,,,,,,,,,,,,,,,Checked: no post-YC Form D matching the founders; no funding statement on website (1 pages) or YC page. LinkedIn/X/Crunchbase need a logged-in browser.,2026-10-01T01:08:51Z
manara,Manara,Winter 2021,No evidence found,,,,,,,,,,,,,,,,,,Checked: no post-YC Form D matching the founders; no funding statement on website (1 pages) or YC page. LinkedIn/X/Crunchbase need a logged-in browser.,2026-10-01T01:08:54Z
venu-ai,Venu AI,Winter 2021,No evidence found,,,,,,,,,,,,,,,,,,"Unverified Form D by same-named person: NMI Topco, LLC 0001947728-23-000001 sold 54180537 (first sale 2022-02-26, San Francisco); likely a different person. Checked: no post-YC Form D matching the founders; no funding statement on website (1 pages) or YC page. LinkedIn/X/Crunchbase need a logged-in browser.",2026-10-01T01:09:00Z
biodock,Biodock,Winter 2021,No evidence found,,,,,,,,,,,,,,,,,,Checked: no post-YC Form D matching the founders; no funding statement on website (2 pages) or YC page. LinkedIn/X/Crunchbase need a logged-in browser.,2026-10-01T01:08:54Z
camp,Camp,Winter 2021,No evidence found,,,,,,,,,,,,,,,,,,Checked: no post-YC Form D matching the founders; no funding statement on website (0 pages) or YC page. LinkedIn/X/Crunchbase need a logged-in browser. National register for SE not checked.,2026-10-01T01:09:27Z
betterhalf,Betterhalf,Winter 2021,No evidence found,,,,,,,,,,,,,,,,,,Checked: no post-YC Form D matching the founders; no funding statement on website (1 pages) or YC page. LinkedIn/X/Crunchbase need a logged-in browser. National register for IN not checked.,2026-10-01T01:08:54Z
feroot-security,Feroot Security,Winter 2021,Yes,14000000,Series A,,,2,Company website,https://www.feroot.com/blog/,Feroot Security Raises $14M Series A to Scale AI-Powered Compliance Platform Protecting Websites and Applications.,,,,,,,,,High,Round date not stated on the source page; assumed post-YC because it is presented as current news. No matching post-YC Form D found.,2026-10-01T01:08:58Z
phoenix,Phoenix,Winter 2021,No evidence found,,,,,,,,,,,,,,,,,,Checked: no post-YC Form D matching the founders; no funding statement on website (5 pages) or YC page. LinkedIn/X/Crunchbase need a logged-in browser. National register for CA not checked.,2026-10-01T01:09:08Z
roger,ROGER,Winter 2021,No evidence found,,,,,,,,,,,,,,,,,,Checked: no post-YC Form D matching the founders; no funding statement on website (2 pages) or YC page. LinkedIn/X/Crunchbase need a logged-in browser.,2026-10-01T01:09:15Z
redcliffe-lifetech,Redcliffe Lifetech,Winter 2021,Yes,46933880,Equity (per Form D; stage not stated),2022-01-10,,1,SEC Form D/A,https://www.sec.gov/Archives/edgar/data/1941551/000194155122000003/primary_doc.xml,totalAmountSold: 46933880; totalOfferingAmount: 46933880; dateOfFirstSale: 2022-01-10,0001941551,0001941551-22-000003,46933880,46933880,2022-01-10,Equity,15,Redcliffe Lifetech Inc,High,,2026-10-01T01:09:02Z
seer,Seer,Winter 2021,No evidence found,,,,,,,,,,,,,,,,,,Checked: no post-YC Form D matching the founders; no funding statement on website (1 pages) or YC page. LinkedIn/X/Crunchbase need a logged-in browser.,2026-10-01T01:09:33Z
fithub-2,FitHub,Winter 2021,No evidence found,,,,,,,,,,,,,,,,,,Checked: no post-YC Form D matching the founders; no funding statement on website (10 pages) or YC page. LinkedIn/X/Crunchbase need a logged-in browser. National register for CO not checked.,2026-10-01T01:09:12Z
rulebricks,Rulebricks,Winter 2021,No evidence found,,,,,,,,,,,,,,,,,,Checked: no post-YC Form D matching the founders; no funding statement on website (2 pages) or YC page. LinkedIn/X/Crunchbase need a logged-in browser.,2026-10-01T01:09:03Z
botbuilt,BotBuilt,Winter 2021,Yes,12400000,,,,2,Company website,https://www.botbuilt.com/news/,Robotic homebuilding startup BotBuilt raises $12.4M .,,,,,,,,,High,Round date not stated on the source page; assumed post-YC because it is presented as current news. No matching post-YC Form D found.,2026-10-01T01:09:08Z
reclaim-protocol,Reclaim Protocol,Winter 2021,No evidence found,,,,,,,,,,,,,,,,,,Checked: no post-YC Form D matching the founders; no funding statement on website (1 pages) or YC page. LinkedIn/X/Crunchbase need a logged-in browser. National register for IN not checked.,2026-10-01T01:09:06Z
zoko,ZOKO,Winter 2021,No evidence found,,,,,,,,,,,,,,,,,,Checked: no post-YC Form D matching the founders; no funding statement on website (2 pages) or YC page. LinkedIn/X/Crunchbase need a logged-in browser. National register for IN not checked.,2026-10-01T01:09:06Z
tint,Tint,Winter 2021,Yes,29575006,Series A (Equity per Form D),2022-01-07,QED Investors,1,SEC Form D,https://www.sec.gov/Archives/edgar/data/1905588/000190558822000001/primary_doc.xml,totalAmountSold: 29575006; totalOfferingAmount: 29575006; dateOfFirstSale: 2022-01-07,0001905588,0001905588-22-000001,29575006,29575006,2022-01-07,Equity,57,Tint Technologies Inc.,High,,2026-10-01T01:09:12Z
inpharmd,InpharmD,Winter 2021,No evidence found,,,,,,,,,,,,,,,,,,Checked: no post-YC Form D matching the founders; no funding statement on website (4 pages) or YC page. LinkedIn/X/Crunchbase need a logged-in browser.,2026-10-01T01:09:10Z
simplify,Simplify,Winter 2021,No evidence found,,,,,,,,,,,,,,,,,,Checked: no post-YC Form D matching the founders; no funding statement on website (5 pages) or YC page. LinkedIn/X/Crunchbase need a logged-in browser.,2026-10-01T01:09:18Z
unschool,Unschool,Winter 2021,No evidence found,,,,,,,,,,,,,,,,,,Checked: no post-YC Form D matching the founders; no funding statement on website (8 pages) or YC page. LinkedIn/X/Crunchbase need a logged-in browser. National register for IN not checked.,2026-10-01T01:09:10Z
tilt-2,Tilt,Winter 2021,No evidence found,,,,,,,,,,,,,,,,,,Checked: no post-YC Form D matching the founders; no funding statement on website (3 pages) or YC page. LinkedIn/X/Crunchbase need a logged-in browser. National register for IN not checked.,2026-10-01T01:09:31Z
juicy-marbles,Juicy Marbles,Winter 2021,No evidence found,,,,,,,,,0001854042,,,,,,,"Formidable Foods, Inc.",,yc deal like Form D 0001854042-21-000001: sold 0 first sale yetToOccur Checked: no post-YC Form D matching the founders; no funding statement on website (2 pages) or YC page. LinkedIn/X/Crunchbase need a logged-in browser. National register for SI not checked.,2026-10-01T01:09:17Z
stoke-space,Stoke Space,Winter 2021,Yes,1000000000,,,,2,Company website,https://www.stokespace.com/news,Stoke Space Raises $1 Billion to Accelerate Fully Reusable Launch.,,,,,,,,,High,Round date not stated on the source page; assumed post-YC because it is presented as current news. No matching post-YC Form D found.,2026-10-01T01:09:23Z
clicoh,clicOH,Winter 2021,No evidence found,,,,,,,,,,,,,,,,,,Checked: no post-YC Form D matching the founders; no funding statement on website (3 pages) or YC page. LinkedIn/X/Crunchbase need a logged-in browser. National register for AR not checked.,2026-10-01T01:09:17Z
solo,Solo,Winter 2021,No evidence found,,,,,,,,,,,,,,,,,,Checked: no post-YC Form D matching the founders; no funding statement on website (4 pages) or YC page. LinkedIn/X/Crunchbase need a logged-in browser.,2026-10-01T01:09:37Z
tractian,Tractian,Winter 2021,Yes,122859946,Equity (per Form D; stage not stated),2024-11-22,,1,SEC Form D,https://www.sec.gov/Archives/edgar/data/2047357/000204735724000003/primary_doc.xml,totalAmountSold: 122859946; totalOfferingAmount: 124609950; dateOfFirstSale: 2024-11-22,0002047357,0002047357-24-000003,122859946,124609950,2024-11-22,Equity,7,Tractian Ltd,High,,2026-10-01T01:09:20Z
codingal,Codingal,Winter 2021,Yes,1200000,Seed,2021-09-01,,4,Press (linked from YC company page),https://economictimes.indiatimes.com/tech/funding/codingal-raises-1-2-million-in-seed-funding-round/articleshow/85831553.cms,Codingal funding: Codingal raises $1.2 million in seed funding round - The Economic Times,0001856920,,,,,,,Codingal Inc.,Medium,"yc deal like Form D 0001856920-21-000001: sold 22355 first sale 2021-03-31 Unverified Form D by same-named person: Healthcare Triangle, Inc. 0001607062-21-000007 sold 3349940 (first sale 2020-12-29, Pleasanton); likely a different person. Unverified Form D by same-named person: Healthcare Triangle, Inc. 0001607062-21-000042 sold 4244940 (first sale 2020-12-29, Pleasanton); likely a different person. No matching post-YC Form D found.",2026-10-01T01:09:24Z
resquared,Resquared,Winter 2021,No evidence found,,,,,,,,,,,,,,,,,,"Unverified Form D by same-named person: SPARROW LENDING PBC 0001849535-22-000001 sold 5831546 (first sale 2021-12-09, New York); likely a different person. Checked: no post-YC Form D matching the founders; no funding statement on website (2 pages) or YC page. LinkedIn/X/Crunchbase need a logged-in browser.",2026-10-01T01:09:24Z
quicknode,Quicknode,Winter 2021,Yes,45349965,Equity (per Form D; stage not stated),2021-03-02,,1,SEC Form D,https://www.sec.gov/Archives/edgar/data/1851903/000185190321000001/primary_doc.xml,totalAmountSold: 39999977; totalOfferingAmount: 39999977; dateOfFirstSale: 2021-10-20,0001851903,0001851903-21-000001,39999977,39999977,2021-10-20,Equity,8,"QuikNode, Inc.",High,"Legal name differs from brand; matched on related person(s) Alexander Nabutovsky, Dmitry Shklovsky, Manuel Kreutz, issuer in Sunny Isles, FL. 2 post-YC Form D offerings summed: 0001231919-21-000030 $5349988 (2021-03-02), 0001851903-21-000001 $39999977 (2021-10-20) Tier 4 source states $35 Million (https://www.bloomberg.com/news/articles/2021-10-27/startup-rides-miami-s-crypto-boom-with-new-tiger-led-fundraising); Form D figure kept.",2026-10-01T01:09:27Z
topline-pro,Topline Pro,Winter 2021,Yes,27000000,Series B,,,2,Company website,https://www.toplinepro.com/our-story,We Raised a $27M Series B.,,,,,,,,,High,"Unverified Form D by same-named person: Dwelling Management, Inc. 0001939638-22-000001 sold 4893449 (first sale 2022-07-21, New York); likely a different person. Round date not stated on the source page; assumed post-YC because it is presented as current news. Other stated figure: $12M (https://www.toplinepro.com/blog/announcing-series-a-funding-to-continue-reshaping-economic-opportunity-for-home-service-businesses). No matching post-YC Form D found.",2026-10-01T01:09:27Z
quotabook,QuotaBook,Winter 2021,Yes,11000000,,2022-08-16,,4,Press (linked from YC company page),https://techcrunch.com/2022/08/16/yc-grad-quotabook-closes-11m-to-scale-its-equity-management-platform/,YC grad QuotaBook raises $11M to scale its equity management platform – TechCrunch,,,,,,,,,Medium,"Unverified Form D by same-named person: 1034 Westmoreland LLC 0001998374-23-000001 sold 0 (first sale yetToOccur, Alhambra); likely a different person. Unverified Form D by same-named person: 2129 Aaron St LLC 0001999004-23-000001 sold 0 (first sale yetToOccur, Alhambra); likely a different person. Unverified Form D by same-named person: 1857 Crenshaw, LLC 0002003385-23-000001 sold 0 (first sale yetToOccur, Alhambra); likely a different person. No matching post-YC Form D found.",2026-10-01T01:09:36Z
flextock,Flextock,Winter 2021,No evidence found,,,,,,,,,,,,,,,,,,Checked: no post-YC Form D matching the founders; no funding statement on website (1 pages) or YC page. LinkedIn/X/Crunchbase need a logged-in browser. National register for EG not checked.,2026-10-01T01:09:28Z
darrow,Darrow,Winter 2021,Yes,35000000,,2023-09-19,,4,Press (linked from YC company page),https://techcrunch.com/2023/09/19/darrow-legal-tech/,Darrow raises $35M for an AI that parses public documents for class action lawsuit potential | TechCrunch,,,,,,,,,Medium,"Other stated figure: $20 million (https://www.calcalistech.com/ctech/articles/0,7340,L-3921887,00.html). No matching post-YC Form D found.",2026-10-01T01:09:29Z
opencode,OpenCode,Winter 2021,Yes,1000000,,2021-07-23,,4,Press (linked from YC company page),https://techcrunch.com/2021/07/23/serverless-stack-raises-1m-for-open-source-application-framework/?tpcc=ECTW2020,Serverless Stack raises $1M for open-source application framework – TechCrunch,,,,,,,,,Medium,No matching post-YC Form D found.,2026-10-01T01:09:30Z
homebase,Homebase,Winter 2021,Yes,30000000,,2021-11-14,,4,Press (linked from YC company page),https://techcrunch.com/2021/11/14/homebase-raises-30m-to-help-more-people-in-southeast-asia-become-property-owners/,Homebase raises $30M to help more people in Southeast Asia become property owners – TechCrunch,,,,,,,,,Medium,No matching post-YC Form D found.,2026-10-01T01:09:39Z
logisticsos,LogisticsOS,Winter 2021,No evidence found,,,,,,,,,,,,,,,,,,Checked: no post-YC Form D matching the founders; no funding statement on website (3 pages) or YC page. LinkedIn/X/Crunchbase need a logged-in browser.,2026-10-01T01:09:31Z
veera-health,Veera Health,Winter 2021,No evidence found,,,,,,,,,,,,,,,,,,Checked: no post-YC Form D matching the founders; no funding statement on website (2 pages) or YC page. LinkedIn/X/Crunchbase need a logged-in browser. National register for IN not checked.,2026-10-01T01:09:31Z
lighttwist,LightTwist,Winter 2021,No evidence found,,,,,,,,,,,,,,,,,,"Unverified Form D by same-named person: Luxonis Holding Corp 0001869180-26-000004 sold 2822529 (first sale 2026-01-27, Denver); likely a different person. Unverified Form D by same-named person: Luxonis Holding Corp 0001869180-26-000005 sold 14000000 (first sale 2026-06-22, Denver); likely a different person. Checked: no post-YC Form D matching the founders; no funding statement on website (10 pages) or YC page. LinkedIn/X/Crunchbase need a logged-in browser.",2026-10-01T01:09:35Z
text-blaze,Text Blaze,Winter 2021,No evidence found,,,,,,,,,,,,,,,,,,Checked: no post-YC Form D matching the founders; no funding statement on website (2 pages) or YC page. LinkedIn/X/Crunchbase need a logged-in browser.,2026-10-01T01:09:34Z
sendbox,Sendbox,Winter 2021,Yes,1800000,,2021-10-18,,4,Press (linked from YC company page),https://techcrunch.com/2021/10/18/nigerias-sendbox-raises-1-8m-to-provide-e-commerce-fulfilment-for-small-merchants/,Nigeria’s Sendbox raises $1.8M to provide e-commerce fulfilment for small merchants – TechCrunch,,,,,,,,,Medium,No matching post-YC Form D found.,2026-10-01T01:09:34Z
coderhouse,Coderhouse,Winter 2021,No evidence found,,,,,,,,,,,,,,,,,,Checked: no post-YC Form D matching the founders; no funding statement on website (8 pages) or YC page. LinkedIn/X/Crunchbase need a logged-in browser. National register for AR not checked.,2026-10-01T01:09:34Z
enode,Enode,Winter 2021,No evidence found,,,,,,,,,,,,,,,,,,Checked: no post-YC Form D matching the founders; no funding statement on website (5 pages) or YC page. LinkedIn/X/Crunchbase need a logged-in browser. National register for NO not checked.,2026-10-01T01:09:34Z
trela,Trela,Winter 2021,No evidence found,,,,,,,,,,,,,,,,,,"Unverified Form D by same-named person: Zapt Holdings Ltd 0001567619-22-006941 sold 23872489 (first sale 2022-03-07, Sao Paulo); likely a different person. Checked: no post-YC Form D matching the founders; no funding statement on website (1 pages) or YC page. LinkedIn/X/Crunchbase need a logged-in browser. National register for BR not checked.",2026-10-01T01:09:40Z
datrics,Datrics,Winter 2021,No evidence found,,,,,,,,,,,,,,,,,,Checked: no post-YC Form D matching the founders; no funding statement on website (10 pages) or YC page. LinkedIn/X/Crunchbase need a logged-in browser.,2026-10-01T01:09:40Z
great-question,Great Question,Winter 2021,No evidence found,,,,,,,,,,,,,,,,,,Checked: no post-YC Form D matching the founders; no funding statement on website (4 pages) or YC page. LinkedIn/X/Crunchbase need a logged-in browser.,2026-10-01T01:09:37Z
hudu,Hudu,Winter 2021,Yes,5000000,Equity (per Form D; stage not stated),2023-04-19,,1,SEC Form D,https://www.sec.gov/Archives/edgar/data/1975845/000197584523000001/primary_doc.xml,totalAmountSold: 5000000; totalOfferingAmount: 5000000; dateOfFirstSale: 2023-04-19,0001975845,0001975845-23-000001,5000000,5000000,2023-04-19,Equity,1,"Hudu Technologies, Inc.",High,"Unverified Form D by same-named person: Live Bash, Inc. 0001784570-22-000002 sold 19825000 (first sale 2021-11-08, Chicago); likely a different person.",2026-10-01T01:09:45Z
aurabeat,Aurabeat,Winter 2021,No evidence found,,,,,,,,,,,,,,,,,,Checked: no post-YC Form D matching the founders; no funding statement on website (3 pages) or YC page. LinkedIn/X/Crunchbase need a logged-in browser. National register for HK not checked.,2026-10-01T01:09:40Z
auricle,Auricle,Winter 2021,No evidence found,,,,,,,,,,,,,,,,,,Checked: no post-YC Form D matching the founders; no funding statement on website (2 pages) or YC page. LinkedIn/X/Crunchbase need a logged-in browser.,2026-10-01T01:09:39Z
liveflow,LiveFlow,Winter 2021,Yes,13500000,,,,2,Company website,https://liveflow.com/press,LiveFlow Raises $13.5 Million for New Accounting Automation Products.,,,,,,,,,High,Round date not stated on the source page; assumed post-YC because it is presented as current news. Other stated figure: $3.5M (https://liveflow.com/press). No matching post-YC Form D found.,2026-10-01T01:09:40Z
remora,Remora,Winter 2021,No evidence found,,,,,,,,,,,,,,,,,,Checked: no post-YC Form D matching the founders; no funding statement on website (1 pages) or YC page. LinkedIn/X/Crunchbase need a logged-in browser.,2026-10-01T01:10:07Z
finary-com,Finary.com,Winter 2021,Yes,35349777,Equity (per Form D; stage not stated),2022-02-23,,1,SEC Form D,https://www.sec.gov/Archives/edgar/data/1916444/000191644425000003/primary_doc.xml,totalAmountSold: 22415115; totalOfferingAmount: 22415115; dateOfFirstSale: 2025-07-28,0001916444,0001916444-25-000003,22415115,22415115,2025-07-28,Equity,9,Finary Wealth Inc.,High,"2 post-YC Form D offerings summed: 0001916444-22-000001 $12934662 (2022-02-23), 0001916444-25-000003 $22415115 (2025-07-28)",2026-10-01T01:09:43Z
zingbus,zingbus,Winter 2021,Yes,12561244,OptionToAcquire (per Form D; stage not stated),2025-05-20,,1,SEC Form D,https://www.sec.gov/Archives/edgar/data/2071484/000207148425000001/primary_doc.xml,totalAmountSold: 12561244; totalOfferingAmount: 12561244; dateOfFirstSale: 2025-05-20,0002071484,0002071484-25-000001,12561244,12561244,2025-05-20,OptionToAcquire,35,"Zingbus, Inc.",High,"Unverified Form D by same-named person: KENDALL MANOR MULTIFAMILY, LLC 0001096906-21-001317 sold 9212000 (first sale 2021-05-26, Seattle); likely a different person.",2026-10-01T01:09:53Z
greywing,Greywing,Winter 2021,No evidence found,,,,,,,,,,,,,,,,,,Checked: no post-YC Form D matching the founders; no funding statement on website (3 pages) or YC page. LinkedIn/X/Crunchbase need a logged-in browser. National register for SG not checked.,2026-10-01T01:09:40Z
gimbooks,GimBooks,Winter 2021,No evidence found,,,,,,,,,,,,,,,,,,Checked: no post-YC Form D matching the founders; no funding statement on website (2 pages) or YC page. LinkedIn/X/Crunchbase need a logged-in browser. National register for IN not checked.,2026-10-01T01:09:41Z
measured,Measured,Winter 2021,No evidence found,,,,,,,,,,,,,,,,,,Checked: no post-YC Form D matching the founders; no funding statement on website (3 pages) or YC page. LinkedIn/X/Crunchbase need a logged-in browser.,2026-10-01T01:09:45Z
rinsed,Rinsed,Winter 2021,Yes,12000000,Series A,2022-05-02,,4,Press (linked from YC company page),https://www.rinsed.co/rinsed-the-car-wash-crm-raises-12-million-series-a,"Rinsed, the car wash CRM, Raises $12 Million Series A",,,,,,,,,Medium,No matching post-YC Form D found.,2026-10-01T01:09:44Z
firstsupport-ai,FirstSupport.ai,Winter 2021,No evidence found,,,,,,,,,,,,,,,,,,Checked: no post-YC Form D matching the founders; no funding statement on website (0 pages) or YC page. LinkedIn/X/Crunchbase need a logged-in browser. National register for ID not checked.,2026-10-01T01:09:44Z
briohr,BrioHR,Winter 2021,Yes,6500000,,,,2,Company website,https://briohr.com,brioHR just raised $6.5 million USD based on this high retention rate..,,,,,,,,,High,Round date not stated on the source page; assumed post-YC because it is presented as current news. No matching post-YC Form D found.,2026-10-01T01:09:46Z
true3d,True3D,Winter 2021,No evidence found,,,,,,,,,,,,,,,,,,Checked: no post-YC Form D matching the founders; no funding statement on website (10 pages) or YC page. LinkedIn/X/Crunchbase need a logged-in browser.,2026-10-01T01:09:46Z
fathom,Fathom,Winter 2021,Yes,4700000,,2022-01-24,,4,Press (linked from YC company page),https://techcrunch.com/2022/01/24/fathom-raises-3-7m-for-its-ai-notetaker/,Fathom raises $4.7M for its AI notetaker – TechCrunch,,,,,,,,,Medium,"Unverified Form D by same-named person: WiseTech Global Ltd 0001813545-21-000001 sold 750000 (first sale 2021-11-01, Alexandria); likely a different person. No matching post-YC Form D found.",2026-10-01T01:10:12Z
popl,Popl,Winter 2021,No evidence found,,,,,,,,,,,,,,,,,,Checked: no post-YC Form D matching the founders; no funding statement on website (4 pages) or YC page. LinkedIn/X/Crunchbase need a logged-in browser.,2026-10-01T01:09:46Z
hermes-robotics,Hermes Robotics,Winter 2021,No evidence found,,,,,,,,,,,,,,,,,,Checked: no post-YC Form D matching the founders; no funding statement on website (0 pages) or YC page. LinkedIn/X/Crunchbase need a logged-in browser.,2026-10-01T01:09:48Z
care-weather,Care Weather,Winter 2021,No evidence found,,,,,,,,,,,,,,,,,,Checked: no post-YC Form D matching the founders; no funding statement on website (5 pages) or YC page. LinkedIn/X/Crunchbase need a logged-in browser.,2026-10-01T01:09:51Z
logica,Logica,Winter 2021,No evidence found,,,,,,,,,,,,,,,,,,Checked: no post-YC Form D matching the founders; no funding statement on website (4 pages) or YC page. LinkedIn/X/Crunchbase need a logged-in browser.,2026-10-01T01:10:07Z
anima,Anima,Winter 2021,Yes,14485002,Series A (Equity per Form D),2023-10-26,Molten Ventures.,1,SEC Form D,https://www.sec.gov/Archives/edgar/data/2000249/000200024923000001/primary_doc.xml,totalAmountSold: 14485002; totalOfferingAmount: 14550003; dateOfFirstSale: 2023-10-26,0002000249,0002000249-23-000001,14485002,14550003,2023-10-26,Equity,12,Anima Group Inc.,High,Tier 2 source states $2.5M (https://www.animahealth.com/careers); Form D figure kept.,2026-10-01T01:09:53Z
pangea-app,Pangea.app,Winter 2021,Yes,2570980,Seed (Equity per Form D),2020-11-30,,1,SEC Form D,https://www.sec.gov/Archives/edgar/data/1727419/000172741921000002/primary_doc.xml,totalAmountSold: 1998480; totalOfferingAmount: 2000000; dateOfFirstSale: 2021-06-25,0001727419,0001727419-21-000002,1998480,2000000,2021-06-25,Equity,20,Pangea.app Inc.,High,"3 post-YC Form D offerings summed: 0001727419-20-000002 $352500 (2020-11-30), 0001727419-21-000001 $220000 (2021-03-04), 0001727419-21-000002 $1998480 (2021-06-25) pre yc Form D 0001727419-19-000004: sold 110000 first sale 2018-01-01 pre yc Form D 0001727419-20-000001: sold 400000 first sale 2020-03-11 Tier 2 source states $2MM (https://www.pangea.app/blog/article/what-is-venture-capital); Form D figure kept.",2026-10-01T01:09:56Z
kredi,Kredi,Winter 2021,No evidence found,,,,,,,,,,,,,,,,,,Checked: no post-YC Form D matching the founders; no funding statement on website (1 pages) or YC page. LinkedIn/X/Crunchbase need a logged-in browser. National register for MX not checked.,2026-10-01T01:09:54Z
weweb-io,weweb.io,Winter 2021,No evidence found,,,,,,,,,,,,,,,,,,Checked: no post-YC Form D matching the founders; no funding statement on website (8 pages) or YC page. LinkedIn/X/Crunchbase need a logged-in browser. National register for FR not checked.,2026-10-01T01:09:54Z
mindee,Mindee,Winter 2021,Yes,18000000,Equity (per Form D; stage not stated),2021-06-08,,1,SEC Form D,https://www.sec.gov/Archives/edgar/data/1868190/000186819021000002/primary_doc.xml,totalAmountSold: 11000000; totalOfferingAmount: Indefinite; dateOfFirstSale: 2021-06-08,0001868190,0001868190-21-000002,11000000,Indefinite,2021-06-08,Equity,41,Mindee Inc,High,"2 post-YC Form D offerings summed: 0001868190-21-000002 $11000000 (2021-06-08), 0001868190-23-000004 $7000000 (2023-02-24)",2026-10-01T01:09:59Z
topkey,Topkey,Winter 2021,Yes,5200000,Seed,,,2,Company website,https://topkey.io/blog,Topkey Notches $5.2m in Seed Funding Round.,,,,,,,,,High,Round date not stated on the source page; assumed post-YC because it is presented as current news. No matching post-YC Form D found.,2026-10-01T01:09:57Z
udhaar-app,Udhaar App,Winter 2021,No evidence found,,,,,,,,,,,,,,,,,,Checked: no post-YC Form D matching the founders; no funding statement on website (2 pages) or YC page. LinkedIn/X/Crunchbase need a logged-in browser. National register for PK not checked.,2026-10-01T01:09:58Z
quadrant-health,Quadrant Health,Winter 2021,Yes,2700000,SAFE (per Form D; stage not stated),2022-03-31,,1,SEC Form D,https://www.sec.gov/Archives/edgar/data/1926427/000192642722000001/primary_doc.xml,totalAmountSold: 2700000; totalOfferingAmount: Indefinite; dateOfFirstSale: 2022-03-31,0001926427,0001926427-22-000001,2700000,Indefinite,2022-03-31,Other; Other: Simple Agreements for Future Equity,4,"Quadrant Technologies, Inc.",High,,2026-10-01T01:10:03Z
kodo,Kodo,Winter 2021,No evidence found,,,,,,,,,,,,,,,,,,Checked: no post-YC Form D matching the founders; no funding statement on website (4 pages) or YC page. LinkedIn/X/Crunchbase need a logged-in browser. National register for IN not checked.,2026-10-01T01:10:00Z
dashlabs-ai,Dashlabs.ai,Winter 2021,No evidence found,,,,,,,,,,,,,,,,,,Checked: no post-YC Form D matching the founders; no funding statement on website (2 pages) or YC page. LinkedIn/X/Crunchbase need a logged-in browser. National register for PH not checked.,2026-10-01T01:10:01Z
nirva,Nirva,Winter 2021,No evidence found,,,,,,,,,,,,,,,,,,Checked: no post-YC Form D matching the founders; no funding statement on website (1 pages) or YC page. LinkedIn/X/Crunchbase need a logged-in browser.,2026-10-01T01:10:05Z
fintoc,Fintoc,Winter 2021,Yes,7000000,,2024-04-25,,4,Press (linked from YC company page),https://techcrunch.com/2024/04/25/fintoc-a2a-payments-chile-mexico/,Chilean instant payments API startup Fintoc raises $7 million to turn Mexico into its main market | TechCrunch,,,,,,,,,Medium,No matching post-YC Form D found.,2026-10-01T01:10:13Z
vapi,Vapi,Winter 2021,Yes,75224995,Equity (per Form D; stage not stated),2024-10-03,,1,SEC Form D,https://www.sec.gov/Archives/edgar/data/2042931/000204293126000005/primary_doc.xml,totalAmountSold: 49999998; totalOfferingAmount: 49999998; dateOfFirstSale: 2026-02-26,0002042931,0002042931-26-000005,49999998,49999998,2026-02-26,Equity,18,Vapi Inc.,High,"2 post-YC Form D offerings summed: 0002042931-24-000001 $25224997 (2024-10-03), 0002042931-26-000005 $49999998 (2026-02-26)",2026-10-01T01:10:12Z
alinea,Alinea,Winter 2021,Yes,16074530,Equity (per Form D; stage not stated),2025-04-02,,1,SEC Form D,https://www.sec.gov/Archives/edgar/data/2061333/000206133325000001/primary_doc.xml,totalAmountSold: 16074530; totalOfferingAmount: 16089529; dateOfFirstSale: 2025-04-02,0002061333,0002061333-25-000001,16074530,16089529,2025-04-02,Equity,68,"Alinea Invest, Inc.",High,Form D clarification: Includes converting securities Tier 4 source states $10.4 Million (https://www.forbes.com/sites/nicolecasperson/2025/04/09/how-fintech-alinea-invest-used-storytelling-to-raise-104-million/); Form D figure kept.,2026-10-01T01:10:25Z
lendflow,Lendflow,Winter 2021,Yes,750000,OptionToAcquire (per Form D; stage not stated),2020-11-25,,1,SEC Form D,https://www.sec.gov/Archives/edgar/data/1835592/000183559220000001/primary_doc.xml,totalAmountSold: 750000; totalOfferingAmount: Indefinite; dateOfFirstSale: 2020-11-25,0001835592,0001835592-20-000001,750000,Indefinite,2020-11-25,OptionToAcquire,2,"Lendflow, Inc.",High,"First sale is close to batch start, so the Form D total may include YC's $500K.",2026-10-01T01:10:07Z
parsagon,Parsagon,Winter 2021,No evidence found,,,,,,,,,,,,,,,,,,Checked: no post-YC Form D matching the founders; no funding statement on website (10 pages) or YC page. LinkedIn/X/Crunchbase need a logged-in browser.,2026-10-01T01:10:15Z
camber-2,Camber,Winter 2021,No evidence found,,,,,,,,,,,,,,,,,,Checked: no post-YC Form D matching the founders; no funding statement on website (5 pages) or YC page. LinkedIn/X/Crunchbase need a logged-in browser.,2026-10-01T01:10:59Z
aviron-interactive,Aviron Interactive,Winter 2021,Yes,23500000,,,,4,Press (linked from YC company page),https://aviron.breezy.hr/,"With an infusion of $23.5M USD in funding, we've been experiencing exponential double-digit growth annually since our inception..",,,,,,,,,Medium,Round date not stated on the source page; assumed post-YC because it is presented as current news. Other stated figure: $4.5M (https://techcrunch.com/2021/08/11/gamified-home-rowing-machine-aviron-raises-4-5m/). No matching post-YC Form D found.,2026-10-01T01:10:10Z
fifthtry,FifthTry,Winter 2021,Yes,1166665,Equity (per Form D; stage not stated),2021-07-06,,1,SEC Form D,https://www.sec.gov/Archives/edgar/data/1873857/000187385721000001/primary_doc.xml,totalAmountSold: 1166665; totalOfferingAmount: 1166665; dateOfFirstSale: 2021-07-06,0001873857,0001873857-21-000001,1166665,1166665,2021-07-06,Equity,3,"Fifthtry, Inc.",High,,2026-10-01T01:10:12Z
per-diem,Per Diem,Winter 2021,Yes,2300000,,2021-04-21,,4,Press (linked from YC company page),https://techcrunch.com/2021/04/21/per-diem-raises-2-26m-to-help-local-businesses-build-subscription-programs/,Per Diem raises $2.3M to help local businesses build subscription programs – TechCrunch,,,,,,,,,Medium,No matching post-YC Form D found.,2026-10-01T01:10:19Z
firstbase-io,Firstbase.io,Winter 2021,Yes,3000000,Seed,,,2,Company website,https://www.firstbase.io/categories/announcements,Announcing our $3M seed round.,,,,,,,,,High,Round date not stated on the source page; assumed post-YC because it is presented as current news. No matching post-YC Form D found.,2026-10-01T01:10:15Z
bimaplan,Bimaplan,Winter 2021,Yes,2500000,Series A,2021-06-21,,4,Press (linked from YC company page),https://yourstory.com/2021/06/y-combinator-micro-insurance-startup-bimaplan-pre-seriesa/amp,[Funding alert] Micro-insurance startup Bimaplan raises $2.5M in pre-Series A round,,,,,,,,,Medium,No matching post-YC Form D found.,2026-10-01T01:10:13Z
version-story-compare,Version Story Compare,Winter 2021,No evidence found,,,,,,,,,,,,,,,,,,Checked: no post-YC Form D matching the founders; no funding statement on website (3 pages) or YC page. LinkedIn/X/Crunchbase need a logged-in browser.,2026-10-01T01:10:17Z
gridware,Gridware,Winter 2021,Yes,55000000,,2025-11-17,,2,Company website,https://www.gridware.io/news/gridware-raises-55-million-growth-round-to-accelerate-u-s-deployments-and-support-global-expansion,Gridware Raises $55 Million Growth Round to Accelerate U.S. Deployments and Support Global Expansion,,,,,,,,,High,No matching post-YC Form D found.,2026-10-01T01:10:19Z
expent-inc,Expent Inc,Winter 2021,No evidence found,,,,,,,,,,,,,,,,,,Checked: no post-YC Form D matching the founders; no funding statement on website (1 pages) or YC page. LinkedIn/X/Crunchbase need a logged-in browser.,2026-10-01T01:10:20Z
supadock,Supadock,Winter 2021,No evidence found,,,,,,,,,,,,,,,,,,Checked: no post-YC Form D matching the founders; no funding statement on website (2 pages) or YC page. LinkedIn/X/Crunchbase need a logged-in browser.,2026-10-01T01:10:18Z
terapify,Terapify,Winter 2021,No evidence found,,,,,,,,,,,,,,,,,,Checked: no post-YC Form D matching the founders; no funding statement on website (2 pages) or YC page. LinkedIn/X/Crunchbase need a logged-in browser. National register for MX not checked.,2026-10-01T01:10:20Z
cyble,Cyble,Winter 2021,Yes,21489912,Series B (Equity per Form D),2023-07-25,,1,SEC Form D,https://www.sec.gov/Archives/edgar/data/1922682/000192268223000001/primary_doc.xml,totalAmountSold: 21489912; totalOfferingAmount: 29999900; dateOfFirstSale: 2023-07-25,0001922682,0001922682-23-000001,21489912,29999900,2023-07-25,Equity,14,Cyble Inc.,High,Tier 2 source states $30M (https://cyble.com/press/cyble-raises-30mn-in-series-b-funding/); Form D figure kept.,2026-10-01T01:10:20Z
axle-health,Axle Health,Winter 2021,Yes,10000000,,2025-05-22,,4,Press (linked from YC company page),https://www.businessinsider.com/pitch-deck-ex-uber-raised-10-million-home-health-ai-2025-5,Pitch Deck: This Ex-Uber Team Raised $10 Million for Home Health AI - Business Insider,,,,,,,,,Medium,No matching post-YC Form D found.,2026-10-01T01:10:19Z
gradia-health,Gradia Health,Winter 2021,Yes,4200000,,2023-07-12,,4,Press (linked from YC company page),https://pulse2.com/gradia-health-4-2-million-funding/,Gradia Health: Integrated Concierge Care Platform Closes $4.2 Million In Funding,,,,,,,,,Medium,No matching post-YC Form D found.,2026-10-01T01:10:21Z
sivo,Sivo,Winter 2021,No evidence found,,,,,,,,,,,,,,,,,,Checked: no post-YC Form D matching the founders; no funding statement on website (1 pages) or YC page. LinkedIn/X/Crunchbase need a logged-in browser. National register for CA not checked.,2026-10-01T01:10:22Z
prequel,Prequel,Winter 2021,Yes,5200000,Seed,,,2,Company website,https://www.prequel.co/blog/,Prequel raises $5.2M in Seed funding .,,,,,,,,,High,Round date not stated on the source page; assumed post-YC because it is presented as current news. No matching post-YC Form D found.,2026-10-01T01:10:25Z
valink-therapeutics,Valink Therapeutics,Winter 2021,No evidence found,,,,,,,,,,,,,,,,,,Checked: no post-YC Form D matching the founders; no funding statement on website (4 pages) or YC page. LinkedIn/X/Crunchbase need a logged-in browser.,2026-10-01T01:10:23Z
fractional,Fractional,Winter 2021,Yes,17551995,Equity (per Form D; stage not stated),2022-05-31,,1,SEC Form D,https://www.sec.gov/Archives/edgar/data/1933915/000193391522000001/primary_doc.xml,totalAmountSold: 17551995; totalOfferingAmount: 20552000; dateOfFirstSale: 2022-05-31,0001933915,0001933915-22-000001,17551995,20552000,2022-05-31,Equity,39,"Fractional Homes, Inc.",High,"Form D clarification: Cash Raised - $11,999,995
SAFE's Converted - $5,552,000",2026-10-01T01:10:29Z
cashbook,CashBook,Winter 2021,No evidence found,,,,,,,,,,,,,,,,,,Checked: no post-YC Form D matching the founders; no funding statement on website (4 pages) or YC page. LinkedIn/X/Crunchbase need a logged-in browser. National register for IN not checked.,2026-10-01T01:10:26Z
encord,Encord,Winter 2021,Yes,100560035,Series C (Equity per Form D),2021-05-19,Wellington Management,1,SEC Form D,https://www.sec.gov/Archives/edgar/data/1867487/000186748725000003/primary_doc.xml,totalAmountSold: 50999920; totalOfferingAmount: 53999920; dateOfFirstSale: 2025-12-03,0001867487,0001867487-25-000003,50999920,53999920,2025-12-03,Equity,8,"Cord Technologies, Inc.",High,"Legal name differs from brand; matched on related person(s) Eric Landau, Ulrik Stig Hansen, issuer in San Francisco, CA. 4 post-YC Form D offerings summed: 0001867487-21-000001 $3379787 (2021-05-19), 0001867487-21-000002 $13680363 (2021-09-30), 0001867487-24-000001 $32499965 (2024-06-28), 0001867487-25-000003 $50999920 (2025-12-03) Tier 2 source states $60M (https://encord.com/press/); Form D figure kept.",2026-10-01T01:10:26Z
axiom-ai,Axiom.ai,Winter 2021,No evidence found,,,,,,,,,,,,,,,,,,Checked: no post-YC Form D matching the founders; no funding statement on website (2 pages) or YC page. LinkedIn/X/Crunchbase need a logged-in browser.,2026-10-01T01:10:40Z
pragmatic-leaders-ankai-inc,Pragmatic Leaders (Ankai Inc),Winter 2021,No evidence found,,,,,,,,,,,,,,,,,,Checked: no post-YC Form D matching the founders; no funding statement on website (0 pages) or YC page. LinkedIn/X/Crunchbase need a logged-in browser. National register for IN not checked.,2026-10-01T01:10:25Z
pesto,Pesto,Winter 2021,No evidence found,,,,,,,,,,,,,,,,,,Checked: no post-YC Form D matching the founders; no funding statement on website (3 pages) or YC page. LinkedIn/X/Crunchbase need a logged-in browser.,2026-10-01T01:10:27Z
smartcuts,Smartcuts,Winter 2021,No evidence found,,,,,,,,,,,,,,,,,,"Unverified Form D by same-named person: Lab79, Inc. 0001857096-21-000002 sold 3062000 (first sale 2021-03-29, New York); likely a different person. Checked: no post-YC Form D matching the founders; no funding statement on website (1 pages) or YC page. LinkedIn/X/Crunchbase need a logged-in browser.",2026-10-01T01:10:29Z
weekday,Weekday,Winter 2021,No evidence found,,,,,,,,,,,,,,,,,,Checked: no post-YC Form D matching the founders; no funding statement on website (3 pages) or YC page. LinkedIn/X/Crunchbase need a logged-in browser. National register for IN not checked.,2026-10-01T01:10:32Z
avocado,Avocado,Winter 2021,No evidence found,,,,,,,,,,,,,,,,,,Checked: no post-YC Form D matching the founders; no funding statement on website (2 pages) or YC page. LinkedIn/X/Crunchbase need a logged-in browser.,2026-10-01T01:10:31Z
tupelo,Tupelo,Winter 2021,No evidence found,,,,,,,,,,,,,,,,,,Checked: no post-YC Form D matching the founders; no funding statement on website (8 pages) or YC page. LinkedIn/X/Crunchbase need a logged-in browser.,2026-10-01T01:10:31Z
spruceid,SpruceID,Winter 2021,Yes,34000000,,2022-04-20,,2,Company website,https://blog.spruceid.com/spruce-raises-34m-to-unbundle-the-login-for-a-user-controlled-web/,Spruce Raises $34M to Unbundle the Login for a User-Controlled Web,,,,,,,,,High,Other stated figure: $7.5M (https://www.coindesk.com/tech/2021/11/02/decentralized-identity-startup-spruce-raises-75m/). No matching post-YC Form D found.,2026-10-01T01:10:30Z
flux-auto,Flux Auto,Winter 2021,No evidence found,,,,,,,,,,,,,,,,,,"Unverified Form D by same-named person: Altitude Cares Inc. 0001104659-25-123299 sold 6900000 (first sale 2025-11-25, Carmel); likely a different person. Checked: no post-YC Form D matching the founders; no funding statement on website (10 pages) or YC page. LinkedIn/X/Crunchbase need a logged-in browser. National register for IN not checked.",2026-10-01T01:10:32Z
wyndly,Wyndly,Winter 2021,Yes,2000000,,2023-02-08,,4,Press (linked from YC company page),https://www.bizjournals.com/denver/inno/stories/news/2023/02/08/denver-allergy-treatment-startup-wyndly-raise-vc.html,Denver startup Wyndly raises $2M to take its allergy treatment to the masses,,,,,,,,,Medium,No matching post-YC Form D found.,2026-10-01T01:10:33Z
curvenote,Curvenote,Winter 2021,Yes,1400000,Seed,,,2,Company website,https://curvenote.com/blog,Curvenote Raises $1.4M Seed Round to Power the Future of Modular Scientific Communication.,,,,,,,,,High,Round date not stated on the source page; assumed post-YC because it is presented as current news. No matching post-YC Form D found.,2026-10-01T01:10:33Z
bluelight,Bluelight,Winter 2021,No evidence found,,,,,,,,,,,,,,,,,,Checked: no post-YC Form D matching the founders; no funding statement on website (3 pages) or YC page. LinkedIn/X/Crunchbase need a logged-in browser.,2026-10-01T01:10:34Z
gerald-technologies-inc,"Gerald Technologies, Inc",Winter 2021,No evidence found,,,,,,,,,,,,,,,,,,Checked: no post-YC Form D matching the founders; no funding statement on website (8 pages) or YC page. LinkedIn/X/Crunchbase need a logged-in browser.,2026-10-01T01:10:34Z
moichor,Moichor,Winter 2021,Yes,11268086,Equity (per Form D; stage not stated),2021-03-31,,1,SEC Form D,https://www.sec.gov/Archives/edgar/data/1859727/000185972723000001/primary_doc.xml,totalAmountSold: 6223088; totalOfferingAmount: 6223088; dateOfFirstSale: 2022-12-02,0001859727,0001859727-23-000001,6223088,6223088,2022-12-02,Equity; Other; Other: Sale and issuance of Series Seed Preferred Stock and the underlying shares of Common Stock issuable upon the conversion thereof.,10,Moichor Inc,High,"2 post-YC Form D offerings summed: 0001859727-21-000001 $5044998 (2021-03-31), 0001859727-23-000001 $6223088 (2022-12-02)",2026-10-01T01:10:39Z
nourish,Nourish,Winter 2021,Yes,500000,Series C (Equity per Form D),2021-06-11,Menlo Ventures,1,SEC Form D,https://www.sec.gov/Archives/edgar/data/1869203/000186920321000001/primary_doc.xml,totalAmountSold: 500000; totalOfferingAmount: Indefinite; dateOfFirstSale: 2021-06-11,0001869203,0001869203-21-000001,500000,Indefinite,2021-06-11,Equity,1,Long View Labs Inc,High,"Legal name differs from brand; matched on related person(s) Aidan Dewar, Stephanie Liu, issuer in San Francisco, CA. Tier 2 source states $215M (https://www.nourish.com/blog); Form D figure kept.",2026-10-01T01:10:40Z
lion-pose,Lion Pose,Winter 2021,No evidence found,,,,,,,,,,,,,,,,,,Checked: no post-YC Form D matching the founders; no funding statement on website (3 pages) or YC page. LinkedIn/X/Crunchbase need a logged-in browser.,2026-10-01T01:10:35Z
pibit-ai,Pibit.ai,Winter 2021,Yes,7000000,,2025-11-21,,4,Press (linked from YC company page),https://www.forbes.com/sites/ilonalimonta-volkova/2025/11/20/pibitai-raises-7-million-to-solve-an-insurance-talent-crisis-with-ai/,Pibit.AI Raises $7 Million To Solve An Insurance Talent Crisis With AI,,,,,,,,,Medium,No matching post-YC Form D found.,2026-10-01T01:10:35Z
gromo,GroMo,Winter 2021,Yes,10991043,Series A (Equity per Form D),2022-06-09,,1,SEC Form D,https://www.sec.gov/Archives/edgar/data/1859612/000185961222000001/primary_doc.xml,totalAmountSold: 10991043; totalOfferingAmount: 13096450; dateOfFirstSale: 2022-06-09,0001859612,0001859612-22-000001,10991043,13096450,2022-06-09,Equity,34,"GroMo, Inc.",High,yc deal like Form D 0001859612-21-000003: sold 19738 first sale 2021-04-20,2026-10-01T01:10:40Z
modernloop,ModernLoop,Winter 2021,Yes,9000000,,,,4,Press (linked from YC company page),https://www.modernloop.com/,ModernLoop raises $9M to supercharge recruiting operations in every hiring environment.,,,,,,,,,Medium,Round date not stated on the source page; assumed post-YC because it is presented as current news. No matching post-YC Form D found.,2026-10-01T01:10:37Z
arnata,arnata,Winter 2021,No evidence found,,,,,,,,,,,,,,,,,,Checked: no post-YC Form D matching the founders; no funding statement on website (1 pages) or YC page. LinkedIn/X/Crunchbase need a logged-in browser.,2026-10-01T01:10:36Z
signoz,SigNoz,Winter 2021,No evidence found,,,,,,,,,,,,,,,,,,Checked: no post-YC Form D matching the founders; no funding statement on website (5 pages) or YC page. LinkedIn/X/Crunchbase need a logged-in browser.,2026-10-01T01:10:39Z
powerrouter,PowerRouter,Winter 2021,No evidence found,,,,,,,,,,,,,,,,,,Checked: no post-YC Form D matching the founders; no funding statement on website (5 pages) or YC page. LinkedIn/X/Crunchbase need a logged-in browser.,2026-10-01T01:10:37Z
hapi,Hapi,Winter 2021,Yes,1600000,,2023-11-15,,4,Press (linked from YC company page),https://contxto.com/peru/hapi-peruvian-startup-raises-usd-1-6-million-to-democratize-the-stock-market-in-latam/,Hapi raises USD $1.6 million to boost market in LatAm •,,,,,,,,,Medium,No matching post-YC Form D found.,2026-10-01T01:10:44Z
spokn,Spokn,Winter 2021,No evidence found,,,,,,,,,,,,,,,,,,Checked: no post-YC Form D matching the founders; no funding statement on website (2 pages) or YC page. LinkedIn/X/Crunchbase need a logged-in browser.,2026-10-01T01:10:41Z
waypoint,Waypoint,Winter 2021,No evidence found,,,,,,,,,,,,,,,,,,Checked: no post-YC Form D matching the founders; no funding statement on website (4 pages) or YC page. LinkedIn/X/Crunchbase need a logged-in browser.,2026-10-01T01:11:23Z
medme-health,MedMe Health,Winter 2021,Yes,3400000,Seed,2022-03-17,,4,Press (linked from YC company page),https://betakit.com/microsoft-leads-medmes-3-4-million-cad-seed-round-to-help-pharmacies-expand-beyond-retail/,Microsoft leads MedMe’s $3.4 million CAD seed round to help pharmacies expand beyond retail | BetaKit,,,,,,,,,Medium,No matching post-YC Form D found.,2026-10-01T01:10:43Z
taloflow,Taloflow,Winter 2021,Yes,2003483,Equity (per Form D; stage not stated),2020-12-23,,1,SEC Form D,https://www.sec.gov/Archives/edgar/data/1839340/000183934021000001/primary_doc.xml,totalAmountSold: 1753458; totalOfferingAmount: 1786956; dateOfFirstSale: 2020-12-23,0001839340,0001839340-21-000001,1753458,1786956,2020-12-23,Equity,20,Taloflow Inc.,High,"2 post-YC Form D offerings summed: 0001839340-21-000001 $1753458 (2020-12-23), 0001839340-24-000003 $250025 (2024-03-25) First sale is close to batch start, so the Form D total may include YC's $500K. Tier 2 source states $1.3M (https://www.taloflow.ai/blog); Form D figure kept.",2026-10-01T01:12:54Z
rocketsdr,RocketSDR,Winter 2021,No evidence found,,,,,,,,,,,,,,,,,,Checked: no post-YC Form D matching the founders; no funding statement on website (12 pages) or YC page. LinkedIn/X/Crunchbase need a logged-in browser. National register for IN not checked.,2026-10-01T01:10:44Z
lygg,Lygg,Winter 2021,No evidence found,,,,,,,,,,,,,,,,,,Checked: no post-YC Form D matching the founders; no funding statement on website (1 pages) or YC page. LinkedIn/X/Crunchbase need a logged-in browser.,2026-10-01T01:10:42Z
howdy-com,Howdy.com,Winter 2021,No evidence found,,,,,,,,,,,,,,,,,,"Unverified Form D by same-named person: Austin Software, Inc. 0001862117-21-000001 sold 2124988 (first sale 2021-04-30, Austin); likely a different person. Checked: no post-YC Form D matching the founders; no funding statement on website (0 pages) or YC page. LinkedIn/X/Crunchbase need a logged-in browser.",2026-10-01T01:10:48Z
dreamworld,DreamWorld,Winter 2021,No evidence found,,,,,,,,,,,,,,,,,,Checked: no post-YC Form D matching the founders; no funding statement on website (10 pages) or YC page. LinkedIn/X/Crunchbase need a logged-in browser.,2026-10-01T01:10:55Z
albedo,Albedo,Winter 2021,Yes,48000000,Series A,,,2,Company website,https://albedo.com/blog,Albedo Raises $48M Series A to Capture the Highest Resolution Satellite Imagery.,,,,,,,,,High,Round date not stated on the source page; assumed post-YC because it is presented as current news. No matching post-YC Form D found.,2026-10-01T01:10:49Z
humaans,Humaans,Winter 2021,Yes,20000000,,,,2,YC company/launch page,https://www.ycombinator.com/companies/humaans,We've raised $20 million in VC funding to date.,,,,,,,,,High,Round date not stated on the source page; assumed post-YC because it is presented as current news. Other stated figure: $15M (https://humaans.io/about). No matching post-YC Form D found.,2026-10-01T01:10:45Z
authzed,authzed,Winter 2021,Yes,15900000,,,,2,Company website,https://authzed.com/press,"Jacob Moshenko, CEO of Authzed: $15.9M Raised to Build the Future of Authorization Infrastructure.",,,,,,,,,High,"Unverified Form D by same-named person: Petricorp, Inc. 0001852184-21-000001 sold 3676999 (first sale 2021-03-05, New York); likely a different person. Round date not stated on the source page; assumed post-YC because it is presented as current news. Other stated figure: $12 Million (https://authzed.com/press). No matching post-YC Form D found.",2026-10-01T01:10:49Z
alba-orbital,Alba Orbital,Winter 2021,Yes,3400000,Seed,,,2,Company website,https://www.albaorbital.com/announcements,mission to image the Earth every 15 minutes brings in $3.4M seed round (13/05/2021).,,,,,,,,,High,Round date not stated on the source page; assumed post-YC because it is presented as current news. No matching post-YC Form D found.,2026-10-01T01:10:46Z
atomic-industries,Atomic Industries,Winter 2021,Yes,17000000,Seed,2023-12-04,,4,Press (linked from YC company page),https://techcrunch.com/2023/12/04/atomic-industries-closes-17m-seed-to-exascale-americas-industrial-base/,Atomic Industries closes $17M seed to exascale America’s industrial base | TechCrunch,,,,,,,,,Medium,No matching post-YC Form D found.,2026-10-01T01:10:48Z
gaiia,gaiia,Winter 2021,Yes,40000000,Series B,,JMI,2,Company website,https://gaiia.com/b,gaiia raises $40M Series B led by JMI .,,,,,,,,,High,Round date not stated on the source page; assumed post-YC because it is presented as current news. No matching post-YC Form D found.,2026-10-01T01:10:53Z
the-third-place,The Third Place,Winter 2021,No evidence found,,,,,,,,,,,,,,,,,,Checked: no post-YC Form D matching the founders; no funding statement on website (11 pages) or YC page. LinkedIn/X/Crunchbase need a logged-in browser.,2026-10-01T01:10:53Z
trestle-biotherapeutics,Trestle Biotherapeutics,Winter 2021,No evidence found,,,,,,,,,,,,,,,,,,Checked: no post-YC Form D matching the founders; no funding statement on website (4 pages) or YC page. LinkedIn/X/Crunchbase need a logged-in browser.,2026-10-01T01:10:58Z
serna-bio,Serna Bio,Winter 2021,No evidence found,,,,,,,,,,,,,,,,,,Checked: no post-YC Form D matching the founders; no funding statement on website (3 pages) or YC page. LinkedIn/X/Crunchbase need a logged-in browser.,2026-10-01T01:10:54Z
bristle,Bristle,Winter 2021,Yes,3000000,Seed,2022-07-25,,4,Press (linked from YC company page),https://www.axios.com/pro/health-tech-deals/2022/07/25/bristle-raises-3-million-seed-oral-health-microbiome,Bristle raises $3M seed for oral health microbiome test,,,,,,,,,Medium,"Unverified Form D by same-named person: Spark Hire Parent, LLC 0001927971-22-000001 sold 31500000 (first sale 2022-04-29, Wayne); likely a different person. Unverified Form D by same-named person: Spark Hire Parent, LLC 0001927971-23-000001 sold 18500000 (first sale 2023-05-31, Wayne); likely a different person. Unverified Form D by same-named person: iVueit Holdings, LLC 0002056618-25-000002 sold 22089156 (first sale 2025-02-03, Wayne); likely a different person. Unverified Form D by same-named person: iVueit Holdings, LLC 0002056618-26-000001 sold 22089156 (first sale 2025-02-03, Wayne); likely a different person. No matching post-YC Form D found.",2026-10-01T01:11:14Z
cloud-humans,cloud humans,Winter 2021,No evidence found,,,,,,,,,,,,,,,,,,Checked: no post-YC Form D matching the founders; no funding statement on website (3 pages) or YC page. LinkedIn/X/Crunchbase need a logged-in browser.,2026-10-01T01:11:03Z
runway,Runway,Winter 2021,Yes,2000000,Seed,,,2,Company website,https://www.runway.team/blog/runways-next-big-step-and-the-funding-to-take-us-there,"Runway raises $2M seed, launches its ‘air traffic control’ system for mobile app releases (TechCrunch).",,,,,,,,,High,Round date not stated on the source page; assumed post-YC because it is presented as current news. No matching post-YC Form D found.,2026-10-01T01:11:17Z
atrato,Atrato,Winter 2021,No evidence found,,,,,,,,,,,,,,,,,,Checked: no post-YC Form D matching the founders; no funding statement on website (2 pages) or YC page. LinkedIn/X/Crunchbase need a logged-in browser. National register for MX not checked.,2026-10-01T01:11:06Z
abacum,Abacum,Winter 2021,Yes,49973909,Equity (per Form D; stage not stated),2021-04-05,,1,SEC Form D,https://www.sec.gov/Archives/edgar/data/1856882/000192975225000003/primary_doc.xml,totalAmountSold: 43265849; totalOfferingAmount: 43265849; dateOfFirstSale: 2025-05-28,0001856882,0001929752-25-000003,43265849,43265849,2025-05-28,Equity,8,Abacum Inc.,High,"2 post-YC Form D offerings summed: 0001856882-21-000001 $6708060 (2021-04-05), 0001929752-25-000003 $43265849 (2025-05-28) Tier 2 source states $100M (https://www.abacum.ai/newsroom); Form D figure kept.",2026-10-01T01:11:03Z
webiny,Webiny,Winter 2021,No evidence found,,,,,,,,,,,,,,,,,,Checked: no post-YC Form D matching the founders; no funding statement on website (10 pages) or YC page. LinkedIn/X/Crunchbase need a logged-in browser. National register for HR not checked.,2026-10-01T01:11:02Z
bby,BBy,Winter 2022,Yes,3000000,Seed,2023-05-29,,4,Press (linked from YC company page),https://femtechinsider.com/bby-seed-round/,New York-based BBy Raises $3M in Seed Funding to Reinvent Breast Milk Management in Hospitals,,,,,,,,,Medium,No matching post-YC Form D found.,2026-10-01T01:11:00Z
whitelab-genomics,WhiteLab Genomics,Winter 2022,No evidence found,,,,,,,,,,,,,,,,,,Checked: no post-YC Form D matching the founders; no funding statement on website (3 pages) or YC page. LinkedIn/X/Crunchbase need a logged-in browser. National register for FR not checked.,2026-10-01T01:11:07Z
tradex,Mindbase,Winter 2022,No evidence found,,,,,,,,,0001931491,,,,,,,TradeX Markets Inc.,,"small Form D 0001931491-22-000005: sold 1585 first sale 2022-08-05 Unverified Form D by same-named person: TradeX Markets Inc. 0001931491-22-000004 sold 1585 (first sale 2022-08-05, San Francisco); likely a different person. Checked: no post-YC Form D matching the founders; no funding statement on website (11 pages) or YC page. LinkedIn/X/Crunchbase need a logged-in browser.",2026-10-01T01:11:12Z
massdriver,Massdriver,Winter 2022,Yes,8000000,,,,2,Company website,https://www.massdriver.cloud/news,Massdriver Raises $8 Million to Liberate Software Engineers from Cloud Complexity.,,,,,,,,,High,"Unverified Form D by same-named person: Ambient Photonics, Inc. 0001927510-22-000001 sold 31059647 (first sale 2022-04-26, Mill Valley); likely a different person. Round date not stated on the source page; assumed post-YC because it is presented as current news. No matching post-YC Form D found.",2026-10-01T01:11:13Z
reality-defender,Reality Defender,Winter 2022,Yes,36924966,Equity (per Form D; stage not stated),2023-09-29,,1,SEC Form D,https://www.sec.gov/Archives/edgar/data/1993926/000199392623000002/primary_doc.xml,totalAmountSold: 19424966; totalOfferingAmount: 20080000; dateOfFirstSale: 2023-09-29,0001993926,0001993926-23-000002,19424966,20080000,2023-09-29,Equity,32,"Reality Defender, Inc.",High,"2 post-YC Form D offerings summed: 0001993926-23-000002 $19424966 (2023-09-29), 0001993926-24-000001 $17500000 (2024-08-19) Tier 4 source states $15M (https://techcrunch.com/2023/10/17/reality-defender-raises-15m-to-detect-text-video-and-image-deepfakes/); Form D figure kept.",2026-10-01T01:11:08Z
lizza,Lizza,Winter 2022,No evidence found,,,,,,,,,,,,,,,,,,Checked: no post-YC Form D matching the founders; no funding statement on website (9 pages) or YC page. LinkedIn/X/Crunchbase need a logged-in browser. National register for DE not checked.,2026-10-01T01:11:10Z
mono-2,Mono,Winter 2022,No evidence found,,,,,,,,,,,,,,,,,,Checked: no post-YC Form D matching the founders; no funding statement on website (1 pages) or YC page. LinkedIn/X/Crunchbase need a logged-in browser. National register for CO not checked.,2026-10-01T01:11:19Z
credibook,CrediBook,Winter 2022,Yes,8100000,Series A,2022-04-05,,4,Press (linked from YC company page),https://asiatechdaily.com/indonesian-bookkeeping-startup-credibook-scores-8-1m-in-series-a-funding/,Indonesian bookkeeping startup CrediBook scores $8.1m in Series A funding,,,,,,,,,Medium,No matching post-YC Form D found.,2026-10-01T01:11:18Z
remi,Remi,Winter 2022,Yes,23326685,Equity (per Form D; stage not stated),2024-07-26,,1,SEC Form D/A,https://www.sec.gov/Archives/edgar/data/2032794/000203279424000003/primary_doc.xml,totalAmountSold: 23326685; totalOfferingAmount: 23376687; dateOfFirstSale: 2024-07-26,0002032794,0002032794-24-000003,23326685,23376687,2024-07-26,Equity,34,"Remi Labs, Inc.",High,,2026-10-01T01:11:25Z
fresh-factory,Fresh Factory,Winter 2022,Yes,4500000,Seed,2022-06-28,East Ventures,4,Press (linked from YC company page),https://technode.global/2022/06/28/indonesias-fresh-factory-secures-4-5m-seed-funding-led-by-east-ventures/,Indonesia's Fresh Factory secures $4.5M seed funding led by East Ventures - TechNode Global,,,,,,,,,Medium,No matching post-YC Form D found.,2026-10-01T01:11:24Z
onboard-io,Onboard.io,Winter 2022,No evidence found,,,,,,,,,,,,,,,,,,Checked: no post-YC Form D matching the founders; no funding statement on website (7 pages) or YC page. LinkedIn/X/Crunchbase need a logged-in browser.,2026-10-01T01:11:18Z
jutsoo,Jutsoo,Winter 2022,No evidence found,,,,,,,,,,,,,,,,,,Checked: no post-YC Form D matching the founders; no funding statement on website (4 pages) or YC page. LinkedIn/X/Crunchbase need a logged-in browser. National register for ID not checked.,2026-10-01T01:11:21Z
eventual,Eventual,Winter 2022,No evidence found,,,,,,,,,,,,,,,,,,Checked: no post-YC Form D matching the founders; no funding statement on website (3 pages) or YC page. LinkedIn/X/Crunchbase need a logged-in browser.,2026-10-01T01:11:23Z
finnix,Finnix,Winter 2022,No evidence found,,,,,,,,,,,,,,,,,,Checked: no post-YC Form D matching the founders; no funding statement on website (0 pages) or YC page. LinkedIn/X/Crunchbase need a logged-in browser. National register for ID not checked.,2026-10-01T01:11:23Z
karate-labs,Karate Labs,Winter 2022,No evidence found,,,,,,,,,,,,,,,,,,Checked: no post-YC Form D matching the founders; no funding statement on website (6 pages) or YC page. LinkedIn/X/Crunchbase need a logged-in browser.,2026-10-01T01:11:26Z
hippobuild,HippoBuild,Winter 2022,No evidence found,,,,,,,,,,,,,,,,,,Checked: no post-YC Form D matching the founders; no funding statement on website (2 pages) or YC page. LinkedIn/X/Crunchbase need a logged-in browser. National register for CO not checked.,2026-10-01T01:11:24Z
pantore-pay,Pantore Pay,Winter 2022,No evidence found,,,,,,,,,,,,,,,,,,Checked: no post-YC Form D matching the founders; no funding statement on website (2 pages) or YC page. LinkedIn/X/Crunchbase need a logged-in browser. National register for BR not checked.,2026-10-01T01:11:29Z
beu-delivery,beU delivery,Winter 2022,No evidence found,,,,,,,,,,,,,,,,,,Checked: no post-YC Form D matching the founders; no funding statement on website (1 pages) or YC page. LinkedIn/X/Crunchbase need a logged-in browser. National register for ET not checked.,2026-10-01T01:11:27Z
powerdocs,Powerdocs,Winter 2022,No evidence found,,,,,,,,,,,,,,,,,,Checked: no post-YC Form D matching the founders; no funding statement on website (1 pages) or YC page. LinkedIn/X/Crunchbase need a logged-in browser. National register for DE not checked.,2026-10-01T01:11:28Z
cofactr,Cofactr,Winter 2022,Yes,26299972,Equity (per Form D; stage not stated),2023-09-26,,1,SEC Form D,https://www.sec.gov/Archives/edgar/data/1879883/000187988324000001/primary_doc.xml,totalAmountSold: 17208303; totalOfferingAmount: 17754303; dateOfFirstSale: 2024-10-01,0001879883,0001879883-24-000001,17208303,17754303,2024-10-01,Equity; SecurityToBeAcquired,9,Cofactr Inc,High,"2 post-YC Form D offerings summed: 0001879883-23-000002 $9091669 (2023-09-26), 0001879883-24-000001 $17208303 (2024-10-01) pre yc Form D 0001879883-21-000002: sold 112500 first sale 2021-07-16",2026-10-01T01:11:34Z
revoy,Revoy,Winter 2022,No evidence found,,,,,,,,,,,,,,,,,,Checked: no post-YC Form D matching the founders; no funding statement on website (1 pages) or YC page. LinkedIn/X/Crunchbase need a logged-in browser.,2026-10-01T01:11:28Z
korrai,KorrAI,Winter 2022,Yes,1600000,,2022-11-23,,2,Company website,https://www.korrai.com/post/raised-1-6m-to-build-digital-twins-for-the-global-natural-resources-sector,Raised $1.6M to build digital twins for the global natural resources sector,,,,,,,,,High,No matching post-YC Form D found.,2026-10-01T01:11:29Z
beyond-aero,Beyond Aero,Winter 2022,Yes,23860774,Equity (per Form D; stage not stated),2024-04-12,,1,SEC Form D,https://www.sec.gov/Archives/edgar/data/2019023/000201902324000001/primary_doc.xml,totalAmountSold: 23860774; totalOfferingAmount: 23860774; dateOfFirstSale: 2024-04-12,0002019023,0002019023-24-000001,23860774,23860774,2024-04-12,Equity; SecurityToBeAcquired,46,Beyond Aero Inc.,High,,2026-10-01T01:11:29Z
govdash,GovDash,Winter 2022,Yes,35766226,Equity (per Form D; stage not stated),2024-01-23,,1,SEC Form D,https://www.sec.gov/Archives/edgar/data/1896662/000189666226000001/primary_doc.xml,totalAmountSold: 25426233; totalOfferingAmount: 29999978; dateOfFirstSale: 2025-12-22,0001896662,0001896662-26-000001,25426233,29999978,2025-12-22,Equity,4,"Realize, Inc.",High,"Legal name differs from brand; matched on related person(s) Curtis Mason, Sean Doherty, Timothy Goltser, issuer in New York, NY. 2 post-YC Form D offerings summed: 0001896662-24-000002 $10339993 (2024-01-23), 0001896662-26-000001 $25426233 (2025-12-22) Unverified Form D by same-named person: Realize, Inc. 0001896662-21-000001 sold 175000 (first sale 2021-11-19, New York); likely a different person. Unverified Form D by same-named person: Datality, Inc. 0002015728-24-000001 sold 70000 (first sale 2024-03-05, Portsmouth); likely a different person. Tier 2 source states $10M (https://www.govdash.com/blog/govdash-raises-10m-series-a-funding-round); Form D figure kept.",2026-10-01T01:11:38Z
origami-therapeutics-inc,"Origami Therapeutics, Inc.",Winter 2022,No evidence found,,,,,,,,,,,,,,,,,,Checked: no post-YC Form D matching the founders; no funding statement on website (3 pages) or YC page. LinkedIn/X/Crunchbase need a logged-in browser.,2026-10-01T01:11:31Z
cinapse,Cinapse,Winter 2022,No evidence found,,,,,,,,,,,,,,,,,,Checked: no post-YC Form D matching the founders; no funding statement on website (4 pages) or YC page. LinkedIn/X/Crunchbase need a logged-in browser.,2026-10-01T01:11:32Z
airmyne,AirMyne,Winter 2022,Yes,625000,SAFE (per Form D; stage not stated),2022-03-01,,1,SEC Form D,https://www.sec.gov/Archives/edgar/data/1918204/000191820422000002/primary_doc.xml,totalAmountSold: 625000; totalOfferingAmount: 8000000; dateOfFirstSale: 2022-03-01,0001918204,0001918204-22-000002,625000,8000000,2022-03-01,Other; Other: SAFEs,4,"AirMyne, Inc.",High,"First sale is close to batch start, so the Form D total may include YC's $500K.",2026-10-01T01:11:32Z
offbeast,Offbeast,Winter 2022,No evidence found,,,,,,,,,,,,,,,,,,Checked: no post-YC Form D matching the founders; no funding statement on website (1 pages) or YC page. LinkedIn/X/Crunchbase need a logged-in browser.,2026-10-01T01:11:31Z
poko,Poko,Winter 2022,Yes,4500000,,2023-06-14,,4,Press (linked from YC company page),https://www.techinasia.com/poko-raises-4-5m-to-reduce-web3-payments-friction,Poko raises $4.5m to reduce Web3 payments friction,,,,,,,,,Medium,No matching post-YC Form D found.,2026-10-01T01:11:34Z
gosats,GoSats,Winter 2022,Yes,2153600,Seed (Equity per Form D),2026-04-13,,1,SEC Form D,https://www.sec.gov/Archives/edgar/data/2129032/000212903226000001/primary_doc.xml,totalAmountSold: 2153600; totalOfferingAmount: 2153600; dateOfFirstSale: 2026-04-13,0002129032,0002129032-26-000001,2153600,2153600,2026-04-13,Equity,2,SAFFRON TECHNOLOGIES PTE LTD,High,"Legal name differs from brand; matched on related person(s) Mohammed Roshan, Roshni Aslam, issuer in Singapore, U0. Tier 4 source states $700,000  (https://www.livemint.com/companies/start-ups/bitcoin-rewards-company-gosats-raises-700-000-in-seed-funding-11628064005908.html); Form D figure kept.",2026-10-01T01:11:34Z
cellbyte,Cellbyte,Winter 2022,Yes,2750000,,,,2,Company website,https://www.cellbyte.com/company,Cellbyte raises $2.75 million to cut pharmaceutical drug launch timelines in half with AI.,,,,,,,,,High,Round date not stated on the source page; assumed post-YC because it is presented as current news. No matching post-YC Form D found.,2026-10-01T01:11:33Z
dealls-jobs-and-mentoring,Dealls – Jobs & Mentoring,Winter 2022,No evidence found,,,,,,,,,,,,,,,,,,Checked: no post-YC Form D matching the founders; no funding statement on website (2 pages) or YC page. LinkedIn/X/Crunchbase need a logged-in browser. National register for ID not checked.,2026-10-01T01:11:34Z
impossible-metals,Impossible Metals,Winter 2022,Yes,10100000,Seed,,,2,Company website,https://impossiblemetals.com/news-posts/,Impossible Metals – Closes $10.1M in Seed funding and announces its key advisors.,,,,,,,,,High,Round date not stated on the source page; assumed post-YC because it is presented as current news. No matching post-YC Form D found.,2026-10-01T01:11:36Z
trusty,Trusty,Winter 2022,No evidence found,,,,,,,,,,,,,,,,,,Checked: no post-YC Form D matching the founders; no funding statement on website (2 pages) or YC page. LinkedIn/X/Crunchbase need a logged-in browser.,2026-10-01T01:11:36Z
query-vary,Query Vary,Winter 2022,No evidence found,,,,,,,,,,,,,,,,,,Checked: no post-YC Form D matching the founders; no funding statement on website (0 pages) or YC page. LinkedIn/X/Crunchbase need a logged-in browser.,2026-10-01T01:11:36Z
circular,Circular,Winter 2022,Yes,7600000,,2023-10-09,,4,Press (linked from YC company page),https://e27.co/circular-raises-us7-6m-funding-for-electronic-gadgets-subscription-service-20231009/,Circular raises US$7.6M funding for electronic gadgets subscription service | e27,,,,,,,,,Medium,No matching post-YC Form D found.,2026-10-01T01:12:02Z
powerhouse-ai,Powerhouse AI,Winter 2022,No evidence found,,,,,,,,,,,,,,,,,,Checked: no post-YC Form D matching the founders; no funding statement on website (1 pages) or YC page. LinkedIn/X/Crunchbase need a logged-in browser. National register for SG not checked.,2026-10-01T01:11:37Z
gimo,GIMO,Winter 2022,Yes,17100000,Bridge,,,2,Company website,https://gimo.vn/en/,Social Impact Fintech GIMO Raises US$17.1M To Fuel Expansion And Bridge Financial Inclusion Gap In Vietnam .,,,,,,,,,High,"Unverified Form D by same-named person: Madison Air Solutions Corp 0002098430-26-000001 sold 10870596090 (first sale 2026-04-15, Chicago); likely a different person. Round date not stated on the source page; assumed post-YC because it is presented as current news. No matching post-YC Form D found.",2026-10-01T01:11:39Z
olympian-motors,Olympian Motors,Winter 2022,No evidence found,,,,,,,,,,,,,,,,,,Checked: no post-YC Form D matching the founders; no funding statement on website (6 pages) or YC page. LinkedIn/X/Crunchbase need a logged-in browser.,2026-10-01T01:11:38Z
netmaker,Netmaker,Winter 2022,No evidence found,,,,,,,,,,,,,,,,,,Checked: no post-YC Form D matching the founders; no funding statement on website (2 pages) or YC page. LinkedIn/X/Crunchbase need a logged-in browser.,2026-10-01T01:11:38Z
the-ankler,The Ankler,Winter 2022,No evidence found,,,,,,,,,,,,,,,,,,Checked: no post-YC Form D matching the founders; no funding statement on website (11 pages) or YC page. LinkedIn/X/Crunchbase need a logged-in browser.,2026-10-01T01:11:39Z
darsel,Darsel,Winter 2022,No evidence found,,,,,,,,,,,,,,,,,,Checked: no post-YC Form D matching the founders; no funding statement on website (1 pages) or YC page. LinkedIn/X/Crunchbase need a logged-in browser. National register for JO not checked.,2026-10-01T01:11:38Z
kenobi,Kenobi,Winter 2022,No evidence found,,,,,,,,,,,,,,,,,,Checked: no post-YC Form D matching the founders; no funding statement on website (1 pages) or YC page. LinkedIn/X/Crunchbase need a logged-in browser.,2026-10-01T01:11:41Z
heptabase,Heptabase,Winter 2022,No evidence found,,,,,,,,,,,,,,,,,,"Unverified Form D by same-named person: Joy Memories, Inc. 0001978325-23-000001 sold 8072418 (first sale 2023-05-26, Oakland); likely a different person. Unverified Form D by same-named person: Comenta Corp 0002075993-25-000001 sold 37000 (first sale 2025-06-23, Foster City); likely a different person. Checked: no post-YC Form D matching the founders; no funding statement on website (1 pages) or YC page. LinkedIn/X/Crunchbase need a logged-in browser.",2026-10-01T01:11:50Z
reviving-mind,Reviving Mind,Winter 2022,No evidence found,,,,,,,,,,,,,,,,,,"Unverified Form D by same-named person: Tellius, Inc. 0001860364-22-000003 sold 15999994 (first sale 2022-09-14, Reston); likely a different person. Unverified Form D by same-named person: Synchron, Inc. 0001864980-22-000002 sold 72287927 (first sale 2022-11-07, Campbell); likely a different person. Unverified Form D by same-named person: Synchron, Inc. 0001864980-22-000001 sold 49902952 (first sale 2022-11-07, Brooklyn); likely a different person. Unverified Form D by same-named person: Tellius, Inc. 0001860364-25-000003 sold 3099996 (first sale 2025-10-27, Herndon); likely a different person. Checked: no post-YC Form D matching the founders; no funding statement on website (2 pages) or YC page. LinkedIn/X/Crunchbase need a logged-in browser.",2026-10-01T01:11:49Z
koko-2,Koko,Winter 2022,No evidence found,,,,,,,,,,,,,,,,,,Checked: no post-YC Form D matching the founders; no funding statement on website (1 pages) or YC page. LinkedIn/X/Crunchbase need a logged-in browser.,2026-10-01T01:11:47Z
ayc-fund,AYC Fund,Winter 2022,No evidence found,,,,,,,,,,,,,,,,,,Checked: no post-YC Form D matching the founders; no funding statement on website (7 pages) or YC page. LinkedIn/X/Crunchbase need a logged-in browser. National register for KR not checked.,2026-10-01T01:11:41Z
finku,Finku,Winter 2022,Yes,2800000,Seed,2022-05-13,B Capital,4,Press (linked from YC company page),https://technode.global/2022/05/13/finku-secures-2-8m-seed-funding-led-by-b-capital-trihill-global-founders-capital-to-boost-its-indonesian-expansion/,"Finku secures $2.8M Seed funding led by B Capital, Trihill & Global Founders Capital to boost its Indonesian expansion - TechNode Global",,,,,,,,,Medium,No matching post-YC Form D found.,2026-10-01T01:11:41Z
postal,Postal,Winter 2022,Yes,4700000,Equity (per Form D; stage not stated),2022-04-13,,1,SEC Form D,https://www.sec.gov/Archives/edgar/data/1925798/000192579822000001/primary_doc.xml,totalAmountSold: 4700000; totalOfferingAmount: 4800000; dateOfFirstSale: 2022-04-13,0001925798,0001925798-22-000001,4700000,4800000,2022-04-13,Equity; OptionToAcquire,11,"Plover Parametrics, Inc.",High,"Legal name differs from brand; matched on related person(s) Max Clarke, Tommy Peeples, issuer in New York, NY.",2026-10-01T01:11:44Z
avocademy,Avocademy,Winter 2022,No evidence found,,,,,,,,,,,,,,,,,,Checked: no post-YC Form D matching the founders; no funding statement on website (1 pages) or YC page. LinkedIn/X/Crunchbase need a logged-in browser.,2026-10-01T01:11:44Z
mahaana-wealth,Mahaana Wealth,Winter 2022,Yes,2100000,Pre-Seed,,,2,Company website,https://www.mahaana.com/investor-education,Mahaana Wealth raises $2.1m in pre-seed round.,,,,,,,,,High,Round date not stated on the source page; assumed post-YC because it is presented as current news. No matching post-YC Form D found.,2026-10-01T01:11:43Z
codec,Codec,Winter 2022,No evidence found,,,,,,,,,,,,,,,,,,Checked: no post-YC Form D matching the founders; no funding statement on website (1 pages) or YC page. LinkedIn/X/Crunchbase need a logged-in browser.,2026-10-01T01:11:44Z
workflow86,Workflow86,Winter 2022,No evidence found,,,,,,,,,,,,,,,,,,Checked: no post-YC Form D matching the founders; no funding statement on website (3 pages) or YC page. LinkedIn/X/Crunchbase need a logged-in browser.,2026-10-01T01:11:46Z
wantd,WANTD,Winter 2022,No evidence found,,,,,,,,,,,,,,,,,,"Unverified Form D by same-named person: Casa Blossom LLC 0002148162-26-000001 sold 170000 (first sale 2026-07-17, Brooklyn); likely a different person. Checked: no post-YC Form D matching the founders; no funding statement on website (0 pages) or YC page. LinkedIn/X/Crunchbase need a logged-in browser.",2026-10-01T01:11:48Z
humand,Humand,Winter 2022,Yes,77490412,Equity (per Form D; stage not stated),2025-11-10,,1,SEC Form D,https://www.sec.gov/Archives/edgar/data/2097425/000209742526000001/primary_doc.xml,totalAmountSold: 77490412; totalOfferingAmount: 77490412; dateOfFirstSale: 2025-11-10,0002097425,0002097425-26-000001,77490412,77490412,2025-11-10,Equity,87,Humand Holdings Ltd,High,,2026-10-01T01:11:47Z
blink-new,Blink,Winter 2022,No evidence found,,,,,,,,,,,,,,,,,,Checked: no post-YC Form D matching the founders; no funding statement on website (12 pages) or YC page. LinkedIn/X/Crunchbase need a logged-in browser.,2026-10-01T01:11:56Z
unravel-carbon,Unravel Carbon,Winter 2022,Yes,7380000,Seed,,,2,Company website,https://www.unravelcarbon.com/press,SG climate platform Unravel Carbon raises $7.38m seed round.,,,,,,,,,High,Round date not stated on the source page; assumed post-YC because it is presented as current news. No matching post-YC Form D found.,2026-10-01T01:12:16Z
rthm,RTHM,Winter 2022,No evidence found,,,,,,,,,,,,,,,,,,Checked: no post-YC Form D matching the founders; no funding statement on website (2 pages) or YC page. LinkedIn/X/Crunchbase need a logged-in browser.,2026-10-01T01:11:51Z
rallyuxr,Rally,Winter 2022,Yes,19854977,Equity (per Form D; stage not stated),2024-02-13,,1,SEC Form D,https://www.sec.gov/Archives/edgar/data/2013799/000123191925000082/primary_doc.xml,totalAmountSold: 10999988; totalOfferingAmount: 11000000; dateOfFirstSale: 2025-04-07,0002013799,0001231919-25-000082,10999988,11000000,2025-04-07,Equity,12,"Rally HQ, Inc.",High,"2 post-YC Form D offerings summed: 0001231919-24-000030 $8854989 (2024-02-13), 0001231919-25-000082 $10999988 (2025-04-07) Tier 2 source states $11M (https://www.rallyuxr.com/post/rally-raises-11m-to-supercharge-the-future-of-user-research); Form D figure kept.",2026-10-01T01:11:53Z
housewarming,Housewarming,Winter 2022,No evidence found,,,,,,,,,,,,,,,,,,Checked: no post-YC Form D matching the founders; no funding statement on website (1 pages) or YC page. LinkedIn/X/Crunchbase need a logged-in browser.,2026-10-01T01:11:53Z
arpari,Arpari,Winter 2022,Yes,4112000,OptionToAcquire; SecurityToBeAcquired (per Form D; stage not stated),2022-03-07,,1,SEC Form D,https://www.sec.gov/Archives/edgar/data/1916928/000191692824000002/primary_doc.xml,totalAmountSold: 3000000; totalOfferingAmount: 3000000; dateOfFirstSale: 2024-06-20,0001916928,0001916928-24-000002,3000000,3000000,2024-06-20,OptionToAcquire; SecurityToBeAcquired,1,"ARPARI, INC.",High,"2 post-YC Form D offerings summed: 0001916928-22-000002 $1112000 (2022-03-07), 0001916928-24-000002 $3000000 (2024-06-20)",2026-10-01T01:12:00Z
fleek,Fleek,Winter 2022,Yes,14879258,Equity (per Form D; stage not stated),2023-12-22,,1,SEC Form D,https://www.sec.gov/Archives/edgar/data/2017739/000201773924000001/primary_doc.xml,totalAmountSold: 14879258; totalOfferingAmount: 14999973; dateOfFirstSale: 2023-12-22,0002017739,0002017739-24-000001,14879258,14999973,2023-12-22,Equity,5,Fleek Commerce Inc.,High,"Form D clarification: Series A Preferred Stock, and the Common Stock issuable upon conversion thereof. Tier 4 source states $25 million (https://fortune.com/2026/07/08/fleek-an-online-marketplace-connecting-vintage-clothing-wholesalers-and-retailers-raises-25-million-in-new-funding/); Form D figure kept.",2026-10-01T01:11:55Z
yhangry,yhangry,Winter 2022,No evidence found,,,,,,,,,,,,,,,,,,Checked: no post-YC Form D matching the founders; no funding statement on website (0 pages) or YC page. LinkedIn/X/Crunchbase need a logged-in browser.,2026-10-01T01:11:54Z
gojom,GoJom,Winter 2022,No evidence found,,,,,,,,,,,,,,,,,,Checked: no post-YC Form D matching the founders; no funding statement on website (1 pages) or YC page. LinkedIn/X/Crunchbase need a logged-in browser. National register for PE not checked.,2026-10-01T01:12:00Z
float-health,Float Health,Winter 2022,Yes,9990994,Series A (Equity per Form D),2023-06-30,,1,SEC Form D,https://www.sec.gov/Archives/edgar/data/1987169/000198716923000001/primary_doc.xml,totalAmountSold: 9990994; totalOfferingAmount: 9999998; dateOfFirstSale: 2023-06-30,0001987169,0001987169-23-000001,9990994,9999998,2023-06-30,Equity,10,Float Health Inc.,High,"Unverified Form D by same-named person: Fernbrook Office JV, LLC 0001972333-23-000001 sold 3049500 (first sale 2023-03-17, Bloomington); likely a different person. Unverified Form D by same-named person: Eternal Realm Productions, LLC 0001976891-23-000001 sold 0 (first sale yetToOccur, Fort Worth); likely a different person. Unverified Form D by same-named person: CA Land Group, LLC 0001981933-23-000001 sold 10750000 (first sale 2023-06-06, Blue Bell); likely a different person. Unverified Form D by same-named person: VBS Undercover, LLC 0001991501-23-000001 sold 0 (first sale yetToOccur, Fort Worth); likely a different person. Unverified Form D by same-named person: Vital Network, Inc. 0001235802-23-000104 sold 250000 (first sale 2023-09-05, Golden Valley); likely a different person. Unverified Form D by same-named person: Minnetonka Marsh, LLC 0001999713-23-000001 sold 3737500 (first sale 2023-10-23, Blue Bell); likely a different person. Unverified Form D by same-named person: CineSky Entertainment, LLC 0002013459-24-000001 sold 0 (first sale yetToOccur, Fort Worth); likely a different person. Unverified Form D by same-named person: Xona Space Systems Inc. 0001920779-24-000004 sold 30695681 (first sale 2024-04-19, Burlingame); likely a different person. Unverified Form D by same-named person: Duco-Shamrock Holdings, LLC 0001615594-24-000048 sold 11750000 (first sale 2024-10-29, Edina); likely a different person. Unverified Form D by same-named person: SkillCycle, Inc. 0001",2026-10-01T01:12:29Z
belozfi,BelozFi,Winter 2022,No evidence found,,,,,,,,,,,,,,,,,,Checked: no post-YC Form D matching the founders; no funding statement on website (2 pages) or YC page. LinkedIn/X/Crunchbase need a logged-in browser. National register for MX not checked.,2026-10-01T01:11:58Z
shaped,Shaped,Winter 2022,Yes,8000000,Series A,,,2,Company website,https://www.shaped.ai/blog/shaped-raises-series-a,We are thrilled to announce that Shaped has secured $8 million USD in Series A funding to make AI-powered personalization radically easier.,,,,,,,,,High,Round date not stated on the source page; assumed post-YC because it is presented as current news. Other stated figure: $1.9M (https://www.shaped.ai/blog/1-9m-funding-round). No matching post-YC Form D found.,2026-10-01T01:11:57Z
vobi,Vobi,Winter 2022,No evidence found,,,,,,,,,,,,,,,,,,Checked: no post-YC Form D matching the founders; no funding statement on website (7 pages) or YC page. LinkedIn/X/Crunchbase need a logged-in browser. National register for BR not checked.,2026-10-01T01:12:05Z
clupp,Clupp,Winter 2022,No evidence found,,,,,,,,,,,,,,,,,,Checked: no post-YC Form D matching the founders; no funding statement on website (2 pages) or YC page. LinkedIn/X/Crunchbase need a logged-in browser. National register for MX not checked.,2026-10-01T01:12:06Z
quik,QUIK,Winter 2022,No evidence found,,,,,,,,,,,,,,,,,,Checked: no post-YC Form D matching the founders; no funding statement on website (10 pages) or YC page. LinkedIn/X/Crunchbase need a logged-in browser. National register for VE not checked.,2026-10-01T01:12:06Z
status,Status,Winter 2022,Yes,17000000,,2026-05-19,,4,Press (linked from YC company page),https://techcrunch.com/2026/05/19/gamified-social-media-network-status-announces-17m-funding-to-help-usher-in-new-era-of-social-networking/,Forget the feed: Status AI raises $17M to turn social media into interactive entertainment | TechCrunch,,,,,,,,,Medium,No matching post-YC Form D found.,2026-10-01T01:12:06Z
soteri-skin,SOTERI SKIN,Winter 2022,No evidence found,,,,,,,,,,,,,,,,,,Checked: no post-YC Form D matching the founders; no funding statement on website (1 pages) or YC page. LinkedIn/X/Crunchbase need a logged-in browser.,2026-10-01T01:12:03Z
spade,Spade,Winter 2022,Yes,6124986,Seed (Equity per Form D),2022-04-29,,1,SEC Form D,https://www.sec.gov/Archives/edgar/data/1908819/000190881922000001/primary_doc.xml,totalAmountSold: 6124986; totalOfferingAmount: 6124986; dateOfFirstSale: 2022-04-29,0001908819,0001908819-22-000001,6124986,6124986,2022-04-29,Equity,22,Spade Data Inc.,High,"Form D clarification: $1,125,000 of the Total Offering Amount and Total Amount Sold was accounted for by the conversion of certain outstanding convertible securities; the remaining $4,999,986 was accounted for by new capit Tier 4 source states $40M (https://www.axios.com/pro/fintech-deals/2026/03/24/spade-40m-bank-transaction-data-tools); Form D figure kept.",2026-10-01T01:12:07Z
fogbender,Fogbender,Winter 2022,No evidence found,,,,,,,,,,,,,,,,,,Checked: no post-YC Form D matching the founders; no funding statement on website (10 pages) or YC page. LinkedIn/X/Crunchbase need a logged-in browser.,2026-10-01T01:12:04Z
propelauth,PropelAuth,Winter 2022,Yes,2590000,,2022-07-27,,4,Press (linked from YC company page),https://techfundingnews.com/propelauth-raises-2-59m-to-address-the-specific-authentication-requirements-of-b2b-companies/,PropelAuth raises $2.59M to address the specific authentication requirements of B2B companies — TFN,,,,,,,,,Medium,No matching post-YC Form D found.,2026-10-01T01:12:09Z
argument-computer-corporation,Argument Computer Corporation,Winter 2022,Yes,9135995,Equity (per Form D; stage not stated),2024-01-16,,1,SEC Form D,https://www.sec.gov/Archives/edgar/data/1931352/000193135224000001/primary_doc.xml,totalAmountSold: 9135995; totalOfferingAmount: 9135995; dateOfFirstSale: 2024-01-16,0001931352,0001931352-24-000001,9135995,9135995,2024-01-16,Equity,39,"YATIMA, INC",High,"Legal name differs from brand; matched on related person(s) John Burnham, Samuel Burnham, issuer in Newton, MA.",2026-10-01T01:12:13Z
topship,Topship,Winter 2022,Yes,2500000,,2022-05-16,,4,Press (linked from YC company page),https://techcrunch.com/2022/05/16/nigerian-freight-and-e-commerce-provider-topship-raises-2-5m-from-flexport-and-yc/,Topship raises $2.5M from Flexport and YC to build Flexport for Africa - TC,,,,,,,,,Medium,No matching post-YC Form D found.,2026-10-01T01:12:10Z
amal-invest,Amal Invest,Winter 2022,No evidence found,,,,,,,,,,,,,,,,,,Checked: no post-YC Form D matching the founders; no funding statement on website (7 pages) or YC page. LinkedIn/X/Crunchbase need a logged-in browser. National register for BH not checked.,2026-10-01T01:12:09Z
snab,SNAB,Winter 2022,No evidence found,,,,,,,,,,,,,,,,,,Checked: no post-YC Form D matching the founders; no funding statement on website (4 pages) or YC page. LinkedIn/X/Crunchbase need a logged-in browser. National register for ES not checked.,2026-10-01T01:12:13Z
attain,Attain,Winter 2022,No evidence found,,,,,,,,,,,,,,,,,,Checked: no post-YC Form D matching the founders; no funding statement on website (2 pages) or YC page. LinkedIn/X/Crunchbase need a logged-in browser.,2026-10-01T01:12:12Z
better-opinions,Better Opinions,Winter 2022,No evidence found,,,,,,,,,,,,,,,,,,Checked: no post-YC Form D matching the founders; no funding statement on website (0 pages) or YC page. LinkedIn/X/Crunchbase need a logged-in browser. National register for IN not checked.,2026-10-01T01:12:14Z
venue-ink,Venue.ink,Winter 2022,Yes,4000000,,2022-08-17,,4,Press (linked from YC company page),https://techcrunch.com/2022/08/17/venue-raises-4m-from-accel-and-the-ceos-of-slack-remote-and-squarespace-to-give-team-wide-video-meetings-a-new-breath-of-life/,"Venue raises $4M from Accel and the CEOs of Slack, Remote, and SquareSpace to give team-wide video meetings a new breath of life –",,,,,,,,,Medium,No matching post-YC Form D found.,2026-10-01T01:12:14Z
unison,UNISON,Winter 2022,No evidence found,,,,,,,,,,,,,,,,,,Checked: no post-YC Form D matching the founders; no funding statement on website (1 pages) or YC page. LinkedIn/X/Crunchbase need a logged-in browser.,2026-10-01T01:12:32Z
iotflows-inc,IoTFlows Inc,Winter 2022,No evidence found,,,,,,,,,,,,,,,,,,Checked: no post-YC Form D matching the founders; no funding statement on website (1 pages) or YC page. LinkedIn/X/Crunchbase need a logged-in browser.,2026-10-01T01:12:16Z
inden,Inden,Winter 2022,No evidence found,,,,,,,,,,,,,,,,,,Checked: no post-YC Form D matching the founders; no funding statement on website (1 pages) or YC page. LinkedIn/X/Crunchbase need a logged-in browser. National register for CA not checked.,2026-10-01T01:12:16Z
joon-health,Joon Health,Winter 2022,No evidence found,,,,,,,,,,,,,,,,,,Checked: no post-YC Form D matching the founders; no funding statement on website (1 pages) or YC page. LinkedIn/X/Crunchbase need a logged-in browser.,2026-10-01T01:12:21Z
pina,PINA,Winter 2022,No evidence found,,,,,,,,,,,,,,,,,,Checked: no post-YC Form D matching the founders; no funding statement on website (3 pages) or YC page. LinkedIn/X/Crunchbase need a logged-in browser. National register for ID not checked.,2026-10-01T01:12:23Z
numida,Numida,Winter 2022,No evidence found,,,,,,,,,,,,,,,,,,Checked: no post-YC Form D matching the founders; no funding statement on website (3 pages) or YC page. LinkedIn/X/Crunchbase need a logged-in browser. National register for UG not checked.,2026-10-01T01:12:20Z
brainboard,Brainboard,Winter 2022,No evidence found,,,,,,,,,,,,,,,,,,Checked: no post-YC Form D matching the founders; no funding statement on website (3 pages) or YC page. LinkedIn/X/Crunchbase need a logged-in browser.,2026-10-01T01:12:23Z
top-road,Top Road,Winter 2022,No evidence found,,,,,,,,,,,,,,,,,,Checked: no post-YC Form D matching the founders; no funding statement on website (2 pages) or YC page. LinkedIn/X/Crunchbase need a logged-in browser. National register for AU not checked.,2026-10-01T01:12:20Z
ponyrun,Ponyrun,Winter 2022,No evidence found,,,,,,,,,,,,,,,,,,Checked: no post-YC Form D matching the founders; no funding statement on website (0 pages) or YC page. LinkedIn/X/Crunchbase need a logged-in browser.,2026-10-01T01:12:22Z
andson-biotech,Andson Biotech,Winter 2022,Yes,8335000,Equity (per Form D; stage not stated),2024-03-12,,1,SEC Form D,https://www.sec.gov/Archives/edgar/data/2017131/000201713125000004/primary_doc.xml,totalAmountSold: 4735000; totalOfferingAmount: 5000000; dateOfFirstSale: 2025-10-17,0002017131,0002017131-25-000004,4735000,5000000,2025-10-17,Equity,29,Andson Biotech Inc.,High,"2 post-YC Form D offerings summed: 0002017131-24-000001 $3600000 (2024-03-12), 0002017131-25-000004 $4735000 (2025-10-17)",2026-10-01T01:12:25Z
torpedo-therapeutics,Torpedo Therapeutics,Winter 2022,No evidence found,,,,,,,,,,,,,,,,,,"Unverified Form D by same-named person: Neural Dynamics Technologies Inc. 0001925873-22-000002 sold 180000 (first sale 2022-03-28, Newton); likely a different person. Unverified Form D by same-named person: Neural Dynamics Technologies Inc. 0001925873-24-000003 sold 60000 (first sale 2024-07-01, Cambridge); likely a different person. Checked: no post-YC Form D matching the founders; no funding statement on website (2 pages) or YC page. LinkedIn/X/Crunchbase need a logged-in browser.",2026-10-01T01:12:26Z
theneo,Theneo,Winter 2022,No evidence found,,,,,,,,,,,,,,,,,,Checked: no post-YC Form D matching the founders; no funding statement on website (6 pages) or YC page. LinkedIn/X/Crunchbase need a logged-in browser. National register for GE not checked.,2026-10-01T01:12:24Z
kular,Kular,Winter 2022,No evidence found,,,,,,,,,,,,,,,,,,"Unverified Form D by same-named person: Kula Technology Labs, Inc. 0001921948-22-000001 sold 596100 (first sale 2022-03-22, New York); likely a different person. Unverified Form D by same-named person: Kula Technology Labs, Inc. 0001921948-23-000001 sold 27000 (first sale 2022-12-31, New York); likely a different person. Unverified Form D by same-named person: Kula Technology Labs, Inc. 0001921948-23-000002 sold 250000 (first sale 2023-07-31, New York); likely a different person. Unverified Form D by same-named person: Kula Technology Labs, Inc. 0001921948-24-000001 sold 500000 (first sale 2024-10-15, New York); likely a different person. Checked: no post-YC Form D matching the founders; no funding statement on website (0 pages) or YC page. LinkedIn/X/Crunchbase need a logged-in browser.",2026-10-01T01:12:28Z
talentropy-ai,Talentropy.ai,Winter 2022,No evidence found,,,,,,,,,,,,,,,,,,Checked: no post-YC Form D matching the founders; no funding statement on website (1 pages) or YC page. LinkedIn/X/Crunchbase need a logged-in browser. National register for CO not checked.,2026-10-01T01:12:25Z
bemlo,Bemlo,Winter 2022,Yes,3400000,Seed,,,2,Company website,https://www.bemlo.com/en/blog,Announcing our $3.4 million seed round.,,,,,,,,,High,Round date not stated on the source page; assumed post-YC because it is presented as current news. No matching post-YC Form D found.,2026-10-01T01:12:30Z
rome,Rome,Winter 2022,No evidence found,,,,,,,,,,,,,,,,,,"Unverified Form D by same-named person: Frites Street Fries, Inc. 0001882621-24-000001 sold 2715820 (first sale 2024-06-21, Scottsdale); likely a different person. Unverified Form D by same-named person: Frites Street Fries, Inc. 0001882621-24-000002 sold 250000 (first sale 2024-08-06, Scottsdale); likely a different person. Checked: no post-YC Form D matching the founders; no funding statement on website (10 pages) or YC page. LinkedIn/X/Crunchbase need a logged-in browser.",2026-10-01T01:12:56Z
broccoli-ai,Broccoli AI,Winter 2022,Yes,23692704,Equity (per Form D; stage not stated),2026-01-16,,1,SEC Form D,https://www.sec.gov/Archives/edgar/data/2112989/000211298926000001/primary_doc.xml,totalAmountSold: 23692704; totalOfferingAmount: 26642696; dateOfFirstSale: 2026-01-16,0002112989,0002112989-26-000001,23692704,26642696,2026-01-16,Equity,22,"Broccoli Intelligence, Inc.",High,"Unverified Form D by same-named person: Kotofit Inc. 0002150342-26-000001 sold 795000 (first sale 2026-07-28, Jersey City); likely a different person. Form D clarification: Offering includes conversion of Simple Agreements for Future Equity (SAFEs)",2026-10-01T01:12:44Z
vimmerse,Vimmerse,Winter 2022,No evidence found,,,,,,,,,,,,,,,,,,Checked: no post-YC Form D matching the founders; no funding statement on website (1 pages) or YC page. LinkedIn/X/Crunchbase need a logged-in browser.,2026-10-01T01:12:38Z
duplo,Duplo,Winter 2022,Yes,1300000,Pre-Seed,2022-02-10,,4,Press (linked from YC company page),https://techcrunch.com/2022/02/10/yc-backed-duplo-raises-1-3m-pre-seed-to-build-financial-os-for-b2b-companies-in-nigeria/,YC-backed Duplo raises $1.3M pre-seed to build financial OS for B2B companies in Nigeria – TechCrunch,,,,,,,,,Medium,No matching post-YC Form D found.,2026-10-01T01:12:49Z
material-depot,Material Depot,Winter 2022,No evidence found,,,,,,,,,,,,,,,,,,Checked: no post-YC Form D matching the founders; no funding statement on website (4 pages) or YC page. LinkedIn/X/Crunchbase need a logged-in browser. National register for IN not checked.,2026-10-01T01:12:41Z
savein,SaveIN,Winter 2022,No evidence found,,,,,,,,,,,,,,,,,,Checked: no post-YC Form D matching the founders; no funding statement on website (0 pages) or YC page. LinkedIn/X/Crunchbase need a logged-in browser. National register for IN not checked.,2026-10-01T01:12:39Z
dimorder,DimOrder,Winter 2022,No evidence found,,,,,,,,,,,,,,,,,,Checked: no post-YC Form D matching the founders; no funding statement on website (10 pages) or YC page. LinkedIn/X/Crunchbase need a logged-in browser. National register for HK not checked.,2026-10-01T01:12:37Z
courtyard-io,Courtyard.io,Winter 2022,Yes,7000000,,2022-11-02,,4,Press (linked from YC company page),https://www.businessinsider.com/courtyard-y-combinator-web3-nfts-startup-vc-funding-nea-brinks-2022-11,Courtyard Raises $7 Million to Turn Collectibles Into NFTs,,,,,,,,,Medium,No matching post-YC Form D found.,2026-10-01T01:12:36Z
carbon-crusher,Carbon Crusher,Winter 2022,No evidence found,,,,,,,,,,,,,,,,,,Checked: no post-YC Form D matching the founders; no funding statement on website (0 pages) or YC page. LinkedIn/X/Crunchbase need a logged-in browser. National register for NO not checked.,2026-10-01T01:12:41Z
nullstone,Nullstone,Winter 2022,No evidence found,,,,,,,,,,,,,,,,,,Checked: no post-YC Form D matching the founders; no funding statement on website (4 pages) or YC page. LinkedIn/X/Crunchbase need a logged-in browser.,2026-10-01T01:12:39Z
take-app,Take App,Winter 2022,Yes,1000000,Seed,2022-08-16,,4,Press (linked from YC company page),https://www.techinasia.com/meta-yc-join-1m-seed-funding-singapores-whatsapp-ordering-platform,"Meta, YC join $1m seed round of SG-based WhatsApp ordering platform",,,,,,,,,Medium,No matching post-YC Form D found.,2026-10-01T01:12:40Z
botcity,BotCity,Winter 2022,Yes,2500000,Seed,2021-12-16,SoftBank,4,Press (linked from YC company page),https://londonlovestech.com/brazilian-computer-vision-automation-botcity-raises-25-million-seed-round-from-softbank/,"Brazilian computer-vision automation BotCity raises $2,5 million seed round from Softbank - London Tech News | londonlovestech.com",,,,,,,,,Medium,"Manual review: '$2,5 million' is $2.5M (European decimal comma).",2026-10-01T01:12:41Z
partna,Partna,Winter 2022,No evidence found,,,,,,,,,,,,,,,,,,Checked: no post-YC Form D matching the founders; no funding statement on website (4 pages) or YC page. LinkedIn/X/Crunchbase need a logged-in browser.,2026-10-01T01:12:42Z
cinder-2,Cinder,Winter 2022,Yes,12755318,Series B (Equity per Form D),2022-11-18,,1,SEC Form D,https://www.sec.gov/Archives/edgar/data/1955803/000195580322000001/primary_doc.xml,totalAmountSold: 12755318; totalOfferingAmount: 13705347; dateOfFirstSale: 2022-11-18,0001955803,0001955803-22-000001,12755318,13705347,2022-11-18,Equity,30,"Cinder Technologies, Inc.",High,Tier 2 source states $41 million (https://cinder.ai); Form D figure kept.,2026-10-01T01:12:45Z
nash-2,Nash,Winter 2022,No evidence found,,,,,,,,,,,,,,,,,,Checked: no post-YC Form D matching the founders; no funding statement on website (1 pages) or YC page. LinkedIn/X/Crunchbase need a logged-in browser.,2026-10-01T01:12:46Z
rank,Rank (formerly Moni),Winter 2022,No evidence found,,,,,,,,,,,,,,,,,,Checked: no post-YC Form D matching the founders; no funding statement on website (6 pages) or YC page. LinkedIn/X/Crunchbase need a logged-in browser. National register for NG not checked.,2026-10-01T01:12:44Z
cash-flow-portal,Cash Flow Portal,Winter 2022,No evidence found,,,,,,,,,,,,,,,,,,Checked: no post-YC Form D matching the founders; no funding statement on website (10 pages) or YC page. LinkedIn/X/Crunchbase need a logged-in browser.,2026-10-01T01:12:46Z
airwork,Airwork,Winter 2022,No evidence found,,,,,,,,,,,,,,,,,,Checked: no post-YC Form D matching the founders; no funding statement on website (2 pages) or YC page. LinkedIn/X/Crunchbase need a logged-in browser. National register for CA not checked.,2026-10-01T01:12:44Z
simplifyd-systems,Simplifyd Systems,Winter 2022,No evidence found,,,,,,,,,,,,,,,,,,Checked: no post-YC Form D matching the founders; no funding statement on website (1 pages) or YC page. LinkedIn/X/Crunchbase need a logged-in browser.,2026-10-01T01:12:47Z
durioo,Durioo,Winter 2022,Yes,2850000,Seed,2023-03-01,Y Combinator and Gobi Partners,4,Press (linked from YC company page),https://technode.global/2023/03/01/malaysias-durioo-raises-2-85m-in-seed-round-led-by-y-combinator-and-gobi-partners/,Malaysia's Durioo+ raises $2.85M in seed round led by Y Combinator and Gobi Partners - TechNode Global,,,,,,,,,Medium,No matching post-YC Form D found.,2026-10-01T01:12:46Z
goodfin,goodfin,Winter 2022,No evidence found,,,,,,,,,,,,,,,,,,Checked: no post-YC Form D matching the founders; no funding statement on website (2 pages) or YC page. LinkedIn/X/Crunchbase need a logged-in browser.,2026-10-01T01:12:49Z
trackingplan,Trackingplan,Winter 2022,No evidence found,,,,,,,,,,,,,,,,,,Checked: no post-YC Form D matching the founders; no funding statement on website (6 pages) or YC page. LinkedIn/X/Crunchbase need a logged-in browser. National register for ES not checked.,2026-10-01T01:12:58Z
arintra,Arintra,Winter 2022,Yes,51000000,,,,2,Company website,https://www.arintra.com/resources/press-release/arintra-banks-25m-series-b-funding-round-for-ai-driven-revenue-assurance-platform,"Arintra has raised $51 million to date, according to Shroff..",,,,,,,,,High,Round date not stated on the source page; assumed post-YC because it is presented as current news. No matching post-YC Form D found.,2026-10-01T01:12:49Z
smarthelio,SmartHelio,Winter 2022,No evidence found,,,,,,,,,,,,,,,,,,Checked: no post-YC Form D matching the founders; no funding statement on website (4 pages) or YC page. LinkedIn/X/Crunchbase need a logged-in browser. National register for CH not checked.,2026-10-01T01:12:50Z
sprites,Sprites,Winter 2022,Yes,3950000,,2024-09-12,,4,Press (linked from YC company page),https://venturebeat.com/ai/campfire-raises-3-95m-for-generative-ai-game-tool-sprites/,Campfire raises $3.95M for generative AI game tool Sprites | VentureBeat,,,,,,,,,Medium,No matching post-YC Form D found.,2026-10-01T01:12:49Z
benson,Benson,Winter 2022,No evidence found,,,,,,,,,,,,,,,,,,Checked: no post-YC Form D matching the founders; no funding statement on website (8 pages) or YC page. LinkedIn/X/Crunchbase need a logged-in browser.,2026-10-01T01:13:06Z
vendy,Vendy,Winter 2022,No evidence found,,,,,,,,,,,,,,,,,,Checked: no post-YC Form D matching the founders; no funding statement on website (2 pages) or YC page. LinkedIn/X/Crunchbase need a logged-in browser. National register for NG not checked.,2026-10-01T01:12:51Z
argo,Argo,Winter 2022,No evidence found,,,,,,,,,,,,,,,,,,Checked: no post-YC Form D matching the founders; no funding statement on website (0 pages) or YC page. LinkedIn/X/Crunchbase need a logged-in browser.,2026-10-01T01:13:18Z
lovage,Lovage,Winter 2022,No evidence found,,,,,,,,,,,,,,,,,,Checked: no post-YC Form D matching the founders; no funding statement on website (1 pages) or YC page. LinkedIn/X/Crunchbase need a logged-in browser.,2026-10-01T01:12:54Z
tendo,Tendo,Winter 2022,No evidence found,,,,,,,,,,,,,,,,,,Checked: no post-YC Form D matching the founders; no funding statement on website (10 pages) or YC page. LinkedIn/X/Crunchbase need a logged-in browser. National register for GH not checked.,2026-10-01T01:12:58Z
convoy-2,Convoy,Winter 2022,No evidence found,,,,,,,,,,,,,,,,,,Checked: no post-YC Form D matching the founders; no funding statement on website (3 pages) or YC page. LinkedIn/X/Crunchbase need a logged-in browser.,2026-10-01T01:13:12Z
glep,Glep,Winter 2022,No evidence found,,,,,,,,,,,,,,,,,,Checked: no post-YC Form D matching the founders; no funding statement on website (8 pages) or YC page. LinkedIn/X/Crunchbase need a logged-in browser.,2026-10-01T01:12:57Z
dojah-inc,Dojah Inc,Winter 2022,No evidence found,,,,,,,,,,,,,,,,,,Checked: no post-YC Form D matching the founders; no funding statement on website (1 pages) or YC page. LinkedIn/X/Crunchbase need a logged-in browser. National register for NG not checked.,2026-10-01T01:12:57Z
subscriptionflow,SubscriptionFlow,Winter 2022,No evidence found,,,,,,,,,,,,,,,,,,Checked: no post-YC Form D matching the founders; no funding statement on website (0 pages) or YC page. LinkedIn/X/Crunchbase need a logged-in browser.,2026-10-01T01:12:56Z
strong-compute,Strong Compute,Winter 2022,Yes,7800000,Seed,2022-05-30,,4,Press (linked from YC company page),https://techcrunch.com/2022/05/30/strong-compute-raises-7-8m-seed-round-to-speed-up-ml-training-pipelines/,Strong Compute raises $7.8M seed round to speed up ML training pipelines – TechCrunch,,,,,,,,,Medium,No matching post-YC Form D found.,2026-10-01T01:12:59Z
grey,Grey,Winter 2022,Yes,2000000,Seed,2022-09-01,,4,Press (linked from YC company page),https://www.techinafrica.com/grey-a-fintech-company-based-in-africa-has-successfully-completed-a-2-million-seed-round/,"a FinTech company based in Africa, has successfully completed a $2 million seed round. - Tech In Africa",,,,,,,,,Medium,No matching post-YC Form D found.,2026-10-01T01:13:41Z
elphinstone-inc,"Elphinstone, Inc.",Winter 2022,No evidence found,,,,,,,,,,,,,,,,,,Checked: no post-YC Form D matching the founders; no funding statement on website (2 pages) or YC page. LinkedIn/X/Crunchbase need a logged-in browser. National register for PK not checked.,2026-10-01T01:12:59Z
alga-biosciences,Alga Biosciences,Winter 2022,Yes,4000000,,2023-04-06,,4,Press (linked from YC company page),https://www.businessinsider.com/alga-biosciences-methane-cow-burps-pitch-deck-4-million-2023-4,Y Combinator-Backed Climate Tech Startup Alga Biosciences Raises $4m,,,,,,,,,Medium,"Unverified Form D by same-named person: DEPOT CS INVESTORS, LLC 0001925637-22-000001 sold 15157000 (first sale 2022-02-07, Irving); likely a different person. Unverified Form D by same-named person: RCR DEPOT INVESTORS, LLC 0001925630-22-000001 sold 1669305 (first sale 2022-02-07, Irving); likely a different person. Unverified Form D by same-named person: Buildforce Services, Inc. 0001847827-22-000001 sold 4975996 (first sale 2022-11-03, Houston); likely a different person. Unverified Form D by same-named person: RCR KODIAK LAKE INVESTORS, LLC 0001943166-22-000001 sold 4330000 (first sale 2022-11-21, Irving); likely a different person. Unverified Form D by same-named person: RCR 3111 SUNSET INVESTORS, LLC 0001957117-22-000001 sold 2240705 (first sale 2022-12-02, Irving); likely a different person. Unverified Form D by same-named person: BIOT Holdings, Inc. 0001983341-23-000001 sold 16156875 (first sale 2023-06-20, Concord); likely a different person. Unverified Form D by same-named person: RCR KODIAK LAKE INVESTORS, LLC 0001943166-23-000001 sold 7810000 (first sale 2023-07-28, Irving); likely a different person. Unverified Form D by same-named person: Buildforce Services, Inc. 0001847827-24-000001 sold 1999999 (first sale 2024-04-22, Austin); likely a different person. No matching post-YC Form D found.",2026-10-01T01:13:14Z
prembly,Prembly (formerly Identitypass),Winter 2022,Yes,2800000,Seed,2022-05-11,,4,Press (linked from YC company page),https://techcrunch.com/2022/05/11/identitypass-an-identity-verification-api-for-africa-raises-2-8m-seed-funding/,"Identitypass, an identity verification API for Africa, raises $2.8M seed funding – TechCrunch",,,,,,,,,Medium,No matching post-YC Form D found.,2026-10-01T01:13:01Z
agency,Agency,Winter 2022,No evidence found,,,,,,,,,,,,,,,,,,Checked: no post-YC Form D matching the founders; no funding statement on website (7 pages) or YC page. LinkedIn/X/Crunchbase need a logged-in browser.,2026-10-01T01:13:09Z
pluto-markets,Pluto.markets,Winter 2022,Yes,2600000,,2024-02-07,,4,Press (linked from YC company page),https://www.businessinsider.com/pluto-markets-y-combinator-backed-startup-raises-2-6-million-2024-2,Pluto Markets: Y Combinator-Backed Fintech Startup Raises $2.6 Million,,,,,,,,,Medium,No matching post-YC Form D found.,2026-10-01T01:13:03Z
paycrunch,PayCrunch,Winter 2022,No evidence found,,,,,,,,,,,,,,,,,,Checked: no post-YC Form D matching the founders; no funding statement on website (0 pages) or YC page. LinkedIn/X/Crunchbase need a logged-in browser. National register for IN not checked.,2026-10-01T01:13:01Z
voize,voize,Winter 2022,Yes,50544877,Series A (Equity per Form D),2024-10-18,,1,SEC Form D,https://www.sec.gov/Archives/edgar/data/2044096/000123191925000545/primary_doc.xml,totalAmountSold: 41544877; totalOfferingAmount: 49999995; dateOfFirstSale: 2025-10-20,0002044096,0001231919-25-000545,41544877,49999995,2025-10-20,Equity,5,anyvoice Inc.,High,"Legal name differs from brand; matched on related person(s) Erik Ziegler, Fabio Schmidberger, Marcel Schmidberger, issuer in Boston, MA. 2 post-YC Form D offerings summed: 0002044096-24-000001 $9000000 (2024-10-18), 0001231919-25-000545 $41544877 (2025-10-20) Tier 4 source states $9M (https://tech.eu/2025/03/31/voize-raises-9m-to-streamline-healthcare-admin-with-ai/); Form D figure kept.",2026-10-01T01:13:08Z
kaagaz,Kaagaz,Winter 2022,No evidence found,,,,,,,,,,,,,,,,,,Checked: no post-YC Form D matching the founders; no funding statement on website (2 pages) or YC page. LinkedIn/X/Crunchbase need a logged-in browser. National register for IN not checked.,2026-10-01T01:13:06Z
boya,Boya,Winter 2022,No evidence found,,,,,,,,,,,,,,,,,,Checked: no post-YC Form D matching the founders; no funding statement on website (4 pages) or YC page. LinkedIn/X/Crunchbase need a logged-in browser. National register for KE not checked.,2026-10-01T01:13:06Z
curacel,Curacel,Winter 2022,No evidence found,,,,,,,,,,,,,,,,,,Checked: no post-YC Form D matching the founders; no funding statement on website (3 pages) or YC page. LinkedIn/X/Crunchbase need a logged-in browser.,2026-10-01T01:13:10Z
finflx,FinFlx,Winter 2022,No evidence found,,,,,,,,,,,,,,,,,,Checked: no post-YC Form D matching the founders; no funding statement on website (4 pages) or YC page. LinkedIn/X/Crunchbase need a logged-in browser. National register for AE not checked.,2026-10-01T01:13:08Z
lunajoy-health,LunaJoy Health,Winter 2022,Yes,4200000,,2024-04-17,,4,Press (linked from YC company page),https://femtechinsider.com/lunajoy-health-funding/,LunaJoy Health Adds $4.2M in Funding; Launches ‘LunaCare’ for Women’s Mental Health,,,,,,,,,Medium,No matching post-YC Form D found.,2026-10-01T01:13:11Z
spadeworks,SpadeWorks,Winter 2022,No evidence found,,,,,,,,,,,,,,,,,,Checked: no post-YC Form D matching the founders; no funding statement on website (1 pages) or YC page. LinkedIn/X/Crunchbase need a logged-in browser. National register for IN not checked.,2026-10-01T01:13:11Z
cotera,Cotera,Winter 2022,No evidence found,,,,,,,,,,,,,,,,,,Checked: no post-YC Form D matching the founders; no funding statement on website (3 pages) or YC page. LinkedIn/X/Crunchbase need a logged-in browser.,2026-10-01T01:13:13Z
sero,Sero,Winter 2022,No evidence found,,,,,,,,,,,,,,,,,,Checked: no post-YC Form D matching the founders; no funding statement on website (1 pages) or YC page. LinkedIn/X/Crunchbase need a logged-in browser.,2026-10-01T01:13:16Z
posh,Posh,Winter 2022,Yes,3800000,Seed,2022-06-23,,4,Press (linked from YC company page),https://www.prnewswire.com/news-releases/posh-raises-3-8m-seed-round-to-automate-ev-battery-recycling-301573426.html,Posh raises $3.8M seed round to automate EV battery recycling,,,,,,,,,Medium,No matching post-YC Form D found.,2026-10-01T01:13:25Z
toko,Toko,Winter 2022,No evidence found,,,,,,,,,,,,,,,,,,Checked: no post-YC Form D matching the founders; no funding statement on website (2 pages) or YC page. LinkedIn/X/Crunchbase need a logged-in browser.,2026-10-01T01:13:18Z
enlightra,Enlightra,Winter 2022,Yes,15000000,,,,2,Company website,https://www.enlightra.com/news,"data transmission, today announced it has raised a total of $15 million in funding to tackle the biggest bottleneck in AI infrastructure: fast and",,,,,,,,,High,Round date not stated on the source page; assumed post-YC because it is presented as current news. No matching post-YC Form D found.,2026-10-01T01:13:15Z
cogram,Cogram,Winter 2022,No evidence found,,,,,,,,,,,,,,,,,,Checked: no post-YC Form D matching the founders; no funding statement on website (6 pages) or YC page. LinkedIn/X/Crunchbase need a logged-in browser.,2026-10-01T01:13:20Z
markaz-technologies,Markaz Technologies,Winter 2022,Yes,2400000,Seed,2022-11-11,,4,Press (linked from YC company page),https://magnitt.com/news/markaz-technologies-2-4m-seed-53411,Pakistan's Markaz Technologies raises $2.4M SEED | MAGNiTT,,,,,,,,,Medium,No matching post-YC Form D found.,2026-10-01T01:13:22Z
eazipay-inc,Eazipay Inc.,Winter 2022,No evidence found,,,,,,,,,,,,,,,,,,Checked: no post-YC Form D matching the founders; no funding statement on website (10 pages) or YC page. LinkedIn/X/Crunchbase need a logged-in browser. National register for NG not checked.,2026-10-01T01:13:17Z
wibond,Wibond,Winter 2022,No evidence found,,,,,,,,,,,,,,,,,,Checked: no post-YC Form D matching the founders; no funding statement on website (1 pages) or YC page. LinkedIn/X/Crunchbase need a logged-in browser. National register for AR not checked.,2026-10-01T01:13:19Z
velt,Velt,Winter 2022,Yes,2770000,Seed,,,2,Company website,https://velt.dev/blog,Velt raises $2.77M seed round backed by Y Combinator to make the internet collaborative.,,,,,,,,,High,Round date not stated on the source page; assumed post-YC because it is presented as current news. No matching post-YC Form D found.,2026-10-01T01:13:25Z
digi,digi,Winter 2022,No evidence found,,,,,,,,,,,,,,,,,,Checked: no post-YC Form D matching the founders; no funding statement on website (1 pages) or YC page. LinkedIn/X/Crunchbase need a logged-in browser.,2026-10-01T01:13:22Z
paycaddy,PayCaddy,Winter 2022,No evidence found,,,,,,,,,,,,,,,,,,Checked: no post-YC Form D matching the founders; no funding statement on website (3 pages) or YC page. LinkedIn/X/Crunchbase need a logged-in browser. National register for PA not checked.,2026-10-01T01:13:25Z
tuva-health,Tuva Health,Winter 2022,No evidence found,,,,,,,,,,,,,,,,,,Checked: no post-YC Form D matching the founders; no funding statement on website (4 pages) or YC page. LinkedIn/X/Crunchbase need a logged-in browser.,2026-10-01T01:13:23Z
plumter,Plumter,Winter 2022,No evidence found,,,,,,,,,,,,,,,,,,Checked: no post-YC Form D matching the founders; no funding statement on website (1 pages) or YC page. LinkedIn/X/Crunchbase need a logged-in browser. National register for NG not checked.,2026-10-01T01:13:24Z
complete,Complete,Winter 2022,Yes,4000000,Seed,,Accel,2,Company website,https://www.complete.so/blog,"We’ve raised $4M in seed funding led by Accel, with support from Y Combinator.",,,,,,,,,High,Round date not stated on the source page; assumed post-YC because it is presented as current news. No matching post-YC Form D found.,2026-10-01T01:13:43Z
siftly,Siftly,Winter 2022,No evidence found,,,,,,,,,,,,,,,,,,Checked: no post-YC Form D matching the founders; no funding statement on website (5 pages) or YC page. LinkedIn/X/Crunchbase need a logged-in browser.,2026-10-01T01:13:28Z
anfin,Anfin,Winter 2022,No evidence found,,,,,,,,,,,,,,,,,,Checked: no post-YC Form D matching the founders; no funding statement on website (2 pages) or YC page. LinkedIn/X/Crunchbase need a logged-in browser. National register for VN not checked.,2026-10-01T01:13:25Z
imt-care,IMT Care,Winter 2022,No evidence found,,,,,,,,,,,,,,,,,,Checked: no post-YC Form D matching the founders; no funding statement on website (2 pages) or YC page. LinkedIn/X/Crunchbase need a logged-in browser. National register for IN not checked.,2026-10-01T01:13:27Z
salt,SALT,Winter 2022,No evidence found,,,,,,,,,,,,,,,,,,Checked: no post-YC Form D matching the founders; no funding statement on website (10 pages) or YC page. LinkedIn/X/Crunchbase need a logged-in browser. National register for IN not checked.,2026-10-01T01:13:37Z
nearwave,NearWave,Winter 2022,Yes,1200000,Pre-Seed,,,2,Company website,https://nearwave.co/company/news/,NearWave Closes it’s $1.2M Pre-Seed Round!,,,,,,,,,High,Round date not stated on the source page; assumed post-YC because it is presented as current news. No matching post-YC Form D found.,2026-10-01T01:13:31Z
stairs-financial,Stairs Financial,Winter 2022,No evidence found,,,,,,,,,,,,,,,,,,Checked: no post-YC Form D matching the founders; no funding statement on website (1 pages) or YC page. LinkedIn/X/Crunchbase need a logged-in browser.,2026-10-01T01:13:32Z
permitflow,PermitFlow,Winter 2022,Yes,54000000,,,,2,Company website,https://www.permitflow.com/,PermitFlow Raises $54 Million to Build Construction’s AI Workforce.,,,,,,,,,High,Round date not stated on the source page; assumed post-YC because it is presented as current news. No matching post-YC Form D found.,2026-10-01T01:13:36Z
refinetrain-ai,RefineTrain AI,Winter 2022,No evidence found,,,,,,,,,,,,,,,,,,Checked: no post-YC Form D matching the founders; no funding statement on website (1 pages) or YC page. LinkedIn/X/Crunchbase need a logged-in browser.,2026-10-01T01:13:30Z
mintlify,Mintlify,Winter 2022,No evidence found,,,,,,,,,,,,,,,,,,Checked: no post-YC Form D matching the founders; no funding statement on website (8 pages) or YC page. LinkedIn/X/Crunchbase need a logged-in browser.,2026-10-01T01:13:33Z
iomete,IOMETE,Winter 2022,No evidence found,,,,,,,,,,,,,,,,,,Checked: no post-YC Form D matching the founders; no funding statement on website (4 pages) or YC page. LinkedIn/X/Crunchbase need a logged-in browser.,2026-10-01T01:13:33Z
recordbook,RecordBook,Winter 2022,No evidence found,,,,,,,,,,,,,,,,,,"Unverified Form D by same-named person: Ensemble Labs, Inc. 0001883043-25-000001 sold 18468966 (first sale 2024-12-31, San Francisco); likely a different person. Unverified Form D by same-named person: Ensemble Labs, Inc. 0001883043-25-000002 sold 18968963 (first sale 2024-12-31, San Francisco); likely a different person. Checked: no post-YC Form D matching the founders; no funding statement on website (1 pages) or YC page. LinkedIn/X/Crunchbase need a logged-in browser. National register for IN not checked.",2026-10-01T01:13:35Z
sphere,Sphere,Winter 2022,No evidence found,,,,,,,,,,,,,,,,,,Checked: no post-YC Form D matching the founders; no funding statement on website (10 pages) or YC page. LinkedIn/X/Crunchbase need a logged-in browser.,2026-10-01T01:13:37Z
t3-chat,T3 Chat,Winter 2022,No evidence found,,,,,,,,,,,,,,,,,,Checked: no post-YC Form D matching the founders; no funding statement on website (0 pages) or YC page. LinkedIn/X/Crunchbase need a logged-in browser.,2026-10-01T01:13:37Z
gauss,Gauss,Winter 2022,No evidence found,,,,,,,,,,,,,,,,,,Checked: no post-YC Form D matching the founders; no funding statement on website (8 pages) or YC page. LinkedIn/X/Crunchbase need a logged-in browser.,2026-10-01T01:13:39Z
redbrick-ai,RedBrick AI,Winter 2022,Yes,4600000,Seed,,,2,Company website,https://www.redbrickai.com/blog,"the ability to modify review stages, along with our exciting $4.6 million seed round announcement..",,,,,,,,,High,Round date not stated on the source page; assumed post-YC because it is presented as current news. No matching post-YC Form D found.,2026-10-01T01:13:41Z
flagright,Flagright,Winter 2022,Yes,4300000,Seed,2025-04-01,,2,Company website,https://www.flagright.com/post/flagright-raises-4-3-million-in-seed-funding-to-advance-ai-native-aml-compliance-and-risk-management-solutions,Flagright Raises $4.3 Million in Seed Funding to Advance AI-Native AML Compliance and Risk Management Solutions,,,,,,,,,High,No matching post-YC Form D found.,2026-10-01T01:13:41Z
axis,Axis,Winter 2022,No evidence found,,,,,,,,,,,,,,,,,,Checked: no post-YC Form D matching the founders; no funding statement on website (2 pages) or YC page. LinkedIn/X/Crunchbase need a logged-in browser.,2026-10-01T01:13:46Z
hokali,HOKALI,Winter 2022,No evidence found,,,,,,,,,,,,,,,,,,Checked: no post-YC Form D matching the founders; no funding statement on website (4 pages) or YC page. LinkedIn/X/Crunchbase need a logged-in browser.,2026-10-01T01:13:44Z
ranla,Ranla,Winter 2022,No evidence found,,,,,,,,,,,,,,,,,,"Unverified Form D by same-named person: Power Only Transit, Inc. 0001926770-22-000001 sold 16499986 (first sale 2022-04-19, Las Vegas); likely a different person. Checked: no post-YC Form D matching the founders; no funding statement on website (2 pages) or YC page. LinkedIn/X/Crunchbase need a logged-in browser.",2026-10-01T01:13:43Z
reforged-labs,Reforged Labs,Winter 2022,Yes,3900000,,2024-08-09,,2,Company website,https://reforgedlabs.com/blog/reforged-labs-raises-3-9-million-to-transform-gaming-ads-with-genai,Reforged Labs Raises $3.9 Million,,,,,,,,,High,No matching post-YC Form D found.,2026-10-01T01:13:43Z
bakool,Bakool,Winter 2022,No evidence found,,,,,,,,,,,,,,,,,,Checked: no post-YC Form D matching the founders; no funding statement on website (1 pages) or YC page. LinkedIn/X/Crunchbase need a logged-in browser. National register for ID not checked.,2026-10-01T01:13:44Z
national-finance-olympiad,National Finance Olympiad,Winter 2022,No evidence found,,,,,,,,,,,,,,,,,,Checked: no post-YC Form D matching the founders; no funding statement on website (2 pages) or YC page. LinkedIn/X/Crunchbase need a logged-in browser. National register for IN not checked.,2026-10-01T01:13:49Z
cardda,Cardda,Winter 2022,No evidence found,,,,,,,,,,,,,,,,,,Checked: no post-YC Form D matching the founders; no funding statement on website (2 pages) or YC page. LinkedIn/X/Crunchbase need a logged-in browser. National register for CL not checked.,2026-10-01T01:13:49Z
emobi,Emobi,Winter 2022,No evidence found,,,,,,,,,,,,,,,,,,Checked: no post-YC Form D matching the founders; no funding statement on website (3 pages) or YC page. LinkedIn/X/Crunchbase need a logged-in browser.,2026-10-01T01:13:46Z
palitronica-inc,Palitronica Inc,Winter 2022,No evidence found,,,,,,,,,,,,,,,,,,Checked: no post-YC Form D matching the founders; no funding statement on website (4 pages) or YC page. LinkedIn/X/Crunchbase need a logged-in browser. National register for CA not checked.,2026-10-01T01:13:45Z
dart,Dart,Winter 2022,No evidence found,,,,,,,,,,,,,,,,,,Checked: no post-YC Form D matching the founders; no funding statement on website (5 pages) or YC page. LinkedIn/X/Crunchbase need a logged-in browser.,2026-10-01T01:14:01Z
soon,Soon,Winter 2022,No evidence found,,,,,,,,,,,,,,,,,,Checked: no post-YC Form D matching the founders; no funding statement on website (9 pages) or YC page. LinkedIn/X/Crunchbase need a logged-in browser.,2026-10-01T01:13:45Z
armilla-ai,Armilla AI,Winter 2022,Yes,3631885,Equity (per Form D; stage not stated),2023-12-22,,1,SEC Form D,https://www.sec.gov/Archives/edgar/data/2007280/000200728024000001/primary_doc.xml,totalAmountSold: 2296885; totalOfferingAmount: 2296885; dateOfFirstSale: 2023-12-22,0002007280,0002007280-24-000001,2296885,2296885,2023-12-22,Equity,9,ARMILLA AI INC.,High,"2 post-YC Form D offerings summed: 0002007280-24-000001 $2296885 (2023-12-22), 0002007280-25-000001 $1335000 (2025-06-06) Form D clarification: Series 3 Seed Preferred Shares and Series 4 Seed Preferred Shares Tier 2 source states $25M (https://www.armilla.ai/blog); Form D figure kept.",2026-10-01T01:13:47Z
snaptrade,SnapTrade,Winter 2022,No evidence found,,,,,,,,,,,,,,,,,,Checked: no post-YC Form D matching the founders; no funding statement on website (2 pages) or YC page. LinkedIn/X/Crunchbase need a logged-in browser. National register for CA not checked.,2026-10-01T01:13:49Z
bunkyr,Bunkyr,Winter 2022,No evidence found,,,,,,,,,,,,,,,,,,Checked: no post-YC Form D matching the founders; no funding statement on website (0 pages) or YC page. LinkedIn/X/Crunchbase need a logged-in browser.,2026-10-01T01:13:47Z
sophys,Sophys,Winter 2022,No evidence found,,,,,,,,,,,,,,,,,,Checked: no post-YC Form D matching the founders; no funding statement on website (1 pages) or YC page. LinkedIn/X/Crunchbase need a logged-in browser.,2026-10-01T01:13:48Z
beam,Beam,Winter 2022,No evidence found,,,,,,,,,,,,,,,,,,Checked: no post-YC Form D matching the founders; no funding statement on website (3 pages) or YC page. LinkedIn/X/Crunchbase need a logged-in browser.,2026-10-01T01:14:12Z
zorba,Zorba,Winter 2022,No evidence found,,,,,,,,,,,,,,,,,,Checked: no post-YC Form D matching the founders; no funding statement on website (1 pages) or YC page. LinkedIn/X/Crunchbase need a logged-in browser.,2026-10-01T01:13:49Z
rdash,RDash,Winter 2022,No evidence found,,,,,,,,,,,,,,,,,,Checked: no post-YC Form D matching the founders; no funding statement on website (0 pages) or YC page. LinkedIn/X/Crunchbase need a logged-in browser. National register for IN not checked.,2026-10-01T01:13:58Z
azuki,Omoi (formerly Azuki),Winter 2022,No evidence found,,,,,,,,,,,,,,,,,,Checked: no post-YC Form D matching the founders; no funding statement on website (11 pages) or YC page. LinkedIn/X/Crunchbase need a logged-in browser.,2026-10-01T01:13:54Z
lancedb,LanceDB,Winter 2022,Yes,30000000,Series A,2025-06-24,,2,Company website,https://lancedb.com/blog/series-a-funding/,LanceDB Raises $30M Series A to Build the Multimodal Lakehouse - LanceDB Blog,,,,,,,,,High,No matching post-YC Form D found.,2026-10-01T01:13:50Z
stock-unlock,Stock Unlock,Winter 2022,No evidence found,,,,,,,,,,,,,,,,,,Checked: no post-YC Form D matching the founders; no funding statement on website (16 pages) or YC page. LinkedIn/X/Crunchbase need a logged-in browser.,2026-10-01T01:13:53Z
creizer,Creizer,Winter 2022,No evidence found,,,,,,,,,,,,,,,,,,Checked: no post-YC Form D matching the founders; no funding statement on website (2 pages) or YC page. LinkedIn/X/Crunchbase need a logged-in browser. National register for MX not checked.,2026-10-01T01:13:51Z
mosaicvoice,MosaicVoice,Winter 2022,No evidence found,,,,,,,,,,,,,,,,,,Checked: no post-YC Form D matching the founders; no funding statement on website (5 pages) or YC page. LinkedIn/X/Crunchbase need a logged-in browser.,2026-10-01T01:13:53Z
lightmeter,Lightmeter,Winter 2022,No evidence found,,,,,,,,,,,,,,,,,,Checked: no post-YC Form D matching the founders; no funding statement on website (3 pages) or YC page. LinkedIn/X/Crunchbase need a logged-in browser. National register for DE not checked.,2026-10-01T01:13:52Z
phase-biolabs,Phase Biolabs,Winter 2022,No evidence found,,,,,,,,,,,,,,,,,,Checked: no post-YC Form D matching the founders; no funding statement on website (1 pages) or YC page. LinkedIn/X/Crunchbase need a logged-in browser.,2026-10-01T01:13:53Z
firezone,Firezone,Winter 2022,No evidence found,,,,,,,,,,,,,,,,,,Checked: no post-YC Form D matching the founders; no funding statement on website (4 pages) or YC page. LinkedIn/X/Crunchbase need a logged-in browser.,2026-10-01T01:13:53Z
agentnoon,Agentnoon,Winter 2022,No evidence found,,,,,,,,,,,,,,,,,,Checked: no post-YC Form D matching the founders; no funding statement on website (1 pages) or YC page. LinkedIn/X/Crunchbase need a logged-in browser. National register for CA not checked.,2026-10-01T01:13:55Z
elementary,Elementary,Winter 2022,No evidence found,,,,,,,,,,,,,,,,,,Checked: no post-YC Form D matching the founders; no funding statement on website (9 pages) or YC page. LinkedIn/X/Crunchbase need a logged-in browser. National register for IL not checked.,2026-10-01T01:13:57Z
versable,Versable,Winter 2022,Yes,2600000,Seed,2022-07-12,,4,Press (linked from YC company page),https://docs.govista.io/blog/seed,Announcing our $2.6m seed round! | Vista,,,,,,,,,Medium,No matching post-YC Form D found.,2026-10-01T01:13:55Z
oto,Oto,Winter 2022,Yes,3287759,Equity (per Form D; stage not stated),2022-07-11,,1,SEC Form D,https://www.sec.gov/Archives/edgar/data/1939605/000193960522000001/primary_doc.xml,totalAmountSold: 3287759; totalOfferingAmount: 3287759; dateOfFirstSale: 2022-07-11,0001939605,0001939605-22-000001,3287759,3287759,2022-07-11,Equity,15,Oto Health Inc.,High,,2026-10-01T01:14:00Z
lexter-ai,Lexter.ai,Winter 2022,No evidence found,,,,,,,,,,,,,,,,,,Checked: no post-YC Form D matching the founders; no funding statement on website (2 pages) or YC page. LinkedIn/X/Crunchbase need a logged-in browser. National register for BR not checked.,2026-10-01T01:14:00Z
cerebrium,Cerebrium,Winter 2022,Yes,8500000,,2025-07-08,Gradient,2,Company website,https://www.cerebrium.ai/blog/cerebrium-raises-8-5m-led-by-gradient-to-scale-the-leading-high-performance-serverless-ai-platform,Cerebrium blog | Cerebrium Raises $8.5M led by Gradient to Scale the Leading High-Performance Serverless AI Platform,,,,,,,,,High,No matching post-YC Form D found.,2026-10-01T01:14:01Z
fintelite,Fintelite,Winter 2022,No evidence found,,,,,,,,,,,,,,,,,,Checked: no post-YC Form D matching the founders; no funding statement on website (0 pages) or YC page. LinkedIn/X/Crunchbase need a logged-in browser. National register for SG not checked.,2026-10-01T01:13:58Z
haddock,haddock,Winter 2022,No evidence found,,,,,,,,,,,,,,,,,,Checked: no post-YC Form D matching the founders; no funding statement on website (2 pages) or YC page. LinkedIn/X/Crunchbase need a logged-in browser. National register for ES not checked.,2026-10-01T01:14:00Z
lenk,Lenk,Winter 2022,No evidence found,,,,,,,,,0001917111,,,,,,,Philippo Ltd.,,pre yc Form D 0001917111-22-000001: sold 1765000 first sale 2021-09-30 Checked: no post-YC Form D matching the founders; no funding statement on website (1 pages) or YC page. LinkedIn/X/Crunchbase need a logged-in browser. National register for AR not checked.,2026-10-01T01:14:07Z
munily,Munily,Winter 2022,No evidence found,,,,,,,,,,,,,,,,,,Checked: no post-YC Form D matching the founders; no funding statement on website (10 pages) or YC page. LinkedIn/X/Crunchbase need a logged-in browser. National register for PA not checked.,2026-10-01T01:14:04Z
complif,Complif,Winter 2022,Yes,2600000,Seed,2023-01-11,,4,Press (linked from YC company page),https://latamlist.com/argentinian-compliance-platform-celeri-nabs-a-2-6m-seed-round/,Argentinian compliance platform Celeri nabs a $2.6M seed-round,,,,,,,,,Medium,No matching post-YC Form D found.,2026-10-01T01:14:02Z
pyrls,Pyrls,Winter 2022,No evidence found,,,,,,,,,,,,,,,,,,Checked: no post-YC Form D matching the founders; no funding statement on website (10 pages) or YC page. LinkedIn/X/Crunchbase need a logged-in browser.,2026-10-01T01:14:02Z
unlayer,Unlayer,Winter 2022,No evidence found,,,,,,,,,,,,,,,,,,Checked: no post-YC Form D matching the founders; no funding statement on website (3 pages) or YC page. LinkedIn/X/Crunchbase need a logged-in browser.,2026-10-01T01:14:04Z
happl,Happl,Winter 2022,Yes,11000000,Series A,,,2,Company website,https://happl.com,Happl raises $11m Series A to build the global benefits operating system .,,,,,,,,,High,"Pre-YC raise, not counted: £825k dated 2021-02-21 (https://www.kentonline.co.uk/medway/news/kent-entrepreneur-22-launches-mental-health-app-for-workplace-242859/). Round date not stated on the source page; assumed post-YC because it is presented as current news. No matching post-YC Form D found.",2026-10-01T01:14:03Z
fieldproxy,Fieldproxy,Winter 2022,No evidence found,,,,,,,,,0001931839,,,,,,,"Fieldproxy, Inc.",,small Form D 0001931839-22-000001: sold 1453 first sale 2022-08-26 Checked: no post-YC Form D matching the founders; no funding statement on website (2 pages) or YC page. LinkedIn/X/Crunchbase need a logged-in browser. National register for IN not checked.,2026-10-01T01:14:08Z
mysivi,MySivi,Winter 2022,No evidence found,,,,,,,,,,,,,,,,,,Checked: no post-YC Form D matching the founders; no funding statement on website (0 pages) or YC page. LinkedIn/X/Crunchbase need a logged-in browser. National register for IN not checked.,2026-10-01T01:14:09Z
upbanx,UpBanx,Winter 2022,Yes,5600000,,,,2,YC company/launch page,https://www.ycombinator.com/companies/upbanx,"We've raised $5.6m so far from investors like Y Combinator, Alpha JWC, Alto Partners, CreditEase, Oliver Jung and lndonesia's biggest influencer Raffi Ahmad who",,,,,,,,,High,Round date not stated on the source page; assumed post-YC because it is presented as current news. No matching post-YC Form D found.,2026-10-01T01:14:06Z
ankr-health,Ankr Health,Winter 2022,No evidence found,,,,,,,,,,,,,,,,,,Checked: no post-YC Form D matching the founders; no funding statement on website (2 pages) or YC page. LinkedIn/X/Crunchbase need a logged-in browser.,2026-10-01T01:14:05Z
embedded-labs,Embedded Labs,Winter 2022,No evidence found,,,,,,,,,,,,,,,,,,"Unverified Form D by same-named person: Enquyst Technologies Inc. 0002071109-25-000001 sold 6000000 (first sale 2025-06-04, Lowell); likely a different person. Checked: no post-YC Form D matching the founders; no funding statement on website (10 pages) or YC page. LinkedIn/X/Crunchbase need a logged-in browser.",2026-10-01T01:14:08Z
hyperbeam,Hyperbeam,Winter 2022,No evidence found,,,,,,,,,,,,,,,,,,Checked: no post-YC Form D matching the founders; no funding statement on website (10 pages) or YC page. LinkedIn/X/Crunchbase need a logged-in browser. National register for CA not checked.,2026-10-01T01:14:09Z
bobidi,Bobidi,Winter 2022,Yes,6000000,,,,2,Company website,https://www.upswell.ai/about/,"by Bobidi ™, a Silicon Valley-based AI company backed by ~$6M in funding from top investors, including Meta, Y Combinator, Lotte Ventures, Scrum Ventures,",,,,,,,,,High,Round date not stated on the source page; assumed post-YC because it is presented as current news. No matching post-YC Form D found.,2026-10-01T01:14:06Z
atlas-2,Atlas,Winter 2022,No evidence found,,,,,,,,,,,,,,,,,,Checked: no post-YC Form D matching the founders; no funding statement on website (6 pages) or YC page. LinkedIn/X/Crunchbase need a logged-in browser.,2026-10-01T01:14:12Z
shuttle-central,Shuttle Central,Winter 2022,No evidence found,,,,,,,,,,,,,,,,,,Checked: no post-YC Form D matching the founders; no funding statement on website (1 pages) or YC page. LinkedIn/X/Crunchbase need a logged-in browser. National register for MX not checked.,2026-10-01T01:14:10Z
orca,Orca,Winter 2022,No evidence found,,,,,,,,,,,,,,,,,,Checked: no post-YC Form D matching the founders; no funding statement on website (10 pages) or YC page. LinkedIn/X/Crunchbase need a logged-in browser.,2026-10-01T01:14:49Z
miggos,Miggos,Winter 2022,No evidence found,,,,,,,,,,,,,,,,,,Checked: no post-YC Form D matching the founders; no funding statement on website (10 pages) or YC page. LinkedIn/X/Crunchbase need a logged-in browser. National register for BR not checked.,2026-10-01T01:14:09Z
instant-labs,Instant Labs,Winter 2022,No evidence found,,,,,,,,,,,,,,,,,,Checked: no post-YC Form D matching the founders; no funding statement on website (1 pages) or YC page. LinkedIn/X/Crunchbase need a logged-in browser. National register for CA not checked.,2026-10-01T01:14:11Z
corveus-medical,Corveus Medical,Winter 2022,No evidence found,,,,,,,,,0001891109,,,,,,,"Caridian Medical, Inc.",,pre yc Form D 0001891109-21-000001: sold 75000 first sale 2021-09-23 Checked: no post-YC Form D matching the founders; no funding statement on website (3 pages) or YC page. LinkedIn/X/Crunchbase need a logged-in browser.,2026-10-01T01:14:11Z
alixia,Alixia,Winter 2022,Yes,1825445,Equity (per Form D; stage not stated),2024-07-09,,1,SEC Form D,https://www.sec.gov/Archives/edgar/data/2031477/000203147724000001/primary_doc.xml,totalAmountSold: 1825445; totalOfferingAmount: 3465450; dateOfFirstSale: 2024-07-09,0002031477,0002031477-24-000001,1825445,3465450,2024-07-09,Equity,19,"Alixia, Inc.",High,"Form D clarification: The Total Amount Sold includes the conversion of Simple Agreements for Future Equity and Accelerator Contracts for Equity with an aggregate purchase price of $1,465,450.",2026-10-01T01:14:13Z
myria,Myria,Winter 2022,No evidence found,,,,,,,,,,,,,,,,,,Checked: no post-YC Form D matching the founders; no funding statement on website (2 pages) or YC page. LinkedIn/X/Crunchbase need a logged-in browser.,2026-10-01T01:14:11Z
vendoo,Vendoo,Winter 2022,No evidence found,,,,,,,,,,,,,,,,,,Checked: no post-YC Form D matching the founders; no funding statement on website (4 pages) or YC page. LinkedIn/X/Crunchbase need a logged-in browser.,2026-10-01T01:14:14Z
heyfood,Heyfood,Winter 2022,No evidence found,,,,,,,,,,,,,,,,,,Checked: no post-YC Form D matching the founders; no funding statement on website (10 pages) or YC page. LinkedIn/X/Crunchbase need a logged-in browser. National register for NG not checked.,2026-10-01T01:14:14Z
touch-and-pay-technologies-limited,Touch and Pay Technologies Limited,Winter 2022,No evidence found,,,,,,,,,,,,,,,,,,Checked: no post-YC Form D matching the founders; no funding statement on website (3 pages) or YC page. LinkedIn/X/Crunchbase need a logged-in browser. National register for NG not checked.,2026-10-01T01:14:16Z
kaso,Kaso,Winter 2022,Yes,10500000,Seed,,,2,Company website,https://www.kaso.ai/blog,KASO has announced it has raised $10.5 million in seed funding to fuel its mission of disrupting the food supply chain.,,,,,,,,,High,Round date not stated on the source page; assumed post-YC because it is presented as current news. Other stated figure: $2.1M (https://www.kaso.ai/blog). No matching post-YC Form D found.,2026-10-01T01:14:13Z
cutr,CUTR,Winter 2022,No evidence found,,,,,,,,,,,,,,,,,,Checked: no post-YC Form D matching the founders; no funding statement on website (3 pages) or YC page. LinkedIn/X/Crunchbase need a logged-in browser. National register for NL not checked.,2026-10-01T01:14:16Z
koala,Koala,Winter 2022,No evidence found,,,,,,,,,,,,,,,,,,Checked: no post-YC Form D matching the founders; no funding statement on website (2 pages) or YC page. LinkedIn/X/Crunchbase need a logged-in browser.,2026-10-01T01:14:17Z
aspora,Aspora,Winter 2022,No evidence found,,,,,,,,,,,,,,,,,,Checked: no post-YC Form D matching the founders; no funding statement on website (7 pages) or YC page. LinkedIn/X/Crunchbase need a logged-in browser.,2026-10-01T01:14:14Z
rownd,Rownd,Winter 2022,Yes,2200000,,2022-11-02,,4,Press (linked from YC company page),https://rownd.io/case-studies/rownd-raises-2-2-million,Rownd raises $2.2 million to help companies convert more users with contextual auth,,,,,,,,,Medium,No matching post-YC Form D found.,2026-10-01T01:14:19Z
industrial-next,Industrial Next,Winter 2022,No evidence found,,,,,,,,,,,,,,,,,,Checked: no post-YC Form D matching the founders; no funding statement on website (2 pages) or YC page. LinkedIn/X/Crunchbase need a logged-in browser.,2026-10-01T01:14:19Z
invert,Invert,Winter 2022,Yes,20149993,Equity (per Form D; stage not stated),2024-06-25,,1,SEC Form D,https://www.sec.gov/Archives/edgar/data/2029949/000202994924000001/primary_doc.xml,totalAmountSold: 20149993; totalOfferingAmount: 21699989; dateOfFirstSale: 2024-06-25,0002029949,0002029949-24-000001,20149993,21699989,2024-06-25,Equity,16,"Invert, Inc.",High,,2026-10-01T01:14:21Z
dynamo-ai,Dynamo AI,Winter 2022,Yes,19288999,OptionToAcquire (per Form D; stage not stated),2023-07-20,,1,SEC Form D,https://www.sec.gov/Archives/edgar/data/1990797/000199079723000001/primary_doc.xml,totalAmountSold: 19288999; totalOfferingAmount: 20149999; dateOfFirstSale: 2023-07-20,0001990797,0001990797-23-000001,19288999,20149999,2023-07-20,OptionToAcquire,22,"DynamoFL, Inc.",High,Tier 4 source states $15.1M (https://techcrunch.com/2023/08/16/dynamofl-raises-15-1m-to-help-enterprises-adopt-compliant-llms/); Form D figure kept.,2026-10-01T01:14:20Z
seabound,Seabound,Winter 2022,Yes,4559948,OptionToAcquire (per Form D; stage not stated),2022-03-16,,1,SEC Form D,https://www.sec.gov/Archives/edgar/data/1939258/000193925822000001/primary_doc.xml,totalAmountSold: 4416000; totalOfferingAmount: 4416000; dateOfFirstSale: 2022-03-16,0001939258,0001939258-22-000001,4416000,4416000,2022-03-16,OptionToAcquire,25,"Seabound Carbon, Inc.",High,"2 post-YC Form D offerings summed: 0001939258-22-000001 $4416000 (2022-03-16), 0001939258-23-000001 $143948 (2023-11-24) Tier 2 source states $70M (https://www.seabound.co/news); Form D figure kept.",2026-10-01T01:14:19Z
sekilo,Sekilo,Winter 2022,No evidence found,,,,,,,,,,,,,,,,,,"Pre-YC raise, not counted: US$2.5M dated 2021-10-03 (https://e27.co/dropezy-raises-us2-5m-pre-series-a-funding-round-to-further-expand-e-grocery-service-20210923/). Checked: no post-YC Form D matching the founders; no funding statement on website (1 pages) or YC page. LinkedIn/X/Crunchbase need a logged-in browser. National register for ID not checked.",2026-10-01T01:14:22Z
inferedge,InferEdge,Winter 2022,No evidence found,,,,,,,,,,,,,,,,,,"Unverified Form D by same-named person: Kizzy Labs Corp. 0002011260-24-000002 sold 750000 (first sale 2024-01-18, Peachtree Corners); likely a different person. Unverified Form D by same-named person: Kizzy Labs Corp. 0002011260-24-000003 sold 850000 (first sale 2024-01-18, Dover); likely a different person. Unverified Form D by same-named person: Kizzy Labs Corp. 0002011260-24-000004 sold 850000 (first sale 2024-01-18, Dover); likely a different person. Unverified Form D by same-named person: Kizzy Labs Corp. 0002011260-24-000005 sold 240000 (first sale 2024-01-18, Dover); likely a different person. Checked: no post-YC Form D matching the founders; no funding statement on website (5 pages) or YC page. LinkedIn/X/Crunchbase need a logged-in browser. National register for IN not checked.",2026-10-01T01:14:34Z
teamout,TeamOut,Winter 2022,No evidence found,,,,,,,,,0002032195,,,,,,,TeamOut Inc,,small Form D 0002032195-24-000001: sold 60000 first sale 2024-08-06 Checked: no post-YC Form D matching the founders; no funding statement on website (4 pages) or YC page. LinkedIn/X/Crunchbase need a logged-in browser.,2026-10-01T01:14:22Z
gym-class,Gym Class,Winter 2022,Yes,8054998,Equity (per Form D; stage not stated),2022-05-03,,1,SEC Form D,https://www.sec.gov/Archives/edgar/data/1929553/000192955322000001/primary_doc.xml,totalAmountSold: 8054998; totalOfferingAmount: 8054998; dateOfFirstSale: 2022-05-03,0001929553,0001929553-22-000001,8054998,8054998,2022-05-03,Equity,15,IRL Studios Inc.,High,"Legal name differs from brand; matched on related person(s) Justin Hubert, Paul Katsen, issuer in Santa Monica, CA.",2026-10-01T01:14:23Z
fleetzero,Fleetzero,Winter 2022,Yes,16463983,Series A (Equity per Form D),2022-06-01,,1,SEC Form D,https://www.sec.gov/Archives/edgar/data/1883830/000188383022000002/primary_doc.xml,totalAmountSold: 16463983; totalOfferingAmount: 16463983; dateOfFirstSale: 2022-06-01,0001883830,0001883830-22-000002,16463983,16463983,2022-06-01,Equity,44,fleetzero Inc.,High,pre yc Form D 0001883830-22-000003: sold 225000 first sale 2021-09-06 Tier 2 source states $43 Million (https://www.fleetzero.com); Form D figure kept.,2026-10-01T01:14:29Z
yezza,Yezza,Winter 2022,No evidence found,,,,,,,,,,,,,,,,,,Checked: no post-YC Form D matching the founders; no funding statement on website (2 pages) or YC page. LinkedIn/X/Crunchbase need a logged-in browser. National register for MY not checked.,2026-10-01T01:14:26Z
nyckel,Nyckel,Winter 2022,No evidence found,,,,,,,,,,,,,,,,,,Checked: no post-YC Form D matching the founders; no funding statement on website (6 pages) or YC page. LinkedIn/X/Crunchbase need a logged-in browser.,2026-10-01T01:14:24Z
spinach-ai,Spinach AI,Winter 2022,No evidence found,,,,,,,,,,,,,,,,,,Checked: no post-YC Form D matching the founders; no funding statement on website (4 pages) or YC page. LinkedIn/X/Crunchbase need a logged-in browser.,2026-10-01T01:14:27Z
blaze,Blaze,Winter 2022,No evidence found,,,,,,,,,,,,,,,,,,Checked: no post-YC Form D matching the founders; no funding statement on website (0 pages) or YC page. LinkedIn/X/Crunchbase need a logged-in browser.,2026-10-01T01:14:25Z
axross-pte-ltd,Axross Pte Ltd,Winter 2022,No evidence found,,,,,,,,,,,,,,,,,,Checked: no post-YC Form D matching the founders; no funding statement on website (1 pages) or YC page. LinkedIn/X/Crunchbase need a logged-in browser. National register for SG not checked.,2026-10-01T01:14:25Z
nest-genomics,Nest Genomics,Winter 2022,Yes,8500000,,2023-01-10,,4,Press (linked from YC company page),https://medcitynews.com/2023/01/nest-genomics-raises-8-5m-to-increase-access-to-patients-genetic-information/,Nest Genomics Raises $8.5M to Increase Access to Patients’ Genetic Information - MedCity News,,,,,,,,,Medium,No matching post-YC Form D found.,2026-10-01T01:14:29Z
brown-foods,Brown Foods,Winter 2022,No evidence found,,,,,,,,,,,,,,,,,,Checked: no post-YC Form D matching the founders; no funding statement on website (1 pages) or YC page. LinkedIn/X/Crunchbase need a logged-in browser.,2026-10-01T01:14:33Z
sei-ai,Sei AI,Winter 2022,No evidence found,,,,,,,,,,,,,,,,,,Checked: no post-YC Form D matching the founders; no funding statement on website (3 pages) or YC page. LinkedIn/X/Crunchbase need a logged-in browser.,2026-10-01T01:14:30Z
perl-street,Perl Street,Winter 2022,No evidence found,,,,,,,,,,,,,,,,,,Checked: no post-YC Form D matching the founders; no funding statement on website (4 pages) or YC page. LinkedIn/X/Crunchbase need a logged-in browser. National register for AU not checked.,2026-10-01T01:14:28Z
transfez,Transfez,Winter 2022,No evidence found,,,,,,,,,,,,,,,,,,Checked: no post-YC Form D matching the founders; no funding statement on website (2 pages) or YC page. LinkedIn/X/Crunchbase need a logged-in browser. National register for ID not checked.,2026-10-01T01:14:30Z
stably-ai-orca,Stably AI (Orca),Winter 2022,No evidence found,,,,,,,,,,,,,,,,,,Checked: no post-YC Form D matching the founders; no funding statement on website (2 pages) or YC page. LinkedIn/X/Crunchbase need a logged-in browser.,2026-10-01T01:14:35Z
wagetap,Wagetap,Winter 2022,No evidence found,,,,,,,,,,,,,,,,,,Checked: no post-YC Form D matching the founders; no funding statement on website (5 pages) or YC page. LinkedIn/X/Crunchbase need a logged-in browser. National register for AU not checked.,2026-10-01T01:14:39Z
loops,Loops,Winter 2022,Yes,3235000,OptionToAcquire (per Form D; stage not stated),2022-01-20,,1,SEC Form D,https://www.sec.gov/Archives/edgar/data/1921232/000192123222000001/primary_doc.xml,totalAmountSold: 3235000; totalOfferingAmount: 3260000; dateOfFirstSale: 2022-01-20,0001921232,0001921232-22-000001,3235000,3260000,2022-01-20,OptionToAcquire,22,Astrodon Corp,High,"Legal name differs from brand; matched on related person(s) Adam Kaczmarek, Chris Frantz, issuer in Beaverton, OR. First sale is close to batch start, so the Form D total may include YC's $500K.",2026-10-01T01:25:05Z
sota2,Sota2,Winter 2022,No evidence found,,,,,,,,,,,,,,,,,,Checked: no post-YC Form D matching the founders; no funding statement on website (1 pages) or YC page. LinkedIn/X/Crunchbase need a logged-in browser.,2026-10-01T01:14:39Z
cozmo-ai,Cozmo AI,Winter 2022,Yes,3000000,,2022-08-23,,4,Press (linked from YC company page),https://techcrunch.com/2022/08/23/yc-backed-zywa-a-neobank-for-gen-z-raises-3m-to-expand-across-mena/,"YC-backed Zywa, a neobank for Gen Z, raises $3M to expand across MENA – TechCrunch",,,,,,,,,Medium,"Unverified Form D by same-named person: Avridh Technologies, Inc. 0001938981-25-000002 sold 2000000 (first sale 2025-06-12, New Haven); likely a different person. Unverified Form D by same-named person: Avridh Technologies, Inc. 0001938981-26-000001 sold 4550000 (first sale 2025-12-19, New Haven); likely a different person. Other stated figure: $1M (https://magnitt.com/news/zywa-1m-pre-seed-53201). No matching post-YC Form D found.",2026-10-01T01:14:38Z
shinkei-systems,Shinkei Systems,Winter 2022,Yes,6274307,Equity (per Form D; stage not stated),2024-01-22,,1,SEC Form D,https://www.sec.gov/Archives/edgar/data/1924433/000192443324000001/primary_doc.xml,totalAmountSold: 6274307; totalOfferingAmount: 6292250; dateOfFirstSale: 2024-01-22,0001924433,0001924433-24-000001,6274307,6292250,2024-01-22,Equity,35,Shinkei Systems Corp.,High,,2026-10-01T01:14:51Z
craniometrix,Craniometrix,Winter 2022,No evidence found,,,,,,,,,,,,,,,,,,Checked: no post-YC Form D matching the founders; no funding statement on website (10 pages) or YC page. LinkedIn/X/Crunchbase need a logged-in browser.,2026-10-01T01:14:38Z
actipulse-neuroscience,Actipulse Neuroscience,Winter 2022,No evidence found,,,,,,,,,,,,,,,,,,Checked: no post-YC Form D matching the founders; no funding statement on website (2 pages) or YC page. LinkedIn/X/Crunchbase need a logged-in browser. National register for MX not checked.,2026-10-01T01:14:41Z
promptloop,PromptLoop,Winter 2022,No evidence found,,,,,,,,,,,,,,,,,,Checked: no post-YC Form D matching the founders; no funding statement on website (3 pages) or YC page. LinkedIn/X/Crunchbase need a logged-in browser.,2026-10-01T01:14:41Z
momento,Momento,Winter 2022,Yes,10500000,,2023-08-04,,4,Press (linked from YC company page),https://www.bloomberglinea.com/english/rounds-of-the-week-momento-seguros-raises-105-million-to-begin-operations/,Rounds of the Week: Momento Seguros Raises $10.5 Million to Begin Operations,,,,,,,,,Medium,No matching post-YC Form D found.,2026-10-01T01:14:47Z
starling,Starling,Winter 2022,Yes,9715596,Equity (per Form D; stage not stated),2024-09-06,,1,SEC Form D/A,https://www.sec.gov/Archives/edgar/data/2031505/000193558124000002/primary_doc.xml,totalAmountSold: 8890606; totalOfferingAmount: 8890606; dateOfFirstSale: 2024-09-06,0002031505,0001935581-24-000002,8890606,8890606,2024-09-06,Equity,40,"Starling Medical, Inc.",High,"2 post-YC Form D offerings summed: 0001935581-24-000002 $8890606 (2024-09-06), 0002031505-26-000003 $824990 (2026-02-27)",2026-10-01T01:14:50Z
vantedgeai,VantedgeAI,Winter 2022,No evidence found,,,,,,,,,,,,,,,,,,Checked: no post-YC Form D matching the founders; no funding statement on website (7 pages) or YC page. LinkedIn/X/Crunchbase need a logged-in browser.,2026-10-01T01:14:45Z
rosebud-biosciences,Rosebud Biosciences,Winter 2022,No evidence found,,,,,,,,,,,,,,,,,,Checked: no post-YC Form D matching the founders; no funding statement on website (1 pages) or YC page. LinkedIn/X/Crunchbase need a logged-in browser.,2026-10-01T01:15:00Z
samos-insurance,Samos Insurance,Winter 2022,No evidence found,,,,,,,,,,,,,,,,,,Checked: no post-YC Form D matching the founders; no funding statement on website (1 pages) or YC page. LinkedIn/X/Crunchbase need a logged-in browser. National register for CA not checked.,2026-10-01T01:14:43Z
wereno,WeReno,Winter 2022,No evidence found,,,,,,,,,,,,,,,,,,Checked: no post-YC Form D matching the founders; no funding statement on website (3 pages) or YC page. LinkedIn/X/Crunchbase need a logged-in browser. National register for CA not checked.,2026-10-01T01:14:43Z
peakflo,Peakflo,Winter 2022,Yes,4100000,Seed,2022-07-06,,4,Press (linked from YC company page),https://www.pymnts.com/news/investment-tracker/2022/ap-ar-software-firm-peakflo-raises-4-1m-in-seed-funding/,AP/AR Software Firm Peakflo Raises $4.1M in Seed Funding - PYMNTS.com,,,,,,,,,Medium,No matching post-YC Form D found.,2026-10-01T01:14:47Z
trebol,Trébol,Winter 2022,Yes,3000000,,,,2,Company website,https://www.gotrebol.com/blog,"We are happy to announce that Trebol has raised a $3 million round to modernize the business onboarding process for banks, lenders, insurers, and",,,,,,,,,High,Round date not stated on the source page; assumed post-YC because it is presented as current news. No matching post-YC Form D found.,2026-10-01T01:14:47Z
rebill,Rebill,Winter 2022,No evidence found,,,,,,,,,,,,,,,,,,Checked: no post-YC Form D matching the founders; no funding statement on website (2 pages) or YC page. LinkedIn/X/Crunchbase need a logged-in browser. National register for AR not checked.,2026-10-01T01:14:48Z
trellus,Trellus,Winter 2022,No evidence found,,,,,,,,,,,,,,,,,,Checked: no post-YC Form D matching the founders; no funding statement on website (3 pages) or YC page. LinkedIn/X/Crunchbase need a logged-in browser.,2026-10-01T01:14:51Z
hubble-network,Hubble Network,Winter 2022,Yes,200000000,Series C,,,2,Company website,https://hubble.com/news,"Hubble Network Opens Satellite Coverage to All Bluetooth Devices, Raises $200 Million Series C at $1.6 Billion Valuation.",,,,,,,,,High,Round date not stated on the source page; assumed post-YC because it is presented as current news. No matching post-YC Form D found.,2026-10-01T01:14:52Z
ravion,Ravion,Winter 2022,No evidence found,,,,,,,,,,,,,,,,,,Checked: no post-YC Form D matching the founders; no funding statement on website (10 pages) or YC page. LinkedIn/X/Crunchbase need a logged-in browser.,2026-10-01T01:14:53Z
lumina,Lumina,Winter 2022,No evidence found,,,,,,,,,,,,,,,,,,Checked: no post-YC Form D matching the founders; no funding statement on website (1 pages) or YC page. LinkedIn/X/Crunchbase need a logged-in browser. National register for SG not checked.,2026-10-01T01:15:38Z
policyfly,PolicyFly,Winter 2022,No evidence found,,,,,,,,,,,,,,,,,,Checked: no post-YC Form D matching the founders; no funding statement on website (4 pages) or YC page. LinkedIn/X/Crunchbase need a logged-in browser.,2026-10-01T01:14:54Z
selia,Selia,Winter 2022,No evidence found,,,,,,,,,,,,,,,,,,Checked: no post-YC Form D matching the founders; no funding statement on website (2 pages) or YC page. LinkedIn/X/Crunchbase need a logged-in browser.,2026-10-01T01:14:53Z
sieve,Sieve,Winter 2022,No evidence found,,,,,,,,,,,,,,,,,,Checked: no post-YC Form D matching the founders; no funding statement on website (3 pages) or YC page. LinkedIn/X/Crunchbase need a logged-in browser.,2026-10-01T01:14:56Z
capuchin,Capuchin,Winter 2022,No evidence found,,,,,,,,,,,,,,,,,,Checked: no post-YC Form D matching the founders; no funding statement on website (2 pages) or YC page. LinkedIn/X/Crunchbase need a logged-in browser.,2026-10-01T01:14:59Z
kapital-bank,Kapital Bank,Winter 2022,No evidence found,,,,,,,,,,,,,,,,,,Checked: no post-YC Form D matching the founders; no funding statement on website (1 pages) or YC page. LinkedIn/X/Crunchbase need a logged-in browser. National register for MX not checked.,2026-10-01T01:15:00Z
syrona-health,Syrona Health,Winter 2022,No evidence found,,,,,,,,,,,,,,,,,,Checked: no post-YC Form D matching the founders; no funding statement on website (8 pages) or YC page. LinkedIn/X/Crunchbase need a logged-in browser.,2026-10-01T01:14:55Z
boardcave,Boardcave,Winter 2022,No evidence found,,,,,,,,,,,,,,,,,,Checked: no post-YC Form D matching the founders; no funding statement on website (0 pages) or YC page. LinkedIn/X/Crunchbase need a logged-in browser. National register for AU not checked.,2026-10-01T01:14:57Z
lifeat,LifeAt,Winter 2022,No evidence found,,,,,,,,,,,,,,,,,,Checked: no post-YC Form D matching the founders; no funding statement on website (3 pages) or YC page. LinkedIn/X/Crunchbase need a logged-in browser.,2026-10-01T01:14:56Z
tybr-health,TYBR Health,Winter 2022,Yes,21497316,Equity (per Form D; stage not stated),2025-01-17,,1,SEC Form D,https://www.sec.gov/Archives/edgar/data/1835188/000183518826000001/primary_doc.xml,totalAmountSold: 14354342; totalOfferingAmount: 30000000; dateOfFirstSale: 2026-07-09,0001835188,0001835188-26-000001,14354342,30000000,2026-07-09,Equity,12,"TYBR Health, Inc.",High,"2 post-YC Form D offerings summed: 0001835188-25-000005 $7142974 (2025-01-17), 0001835188-26-000001 $14354342 (2026-07-09) pre yc Form D 0001835188-20-000001: sold 709999 first sale 2020-11-23 Unverified Form D by same-named person: APFusion, Inc. 0001900202-21-000001 sold 500000 (first sale 2021-12-02, Urbana); likely a different person. Unverified Form D by same-named person: Kizen Technologies, Inc. 0001754493-23-000003 sold 17352392 (first sale 2023-05-03, Austin); likely a different person. Unverified Form D by same-named person: Renu Environmental Inc. 0002002921-26-000003 sold 1078525 (first sale 2026-03-06, Peoria); likely a different person.",2026-10-01T01:15:05Z
scout-2,Scout,Winter 2022,No evidence found,,,,,,,,,,,,,,,,,,Checked: no post-YC Form D matching the founders; no funding statement on website (2 pages) or YC page. LinkedIn/X/Crunchbase need a logged-in browser.,2026-10-01T01:15:52Z
drama-drama,Drama Drama,Winter 2022,No evidence found,,,,,,,,,,,,,,,,,,Checked: no post-YC Form D matching the founders; no funding statement on website (3 pages) or YC page. LinkedIn/X/Crunchbase need a logged-in browser.,2026-10-01T01:14:59Z
strac,Strac,Winter 2022,Yes,3500000,,2022-07-21,,4,Press (linked from YC company page),https://www.geekwire.com/2022/seattle-area-cybersecurity-startup-led-by-former-principal-engineer-lands-3-5m/,Seattle-area cybersecurity startup led by former Amazon principal engineer lands $3.5M – GeekWire,,,,,,,,,Medium,No matching post-YC Form D found.,2026-10-01T01:14:59Z
remedial-health,Remedial Health,Winter 2022,Yes,4400000,Seed,2022-09-20,,4,Press (linked from YC company page),https://techcrunch.com/2022/09/20/nigerias-yc-backed-remedial-health-raises-4-4m-seed-funding/,Nigeria's YC-backed Remedial Health raises $4.4M seed funding • TechCrunch,,,,,,,,,Medium,Other stated figure: $1 million (https://techcrunch.com/2022/02/14/yc-backed-remedial-health-raises-1-million-pre-seed-to-digitize-pharmacies-in-nigeria/). No matching post-YC Form D found.,2026-10-01T01:15:08Z
agave,Agave,Winter 2022,Yes,15000000,Series A,,,2,Company website,https://useagave.com/,We raised a $15M Series A to bring AI to construction's back office..,,,,,,,,,High,Round date not stated on the source page; assumed post-YC because it is presented as current news. No matching post-YC Form D found.,2026-10-01T01:15:10Z
redbird,Redbird,Winter 2022,No evidence found,,,,,,,,,,,,,,,,,,Checked: no post-YC Form D matching the founders; no funding statement on website (6 pages) or YC page. LinkedIn/X/Crunchbase need a logged-in browser.,2026-10-01T01:15:36Z
astroforge,AstroForge,Winter 2022,Yes,42487993,Equity (per Form D; stage not stated),2024-07-23,,1,SEC Form D/A,https://www.sec.gov/Archives/edgar/data/2033635/000203363525000001/primary_doc.xml,totalAmountSold: 42487993; totalOfferingAmount: 46360925; dateOfFirstSale: 2024-07-23,0002033635,0002033635-25-000001,42487993,46360925,2024-07-23,Equity,59,"AstroForge, Inc.",High,,2026-10-01T01:15:09Z
growthbook,GrowthBook,Winter 2022,Yes,22621791,Equity (per Form D; stage not stated),2025-06-17,,1,SEC Form D,https://www.sec.gov/Archives/edgar/data/2075367/000207536725000001/primary_doc.xml,totalAmountSold: 22621791; totalOfferingAmount: 22621791; dateOfFirstSale: 2025-06-17,0002075367,0002075367-25-000001,22621791,22621791,2025-06-17,Equity,15,"GrowthBook, Inc.",High,,2026-10-01T01:15:06Z
compra-rapida,Compra Rápida,Winter 2022,No evidence found,,,,,,,,,,,,,,,,,,Checked: no post-YC Form D matching the founders; no funding statement on website (2 pages) or YC page. LinkedIn/X/Crunchbase need a logged-in browser. National register for BR not checked.,2026-10-01T01:15:07Z
mederva,Mederva,Winter 2022,No evidence found,,,,,,,,,,,,,,,,,,Checked: no post-YC Form D matching the founders; no funding statement on website (3 pages) or YC page. LinkedIn/X/Crunchbase need a logged-in browser.,2026-10-01T01:15:10Z
stafbook,StafBook,Winter 2022,No evidence found,,,,,,,,,,,,,,,,,,Checked: no post-YC Form D matching the founders; no funding statement on website (1 pages) or YC page. LinkedIn/X/Crunchbase need a logged-in browser. National register for ID not checked.,2026-10-01T01:15:10Z
elevate,Elevate (formerly Bloom),Winter 2022,No evidence found,,,,,,,,,,,,,,,,,,Checked: no post-YC Form D matching the founders; no funding statement on website (10 pages) or YC page. LinkedIn/X/Crunchbase need a logged-in browser. National register for AE not checked.,2026-10-01T01:15:22Z
spot-health,Spot Health,Winter 2022,No evidence found,,,,,,,,,,,,,,,,,,Checked: no post-YC Form D matching the founders; no funding statement on website (1 pages) or YC page. LinkedIn/X/Crunchbase need a logged-in browser.,2026-10-01T01:15:12Z
apollo-3,Apollo,Winter 2022,No evidence found,,,,,,,,,,,,,,,,,,Checked: no post-YC Form D matching the founders; no funding statement on website (2 pages) or YC page. LinkedIn/X/Crunchbase need a logged-in browser. National register for IN not checked.,2026-10-01T01:19:18Z
attack-capital,Attack Capital,Winter 2022,No evidence found,,,,,,,,,,,,,,,,,,Checked: no post-YC Form D matching the founders; no funding statement on website (8 pages) or YC page. LinkedIn/X/Crunchbase need a logged-in browser.,2026-10-01T01:15:15Z
wyvern,Wyvern,Winter 2022,Yes,9450000,Seed,,,2,Company website,https://www.wyvern.space/blog,Wyvern raises $9.45 million CAD in seed-plus round | BetaKit.,,,,,,,,,High,Round date not stated on the source page; assumed post-YC because it is presented as current news. No matching post-YC Form D found.,2026-10-01T01:15:25Z
andi,Andi,Winter 2022,No evidence found,,,,,,,,,,,,,,,,,,Checked: no post-YC Form D matching the founders; no funding statement on website (3 pages) or YC page. LinkedIn/X/Crunchbase need a logged-in browser.,2026-10-01T01:15:14Z
nira-energy,Nira Energy,Winter 2022,No evidence found,,,,,,,,,,,,,,,,,,"Unverified Form D by same-named person: Verse Enterprises, Inc. 0002022340-24-000001 sold 4999990 (first sale 2022-10-26, San Francisco); likely a different person. Unverified Form D by same-named person: Verse Enterprises, Inc. 0002022340-24-000002 sold 20499995 (first sale 2024-05-08, San Francisco); likely a different person. Unverified Form D by same-named person: Verse Enterprises, Inc. 0002022340-24-000003 sold 3000000 (first sale 2024-12-13, San Francisco); likely a different person. Unverified Form D by same-named person: Hutchinson - The Landing, LLC 0002089046-25-000001 sold 4575000 (first sale 2025-08-15, Saint Cloud); likely a different person. Checked: no post-YC Form D matching the founders; no funding statement on website (5 pages) or YC page. LinkedIn/X/Crunchbase need a logged-in browser.",2026-10-01T01:15:29Z
instalab,Instalab,Winter 2022,No evidence found,,,,,,,,,,,,,,,,,,Checked: no post-YC Form D matching the founders; no funding statement on website (2 pages) or YC page. LinkedIn/X/Crunchbase need a logged-in browser.,2026-10-01T01:15:16Z
serif-health,Serif Health,Winter 2022,Yes,5648251,Seed (Equity per Form D),2026-07-28,,1,SEC Form D,https://www.sec.gov/Archives/edgar/data/1926833/000192683326000002/primary_doc.xml,totalAmountSold: 5648251; totalOfferingAmount: 5648251; dateOfFirstSale: 2026-07-28,0001926833,0001926833-26-000002,5648251,5648251,2026-07-28,Equity,56,"Serif Health Management, Inc.",High,pre yc Form D 0001926833-22-000001: sold 2020000 first sale 2021-08-10 Tier 2 source states $2.5M (https://www.serifhealth.com/blog); Form D figure kept.,2026-10-01T01:15:23Z
pando-bioscience,Pando Bioscience,Winter 2023,No evidence found,,,,,,,,,,,,,,,,,,Checked: no post-YC Form D matching the founders; no funding statement on website (2 pages) or YC page. LinkedIn/X/Crunchbase need a logged-in browser.,2026-10-01T01:15:19Z
metal-2,Metal,Winter 2023,No evidence found,,,,,,,,,,,,,,,,,,Checked: no post-YC Form D matching the founders; no funding statement on website (10 pages) or YC page. LinkedIn/X/Crunchbase need a logged-in browser. National register for PK not checked.,2026-10-01T01:15:33Z
vaero,Vaero,Winter 2023,No evidence found,,,,,,,,,,,,,,,,,,Checked: no post-YC Form D matching the founders; no funding statement on website (2 pages) or YC page. LinkedIn/X/Crunchbase need a logged-in browser.,2026-10-01T01:15:24Z
yuma-ai,Yuma AI,Winter 2023,Yes,4684415,SAFE (per Form D; stage not stated),2023-12-21,,1,SEC Form D,https://www.sec.gov/Archives/edgar/data/2004844/000200484424000001/primary_doc.xml,totalAmountSold: 3809415; totalOfferingAmount: 3809415; dateOfFirstSale: 2023-12-21,0002004844,0002004844-24-000001,3809415,3809415,2023-12-21,"OptionToAcquire; Other; Other: Simple Agreements for Future Equity (""SAFEs"")",22,YUMA AI Inc.,High,"3 post-YC Form D offerings summed: 0002004844-24-000001 $3809415 (2023-12-21), 0002004844-25-000002 $250000 (2024-04-08), 0002004844-25-000001 $625000 (2024-09-05)",2026-10-01T01:15:34Z
pierre,Pierre,Winter 2023,No evidence found,,,,,,,,,,,,,,,,,,Checked: no post-YC Form D matching the founders; no funding statement on website (1 pages) or YC page. LinkedIn/X/Crunchbase need a logged-in browser.,2026-10-01T01:15:34Z
automat,Automat,Winter 2023,Yes,19250000,,,,2,Company website,https://runautomat.com/blog/automat-raises-15-5m-series-a,This brings our total capital raised to $19.25M..,,,,,,,,,High,Round date not stated on the source page; assumed post-YC because it is presented as current news. Other stated figure: $15.5M (https://www.runautomat.com/blog/automat-raises-15-5m-series-a). No matching post-YC Form D found.,2026-10-01T01:15:31Z
speccheck,SpecCheck,Winter 2023,No evidence found,,,,,,,,,,,,,,,,,,Checked: no post-YC Form D matching the founders; no funding statement on website (4 pages) or YC page. LinkedIn/X/Crunchbase need a logged-in browser.,2026-10-01T01:15:36Z
speedy-labs,Speedy Labs,Winter 2023,No evidence found,,,,,,,,,,,,,,,,,,Checked: no post-YC Form D matching the founders; no funding statement on website (2 pages) or YC page. LinkedIn/X/Crunchbase need a logged-in browser. National register for CA not checked.,2026-10-01T01:15:36Z
finta,Finta,Winter 2023,No evidence found,,,,,,,,,,,,,,,,,,Checked: no post-YC Form D matching the founders; no funding statement on website (2 pages) or YC page. LinkedIn/X/Crunchbase need a logged-in browser.,2026-10-01T01:15:39Z
litellm,LiteLLM,Winter 2023,Yes,1600000,Seed,,,2,YC company/launch page,https://www.ycombinator.com/companies/litellm,"Cohere, Anthropic) in the OpenAI format We have raised a $1.6M seed round from Y Combinator, Gravity Fund and Pioneer Fund .",,,,,,,,,High,Round date not stated on the source page; assumed post-YC because it is presented as current news. No matching post-YC Form D found.,2026-10-01T01:15:42Z
theya,Theya,Winter 2023,No evidence found,,,,,,,,,,,,,,,,,,Checked: no post-YC Form D matching the founders; no funding statement on website (4 pages) or YC page. LinkedIn/X/Crunchbase need a logged-in browser.,2026-10-01T01:15:41Z
warp,Warp,Winter 2023,Yes,85000000,,,,2,YC company/launch page,https://www.ycombinator.com/companies/warp,"We've raised $85M from Battery Ventures, Peak XV, Sound Ventures (Ashton Kutcher), Sapphire, A-Star, SV Angel, and Homebrew Capital.",,,,,,,,,High,"Unverified Form D by same-named person: Poaster Technologies Inc. 0002143918-26-000001 sold 54776949 (first sale 2026-06-18, Brooklyn); likely a different person. Round date not stated on the source page; assumed post-YC because it is presented as current news. No matching post-YC Form D found.",2026-10-01T01:15:41Z
adri-ai,Adri AI,Winter 2023,No evidence found,,,,,,,,,,,,,,,,,,Checked: no post-YC Form D matching the founders; no funding statement on website (1 pages) or YC page. LinkedIn/X/Crunchbase need a logged-in browser.,2026-10-01T01:15:41Z
vendora,Vendora,Winter 2023,No evidence found,,,,,,,,,,,,,,,,,,Checked: no post-YC Form D matching the founders; no funding statement on website (1 pages) or YC page. LinkedIn/X/Crunchbase need a logged-in browser.,2026-10-01T01:15:42Z
lightski,Lightski,Winter 2023,No evidence found,,,,,,,,,,,,,,,,,,Checked: no post-YC Form D matching the founders; no funding statement on website (1 pages) or YC page. LinkedIn/X/Crunchbase need a logged-in browser.,2026-10-01T01:15:41Z
type,Type,Winter 2023,Yes,2800000,,2023-06-14,,2,Company website,https://type.ai/blog/type-seed-round,Type raises $2.8M to build a new kind of document editor,,,,,,,,,High,No matching post-YC Form D found.,2026-10-01T01:16:18Z
thedailyscout,Scout,Winter 2023,No evidence found,,,,,,,,,,,,,,,,,,Checked: no post-YC Form D matching the founders; no funding statement on website (1 pages) or YC page. LinkedIn/X/Crunchbase need a logged-in browser.,2026-10-01T01:15:52Z
kyber,Kyber,Winter 2023,No evidence found,,,,,,,,,,,,,,,,,,Checked: no post-YC Form D matching the founders; no funding statement on website (8 pages) or YC page. LinkedIn/X/Crunchbase need a logged-in browser.,2026-10-01T01:15:50Z
escape,Escape,Winter 2023,Yes,17999994,Series A (Equity per Form D),2026-01-13,,1,SEC Form D,https://www.sec.gov/Archives/edgar/data/2108505/000210850526000004/primary_doc.xml,totalAmountSold: 17999994; totalOfferingAmount: 17999994; dateOfFirstSale: 2026-01-13,0002108505,0002108505-26-000004,17999994,17999994,2026-01-13,Equity,7,"Escape Technologies, Inc.",High,"Form D clarification: $500,000 of the Total Offering Amount and Total Amount Sold was accounted for by the conversion of existing SAFEs.  The remainder was accounted for by new cash investments. Tier 2 source states $3.9 million (https://escape.tech/blog/tag/announcement/); Form D figure kept.",2026-10-01T01:15:53Z
atmeto,Atmeto,Winter 2023,No evidence found,,,,,,,,,,,,,,,,,,Checked: no post-YC Form D matching the founders; no funding statement on website (1 pages) or YC page. LinkedIn/X/Crunchbase need a logged-in browser.,2026-10-01T01:15:45Z
modulari-t,Modulari-T,Winter 2023,No evidence found,,,,,,,,,,,,,,,,,,"Unverified Form D by same-named person: Octave Health Group, Inc. 0001975699-23-000002 sold 22378795 (first sale 2023-04-17, San Francisco); likely a different person. Unverified Form D by same-named person: Octave Health Group, Inc. 0001739074-23-000003 sold 37513790 (first sale 2023-04-17, San Francisco); likely a different person. Checked: no post-YC Form D matching the founders; no funding statement on website (4 pages) or YC page. LinkedIn/X/Crunchbase need a logged-in browser. National register for CA not checked.",2026-10-01T01:15:58Z
skyhook,Skyhook,Winter 2023,No evidence found,,,,,,,,,,,,,,,,,,Checked: no post-YC Form D matching the founders; no funding statement on website (4 pages) or YC page. LinkedIn/X/Crunchbase need a logged-in browser. National register for IL not checked.,2026-10-01T01:15:46Z
metal,Metal,Winter 2023,Yes,5000000,,2025-09-11,,2,Company website,https://www.metal.ai/blog/seed-fundraise-announcement,Metal Raises $5M from Base10 Partners to Transform Private Market Investing with AI,,,,,,,,,High,No matching post-YC Form D found.,2026-10-01T01:15:50Z
texel-ai,Texel.ai,Winter 2023,No evidence found,,,,,,,,,,,,,,,,,,Checked: no post-YC Form D matching the founders; no funding statement on website (5 pages) or YC page. LinkedIn/X/Crunchbase need a logged-in browser.,2026-10-01T01:15:50Z
vector,Vector,Winter 2023,Yes,10000000,,,,2,Company website,https://www.vector.co/blog,We just raised $10M to build the AI platform that makes marketers superhuman.,,,,,,,,,High,Round date not stated on the source page; assumed post-YC because it is presented as current news. No matching post-YC Form D found.,2026-10-01T01:16:35Z
pier,Pier,Winter 2023,Yes,2400000,,2024-01-11,,4,Press (linked from YC company page),https://www.pymnts.com/alternative-credit/2024/pier-raises-2-4-million-to-help-businesses-launch-credit-products/,Pier Raises $2.4 Million to Help Businesses Launch Credit Products | PYMNTS.com,,,,,,,,,Medium,No matching post-YC Form D found.,2026-10-01T01:16:32Z
verata,Verata,Winter 2023,No evidence found,,,,,,,,,,,,,,,,,,Checked: no post-YC Form D matching the founders; no funding statement on website (7 pages) or YC page. LinkedIn/X/Crunchbase need a logged-in browser.,2026-10-01T01:15:57Z
finni-health,Finni Health,Winter 2023,Yes,3200000,,2023-06-11,,2,Company website,https://www.finnihealth.com/finni-health-raises-3m-to-build-the-provider-centric-future-of-autism-care,Finni Health Raises $3.2M to Build the Provider-Centric Future of Autism Care,,,,,,,,,High,No matching post-YC Form D found.,2026-10-01T01:15:59Z
invitris,Invitris,Winter 2023,Yes,,,,,2,Company website,https://www.invitris.com/,"Invitris secured €250,000 in funding to complete its spin-off from the Technical University of Munich (TUM)..",,,,,,,,,High,"Amount stated as €250,000  (not converted to USD). Round date not stated on the source page; assumed post-YC because it is presented as current news. No matching post-YC Form D found.",2026-10-01T01:15:57Z
adventris-pharmaceuticals,Adventris Pharmaceuticals,Winter 2023,No evidence found,,,,,,,,,,,,,,,,,,Checked: no post-YC Form D matching the founders; no funding statement on website (1 pages) or YC page. LinkedIn/X/Crunchbase need a logged-in browser.,2026-10-01T01:16:01Z
untether-labs,Untether Labs,Winter 2023,No evidence found,,,,,,,,,,,,,,,,,,Checked: no post-YC Form D matching the founders; no funding statement on website (2 pages) or YC page. LinkedIn/X/Crunchbase need a logged-in browser.,2026-10-01T01:16:04Z
edge,Edge,Winter 2023,No evidence found,,,,,,,,,,,,,,,,,,Checked: no post-YC Form D matching the founders; no funding statement on website (1 pages) or YC page. LinkedIn/X/Crunchbase need a logged-in browser.,2026-10-01T01:17:04Z
benchmark,Benchmark,Winter 2023,No evidence found,,,,,,,,,,,,,,,,,,Checked: no post-YC Form D matching the founders; no funding statement on website (6 pages) or YC page. LinkedIn/X/Crunchbase need a logged-in browser.,2026-10-01T01:17:10Z
wallbit,Wallbit,Winter 2023,No evidence found,,,,,,,,,,,,,,,,,,Checked: no post-YC Form D matching the founders; no funding statement on website (11 pages) or YC page. LinkedIn/X/Crunchbase need a logged-in browser. National register for AR not checked.,2026-10-01T01:16:05Z
vellum,Vellum,Winter 2023,Yes,20000000,Series A,2025-07-10,,4,Press (linked from YC company page),https://www.axios.com/pro/enterprise-software-deals/2025/07/10/ai-development-platform-vellum-20m-series-a,AI development platform Vellum raises $20M Series A,,,,,,,,,Medium,Other stated figure: $5M (https://techcrunch.com/2023/07/11/prompt-engineering-startup-vellum-ai/). No matching post-YC Form D found.,2026-10-01T01:16:11Z
rex-fit,rex.fit,Winter 2023,No evidence found,,,,,,,,,,,,,,,,,,Checked: no post-YC Form D matching the founders; no funding statement on website (2 pages) or YC page. LinkedIn/X/Crunchbase need a logged-in browser.,2026-10-01T01:16:07Z
persist-ai,Persist AI,Winter 2023,Yes,4888484,Seed (SAFE per Form D),2023-04-13,,1,SEC Form D,https://www.sec.gov/Archives/edgar/data/1974261/000197426123000001/primary_doc.xml,totalAmountSold: 4888484; totalOfferingAmount: 5470484; dateOfFirstSale: 2023-04-13,0001974261,0001974261-23-000001,4888484,5470484,2023-04-13,Equity; Other; Other: Simple Agreements for Future Equity,27,Persist AI Formulations Corp,High,,2026-10-01T01:16:10Z
berry,Berry,Winter 2023,No evidence found,,,,,,,,,,,,,,,,,,Checked: no post-YC Form D matching the founders; no funding statement on website (2 pages) or YC page. LinkedIn/X/Crunchbase need a logged-in browser.,2026-10-01T01:16:29Z
conduit,Conduit,Winter 2023,Yes,6000000,Seed,,,2,YC company/launch page,https://www.ycombinator.com/companies/conduit,"Innovation Endeavors and Y Combinator, and we recently closed a $6M Seed round.",,,,,,,,,High,Round date not stated on the source page; assumed post-YC because it is presented as current news. No matching post-YC Form D found.,2026-10-01T01:16:28Z
superapi,SuperAPI,Winter 2023,No evidence found,,,,,,,,,,,,,,,,,,Checked: no post-YC Form D matching the founders; no funding statement on website (1 pages) or YC page. LinkedIn/X/Crunchbase need a logged-in browser. National register for IN not checked.,2026-10-01T01:16:14Z
unstatiq,Unstatiq,Winter 2023,No evidence found,,,,,,,,,,,,,,,,,,Checked: no post-YC Form D matching the founders; no funding statement on website (1 pages) or YC page. LinkedIn/X/Crunchbase need a logged-in browser.,2026-10-01T01:16:17Z
resend,Resend,Winter 2023,Yes,18000000,Series A,2024-12-04,,2,Company website,https://resend.com/blog/series-a,Resend raises $18M Series A,,,,,,,,,High,No matching post-YC Form D found.,2026-10-01T01:16:21Z
decohere,Decohere,Winter 2023,No evidence found,,,,,,,,,,,,,,,,,,Checked: no post-YC Form D matching the founders; no funding statement on website (0 pages) or YC page. LinkedIn/X/Crunchbase need a logged-in browser.,2026-10-01T01:16:22Z
constant,Constant,Winter 2023,No evidence found,,,,,,,,,,,,,,,,,,Checked: no post-YC Form D matching the founders; no funding statement on website (1 pages) or YC page. LinkedIn/X/Crunchbase need a logged-in browser.,2026-10-01T01:16:30Z
common-paper,Common Paper,Winter 2023,No evidence found,,,,,,,,,,,,,,,,,,Checked: no post-YC Form D matching the founders; no funding statement on website (4 pages) or YC page. LinkedIn/X/Crunchbase need a logged-in browser.,2026-10-01T01:16:26Z
dill,Dill,Winter 2023,No evidence found,,,,,,,,,,,,,,,,,,Checked: no post-YC Form D matching the founders; no funding statement on website (2 pages) or YC page. LinkedIn/X/Crunchbase need a logged-in browser.,2026-10-01T01:16:33Z
hindsight,Hindsight,Winter 2023,No evidence found,,,,,,,,,,,,,,,,,,Checked: no post-YC Form D matching the founders; no funding statement on website (2 pages) or YC page. LinkedIn/X/Crunchbase need a logged-in browser.,2026-10-01T01:16:35Z
littio,Littio,Winter 2023,No evidence found,,,,,,,,,,,,,,,,,,Checked: no post-YC Form D matching the founders; no funding statement on website (2 pages) or YC page. LinkedIn/X/Crunchbase need a logged-in browser. National register for CO not checked.,2026-10-01T01:16:32Z
maxi,Maxi,Winter 2023,No evidence found,,,,,,,,,,,,,,,,,,Checked: no post-YC Form D matching the founders; no funding statement on website (1 pages) or YC page. LinkedIn/X/Crunchbase need a logged-in browser.,2026-10-01T01:16:33Z
waza,Waza,Winter 2023,No evidence found,,,,,,,,,,,,,,,,,,Checked: no post-YC Form D matching the founders; no funding statement on website (3 pages) or YC page. LinkedIn/X/Crunchbase need a logged-in browser. National register for NG not checked.,2026-10-01T01:16:36Z
rivet,Rivet,Winter 2023,No evidence found,,,,,,,,,,,,,,,,,,Checked: no post-YC Form D matching the founders; no funding statement on website (8 pages) or YC page. LinkedIn/X/Crunchbase need a logged-in browser.,2026-10-01T01:16:56Z
tagsafe,Tagsafe,Winter 2023,No evidence found,,,,,,,,,,,,,,,,,,Checked: no post-YC Form D matching the founders; no funding statement on website (0 pages) or YC page. LinkedIn/X/Crunchbase need a logged-in browser.,2026-10-01T01:16:34Z
invopop,Invopop,Winter 2023,No evidence found,,,,,,,,,,,,,,,,,,Checked: no post-YC Form D matching the founders; no funding statement on website (9 pages) or YC page. LinkedIn/X/Crunchbase need a logged-in browser. National register for ES not checked.,2026-10-01T01:16:39Z
corgi-labs,Corgi Labs,Winter 2023,No evidence found,,,,,,,,,,,,,,,,,,Checked: no post-YC Form D matching the founders; no funding statement on website (8 pages) or YC page. LinkedIn/X/Crunchbase need a logged-in browser. National register for SG not checked.,2026-10-01T01:16:40Z
stralis-aircraft,Stralis Aircraft,Winter 2023,No evidence found,,,,,,,,,,,,,,,,,,Checked: no post-YC Form D matching the founders; no funding statement on website (4 pages) or YC page. LinkedIn/X/Crunchbase need a logged-in browser. National register for AU not checked.,2026-10-01T01:16:43Z
helios,Helios,Winter 2023,No evidence found,,,,,,,,,,,,,,,,,,Checked: no post-YC Form D matching the founders; no funding statement on website (1 pages) or YC page. LinkedIn/X/Crunchbase need a logged-in browser. National register for MX not checked.,2026-10-01T01:19:07Z
epsilon,Epsilon,Winter 2023,No evidence found,,,,,,,,,,,,,,,,,,Checked: no post-YC Form D matching the founders; no funding statement on website (2 pages) or YC page. LinkedIn/X/Crunchbase need a logged-in browser.,2026-10-01T01:16:57Z
clad,Clad,Winter 2023,No evidence found,,,,,,,,,,,,,,,,,,Checked: no post-YC Form D matching the founders; no funding statement on website (4 pages) or YC page. LinkedIn/X/Crunchbase need a logged-in browser.,2026-10-01T01:16:45Z
pylon-2,Pylon,Winter 2023,Yes,49729570,Series B (Equity per Form D),2023-04-05,,1,SEC Form D,https://www.sec.gov/Archives/edgar/data/1971978/000197197825000002/primary_doc.xml,totalAmountSold: 30999977; totalOfferingAmount: 31499976; dateOfFirstSale: 2025-08-14,0001971978,0001971978-25-000002,30999977,31499976,2025-08-14,Equity,4,"Pylon Labs, Inc.",High,"3 post-YC Form D offerings summed: 0001971978-23-000001 $2670000 (2023-04-05), 0001971978-24-000002 $16059593 (2024-06-17), 0001971978-25-000002 $30999977 (2025-08-14) Tier 4 source states $31M (https://www.finsmes.com/2025/08/pylon-raises-31m-in-series-b-funding.html); Form D figure kept.",2026-10-01T01:16:47Z
diffuse-bio,Diffuse Bio,Winter 2023,No evidence found,,,,,,,,,,,,,,,,,,Checked: no post-YC Form D matching the founders; no funding statement on website (2 pages) or YC page. LinkedIn/X/Crunchbase need a logged-in browser.,2026-10-01T01:16:47Z
inbuild,inBuild,Winter 2023,No evidence found,,,,,,,,,,,,,,,,,,Checked: no post-YC Form D matching the founders; no funding statement on website (5 pages) or YC page. LinkedIn/X/Crunchbase need a logged-in browser.,2026-10-01T01:16:50Z
sanvivo,Sanvivo,Winter 2023,No evidence found,,,,,,,,,,,,,,,,,,Checked: no post-YC Form D matching the founders; no funding statement on website (2 pages) or YC page. LinkedIn/X/Crunchbase need a logged-in browser. National register for DE not checked.,2026-10-01T01:16:57Z
clearspace,Clearspace,Winter 2023,No evidence found,,,,,,,,,,,,,,,,,,Checked: no post-YC Form D matching the founders; no funding statement on website (1 pages) or YC page. LinkedIn/X/Crunchbase need a logged-in browser.,2026-10-01T01:16:53Z
univerbal,Univerbal,Winter 2023,No evidence found,,,,,,,,,,,,,,,,,,Checked: no post-YC Form D matching the founders; no funding statement on website (3 pages) or YC page. LinkedIn/X/Crunchbase need a logged-in browser. National register for CH not checked.,2026-10-01T01:16:58Z
milio,Milio,Winter 2023,No evidence found,,,,,,,,,,,,,,,,,,Checked: no post-YC Form D matching the founders; no funding statement on website (1 pages) or YC page. LinkedIn/X/Crunchbase need a logged-in browser. National register for CO not checked.,2026-10-01T01:17:01Z
mantys,Mantys,Winter 2023,No evidence found,,,,,,,,,,,,,,,,,,Checked: no post-YC Form D matching the founders; no funding statement on website (10 pages) or YC page. LinkedIn/X/Crunchbase need a logged-in browser. National register for AE not checked.,2026-10-01T01:17:00Z
proglix,Proglix,Winter 2023,No evidence found,,,,,,,,,,,,,,,,,,Checked: no post-YC Form D matching the founders; no funding statement on website (11 pages) or YC page. LinkedIn/X/Crunchbase need a logged-in browser. National register for ID not checked.,2026-10-01T01:17:06Z
coldreach,Coldreach,Winter 2023,No evidence found,,,,,,,,,,,,,,,,,,Checked: no post-YC Form D matching the founders; no funding statement on website (2 pages) or YC page. LinkedIn/X/Crunchbase need a logged-in browser.,2026-10-01T01:17:06Z
magnaplay,MagnaPlay,Winter 2023,No evidence found,,,,,,,,,,,,,,,,,,Checked: no post-YC Form D matching the founders; no funding statement on website (10 pages) or YC page. LinkedIn/X/Crunchbase need a logged-in browser.,2026-10-01T01:17:39Z
shekel-mobility,Shekel Mobility,Winter 2023,Yes,7000000,,2023-11-13,Ventures Platform and MaC VC,4,Press (linked from YC company page),https://techcrunch.com/2023/11/13/shekel-mobility-a-b2b-marketplace-for-auto-dealers-in-africa-raises-7m-led-by-ventures-platform-and-mac-vc/,"Mobility, a B2B marketplace for auto dealers in Africa, raises $7M led by Ventures Platform and MaC VC | TechCrunch",,,,,,,,,Medium,Other stated figure: $1.95m (https://aimgroup.com/2023/02/09/shekel-mobility-raises-1-95m-for-expansion/). No matching post-YC Form D found.,2026-10-01T01:17:07Z
loula,Loula,Winter 2023,No evidence found,,,,,,,,,,,,,,,,,,Checked: no post-YC Form D matching the founders; no funding statement on website (4 pages) or YC page. LinkedIn/X/Crunchbase need a logged-in browser.,2026-10-01T01:17:05Z
sirdab,Sirdab,Winter 2023,Yes,10000000,Series A,,Elm and BECO Capital,2,Company website,https://sirdab.co/blog/en,Sirdab Raises $10M Series A Co-led by Elm and BECO Capital to Scale the Logistics Infrastructure Layer for Saudi Arabia and the GCC.,,,,,,,,,High,Round date not stated on the source page; assumed post-YC because it is presented as current news. No matching post-YC Form D found.,2026-10-01T01:17:13Z
retape,Retape,Winter 2023,No evidence found,,,,,,,,,,,,,,,,,,Checked: no post-YC Form D matching the founders; no funding statement on website (2 pages) or YC page. LinkedIn/X/Crunchbase need a logged-in browser. National register for IN not checked.,2026-10-01T01:17:13Z
clueso,Clueso,Winter 2023,Yes,10962527,Seed (Equity per Form D),2026-06-05,,1,SEC Form D,https://www.sec.gov/Archives/edgar/data/2140819/000214081926000001/primary_doc.xml,totalAmountSold: 10962527; totalOfferingAmount: 10962541; dateOfFirstSale: 2026-06-05,0002140819,0002140819-26-000001,10962527,10962541,2026-06-05,Equity,18,"Desklamp, Inc.",High,"Legal name differs from brand; matched on related person(s) Akash Anand, Neel Balar, Prajwal Prakash, issuer in De, DE. Tier 2 source states $1.4M (https://www.clueso.io/blog); Form D figure kept.",2026-10-01T01:17:17Z
superkalam,SuperKalam,Winter 2023,No evidence found,,,,,,,,,,,,,,,,,,Checked: no post-YC Form D matching the founders; no funding statement on website (3 pages) or YC page. LinkedIn/X/Crunchbase need a logged-in browser. National register for IN not checked.,2026-10-01T01:17:15Z
fastgen,Fastgen,Winter 2023,No evidence found,,,,,,,,,,,,,,,,,,"Unverified Form D by same-named person: Million Sunny, Inc. 0001965456-23-000002 sold 28000 (first sale 2023-02-17, New York); likely a different person. Checked: no post-YC Form D matching the founders; no funding statement on website (0 pages) or YC page. LinkedIn/X/Crunchbase need a logged-in browser.",2026-10-01T01:17:16Z
vendah,Vendah,Winter 2023,No evidence found,,,,,,,,,,,,,,,,,,Checked: no post-YC Form D matching the founders; no funding statement on website (1 pages) or YC page. LinkedIn/X/Crunchbase need a logged-in browser. National register for BR not checked.,2026-10-01T01:17:17Z
alaan,Alaan,Winter 2023,Yes,48000000,Series A,,,2,Company website,https://www.alaan.com/about-us,"Alaan has raised $48 million in Series A funding from the world's best investors, like Peak XV, Y Combinator, and renowned angels, like Mudassir",,,,,,,,,High,Round date not stated on the source page; assumed post-YC because it is presented as current news. No matching post-YC Form D found.,2026-10-01T01:17:16Z
combinehealth,CombineHealth,Winter 2023,No evidence found,,,,,,,,,,,,,,,,,,Checked: no post-YC Form D matching the founders; no funding statement on website (10 pages) or YC page. LinkedIn/X/Crunchbase need a logged-in browser.,2026-10-01T01:17:17Z
odigos-technologies-inc,Odigos Technologies Inc.,Winter 2023,No evidence found,,,,,,,,,,,,,,,,,,Checked: no post-YC Form D matching the founders; no funding statement on website (10 pages) or YC page. LinkedIn/X/Crunchbase need a logged-in browser.,2026-10-01T01:17:19Z
nunu-ai,nunu.ai,Winter 2023,Yes,2000000,,2024-08-05,,4,Press (linked from YC company page),https://www.pocketgamer.biz/nunuai-has-raised-2-million-towards-ai-playtesters-and-qa-with-bot-detection-on-the-way/,nunu.ai has raised $2 million towards AI playtesters and QA with bot detection on the way,,,,,,,,,Medium,No matching post-YC Form D found.,2026-10-01T01:17:21Z
hona,Hona,Winter 2023,Yes,11217493,Equity (per Form D; stage not stated),2024-04-12,,1,SEC Form D,https://www.sec.gov/Archives/edgar/data/2021483/000202148324000001/primary_doc.xml,totalAmountSold: 11217493; totalOfferingAmount: 11217493; dateOfFirstSale: 2024-04-12,0002021483,0002021483-24-000001,11217493,11217493,2024-04-12,Equity,13,"Hona Software, Inc.",High,"Form D clarification: Series A-1 Preferred Stock, Series A-2 Preferred Stock, Series A-3 Preferred Stock, Series A-4 Preferred Stock and the common stock issuable upon conversion thereof.",2026-10-01T01:17:21Z
radical,Radical,Winter 2023,Yes,4465000,Equity (per Form D; stage not stated),2023-12-21,,1,SEC Form D,https://www.sec.gov/Archives/edgar/data/2006674/000200667424000001/primary_doc.xml,totalAmountSold: 4465000; totalOfferingAmount: 6714999; dateOfFirstSale: 2023-12-21,0002006674,0002006674-24-000001,4465000,6714999,2023-12-21,Equity,9,Radical Inc.,High,"Unverified Form D by same-named person: Karman Line Inc 0002002673-23-000001 sold 100000 (first sale 2023-11-17, Merritt Island); likely a different person.",2026-10-01T01:18:10Z
vitalize,Vitalize,Winter 2023,No evidence found,,,,,,,,,,,,,,,,,,Checked: no post-YC Form D matching the founders; no funding statement on website (3 pages) or YC page. LinkedIn/X/Crunchbase need a logged-in browser.,2026-10-01T01:17:26Z
noya-software,Noya Software,Winter 2023,No evidence found,,,,,,,,,,,,,,,,,,Checked: no post-YC Form D matching the founders; no funding statement on website (1 pages) or YC page. LinkedIn/X/Crunchbase need a logged-in browser.,2026-10-01T01:17:20Z
infinia,Infinia,Winter 2023,Yes,13500000,Series A,,,4,Press (linked from YC company page),https://www.infinia.xyz:443/,Money Movement and Account Infrastructure --> --> Insights Infinia Secures $13.5M Series A to Connect Traditional Banking with Digital Assets across Emerging Markets .,,,,,,,,,Medium,Round date not stated on the source page; assumed post-YC because it is presented as current news. No matching post-YC Form D found.,2026-10-01T01:17:23Z
hippo-scribe,Hippo Scribe,Winter 2023,No evidence found,,,,,,,,,,,,,,,,,,Checked: no post-YC Form D matching the founders; no funding statement on website (2 pages) or YC page. LinkedIn/X/Crunchbase need a logged-in browser.,2026-10-01T01:17:22Z
koywe,Koywe,Winter 2023,Yes,4225004,Equity (per Form D; stage not stated),2024-08-12,,1,SEC Form D,https://www.sec.gov/Archives/edgar/data/2036017/000203601724000001/primary_doc.xml,totalAmountSold: 4225004; totalOfferingAmount: 6600007; dateOfFirstSale: 2024-08-12,0002036017,0002036017-24-000001,4225004,6600007,2024-08-12,Equity,13,"Row Global, Inc.",High,"Legal name differs from brand; matched on related person(s) Guillermo Acuña, Ignacio Detmer, issuer in Miami, FL.",2026-10-01T01:17:28Z
finic,Finic,Winter 2023,No evidence found,,,,,,,,,,,,,,,,,,Checked: no post-YC Form D matching the founders; no funding statement on website (10 pages) or YC page. LinkedIn/X/Crunchbase need a logged-in browser.,2026-10-01T01:17:24Z
honeydew,Honeydew,Winter 2023,No evidence found,,,,,,,,,,,,,,,,,,Checked: no post-YC Form D matching the founders; no funding statement on website (4 pages) or YC page. LinkedIn/X/Crunchbase need a logged-in browser. National register for IL not checked.,2026-10-01T01:17:27Z
sherloq,Sherloq,Winter 2023,No evidence found,,,,,,,,,,,,,,,,,,Checked: no post-YC Form D matching the founders; no funding statement on website (1 pages) or YC page. LinkedIn/X/Crunchbase need a logged-in browser. National register for IL not checked.,2026-10-01T01:17:27Z
onshore,Onshore,Winter 2023,No evidence found,,,,,,,,,,,,,,,,,,Checked: no post-YC Form D matching the founders; no funding statement on website (4 pages) or YC page. LinkedIn/X/Crunchbase need a logged-in browser.,2026-10-01T01:17:30Z
shortbread,Shortbread,Winter 2023,No evidence found,,,,,,,,,,,,,,,,,,Checked: no post-YC Form D matching the founders; no funding statement on website (5 pages) or YC page. LinkedIn/X/Crunchbase need a logged-in browser.,2026-10-01T01:17:30Z
fluid-markets,Fluid Markets,Winter 2023,No evidence found,,,,,,,,,0001936665,,,,,,,Fluid Markets Inc.,,pre yc Form D 0001936665-22-000002: sold 100000 first sale 2022-06-15 Checked: no post-YC Form D matching the founders; no funding statement on website (1 pages) or YC page. LinkedIn/X/Crunchbase need a logged-in browser.,2026-10-01T01:17:32Z
hadrius,Hadrius,Winter 2023,Yes,2000000,Seed,2023-09-12,,4,Press (linked from YC company page),https://fintech.global/2023/09/12/fintech-firm-hadrius-nets-2m-seed-round-for-ai-powered-sec-compliance/,FinTech firm Hadrius nets $2m seed round for AI-powered SEC compliance,,,,,,,,,Medium,"Unverified Form D by same-named person: HMA IV, LLC 0001104659-24-069533 sold 22400 (first sale 2024-06-01, Waukee); likely a different person. Unverified Form D by same-named person: HMA V, Inc. 0001104659-25-058184 sold 454280 (first sale 2025-06-01, Waukee); likely a different person. No matching post-YC Form D found.",2026-10-01T01:17:52Z
sage-ai,Sage AI,Winter 2023,No evidence found,,,,,,,,,,,,,,,,,,Checked: no post-YC Form D matching the founders; no funding statement on website (0 pages) or YC page. LinkedIn/X/Crunchbase need a logged-in browser.,2026-10-01T01:17:30Z
factiq,FactIQ,Winter 2023,No evidence found,,,,,,,,,,,,,,,,,,Checked: no post-YC Form D matching the founders; no funding statement on website (2 pages) or YC page. LinkedIn/X/Crunchbase need a logged-in browser. National register for SG not checked.,2026-10-01T01:17:33Z
boundary,Boundary,Winter 2023,No evidence found,,,,,,,,,,,,,,,,,,Checked: no post-YC Form D matching the founders; no funding statement on website (7 pages) or YC page. LinkedIn/X/Crunchbase need a logged-in browser.,2026-10-01T01:17:58Z
clickpe,ClickPe,Winter 2023,No evidence found,,,,,,,,,,,,,,,,,,"Unverified Form D by same-named person: CorMetrix Inc 0002067889-25-000001 sold 0 (first sale yetToOccur, Beaverton); likely a different person. Checked: no post-YC Form D matching the founders; no funding statement on website (2 pages) or YC page. LinkedIn/X/Crunchbase need a logged-in browser. National register for IN not checked.",2026-10-01T01:17:35Z
compliant-llm,compliant-llm,Winter 2023,No evidence found,,,,,,,,,,,,,,,,,,Checked: no post-YC Form D matching the founders; no funding statement on website (2 pages) or YC page. LinkedIn/X/Crunchbase need a logged-in browser.,2026-10-01T01:17:36Z
portalform,Portalform,Winter 2023,No evidence found,,,,,,,,,,,,,,,,,,Checked: no post-YC Form D matching the founders; no funding statement on website (1 pages) or YC page. LinkedIn/X/Crunchbase need a logged-in browser.,2026-10-01T01:17:37Z
variance,Variance,Winter 2023,Yes,21500000,Series A,,,2,Company website,https://www.variance.com/press,Variance Raises $21.5M Series A to Transform Risk Workflows with AI Agents.,,,,,,,,,High,Round date not stated on the source page; assumed post-YC because it is presented as current news. No matching post-YC Form D found.,2026-10-01T01:17:46Z
222,222,Winter 2023,No evidence found,,,,,,,,,,,,,,,,,,Checked: no post-YC Form D matching the founders; no funding statement on website (2 pages) or YC page. LinkedIn/X/Crunchbase need a logged-in browser.,2026-10-01T01:17:46Z
ariglad,Ariglad,Winter 2023,Yes,1300000,,2023-04-12,,4,Press (linked from YC company page),https://betakit.com/ariglad-raises-1-3-million-to-help-hr-teams-communicate-better-fulfill-ticket-systems/,"Ariglad raises $1.3 million to help HR teams communicate better, fulfill ticket systems | BetaKit",,,,,,,,,Medium,No matching post-YC Form D found.,2026-10-01T01:17:40Z
icepanel,IcePanel,Winter 2023,No evidence found,,,,,,,,,,,,,,,,,,Checked: no post-YC Form D matching the founders; no funding statement on website (8 pages) or YC page. LinkedIn/X/Crunchbase need a logged-in browser. National register for CA not checked.,2026-10-01T01:17:42Z
storyboarder,Storyboarder,Winter 2023,No evidence found,,,,,,,,,,,,,,,,,,Checked: no post-YC Form D matching the founders; no funding statement on website (3 pages) or YC page. LinkedIn/X/Crunchbase need a logged-in browser.,2026-10-01T01:17:45Z
1stcollab,1stCollab,Winter 2023,No evidence found,,,,,,,,,,,,,,,,,,Checked: no post-YC Form D matching the founders; no funding statement on website (2 pages) or YC page. LinkedIn/X/Crunchbase need a logged-in browser.,2026-10-01T01:17:53Z
teclada,Teclada,Winter 2023,No evidence found,,,,,,,,,,,,,,,,,,Checked: no post-YC Form D matching the founders; no funding statement on website (1 pages) or YC page. LinkedIn/X/Crunchbase need a logged-in browser.,2026-10-01T01:17:50Z
orchid,Orchid,Winter 2023,No evidence found,,,,,,,,,0001854085,,,,,,,Orchid Exchange Inc.,,pre yc Form D 0001808611-21-000003: sold 228000 first sale 2021-02-09 Checked: no post-YC Form D matching the founders; no funding statement on website (10 pages) or YC page. LinkedIn/X/Crunchbase need a logged-in browser.,2026-10-01T01:18:10Z
overlord,Overlord,Winter 2023,No evidence found,,,,,,,,,,,,,,,,,,Checked: no post-YC Form D matching the founders; no funding statement on website (2 pages) or YC page. LinkedIn/X/Crunchbase need a logged-in browser.,2026-10-01T01:17:54Z
tableflow,TableFlow,Winter 2023,No evidence found,,,,,,,,,,,,,,,,,,Checked: no post-YC Form D matching the founders; no funding statement on website (4 pages) or YC page. LinkedIn/X/Crunchbase need a logged-in browser.,2026-10-01T01:17:56Z
truewind,Truewind,Winter 2023,Yes,13000000,Series A,2024-12-11,,4,Press (linked from YC company page),https://www.axios.com/pro/fintech-deals/2024/12/11/accounting-ai-truewind-13-million,Accounting AI TrueWind raises $13M Series A,,,,,,,,,Medium,"Unverified Form D by same-named person: Ningbo Zhenghe Trading Ltd 0001974252-23-000009 sold 0 (first sale 2023-08-15, Ningbo); likely a different person. No matching post-YC Form D found.",2026-10-01T01:18:17Z
buildjet,BuildJet,Winter 2023,No evidence found,,,,,,,,,,,,,,,,,,Checked: no post-YC Form D matching the founders; no funding statement on website (0 pages) or YC page. LinkedIn/X/Crunchbase need a logged-in browser. National register for DE not checked.,2026-10-01T01:17:59Z
shortloop,ShortLoop,Winter 2023,Yes,2734999,Equity (per Form D; stage not stated),2023-07-18,,1,SEC Form D/A,https://www.sec.gov/Archives/edgar/data/1983989/000198398924000002/primary_doc.xml,totalAmountSold: 2734999; totalOfferingAmount: 2750003; dateOfFirstSale: 2023-07-18,0001983989,0001983989-24-000002,2734999,2750003,2023-07-18,Equity,13,"ShortLoop, Inc.",High,,2026-10-01T01:18:03Z
wild-moose,Wild Moose,Winter 2023,Yes,7000000,Seed,,,2,Company website,https://www.wildmoose.ai/blog,Wild Moose Raises $7M Seed Round Led by iAngels to Advance AI Site Reliability.,,,,,,,,,High,Round date not stated on the source page; assumed post-YC because it is presented as current news. No matching post-YC Form D found.,2026-10-01T01:18:13Z
velos,Velos,Winter 2023,No evidence found,,,,,,,,,,,,,,,,,,Checked: no post-YC Form D matching the founders; no funding statement on website (2 pages) or YC page. LinkedIn/X/Crunchbase need a logged-in browser.,2026-10-01T01:18:00Z
inkeep,Inkeep,Winter 2023,Yes,13000000,,,,2,Company website,https://inkeep.com/about,Announcements Featured Post Inkeep raises $13M so every team can ship AI Agents they trust.,,,,,,,,,High,Round date not stated on the source page; assumed post-YC because it is presented as current news. No matching post-YC Form D found.,2026-10-01T01:18:05Z
plutis,Plutis,Winter 2023,No evidence found,,,,,,,,,,,,,,,,,,Checked: no post-YC Form D matching the founders; no funding statement on website (10 pages) or YC page. LinkedIn/X/Crunchbase need a logged-in browser.,2026-10-01T01:18:05Z
ruuf,RUUF,Winter 2023,No evidence found,,,,,,,,,,,,,,,,,,Checked: no post-YC Form D matching the founders; no funding statement on website (2 pages) or YC page. LinkedIn/X/Crunchbase need a logged-in browser. National register for CL not checked.,2026-10-01T01:18:13Z
propexo,Propexo,Winter 2023,Yes,3300000,Seed,2023-10-10,,4,Press (linked from YC company page),https://commercialobserver.com/2023/10/property-management-propify-seed/,Property Management Startup Propify Closes $3.3M Seed Funding Round – Commercial Observer,,,,,,,,,Medium,No matching post-YC Form D found.,2026-10-01T01:18:14Z
aqueduct,Aqueduct,Winter 2023,No evidence found,,,,,,,,,,,,,,,,,,Checked: no post-YC Form D matching the founders; no funding statement on website (1 pages) or YC page. LinkedIn/X/Crunchbase need a logged-in browser.,2026-10-01T01:18:31Z
relace,Relace,Winter 2023,Yes,23000000,,2025-10-08,,2,Company website,https://www.relace.ai/blog/series-a-announcement,Relace Raises $23M to Build the Rails for Software On Demand,,,,,,,,,High,No matching post-YC Form D found.,2026-10-01T01:18:16Z
floworks,Floworks,Winter 2023,No evidence found,,,,,,,,,,,,,,,,,,Checked: no post-YC Form D matching the founders; no funding statement on website (2 pages) or YC page. LinkedIn/X/Crunchbase need a logged-in browser. National register for IN not checked.,2026-10-01T01:18:18Z
extend,Extend,Winter 2023,Yes,17000000,,2025-06-17,,2,Company website,https://www.extend.ai/resources/series-a,Extend Raises $17 Million to Build the Document Processing Cloud | Extend,,,,,,,,,High,No matching post-YC Form D found.,2026-10-01T01:18:34Z
co-dev,co.dev,Winter 2023,No evidence found,,,,,,,,,,,,,,,,,,Checked: no post-YC Form D matching the founders; no funding statement on website (9 pages) or YC page. LinkedIn/X/Crunchbase need a logged-in browser.,2026-10-01T01:18:54Z
datasuite,DataSuite,Winter 2023,No evidence found,,,,,,,,,,,,,,,,,,Checked: no post-YC Form D matching the founders; no funding statement on website (0 pages) or YC page. LinkedIn/X/Crunchbase need a logged-in browser.,2026-10-01T01:18:19Z
bluedot,Bluedot,Winter 2023,No evidence found,,,,,,,,,,,,,,,,,,Checked: no post-YC Form D matching the founders; no funding statement on website (2 pages) or YC page. LinkedIn/X/Crunchbase need a logged-in browser.,2026-10-01T01:18:31Z
dream3d,Dream3D,Winter 2023,No evidence found,,,,,,,,,,,,,,,,,,Checked: no post-YC Form D matching the founders; no funding statement on website (1 pages) or YC page. LinkedIn/X/Crunchbase need a logged-in browser.,2026-10-01T01:18:19Z
kivo-health,Kivo Health,Winter 2023,Yes,10000000,Series A,,,2,YC company/launch page,https://www.ycombinator.com/companies/kivo-health,We just raised our $10M Series A and are growing quickly.,,,,,,,,,High,Round date not stated on the source page; assumed post-YC because it is presented as current news. No matching post-YC Form D found.,2026-10-01T01:18:24Z
coil-inc,coil inc.,Winter 2023,No evidence found,,,,,,,,,,,,,,,,,,Checked: no post-YC Form D matching the founders; no funding statement on website (0 pages) or YC page. LinkedIn/X/Crunchbase need a logged-in browser.,2026-10-01T01:18:23Z
haven-2,Haven,Winter 2023,No evidence found,,,,,,,,,,,,,,,,,,Checked: no post-YC Form D matching the founders; no funding statement on website (1 pages) or YC page. LinkedIn/X/Crunchbase need a logged-in browser.,2026-10-01T01:18:22Z
suger,Suger,Winter 2023,Yes,20000000,,,,2,Company website,https://www.suger.io/about/,We've raised ~$20 million from top venture firms who believe in our vision.,,,,,,,,,High,Round date not stated on the source page; assumed post-YC because it is presented as current news. No matching post-YC Form D found.,2026-10-01T01:18:26Z
frigade,Frigade,Winter 2023,Yes,3000000,Seed,,,2,Company website,https://frigade.com/blog,Frigade raises $3M in seed funding.,,,,,,,,,High,Round date not stated on the source page; assumed post-YC because it is presented as current news. No matching post-YC Form D found.,2026-10-01T01:18:33Z
repacket,Repacket,Winter 2023,No evidence found,,,,,,,,,,,,,,,,,,Checked: no post-YC Form D matching the founders; no funding statement on website (4 pages) or YC page. LinkedIn/X/Crunchbase need a logged-in browser. National register for CA not checked.,2026-10-01T01:18:26Z
polotab,PoloTab,Winter 2023,No evidence found,,,,,,,,,,,,,,,,,,Checked: no post-YC Form D matching the founders; no funding statement on website (3 pages) or YC page. LinkedIn/X/Crunchbase need a logged-in browser. National register for MX not checked.,2026-10-01T01:18:31Z
cloudchipr,Cloudchipr,Winter 2023,No evidence found,,,,,,,,,,,,,,,,,,Checked: no post-YC Form D matching the founders; no funding statement on website (4 pages) or YC page. LinkedIn/X/Crunchbase need a logged-in browser. National register for DE not checked.,2026-10-01T01:18:30Z
gooseworks,Gooseworks,Winter 2023,No evidence found,,,,,,,,,,,,,,,,,,Checked: no post-YC Form D matching the founders; no funding statement on website (2 pages) or YC page. LinkedIn/X/Crunchbase need a logged-in browser.,2026-10-01T01:18:34Z
chart,Chart,Winter 2023,No evidence found,,,,,,,,,,,,,,,,,,Checked: no post-YC Form D matching the founders; no funding statement on website (1 pages) or YC page. LinkedIn/X/Crunchbase need a logged-in browser.,2026-10-01T01:18:41Z
bujeti,Bujeti,Winter 2023,Yes,2000000,,2023-12-07,,4,Press (linked from YC company page),https://techcrunch.com/2023/12/07/yc-backed-fintech-bujeti-raises-2m-for-its-corporate-cards-and-spend-management-platform/,YC-backed fintech Bujeti raises $2M for its corporate cards and spend management platform | TechCrunch,,,,,,,,,Medium,No matching post-YC Form D found.,2026-10-01T01:18:34Z
alloy,Alloy,Winter 2023,Yes,3500000,Seed,,,2,Company website,https://alloy.app/press,Alloy Lands $3.5M Seed Round from Blackbird and Bain.,,,,,,,,,High,Round date not stated on the source page; assumed post-YC because it is presented as current news. No matching post-YC Form D found.,2026-10-01T01:19:02Z
cosine,Cosine,Winter 2023,No evidence found,,,,,,,,,,,,,,,,,,Checked: no post-YC Form D matching the founders; no funding statement on website (4 pages) or YC page. LinkedIn/X/Crunchbase need a logged-in browser.,2026-10-01T01:18:41Z
flower,Flower,Winter 2023,Yes,20000000,Series A,,,2,Company website,https://flower.ai/blog,Flower Labs raises $20M Series A.,,,,,,,,,High,Round date not stated on the source page; assumed post-YC because it is presented as current news. No matching post-YC Form D found.,2026-10-01T01:18:58Z
pirros,Pirros,Winter 2023,Yes,15000000,,,,2,Company website,https://www.pirros.com/news,Pirros closes $15 million series-A round to serve architecture and engineering firms.,,,,,,,,,High,Round date not stated on the source page; assumed post-YC because it is presented as current news. No matching post-YC Form D found.,2026-10-01T01:18:37Z
linkgrep,LinkGrep,Winter 2023,No evidence found,,,,,,,,,,,,,,,,,,Checked: no post-YC Form D matching the founders; no funding statement on website (1 pages) or YC page. LinkedIn/X/Crunchbase need a logged-in browser.,2026-10-01T01:18:38Z
scanbase,Scanbase,Winter 2023,No evidence found,,,,,,,,,,,,,,,,,,"Unverified Form D by same-named person: Hidden Creek, LLC 0002031874-24-000001 sold 0 (first sale yetToOccur, Wichita); likely a different person. Checked: no post-YC Form D matching the founders; no funding statement on website (3 pages) or YC page. LinkedIn/X/Crunchbase need a logged-in browser.",2026-10-01T01:18:43Z
vooma,Vooma,Winter 2023,Yes,14224988,Equity (per Form D; stage not stated),2024-11-20,,1,SEC Form D,https://www.sec.gov/Archives/edgar/data/2048046/000204804624000001/primary_doc.xml,totalAmountSold: 14224988; totalOfferingAmount: 14224988; dateOfFirstSale: 2024-11-20,0002048046,0002048046-24-000001,14224988,14224988,2024-11-20,Equity,55,Vooma Inc.,High,"Form D clarification: Includes $1,325,000 in converted securities. Does not include $2,351,999.84 sold to 9
investors residing outside the United States.",2026-10-01T01:18:42Z
coperniq,Coperniq,Winter 2023,Yes,4000000,Seed,2023-11-06,,4,Press (linked from YC company page),https://techcrunch.com/2023/11/06/coperniq-seed-round,Coperniq raises $4M seed round to bring SaaS to solar installers | TechCrunch,,,,,,,,,Medium,No matching post-YC Form D found.,2026-10-01T01:18:44Z
goveagle,GovEagle,Winter 2023,Yes,2500000,,,,2,Company website,https://www.goveagle.com/blog,"GovEagle Secures $2.5M in Funding from Strategic Cyber Ventures, Y Combinator to Enhance Its AI-Powered Proposal Platform.",,,,,,,,,High,Round date not stated on the source page; assumed post-YC because it is presented as current news. No matching post-YC Form D found.,2026-10-01T01:18:44Z
poplarml,PoplarML,Winter 2023,No evidence found,,,,,,,,,,,,,,,,,,Checked: no post-YC Form D matching the founders; no funding statement on website (0 pages) or YC page. LinkedIn/X/Crunchbase need a logged-in browser.,2026-10-01T01:18:46Z
launchflow,LaunchFlow,Winter 2023,No evidence found,,,,,,,,,,,,,,,,,,Checked: no post-YC Form D matching the founders; no funding statement on website (1 pages) or YC page. LinkedIn/X/Crunchbase need a logged-in browser.,2026-10-01T01:18:46Z
flexwash,FlexWash,Winter 2023,No evidence found,,,,,,,,,,,,,,,,,,Checked: no post-YC Form D matching the founders; no funding statement on website (3 pages) or YC page. LinkedIn/X/Crunchbase need a logged-in browser.,2026-10-01T01:18:47Z
loopfour,loopfour,Winter 2023,No evidence found,,,,,,,,,,,,,,,,,,Checked: no post-YC Form D matching the founders; no funding statement on website (7 pages) or YC page. LinkedIn/X/Crunchbase need a logged-in browser.,2026-10-01T01:18:49Z
narrative,Narrative,Winter 2023,No evidence found,,,,,,,,,,,,,,,,,,Checked: no post-YC Form D matching the founders; no funding statement on website (1 pages) or YC page. LinkedIn/X/Crunchbase need a logged-in browser.,2026-10-01T01:18:55Z
omnistrate,Omnistrate,Winter 2023,No evidence found,,,,,,,,,,,,,,,,,,Checked: no post-YC Form D matching the founders; no funding statement on website (9 pages) or YC page. LinkedIn/X/Crunchbase need a logged-in browser.,2026-10-01T01:18:50Z
dataglade,Dataglade,Winter 2023,No evidence found,,,,,,,,,,,,,,,,,,"Unverified Form D by same-named person: Xenagos Bio, Inc. 0002134608-26-000001 sold 2520000 (first sale 2026-04-30, Philadelphia); likely a different person. Checked: no post-YC Form D matching the founders; no funding statement on website (2 pages) or YC page. LinkedIn/X/Crunchbase need a logged-in browser.",2026-10-01T01:18:55Z
tennr,Tennr,Winter 2023,Yes,37000000,Series B,,,2,Company website,https://www.tennr.com/press,Tennr Raises $37 Million In Series B Round To Power New Growth Push — Forbes.,,,,,,,,,High,Round date not stated on the source page; assumed post-YC because it is presented as current news. Other stated figure: $101 million (https://fortune.com/2025/06/18/tennr-health-tech-ai-patient-referral-ivp-a16z-lightspeed-iconiq-series-c/). No matching post-YC Form D found.,2026-10-01T01:18:59Z
salient,Salient,Winter 2023,No evidence found,,,,,,,,,,,,,,,,,,Checked: no post-YC Form D matching the founders; no funding statement on website (2 pages) or YC page. LinkedIn/X/Crunchbase need a logged-in browser.,2026-10-01T01:19:20Z
zerodev,ZeroDev,Winter 2023,No evidence found,,,,,,,,,,,,,,,,,,Checked: no post-YC Form D matching the founders; no funding statement on website (10 pages) or YC page. LinkedIn/X/Crunchbase need a logged-in browser.,2026-10-01T01:18:57Z
ruby-card,Ruby Card,Winter 2023,No evidence found,,,,,,,,,,,,,,,,,,Checked: no post-YC Form D matching the founders; no funding statement on website (0 pages) or YC page. LinkedIn/X/Crunchbase need a logged-in browser.,2026-10-01T01:19:05Z
pledge-health,Pledge Health,Winter 2023,No evidence found,,,,,,,,,,,,,,,,,,Checked: no post-YC Form D matching the founders; no funding statement on website (0 pages) or YC page. LinkedIn/X/Crunchbase need a logged-in browser.,2026-10-01T01:19:08Z
versive,Versive,Winter 2023,No evidence found,,,,,,,,,,,,,,,,,,Checked: no post-YC Form D matching the founders; no funding statement on website (4 pages) or YC page. LinkedIn/X/Crunchbase need a logged-in browser.,2026-10-01T01:19:01Z
glass-health,Glass Health,Winter 2023,Yes,5000000,,2023-09-11,,2,Company website,https://blog.glass.health/glass-health-raises-5m-for-ai-powered-clinical-decision-support-platform/,Glass Health Raises $5M for AI-Powered Clinical Decision Support Platform,,,,,,,,,High,No matching post-YC Form D found.,2026-10-01T01:19:07Z
double-coding-copilot,Double – Coding Copilot,Winter 2023,No evidence found,,,,,,,,,,,,,,,,,,Checked: no post-YC Form D matching the founders; no funding statement on website (10 pages) or YC page. LinkedIn/X/Crunchbase need a logged-in browser.,2026-10-01T01:19:04Z
ohm-2,Ohm,Winter 2023,Yes,4000000,Seed,2023-10-27,,4,Press (linked from YC company page),https://techcrunch.com/2023/10/27/byterat-seed-round/,Byterat nabs $4M seed round to collect and analyze data for battery labs | TechCrunch,,,,,,,,,Medium,No matching post-YC Form D found.,2026-10-01T01:19:21Z
pair-ai,Pair AI,Winter 2023,No evidence found,,,,,,,,,,,,,,,,,,Checked: no post-YC Form D matching the founders; no funding statement on website (2 pages) or YC page. LinkedIn/X/Crunchbase need a logged-in browser.,2026-10-01T01:19:07Z
mercoa,Mercoa,Winter 2023,No evidence found,,,,,,,,,,,,,,,,,,Checked: no post-YC Form D matching the founders; no funding statement on website (3 pages) or YC page. LinkedIn/X/Crunchbase need a logged-in browser.,2026-10-01T01:19:09Z
numeral,Numeral,Winter 2023,Yes,53087362,Equity (per Form D; stage not stated),2024-08-23,,1,SEC Form D,https://www.sec.gov/Archives/edgar/data/1983882/000198388225000006/primary_doc.xml,totalAmountSold: 34955037; totalOfferingAmount: 35049900; dateOfFirstSale: 2025-06-27,0001983882,0001983882-25-000006,34955037,35049900,2025-06-27,Equity,12,Numeral Two Inc.,High,"2 post-YC Form D offerings summed: 0001983882-25-000003 $18132325 (2024-08-23), 0001983882-25-000006 $34955037 (2025-06-27) Form D clarification: Includes $50,000.00 in cancelled convertible debt. Tier 2 source states $157M (https://www.numeral.com/about); Form D figure kept.",2026-10-01T01:19:16Z
nango,Nango,Winter 2023,No evidence found,,,,,,,,,,,,,,,,,,Checked: no post-YC Form D matching the founders; no funding statement on website (5 pages) or YC page. LinkedIn/X/Crunchbase need a logged-in browser.,2026-10-01T01:19:14Z
palomma,Palomma,Winter 2023,No evidence found,,,,,,,,,,,,,,,,,,Checked: no post-YC Form D matching the founders; no funding statement on website (2 pages) or YC page. LinkedIn/X/Crunchbase need a logged-in browser. National register for CO not checked.,2026-10-01T01:19:15Z
hammr,Hammr,Winter 2023,No evidence found,,,,,,,,,0001792913,,,,,,,Hammr Inc.,,pre yc Form D 0001792913-19-000001: sold 25000 first sale 2019-10-21 Checked: no post-YC Form D matching the founders; no funding statement on website (2 pages) or YC page. LinkedIn/X/Crunchbase need a logged-in browser.,2026-10-01T01:19:12Z
trackstar,Trackstar,Winter 2023,No evidence found,,,,,,,,,,,,,,,,,,Checked: no post-YC Form D matching the founders; no funding statement on website (1 pages) or YC page. LinkedIn/X/Crunchbase need a logged-in browser.,2026-10-01T01:19:14Z
flexdesk,FlexDesk,Winter 2023,No evidence found,,,,,,,,,,,,,,,,,,Checked: no post-YC Form D matching the founders; no funding statement on website (9 pages) or YC page. LinkedIn/X/Crunchbase need a logged-in browser.,2026-10-01T01:19:13Z
backdrop,Backdrop,Winter 2023,No evidence found,,,,,,,,,,,,,,,,,,Checked: no post-YC Form D matching the founders; no funding statement on website (1 pages) or YC page. LinkedIn/X/Crunchbase need a logged-in browser.,2026-10-01T01:19:18Z
latent,Latent,Winter 2023,Yes,80000000,Series A,,Spark Capital and Transformation Capital,2,Company website,https://www.latenthealth.com/blog,Read → 18th Mar 2026 Latent Raises $80M to Close the Gap Between Diagnosis and Treatment Company An $80M Series A co-led by Spark,,,,,,,,,High,Round date not stated on the source page; assumed post-YC because it is presented as current news. No matching post-YC Form D found.,2026-10-01T01:19:21Z
concourse,Concourse,Winter 2023,Yes,20000000,,,,2,YC company/launch page,https://www.ycombinator.com/companies/concourse,"already in production at Fortune 500 companies, and has raised $20M from Andreessen Horowitz, CRV, and Y Combinator.",,,,,,,,,High,Round date not stated on the source page; assumed post-YC because it is presented as current news. Other stated figure: $12M (https://www.concourse.ai/insights). No matching post-YC Form D found.,2026-10-01T01:19:26Z
novelcare,Novelcare,Winter 2023,Yes,3234998,Equity (per Form D; stage not stated),2024-09-25,,1,SEC Form D,https://www.sec.gov/Archives/edgar/data/2049944/000204994424000001/primary_doc.xml,totalAmountSold: 3234998; totalOfferingAmount: 3234998; dateOfFirstSale: 2024-09-25,0002049944,0002049944-24-000001,3234998,3234998,2024-09-25,Equity,22,8os Inc.,High,"Legal name differs from brand; matched on related person(s) Ethan Bond, Jason Marmon, issuer in New York, NY.",2026-10-01T01:19:21Z
pigeon,Pigeon,Winter 2023,No evidence found,,,,,,,,,,,,,,,,,,Checked: no post-YC Form D matching the founders; no funding statement on website (10 pages) or YC page. LinkedIn/X/Crunchbase need a logged-in browser.,2026-10-01T01:19:23Z
depot,Depot,Winter 2023,Yes,10000000,Series A,2026-03-10,,2,Company/founder social post,https://x.com/kylegalbraith/status/2031357969338663387?s=46&t=O2dQBFTAcOO_utQ0IktGUg,Depot raised a $10M Series A,,,,,,,,,High,Other stated figure: $4.1M (https://venturebeat.com/programming-development/depot-raises-4-1m-to-help-developers-speed-up-software-builds-by-40x-or-more/). No matching post-YC Form D found.,2026-10-01T01:19:26Z
rollstack-2,Rollstack,Winter 2023,Yes,12924998,Series A (Equity per Form D),2024-08-13,,1,SEC Form D,https://www.sec.gov/Archives/edgar/data/2035381/000203538124000001/primary_doc.xml,totalAmountSold: 12924998; totalOfferingAmount: 12924998; dateOfFirstSale: 2024-08-13,0002035381,0002035381-24-000001,12924998,12924998,2024-08-13,Equity,27,Rollstack Inc.,High,,2026-10-01T01:19:24Z
magic-patterns,Magic Patterns,Winter 2023,No evidence found,,,,,,,,,,,,,,,,,,Checked: no post-YC Form D matching the founders; no funding statement on website (10 pages) or YC page. LinkedIn/X/Crunchbase need a logged-in browser.,2026-10-01T01:19:22Z
credal-ai,Credal.ai,Winter 2023,No evidence found,,,,,,,,,,,,,,,,,,Checked: no post-YC Form D matching the founders; no funding statement on website (4 pages) or YC page. LinkedIn/X/Crunchbase need a logged-in browser.,2026-10-01T01:19:24Z
drdroid,DrDroid,Winter 2023,No evidence found,,,,,,,,,,,,,,,,,,Checked: no post-YC Form D matching the founders; no funding statement on website (8 pages) or YC page. LinkedIn/X/Crunchbase need a logged-in browser. National register for IN not checked.,2026-10-01T01:19:26Z
syncly,Syncly,Winter 2023,No evidence found,,,,,,,,,,,,,,,,,,"Unverified Form D by same-named person: Delectable AI, Inc. 0002050847-25-000004 sold 150000 (first sale 2024-12-30, Colorado Springs); likely a different person. Checked: no post-YC Form D matching the founders; no funding statement on website (5 pages) or YC page. LinkedIn/X/Crunchbase need a logged-in browser.",2026-10-01T01:19:53Z
trigger-dev,Trigger.dev,Winter 2023,Yes,16000000,Series A,,,2,Company website,https://trigger.dev/blog,Trigger.dev raises $16M Series A.,,,,,,,,,High,Round date not stated on the source page; assumed post-YC because it is presented as current news. No matching post-YC Form D found.,2026-10-01T01:19:40Z
matano,Matano,Winter 2023,No evidence found,,,,,,,,,,,,,,,,,,Checked: no post-YC Form D matching the founders; no funding statement on website (0 pages) or YC page. LinkedIn/X/Crunchbase need a logged-in browser.,2026-10-01T01:19:28Z
linum,Linum,Winter 2023,No evidence found,,,,,,,,,,,,,,,,,,Checked: no post-YC Form D matching the founders; no funding statement on website (2 pages) or YC page. LinkedIn/X/Crunchbase need a logged-in browser.,2026-10-01T01:19:29Z
onetext,OneText,Winter 2023,Yes,4500000,,2025-07-08,,4,Press (linked from YC company page),https://techcrunch.com/2025/07/08/onetext-raises-4-5m-from-y-combinator-khosla-to-reinvent-shopping-by-text/,"OneText raises $4.5M from Y Combinator, Khosla to reinvent shopping by text | TechCrunch",,,,,,,,,Medium,No matching post-YC Form D found.,2026-10-01T01:19:29Z
reflex,Reflex,Winter 2023,Yes,5000000,Seed,,,2,Company website,https://reflex.dev/blog/seed-annoucement/,Reflex Raises $5M Seed Round - Lux Capital .,,,,,,,,,High,Round date not stated on the source page; assumed post-YC because it is presented as current news. No matching post-YC Form D found.,2026-10-01T01:19:36Z
miracle,Miracle,Winter 2023,No evidence found,,,,,,,,,,,,,,,,,,"Unverified Form D by same-named person: TMC Global Holdings, LLC 0001437749-25-001127 sold 31200000 (first sale 2024-12-30, New York); likely a different person. Checked: no post-YC Form D matching the founders; no funding statement on website (9 pages) or YC page. LinkedIn/X/Crunchbase need a logged-in browser.",2026-10-01T01:20:08Z
finn,Finn,Winter 2023,No evidence found,,,,,,,,,,,,,,,,,,Checked: no post-YC Form D matching the founders; no funding statement on website (8 pages) or YC page. LinkedIn/X/Crunchbase need a logged-in browser.,2026-10-01T01:19:35Z
laminate,Laminate,Winter 2023,No evidence found,,,,,,,,,,,,,,,,,,Checked: no post-YC Form D matching the founders; no funding statement on website (1 pages) or YC page. LinkedIn/X/Crunchbase need a logged-in browser.,2026-10-01T01:19:30Z
designbase,Designbase,Winter 2023,No evidence found,,,,,,,,,,,,,,,,,,Checked: no post-YC Form D matching the founders; no funding statement on website (1 pages) or YC page. LinkedIn/X/Crunchbase need a logged-in browser.,2026-10-01T01:19:30Z
middleware,Middleware,Winter 2023,Yes,6500000,Seed,2023-08-10,,4,Press (linked from YC company page),https://venturebeat.com/business/middleware-raises-6-5m-to-simplify-cloud-monitoring-with-ai/,Middleware raises $6.5M in seed funding to transform cloud observability with AI | VentureBeat,,,,,,,,,Medium,No matching post-YC Form D found.,2026-10-01T01:19:33Z
infisical,Infisical,Winter 2023,Yes,16000000,Series A,2025-06-06,Elad Gil,4,Press (linked from YC company page),https://fortune.com/2025/06/06/infisical-raises-16-million-series-a-led-by-elad-gil-to-safeguard-secrets/,Infisical raises $16 million Series A led by Elad Gil to safeguard secrets | Fortune,,,,,,,,,Medium,No matching post-YC Form D found.,2026-10-01T01:19:34Z
avoca,Avoca,Winter 2023,Yes,125000000,Series B,,,2,Company website,https://www.avoca.ai,Avoca raises $125M Series B at $1B valuation Read more → Avoca raises $125M Series B at $1B valuation Read more → .,,,,,,,,,High,Round date not stated on the source page; assumed post-YC because it is presented as current news. No matching post-YC Form D found.,2026-10-01T01:19:34Z
rubbrband,Rubbrband,Winter 2023,No evidence found,,,,,,,,,,,,,,,,,,Checked: no post-YC Form D matching the founders; no funding statement on website (10 pages) or YC page. LinkedIn/X/Crunchbase need a logged-in browser.,2026-10-01T01:19:39Z
zudowork,zudo.work,Winter 2023,No evidence found,,,,,,,,,,,,,,,,,,Checked: no post-YC Form D matching the founders; no funding statement on website (1 pages) or YC page. LinkedIn/X/Crunchbase need a logged-in browser.,2026-10-01T01:19:36Z
sameday,Sameday,Winter 2023,No evidence found,,,,,,,,,,,,,,,,,,Checked: no post-YC Form D matching the founders; no funding statement on website (3 pages) or YC page. LinkedIn/X/Crunchbase need a logged-in browser.,2026-10-01T01:19:37Z
chima,Chima,Winter 2023,No evidence found,,,,,,,,,,,,,,,,,,Checked: no post-YC Form D matching the founders; no funding statement on website (6 pages) or YC page. LinkedIn/X/Crunchbase need a logged-in browser.,2026-10-01T01:19:36Z
alphawatch-ai,Alphawatch AI,Winter 2023,No evidence found,,,,,,,,,,,,,,,,,,Checked: no post-YC Form D matching the founders; no funding statement on website (0 pages) or YC page. LinkedIn/X/Crunchbase need a logged-in browser.,2026-10-01T01:19:39Z
unify,Unify,Winter 2023,No evidence found,,,,,,,,,,,,,,,,,,Checked: no post-YC Form D matching the founders; no funding statement on website (2 pages) or YC page. LinkedIn/X/Crunchbase need a logged-in browser.,2026-10-01T01:19:47Z
indemni,Indemni,Winter 2024,No evidence found,,,,,,,,,,,,,,,,,,Checked: no post-YC Form D matching the founders; no funding statement on website (4 pages) or YC page. LinkedIn/X/Crunchbase need a logged-in browser.,2026-10-01T01:19:39Z
parcelbio,ParcelBio,Winter 2024,Yes,13174977,Equity (per Form D; stage not stated),2026-02-06,,1,SEC Form D,https://www.sec.gov/Archives/edgar/data/2113766/000211376626000001/primary_doc.xml,totalAmountSold: 13174977; totalOfferingAmount: 13174977; dateOfFirstSale: 2026-02-06,0002113766,0002113766-26-000001,13174977,13174977,2026-02-06,Equity,52,"Parcel Biosciences, Inc.",High,"Unverified Form D by same-named person: EQC 17th Street Plaza LLC 0002046078-24-000001 sold 125000 (first sale 2024-11-14, Chicago); likely a different person.",2026-10-01T01:19:49Z
marr-labs,Marr Labs,Winter 2024,No evidence found,,,,,,,,,,,,,,,,,,Checked: no post-YC Form D matching the founders; no funding statement on website (1 pages) or YC page. LinkedIn/X/Crunchbase need a logged-in browser.,2026-10-01T01:19:44Z
forge-rewards,Forge Rewards,Winter 2024,No evidence found,,,,,,,,,,,,,,,,,,Checked: no post-YC Form D matching the founders; no funding statement on website (2 pages) or YC page. LinkedIn/X/Crunchbase need a logged-in browser.,2026-10-01T01:19:42Z
dropback,Dropback,Winter 2024,Yes,1600000,,,,2,Company website,https://www.dropback.com/blog,Blog Dropback raises $1.6M to take on Teamworks General Manager tech.,,,,,,,,,High,Round date not stated on the source page; assumed post-YC because it is presented as current news. No matching post-YC Form D found.,2026-10-01T01:19:42Z
retailready,RetailReady,Winter 2024,Yes,3300000,,,,2,Company website,https://www.retailreadyai.com/about,YC grad RetailReady raises $3.3M for AI warehouse app.,,,,,,,,,High,Round date not stated on the source page; assumed post-YC because it is presented as current news. No matching post-YC Form D found.,2026-10-01T01:19:43Z
million,Million,Winter 2024,Yes,13647944,Equity (per Form D; stage not stated),2025-06-13,,1,SEC Form D,https://www.sec.gov/Archives/edgar/data/2074369/000207436925000002/primary_doc.xml,totalAmountSold: 13647944; totalOfferingAmount: 13647944; dateOfFirstSale: 2025-06-13,0002074369,0002074369-25-000002,13647944,13647944,2025-06-13,Equity,28,"Million Software, Inc.",High,,2026-10-01T01:19:51Z
getcrux,GetCrux,Winter 2024,No evidence found,,,,,,,,,,,,,,,,,,"Manual review: the only $ figure ($375M) is a customer's raise cited in a case study, not GetCrux's. No post-YC Form D or announcement found.",2026-10-01T01:19:47Z
reprompt,Reprompt,Winter 2024,No evidence found,,,,,,,,,,,,,,,,,,Checked: no post-YC Form D matching the founders; no funding statement on website (4 pages) or YC page. LinkedIn/X/Crunchbase need a logged-in browser.,2026-10-01T01:19:45Z
inspectmind-ai,InspectMind AI,Winter 2024,No evidence found,,,,,,,,,,,,,,,,,,Checked: no post-YC Form D matching the founders; no funding statement on website (10 pages) or YC page. LinkedIn/X/Crunchbase need a logged-in browser.,2026-10-01T01:19:46Z
yarn-2,Yarn,Winter 2024,No evidence found,,,,,,,,,,,,,,,,,,Checked: no post-YC Form D matching the founders; no funding statement on website (1 pages) or YC page. LinkedIn/X/Crunchbase need a logged-in browser.,2026-10-01T01:19:48Z
blacksmith,Blacksmith,Winter 2024,Yes,124837914,Series B (Equity per Form D),2025-06-04,Peak XV.,1,SEC Form D,https://www.sec.gov/Archives/edgar/data/2074110/000123191926000946/primary_doc.xml,totalAmountSold: 66264021; totalOfferingAmount: 66264021; dateOfFirstSale: 2026-08-13,0002074110,0001231919-26-000946,66264021,66264021,2026-08-13,Equity,13,Blacksmith Software Inc.,High,"3 post-YC Form D offerings summed: 0001231919-25-000080 $13573980 (2025-06-04), 0001231919-26-000515 $44999913 (2026-05-07), 0001231919-26-000946 $66264021 (2026-08-13) Tier 2 source states $45M (https://www.blacksmith.sh/blog/announcing-blacksmiths-series-b-led-by-peak-xv-partners); Form D figure kept.",2026-10-01T01:19:55Z
crowdvolt,CrowdVolt,Winter 2024,No evidence found,,,,,,,,,,,,,,,,,,Checked: no post-YC Form D matching the founders; no funding statement on website (0 pages) or YC page. LinkedIn/X/Crunchbase need a logged-in browser.,2026-10-01T01:19:50Z
kater-ai,kater.ai,Winter 2024,No evidence found,,,,,,,,,,,,,,,,,,Checked: no post-YC Form D matching the founders; no funding statement on website (2 pages) or YC page. LinkedIn/X/Crunchbase need a logged-in browser.,2026-10-01T01:19:50Z
mathos,Mathos,Winter 2024,No evidence found,,,,,,,,,,,,,,,,,,Checked: no post-YC Form D matching the founders; no funding statement on website (1 pages) or YC page. LinkedIn/X/Crunchbase need a logged-in browser.,2026-10-01T01:19:49Z
tower,Tower,Winter 2024,No evidence found,,,,,,,,,,,,,,,,,,Checked: no post-YC Form D matching the founders; no funding statement on website (1 pages) or YC page. LinkedIn/X/Crunchbase need a logged-in browser. National register for CA not checked.,2026-10-01T01:19:59Z
quivr,Quivr,Winter 2024,No evidence found,,,,,,,,,,,,,,,,,,Checked: no post-YC Form D matching the founders; no funding statement on website (0 pages) or YC page. LinkedIn/X/Crunchbase need a logged-in browser. National register for FR not checked.,2026-10-01T01:19:52Z
dragoneye,Dragoneye,Winter 2024,No evidence found,,,,,,,,,,,,,,,,,,Checked: no post-YC Form D matching the founders; no funding statement on website (2 pages) or YC page. LinkedIn/X/Crunchbase need a logged-in browser.,2026-10-01T01:19:52Z
renderlet,renderlet,Winter 2024,No evidence found,,,,,,,,,,,,,,,,,,Checked: no post-YC Form D matching the founders; no funding statement on website (1 pages) or YC page. LinkedIn/X/Crunchbase need a logged-in browser.,2026-10-01T01:19:52Z
latted,Latted,Winter 2024,No evidence found,,,,,,,,,,,,,,,,,,Checked: no post-YC Form D matching the founders; no funding statement on website (8 pages) or YC page. LinkedIn/X/Crunchbase need a logged-in browser.,2026-10-01T01:19:55Z
the-new-money-company,The New Money Company,Winter 2024,No evidence found,,,,,,,,,,,,,,,,,,Checked: no post-YC Form D matching the founders; no funding statement on website (2 pages) or YC page. LinkedIn/X/Crunchbase need a logged-in browser.,2026-10-01T01:19:55Z
forge,Forge,Winter 2024,No evidence found,,,,,,,,,,,,,,,,,,Checked: no post-YC Form D matching the founders; no funding statement on website (4 pages) or YC page. LinkedIn/X/Crunchbase need a logged-in browser.,2026-10-01T01:20:01Z
integuru,Integuru,Winter 2024,No evidence found,,,,,,,,,,,,,,,,,,Checked: no post-YC Form D matching the founders; no funding statement on website (4 pages) or YC page. LinkedIn/X/Crunchbase need a logged-in browser.,2026-10-01T01:19:56Z
voxops-ai,VoxOps AI,Winter 2024,No evidence found,,,,,,,,,,,,,,,,,,Checked: no post-YC Form D matching the founders; no funding statement on website (0 pages) or YC page. LinkedIn/X/Crunchbase need a logged-in browser.,2026-10-01T01:19:56Z
granza-bio,Granza Bio,Winter 2024,No evidence found,,,,,,,,,,,,,,,,,,Checked: no post-YC Form D matching the founders; no funding statement on website (1 pages) or YC page. LinkedIn/X/Crunchbase need a logged-in browser.,2026-10-01T01:19:57Z
haplotype-labs,Haplotype Labs,Winter 2024,No evidence found,,,,,,,,,,,,,,,,,,Checked: no post-YC Form D matching the founders; no funding statement on website (2 pages) or YC page. LinkedIn/X/Crunchbase need a logged-in browser.,2026-10-01T01:19:59Z
healia,Healia,Winter 2024,Yes,3545000,SecurityToBeAcquired (per Form D; stage not stated),2024-03-09,,1,SEC Form D,https://www.sec.gov/Archives/edgar/data/2016717/000201671724000001/primary_doc.xml,totalAmountSold: 3545000; totalOfferingAmount: 3570000; dateOfFirstSale: 2024-03-09,0002016717,0002016717-24-000001,3545000,3570000,2024-03-09,SecurityToBeAcquired,6,"Healia, Inc.",High,Tier 2 source states $18M (https://healiahealth.com/); Form D figure kept.,2026-10-01T01:19:58Z
trueclaim,TrueClaim,Winter 2024,No evidence found,,,,,,,,,,,,,,,,,,Checked: no post-YC Form D matching the founders; no funding statement on website (1 pages) or YC page. LinkedIn/X/Crunchbase need a logged-in browser.,2026-10-01T01:19:59Z
cocrafter,CoCrafter,Winter 2024,No evidence found,,,,,,,,,,,,,,,,,,Checked: no post-YC Form D matching the founders; no funding statement on website (2 pages) or YC page. LinkedIn/X/Crunchbase need a logged-in browser. National register for DE not checked.,2026-10-01T01:20:01Z
reform,Reform,Winter 2024,No evidence found,,,,,,,,,,,,,,,,,,Checked: no post-YC Form D matching the founders; no funding statement on website (5 pages) or YC page. LinkedIn/X/Crunchbase need a logged-in browser.,2026-10-01T01:19:59Z
piramidal,Piramidal,Winter 2024,No evidence found,,,,,,,,,,,,,,,,,,Checked: no post-YC Form D matching the founders; no funding statement on website (1 pages) or YC page. LinkedIn/X/Crunchbase need a logged-in browser.,2026-10-01T01:19:59Z
junction-bioscience,Junction Bioscience,Winter 2024,No evidence found,,,,,,,,,,,,,,,,,,Checked: no post-YC Form D matching the founders; no funding statement on website (1 pages) or YC page. LinkedIn/X/Crunchbase need a logged-in browser.,2026-10-01T01:20:03Z
oddsview,OddsView,Winter 2024,No evidence found,,,,,,,,,,,,,,,,,,Checked: no post-YC Form D matching the founders; no funding statement on website (0 pages) or YC page. LinkedIn/X/Crunchbase need a logged-in browser.,2026-10-01T01:20:08Z
silogy,Silogy,Winter 2024,No evidence found,,,,,,,,,,,,,,,,,,"Unverified Form D by same-named person: Aoro Inc. 0002073554-25-000002 sold 950001 (first sale 2025-07-01, Wilmington); likely a different person. Checked: no post-YC Form D matching the founders; no funding statement on website (1 pages) or YC page. LinkedIn/X/Crunchbase need a logged-in browser.",2026-10-01T01:20:10Z
senso,Senso,Winter 2024,No evidence found,,,,,,,,,,,,,,,,,,Checked: no post-YC Form D matching the founders; no funding statement on website (6 pages) or YC page. LinkedIn/X/Crunchbase need a logged-in browser. National register for CA not checked.,2026-10-01T01:20:13Z
eris-biotech,Eris Biotech,Winter 2024,No evidence found,,,,,,,,,,,,,,,,,,Checked: no post-YC Form D matching the founders; no funding statement on website (1 pages) or YC page. LinkedIn/X/Crunchbase need a logged-in browser.,2026-10-01T01:20:08Z
powder,Powder,Winter 2024,Yes,5000000,Seed,2024-07-22,,4,Press (linked from YC company page),https://www.wealthmanagement.com/technology/wealthtech-startup-powder-raises-5m-seed-funding,Wealthtech Startup Powder Raises $5M in Seed Funding | Wealth Management,,,,,,,,,Medium,No matching post-YC Form D found.,2026-10-01T01:20:19Z
overheard,Overheard,Winter 2024,No evidence found,,,,,,,,,,,,,,,,,,Checked: no post-YC Form D matching the founders; no funding statement on website (4 pages) or YC page. LinkedIn/X/Crunchbase need a logged-in browser.,2026-10-01T01:20:20Z
polar,Polar,Winter 2024,No evidence found,,,,,,,,,,,,,,,,,,Checked: no post-YC Form D matching the founders; no funding statement on website (10 pages) or YC page. LinkedIn/X/Crunchbase need a logged-in browser.,2026-10-01T01:21:23Z
penciled,Penciled,Winter 2024,No evidence found,,,,,,,,,,,,,,,,,,Checked: no post-YC Form D matching the founders; no funding statement on website (1 pages) or YC page. LinkedIn/X/Crunchbase need a logged-in browser.,2026-10-01T01:20:08Z
magic-hour,Magic Hour,Winter 2024,No evidence found,,,,,,,,,,,,,,,,,,Checked: no post-YC Form D matching the founders; no funding statement on website (11 pages) or YC page. LinkedIn/X/Crunchbase need a logged-in browser.,2026-10-01T01:20:17Z
ryse,Ryse,Winter 2024,Yes,5900749,Equity (per Form D; stage not stated),2025-02-26,,1,SEC Form D,https://www.sec.gov/Archives/edgar/data/2060284/000206028425000001/primary_doc.xml,totalAmountSold: 5900749; totalOfferingAmount: 6390726; dateOfFirstSale: 2025-02-26,0002060284,0002060284-25-000001,5900749,6390726,2025-02-26,Equity,24,Ryse Global Technologies Inc.,High,Form D clarification: Total Amount Sold includes the conversion of Convertible Securities.,2026-10-01T01:20:20Z
datacurve,Datacurve,Winter 2024,Yes,15000000,,2025-10-09,,4,Press (linked from YC company page),https://techcrunch.com/2025/10/09/datacurve-raises-15-million-to-take-on-scaleai/,Datacurve raises $15 million to take on ScaleAI | TechCrunch,,,,,,,,,Medium,No matching post-YC Form D found.,2026-10-01T01:20:14Z
marblism,Marblism,Winter 2024,No evidence found,,,,,,,,,,,,,,,,,,Checked: no post-YC Form D matching the founders; no funding statement on website (3 pages) or YC page. LinkedIn/X/Crunchbase need a logged-in browser.,2026-10-01T01:20:11Z
commodityai,CommodityAI,Winter 2024,No evidence found,,,,,,,,,,,,,,,,,,Checked: no post-YC Form D matching the founders; no funding statement on website (3 pages) or YC page. LinkedIn/X/Crunchbase need a logged-in browser.,2026-10-01T01:20:14Z
veles,Veles,Winter 2024,Yes,1415000,OptionToAcquire; SecurityToBeAcquired (per Form D; stage not stated),2024-03-18,,1,SEC Form D,https://www.sec.gov/Archives/edgar/data/2007836/000200783624000003/primary_doc.xml,totalAmountSold: 1415000; totalOfferingAmount: 1415000; dateOfFirstSale: 2024-03-18,0002007836,0002007836-24-000003,1415000,1415000,2024-03-18,OptionToAcquire; SecurityToBeAcquired,13,Veles Inc.,High,yc deal like Form D 0002007836-24-000001: sold 230000 first sale 2023-11-28 yc deal like Form D 0002007836-24-000002: sold 500000 first sale 2023-12-20,2026-10-01T01:20:27Z
miden,Miden,Winter 2024,No evidence found,,,,,,,,,,,,,,,,,,Checked: no post-YC Form D matching the founders; no funding statement on website (10 pages) or YC page. LinkedIn/X/Crunchbase need a logged-in browser.,2026-10-01T01:20:22Z
fluently,Fluently,Winter 2024,Yes,2000000,Seed,,,2,Company website,https://getfluently.app/about,· June 2024 YC alum Fluently's AI-powered English coach attracts $2M seed round .,,,,,,,,,High,Round date not stated on the source page; assumed post-YC because it is presented as current news. No matching post-YC Form D found.,2026-10-01T01:20:19Z
basepilot,Basepilot,Winter 2024,No evidence found,,,,,,,,,,,,,,,,,,Checked: no post-YC Form D matching the founders; no funding statement on website (1 pages) or YC page. LinkedIn/X/Crunchbase need a logged-in browser.,2026-10-01T01:20:21Z
aqua-voice,Aqua Voice,Winter 2024,No evidence found,,,,,,,,,,,,,,,,,,Checked: no post-YC Form D matching the founders; no funding statement on website (3 pages) or YC page. LinkedIn/X/Crunchbase need a logged-in browser.,2026-10-01T01:20:22Z
xpay,xPay,Winter 2024,No evidence found,,,,,,,,,,,,,,,,,,Checked: no post-YC Form D matching the founders; no funding statement on website (4 pages) or YC page. LinkedIn/X/Crunchbase need a logged-in browser. National register for IN not checked.,2026-10-01T01:20:22Z
deepnight,Deepnight,Winter 2024,No evidence found,,,,,,,,,,,,,,,,,,Checked: no post-YC Form D matching the founders; no funding statement on website (1 pages) or YC page. LinkedIn/X/Crunchbase need a logged-in browser.,2026-10-01T01:20:30Z
vista-power,Vista Power,Winter 2024,No evidence found,,,,,,,,,,,,,,,,,,Checked: no post-YC Form D matching the founders; no funding statement on website (3 pages) or YC page. LinkedIn/X/Crunchbase need a logged-in browser.,2026-10-01T01:20:22Z
adapted,Adapted,Winter 2024,No evidence found,,,,,,,,,,,,,,,,,,Checked: no post-YC Form D matching the founders; no funding statement on website (2 pages) or YC page. LinkedIn/X/Crunchbase need a logged-in browser.,2026-10-01T01:20:26Z
ocular-ai,Ocular AI,Winter 2024,No evidence found,,,,,,,,,,,,,,,,,,Checked: no post-YC Form D matching the founders; no funding statement on website (3 pages) or YC page. LinkedIn/X/Crunchbase need a logged-in browser.,2026-10-01T01:20:26Z
retell-ai,Retell AI,Winter 2024,Yes,4600000,Seed,,,2,Company website,https://www.retellai.com/blog/seed-announcement,are thrilled to share that Retell AI has secured a $4.6 million seed funding round.,,,,,,,,,High,Round date not stated on the source page; assumed post-YC because it is presented as current news. No matching post-YC Form D found.,2026-10-01T01:20:33Z
rove,Rove,Winter 2024,Yes,3999999,Equity (per Form D; stage not stated),2026-02-27,,1,SEC Form D,https://www.sec.gov/Archives/edgar/data/2117619/000211761926000001/primary_doc.xml,totalAmountSold: 3999999; totalOfferingAmount: 8000000; dateOfFirstSale: 2026-02-27,0002117619,0002117619-26-000001,3999999,8000000,2026-02-27,Equity,1,"Rove Card, Inc.",High,,2026-10-01T01:20:28Z
camelai,camelAI,Winter 2024,No evidence found,,,,,,,,,,,,,,,,,,Checked: no post-YC Form D matching the founders; no funding statement on website (3 pages) or YC page. LinkedIn/X/Crunchbase need a logged-in browser.,2026-10-01T01:20:45Z
spark,Spark,Winter 2024,No evidence found,,,,,,,,,,,,,,,,,,Checked: no post-YC Form D matching the founders; no funding statement on website (1 pages) or YC page. LinkedIn/X/Crunchbase need a logged-in browser.,2026-10-01T01:21:43Z
downlink,Downlink,Winter 2024,No evidence found,,,,,,,,,,,,,,,,,,Checked: no post-YC Form D matching the founders; no funding statement on website (1 pages) or YC page. LinkedIn/X/Crunchbase need a logged-in browser.,2026-10-01T01:20:29Z
terrakotta,Terrakotta,Winter 2024,No evidence found,,,,,,,,,,,,,,,,,,Checked: no post-YC Form D matching the founders; no funding statement on website (10 pages) or YC page. LinkedIn/X/Crunchbase need a logged-in browser.,2026-10-01T01:20:37Z
stacksync,Stacksync,Winter 2024,No evidence found,,,,,,,,,,,,,,,,,,Checked: no post-YC Form D matching the founders; no funding statement on website (12 pages) or YC page. LinkedIn/X/Crunchbase need a logged-in browser.,2026-10-01T01:20:30Z
hatchet-run,Hatchet,Winter 2024,No evidence found,,,,,,,,,,,,,,,,,,Checked: no post-YC Form D matching the founders; no funding statement on website (9 pages) or YC page. LinkedIn/X/Crunchbase need a logged-in browser.,2026-10-01T01:20:36Z
shepherd-2,Shepherd,Winter 2024,No evidence found,,,,,,,,,,,,,,,,,,Checked: no post-YC Form D matching the founders; no funding statement on website (10 pages) or YC page. LinkedIn/X/Crunchbase need a logged-in browser.,2026-10-01T01:20:38Z
treblo,Treblo,Winter 2024,No evidence found,,,,,,,,,,,,,,,,,,Checked: no post-YC Form D matching the founders; no funding statement on website (3 pages) or YC page. LinkedIn/X/Crunchbase need a logged-in browser.,2026-10-01T01:20:34Z
bitesight,BiteSight,Winter 2024,No evidence found,,,,,,,,,,,,,,,,,,Checked: no post-YC Form D matching the founders; no funding statement on website (0 pages) or YC page. LinkedIn/X/Crunchbase need a logged-in browser.,2026-10-01T01:20:35Z
velorum-therapeutics,Velorum Therapeutics,Winter 2024,No evidence found,,,,,,,,,,,,,,,,,,Checked: no post-YC Form D matching the founders; no funding statement on website (3 pages) or YC page. LinkedIn/X/Crunchbase need a logged-in browser.,2026-10-01T01:20:37Z
zep-ai,Zep AI,Winter 2024,Yes,1803000,Equity (per Form D; stage not stated),2023-11-17,,1,SEC Form D,https://www.sec.gov/Archives/edgar/data/2006070/000200607023000001/primary_doc.xml,totalAmountSold: 1803000; totalOfferingAmount: 1803000; dateOfFirstSale: 2023-11-17,0002006070,0002006070-23-000001,1803000,1803000,2023-11-17,Equity,3,"Zep Software, Inc.",High,"pre yc Form D 0002006070-24-000001: sold 43 first sale 2023-06-08 First sale is close to batch start, so the Form D total may include YC's $500K.",2026-10-01T01:20:39Z
openmart,Openmart,Winter 2024,No evidence found,,,,,,,,,,,,,,,,,,Checked: no post-YC Form D matching the founders; no funding statement on website (8 pages) or YC page. LinkedIn/X/Crunchbase need a logged-in browser.,2026-10-01T01:20:42Z
triply,Triply,Winter 2024,No evidence found,,,,,,,,,,,,,,,,,,Checked: no post-YC Form D matching the founders; no funding statement on website (10 pages) or YC page. LinkedIn/X/Crunchbase need a logged-in browser. National register for KE not checked.,2026-10-01T01:20:40Z
deep24,Deep24,Winter 2024,No evidence found,,,,,,,,,,,,,,,,,,Checked: no post-YC Form D matching the founders; no funding statement on website (10 pages) or YC page. LinkedIn/X/Crunchbase need a logged-in browser.,2026-10-01T01:20:39Z
alai,Alai,Winter 2024,No evidence found,,,,,,,,,,,,,,,,,,"Manual review: '$2B+' refers to pitch decks of other startups on Alai's blog, not a raise by Alai.",2026-10-01T01:20:57Z
brainbase-labs,Brainbase Labs,Winter 2024,No evidence found,,,,,,,,,,,,,,,,,,Checked: no post-YC Form D matching the founders; no funding statement on website (3 pages) or YC page. LinkedIn/X/Crunchbase need a logged-in browser.,2026-10-01T01:20:40Z
givefront,Givefront,Winter 2024,No evidence found,,,,,,,,,,,,,,,,,,Checked: no post-YC Form D matching the founders; no funding statement on website (6 pages) or YC page. LinkedIn/X/Crunchbase need a logged-in browser.,2026-10-01T01:20:41Z
cleva,Cleva,Winter 2024,Yes,1500000,Pre-Seed,2024-01-08,,4,Press (linked from YC company page),https://techcrunch.com/2024/01/08/yc-backed-african-fintech-cleva-founded-by-stripe-and-aws-alums-raises-1-5m-pre-seed/,"African fintech Cleva, founded by Stripe and AWS alums, raises $1.5M pre-seed | TechCrunch",,,,,,,,,Medium,No matching post-YC Form D found.,2026-10-01T01:20:43Z
oma-care,Oma Care,Winter 2024,No evidence found,,,,,,,,,,,,,,,,,,Checked: no post-YC Form D matching the founders; no funding statement on website (1 pages) or YC page. LinkedIn/X/Crunchbase need a logged-in browser.,2026-10-01T01:20:43Z
artos,Artos,Winter 2024,No evidence found,,,,,,,,,,,,,,,,,,Checked: no post-YC Form D matching the founders; no funding statement on website (3 pages) or YC page. LinkedIn/X/Crunchbase need a logged-in browser.,2026-10-01T01:20:43Z
model-ml,Model ML,Winter 2024,Yes,12000000,,,,2,Company website,https://modelml.com/blog,Exclusive: Model ML Updates Fortune on $12m Funding Round.,,,,,,,,,High,Round date not stated on the source page; assumed post-YC because it is presented as current news. Other stated figure: $75 Million (https://www.bloomberg.com/news/articles/2025-11-24/ai-startup-raises-75-million-to-take-junior-bankers-grunt-work). No matching post-YC Form D found.,2026-10-01T01:20:44Z
betterbasket,BetterBasket,Winter 2024,No evidence found,,,,,,,,,,,,,,,,,,Checked: no post-YC Form D matching the founders; no funding statement on website (1 pages) or YC page. LinkedIn/X/Crunchbase need a logged-in browser.,2026-10-01T01:20:46Z
circleback,Circleback,Winter 2024,No evidence found,,,,,,,,,,,,,,,,,,Checked: no post-YC Form D matching the founders; no funding statement on website (2 pages) or YC page. LinkedIn/X/Crunchbase need a logged-in browser.,2026-10-01T01:20:46Z
justai,JustAI,Winter 2024,Yes,17500000,Series A,,Base10 News.,2,Company website,https://www.getjust.ai/blog/justai-seriesa,JustAI raises $17.5M Series A led by Base10 News.,,,,,,,,,High,"Unverified Form D by same-named person: Choice AI Inc. 0002141371-26-000001 sold 18694940 (first sale 2026-05-13, San Francisco); likely a different person. Round date not stated on the source page; assumed post-YC because it is presented as current news. Other stated figure: $17M (https://www.getjust.ai/careers). No matching post-YC Form D found.",2026-10-01T01:20:46Z
risotto,Risotto,Winter 2024,No evidence found,,,,,,,,,,,,,,,,,,Checked: no post-YC Form D matching the founders; no funding statement on website (4 pages) or YC page. LinkedIn/X/Crunchbase need a logged-in browser.,2026-10-01T01:20:48Z
diana,Diana,Winter 2024,Yes,3700000,Seed,,Kevin Mahaffey of SNR Ventures,2,Company website,https://www.getdiana.com/about,"Diana has raised a $3.7M seed round led by Kevin Mahaffey of SNR Ventures, with participation from General Catalyst, Y Combinator, Liquid 2 Ventures,",,,,,,,,,High,Round date not stated on the source page; assumed post-YC because it is presented as current news. No matching post-YC Form D found.,2026-10-01T01:20:58Z
heartbyte,HeartByte,Winter 2024,No evidence found,,,,,,,,,,,,,,,,,,Checked: no post-YC Form D matching the founders; no funding statement on website (0 pages) or YC page. LinkedIn/X/Crunchbase need a logged-in browser.,2026-10-01T01:20:47Z
yondu,Yondu,Winter 2024,No evidence found,,,,,,,,,,,,,,,,,,"Unverified Form D by same-named person: Champions Series Pickleball LLC 0002143917-26-000002 sold 2100000 (first sale 2026-06-18, Palm Springs); likely a different person. Checked: no post-YC Form D matching the founders; no funding statement on website (4 pages) or YC page. LinkedIn/X/Crunchbase need a logged-in browser.",2026-10-01T01:20:54Z
raindrop,Raindrop,Winter 2024,Yes,50000000,,,CRV,2,Company website,https://www.raindrop.ai/blog/series-a/,"We've now raised a total of $50 million led by CRV, and researchers and executives at Anthropic, OpenAI and Thinking Machines.",,,,,,,,,High,Round date not stated on the source page; assumed post-YC because it is presented as current news. Other stated figure: $15M (https://www.raindrop.ai/blog/). No matching post-YC Form D found.,2026-10-01T01:20:54Z
floatingpoint,floatingpoint,Winter 2024,No evidence found,,,,,,,,,,,,,,,,,,Checked: no post-YC Form D matching the founders; no funding statement on website (1 pages) or YC page. LinkedIn/X/Crunchbase need a logged-in browser.,2026-10-01T01:20:51Z
centauri-ai,Centauri AI,Winter 2024,No evidence found,,,,,,,,,,,,,,,,,,Checked: no post-YC Form D matching the founders; no funding statement on website (10 pages) or YC page. LinkedIn/X/Crunchbase need a logged-in browser.,2026-10-01T01:20:56Z
prosights,ProSights,Winter 2024,No evidence found,,,,,,,,,,,,,,,,,,Checked: no post-YC Form D matching the founders; no funding statement on website (4 pages) or YC page. LinkedIn/X/Crunchbase need a logged-in browser.,2026-10-01T01:20:51Z
manifold-freight,Manifold Freight,Winter 2024,Yes,1900000,,2024-05-20,,4,Press (linked from YC company page),https://www.geekwire.com/2024/yc-grad-manifold-freight-raises-1-9m-for-trucking-logistics-software/,YC grad Manifold Freight raises $1.9M for trucking logistics software – GeekWire,,,,,,,,,Medium,No matching post-YC Form D found.,2026-10-01T01:20:55Z
edgetrace,EdgeTrace,Winter 2024,No evidence found,,,,,,,,,,,,,,,,,,Checked: no post-YC Form D matching the founders; no funding statement on website (4 pages) or YC page. LinkedIn/X/Crunchbase need a logged-in browser.,2026-10-01T01:20:54Z
clarum,Clarum,Winter 2024,No evidence found,,,,,,,,,,,,,,,,,,Checked: no post-YC Form D matching the founders; no funding statement on website (1 pages) or YC page. LinkedIn/X/Crunchbase need a logged-in browser.,2026-10-01T01:20:59Z
opencall,Opencall,Winter 2024,No evidence found,,,,,,,,,,,,,,,,,,Checked: no post-YC Form D matching the founders; no funding statement on website (3 pages) or YC page. LinkedIn/X/Crunchbase need a logged-in browser.,2026-10-01T01:20:59Z
voicepanel,Voicepanel,Winter 2024,Yes,2400000,Seed,,,2,Company website,https://www.voicepanel.com/blog/voicepanel-seed-funding,Today we're excited to share that we've raised $2.4M in seed funding.,,,,,,,,,High,Round date not stated on the source page; assumed post-YC because it is presented as current news. No matching post-YC Form D found.,2026-10-01T01:21:01Z
offdeal,OffDeal,Winter 2024,Yes,17000000,Series A,,Radical Ventures,2,Company website,https://offdeal.io/news/offdeal-series-a-funding-radical-ventures-2025,"world's first AI-native investment bank, bringing our total funding to $17M..",,,,,,,,,High,Round date not stated on the source page; assumed post-YC because it is presented as current news. Other stated figure: $12M (https://offdeal.io). No matching post-YC Form D found.,2026-10-01T01:20:59Z
andy-ai,Andy AI,Winter 2024,No evidence found,,,,,,,,,,,,,,,,,,Checked: no post-YC Form D matching the founders; no funding statement on website (2 pages) or YC page. LinkedIn/X/Crunchbase need a logged-in browser.,2026-10-01T01:21:00Z
hazel-2,Hazel,Winter 2024,No evidence found,,,,,,,,,,,,,,,,,,Checked: no post-YC Form D matching the founders; no funding statement on website (2 pages) or YC page. LinkedIn/X/Crunchbase need a logged-in browser.,2026-10-01T01:21:12Z
shiboleth,Shiboleth,Winter 2024,No evidence found,,,,,,,,,,,,,,,,,,Checked: no post-YC Form D matching the founders; no funding statement on website (2 pages) or YC page. LinkedIn/X/Crunchbase need a logged-in browser.,2026-10-01T01:21:02Z
aftercare,Aftercare,Winter 2024,No evidence found,,,,,,,,,,,,,,,,,,Checked: no post-YC Form D matching the founders; no funding statement on website (2 pages) or YC page. LinkedIn/X/Crunchbase need a logged-in browser.,2026-10-01T01:21:03Z
elodin,Elodin,Winter 2024,Yes,2000000,Pre-Seed,,,2,Company website,https://www.elodin.systems/blog,Closing of our $2M pre-seed round.,,,,,,,,,High,Round date not stated on the source page; assumed post-YC because it is presented as current news. No matching post-YC Form D found.,2026-10-01T01:21:06Z
conduit-ai,Conduit,Winter 2024,No evidence found,,,,,,,,,,,,,,,,,,Checked: no post-YC Form D matching the founders; no funding statement on website (6 pages) or YC page. LinkedIn/X/Crunchbase need a logged-in browser.,2026-10-01T01:21:05Z
whip,Whip,Winter 2024,No evidence found,,,,,,,,,,,,,,,,,,Checked: no post-YC Form D matching the founders; no funding statement on website (2 pages) or YC page. LinkedIn/X/Crunchbase need a logged-in browser.,2026-10-01T01:21:04Z
toma,Toma,Winter 2024,Yes,17000000,Series A,,,2,YC company/launch page,https://www.ycombinator.com/companies/toma,"Valley Overlooks** We’re thrilled to share that Toma [**raised a $17M Series A**](https://techcrunch.com/2025/06/05/tomas-ai-voice-agents-have-taken-off-at-car-dealerships-and-attracted-funding-from-a16z/), led by **Andreessen Horowitz (a16z)**, who chose us after vetting every",,,,,,,,,High,Round date not stated on the source page; assumed post-YC because it is presented as current news. No matching post-YC Form D found.,2026-10-01T01:21:05Z
carma,Carma,Winter 2024,Yes,5500000,Seed,,,2,YC company/launch page,https://www.ycombinator.com/companies/carma,"Combinator, founders of Superhuman, and Tier-1 investors, we raised our $5.5M seed and are sprinting toward a Series A in 2026.",,,,,,,,,High,Round date not stated on the source page; assumed post-YC because it is presented as current news. No matching post-YC Form D found.,2026-10-01T01:21:07Z
superagent,Superagent,Winter 2024,No evidence found,,,,,,,,,,,,,,,,,,Checked: no post-YC Form D matching the founders; no funding statement on website (10 pages) or YC page. LinkedIn/X/Crunchbase need a logged-in browser.,2026-10-01T01:21:07Z
bilanc,Bilanc,Winter 2024,No evidence found,,,,,,,,,,,,,,,,,,Checked: no post-YC Form D matching the founders; no funding statement on website (10 pages) or YC page. LinkedIn/X/Crunchbase need a logged-in browser.,2026-10-01T01:21:06Z
sagaland,Sagaland,Winter 2024,No evidence found,,,,,,,,,,,,,,,,,,Checked: no post-YC Form D matching the founders; no funding statement on website (10 pages) or YC page. LinkedIn/X/Crunchbase need a logged-in browser.,2026-10-01T01:21:07Z
astro-mechanica,Astro Mechanica,Winter 2024,Yes,27100000,,,,2,Company website,https://www.astromecha.co/news,Astro Mechanica Raises $27.1M for Supersonic Flight.,,,,,,,,,High,Round date not stated on the source page; assumed post-YC because it is presented as current news. No matching post-YC Form D found.,2026-10-01T01:21:10Z
codeant-ai,CodeAnt AI,Winter 2024,Yes,2000000,,,,2,Company website,https://codeant.ai/about,AI code review platform CodeAnt AI raises $2m to speed up software development.,,,,,,,,,High,Round date not stated on the source page; assumed post-YC because it is presented as current news. No matching post-YC Form D found.,2026-10-01T01:21:12Z
draftaid,Draftaid,Winter 2024,No evidence found,,,,,,,,,,,,,,,,,,Checked: no post-YC Form D matching the founders; no funding statement on website (3 pages) or YC page. LinkedIn/X/Crunchbase need a logged-in browser. National register for CA not checked.,2026-10-01T01:21:11Z
metofico,Metofico,Winter 2024,No evidence found,,,,,,,,,,,,,,,,,,Checked: no post-YC Form D matching the founders; no funding statement on website (1 pages) or YC page. LinkedIn/X/Crunchbase need a logged-in browser.,2026-10-01T01:21:13Z
ellipsis,Ellipsis,Winter 2024,Yes,2000000,Seed,2024-06-19,,2,Company website,https://www.ellipsis.dev/blog/ellipsis-raises-a-2m-seed-round?utm_source=ycseedround,Ellipsis raises a $2M Seed Round - Ellipsis.dev | Automated code reviews,,,,,,,,,High,No matching post-YC Form D found.,2026-10-01T01:21:19Z
dime-2,Dime,Winter 2024,No evidence found,,,,,,,,,,,,,,,,,,Checked: no post-YC Form D matching the founders; no funding statement on website (3 pages) or YC page. LinkedIn/X/Crunchbase need a logged-in browser.,2026-10-01T01:21:15Z
solari-ai,Solari AI,Winter 2024,No evidence found,,,,,,,,,,,,,,,,,,Checked: no post-YC Form D matching the founders; no funding statement on website (0 pages) or YC page. LinkedIn/X/Crunchbase need a logged-in browser.,2026-10-01T01:21:12Z
pazi,Pazi,Winter 2024,No evidence found,,,,,,,,,,,,,,,,,,Checked: no post-YC Form D matching the founders; no funding statement on website (1 pages) or YC page. LinkedIn/X/Crunchbase need a logged-in browser.,2026-10-01T01:21:21Z
open,Open,Winter 2024,Yes,7000000,,,,2,Company website,https://www.open.cx/news/announcing-our-new-funding-round,Announcing Our $7M Funding Round | Open .,,,,,,,,,High,Round date not stated on the source page; assumed post-YC because it is presented as current news. No matching post-YC Form D found.,2026-10-01T01:23:54Z
salvy,Salvy,Winter 2024,Yes,1000000,,2024-02-20,SaaSholic.,2,Company website,https://blog.salvy.com.br/salvy-raises-1m-in-a-seed-round-with-participation-from-y-combinator-and-led-by-saasholic/,"Salvy raises $1M round, with participation from Y Combinator and led by SaaSholic. | Blog da Salvy",,,,,,,,,High,No matching post-YC Form D found.,2026-10-01T01:21:22Z
centralize,Centralize,Winter 2024,Yes,19000000,,,NEA,2,Company website,https://www.usecentralize.com,🎉 We've raised $19M led by NEA → .,,,,,,,,,High,Round date not stated on the source page; assumed post-YC because it is presented as current news. No matching post-YC Form D found.,2026-10-01T01:21:16Z
nanocorp,NanoCorp,Winter 2024,No evidence found,,,,,,,,,,,,,,,,,,Checked: no post-YC Form D matching the founders; no funding statement on website (4 pages) or YC page. LinkedIn/X/Crunchbase need a logged-in browser.,2026-10-01T01:21:16Z
firebender,Firebender,Winter 2024,No evidence found,,,,,,,,,,,,,,,,,,"Unverified Form D by same-named person: GENI COMPUTERS, INC. 0002135268-26-000001 sold 1840000 (first sale 2026-05-05, Brooklyn); likely a different person. Checked: no post-YC Form D matching the founders; no funding statement on website (3 pages) or YC page. LinkedIn/X/Crunchbase need a logged-in browser.",2026-10-01T01:21:26Z
feldy,Feldy,Winter 2024,No evidence found,,,,,,,,,,,,,,,,,,Checked: no post-YC Form D matching the founders; no funding statement on website (2 pages) or YC page. LinkedIn/X/Crunchbase need a logged-in browser.,2026-10-01T01:21:21Z
parallel,Parallel,Winter 2024,Yes,20000000,Series A,,,2,Company website,https://www.beparallel.com/?utm_source=ycombinator&utm_medium=directory,that lets you focus on care • Parallel Parallel raises $20M in Series A funding to accelerate AI agent deployment in hospitals.,,,,,,,,,High,"Unverified Form D by same-named person: KIOSK, INC. 0001099910-26-000141 sold 19366387 (first sale 2026-03-16, San Francisco); likely a different person. Round date not stated on the source page; assumed post-YC because it is presented as current news. No matching post-YC Form D found.",2026-10-01T01:21:34Z
vibrant-labs,Vibrant Labs,Winter 2024,No evidence found,,,,,,,,,,,,,,,,,,Checked: no post-YC Form D matching the founders; no funding statement on website (3 pages) or YC page. LinkedIn/X/Crunchbase need a logged-in browser.,2026-10-01T01:21:26Z
sync-2,sync.,Winter 2024,Yes,5500000,Seed,,,2,Company website,https://sync.so/blog/sync-announces-5-5m-seed-round-to-make-video-content-creation-less-camera-dependent-using-ai,announces $5.5M seed round | sync.,,,,,,,,,High,Round date not stated on the source page; assumed post-YC because it is presented as current news. No matching post-YC Form D found.,2026-10-01T01:21:35Z
pandasai,PandasAI,Winter 2024,No evidence found,,,,,,,,,,,,,,,,,,Checked: no post-YC Form D matching the founders; no funding statement on website (1 pages) or YC page. LinkedIn/X/Crunchbase need a logged-in browser. National register for DE not checked.,2026-10-01T01:21:24Z
infinity,Infinity,Winter 2024,Yes,1900000,,,,2,Company website,https://www.infinityapp.in,International Payments for Freelancers & Startups 🎉Milestone alert: Infinity secures $1.9M funding to reshape cross-border payments in India!.,,,,,,,,,High,Round date not stated on the source page; assumed post-YC because it is presented as current news. No matching post-YC Form D found.,2026-10-01T01:24:12Z
inquery-2,InQuery,Winter 2024,No evidence found,,,,,,,,,,,,,,,,,,Checked: no post-YC Form D matching the founders; no funding statement on website (6 pages) or YC page. LinkedIn/X/Crunchbase need a logged-in browser.,2026-10-01T01:21:29Z
gloglo,GloGlo,Winter 2024,No evidence found,,,,,,,,,,,,,,,,,,Checked: no post-YC Form D matching the founders; no funding statement on website (4 pages) or YC page. LinkedIn/X/Crunchbase need a logged-in browser.,2026-10-01T01:21:29Z
tamarind-bio,Tamarind Bio,Winter 2024,Yes,13559984,Equity (per Form D; stage not stated),2025-05-02,,1,SEC Form D,https://www.sec.gov/Archives/edgar/data/2068537/000206853725000001/primary_doc.xml,totalAmountSold: 13559984; totalOfferingAmount: 13559984; dateOfFirstSale: 2025-05-02,0002068537,0002068537-25-000001,13559984,13559984,2025-05-02,Equity; SecurityToBeAcquired,24,"Tamarind Bio, Inc.",High,,2026-10-01T01:21:34Z
clarion,Clarion,Winter 2024,Yes,5400000,,,,2,YC company/launch page,https://www.ycombinator.com/companies/clarion,"We've raised $5.4M from Accel, Y Combinator, Sequoia (scout), and healthcare founders from Ophelia, Medallion, and Counsel Health.",,,,,,,,,High,"Unverified Form D by same-named person: Scribenote Inc. 0002036179-24-000002 sold 7084999 (first sale 2024-06-28, Kitchener); likely a different person. Unverified Form D by same-named person: Space Fullerton Metro Investors, LLC 0002077912-25-000001 sold 4925000 (first sale 2025-06-25, Corona Del Mar); likely a different person. Unverified Form D by same-named person: Space Topanga Gateway Investors, LLC 0002106995-26-000002 sold 0 (first sale yetToOccur, Corona Del Mar); likely a different person. Unverified Form D by same-named person: Space Scripps LLC 0002107005-26-000002 sold 0 (first sale yetToOccur, Corona Del Mar); likely a different person. Round date not stated on the source page; assumed post-YC because it is presented as current news. No matching post-YC Form D found.",2026-10-01T01:22:55Z
cpgscout,Scout,Winter 2024,No evidence found,,,,,,,,,,,,,,,,,,Checked: no post-YC Form D matching the founders; no funding statement on website (14 pages) or YC page. LinkedIn/X/Crunchbase need a logged-in browser.,2026-10-01T01:21:38Z
decipher-ai,Decipher AI,Winter 2024,No evidence found,,,,,,,,,,,,,,,,,,Checked: no post-YC Form D matching the founders; no funding statement on website (0 pages) or YC page. LinkedIn/X/Crunchbase need a logged-in browser.,2026-10-01T01:21:34Z
lemonslice,LemonSlice,Winter 2024,Yes,10500000,,,,2,Company website,https://lemonslice.com/blog,We raised $10.5M to build the avatar layer of the internet..,,,,,,,,,High,Round date not stated on the source page; assumed post-YC because it is presented as current news. No matching post-YC Form D found.,2026-10-01T01:21:43Z
polished,Polished,Winter 2024,Yes,3900000,Seed,2024-12-10,,4,Press (linked from YC company page),https://www.axios.com/pro/fintech-deals/2024/12/10/direct-indexing-platform-double-finance-raises-seed,Direct indexing platform Double Finance raises $3.9M seed,,,,,,,,,Medium,No matching post-YC Form D found.,2026-10-01T01:21:41Z
guide-labs,Guide Labs,Winter 2024,Yes,9315640,Equity (per Form D; stage not stated),2024-06-10,,1,SEC Form D,https://www.sec.gov/Archives/edgar/data/2026937/000202693724000001/primary_doc.xml,totalAmountSold: 9315640; totalOfferingAmount: 9365587; dateOfFirstSale: 2024-06-10,0002026937,0002026937-24-000001,9315640,9365587,2024-06-10,Equity,14,Guide Labs Inc.,High,,2026-10-01T01:21:40Z
monumint,Monumint,Winter 2024,No evidence found,,,,,,,,,,,,,,,,,,Checked: no post-YC Form D matching the founders; no funding statement on website (3 pages) or YC page. LinkedIn/X/Crunchbase need a logged-in browser.,2026-10-01T01:21:41Z
respan,Respan,Winter 2024,Yes,5000000,Seed,,Gradient Ventures.,2,Company website,https://www.respan.ai/blog/introducing-respan,Company Announcing our $5M seed round led by Gradient Ventures.,,,,,,,,,High,Round date not stated on the source page; assumed post-YC because it is presented as current news. No matching post-YC Form D found.,2026-10-01T01:21:43Z
promptarmor,PromptArmor,Winter 2024,No evidence found,,,,,,,,,,,,,,,,,,Checked: no post-YC Form D matching the founders; no funding statement on website (2 pages) or YC page. LinkedIn/X/Crunchbase need a logged-in browser.,2026-10-01T01:21:46Z
zaymo,Zaymo,Winter 2024,No evidence found,,,,,,,,,,,,,,,,,,"Pre-YC raise, not counted: $700K dated 2023-08-16 (https://www.techbuzz.news/zaymo-raises-700k-pre-seed-round/). Checked: no post-YC Form D matching the founders; no funding statement on website (3 pages) or YC page. LinkedIn/X/Crunchbase need a logged-in browser.",2026-10-01T01:21:51Z
meticulate,Meticulate,Winter 2024,No evidence found,,,,,,,,,,,,,,,,,,Checked: no post-YC Form D matching the founders; no funding statement on website (1 pages) or YC page. LinkedIn/X/Crunchbase need a logged-in browser.,2026-10-01T01:21:49Z
cloudcruise,CloudCruise,Winter 2024,Yes,5000000,,2026-03-19,,2,Company website,https://cloudcruise.com/blog/seed-round,We raised $5M to make healthcare browser automation reliable at scale - My Framer Site,,,,,,,,,High,No matching post-YC Form D found.,2026-10-01T01:21:50Z
attunement,Attunement,Winter 2024,No evidence found,,,,,,,,,,,,,,,,,,Checked: no post-YC Form D matching the founders; no funding statement on website (1 pages) or YC page. LinkedIn/X/Crunchbase need a logged-in browser.,2026-10-01T01:21:47Z
onegrep,OneGrep,Winter 2024,No evidence found,,,,,,,,,,,,,,,,,,Checked: no post-YC Form D matching the founders; no funding statement on website (0 pages) or YC page. LinkedIn/X/Crunchbase need a logged-in browser.,2026-10-01T01:21:47Z
partnerhq,PartnerHQ,Winter 2024,No evidence found,,,,,,,,,,,,,,,,,,Checked: no post-YC Form D matching the founders; no funding statement on website (0 pages) or YC page. LinkedIn/X/Crunchbase need a logged-in browser.,2026-10-01T01:21:48Z
atopile,atopile,Winter 2024,No evidence found,,,,,,,,,,,,,,,,,,Checked: no post-YC Form D matching the founders; no funding statement on website (10 pages) or YC page. LinkedIn/X/Crunchbase need a logged-in browser.,2026-10-01T01:21:49Z
copper-health,Copper Health,Winter 2024,No evidence found,,,,,,,,,,,,,,,,,,Checked: no post-YC Form D matching the founders; no funding statement on website (1 pages) or YC page. LinkedIn/X/Crunchbase need a logged-in browser.,2026-10-01T01:21:50Z
synsorybio,SynsoryBio,Winter 2024,No evidence found,,,,,,,,,,,,,,,,,,Checked: no post-YC Form D matching the founders; no funding statement on website (1 pages) or YC page. LinkedIn/X/Crunchbase need a logged-in browser.,2026-10-01T01:21:52Z
yoneda-labs,Yoneda Labs,Winter 2024,Yes,4000000,,2024-04-26,,4,Press (linked from YC company page),https://venturebeat.com/ai/yoneda-labs-raises-4m-from-khosla-ventures-to-build-the-openai-for-chemistry/,Yoneda Labs raises $4M to build the 'OpenAI for chemistry' | VentureBeat,,,,,,,,,Medium,No matching post-YC Form D found.,2026-10-01T01:21:54Z
panelytic,Panelytic,Winter 2024,No evidence found,,,,,,,,,,,,,,,,,,Checked: no post-YC Form D matching the founders; no funding statement on website (1 pages) or YC page. LinkedIn/X/Crunchbase need a logged-in browser.,2026-10-01T01:21:52Z
topo,Topo,Winter 2024,No evidence found,,,,,,,,,,,,,,,,,,Checked: no post-YC Form D matching the founders; no funding statement on website (3 pages) or YC page. LinkedIn/X/Crunchbase need a logged-in browser. National register for FR not checked.,2026-10-01T01:21:59Z
trellis-ai,Trellis AI,Winter 2024,No evidence found,,,,,,,,,,,,,,,,,,Checked: no post-YC Form D matching the founders; no funding statement on website (2 pages) or YC page. LinkedIn/X/Crunchbase need a logged-in browser.,2026-10-01T01:21:54Z
ecliptor,Ecliptor,Winter 2024,No evidence found,,,,,,,,,,,,,,,,,,Checked: no post-YC Form D matching the founders; no funding statement on website (1 pages) or YC page. LinkedIn/X/Crunchbase need a logged-in browser.,2026-10-01T01:21:55Z
greenboard,Greenboard,Winter 2024,Yes,20000000,,,,2,Company website,https://www.greenboard.com/blog,Greenboard Raises $20M to Make Everyone a Compliance Champion.,,,,,,,,,High,Round date not stated on the source page; assumed post-YC because it is presented as current news. No matching post-YC Form D found.,2026-10-01T01:21:56Z
eggnog,Eggnog,Winter 2024,No evidence found,,,,,,,,,,,,,,,,,,Checked: no post-YC Form D matching the founders; no funding statement on website (10 pages) or YC page. LinkedIn/X/Crunchbase need a logged-in browser.,2026-10-01T01:21:55Z
artisan,Artisan,Winter 2024,Yes,25000000,,2025-04-09,,4,Press (linked from YC company page),https://techcrunch.com/2025/04/09/artisan-the-stop-hiring-humans-ai-agent-startup-raises-25m-and-is-still-hiring-humans/,"Artisan, the 'stop hiring humans' AI agent startup, raises $25M -- and is still hiring humans | TechCrunch",,,,,,,,,Medium,"Pre-YC raise, not counted: $2.3M dated 2023-11-15 (https://thebusinessmagazine.co.uk/corporate-finance/artisan-ai-raises-2-3m-pre-seed/). Other stated figure: $11.5M (https://venturebeat.com/business/artisan-raises-11-5m-to-deploy-ai-employees-for-sales-teams/). No matching post-YC Form D found.",2026-10-01T01:23:50Z
octolane-ai,Octolane AI,Winter 2024,No evidence found,,,,,,,,,,,,,,,,,,Checked: no post-YC Form D matching the founders; no funding statement on website (4 pages) or YC page. LinkedIn/X/Crunchbase need a logged-in browser.,2026-10-01T01:21:57Z
suretynow,SuretyNow,Winter 2024,No evidence found,,,,,,,,,,,,,,,,,,Checked: no post-YC Form D matching the founders; no funding statement on website (4 pages) or YC page. LinkedIn/X/Crunchbase need a logged-in browser.,2026-10-01T01:21:58Z
roe,ROE,Winter 2024,Yes,3500000,Seed,2024-08-05,,2,Company website,https://www.getroe.ai/blog/fundraising,Announcing $3.5M Seed Round Led By Gradient Ventures,,,,,,,,,High,No matching post-YC Form D found.,2026-10-01T01:22:00Z
furtherai,FurtherAI,Winter 2024,Yes,30029989,Series A (Equity per Form D),2025-09-23,,1,SEC Form D,https://www.sec.gov/Archives/edgar/data/2099126/000209912625000002/primary_doc.xml,totalAmountSold: 30029989; totalOfferingAmount: 30029989; dateOfFirstSale: 2025-09-23,0002099126,0002099126-25-000002,30029989,30029989,2025-09-23,Equity,22,ONEHOP INC,High,"Legal name differs from brand; matched on related person(s) Aman Gour, Sashank Gondala, issuer in San Francisco, CA. Tier 2 source states $5M (https://www.furtherai.com/blog/furtherai-raises-5m-to-advance-its-specialized-ai-for-insurance); Form D figure kept.",2026-10-01T01:22:00Z
arini,Arini,Winter 2024,No evidence found,,,,,,,,,,,,,,,,,,Checked: no post-YC Form D matching the founders; no funding statement on website (4 pages) or YC page. LinkedIn/X/Crunchbase need a logged-in browser.,2026-10-01T01:22:23Z
paradigm,Paradigm,Winter 2024,No evidence found,,,,,,,,,,,,,,,,,,Checked: no post-YC Form D matching the founders; no funding statement on website (1 pages) or YC page. LinkedIn/X/Crunchbase need a logged-in browser.,2026-10-01T01:23:42Z
pointone,PointOne,Winter 2024,Yes,16000000,Series A,2026-03-23,,2,Company website,https://pointone.com/blog/pointone-raises-16-million-series-a,PointOne Raises $16 Million Series A - PointOne,,,,,,,,,High,No matching post-YC Form D found.,2026-10-01T01:22:09Z
averyiq,AveryIQ,Winter 2024,No evidence found,,,,,,,,,,,,,,,,,,Checked: no post-YC Form D matching the founders; no funding statement on website (4 pages) or YC page. LinkedIn/X/Crunchbase need a logged-in browser.,2026-10-01T01:22:02Z
wavelength,Wavelength,Winter 2024,No evidence found,,,,,,,,,,,,,,,,,,Checked: no post-YC Form D matching the founders; no funding statement on website (2 pages) or YC page. LinkedIn/X/Crunchbase need a logged-in browser.,2026-10-01T01:22:06Z
breez-labs,Breez Labs,Winter 2024,No evidence found,,,,,,,,,,,,,,,,,,Checked: no post-YC Form D matching the founders; no funding statement on website (2 pages) or YC page. LinkedIn/X/Crunchbase need a logged-in browser.,2026-10-01T01:22:08Z
leaping,Leaping,Winter 2024,No evidence found,,,,,,,,,,,,,,,,,,Checked: no post-YC Form D matching the founders; no funding statement on website (0 pages) or YC page. LinkedIn/X/Crunchbase need a logged-in browser.,2026-10-01T01:22:12Z
basalt,Basalt,Winter 2024,No evidence found,,,,,,,,,,,,,,,,,,Checked: no post-YC Form D matching the founders; no funding statement on website (10 pages) or YC page. LinkedIn/X/Crunchbase need a logged-in browser.,2026-10-01T01:22:28Z
carousel-technologies,Carousel Technologies,Winter 2024,No evidence found,,,,,,,,,,,,,,,,,,"Unverified Form D by same-named person: Aduro Holding 2.0, LLC 0002031954-24-000001 sold 4226912 (first sale 2024-07-11, Denver); likely a different person. Checked: no post-YC Form D matching the founders; no funding statement on website (2 pages) or YC page. LinkedIn/X/Crunchbase need a logged-in browser.",2026-10-01T01:22:25Z
agentic-labs-2,Agentic Labs,Winter 2024,No evidence found,,,,,,,,,,,,,,,,,,Checked: no post-YC Form D matching the founders; no funding statement on website (2 pages) or YC page. LinkedIn/X/Crunchbase need a logged-in browser.,2026-10-01T01:22:15Z
fractal-labs,Fractal Labs,Winter 2024,No evidence found,,,,,,,,,,,,,,,,,,Checked: no post-YC Form D matching the founders; no funding statement on website (1 pages) or YC page. LinkedIn/X/Crunchbase need a logged-in browser.,2026-10-01T01:22:23Z
pivot-robotics,Pivot Robotics,Winter 2024,No evidence found,,,,,,,,,,,,,,,,,,Checked: no post-YC Form D matching the founders; no funding statement on website (2 pages) or YC page. LinkedIn/X/Crunchbase need a logged-in browser.,2026-10-01T01:22:28Z
aidy,Aidy,Winter 2024,No evidence found,,,,,,,,,,,,,,,,,,"Unverified Form D by same-named person: Wellesley Asset Management, Inc. 0002050846-25-000001 sold 10444604 (first sale 2024-12-27, Portsmouth); likely a different person. Checked: no post-YC Form D matching the founders; no funding statement on website (3 pages) or YC page. LinkedIn/X/Crunchbase need a logged-in browser.",2026-10-01T01:22:51Z
keystroke,Keystroke,Winter 2024,No evidence found,,,,,,,,,,,,,,,,,,Checked: no post-YC Form D matching the founders; no funding statement on website (10 pages) or YC page. LinkedIn/X/Crunchbase need a logged-in browser.,2026-10-01T01:22:34Z
garage-2,Garage,Winter 2024,Yes,17840972,Equity (per Form D; stage not stated),2025-07-24,,1,SEC Form D,https://www.sec.gov/Archives/edgar/data/2082029/000208202926000002/primary_doc.xml,totalAmountSold: 17840972; totalOfferingAmount: 17840972; dateOfFirstSale: 2025-07-24,0002082029,0002082029-26-000002,17840972,17840972,2025-07-24,Equity,23,"Garage Technologies, Inc.",High,Tier 4 source states $13.5M (https://techcrunch.com/2025/08/20/embargo-tomorrow-yc-backed-garage-raises-13-5m-to-help-firefighters-buy-equipment/); Form D figure kept.,2026-10-01T01:23:10Z
argon-ai-inc,"Argon AI, Inc.",Winter 2024,Yes,5515000,Equity (per Form D; stage not stated),2024-05-31,,1,SEC Form D,https://www.sec.gov/Archives/edgar/data/2026471/000202647124000001/primary_doc.xml,totalAmountSold: 5515000; totalOfferingAmount: 5515000; dateOfFirstSale: 2024-05-31,0002026471,0002026471-24-000001,5515000,5515000,2024-05-31,Equity,31,"Argon AI, Inc.",High,,2026-10-01T01:22:35Z
ncompass-technologies,nCompass Technologies,Winter 2024,No evidence found,,,,,,,,,,,,,,,,,,Checked: no post-YC Form D matching the founders; no funding statement on website (10 pages) or YC page. LinkedIn/X/Crunchbase need a logged-in browser.,2026-10-01T01:22:49Z
pretzel-ai,Pretzel AI,Winter 2024,No evidence found,,,,,,,,,,,,,,,,,,Checked: no post-YC Form D matching the founders; no funding statement on website (1 pages) or YC page. LinkedIn/X/Crunchbase need a logged-in browser. National register for DE not checked.,2026-10-01T01:22:41Z
alex-com,Alex,Winter 2024,Yes,20000000,,,,2,Company website,https://www.alex.com/,We raised $20M to help AI hire more humans..,,,,,,,,,High,"Unverified Form D by same-named person: Rain Technologies Inc. 0000912282-25-000193 sold 19881505 (first sale 2025-02-10, Nashville); likely a different person. Unverified Form D by same-named person: Rain Technologies Inc. 0000912282-25-000976 sold 22881504 (first sale 2025-02-10, Nashville); likely a different person. Round date not stated on the source page; assumed post-YC because it is presented as current news. No matching post-YC Form D found.",2026-10-01T01:22:56Z
malibou,malibou,Winter 2024,Yes,8114995,Equity (per Form D; stage not stated),2023-12-12,,1,SEC Form D,https://www.sec.gov/Archives/edgar/data/2005726/000200572624000004/primary_doc.xml,totalAmountSold: 5399995; totalOfferingAmount: 5399995; dateOfFirstSale: 2024-12-12,0002005726,0002005726-24-000004,5399995,5399995,2024-12-12,Equity,4,Malibou Inc.,High,"3 post-YC Form D offerings summed: 0002005726-24-000002 $1590000 (2023-12-12), 0002005726-24-000003 $1125000 (2024-03-21), 0002005726-24-000004 $5399995 (2024-12-12) Tier 4 source states $3.3 Million (https://www.businessinsider.com/malibou-french-payroll-startup-raises-3-million-from-breega-yc-2024-6); Form D figure kept.",2026-10-01T01:22:59Z
newton,Newton,Winter 2024,Yes,3800000,,2025-10-22,,4,Press (linked from YC company page),https://www.unite.ai/newton-raises-3-8-million-to-bring-ai-native-workflow-automation-to-dental-practices/,Newton Raises $3.8 Million to Bring AI-Native Workflow Automation to Dental Practices – Unite.AI,,,,,,,,,Medium,No matching post-YC Form D found.,2026-10-01T01:23:05Z
saga-ai,Saga AI,Winter 2024,No evidence found,,,,,,,,,,,,,,,,,,Checked: no post-YC Form D matching the founders; no funding statement on website (0 pages) or YC page. LinkedIn/X/Crunchbase need a logged-in browser.,2026-10-01T01:22:57Z
tuesday-labs,Tuesday Labs,Winter 2024,No evidence found,,,,,,,,,,,,,,,,,,Checked: no post-YC Form D matching the founders; no funding statement on website (3 pages) or YC page. LinkedIn/X/Crunchbase need a logged-in browser.,2026-10-01T01:22:58Z
momentic,Momentic,Winter 2024,Yes,15000000,Series A,,,2,Company website,https://momentic.ai/blog,News Momentic Raises $15M Series A to Build the Definitive Verification Layer for Software .,,,,,,,,,High,Round date not stated on the source page; assumed post-YC because it is presented as current news. No matching post-YC Form D found.,2026-10-01T01:23:03Z
reducto,Reducto,Winter 2024,Yes,108000000,,,,2,Company website,https://reducto.ai/blog,Reducto Announces $108M in Funding to Define the Future of AI Document Intelligence.,,,,,,,,,High,Round date not stated on the source page; assumed post-YC because it is presented as current news. Other stated figure: $24.5M (https://reducto.ai/blog). No matching post-YC Form D found.,2026-10-01T01:23:02Z
andon-labs,Andon Labs,Winter 2024,No evidence found,,,,,,,,,,,,,,,,,,Checked: no post-YC Form D matching the founders; no funding statement on website (2 pages) or YC page. LinkedIn/X/Crunchbase need a logged-in browser.,2026-10-01T01:23:01Z
maia,Maia,Winter 2024,No evidence found,,,,,,,,,,,,,,,,,,Checked: no post-YC Form D matching the founders; no funding statement on website (3 pages) or YC page. LinkedIn/X/Crunchbase need a logged-in browser.,2026-10-01T01:23:18Z
nuanced,Nuanced,Winter 2024,No evidence found,,,,,,,,,,,,,,,,,,Checked: no post-YC Form D matching the founders; no funding statement on website (2 pages) or YC page. LinkedIn/X/Crunchbase need a logged-in browser.,2026-10-01T01:23:04Z
precip,Precip,Winter 2024,No evidence found,,,,,,,,,,,,,,,,,,Checked: no post-YC Form D matching the founders; no funding statement on website (3 pages) or YC page. LinkedIn/X/Crunchbase need a logged-in browser.,2026-10-01T01:23:16Z
tracecat,Tracecat,Winter 2024,No evidence found,,,,,,,,,,,,,,,,,,Checked: no post-YC Form D matching the founders; no funding statement on website (3 pages) or YC page. LinkedIn/X/Crunchbase need a logged-in browser.,2026-10-01T01:23:08Z
kabilah,Kabilah,Winter 2024,No evidence found,,,,,,,,,,,,,,,,,,Checked: no post-YC Form D matching the founders; no funding statement on website (2 pages) or YC page. LinkedIn/X/Crunchbase need a logged-in browser.,2026-10-01T01:23:09Z
sonia,Sonia,Winter 2024,No evidence found,,,,,,,,,,,,,,,,,,Checked: no post-YC Form D matching the founders; no funding statement on website (4 pages) or YC page. LinkedIn/X/Crunchbase need a logged-in browser.,2026-10-01T01:23:15Z
tekton-dynamics,Tekton Dynamics,Winter 2024,No evidence found,,,,,,,,,,,,,,,,,,Checked: no post-YC Form D matching the founders; no funding statement on website (4 pages) or YC page. LinkedIn/X/Crunchbase need a logged-in browser.,2026-10-01T01:23:11Z
ion-design,ion design,Winter 2024,No evidence found,,,,,,,,,,,,,,,,,,Checked: no post-YC Form D matching the founders; no funding statement on website (1 pages) or YC page. LinkedIn/X/Crunchbase need a logged-in browser.,2026-10-01T01:23:13Z
duckie,Duckie,Winter 2024,No evidence found,,,,,,,,,,,,,,,,,,Checked: no post-YC Form D matching the founders; no funding statement on website (6 pages) or YC page. LinkedIn/X/Crunchbase need a logged-in browser.,2026-10-01T01:23:16Z
happenstance,Happenstance,Winter 2024,No evidence found,,,,,,,,,,,,,,,,,,Checked: no post-YC Form D matching the founders; no funding statement on website (14 pages) or YC page. LinkedIn/X/Crunchbase need a logged-in browser.,2026-10-01T01:23:15Z
ubicloud,Ubicloud,Winter 2024,Yes,16000000,Seed,,,2,Company website,https://www.ubicloud.com,Ubicloud raises $16 million in seed round.,,,,,,,,,High,Round date not stated on the source page; assumed post-YC because it is presented as current news. No matching post-YC Form D found.,2026-10-01T01:23:20Z
greptile,Greptile,Winter 2024,Yes,25000000,Series A,,,2,Company website,https://www.greptile.com/blog/series-a,Greptile Raises $25M Series A and Launches v3 | Greptile .,,,,,,,,,High,Round date not stated on the source page; assumed post-YC because it is presented as current news. No matching post-YC Form D found.,2026-10-01T01:23:22Z
cora,Cora,Winter 2024,No evidence found,,,,,,,,,,,,,,,,,,Checked: no post-YC Form D matching the founders; no funding statement on website (1 pages) or YC page. LinkedIn/X/Crunchbase need a logged-in browser.,2026-10-01T01:23:32Z
ego,ego,Winter 2024,No evidence found,,,,,,,,,,,,,,,,,,Checked: no post-YC Form D matching the founders; no funding statement on website (2 pages) or YC page. LinkedIn/X/Crunchbase need a logged-in browser.,2026-10-01T01:23:29Z
legora,Legora,Winter 2024,Yes,671727767,Equity (per Form D; stage not stated),2025-05-19,,1,SEC Form D,https://www.sec.gov/Archives/edgar/data/2071663/000207166326000001/primary_doc.xml,totalAmountSold: 441525860; totalOfferingAmount: 600080000; dateOfFirstSale: 2026-03-09,0002071663,0002071663-26-000001,441525860,600080000,2026-03-09,Equity,40,"Legora, Inc.",High,"3 post-YC Form D offerings summed: 0002071663-25-000001 $79849626 (2025-05-19), 0002071663-25-000002 $150352281 (2025-10-28), 0002071663-26-000001 $441525860 (2026-03-09) Tier 4 source states $10.5m (https://sifted.eu/articles/benchmark-ai-legaltech-leya-news); Form D figure kept.",2026-10-01T01:23:25Z
scritch,Scritch,Winter 2024,No evidence found,,,,,,,,,,,,,,,,,,Checked: no post-YC Form D matching the founders; no funding statement on website (1 pages) or YC page. LinkedIn/X/Crunchbase need a logged-in browser.,2026-10-01T01:23:25Z
relari,Relari,Winter 2024,No evidence found,,,,,,,,,,,,,,,,,,"Unverified Form D by same-named person: SCC DEV 2024B, LLC 0002044985-24-000001 sold 2300000 (first sale 2024-12-04, Eagle Point); likely a different person. Checked: no post-YC Form D matching the founders; no funding statement on website (2 pages) or YC page. LinkedIn/X/Crunchbase need a logged-in browser.",2026-10-01T01:23:32Z
drymerge,DryMerge,Winter 2024,Yes,2200000,Seed,2024-09-16,,2,Company website,https://drymerge.com/blog/announcing-our-seed-round,Announcing our $2.2M Seed Round,,,,,,,,,High,No matching post-YC Form D found.,2026-10-01T01:23:27Z
navier-ai,Navier AI,Winter 2024,Yes,5600000,Seed,2025-12-15,,4,Press (linked from YC company page),https://www.axios.com/pro/enterprise-software-deals/2025/12/15/navier-ai-engineering-hardware-design,AI engineering startup Navier raises $5.6M seed for hardware design,,,,,,,,,Medium,No matching post-YC Form D found.,2026-10-01T01:23:33Z
upsolve-ai,Upsolve AI,Winter 2024,No evidence found,,,,,,,,,,,,,,,,,,Checked: no post-YC Form D matching the founders; no funding statement on website (3 pages) or YC page. LinkedIn/X/Crunchbase need a logged-in browser.,2026-10-01T01:23:32Z
event-horizon-labs,Event Horizon Labs,Winter 2024,No evidence found,,,,,,,,,,,,,,,,,,Checked: no post-YC Form D matching the founders; no funding statement on website (1 pages) or YC page. LinkedIn/X/Crunchbase need a logged-in browser.,2026-10-01T01:23:32Z
gumloop,Gumloop,Winter 2024,Yes,50000000,Series B,,Benchmark Learn,2,Company website,https://www.gumloop.com,We raised a $50M Series B led by Benchmark Learn more .,,,,,,,,,High,Round date not stated on the source page; assumed post-YC because it is presented as current news. No matching post-YC Form D found.,2026-10-01T01:23:36Z
driver,Driver,Winter 2024,Yes,8269998,Equity (per Form D; stage not stated),2024-04-24,,1,SEC Form D,https://www.sec.gov/Archives/edgar/data/2021927/000202192724000002/primary_doc.xml,totalAmountSold: 8269998; totalOfferingAmount: 8269998; dateOfFirstSale: 2024-04-24,0002021927,0002021927-24-000002,8269998,8269998,2024-04-24,Equity,24,"Driver AI, Inc.",High,,2026-10-01T01:23:45Z
yenmo,Yenmo,Winter 2024,No evidence found,,,,,,,,,,,,,,,,,,Checked: no post-YC Form D matching the founders; no funding statement on website (9 pages) or YC page. LinkedIn/X/Crunchbase need a logged-in browser. National register for IN not checked.,2026-10-01T01:23:36Z
governgpt,GovernGPT,Winter 2024,No evidence found,,,,,,,,,,,,,,,,,,"Manual review: '$1.7 billion' is capital raised by a GovernGPT customer, not by GovernGPT.",2026-10-01T01:23:38Z
