company_id,company,batch,yc_status,website,domain,yc_page,one_liner,location,country,ai_native,company_linkedin,company_x,founders,founder_linkedins,founder_xs,tracxn_total_usd_LEAD_ONLY,in_strict_funnel,team_size,yc_is_hiring,yc_open_jobs,yc_job_titles,yc_stage,industry
opentag,OpenTag,Summer 2026,Active,https://www.tryopentag.com/,tryopentag.com,https://www.ycombinator.com/companies/opentag,Model Agnostic AI coworker in Slack,San Francisco,US,High,https://www.linkedin.com/company/109881466,,Tony Kam; Wilson Nguyen; Shelden Shi,https://linkedin.com/in/tonyshekkam; https://www.linkedin.com/in/nguyenwilson/; https://linkedin.com/in/sheldenshi,https://twitter.com/kamikariat; https://x.com/potatoparser; ,,No,3,No,,,Early,B2B
conifer,Conifer,Summer 2026,Active,https://www.conifer.build,conifer.build,https://www.ycombinator.com/companies/conifer,Least cost routing system to reduce 70%+ token spend,San Francisco,US,High,https://www.linkedin.com/company/coniferbuild/posts/?feedView=all,https://x.com/coniferbuild,Charles Muehlberger; Michael Jeffords,https://www.linkedin.com/in/charlesmuehl/; https://www.linkedin.com/in/michael-bryan-jeffords/,https://x.com/charles_v11; https://x.com/michaelbjeff,,No,4,No,,,Early,B2B
experiential-labs,Experiential Labs,Summer 2026,Active,https://experientiallabs.ai,experientiallabs.ai,https://www.ycombinator.com/companies/experiential-labs,Open source AI gateway that turns your traffic into better models,San Francisco,US,High,https://www.linkedin.com/company/experiential-labs/,https://x.com/explabsai,Kion Fallah; Silen Naihin,https://www.linkedin.com/in/kfallah; https://linkedin.com/in/silen-naihin,https://x.com/okfallah; https://twitter.com/silennai,,No,2,No,,,Early,B2B
edviro,Edviro,Summer 2026,Active,https://edviroenergy.com,edviroenergy.com,https://www.ycombinator.com/companies/edviro,AI That Operates Energy Infrastructure,San Francisco,US,High,https://www.linkedin.com/company/edviro,https://x.com/Edviro_energy,Hursh Shah; Tanuj Siripurapu,https://www.linkedin.com/in/hursh-shah/; https://www.linkedin.com/in/tanuj-siripurapu-747b58217/,https://x.com/hursheybar2; https://x.com/kstanuj,,No,2,No,,,Early,B2B
coarena,CoArena,Summer 2026,Active,http://coarena.ai,coarena.ai,https://www.ycombinator.com/companies/coarena,The biggest crowdsourced benchmark for Computer-Use,San Francisco,US,High,https://www.linkedin.com/company/coastyai,https://x.com/coastyai,Prateek Jannu; Nitish Kovuru,https://linkedin.com/in/prateekjannu; https://www.linkedin.com/in/nitish-kovuru-2423351b4,https://x.com/prateekjannu; https://x.com/llmhubdev,,No,2,No,,,Early,B2B
caution,Caution,Summer 2026,Active,https://caution.co,caution.co,https://www.ycombinator.com/companies/caution,Hosting platform for software you can't afford to have hacked,"George Town, Cayman Islands",KY,High,https://www.linkedin.com/company/cautionco,https://x.com/CautionHosting,Anton Livaja; Ksenia Lesko; Lance Vick,https://www.linkedin.com/in/alivaja/; https://www.linkedin.com/in/ksenialesko/; https://lance.dev,https://x.com/antonlivaja; https://x.com/xenush; ,,No,5,No,,,Early,B2B
magma,Magma,Summer 2026,Active,https://magmahq.ai,magmahq.ai,https://www.ycombinator.com/companies/magma,Monetize your agent's traces.,San Francisco,US,High,https://www.linkedin.com/company/magma-hq,,Ramtin Shahzanian,https://www.linkedin.com/in/ramtin-shahzanian/,https://x.com/42Ramtin,,No,1,No,,,Early,B2B
atomarine,Atomarine,Summer 2026,Active,https://atomarine.co,atomarine.co,https://www.ycombinator.com/companies/atomarine,Floating nuclear powered data centers at sea.,San Francisco,US,No,https://www.linkedin.com/company/atomarine,https://x.com/Atomarine_co,Dimitris Koutentakis; Emile Germonpre,https://www.linkedin.com/in/dkoutentakis/; https://www.linkedin.com/in/emile-germonpr%C3%A9-766045245/,https://x.com/_dkout; ,,No,2,No,,,Early,Industrials
billow-ai-labs,Billow AI Labs,Summer 2026,Active,https://thebillow.ai/,thebillow.ai,https://www.ycombinator.com/companies/billow-ai-labs,AI-native Accounting Firm that's killing Deloitte,San Francisco,US,High,https://www.linkedin.com/company/billow-ai/,,Joanathan McIntosh; Philip Moniaga,https://linkedin.com/in/joanathanlim; https://www.linkedin.com/in/philipmoniaga/,http://x.com/joanathanlmc; ,,No,,No,,,Early,B2B
hardware-intelligence,hardware intelligence,Summer 2026,Active,https://hardwareintelligence.ai,hardwareintelligence.ai,https://www.ycombinator.com/companies/hardware-intelligence,AI tools for the chips your AI runs on,San Francisco,US,High,https://www.linkedin.com/company/hardwareintelligence/,https://x.com/hwintelligence,Athreya Anand; Rishov Sarkar,https://www.linkedin.com/in/athreyaanand; https://www.linkedin.com/in/rishovsarkar/,https://x.com/athreyaanand; https://twitter.com/ArkaneMoose,,No,2,No,,,Early,B2B
osseus,Osseus,Summer 2026,Active,https://osseus.ai/,osseus.ai,https://www.ycombinator.com/companies/osseus,The frontier data platform for aligned health and biological AI,,,High,https://www.linkedin.com/company/osseus-intelligence,https://x.com/osseusinc,Anish Mariathasan; Ayush Patel,https://www.linkedin.com/in/anishmariathasan/; https://www.linkedin.com/in/ayush-patel4/,https://x.com/mariathasanish; ,,No,2,No,,,Early,B2B
allia-health,Allia Health,Summer 2026,Active,https://allia.health/,allia.health,https://www.ycombinator.com/companies/allia-health,AI-Native Medical Group for Mental Health,San Francisco,US,High,https://www.linkedin.com/company/alliahealth/,,Amie Leighton; Saroosh Khan,https://www.linkedin.com/in/amieleighton/; https://www.linkedin.com/in/saroosh-khan/,; https://x.com/sarooshkhan98,,No,3,Yes,,,Early,Healthcare
salem-robotics-inc,Salem Robotics Inc,Summer 2026,Active,https://salemroboticsinc.com,salemroboticsinc.com,https://www.ycombinator.com/companies/salem-robotics-inc,Deploying robots to replace workers in hazardous spaces,San Francisco,US,Medium,https://www.linkedin.com/company/salem-robotics/,https://x.com/salemroboticshq,Caleb Horan; Janak (Crasun) Panthi,https://www.linkedin.com/in/caleb-horan; https://www.linkedin.com/in/janak-panthi,; ,,No,2,No,0,,Early,Industrials
robocurve,Robocurve,Summer 2026,Active,https://robocurve.org,robocurve.org,https://www.ycombinator.com/companies/robocurve,Evals for robots,San Francisco,US,Medium,https://www.linkedin.com/company/robocurve/,https://x.com/robocurve,Jay Chooi,https://www.linkedin.com/in/jeqcho/,https://x.com/chooi_jeq,10000000,No,3,No,0,,Early,Industrials
hiloop,hiloop,Summer 2026,Active,https://hiloop.ai,hiloop.ai,https://www.ycombinator.com/companies/hiloop,Autoresearch as a service: we solve your hardest measurable problems,San Francisco,US,High,https://www.linkedin.com/company/hiloopai,https://x.com/hiloopai,Karan Brar; Thomas Boser,https://www.linkedin.com/in/brarkaran; https://linkedin.com/in/tboser,https://x.com/deepmatmul; https://x.com/thomasboser,,No,2,No,,,Early,B2B
cuebench,CueBench,Summer 2026,Active,https://cuebench.dev,cuebench.dev,https://www.ycombinator.com/companies/cuebench,RL post-training for science reasoning and performance engineering,San Francisco,US,High,,,Dillon Mehta; Neel Gadde; Rishan Hemrajani,https://www.linkedin.com/in/dillon-mehta-49aa2827b/; https://www.linkedin.com/in/neel-gadde-491880377/; https://www.linkedin.com/in/rishan-hemrajani-254bba292,https://x.com/PickleDilll_; https://x.com/neelapolitan?s=11; ,,No,3,No,,,Early,B2B
dawn-industries,Dawn Industries,Summer 2026,Active,https://www.dawnxr.com,dawnxr.com,https://www.ycombinator.com/companies/dawn-industries,Automatic Diagnosis & Fix for Industrial Automation Cells,San Francisco,US,High,https://www.linkedin.com/company/dawn-industries-inc/,,Joohyun (CJ) Cha; Robin Lee,https://linkedin.com/in/joohyun-cha; https://www.linkedin.com/in/robinlee02/,; ,,No,2,No,,,Early,Industrials
nex,Nex,Summer 2026,Active,https://nex.ai,nex.ai,https://www.ycombinator.com/companies/nex,AI for high volume GTM Engineering,San Francisco,US,High,https://www.linkedin.com/company/nexdotai/,https://x.com/nexdotai,Najmuzzaman (Nazz) Mohammad; Francisco Dias,https://linkedin.com/in/najmuzzaman; https://www.linkedin.com/in/frandias/,https://x.com/najmuzzaman; https://x.com/ffrandias,,No,5,No,,,Early,B2B
onecli,OneCLI,Summer 2026,Active,https://onecli.sh,onecli.sh,https://www.ycombinator.com/companies/onecli,The open source AI teammates for your company.,San Francisco,US,High,https://www.linkedin.com/company/onecli,,Jonathan Fishner; Guy Ben Aharon,https://www.linkedin.com/in/jonathanfishner; https://www.linkedin.com/in/guy-ben-aharon/,https://x.com/jonathanfishner; https://x.com/GuyBenAharon,,No,,No,,,Early,B2B
vernius-systems-inc,"Vernius Systems, Inc.",Summer 2026,Active,https://www.vernius.systems,vernius.systems,https://www.ycombinator.com/companies/vernius-systems-inc,Mass-deployable radars for air defense,San Francisco,US,Medium,https://www.linkedin.com/feed/update/urn:li:ugcPost:7497551262893383680/,https://x.com/Arthur_NC_/status/2091903458748375240,Arthur Nguyen-cao; Hisham El-Halabi; Joe Gonzalez,https://www.linkedin.com/in/arthur-nguyen-cao-690847146/; https://www.linkedin.com/in/hisham-el-halabi-001/; https://www.linkedin.com/in/jge-2a7937115/,https://x.com/Arthur_NC_; ; https://x.com/joegonzalez0886?s=11,,No,3,Yes,,,Early,Industrials
wondering,Wondering,Summer 2026,Active,https://wondering.app,wondering.app,https://www.ycombinator.com/companies/wondering,Duolingo for learning anything,San Francisco,US,High,https://www.linkedin.com/company/wondering-app,https://x.com/wonderingapp,Cheng-Wei Hu; Angelica Kosasih,https://www.linkedin.com/in/cwhu/; https://www.linkedin.com/in/angelica-kosasih/,https://x.com/HcwXd; https://x.com/aka_kosasih,,No,2,No,,,Early,Consumer
tracer,Tracer,Summer 2026,Active,https://tracerml.ai,tracerml.ai,https://www.ycombinator.com/companies/tracer,Combining open-source AI models for better answers at lower cost,San Francisco,US,High,https://www.linkedin.com/company/116774192/,https://x.com/tracerml,Adam Rida,https://www.linkedin.com/in/adam-rida-581296142/,https://x.com/_adamr_1,,No,1,No,,,Early,B2B
avoca-systems,Avoca Systems,Summer 2026,Active,https://avocasystems.com,avocasystems.com,https://www.ycombinator.com/companies/avoca-systems,The AI operating system for radiology networks,San Francisco,US,High,https://www.linkedin.com/company/avocasystems/,,Max Shand; Campbell Mercer-Butcher,https://www.linkedin.com/in/max-shand-700a3ab5/; https://www.linkedin.com/in/campbell-mercer-butcher,; ,,No,6,No,,,Early,Healthcare
subvysion,SubVysion,Summer 2026,Active,https://subvysion.com,subvysion.com,https://www.ycombinator.com/companies/subvysion,Autonomous rovers to make the ‘Google Maps’ of underground utilities,San Francisco,US,Medium,https://www.linkedin.com/company/subvysion/,,Maxwell Stone; Wenson Tang,https://www.linkedin.com/in/maxwell-stone-2b5b6b1a0?utm_source=share&utm_campaign=share_via&utm_content=profile&utm_medium=ios_app; https://www.linkedin.com/in/wenson-tang,; ,,No,2,No,,,Early,Real Estate and Construction
ethos-space-resources,Ethos Space Resources,Summer 2026,Active,https://ethos-space.com,ethos-space.com,https://www.ycombinator.com/companies/ethos-space-resources,"We make silicon on the Moon, to power everything in space.","Los Angeles, CA",US,No,https://www.linkedin.com/company/ethos-space/,https://x.com/ethosspace,Ross Centers; Brogan BamBrogan,https://www.linkedin.com/in/centers/; https://www.linkedin.com/in/brogan-bambrogan/,https://x.com/rosscenters; https://x.com/BamBrogan,,No,2,No,,,Early,Industrials
spaceflow-technologies-inc,"SpaceFlow Technologies, Inc.",Summer 2026,Active,https://spaceflow.tech,spaceflow.tech,https://www.ycombinator.com/companies/spaceflow-technologies-inc,AI-native procurement services for the physical economy,San Francisco,US,High,https://www.linkedin.com/company/spaceflow-yc-s26/,https://x.com/usespaceflow,Emre Isik; Hakan Enes Aksu; Ali Eren Aytekin,https://www.linkedin.com/in/emre-isik-6a88aa193/; https://www.linkedin.com/in/hakan-enes-aksu/; https://www.linkedin.com/in/ali-eren-aytekin-6305a41aa/,https://x.com/Emrre_isik; ; ,1000000,No,4,No,0,,Early,B2B
petrarch,Petrarch,Summer 2026,Active,https://petrarch.co/,petrarch.co,https://www.ycombinator.com/companies/petrarch,Internal industrial company data for frontier labs,San Francisco,US,High,https://www.linkedin.com/company/petrarchinc,https://x.com/petrarchinc?s=11,Ian Lee; Samuel Hahn; Sudhish Swain,https://www.linkedin.com/in/-ianlee; https://www.linkedin.com/in/samuelhahn9/; https://www.linkedin.com/in/sudhish-swain/,; ; ,,No,3,Yes,,,Early,B2B
locke,Locke,Summer 2026,Active,https://locke.inc,locke.inc,https://www.ycombinator.com/companies/locke,Locke powers agentic government work.,San Francisco,US,High,https://www.linkedin.com/company/lockeinc/?viewAsMember=true,https://x.com/lockeai_inc,Parth Badhwar,https://www.linkedin.com/in/parth-badhwar-8a8037189/,https://x.com/parth_badhwar,,No,2,Yes,,,Early,B2B
florin,Florin,Summer 2026,Active,https://florin.inc,florin.inc,https://www.ycombinator.com/companies/florin,Florin is an AI-native insurance company that runs autonomously,San Francisco,US,High,https://www.linkedin.com/company/florinhq/,https://x.com/florin_hq,Shaurya Aggarwal; Amol Pant; Aydin Sorensen,https://www.linkedin.com/in/shauryaagg; https://www.linkedin.com/in/amolpant/; https://linkedin.com/in/peterasorensen,https://x.com/shauryaagg; ; https://x.com/formerlypeter,,No,3,No,,,Early,Fintech
earendil-robotics,Earendil Robotics,Summer 2026,Active,https://earendil.io,earendil.io,https://www.ycombinator.com/companies/earendil-robotics,Drone swarm defence at a small-unit level,San Francisco,US,Medium,https://www.linkedin.com/company/earendil-robotics/,,James Walton; Dan Komorny,https://www.linkedin.com/in/james-walton-79b35339a/; https://www.linkedin.com/in/dan-komorny/,; ,,No,7,No,,,Early,Industrials
hebbian-robotics,Hebbian Robotics,Summer 2026,Active,https://hebbianrobotics.com/,hebbianrobotics.com,https://www.ycombinator.com/companies/hebbian-robotics,Automate Data Evaluations for Physical AI and Robotics,San Francisco,US,High,https://www.linkedin.com/company/hebbian-robotics/,https://x.com/hbr_pbc,Brandon Ong; Kingston Kuan,https://www.linkedin.com/in/ongjjbrandon; https://www.linkedin.com/in/kingston-kuan/,https://x.com/bdono_; https://x.com/kstonekuan,,No,2,No,,,Early,Industrials
princeps,PRINCEPS,Summer 2026,Active,https://princeps.dev,princeps.dev,https://www.ycombinator.com/companies/princeps,AI-native insurance company for the compute economy,"London, United Kingdom",GB,High,,,Conrad Frøyland Moe; Anya Trofimova,https://www.linkedin.com/in/conrad-frøyland-moe-7950b1229/; https://www.linkedin.com/in/anyatrofimova,; https://x.com/anya_trofimova7,,No,2,No,,,Early,Fintech
hop-aero,Hop Aero,Summer 2026,Active,https://hopaero.com,hopaero.com,https://www.ycombinator.com/companies/hop-aero,Rocket cargo delivery to contested environments,"Los Angeles, CA",US,No,https://www.linkedin.com/company/hop-aero/,,Matija Milenovic; Jacob Balaj,https://www.linkedin.com/in/matija-milenovic/; https://www.linkedin.com/in/jacob-balaj-6b4b061b5/,https://x.com/mat_milenovic; ,,No,6,No,,,Early,Industrials
openrelay,OpenRelay,Summer 2026,Active,https://www.openrelay.inc,openrelay.inc,https://www.ycombinator.com/companies/openrelay,"Distributed, hardware-agnostic AI inference",San Francisco,US,High,https://www.linkedin.com/company/openrelayinc/posts/,https://x.com/openrelayinc,Jaden Wang; Prashant Patel,https://www.linkedin.com/in/jaden-wang-b99327177/; https://www.linkedin.com/in/prashant182/,; ,,No,2,No,,,Early,B2B
dock,Dock,Summer 2026,Active,https://trydock.ai,trydock.ai,https://www.ycombinator.com/companies/dock,Multiplayer workspace for agents and humans,San Francisco,US,High,,,Mike Molinet; Govind Kavaturi,https://www.linkedin.com/in/mikemolinet/; https://www.linkedin.com/in/govindkavaturi/,https://x.com/mikemolinet; https://x.com/Govikavaturi,,No,2,No,,,Early,B2B
verdict-machine,Verdict Machine,Summer 2026,Active,https://verdictmachine.com,verdictmachine.com,https://www.ycombinator.com/companies/verdict-machine,AI cybersecurity for financial institutions' digital assets,"Tel Aviv-Yafo, Israel",IL,High,https://www.linkedin.com/company/verdict-machine/,,Dan Danay; Isaac Grossman; Liran Kogan,https://www.linkedin.com/in/dandanay/; https://www.linkedin.com/in/itzik-grossman; https://www.linkedin.com/in/liran-kogan/,; ; ,,No,4,No,,,Early,B2B
tovenai,TovenAI,Summer 2026,Active,https://toven.ai,toven.ai,https://www.ycombinator.com/companies/tovenai,AI agents for compliance at institutional trading firms,San Francisco,US,High,https://www.linkedin.com/company/tovenai/,,Batu Balci; Sam Turchetta,https://www.linkedin.com/in/batuhan-balci-7a3589114/; https://www.linkedin.com/in/sam-turchetta-b14311166/,https://x.com/batubbalci; ,,No,2,No,,,Early,Fintech
hyperprobe,HyperProbe,Summer 2026,Active,https://hyperprobe.co,hyperprobe.co,https://www.ycombinator.com/companies/hyperprobe,AI engineer that debugs and fixes production incidents in realtime,San Francisco,US,High,,,Shailendra Singh; Karan Raina,https://www.linkedin.com/in/shailendra-singh-6540b8b/; https://www.linkedin.com/in/karanraina/,; ,,No,8,No,,,Early,B2B
grip,Grip,Summer 2026,Active,https://www.griprobotics.ai,griprobotics.ai,https://www.ycombinator.com/companies/grip,Robots for waste manipulation,"Zürich, Switzerland",CH,Medium,https://www.linkedin.com/company/griprobotics,,Jonas Gruetter; Stanislaw Piasecki,https://www.linkedin.com/in/jonasgrutter/; https://www.linkedin.com/in/stanislaw-piasecki/,; ,,No,4,No,,,Early,Industrials
skymerse,Skymerse,Summer 2026,Active,https://skymerse.com,skymerse.com,https://www.ycombinator.com/companies/skymerse,Autopilot for Flight Operations,San Francisco,US,Medium,https://www.linkedin.com/company/skymerse,http://x.com/skymerse,Damian Szumski,https://www.linkedin.com/in/damian-szumski/,https://x.com/zaxrev,,No,,No,,,Early,Industrials
hubble-ai,Hubble,Summer 2026,Active,https://hubble.ai/,hubble.ai,https://www.ycombinator.com/companies/hubble-ai,AI-native retrieval engine for medical records,"Seattle, WA",US,High,https://www.linkedin.com/company/hubble-ai-health/,,Prabha Dublish; Aaron Leon,https://www.linkedin.com/in/prabhadublish/?skipRedirect=true; https://www.linkedin.com/in/aaronleon1/,https://x.com/prabhadublish; https://x.com/aaronleon_x,,No,2,No,,,Early,Healthcare
palisade,Palisade,Summer 2026,Active,https://palisade.run,palisade.run,https://www.ycombinator.com/companies/palisade,AI-native sales agents that run marketplaces,San Francisco,US,High,https://www.linkedin.com/company/palisader/,https://x.com/palisadelabs,Jonathan Salama,https://www.linkedin.com/in/jonathan-salama/,https://x.com/jonnysalama,,No,1,No,,,Early,B2B
83-sciences,83 Sciences,Summer 2026,Active,https://83sciences.ai,83sciences.ai,https://www.ycombinator.com/companies/83-sciences,AI-native materials discovery powered by unpublished experimental data,San Francisco,US,High,https://www.linkedin.com/company/83sciences.ai,https://x.com/83sciences,Ian Naccarella; Eric Riesel; Yankang Yang,https://www.linkedin.com/in/ian-naccarella; https://www.linkedin.com/in/eric-riesel; https://www.linkedin.com/in/yankangyang/,; https://x.com/ericriesel; ,,No,3,Yes,,,Early,Industrials
chromie,Chromie,Summer 2026,Active,https://chromie.dev,chromie.dev,https://www.ycombinator.com/companies/chromie,We help startups win gov contracts,San Francisco,US,High,https://www.linkedin.com/company/chromie-dev/,,Ananth Sankaralingam,https://www.linkedin.com/in/ananth-s/,https://x.com/_ananthhh,,No,2,No,,,Early,B2B
lamb-labs,Lamb Labs,Summer 2026,Active,http://lamb-labs.com,lamb-labs.com,https://www.ycombinator.com/companies/lamb-labs,Lightning fast chips with hardcoded AI models,San Francisco,US,High,https://www.linkedin.com/company/lamb-labs/,https://x.com/LambLabs,Niki Kotecha; Thomas Lanning,https://www.linkedin.com/in/niki-kotecha/; https://www.linkedin.com/in/thomas-lanning/,https://x.com/KotechaNiki; ,,No,,No,,,Early,B2B
shiraz-ai,Shiraz AI,Summer 2026,Active,https://shiraz.ai,shiraz.ai,https://www.ycombinator.com/companies/shiraz-ai,Robots that learn on the job,San Francisco,US,Medium,https://www.linkedin.com/company/shiraz-ai/,https://x.com/shiraz_ai,Navid Aghasadeghi; Mojtaba Mozaffar,https://linkedin.com/in/navid-aghasadeghi-356b077b; https://www.linkedin.com/in/mojtaba-mozaffar/,https://x.com/realnavida; https://x.com/MozaffarMojtaba,,No,2,No,,,Early,Industrials
mireye,Mireye,Summer 2026,Active,https://www.mireye.com/,mireye.com,https://www.ycombinator.com/companies/mireye,Search Engine for the Physical World,San Francisco,US,High,https://www.linkedin.com/company/mireye/,https://x.com/MireyeHQ,Ansh Chokshi,https://www.linkedin.com/in/ansh-chokshi/,https://x.com/ansh_chokshi,,No,2,No,0,,Early,B2B
touchy,Touchy,Summer 2026,Active,https://touchyapp.com,touchyapp.com,https://www.ycombinator.com/companies/touchy,AI iOS assistant that instantly uses voice and video to take action,San Francisco,US,High,https://www.linkedin.com/company/touchyapp/,https://x.com/touchyapp,Rohit Agarwal; Andrew Liu; Kevin Wang,https://www.linkedin.com/in/rohit-agarwal-b647951ba/; https://www.linkedin.com/in/andrew-liu-b50873261/; https://www.linkedin.com/in/kevinzhiwang/,https://x.com/Rohit_Writes; https://x.com/landrew7363; https://x.com/kevzwang,,No,3,No,,,Early,Consumer
derya,Derya,Summer 2026,Active,http://usederya.com,usederya.com,https://www.ycombinator.com/companies/derya,AI Brokers for Industrial Trade,San Francisco,US,High,https://www.linkedin.com/company/derya-maritime,,Mert Turna; Oguzhan Karaca,https://www.linkedin.com/in/mert-turna/; https://www.linkedin.com/in/oguzhan-karaca/,; ,,No,2,No,,,Early,B2B
pennant,Pennant,Summer 2026,Active,https://www.getpennant.ai,getpennant.ai,https://www.ycombinator.com/companies/pennant,The World Model for Corporate Governance,"New York City, NY",US,High,https://www.linkedin.com/company/pennant-ai,https://x.com/pennant_ai,Ryan Nowicki Stewart; Tomas Taylor,https://www.linkedin.com/in/ryan-nowicki-stewart/; https://www.linkedin.com/in/tomastaylor,https://x.com/rywicks; https://x.com/0xtotaylor,,No,2,Yes,,,Early,Fintech
decawork,Decawork,Summer 2026,Active,https://decawork.ai/,decawork.ai,https://www.ycombinator.com/companies/decawork,Training company-specific models that approve AI actions.,San Francisco,US,High,https://www.linkedin.com/company/decawork-ai/,https://twitter.com/decawork,Aman Raj; Sarthak Aggarwal,https://linkedin.com/in/aman-raj-84636a158; https://www.linkedin.com/in/sarthak-agg/,https://x.com/arxneo14; https://x.com/_sarthak4,,No,2,No,,,Early,B2B
carsignal,CarSignal,Summer 2026,Active,https://www.trycarsignal.com,trycarsignal.com,https://www.ycombinator.com/companies/carsignal,The AI Operating System for Auto Shops.,San Francisco,US,High,,,Michael Muzzin; Junaid Popalzai,https://www.linkedin.com/in/mmuzzin/; https://www.linkedin.com/in/junaid-popalzai-8b3753273,https://x.com/muzzin_michael; ,,No,2,No,,,Early,B2B
axelrod,Axelrod,Summer 2026,Active,https://axelrodlabs.com/,axelrodlabs.com,https://www.ycombinator.com/companies/axelrod,Hotels that run themselves,San Francisco,US,High,https://www.linkedin.com/company/axelrod-labs/,,Adrian Lucas Tariel Stoica; Saman Sayahpour,https://www.linkedin.com/in/stoicaadrian/; https://www.linkedin.com/in/sayahpour/,https://x.com/AdrianLTStoica; https://www.x.com/samansayahpour,,No,2,No,,,Early,B2B
levocred-ai,Levocred AI,Summer 2026,Active,https://levocred.com/,levocred.com,https://www.ycombinator.com/companies/levocred-ai,The Bloomberg of Loans,San Francisco,US,High,https://www.linkedin.com/company/levocred-ai,,Mohit Gupta; Saksham Gupta,https://www.linkedin.com/in/guptamohit2299/; https://www.linkedin.com/in/gupsak,https://x.com/gupta_m0hit; ,,No,2,No,,,Early,Fintech
praxis-robotics,Praxis Robotics,Summer 2026,Active,https://www.praxisrobotics.io,praxisrobotics.io,https://www.ycombinator.com/companies/praxis-robotics,Turns real businesses into robotics data vendors,San Francisco,US,Medium,https://www.linkedin.com/company/130274179/admin/dashboard/,,Rohan Seelamsetty; Dev Karpe; Tommy Li,https://www.linkedin.com/in/rohan-s-1186b2214?utm_source=share&utm_campaign=share_via&utm_content=profile&utm_medium=ios_app; https://www.linkedin.com/in/dev-karpe; https://www.linkedin.com/in/tommyli-penn/,https://x.com/ro_seelamsetty; ; ,,No,3,No,,,Early,Industrials
care-gp,Care GP,Summer 2026,Active,https://caregp.com.au/,caregp.com.au,https://www.ycombinator.com/companies/care-gp,AI agents to run primary healthcare operations,"Sydney, Australia",AU,High,https://www.linkedin.com/company/caregp,,Melvin Chen,https://www.linkedin.com/in/melvinchen/,https://x.com/mchenofficial,,No,10,No,,,Early,Healthcare
radley,Radley,Summer 2026,Active,https://radley.health/,radley.health,https://www.ycombinator.com/companies/radley,The AI-native radiology practice,San Francisco,US,High,https://www.linkedin.com/company/radley-ai/,https://x.com/RadleyAI,Maryam Jahed; Seak Meng Lay,https://linkedin.com/in/maryamjahed; https://www.linkedin.com/in/seakmenglay/,https://twitter.com/MaryamJM; ,,No,2,No,,,Early,Healthcare
agnost-ai,Agnost AI,Summer 2026,Active,https://agnost.ai,agnost.ai,https://www.ycombinator.com/companies/agnost-ai,"We find where AI agents fail, then train better models to run them.",San Francisco,US,High,https://linkedin.com/company/agnostai,https://x.com/agnostai,Shubham Palriwala; Parth Ajmera,https://www.linkedin.com/in/shubhampalriwala/; https://www.linkedin.com/in/parthajmera/,https://x.com/ShubhamInTech; https://x.com/prrthh132,,No,2,No,,,Early,B2B
agentcard,Agentcard,Summer 2026,Active,https://agentcard.sh,agentcard.sh,https://www.ycombinator.com/companies/agentcard,cards for AI agents,San Francisco,US,High,,,Karen Serfaty; Felipe Abello,https://www.linkedin.com/in/keyserfaty/; https://linkedin.com/in/pipe-abello-2512b9195,https://twitter.com/keyserfaty; https://twitter.com/PipeAbellos,,No,,No,,,Early,Fintech
provenmetal,ProvenMetal,Summer 2026,Active,https://provenmetal.com,provenmetal.com,https://www.ycombinator.com/companies/provenmetal,AI-native electronics manufacturing for the American industrial base,San Francisco,US,High,https://linkedin.com/company/provenmetal,https://x.com/provenmetal,Johnny Doyle; Will Carkner,https://www.linkedin.com/in/johnny-doyle-69022718a/; https://www.linkedin.com/in/will-carkner-518b77228/,https://x.com/jdoyleirl; https://x.com/CarknerWill,,No,4,Yes,,,Early,Industrials
gamgee,Gamgee,Summer 2026,Active,https://gamgee.io/,gamgee.io,https://www.ycombinator.com/companies/gamgee,Curing cancer. Starting with dogs.,San Francisco,US,High,https://www.linkedin.com/company/109672135,,Paul Conyngham,https://www.linkedin.com/in/paustevenlconyngham/,https://x.com/paul_conyngham,,No,2,No,,,Early,Healthcare
inkbox,Inkbox,Summer 2026,Active,https://inkbox.ai,inkbox.ai,https://www.ycombinator.com/companies/inkbox,The identity and communication layer for AI agents,San Francisco,US,High,https://www.linkedin.com/company/inkbox-ai,https://x.com/inkbox_ai,Ray Liao; Dima Vremenko; Alex Wilcox,https://www.linkedin.com/in/ruizhi-liao/; https://www.linkedin.com/in/dimavrem/; https://www.linkedin.com/in/alxwlcx,https://x.com/rayruizhiliao; https://x.com/DVremenko; https://x.com/alxwlcx,,No,3,No,,,Early,B2B
cosmic-robotics,Cosmic Robotics,Summer 2026,Active,https://www.cosmicrobotics.com/,cosmicrobotics.com,https://www.ycombinator.com/companies/cosmic-robotics,Autonomous construction on Earth and beyond,San Francisco,US,Medium,https://www.linkedin.com/company/cosmic-robotics/,https://x.com/cosmic_robotics,James Emerick; Lewis Jones,https://linkedin.com/in/jamesemerick; https://linkedin.com/in/lewis-c-jones,https://x.com/JamesAEmerick; https://x.com/thelcjones,4350000,No,8,No,0,,Early,Industrials
markov,Markov,Summer 2026,Active,https://www.markovstudios.com/,markovstudios.com,https://www.ycombinator.com/companies/markov,Expert computer-use data for frontier AI labs,San Francisco,US,High,https://www.linkedin.com/company/markov-artificial-intelligence/,https://x.com/markov_labs,Dev Mandal; Harish Ashok,https://www.linkedin.com/in/dev-mandal-iitm/; https://www.linkedin.com/in/harish-ashok,https://x.com/DevvMandal; https://x.com/harishashok,,No,2,No,,,Early,B2B
familiar,Familiar,Summer 2026,Active,https://thefamiliarlab.com,thefamiliarlab.com,https://www.ycombinator.com/companies/familiar,Movies in Every Language. Better than Humans.,"Toronto, Canada",CA,High,https://linkedin.com/company/thefamiliarlab,,An Zhu Liu; Mingi Kwon; Xu Zheng,https://www.linkedin.com/in/an-zhu; https://www.linkedin.com/in/kwonmingi; https://www.linkedin.com/in/xu-zheng-3185642a6/,https://x.com/an_zhu_liu; ; ,,No,8,No,,,Early,B2B
lumeria,Lumeria,Summer 2026,Active,https://lumeria.skin,lumeria.skin,https://www.ycombinator.com/companies/lumeria,Oura Ring for Skin,San Francisco,US,High,https://linkedin.com/lumeriaskin,https://x.com/LumeriaSkin,Maryanne Alhallak; Anthea Guo,https://www.linkedin.com/in/maryanne-alhallak-33b250241; https://www.linkedin.com/in/anthea-guo,https://x.com/malhalla06; https://x.com/theantheaguo,,No,3,No,,,Early,Healthcare
marengo,Marengo,Summer 2026,Active,https://marengox.com,marengox.com,https://www.ycombinator.com/companies/marengo,AI-Native Engineering Firm designing Data Centers ,San Francisco,US,High,https://www.linkedin.com/company/marengox,,Emil Ares; Gad Marconi,https://www.linkedin.com/in/emil-ares; https://www.linkedin.com/in/gad-marconi,https://x.com/emilares; https://x.com/gadmarconi,,No,2,No,,,Early,Industrials
ronanrx-inc,RonanRx Inc.,Summer 2026,Active,https://ronanrx.com/,ronanrx.com,https://www.ycombinator.com/companies/ronanrx-inc,Full Stack Pharmaceutical Company for Personalized Peptides and GLP-1s,San Francisco,US,High,https://www.linkedin.com/company/ronanrx/,https://x.com/Ronan_RX,Lloyd Armbrust; Emily Colman,https://www.linkedin.com/in/lloydarmbrust/; https://www.linkedin.com/in/emcolman?utm_source=share_via&utm_content=profile&utm_medium=member_ios,https://x.com/larmbrust; https://x.com/emilyrcolman?s=11&t=ctOmnMNv7bFv0OBgXfv_0g,,No,5,No,,,Early,Healthcare
waybill,Waybill,Summer 2026,Active,https://www.waybill.to/,waybill.to,https://www.ycombinator.com/companies/waybill,Agentic procurement & inventory for deep tech teams.,"Gurugram, India",IN,High,https://www.linkedin.com/company/waybill-inc,,Rishi Laddha; Tushar Goyal,https://www.linkedin.com/in/rishiladdha; https://www.linkedin.com/in/thetushargoyal/,; https://x.com/thetushargoyal,,No,3,No,,,Early,B2B
executor,Executor,Summer 2026,Active,https://executor.sh,executor.sh,https://www.ycombinator.com/companies/executor,The open source tool gateway,San Francisco,US,High,,https://x.com/executorsh,Rhys Sullivan,https://www.linkedin.com/in/rhyssullivan/,https://x.com/RhysSullivan,,No,1,No,,,Early,B2B
last-accounting-company,Last Accounting Company,Summer 2026,Active,https://lastaccountingcompany.com/,lastaccountingcompany.com,https://www.ycombinator.com/companies/last-accounting-company,AI-native accounting firm.,"Helsinki, Finland",FI,High,https://www.linkedin.com/company/lastaccountingcompany,,Sami Laakkonen; Riki Karjalainen; Veikko Pere; Pietari Virkkunen,https://www.linkedin.com/in/sami-laakkonen/; https://www.linkedin.com/in/riki-karjalainen-22a612189; https://www.linkedin.com/in/veikkopere/; https://www.linkedin.com/in/pietarivirkkunen/,https://x.com/samilaa; ; ; ,,No,4,No,,,Early,B2B
pacific,Pacific,Summer 2026,Active,https://pacific.space,pacific.space,https://www.ycombinator.com/companies/pacific,Mass-producing and financing micro data center incredibly quickly.,San Francisco,US,Medium,https://www.linkedin.com/company/pacific-compute,,Harper Dammann Smith,https://www.linkedin.com/in/harper-dammann-smith/,https://x.com/harperdammann?s=21,,No,6,No,,,Early,Industrials
luca-iq,Luca IQ,Summer 2026,Active,https://lucaiq.com/,lucaiq.com,https://www.ycombinator.com/companies/luca-iq,API-first tax engine for CPA firms and developers,San Francisco,US,High,https://www.linkedin.com/company/lucaiq,,Angelo Policicchio; Akash Sadashivapeth,https://www.linkedin.com/in/angelo-policicchio; https://www.linkedin.com/in/akash-sadashivapeth/,; ,,No,5,Yes,,,Early,B2B
financial-datasets,Financial Datasets,Summer 2026,Active,https://financialdatasets.ai/,financialdatasets.ai,https://www.ycombinator.com/companies/financial-datasets,Connect your agents to the stock market ,"New York City, NY",US,High,https://www.linkedin.com/company/financial-datasets,https://x.com/findatasets,Virat Singh,https://www.linkedin.com/in/singhvirat/,http://twitter.com/virattt,,No,1,No,,,Early,B2B
trynearby,TryNearby,Summer 2026,Active,https://trynearby.com,trynearby.com,https://www.ycombinator.com/companies/trynearby,Local creators for local businesses,"Los Angeles, CA",US,High,https://www.linkedin.com/company/trynearby,https://www.x.com/trynearby_,Yousef Abdelfattah; Obaida Albaroudi; Ahmad Ibrahim,https://www.linkedin.com/in/yousef-abdelfattah-b0906b336/; https://www.linkedin.com/in/obaida-a-b7b366279; https://www.linkedin.com/in/ahmibrahim97/,https://x.com/fazeapex; ; ,,No,5,Yes,,,Early,B2B
computable,Computable,Summer 2026,Active,https://getcomputable.com,getcomputable.com,https://www.ycombinator.com/companies/computable,Derivatives Exchange for Compute,"New York City, NY",US,High,,https://x.com/getcomputable,,,,,No,2,No,,,Early,Fintech
denta,Denta,Summer 2026,Active,https://denta.com,denta.com,https://www.ycombinator.com/companies/denta,Dental Insurance,San Francisco,US,High,https://www.linkedin.com/company/trydenta/,https://x.com/jackbeecher23,Jack Beecher,https://www.linkedin.com/in/jack-beecher-459a13180,https://x.com/jackbeecher23,,No,1,Yes,,,Early,Fintech
isengard-industries-inc,Isengard Industries Inc,Summer 2026,Active,http://isengardindustries.com/,isengardindustries.com,https://www.ycombinator.com/companies/isengard-industries-inc,Mass-produced AI strike systems and Counter-UAS,San Francisco,US,High,https://www.linkedin.com/company/isengard-industries/,,Francisco Serra-Martins; James Tennant,https://www.linkedin.com/in/franciscoserramartins/; https://www.linkedin.com/in/jamesjtennant/,https://x.com/FranciscoSerraM; ,,No,30,No,,,Early,Industrials
ekho-labs,Ekho Labs,Summer 2026,Active,https://ekholabs.com/,ekholabs.com,https://www.ycombinator.com/companies/ekho-labs,World Model for Freight,"New York City, NY",US,High,https://www.linkedin.com/company/ekho-labs,https://x.com/ekholabs,Alina Park,https://www.linkedin.com/in/alinapark/,https://x.com/olenyapark,,No,,No,,,Early,B2B
moving-atoms,Moving Atoms,Summer 2026,Active,https://movingatoms.ai/,movingatoms.ai,https://www.ycombinator.com/companies/moving-atoms,Virtual Reality for Training Robots,San Francisco,US,Medium,,,Shehryar Saroya; Ahmad Saroya,https://linkedin.com/in/shehryar-saroya; https://www.linkedin.com/in/ahmad-saroya-a05400237/,https://x.com/SaroyaShehryar; ,,No,2,No,,,Early,Industrials
vestris,Vestris,Summer 2026,Active,https://vestris.ai/,vestris.ai,https://www.ycombinator.com/companies/vestris,AI native platform for real estate closings,San Francisco,US,High,https://www.linkedin.com/company/119274035,,Joshua Tang; Aahil Valliani,https://www.linkedin.com/in/joshua-tang-449717279/; https://www.linkedin.com/in/aahil-valliani,https://x.com/joshtang07; https://x.com/aahil__val,,No,2,No,,,Early,Real Estate and Construction
ultrasonium,Ultrasonium,Summer 2026,Active,https://ultrasonium.com/,ultrasonium.com,https://www.ycombinator.com/companies/ultrasonium,"Metal manufacturing, faster, cheaper, and more versatile.",Boston,US,Medium,https://www.linkedin.com/company/ultrasonium/,https://x.com/Ultrasonium,Jack Qiu; Hunter Brown; Chris Carter; Alexander Urbanski,https://www.linkedin.com/in/jack-q-a1b81546/; https://www.linkedin.com/in/hunterpbrown/; https://www.linkedin.com/in/christopher-p-carter/; https://www.linkedin.com/in/aurban42/,; ; ; https://x.com/urban_alex42,,No,5,No,,,Early,Industrials
arbital,Arbital,Summer 2026,Active,https://www.arbital.xyz,arbital.xyz,https://www.ycombinator.com/companies/arbital,"The social trading app for stocks, memes, and perps",San Francisco,US,High,https://www.linkedin.com/company/arbitalxyz/,https://x.com/arbital_xyz,Karon Pangestu; Steven Mulyawan; Vincent Owen Toniwan,https://www.linkedin.com/in/pangestukaron/; https://www.linkedin.com/in/steven-mulyawan-974ab7252?utm_source=share_via&utm_content=profile&utm_medium=member_ios; https://www.linkedin.com/in/vincent-owen-202a9821a/,https://x.com/pangestu_karon; https://x.com/0xstevezilla; https://x.com/0xvincent_eth,,No,3,No,,,Early,Fintech
pokerclubhub,PokerClubHub,Summer 2026,Active,https://www.pokerclubhub.com,pokerclubhub.com,https://www.ycombinator.com/companies/pokerclubhub,Host a Poker Club and Make Money,"Jaco, Costa Rica",CR,Medium,,https://x.com/pokerclubhub,,,,,No,,No,,,Early,Consumer
neuron-industries,Neuron Industries,Summer 2026,Active,https://neuronindustries.com,neuronindustries.com,https://www.ycombinator.com/companies/neuron-industries,Industrial Controllers built for AI,"Los Angeles, CA",US,High,https://www.linkedin.com/company/neuron-industries-1,,Dennis Ren; Kenneth Rhee,https://www.linkedin.com/in/dennisren/; https://www.linkedin.com/in/kennethrhee/,; https://x.com/kenneth_rhee,,No,2,No,,,Early,Industrials
neuromorphic,Neuromorphic,Summer 2026,Active,https://www.neuromorphic.vision/,neuromorphic.vision,https://www.ycombinator.com/companies/neuromorphic,Building robots to automate wetlabs,San Francisco,US,Medium,https://www.linkedin.com/company/neuromorphic-vision,,Vatan Aksoy Tezer; Ege Doganay; Cem Toker,https://www.linkedin.com/in/vatanaksoytezer/; https://www.linkedin.com/in/ege-doganay/; https://www.linkedin.com/in/cem-seref-toker,; https://x.com/_doganay_ege; ,,No,3,Yes,,,Early,Industrials
lato,LATO,Summer 2026,Active,https://www.latolabs.io/,latolabs.io,https://www.ycombinator.com/companies/lato,Predict how market participants behave,San Francisco,US,High,https://www.linkedin.com/company/lato,https://x.com/lato_ai,Tymek Staniszewski; Tien Chu,https://www.linkedin.com/in/tymeks/; https://www.linkedin.com/in/chutien/,https://x.com/tymek_st; ,,No,2,No,,,Early,B2B
risklytics,Risklytics,Summer 2026,Active,https://www.risklytics.ai/,risklytics.ai,https://www.ycombinator.com/companies/risklytics,AI-Native Insurance for Frontier Tech,San Francisco,US,High,https://www.linkedin.com/company/risklytics,https://x.com/Risklytics,Samuel Gold; Alexander Risio,https://www.linkedin.com/in/samuelggold; https://www.linkedin.com/in/alexanderrisio/,https://x.com/SamGGld; https://x.com/alexrisio,,No,2,No,,,Early,Fintech
daqstra,Daqstra,Summer 2026,Active,https://www.daqstra.com,daqstra.com,https://www.ycombinator.com/companies/daqstra,AI-native test infrastructure layer for hardware companies,San Francisco,US,High,https://www.linkedin.com/company/daqstra/,https://x.com/daqstra,Darell Chua; Anchit Kumar,https://www.linkedin.com/in/darell-chua/; https://www.linkedin.com/in/anchitk/,https://x.com/heyitsdarell; https://x.com/anchit__kumar,,No,3,No,,,Early,B2B
tenor,Tenor,Summer 2026,Active,https://heytenor.com/,heytenor.com,https://www.ycombinator.com/companies/tenor,Infrastructure for building and scaling AI-native businesses.,San Francisco,US,High,https://www.linkedin.com/company/heytenor/,https://x.com/agentemployees,Hamze Al-Zamkan; Amgad Al-Zamkan; Muhtasham Oblokulov,https://www.linkedin.com/in/hamze-al-zamkan/; https://www.linkedin.com/in/amgad-al-zamkan/; https://www.linkedin.com/in/muhtasham/,; ; https://x.com/Muhtasham9,,No,3,No,,,Early,B2B
qlo,Qlo,Summer 2026,Active,https://www.getqlo.com/,getqlo.com,https://www.ycombinator.com/companies/qlo,Legora for commercial insurance carriers,San Francisco,US,High,https://www.linkedin.com/company/getqlo/,,Ryan Hu; Liv Huang,https://www.linkedin.com/in/chenshuohu/; https://www.linkedin.com/in/livhg,https://x.com/hcsfox; ,,No,2,No,,,Early,Fintech
fabraix,Fabraix,Summer 2026,Active,https://fabraix.com,fabraix.com,https://www.ycombinator.com/companies/fabraix,The world's frontier hacker of AI agents.,San Francisco,US,High,https://www.linkedin.com/company/fabraix/,https://x.com/FabraixHQ,Ahmed Aly; Ibrahim Abdu,https://www.linkedin.com/in/ahmed-a-657264b4/; https://www.linkedin.com/in/i-a-7352b7137/,https://x.com/zachdotai; ,,No,2,No,,,Early,B2B
omanta,Omanta,Summer 2026,Active,https://omanta.com/,omanta.com,https://www.ycombinator.com/companies/omanta,A research lab for one,San Francisco,US,High,https://www.linkedin.com/company/omanta/,https://x.com/Omantahealth,Alfredo Gonzalez; Ranad Humeidi,https://www.linkedin.com/in/alfredo-gonzalez-phd/; https://www.linkedin.com/in/rhumeidi,; https://x.com/Ranadhumeidi,,No,6,No,,,Early,Healthcare
rational,Rational,Summer 2026,Active,https://rational.to,rational.to,https://www.ycombinator.com/companies/rational,First Zero-human Accounting Firm,San Francisco,US,High,https://www.linkedin.com/company/rationalto,https://x.com/RationalDotTo,Jibril Moinuddin; Christ Xu,https://www.linkedin.com/in/jibril-moinuddin-32702b271/; https://www.linkedin.com/in/christ-xu-687868298,https://x.com/JibrilAsif; ,,No,2,Yes,,,Early,B2B
aktoria-robotics,Aktoria Robotics,Summer 2026,Active,https://aktoria.com/,aktoria.com,https://www.ycombinator.com/companies/aktoria-robotics,Human as API for robots,San Francisco,US,Medium,https://www.linkedin.com/company/aktoria-robotics,,Jaskaran Singh Walia; Shreenabh Agrawal,https://www.linkedin.com/in/jaskaranwalia; https://www.linkedin.com/in/shreenabh/,https://x.com/karanwxliaa; https://x.com/ShreenabhA,,No,2,Yes,,,Early,Industrials
vendo,Vendo,Summer 2026,Active,https://vendo.run/,vendo.run,https://www.ycombinator.com/companies/vendo,Let your users build their own features on top of your product,San Francisco,US,High,https://www.linkedin.com/company/runvendo/,https://x.com/runvendo,Nour Zahzah; Yousef Helal,https://www.linkedin.com/in/nourzahzah; https://linkedin.com/in/yousef-helal,https://x.com/nourzahzah; https://x.com/yousefhll,,No,2,No,,,Early,B2B
akon-labs,Akon Labs,Summer 2026,Active,https://akonlabs.com,akonlabs.com,https://www.ycombinator.com/companies/akon-labs,Databricks for Enterprise Codebases,San Francisco,US,High,https://www.linkedin.com/company/akon-labs/,,Subham Kundu,https://linkedin.com/in/subham-kundu-2746b515b,,,No,2,No,,,Early,B2B
click,Click,Summer 2026,Active,https://www.useclick.ai,useclick.ai,https://www.ycombinator.com/companies/click,Research services for ChatGPT and Claude,San Francisco,US,High,https://www.linkedin.com/company/use-click,https://x.com/useclick_ai,Aditya Asgaonkar,https://www.linkedin.com/in/aditya-asgaonkar/,https://x.com/adiasg,,No,1,No,,,Early,B2B
whitespace,Whitespace,Summer 2026,Active,https://whitespacehq.ai/,whitespacehq.ai,https://www.ycombinator.com/companies/whitespace,AI Operating System for Wholesale Distribution,San Francisco,US,High,https://www.linkedin.com/company/whitespaceai,https://x.com/whitespacehqai,Alex Tung; Leon Yao,https://www.linkedin.com/in/alexyctung/; https://www.linkedin.com/in/linghong-yao/,https://x.com/alexytung; ,,No,2,No,,,Early,B2B
almanac,Almanac,Summer 2026,Active,https://usealmanac.com,usealmanac.com,https://www.ycombinator.com/companies/almanac,Organizing company knowledge,San Francisco,US,High,https://www.linkedin.com/company/usealmanac/,https://x.com/usealmanac,Rohan Sharma; Kushagra Chitkara; Divit Sheth,https://www.linkedin.com/in/rohan-sharma-b6275219b/; https://www.linkedin.com/in/kushagra-chitkara-2b3226192; https://www.linkedin.com/in/divit-sheth/,https://x.com/rohansharma0509; https://x.com/kushagrchitkar; https://x.com/divitsheth007,,No,3,No,,,Early,B2B
tarebio,TareBio,Summer 2026,Active,https://tarebio.com/,tarebio.com,https://www.ycombinator.com/companies/tarebio,Vaccines for any cancer or infection in weeks.,San Francisco,US,No,https://www.linkedin.com/company/tarebio/,,Eta Atolia,https://www.linkedin.com/in/eta-atolia/,https://x.com/eatolia,,No,1,No,,,Early,Healthcare
greypoint-industries,Greypoint Industries,Summer 2026,Active,https://greypointindustries.com/,greypointindustries.com,https://www.ycombinator.com/companies/greypoint-industries,Building drone swarms that hunt hidden enemies.,San Francisco,US,Medium,https://www.linkedin.com/company/greypoint-industries/?viewAsMember=true,https://x.com/Greypoint_,Darcy Zhang; Nic Chu; Jordan Khoo; Steven Xu,https://www.linkedin.com/in/darcy-zhang-021134243/; https://www.linkedin.com/in/nicchu/; https://www.linkedin.com/in/jordankh00/; https://www.linkedin.com/in/sxu22/,; ; ; ,,No,4,No,,,Early,Industrials
hilstart,Hilstart,Summer 2026,Active,https://hilstart.io/,hilstart.io,https://www.ycombinator.com/companies/hilstart,Autonomous Hardware Testing,San Francisco,US,Medium,,,William A'court; Simon Alexander; Rahul Bhati; Josh Schoeman,https://www.linkedin.com/in/william-acourt; https://www.linkedin.com/in/simon-alexander-8045a685/; https://www.linkedin.com/in/rahulbhati240p/; https://www.linkedin.com/in/joshua-schoeman-167a5b211/,; ; ; https://x.com/Formula_Josh,,No,,No,0,,Early,Industrials
aerogen-systems,Aerogen Systems,Summer 2026,Active,https://www.aerogensystems.com/,aerogensystems.com,https://www.ycombinator.com/companies/aerogen-systems,Modernizing Chip Manufacturing Infrastructure,"Ann Arbor, MI",US,No,https://www.linkedin.com/company/aerogen-systems-company/,https://x.com/AerogenSystems,Noah Vogel; Colin Lavery,https://www.linkedin.com/in/noahvogel/; https://www.linkedin.com/in/colin-lavery-67b7512a3/,; ,,No,4,No,,,Early,Industrials
graphify-labs,Graphify Labs,Summer 2026,Active,https://www.graphify.com/,graphify.com,https://www.ycombinator.com/companies/graphify-labs,On-device Knowledge Graph engine for Enterprise Software,San Francisco,US,High,https://www.linkedin.com/company/graphify-labs,https://x.com/graphify,Safi Shamsi,https://www.linkedin.com/in/safi-shamsi/,https://x.com/safishamsii?s=21,,No,1,No,,,Early,B2B
ooak-data,Ooak Data,Summer 2026,Active,https://ooakdata.com/,ooakdata.com,https://www.ycombinator.com/companies/ooak-data,We turn company data into training data,San Francisco,US,High,https://www.linkedin.com/company/107463604,https://x.com/Ooakdata,Pierre-Louis Vouteau; Thomas Aubry,https://www.linkedin.com/in/pierre-louis-vouteauau-15a06566/; https://www.linkedin.com/in/thomaub,https://x.com/PLouisV; https://x.com/ThomAub,,No,5,Yes,,,Early,B2B
nori,Nori,Fall 2025,Active,https://nori.ai,nori.ai,https://www.ycombinator.com/companies/nori,AI health coach in your pocket,"New York City, NY",US,Medium,https://linkedin.com/company/nori,https://twitter.com/NoriDotAi,Dave Zohrob; Harish Agarwal,https://www.linkedin.com/in/dzohrob/; https://www.linkedin.com/in/harish-p-agarwal/,https://x.com/dzohrob; https://x.com/smock,,No,3,No,,,Early,Healthcare
6thsense,6thSense,Summer 2026,Active,https://6thsense.dev,6thsense.dev,https://www.ycombinator.com/companies/6thsense,Nervous System for Physical AI,San Francisco,US,High,https://www.linkedin.com/company/6thsenseai,,James Baek; Ronak Agarwal; Alex Hyungwoo Noh; Matt Wulff,https://www.linkedin.com/in/james-baek1/; https://linkedin.com/in/ronak-agarwal9; https://www.linkedin.com/in/hyungwoonoh/; https://www.linkedin.com/in/makeitmatto/,; https://x.com/ronakgt; ; https://x.com/makeitmatto,658115,No,4,No,0,,Early,Industrials
bloomy,Bloomy,Summer 2026,Active,https://bloomylearning.com/,bloomylearning.com,https://www.ycombinator.com/companies/bloomy,AI-native learning for every school,San Francisco,US,High,https://www.linkedin.com/company/bloomy-yc-s26/,https://www.x.com/bloomylearning,Alex Southmayd,https://www.linkedin.com/in/alex-southmayd/,https://x.com/alexsouthmayd,,No,1,Yes,,,Early,Education
machine0,machine0,Summer 2026,Active,https://machine0.io,machine0.io,https://www.ycombinator.com/companies/machine0,AWS for Agents,San Francisco,US,High,https://www.linkedin.com/company/machine0,https://x.com/machine__0,Barnaby Malet,https://www.linkedin.com/in/barnabymalet/,https://x.com/barnabymalet,,No,1,No,,,Early,B2B
talentpluto,Pluto,Summer 2026,Active,https://talentpluto.com,talentpluto.com,https://www.ycombinator.com/companies/talentpluto,LinkedIn for agents,San Francisco,US,High,https://www.linkedin.com/company/talentpluto-inc,https://x.com/talentpluto,Sahil Seth; Maki Potamianos; Tony Xavier,https://linkedin.com/in/sahilseth9; https://www.linkedin.com/in/michaelpotamianos/; https://linkedin.com/in/tony-xavier,https://x.com/sahil_seth9; https://x.com/Maki_Potamianos; https://x.com/TonyXavier_,,No,5,No,,,Early,B2B
flowmanual,FlowManual,Summer 2026,Active,https://flowmanual.com/,flowmanual.com,https://www.ycombinator.com/companies/flowmanual,AI for Construction's Back Office,San Francisco,US,High,https://www.linkedin.com/company/flowmanual/,,David Shijoon Bae; Michael Lin,https://www.linkedin.com/in/shijoonbae/; https://www.linkedin.com/in/itsmichaellin,; https://x.com/immichaellin,,No,2,No,,,Early,Real Estate and Construction
elite,Elite,Summer 2026,Active,https://elitehq.ai/,elitehq.ai,https://www.ycombinator.com/companies/elite,Healthcare AI,"New York City, NY",US,High,https://www.linkedin.com/company/this-is-elite,https://x.com/Stratum_Inc,Raj Jagiasi; Vihaan Jagiasi,https://www.linkedin.com/in/raj-jagiasi/; https://www.linkedin.com/in/vihaanjagiasi/,https://x.com/raj_jagiasi; https://x.com/VihaanJagiasi,,No,2,No,,,Early,Healthcare
peer,Peer,Summer 2026,Active,https://peer-freight.com,peer-freight.com,https://www.ycombinator.com/companies/peer,AI-native freight brokerage,San Francisco,US,High,,,Aaron Zhang; Felix Peng,https://www.linkedin.com/in/aaronttzhang/; https://www.linkedin.com/in/felixpeng24/,; ,,No,2,No,,,Early,B2B
molagri,Molagri,Summer 2026,Active,https://molagri.com,molagri.com,https://www.ycombinator.com/companies/molagri,Resistance free pesticides.,"Toronto, Canada",CA,No,https://www.linkedin.com/company/molagri,,Zaky Hassan; Min Jin,https://www.linkedin.com/in/zaky-hassan/; https://www.linkedin.com/in/min-jin-ca/,; ,,No,4,No,,,Early,Industrials
cerenovus,Cerenovus,Summer 2026,Active,https://www.cerenovus.ai/,cerenovus.ai,https://www.ycombinator.com/companies/cerenovus,AI that finds value creation opportunities across enterprise…,San Francisco,US,High,https://www.linkedin.com/company/cerenovus-ai/,https://x.com/Cerenovusai,,,,,No,5,No,,,Early,B2B
agency-tool-company,Agency Tool Company,Summer 2026,Active,https://agencytool.com,agencytool.com,https://www.ycombinator.com/companies/agency-tool-company,"Reliable infrastructure to build, deploy and manage real-world robots.","Denver, CO",US,Medium,https://www.linkedin.com/company/agency-tool-company,https://x.com/agencytoolco,Jack Morrison; Davis Foster,https://www.linkedin.com/in/morrisonjack/; https://www.linkedin.com/in/davisfoster,https://x.com/jackmorrison; https://x.com/davistfoster,,No,3,No,,,Early,Industrials
standard-machines,Standard Machines,Summer 2026,Active,https://standardmachines.com,standardmachines.com,https://www.ycombinator.com/companies/standard-machines,Teaching AI to Design Chips,San Francisco,US,High,https://www.linkedin.com/company/standardmachines/,https://x.com/stanmachines,Jacob Peake,https://www.linkedin.com/in/jacob-peake/,https://x.com/jacobpeake,,No,,No,,,Early,B2B
edotenv,EdotEnv,Summer 2026,Active,https://edotenv.com,edotenv.com,https://www.ycombinator.com/companies/edotenv,Quant Neolab building self-improving agents from quant data,San Francisco,US,High,,,Rui Wang; Michael Zhang,https://www.linkedin.com/in/rui-wang-456032198/; https://www.linkedin.com/in/michael-zhang-845204232/,https://x.com/RRicefan; https://x.com/Michaelz1914,,No,2,No,,,Early,B2B
traceforce,Traceforce,Summer 2026,Active,https://www.traceforce.ai,traceforce.ai,https://www.ycombinator.com/companies/traceforce,CrowdStrike for AI Agents,San Francisco,US,High,https://www.linkedin.com/company/traceforce-security,,Xia Hua; Varun Wadhwa,https://www.linkedin.com/in/xia-hua-ph-d-28856a30/; https://www.linkedin.com/in/varunwadhwarcds,; ,,No,2,No,,,Early,B2B
tarifflo-inc,Tarifflo Inc.,Summer 2026,Active,https://www.tarifflo.com,tarifflo.com,https://www.ycombinator.com/companies/tarifflo-inc,Supply chain compliance and cost savings,"Salt Lake City, UT",US,High,,,Bryce Judy,https://www.linkedin.com/in/brycejudy/,,,No,5,No,,,Early,B2B
callbook-ai,Callbook AI,Summer 2026,Active,https://callbook.ai,callbook.ai,https://www.ycombinator.com/companies/callbook-ai,AI collections agency for late stage portfolios,San Francisco,US,High,https://www.linkedin.com/company/callbook-ai,,Diego Avellaneda; Daniel Martinez,https://www.linkedin.com/in/diegoavellaneda/; https://www.linkedin.com/in/daniel-martinez-b7a764164/,https://x.com/diego_torres173; https://x.com/imwi90,,No,7,No,,,Early,B2B
alkera-ai,Alkera AI,Summer 2026,Active,https://alkera.ai,alkera.ai,https://www.ycombinator.com/companies/alkera-ai,Reliable and safe data engineering and data science agents,San Francisco,US,High,https://www.linkedin.com/company/alkera-ai,,Rick Gao; Tony Li; Andrew Tran,https://www.linkedin.com/in/rgao09; https://www.linkedin.com/in/tonyli4722; https://www.linkedin.com/in/andrewtran-cs/,; ; ,,No,3,No,,,Early,B2B
rasyn,Rasyn,Summer 2026,Active,https://www.rasyn.ai/,rasyn.ai,https://www.ycombinator.com/companies/rasyn,"Making chemicals 100,000x faster",San Francisco,US,Medium,https://www.linkedin.com/company/rasyn-ycs26/,https://x.com/rasyn_lab,Ansh Tiwari; Ayush Chauhan; Daood Hashmi,https://www.linkedin.com/in/ansschh/; https://www.linkedin.com/in/ayushchauhan0203/; https://www.linkedin.com/in/daood-hashmi/,https://x.com/4n5che; ; https://x.com/hash_me_NOT,,No,3,No,,,Early,Healthcare
manifold-2,Manifold,Summer 2026,Active,https://www.manifoldindustries.ai/,manifoldindustries.ai,https://www.ycombinator.com/companies/manifold-2,Drop-in robotic labor that works on Day 1,"Los Angeles, CA",US,Medium,https://www.linkedin.com/company/manifoldindustries,,Nicolas Yeh; Joshua Ibrahim,https://www.linkedin.com/in/nicolas-yeh/; https://www.linkedin.com/in/joshibrahim/,; ,,No,2,No,,,Early,Industrials
screenpipe,screenpipe,Summer 2026,Active,https://screenpipe.com,screenpipe.com,https://www.ycombinator.com/companies/screenpipe,Turn your company's computer work into AI agents.,San Francisco,US,High,https://www.linkedin.com/company/screenpipe,https://x.com/screenpipe,Louis Beaumont,https://www.linkedin.com/in/louis030195/,https://x.com/louis030195,,No,2,Yes,,,Early,B2B
spectre-intelligence,Spectre Intelligence,Summer 2026,Active,https://www.spectreintelligence.ai,spectreintelligence.ai,https://www.ycombinator.com/companies/spectre-intelligence,We are a multi-strategy trading firm that trains AI traders. ,San Francisco,US,High,https://linkedin.com/company/spectre-intelligence-ai,https://x.com/spectreintellig,Michelle Li; Joshua Zyzak,https://www.linkedin.com/in/michelle-zhiya-li/; https://www.linkedin.com/in/josh-zyzak/,https://x.com/michellezli; ,,No,2,No,,,Early,Fintech
zaplar,Zaplar,Summer 2026,Active,https://zaplar.com,zaplar.com,https://www.ycombinator.com/companies/zaplar,Agentic Hotel Operating System,"Stockholm, Sweden",SE,High,https://www.linkedin.com/company/zaplar,https://x.com/ZaplarInc,Douglas Solberg; Axel Andersson Lingbert; Oscar Karlstromer; Jon Milles,https://www.linkedin.com/in/douglas-solberg/; https://www.linkedin.com/in/axel-andersson-lingbert-0332b2322; https://www.linkedin.com/in/oscarkarlstromer/; https://www.linkedin.com/in/jon-milles,https://x.com/douglassolberg1; ; ; https://x.com/jnmlsxyz,,No,3,No,,,Early,B2B
prodigy-research,Prodigy Research,Summer 2026,Active,https://prodigy.markets,prodigy.markets,https://www.ycombinator.com/companies/prodigy-research,Training the world's best AI model for quantitative finance.,San Francisco,US,High,https://www.linkedin.com/company/prodigy-markets,https://x.com/realProdigyCorp,Michael Wang; Yuhua Wang,https://www.linkedin.com/in/michael-w-02810b161/; https://www.linkedin.com/in/yuhua-w-64348a66,https://www.x.com/michaelwangelo; https://x.com/yuhuawan,,No,2,No,,,Early,Fintech
touchmark,Touchmark,Summer 2026,Active,https://touchmark.ai,touchmark.ai,https://www.ycombinator.com/companies/touchmark,Market for future inference capacity,San Francisco,US,High,https://www.linkedin.com/company/touchmark-ai,https://x.com/TouchmarkAI,Ilia Bolgov; Roman Yanushevskyi,https://www.linkedin.com/in/ilia-bolgov-8683b0254; https://www.linkedin.com/in/roman-yanushevskyi/,https://x.com/iliabolgov; https://x.com/ryanushevskyi,,No,2,No,,,Early,B2B
exosat,Exosat,Summer 2026,Active,https://www.exosat.com,exosat.com,https://www.ycombinator.com/companies/exosat,"Building a neutral, sovereign alternative to Starlink","Singapore, Singapore",SG,Medium,https://www.linkedin.com/company/exosatorbit/,https://x.com/Exosat_,Edward Ge,https://www.linkedin.com/in/edwardge9/,https://x.com/EdwardGe,,No,1,No,,,Early,Industrials
codag,Codag,Summer 2026,Active,https://codag.ai/,codag.ai,https://www.ycombinator.com/companies/codag,"The AI gateway for cheaper, faster, permissioned agents.",San Francisco,US,High,,,Michael Zhou,https://www.linkedin.com/in/mzxzhou/,https://x.com/michaelzixizhou,,No,1,No,,,Early,B2B
contextdev,Context.dev,Summer 2026,Active,https://context.dev,context.dev,https://www.ycombinator.com/companies/contextdev,We give AI agents realtime web context via API,San Francisco,US,High,https://www.linkedin.com/company/contextdev/,https://x.com/getcontextdev,Yahia Bakour,https://www.linkedin.com/in/yahia-bakour/,https://x.com/mynameisyahia,,No,6,No,,,Early,B2B
glen,Glen,Summer 2026,Active,https://www.tryglen.com/,tryglen.com,https://www.ycombinator.com/companies/glen,Institutional Learning Layer for Every Agent in Your Company,San Francisco,US,High,https://www.linkedin.com/company/tryglen,https://x.com/try_glen,Nikos Dritsakos,https://www.linkedin.com/in/nikos-dritsakos/,https://x.com/nikos1,,No,1,Yes,,,Early,B2B
stoa,Stoa,Summer 2026,Active,https://www.stoaexchange.com,stoaexchange.com,https://www.ycombinator.com/companies/stoa,The market behind AI hardware.,San Francisco,US,High,https://www.linkedin.com/company/stoamarkets/,https://x.com/stoaexchange,Berat Celik; Eren Berke Saglam; Kaan Yigit,https://linkedin.com/in/beratcelik1; https://www.linkedin.com/in/eren-berke-saglam; https://www.linkedin.com/in/kaan-yigit/,https://x.com/beratcelik0; https://x.com/erenberke0; https://x.com/kaan_yigit0,,No,3,No,,,Early,Fintech
joinmarble,Marble,Summer 2026,Active,https://joinmarble.ai/,joinmarble.ai,https://www.ycombinator.com/companies/joinmarble,The autonomous back-of-house for restaurants.,"New York City, NY",US,High,https://www.linkedin.com/company/joinmarble/,https://x.com/joinmarble,Aakar Khanna; Arjun Chaliha,https://www.linkedin.com/in/aakarkhanna/; https://www.linkedin.com/in/achaliha/,https://x.com/khannauno; https://x.com/arjunjchaliha,,No,2,Yes,,,Early,B2B
audun,Audun,Summer 2026,Active,https://audun.co,audun.co,https://www.ycombinator.com/companies/audun,AI-native debt collection company,"Oslo, Norway",NO,High,,,Jacob Hambro; Magnus Vonen; Henrik Brun Fevang; Peter Flo,https://www.linkedin.com/in/jacob-hambro-70a9b1153/; https://www.linkedin.com/in/magnus-nj%C3%B8lstad-vonen-518945208; https://www.linkedin.com/in/henrik-brun-fevang-8b5b18195; https://www.linkedin.com/in/peterhollevik,; ; ; ,,No,5,No,,,Early,Fintech
grocalo,Grocalo,Summer 2026,Active,https://grocalo.com/,grocalo.com,https://www.ycombinator.com/companies/grocalo,AI brain for creators that runs their social content,"Los Angeles, CA",US,High,,,David Hwang; Alex Yee,https://www.linkedin.com/in/david-hwang-b5301436/; https://www.linkedin.com/in/alexyee1/,; ,,No,2,No,,,Early,Consumer
ai-coach,COACH,Summer 2026,Active,https://www.getcoach.com/,getcoach.com,https://www.ycombinator.com/companies/ai-coach,The AI Coach for in person sales reps.,San Francisco,US,High,https://www.linkedin.com/company/my-aicoach/,,Mathieu Perez; Thomas Perez; Nicolas Sebag,https://www.linkedin.com/in/mathieu-perez-719019201/; https://www.linkedin.com/in/thomas-perez-13011/; https://www.linkedin.com/in/nicolas-sebag-504747118/,; ; https://x.com/sebcny,,No,4,Yes,,,Early,B2B
deepreach-inc,DeepReach Inc.,Summer 2026,Active,http://www.deepreach.ai,deepreach.ai,https://www.ycombinator.com/companies/deepreach-inc,Network for Physical AI Data Business,San Francisco,US,High,https://www.linkedin.com/in/timothyli-deepreach/,https://x.com/DeepReach_AI?s=20,Chris Liu,https://www.linkedin.com/in/drxcliu,https://x.com/drxcliu,,No,6,Yes,,,Early,B2B
mochi,Mochi,Summer 2026,Active,https://www.mochi.tv/,mochi.tv,https://www.ycombinator.com/companies/mochi,Watch and create anime,San Francisco,US,High,https://www.linkedin.com/company/mochitv/,https://x.com/watchmochi/,Robert Qiu,https://linkedin.com/in/robertqiu,https://x.com/whatsrobdoing_,,No,3,No,,,Early,Consumer
alloovium,Alloovium,Summer 2026,Active,https://www.alloovium.com/en,alloovium.com,https://www.ycombinator.com/companies/alloovium,The company brain for construction companies,San Francisco,US,High,http://linkedin.com/company/alloovium,https://x.com/alloovium,Zander Schweitzer; Omar Elloumi; Cielo Nicolosi,https://www.linkedin.com/in/zander-schweitzer-1a0651205?utm_source=share&utm_campaign=share_via&utm_content=profile&utm_medium=ios_app; https://www.linkedin.com/in/omar-elloumi/; https://www.linkedin.com/in/cielo-nicolosi/,https://x.com/zandergs15; ; ,,No,5,No,,,Early,Real Estate and Construction
dialogus,Dialogus,Summer 2026,Active,https://www.dialoguslabs.com/,dialoguslabs.com,https://www.ycombinator.com/companies/dialogus,The AI-native contact center,San Francisco,US,High,https://www.linkedin.com/company/dialoguslabs,,Juberth Rodriguez; Hans Ibarra; Rodrigo Terán,https://www.linkedin.com/in/juberth-rodriguez-398b2b277/; https://www.linkedin.com/in/hans-ibarra/; https://www.linkedin.com/in/rodrigoteranhdz,; ; https://x.com/rodrigoteranhdz,,No,3,No,,,Early,B2B
mosaic-2,Mosaic,Winter 2025,Active,https://mosaic.so,mosaic.so,https://www.ycombinator.com/companies/mosaic-2,Frontier Video Agents,San Francisco,US,High,https://www.linkedin.com/company/mosaic-so,https://x.com/mosaic_so,Adish Jain; Kyle Wade,https://www.linkedin.com/in/adish-jain/; https://www.linkedin.com/in/kylewade1373/,https://x.com/_adishj; https://twitter.com/superfx64,,No,5,Yes,1,Founding GTM,Early,Consumer
bizmark,Bizmark,Summer 2026,Active,https://bizmark.ai,bizmark.ai,https://www.ycombinator.com/companies/bizmark,OpenClaw for manufacturers,San Francisco,US,Medium,,,Rodrigo Mosqueira; Oscar Aguilar,https://www.linkedin.com/in/moag/; https://www.linkedin.com/in/oscar-aguilar-76bb15170/,; ,,No,2,No,,,Early,B2B
riften,Riften,Summer 2026,Active,https://riften.ai,riften.ai,https://www.ycombinator.com/companies/riften,Earned intelligence for every company,San Francisco,US,High,https://www.linkedin.com/company/riftenai/people/?viewAsMember=true,,Carl Stauffer,https://www.linkedin.com/in/carl-stauffer-314335262/,https://x.com/carlstauffer_,,No,5,No,,,Early,B2B
realpact,RealPact,Summer 2026,Active,https://realpact.ai,realpact.ai,https://www.ycombinator.com/companies/realpact,AI-native OS for Real Estate Brokerages,San Francisco,US,High,https://www.linkedin.com/company/realpact/,http://x.com/RealPact,Ranvir Deshmukh; Erik Peterson,https://www.linkedin.com/in/ranvir-deshmukh-209706199/; https://www.linkedin.com/in/erik-peterson-mn/,https://x.com/ranvirdeshmukh_; ,,No,2,No,,,Early,Real Estate and Construction
guild,GUILD,Summer 2026,Active,https://www.guildai.co,guildai.co,https://www.ycombinator.com/companies/guild,AI-Native Defense Contractor,"New York City, NY",US,High,https://www.linkedin.com/company/guildai/,,Kaya Celebi; Erim Gurlemis,https://www.linkedin.com/in/kaya-celebi; https://www.linkedin.com/in/erim-gurlemis-b13b22204/,; ,,No,2,No,,,Early,Industrials
floracene,Floracene,Summer 2026,Active,https://www.floracene.com/,floracene.com,https://www.ycombinator.com/companies/floracene,"Vibecode + deploy HIPAA-compliant internal tools, no eng team needed","New York City, NY",US,High,,,Asaph Kupferman; Jonah Kaye,https://www.linkedin.com/in/aa-kup/; https://linkedin.com/in/jonah-kaye-875a051b2,https://x.com/KupfermanAsaph; https://x.com/JonahKaye2,,No,2,No,,,Early,Healthcare
rise-reforming,Rise Reforming,Summer 2026,Active,https://rise-reforming.com/home,rise-reforming.com,https://www.ycombinator.com/companies/rise-reforming,We turn waste gases into supply-secure chemicals ,"Chicago, IL",US,No,https://www.linkedin.com/company/risereforming,,George Rose; Lucas Zubillaga; Jona van Oord,https://www.linkedin.com/in/george-rose25/; https://www.linkedin.com/in/lucaszubillagamaharg/; https://www.linkedin.com/in/jonavanoord/,; ; ,,No,4,No,0,,Early,Industrials
instaplay,Instaplay,Summer 2026,Active,https://instaplay.ai,instaplay.ai,https://www.ycombinator.com/companies/instaplay,AI-native gaming platform turning every game into an RL environment,San Francisco,US,High,https://www.linkedin.com/company/instaplayai,,Akhil Aggarwal; Frank Liu; Gary Wu,https://linkedin.com/in/akhil--aggarwal; https://www.linkedin.com/in/frvnk/; https://www.linkedin.com/in/garywu23/,; https://x.com/frvnkliu; https://x.com/garywu_eth,,No,3,No,,,Early,Consumer
verdant,Verdant,Summer 2026,Active,https://www.verdantapp.com/,verdantapp.com,https://www.ycombinator.com/companies/verdant,AI Agents to Make Local Gov Efficient,San Francisco,US,High,https://www.linkedin.com/company/verdantapp,,Aidan Ng; Jason Yi,https://www.linkedin.com/in/aidan-c-ng; https://www.linkedin.com/in/jason-yi1/,; ,,No,2,No,,,Early,Government
impact-drones,IMPACT Drones,Summer 2026,Active,https://www.impact-drones.com,impact-drones.com,https://www.ycombinator.com/companies/impact-drones,Air Defense as a Service for Civilian Infrastructure.,San Francisco,US,Medium,https://www.linkedin.com/company/impactdrones,https://x.com/impactdrones,Jasper Lortije; Alessandro Fiume,https://www.linkedin.com/in/jasper-l/; https://www.linkedin.com/in/alessandro-fiume45/,https://x.com/JasperLort; ,,No,2,No,,,Early,Industrials
insurf,Insurf,Summer 2026,Active,https://www.insurf.io,insurf.io,https://www.ycombinator.com/companies/insurf,The AI-Native Decision Layer for Health Insurance,"Providence, RI",US,High,https://www.linkedin.com/company/insurf/,,Bryan Chung; Chang Lu,https://www.linkedin.com/in/bryan-chung-21b531265/; https://www.linkedin.com/in/changxianlu,; ,,No,3,No,,,Early,Healthcare
jcode,Jcode,Summer 2026,Active,https://jcode.sh/,jcode.sh,https://www.ycombinator.com/companies/jcode,High performance coding agents,San Francisco,US,High,https://www.linkedin.com/in/jeremy1huang/,https://x.com/1jehuang,Jeremy Huang,https://www.linkedin.com/in/jeremy1huang/,https://x.com/Jeremy069626792,,No,1,No,,,Early,Consumer
lemonlime,LemonLime,Summer 2026,Active,https://www.lemonlime.com/,lemonlime.com,https://www.ycombinator.com/companies/lemonlime,Fully automated GTM for small business,San Francisco,US,High,https://www.linkedin.com/company/lemonlime-ai/,http://x.com/lemonlime,Jordan Zietz; Daniela Muñoz,https://www.linkedin.com/in/jordan-zietz; https://www.linkedin.com/in/danielamunoz12/,https://x.com/jordna; https://x.com/dani__munoz,,No,5,Yes,,,Early,B2B
gutgutgoose,Gutgutgoose,Summer 2026,Active,https://gutgutgoose.com/,gutgutgoose.com,https://www.ycombinator.com/companies/gutgutgoose,We sequence your gut and build the probiotics it’s missing,San Francisco,US,Medium,https://www.linkedin.com/company/gutgutgoose/,https://x.com/Gutgutgoose,Leon Mojarrabi; Anis Mihrshahi,https://www.linkedin.com/in/leon-moj; https://www.linkedin.com/in/anis-mihrshahi-2a342a336/,; https://x.com/anismihrshahi,,No,7,No,,,Early,Healthcare
speko,Speko,Summer 2026,Active,https://speko.ai/?utm_source=ycombinator&utm_medium=profile,speko.ai,https://www.ycombinator.com/companies/speko,"OpenRouter for Voice AI: one API, every call on the best speech model",San Francisco,US,High,https://linkedin.com/company/speko-ai,,Beknazar Abdikamalov,https://www.linkedin.com/in/abdik/,https://x.com/beknabdik,,No,4,No,,,Early,B2B
synapse-semiconductor,Synapse Semiconductor,Summer 2026,Active,https://synapsesemi.org,synapsesemi.org,https://www.ycombinator.com/companies/synapse-semiconductor,New semiconductors that merge compute and vision,"Durham, NC",US,Medium,https://www.linkedin.com/company/synapse-semiconductor/,https://x.com/SynapseSemi,Sanjeev Chauhan; Tania Roy,https://linkedin.com/in/sanjeev-one; https://www.linkedin.com/in/tania-roy-ba272b24/,; ,,No,2,Yes,,,Early,Industrials
orchestra,Orchestra,Summer 2026,Active,https://orchestra.ai/,orchestra.ai,https://www.ycombinator.com/companies/orchestra,Self-optimizing neocloud that cuts LLM costs by 100x,San Francisco,US,High,https://www.linkedin.com/company/understudy-labs,https://x.com/understudylabs,Luis Manrique; Aamir Poonawalla,https://www.linkedin.com/in/luismanrique; https://www.linkedin.com/in/aamir-p-a3575318/,https://x.com/lluismanrique; ,,No,2,No,,,Early,B2B
prized,Prized,Summer 2026,Active,https://prized.dev,prized.dev,https://www.ycombinator.com/companies/prized,A cloud devbox that feels local,San Francisco,US,High,https://www.linkedin.com/company/useprized,https://x.com/useprized,Hudson Griffith; Marinos Eliades,https://www.linkedin.com/in/hudsongri/; https://www.linkedin.com/in/meliades,https://x.com/hudson_gri; https://x.com/marinoeliades,,No,2,No,,,Early,B2B
studio,Studio,Summer 2026,Active,https://trystudio.ai,trystudio.ai,https://www.ycombinator.com/companies/studio,Accurately simulate market response at scale,San Francisco,US,High,https://www.linkedin.com/company/trystudioai/,https://x.com/trystudioai,Nikita Mullangi; Cameron Malloy,https://www.linkedin.com/in/nikita-mullangi/; https://www.linkedin.com/in/cammalloy/,; https://x.com/CameronMalloy_,,No,2,No,,,Early,B2B
bernard,Bernard,Summer 2026,Active,https://bernardhq.com/,bernardhq.com,https://www.ycombinator.com/companies/bernard,AI employees that run home appliance repair companies,"New York City, NY",US,High,https://www.linkedin.com/company/bernard-labs,https://x.com/BernardLabsHQ,Dan Katzman; David Goodfellow,https://www.linkedin.com/in/dankatzman/; https://www.linkedin.com/in/dgoodfellow/,; https://x.com/davothedev,,No,9,No,,,Early,B2B
musicarena,MusicArena,Summer 2026,Active,https://musicarena.io/,musicarena.io,https://www.ycombinator.com/companies/musicarena,The crowdsourced benchmark for AI-generated music and music production,San Francisco,US,High,https://www.linkedin.com/company/trycatapult,https://x.com/PlayCatapult,Kevin Yao,https://www.linkedin.com/in/kevinyao05/,https://x.com/truekyt,,No,-1,No,,,Early,B2B
maingen,Maingen,Summer 2026,Active,https://www.maingen.com/,maingen.com,https://www.ycombinator.com/companies/maingen,Simulating Agents Running Industrial Companies,San Francisco,US,High,https://www.linkedin.com/company/maingen,,Phillip Yan; David Yang,https://www.linkedin.com/in/pyan/; https://www.linkedin.com/in/david-yang-ai/,https://x.com/PhillipYan2; https://x.com/djyang1,,No,2,No,,,Early,Industrials
enact,Enact,Summer 2026,Active,https://enact.company,enact.company,https://www.ycombinator.com/companies/enact,Real-world RL environments for robotics models,San Francisco,US,High,https://www.linkedin.com/company/enact-company/?viewAsMember=true,https://x.com/enact_labs,James Stevens; Govind Chada,https://www.linkedin.com/in/james-stevens-440362200/; https://www.linkedin.com/in/govind-chada,https://x.com/jamesw_stevens; https://x.com/govindchada,,No,2,No,,,Early,Industrials
rex-inc,Rex,Summer 2026,Active,https://www.rex.inc,rex.inc,https://www.ycombinator.com/companies/rex-inc,AI-native BPO for enterprise order-to-cash,San Francisco,US,High,https://www.linkedin.com/company/rex-ai-inc/,https://x.com/rexdotinc,Merlin Kafka; Lewis Blackwood,https://www.linkedin.com/in/merlinkafka/; https://www.linkedin.com/in/lewisblackwood/,http://x.com/merlinkafka; ,,No,2,Yes,,,Early,B2B
zomma,Zomma,Summer 2026,Active,https://zommalabs.com,zommalabs.com,https://www.ycombinator.com/companies/zomma,"The AI BPO for financial servies, run by computer-use agents",San Francisco,US,High,https://www.linkedin.com/company/zomma,https://x.com/ZommaLabs,Jihyun Kim; Varun Arumugam; Cashel Fitzgerald,https://www.linkedin.com/in/kimjihyun/; https://www.linkedin.com/in/varunarumugam/; https://www.linkedin.com/in/cashelfitzgerald,https://x.com/jihprobs; ; ,,No,5,No,,,Early,B2B
nebusec,NebuSec,Summer 2026,Active,https://nebusec.ai,nebusec.ai,https://www.ycombinator.com/companies/nebusec,Autonomous AI defense system for cyber attack,San Francisco,US,High,https://www.linkedin.com/company/125323912,https://x.com/nebusecurity,Eten Zou; Yuan Tan; Frank Wu; Xiaochuan Yu,https://www.linkedin.com/in/xiaochen-zou-phd-29540b168; https://www.linkedin.com/in/yuantan1/; https://www.linkedin.com/in/yifan-wu-cs; https://www.linkedin.com/in/xiaochuan-yu-3103a5297,https://x.com/etenal7; ; https://x.com/FrankOverF1ow; https://x.com/Nyaaaaa_ovo,,No,4,No,,,Early,B2B
kara,Kara,Summer 2026,Active,https://karalabs.ai/,karalabs.ai,https://www.ycombinator.com/companies/kara,Making Diamond Semiconductors,San Francisco,US,No,https://www.linkedin.com/company/kara-labs,https://x.com/KaraLabsAI,Aarin Jhaveri; Anuveer Chadha,https://www.linkedin.com/in/aarin-jhaveri/; https://www.linkedin.com/in/anuveerchadha/,https://x.com/AarinJhaveri; ,,No,2,No,,,Early,Industrials
palisade,Palisade,Summer 2026,Active,https://palisade.run,palisade.run,https://www.ycombinator.com/companies/palisade,AI-native sales agents that run marketplaces,San Francisco,US,High,https://www.linkedin.com/company/palisader/,https://x.com/palisadelabs,Jonathan Salama,https://www.linkedin.com/in/jonathan-salama/,https://x.com/jonnysalama,,No,1,No,,,Early,B2B
trope,Trope,Summer 2026,Active,https://trope.ai,trope.ai,https://www.ycombinator.com/companies/trope,AI FDE that deploys custom AI agents into ERPs,San Francisco,US,High,https://www.linkedin.com/company/tropeai,https://x.com/trope_ai,Matthew Chow; Victor Vannara,https://www.linkedin.com/in/mdchow/; https://www.linkedin.com/in/victor-vannara/,https://x.com/mattchowx; https://x.com/victorvannara,,No,2,No,,,Early,B2B
parasma,Parasma,Summer 2026,Active,https://parasma.com,parasma.com,https://www.ycombinator.com/companies/parasma,Replacing GPUs with human brain cells,San Francisco,US,High,https://www.linkedin.com/company/parasma,https://x.com/ParasmaAI,Sean Cole,https://www.linkedin.com/in/sean-cole-8985a4207/,https://x.com/vytalow,,No,2,Yes,,,Early,B2B
belvedir,Belvedir,Summer 2026,Active,https://belvedir.ai/,belvedir.ai,https://www.ycombinator.com/companies/belvedir,The custom AI model factories,San Francisco,US,High,https://www.linkedin.com/company/belvedir/,https://x.com/belvedir_ai,Zachary Yu,https://www.linkedin.com/in/zacharyyu/,https://x.com/thezacharyyu,,No,1,No,,,Early,B2B
shielded,Shielded,Summer 2026,Active,https://www.shieldedglobal.com/,shieldedglobal.com,https://www.ycombinator.com/companies/shielded,We help Fortune 500 companies hedge their supply chain risk,San Francisco,US,No,https://linkedin.com/company/shieldedglobal,,,,,,No,,No,,,Early,B2B
olam-labs,Olam Labs,Summer 2026,Active,https://olamlabs.ai,olamlabs.ai,https://www.ycombinator.com/companies/olam-labs,Building multi-agent simulations for model evals and training.,San Francisco,US,High,https://www.linkedin.com/company/olam-labs/,https://x.com/olam_labs,Om Buddhdev; shreshth sharma,https://www.linkedin.com/in/ombud/; https://www.linkedin.com/in/shreshth-sharma-950826247/,https://x.com/sensho; https://x.com/shresh,,No,2,No,,,Early,B2B
egoist-machines,Egoist Machines,Summer 2026,Active,https://ego.ist/,ego.ist,https://www.ycombinator.com/companies/egoist-machines,"Your personal context, securely portable across every AI app.",San Francisco,US,High,https://www.linkedin.com/company/130104210/,https://x.com/EgoistMachines,Erin McGurk; David Khachaturov,https://www.linkedin.com/in/erin-mcgurk; https://www.linkedin.com/in/david-g-khachaturov/,https://x.com/erinmerylstudy; https://x.com/davidobot_,,No,2,No,,,Early,Consumer
mass-magnetics,Mass Magnetics,Summer 2026,Active,https://massmagnetics.com/,massmagnetics.com,https://www.ycombinator.com/companies/mass-magnetics,USA-made magnetics for robotics and defense. ,Boston,US,Medium,,,Eric Silver; Matthew Groll,https://www.linkedin.com/in/energyeric/; https://www.linkedin.com/in/matthew-groll/,https://x.com/2998x10tothe8; https://x.com/matthewxgroll,,No,3,No,,,Early,Industrials
perceptron-ml,Perceptron ML,Summer 2026,Active,https://perceptronml.com,perceptronml.com,https://www.ycombinator.com/companies/perceptron-ml,We make law firms AI-native.,San Francisco,US,High,https://linkedin.com/company/perceptron-yc,https://x.com/PerceptronML,Michael Marcotte; Peyton Marcotte,https://www.linkedin.com/in/marcottemichael; https://www.linkedin.com/in/peytonmarcotte/,; ,,No,2,No,,,Early,B2B
erinys,Erinys,Summer 2026,Active,https://erinys.ai,erinys.ai,https://www.ycombinator.com/companies/erinys,We help lawyers start and scale AI-native law firms.,San Francisco,US,High,https://www.linkedin.com/company/erinysai/,,Sasha Zyuzin; Jason Guo; Matthew Pallan,https://www.linkedin.com/in/azyuzin/; https://www.linkedin.com/in/jason-guo-225842381/; https://www.linkedin.com/in/~mp/,; ; ,,No,3,No,,,Early,B2B
manufacturingintelligence,HERA,Summer 2026,Active,https://www.manufacturingintelligence.org,manufacturingintelligence.org,https://www.ycombinator.com/companies/manufacturingintelligence,We make sure every factory in the world builds without mistakes.,San Francisco,US,Medium,https://www.linkedin.com/company/heraengineer/posts/?feedView=all,,Meera Patel; Noelle So,https://www.linkedin.com/in/meera-patel-92704b207/; https://www.linkedin.com/in/noelle-so-055474140/,https://x.com/lockedincheetah?s=21; https://x.com/noelleyso,,No,2,Yes,,,Early,Industrials
donkey,Donkey,Summer 2026,Active,https://donkey.trade,donkey.trade,https://www.ycombinator.com/companies/donkey,"The AI-native trading company: factory prices, delivered, one number",San Francisco,US,High,https://www.linkedin.com/company/thedonkeytrade/?viewAsMember=true,,Benjamin Martindale; Minghao Tan,https://www.linkedin.com/in/benjamin-martindale/; https://www.linkedin.com/in/james-tan-5a4b07224/,; ,,No,5,No,,,Early,B2B
moonshot-computer,Moonshot,Summer 2026,Active,https://moonshot.computer/,moonshot.computer,https://www.ycombinator.com/companies/moonshot-computer,agents for the rest of us,San Francisco,US,High,https://www.linkedin.com/company/heymoonshot,https://x.com/heymoonshot,Ojas Kandhare; Tario You,https://www.linkedin.com/in/ojas-kandhare-74b349212/; https://www.linkedin.com/in/tario-you,https://x.com/ojaskandy; https://x.com/deftarioo,,No,3,No,,,Early,Consumer
hoplite,Hoplite,Summer 2026,Active,https://hoplite.sh,hoplite.sh,https://www.ycombinator.com/companies/hoplite,Effortlessly deploy cloud software factories.,San Francisco,US,High,https://www.linkedin.com/company/hoplite-sh,https://x.com/hoplite_sh,Ryan Morrissey; Bence Redmond,https://www.linkedin.com/in/ryan-morrissey-834256271/; https://www.linkedin.com/in/bence-redmond,https://x.com/ryan_morr; https://x.com/benceredmond,,No,2,No,,,Early,B2B
pango,Pango,Summer 2026,Active,https://pango.ai/,pango.ai,https://www.ycombinator.com/companies/pango,Agentic OS for e-commerce operations,"New York City, NY",US,High,https://www.linkedin.com/company/pangoai,https://x.com/Pango_ai,Steve Rahimi; Lukasz Reszczynski,https://www.linkedin.com/in/steve-rahimi/; https://www.linkedin.com/in/lukasz-reszczynski-bio/,https://x.com/Steve_rahimi; https://x.com/_lukres,,No,5,Yes,,,Early,B2B
tash,tash,Summer 2026,Active,https://www.tash.cards/,tash.cards,https://www.ycombinator.com/companies/tash,The BlackRock of collectibles,San Francisco,US,No,https://www.linkedin.com/company/tash-cards/,https://x.com/tashcards?s=11,John Ohannesian; Nathan Borshell; Victor Shammas; Nicolas Sharma,https://www.linkedin.com/in/johnohannesian/; https://www.linkedin.com/in/nathanborshell/; https://www.linkedin.com/in/victorshammas/; https://www.linkedin.com/in/nicolas-sharma/,; https://x.com/nathanborshell; https://x.com/victorshammas; https://x.com/nico_sharma,,No,4,No,,,Early,Consumer
torus,Torus,Summer 2026,Active,https://www.usetorus.com,usetorus.com,https://www.ycombinator.com/companies/torus,Legora for physical engineering firms,San Francisco,US,High,https://www.linkedin.com/company/torus-intelligence/,,Marcus Lima; Rahul Thayil,https://www.linkedin.com/in/marcus-lima-144974101/; https://www.linkedin.com/in/rahul-thayil/,https://twitter.com/MarcusLimaGN; ,,No,6,Yes,,,Early,Industrials
kebra,Kebra,Summer 2026,Active,https://kebra.com,kebra.com,https://www.ycombinator.com/companies/kebra,AI For The Skilled Workforce,San Francisco,US,High,https://www.linkedin.com/company/kebra-com/,,Luca Hadife; Mohamed Hosny,https://www.linkedin.com/in/luca-hadife/; https://www.linkedin.com/in/mohamed-hosny-hussein/,https://x.com/LucaHadife; ,,No,2,No,,,Early,B2B
gitcafe,GitCafe,Summer 2026,Active,https://git.cafe,git.cafe,https://www.ycombinator.com/companies/gitcafe,The Git forge for the next hundred billion commits,San Francisco,US,High,,https://twitter.com/gitcafe,Veronica C.,,,,No,1,No,,,Early,B2B
edgerun,Edgerun,Summer 2026,Active,https://edgerun.com,edgerun.com,https://www.ycombinator.com/companies/edgerun,Military exoskeletons,San Francisco,US,Medium,https://www.linkedin.com/company/edgerun,https://x.com/edgerun_inc,David Venegas,https://www.linkedin.com/in/david-venegas-m/,https://x.com/davidvenegas,,No,5,Yes,,,Early,Industrials
rindler,Rindler,Summer 2026,Active,https://maxxwell.dev,maxxwell.dev,https://www.ycombinator.com/companies/rindler,The IDE for Tokenmaxxers,Boston,US,High,https://www.linkedin.com/company/rindler,https://x.com/RindlerAI,Michael Serrano; Arthur De Los Santos,https://www.linkedin.com/in/michael-y-serrano; https://www.linkedin.com/in/arthurdelossantos,https://x.com/m_y_serrano; https://x.com/_arthurdls_,,No,2,No,,,Early,B2B
proprio-robotics,Proprio Robotics,Summer 2026,Active,https://www.propriorobotics.com/,propriorobotics.com,https://www.ycombinator.com/companies/proprio-robotics,Robots to maintain and assemble data centers,San Francisco,US,High,https://www.linkedin.com/company/proprio-robotics,https://x.com/ProprioRobotics,Anirudh Pai,https://www.linkedin.com/in/apai25,https://x.com/apai253,,No,1,No,,,Early,Industrials
amorphic-labs,Amorphic Labs,Summer 2026,Active,https://www.agentmuxer.com,agentmuxer.com,https://www.ycombinator.com/companies/amorphic-labs,OpenRouter for Agent Tools,San Francisco,US,High,https://www.linkedin.com/company/amorphic-labs,https://x.com/amorphiclabs,Dylan Kelly; Frank Li,https://www.linkedin.com/in/dylankelly04/; https://www.linkedin.com/in/anglifrank,https://x.com/dylanpkel; ,,No,2,No,,,Early,B2B
rekursivai,rekursiv.ai,Summer 2026,Active,https://rekursiv.ai,rekursiv.ai,https://www.ycombinator.com/companies/rekursivai,Scale AI scientists whose own breakthroughs accelerate the next.,San Francisco,US,High,https://www.linkedin.com/company/rekursiv-ai/,https://x.com/hyperparticle,Joshua Dillon; Dan Kondratyuk,https://www.linkedin.com/in/jvdillon/; https://www.linkedin.com/in/dankondratyuk/,; https://x.com/hyperparticle,,No,5,No,,,Early,B2B
trident,Trident,Summer 2026,Active,https://tridentsecurity.io/,tridentsecurity.io,https://www.ycombinator.com/companies/trident,Autonomous offensive security agents. The best defense is offense,San Francisco,US,High,https://www.linkedin.com/company/tridentsecure,https://x.com/TridentSecures,Junaid Mahmood; Dekai Li,https://www.linkedin.com/in/junaidmahmood-/; https://www.linkedin.com/in/li-dekai-8287332a6/,https://x.com/whosjunaidd; https://x.com/li_dekaii,,No,4,No,,,Early,B2B
atlas-discovery,Atlas Discovery,Summer 2026,Active,https://atlasdiscovery.bio,atlasdiscovery.bio,https://www.ycombinator.com/companies/atlas-discovery,AI-native pharma company,San Francisco,US,High,https://www.linkedin.com/company/atlas-discovery,https://x.com/atlasdiscovery0,Shaamil Karim; Christian Gensbigler,https://www.linkedin.com/in/shaamil-karim/; https://www.linkedin.com/in/christian-g-a2594029,https://x.com/shaamilkarim1; ,,No,3,No,,,Early,Healthcare
mentlio,Mentlio,Summer 2026,Active,https://mentlio.com,mentlio.com,https://www.ycombinator.com/companies/mentlio,Engineering Intelligence and Token Optimization for the AI-Coding Era,San Francisco,US,High,https://www.linkedin.com/company/mentlio/,,Ashank Shah; Ahmet Demirbas,https://www.linkedin.com/in/ashank-shah/; https://www.linkedin.com/in/ahmet-demirbas7/,https://x.com/ashankshah_x; ,,No,,No,,,Early,B2B
textsidekick,Sidekick,Summer 2026,Active,https://textsidekick.com/,textsidekick.com,https://www.ycombinator.com/companies/textsidekick,AI agent that manages manufacturing operations over text,San Francisco,US,High,https://www.linkedin.com/company/textsidekick,,Justin So,https://www.linkedin.com/in/justinso1/,https://x.com/Just1nSo,,No,1,No,,,Early,B2B
wondertx,WonderTx,Summer 2026,Active,https://wondertx.ai/,wondertx.ai,https://www.ycombinator.com/companies/wondertx,Extrapolative AI to unlock First-in-Class drugs,San Francisco,US,High,https://www.linkedin.com/company/wondertx/,https://x.com/WonderTxAi,Abraham Heifets,https://www.linkedin.com/in/abrahamheifets/,https://twitter.com/AbeHeifets,,No,3,No,,,Early,Healthcare
marker,Marker,Summer 2026,Active,https://onmarker.com,onmarker.com,https://www.ycombinator.com/companies/marker,Platform + FDEs that rebuild enterprises agent-first,San Francisco,US,High,https://www.linkedin.com/company/112296703/,https://x.com/markerhq,David Pastewka; Richard Berwick; Will Drevno,https://www.linkedin.com/in/davidpastewka/; https://www.linkedin.com/in/richard-berwick-93995629/; https://www.linkedin.com/in/will-drevno-0a78832a/,; ; https://twitter.com/WillDrevno,,No,3,No,,,Early,B2B
palette-2,Palette,Summer 2026,Active,https://palettelabs.com/,palettelabs.com,https://www.ycombinator.com/companies/palette-2,The Media Engine of the AI Era,San Francisco,US,High,https://www.linkedin.com/company/palette-labs-1,https://x.com/trypalette_ai,Josephine Lee; Serena Pei,https://linkedin.com/in/josephinelee1234; https://www.linkedin.com/in/serena-pei-80ab21215/,; https://x.com/spei04,,No,2,No,,,Early,B2B
most-robotic,Most Robotic,Summer 2026,Active,https://mostrobotic.com/,mostrobotic.com,https://www.ycombinator.com/companies/most-robotic,Research lab building the most robotic household in the world,San Francisco,US,High,https://www.linkedin.com/company/mostrobotic/,https://twitter.com/mostrobotic,Claire Mao; Lucy Cai,https://www.linkedin.com/in/clairemao-/; https://www.linkedin.com/in/lucy-cai/,https://x.com/clairemao78; https://x.com/LucyCai9,,No,2,No,,,Early,Industrials
illume-labs,Illume Labs,Summer 2026,Active,https://www.illumelabs.ai,illumelabs.ai,https://www.ycombinator.com/companies/illume-labs,24/7 Personal Health & Longevity Companion,San Francisco,US,High,https://www.linkedin.com/company/111286108/,https://x.com/IllumeLabsInc,Pari Latawa; Frank Lee,https://www.linkedin.com/in/paridhilatawa/; https://www.linkedin.com/in/frank-lee-/,https://x.com/parilatawa; ,,No,3,No,,,Early,Healthcare
litmus-hiring,Litmus,Summer 2026,Active,https://litmushiring.com/,litmushiring.com,https://www.ycombinator.com/companies/litmus-hiring,Evals for humans,"New York City, NY",US,High,https://www.linkedin.com/company/litmushiring,https://x.com/UseLitmus,Shaivi Rau; Elena Zhao,https://www.linkedin.com/in/shaivi-rau; https://www.linkedin.com/in/elena-zhao-015353217/,https://x.com/ShaiviRau; https://x.com/ElenaxZhao,,No,3,No,,,Early,B2B
openvector,OpenVector,Summer 2026,Active,https://openvector.com,openvector.com,https://www.ycombinator.com/companies/openvector,AI that turns any camera to an autonomous worker with real-time vision,San Francisco,US,High,https://linked.com/in/openvectorlabs,https://x.com/openvectorlabs,Andrey Gizdov; Vishal Urlam,https://www.linkedin.com/in/andreygizdov/; https://www.linkedin.com/in/vishal-urlam/,; https://x.com/vishalurlam,,No,4,No,,,Early,B2B
applied-electrodynamics-inc,"Applied Electrodynamics, Inc.",Summer 2026,Active,https://www.ae-dyn.com/,ae-dyn.com,https://www.ycombinator.com/companies/applied-electrodynamics-inc,A new kind of camera that can see through walls.,San Francisco,US,No,https://www.linkedin.com/company/applied-electrodynamics,https://x.com/ae_dynamics,Bilgehan Avser; Brian Huppi; Paul Leutheuser; George McLean,https://www.linkedin.com/in/bavser; https://www.linkedin.com/in/brian-huppi-69a8433/; https://www.linkedin.com/in/paul-leutheuser-54207364/; https://www.linkedin.com/in/george-mclean-75990415/,https://x.com/bavser; ; ; ,,No,5,No,,,Early,Industrials
dipole-labs,Dipole Labs,Summer 2026,Active,https://dipolelabs.com/,dipolelabs.com,https://www.ycombinator.com/companies/dipole-labs,AI-controlled optical switching for AI clusters,Boston,US,High,,,Deepankur Thureja; Gabriele Pasquale,https://www.linkedin.com/in/dthureja; https://www.linkedin.com/in/gabrielepasquale,; ,,No,,No,,,Early,Industrials
poth-labs,Poth Labs,Summer 2026,Active,https://pothlabs.com,pothlabs.com,https://www.ycombinator.com/companies/poth-labs,The customer brain that connects data to explain customer behavior,San Francisco,US,High,https://linkedin.com/company/poth,,Mojmir Horvath,https://www.linkedin.com/in/mojmir-horvath/,,,No,2,No,,,Early,B2B
cova,Cova,Summer 2026,Active,https://cova.care/,cova.care,https://www.ycombinator.com/companies/cova,Financial infrastructure for family caregiving,San Francisco,US,High,https://www.linkedin.com/company/cova-home-care,,Jordan Ibe; Ansh Tandon,https://www.linkedin.com/in/c-jordan-ibe/; https://www.linkedin.com/in/anshtandon/,; https://x.com/anshtdn,,No,2,No,,,Early,Healthcare
control-seat,Control Seat,Summer 2026,Active,https://www.controlseat.com,controlseat.com,https://www.ycombinator.com/companies/control-seat,AI that runs factories. ,San Francisco,US,High,https://www.linkedin.com/company/control-seat,,Warren Shepard; Jack Grodnick,https://www.linkedin.com/in/warren-shepard-493a37201/; https://www.linkedin.com/in/jack-grodnick/,https://x.com/warrren_shepard; ,,No,2,No,,,Early,Industrials
tsenta,Tsenta,Summer 2026,Active,https://tsenta.com,tsenta.com,https://www.ycombinator.com/companies/tsenta,AI career agent that finds matching jobs & applies on your behalf,San Francisco,US,High,https://www.linkedin.com/company/tsenta/,https://x.com/TsentaAi,Agnay Srivastava; Pulkit Gupta,https://www.linkedin.com/in/agnaysrivastava?utm_source=share&utm_campaign=share_via&utm_content=profile&utm_medium=android_app; https://www.linkedin.com/in/pulkitgupta712/,https://x.com/AgnaySrivastava; https://x.com/pulkit_gupta2,,No,2,Yes,,,Early,Consumer
dream,Dream,Summer 2026,Active,https://www.pingdream.com/,pingdream.com,https://www.ycombinator.com/companies/dream,Using VLMs to Catch Damage,San Francisco,US,Medium,https://www.linkedin.com/company/pingdream,,Ryland Birchmeier; Alexander Halpern,https://linkedin.com/in/rylandbirchmeier; https://www.linkedin.com/in/alexanderhalpern,https://x.com/rylandbirch; ,,No,2,No,,,Early,B2B
atlia,Atlia,Summer 2026,Active,https://www.atlia.com,atlia.com,https://www.ycombinator.com/companies/atlia,The AI-native property management company for short-term rentals,San Francisco,US,High,https://www.linkedin.com/company/atlia,,Edmond Niu; Shaan Yadav,https://www.linkedin.com/in/edmond-niu/; https://www.linkedin.com/in/shaanyadav,; https://x.com/TheShaan,,No,2,No,,,Early,Real Estate and Construction
meteoric,Meteoric,Summer 2026,Active,https://meteoric.earth/,meteoric.earth,https://www.ycombinator.com/companies/meteoric,Drones that clear clouds over solar farms and weaken hurricanes,San Francisco,US,No,https://uk.linkedin.com/company/meteoric-inc,,Mete Karslioglu; Eric Nilsson,https://www.linkedin.com/in/mete-karslioglu/; https://www.linkedin.com/in/eric-nilsson-2b3775254/,https://x.com/MeteKarsli0glu; https://x.com/eric_nilsson_,,No,2,No,,,Early,Industrials
ekpa,Ekpa,Summer 2026,Active,https://goekpa.com/,goekpa.com,https://www.ycombinator.com/companies/ekpa,Building Autonomous Research Agents for Trading,Boston,US,High,https://www.linkedin.com/company/ekpa/,,Anant Asthana; Yuga Patel,https://www.linkedin.com/in/asthana-anant/; https://www.linkedin.com/in/yugapatel26,; ,,No,2,No,,,Early,Fintech
libra-robotics,Libra Robotics,Summer 2026,Active,https://www.librabots.com/,librabots.com,https://www.ycombinator.com/companies/libra-robotics,Robotic crews for large-scale infrastructure construction,San Francisco,US,Medium,https://www.linkedin.com/company/librabots,,Jermaine Zhao; Yaojing Huang,https://www.linkedin.com/in/jermaine-zhao-9439202a2/; https://www.linkedin.com/in/yaojing-h-0b903620b/,; ,,No,2,No,,,Early,Industrials
datoric,Datoric,Summer 2026,Active,https://www.datoric.com,datoric.com,https://www.ycombinator.com/companies/datoric,The secure training data R&D engine for physical AI,San Francisco,US,High,https://www.linkedin.com/company/arzulehq/,,Nikhil Reddy; Jeffrey Lin,https://www.linkedin.com/in/nikhilrreddy; https://www.linkedin.com/in/jeffrey-lin-7abaab255/,; https://x.com/Jeffjinlin,,No,2,No,,,Early,B2B
archal,Archal,Summer 2026,Active,https://www.archal.ai/,archal.ai,https://www.ycombinator.com/companies/archal,"API sandboxes, built for AI agents",San Francisco,US,High,https://www.linkedin.com/company/archal-labs,https://x.com/archal_labs,Aidan Tiruvan,https://www.linkedin.com/in/aidantiruvan/,https://x.com/AidanTiruvan,,No,2,No,,,Early,B2B
assemble,Assemble,Summer 2026,Active,https://www.assemble.ai/,assemble.ai,https://www.ycombinator.com/companies/assemble,Autonomous IT Delivery,San Francisco,US,High,https://www.linkedin.com/company/use-assemble,https://x.com/assembleagents,Aliyan Ishfaq; Shaurnav Ghosh; Shrish Janarthanan,https://linkedin.com/in/aliyan-ishfaq; https://www.linkedin.com/in/shaurnav-ghosh/; https://www.linkedin.com/in/shrishj/,https://x.com/MAliyanIshfaq; ; https://x.com/shrishj5,,No,4,No,,,Early,B2B
rapidfolio,Rapidfolio,Summer 2026,Active,https://rapidfolio.com/,rapidfolio.com,https://www.ycombinator.com/companies/rapidfolio,AI-native back-office for banks and fintechs,San Francisco,US,High,https://www.linkedin.com/company/rapid-folio/,,Naveen Qureshi; Frederik Vanhevel,https://www.linkedin.com/in/naveen-qureshi; https://www.linkedin.com/in/frederik-vanhevel/,; ,,No,,No,,,Early,B2B
prescience-inc,"Prescience, Inc.",Summer 2026,Active,https://www.getprescience.com/,getprescience.com,https://www.ycombinator.com/companies/prescience-inc,Superintelligent health insurance that keeps employees healthy,San Francisco,US,High,https://www.linkedin.com/company/prescienceinc/,https://x.com/getprescience,Rishab Jain; Aditya Jain,https://linkedin.com/in/rishab-jain-k; https://www.linkedin.com/in/adityajain2000/,https://twitter.com/rishabjaink; https://x.com/adityajain_42,,No,5,Yes,,,Early,Healthcare
onetriangle,OneTriangle,Summer 2026,Active,https://onetriangle.ai/,onetriangle.ai,https://www.ycombinator.com/companies/onetriangle,"The cheapest, fastest inference cloud",San Francisco,US,High,https://www.linkedin.com/company/trustaiinference/,https://x.com/OneTriangleAI,Hannah Chung; Medha Venkatapathy,https://www.linkedin.com/in/hannahchung1/; https://www.linkedin.com/in/medhav/,https://x.com/hannah_chuu; https://x.com/medha_rv,,No,4,No,,,Early,B2B
waddle-labs,Waddle Labs,Summer 2026,Active,https://www.waddlelabs.ai/,waddlelabs.ai,https://www.ycombinator.com/companies/waddle-labs,LLMs that control robots,San Francisco,US,High,https://www.linkedin.com/company/waddlelabs/,https://x.com/theWaddleLabs,Hanming Ye; Yiding Song,https://www.linkedin.com/in/hanming-ye/; https://www.linkedin.com/in/yiding-song-vincent/,https://x.com/DozenDucc; https://x.com/yiding_song,,No,2,Yes,,,Early,Industrials
frontier-computing,Frontier Computing,Summer 2026,Active,https://frontier.site,frontier.site,https://www.ycombinator.com/companies/frontier-computing,Frontier grows scalable biological brains as an ML training substrate,"London, United Kingdom",GB,Medium,,,Michael Domarkas,https://www.linkedin.com/in/michael-domarkas-621aa8262,https://x.com/MichaelDmrks,,No,3,No,,,Early,Industrials
sunflower,Sunflower,Summer 2026,Active,https://sunflowerclinic.com/,sunflowerclinic.com,https://www.ycombinator.com/companies/sunflower,We are building an AI-native telemedicine clinic for addiction. 🌻,San Francisco,US,High,https://www.linkedin.com/in/kobyconrad/,https://x.com/SunflowerSober,Koby Conrad,https://www.linkedin.com/in/kobyconrad/,https://x.com/kobyjconrad,,No,15,No,,,Early,Healthcare
tensr,Tensr,Summer 2026,Active,https://tensr.com/,tensr.com,https://www.ycombinator.com/companies/tensr,Robotic factories that build robots,"Emeryville, CA",US,Medium,https://www.linkedin.com/company/tensrinc/,,Eric Berndt; Adith Sundram; C.K. Wolfe,https://www.linkedin.com/in/ekberndt/; https://www.linkedin.com/in/adithsundram; https://www.linkedin.com/in/ckwolfe/,https://x.com/ekberndt; ; https://x.com/ckwolfeofficial,,No,7,No,,,Early,Industrials
evergrove,Evergrove,Summer 2026,Active,https://www.evergrovelabs.com/,evergrovelabs.com,https://www.ycombinator.com/companies/evergrove,"Instant healthcare for all, starting with work comp","New York City, NY",US,High,https://www.linkedin.com/company/evergrovelabs,,Sid Unnithan; Jacob Chia,https://www.linkedin.com/in/siddhanthunnithan; https://www.linkedin.com/in/jacob-chia-78a1b2135,https://x.com/SidUnnithan; ,,No,2,No,,,Early,Healthcare
os3,OS3,Summer 2026,Active,https://os3robotics.com/,os3robotics.com,https://www.ycombinator.com/companies/os3,"Affordable, intelligent humanoid robots built to deploy at scale",San Francisco,US,Medium,https://www.linkedin.com/company/os3,https://x.com/os3robotics,Rishabh Chanana; Chris Hailey,https://www.linkedin.com/in/risos8200/; https://linkedin.com/in/chrishailey8,https://x.com/risos8200; https://x.com/realChrisHailey,,No,2,Yes,,,Early,Industrials
induction-labs,Induction Labs,Summer 2026,Active,https://inductionlabs.com,inductionlabs.com,https://www.ycombinator.com/companies/induction-labs,Building intellectually curious AI,San Francisco,US,High,https://www.linkedin.com/company/induction-labs,https://x.com/induction_labs,Jonathan Li; David Li,https://www.linkedin.com/in/jonatli/; https://www.linkedin.com/in/davidy-li/,; ,,No,2,No,,,Early,B2B
withasync,Async,Summer 2026,Active,https://withasync.com,withasync.com,https://www.ycombinator.com/companies/withasync,AI agents that run small businesses,"New York City, NY",US,High,https://www.linkedin.com/company/useskope/,,Ben Smith; Connor Park,https://www.linkedin.com/in/ben-smith-b15b12293/; https://www.linkedin.com/in/connor-park24/,https://x.com/imbensmith; ,,No,2,No,,,Early,B2B
baud,Baud,Summer 2026,Active,https://baudlabs.ai,baudlabs.ai,https://www.ycombinator.com/companies/baud,AI chips for ultra-fast training and inference,San Francisco,US,High,https://www.linkedin.com/company/baud-labs-ai/,,Sarang Zambare; Eric Taylor,https://linkedin.com/in/sarang-zambare; https://www.linkedin.com/in/eric-taylor-995b923b/,https://twitter.com/sarangz11; ,,No,3,No,,,Early,Industrials
akkari,Akkari,Spring 2026,Active,https://akkari.io/,akkari.io,https://www.ycombinator.com/companies/akkari,Autonomous Customer Operations,San Francisco,US,High,,,Jeffrey Byun; Henry A. Lee; Michael Moore,https://www.linkedin.com/in/jeffbyun/; https://www.linkedin.com/in/henryalee/; https://www.linkedin.com/in/michaelgarymoore/,https://twitter.com/jeffbyun; ; https://x.com/michaelmoore_sf,,No,5,No,,,Early,B2B
heyclicky,HeyClicky,Spring 2026,Active,https://heyclicky.com/,heyclicky.com,https://www.ycombinator.com/companies/heyclicky,The simplest interface in the world to talk AI models + spawn agents,San Francisco,US,High,,https://x.com/heyclicky,,,,,No,,No,,,Early,Consumer
gbrain,GBrain,Spring 2026,Active,https://gbrain.io,gbrain.io,https://www.ycombinator.com/companies/gbrain,A personal or team assistant that works while you sleep,San Francisco,US,High,,,Brad Gessler; Jamison Mercurio,https://www.linkedin.com/in/bradgessler/; https://linkedin.com/in/jamison-mercurio,https://twitter.com/bradgessler; ,,No,3,No,,,Early,B2B
huscarl,Huscarl,Spring 2026,Active,https://www.huscarl.io/,huscarl.io,https://www.ycombinator.com/companies/huscarl,AI-native actuary enabling self-insurance for corporations,San Francisco,US,High,https://www.linkedin.com/company/huscarl/about/,,Alex Musy; Paulien Jeunesse,https://www.linkedin.com/in/alexandre-musy-653012148/; https://linkedin.com/in/paulienjeunesse,; ,,No,2,Yes,,,Early,Fintech
thomas,Thomas,Spring 2026,Active,https://madebythomas.ai,madebythomas.ai,https://www.ycombinator.com/companies/thomas,The first AI founder: a virtual human who runs his own companies.,San Francisco,US,High,https://www.linkedin.com/in/madebythomasai/,https://x.com/madebythomasai,Human Thomas,https://www.linkedin.com/in/madebythomasai,https://x.com/madebythomasai,,No,2,No,,,Early,B2B
cohesion,Cohesion,Spring 2026,Active,https://cohesionplatform.com/,cohesionplatform.com,https://www.ycombinator.com/companies/cohesion,Modern Intelligence for Finance,"New York City, NY",US,High,https://www.linkedin.com/company/cohesionplatform/,,Devon Krapcho; Matthew McBrien; Matt Munns,https://www.linkedin.com/in/devon-krapcho-439a7498/; https://www.linkedin.com/in/matthew-mcbrien-784b32116/; https://www.linkedin.com/in/matthew-munns-98727b138/,; https://x.com/mmcbrien4; ,,No,3,No,,,Early,B2B
maquoketa-research,Maquoketa Research,Spring 2026,Active,https://www.maquoketa.net,maquoketa.net,https://www.ycombinator.com/companies/maquoketa-research,Automated LiveOps for Game Studios,San Francisco,US,No,https://www.linkedin.com/company/maquoketa-research/,,Evan Yeager; David Muchow; Aidan Williams,https://www.linkedin.com/in/evanyeager; https://www.linkedin.com/in/david-muchow-57775a398/; https://www.linkedin.com/in/aidan-williams-055ba626b/,; ; ,,No,5,No,,,Early,B2B
intelligence-factory,Intelligence Factory,Spring 2026,Active,https://intelligence-factory.com,intelligence-factory.com,https://www.ycombinator.com/companies/intelligence-factory,Human Intelligence for Robots,"New York City, NY",US,Medium,https://www.linkedin.com/company/intelligence-factory/?viewAsMember=true,,Yash Sinha; Jalaj Shukla,https://www.linkedin.com/in/yash-sinha-556b411b3/; https://www.linkedin.com/in/jalaj-shukla-635005167/,; ,,No,10,Yes,,,Early,Industrials
clawvisor,Clawvisor,Spring 2026,Active,https://clawvisor.com,clawvisor.com,https://www.ycombinator.com/companies/clawvisor,The Authorization Layer for AI Agents,San Francisco,US,High,,https://x.com/clawvisor,Eric Levine,https://www.linkedin.com/in/levineericj/,https://x.com/ericlevine,,No,1,No,,,Early,B2B
framewise-health,Framewise Health,Spring 2026,Active,https://framewisehealth.com,framewisehealth.com,https://www.ycombinator.com/companies/framewise-health,AI-native patient engagement,San Francisco,US,High,https://www.linkedin.com/company/framewise-health/,https://x.com/framewisehealth?s=21,Tane Kim,https://www.linkedin.com/in/tanekim/,,,No,2,No,,,Early,Healthcare
arctic-health,Arctic Health,Spring 2026,Active,https://arctic.health,arctic.health,https://www.ycombinator.com/companies/arctic-health,AI-native credentialing and contracting for healthcare,"New York City, NY",US,High,https://www.linkedin.com/company/arctic-health,,Sam Slezek; Michael Clark; Raghav Mehrish,https://www.linkedin.com/in/slezek/; https://www.linkedin.com/in/michael-clark-newyork/; https://www.linkedin.com/in/rmehrish/,; ; ,,No,4,No,,,Early,Healthcare
enjamb-labs,Enjamb Labs,Spring 2026,Active,https://www.enjamb.ai,enjamb.ai,https://www.ycombinator.com/companies/enjamb-labs,The AI Workforce for Biopharma,San Francisco,US,High,https://www.linkedin.com/company/enjamb/,https://x.com/enjamblabs,Rayan Mubarak; Maadhav Deekshitha,https://www.linkedin.com/in/rayan-mubarak-741601332/; https://www.linkedin.com/in/maadhav-deekshitha-0921b4243/,https://x.com/rayannmubarak; https://x.com/MaadhavD2,650000,No,2,No,0,,Early,B2B
hyper-4,Hyper,Spring 2026,Active,https://heyhyper.ai,heyhyper.ai,https://www.ycombinator.com/companies/hyper-4,Company brain that powers your AI employees,San Francisco,US,High,http://linkedin.com/company/heyhyperai,https://x.com/heyhyperai,Shalin Shah; Kanyes Thaker,https://www.linkedin.com/in/shalins; https://linkedin.com/in/kanyesthaker,https://x.com/_shalinshah_; https://x.com/KanyesThaker,,No,2,No,,,Early,B2B
insforge-instacloud,InsForge (InstaCloud),Spring 2026,Active,https://insforge.dev/,insforge.dev,https://www.ycombinator.com/companies/insforge-instacloud,The agent-native serverless cloud,San Francisco,US,High,https://www.linkedin.com/company/insforge/,https://x.com/Insforge,Hang Huang; Tony Chang,https://linkedin.com/in/hang-huang-oliver; https://www.linkedin.com/in/tony-chang-0430/,https://x.com/hanghuang_; https://x.com/tonychang430,2000000,No,6,No,0,,Early,B2B
reasonblocks,ReasonBlocks,Spring 2026,Active,https://reasonblocks.com/,reasonblocks.com,https://www.ycombinator.com/companies/reasonblocks,Specialized models that make your AI agents cheaper and more reliable.,San Francisco,US,High,https://www.linkedin.com/company/reason-blocks/,,Sajeev Magesh,https://www.linkedin.com/in/sajeev-magesh-765514209/,,,No,2,No,,,Early,B2B
modern,Modern,Spring 2026,Active,https://getmodern.ai,getmodern.ai,https://www.ycombinator.com/companies/modern,Modern - the ServiceNow killer,"Melbourne, Australia",AU,High,https://www.linkedin.com/company/modernhq,,Seb Poole; Aleks Tomovski,https://www.linkedin.com/in/seb-poole/; https://www.linkedin.com/in/atomovski/,; ,,No,2,No,,,Early,B2B
panacea,Panacea,Spring 2026,Active,https://withpanacea.com,withpanacea.com,https://www.ycombinator.com/companies/panacea,AI-Native FDA Regulatory Services,San Francisco,US,High,https://www.linkedin.com/company/panacea-bio/,,Haris Javed-Akhtar; Yaman Ziadeh,https://www.linkedin.com/in/haris-javed-akhtar-md-184717256/; https://www.linkedin.com/in/yaman-ziadeh,; ,,No,3,No,,,Early,Healthcare
centralcoms,CentralComs,Spring 2026,Active,https://centralcoms.com,centralcoms.com,https://www.ycombinator.com/companies/centralcoms,AI agent platform for home services companies.,San Francisco,US,High,https://www.linkedin.com/company/centralcoms,,Kyle Chang; Kevin Wong,https://www.linkedin.com/in/kylegchang/; https://www.linkedin.com/in/kevinzwong/,; ,,No,2,No,,,Early,Real Estate and Construction
kugelaudio,KugelAudio,Spring 2026,Active,https://kugelaudio.com/en,kugelaudio.com,https://www.ycombinator.com/companies/kugelaudio,Kugel is an on-prem Voice AI model supporting 30+ languages ,"Berlin, Germany",DE,High,https://de.linkedin.com/company/kugelaudio,https://x.com/KugelAudio,Viktor Presber; Kajo Kratzenstein,https://www.linkedin.com/in/viktor-presber; https://linkedin.com/in/kratzenstein,; ,,No,4,Yes,,,Early,B2B
klaimee,Klaimee,Spring 2026,Active,https://www.klaimee.ai,klaimee.ai,https://www.ycombinator.com/companies/klaimee,"Liability insurance for AI Agents. You deploy agents, we cover you.",San Francisco,US,High,https://www.linkedin.com/company/klaimee,https://x.com/klaimee_ai,Ines Boutemadja; Julien Catonnet,https://www.linkedin.com/in/inesboutemadja; https://www.linkedin.com/in/julien-catonnet-18624162/,https://x.com/inesboutem; ,,No,2,Yes,,,Early,Fintech
flowscope,flowscope,Spring 2026,Active,https://flowscope.com,flowscope.com,https://www.ycombinator.com/companies/flowscope,AI implementation firm that maps and automates business processes,San Francisco,US,High,https://www.linkedin.com/company/flow-scope,,Samuel Mirpuri; Javier Leguina,https://www.linkedin.com/in/samuel-mirpuri; https://linkedin.com/in/jleguina0,; https://x.com/jleguina0,,No,2,Yes,1,Founding Engineer,Early,B2B
pumpgtm,PumpGTM,Spring 2026,Active,https://pumpgtm.com/,pumpgtm.com,https://www.ycombinator.com/companies/pumpgtm,"Find and engage with desperate buyers across LinkedIn, Email, and X",San Francisco,US,High,,https://x.com/pumpgtm,Namanyay Goel,https://www.linkedin.com/in/namanyayg/,https://x.com/NamanyayG,,No,5,No,,,Early,B2B
arlo-industries,Arlo Industries,Spring 2026,Active,https://arlo1.com/,arlo1.com,https://www.ycombinator.com/companies/arlo-industries,"Track drones and missiles without radars - Accurate, Passive, Scalable","New York City, NY",US,No,https://www.linkedin.com/company/109767109/,https://x.com/deoarlo,Deo Arlo (Iron Dome Guy),https://linkedin.com/in/deoarlo,https://x.com/deoarlo,,No,3,Yes,,,Early,Industrials
astraea,Astraea,Spring 2026,Active,https://tryastraea.com,tryastraea.com,https://www.ycombinator.com/companies/astraea,AI Operating System for Clinical Development,San Francisco,US,High,https://www.linkedin.com/company/115544127,,Joshua Wang; Sanmay Sarada,https://www.linkedin.com/in/joshua-wang-229196319/; https://www.linkedin.com/in/sanmay-sarada/,https://x.com/joshwqngsr; ,,No,6,Yes,,,Early,B2B
lattice-health,Lattice Health,Spring 2026,Active,https://www.latticehealthai.com/,latticehealthai.com,https://www.ycombinator.com/companies/lattice-health,Monitoring and governance for deployed medical imaging AI,San Francisco,US,High,,,Christine Park,https://linkedin.com/in/christine-park-642011230,https://x.com/sparkcpark,,No,1,No,,,Early,Healthcare
manicule,Manicule,Spring 2026,Active,https://manicule.com,manicule.com,https://www.ycombinator.com/companies/manicule,AgentRel — Devrel For Agents,San Francisco,US,High,https://www.linkedin.com/company/manicule,https://x.com/manicule,Shreyans Jain; Naman Bansal,https://linkedin.com/in/sjain07; https://linkedin.com/in/namban,https://x.com/shreyansj; https://x.com/namanbansal0611,,No,7,Yes,,,Early,B2B
avea-robotics,Avea Robotics,Spring 2026,Active,https://www.avearobotics.com,avearobotics.com,https://www.ycombinator.com/companies/avea-robotics,The human-in-the-loop system for robots,San Francisco,US,Medium,https://www.linkedin.com/company/avea-robotics/,https://x.com/AveaRobotics,Ary Indarapu; Vikram Vadrevu,https://www.linkedin.com/in/aryanindarapu/; https://www.linkedin.com/in/vikramvadrevu, https://x.com/aryind_; https://x.com/vikramvadrevu,,No,2,No,,,Early,Industrials
mochatrade,Mochatrade,Spring 2026,Active,https://www.mochatrade.com,mochatrade.com,https://www.ycombinator.com/companies/mochatrade,"US stock trading, unlocked for the globe","New York City, NY",US,No,https://www.linkedin.com/company/mochatrade/,https://x.com/Mochatradeapp,Utkarsh Sinha; Parth Maheshwari; Chetan Manda,https://www.linkedin.com/in/utksn15/; https://www.linkedin.com/in/parthm1801; https://www.linkedin.com/in/chetanmanda/,; https://x.com/_ParthVader_; https://x.com/theblackmanda,,No,3,No,0,,Early,Fintech
asendia-ai,Asendia AI,Spring 2026,Active,https://asendia.ai/,asendia.ai,https://www.ycombinator.com/companies/asendia-ai,AI recruiters for staffing agencies,San Francisco,US,High,https://www.linkedin.com/company/asendia-ai/,https://x.com/asendia_ai,Rihab Lajmi; Badis Zormati,https://www.linkedin.com/in/rihab-l-085182164/; https://www.linkedin.com/in/badis-zormati/,https://x.com/LajmiRihab; https://x.com/zormati_ba,,No,3,Yes,,,Early,B2B
revnu,Revnu,Spring 2026,Active,https://revnu.com,revnu.com,https://www.ycombinator.com/companies/revnu,The growth infrastructure for the autonomous business,"Manchester, United Kingdom",GB,High,https://www.linkedin.com/company/revnu-app,https://x.com/revnu_app,George Jefferson; art freebrey,https://www.linkedin.com/in/georgejeffers/; https://www.linkedin.com/in/artfreebrey,https://x.com/GeorgeJeffersn; https://x.com/artfreebrey,,No,3,Yes,,,Early,B2B
uno-wallet,Uno Wallet,Spring 2026,Active,https://myunowallet.com/,myunowallet.com,https://www.ycombinator.com/companies/uno-wallet,The AI mobile wallet that replaces Apple Pay,San Francisco,US,High,https://www.linkedin.com/company/uno-wallet,https://x.com/MyUnoWallet,Mordi Shadpour,https://www.linkedin.com/in/mordi-shadpour,https://x.com/MordiShadpour,,No,2,Yes,,,Early,Fintech
arden,Arden,Spring 2026,Active,https://ardentech.ai/,ardentech.ai,https://www.ycombinator.com/companies/arden,AI-native internal audit firm,San Francisco,US,High,https://www.linkedin.com/company/ardeninc,,Aryaman Khanna,https://www.linkedin.com/in/aryaman-khanna-210a9121b/,https://x.com/aryamank24,,No,2,No,0,,Early,B2B
agentphone,AgentPhone,Spring 2026,Active,https://agentphone.ai/,agentphone.ai,https://www.ycombinator.com/companies/agentphone,Phone Numbers for AI Agents,San Francisco,US,High,https://www.linkedin.com/company/agentphone/,https://x.com/agentphonehq,Manav Modi; Meet Modi,https://www.linkedin.com/in/manav2modi/; https://www.linkedin.com/in/meetmodi-/,https://x.com/manav2modi; https://x.com/themeetmodi,,No,,Yes,,,Early,B2B
gravy,Gravy,Spring 2026,Active,https://gravy.finance,gravy.finance,https://www.ycombinator.com/companies/gravy,"Agents that move money, trade stocks, and file taxes.",San Francisco,US,High,https://www.linkedin.com/company/gravyfinance/,https://x.com/gravy_finance,Ali Tabba; Max Church,https://linkedin.com/in/alitabba; https://www.linkedin.com/in/max-church/,https://x.com/alitabba_; https://x.com/DevMaxC,,No,2,No,,,Early,Fintech
kinect,Kinect,Spring 2026,Active,https://www.trykinect.ai/,trykinect.ai,https://www.ycombinator.com/companies/kinect,The AI revenue platform for D2C brands,San Francisco,US,High,https://www.linkedin.com/company/trykinect/,https://x.com/trykinect,Kratik Agrawal; Varun Kandula,https://www.linkedin.com/in/kratikagrawal/; https://www.linkedin.com/in/varunkandula,https://x.com/Kratik_ag; http://x.com/varunkand,,No,2,No,,,Early,B2B
runtime,Runtime,Spring 2026,Active,https://www.runtm.com/,runtm.com,https://www.ycombinator.com/companies/runtime,AI agents for financial operations,San Francisco,US,High,https://www.linkedin.com/company/runtm/,https://x.com/gustrigos,Gus Trigos; Carlos Volante,https://www.linkedin.com/in/gustavoatrigos; https://linkedin.com/in/carlos-volante-49bb86145,https://x.com/gustrigos; ,,No,7,Yes,,,Early,B2B
youart,YouArt,Spring 2026,Active,https://youart.ai,youart.ai,https://www.ycombinator.com/companies/youart,Patreon for AI Originals,San Francisco,US,High,https://www.linkedin.com/company/youart/,https://x.com/YouArtStudio,Harry Zheng; Edward Ma,https://www.linkedin.com/in/harry-zheng-bbb847105/; https://www.linkedin.com/in/ed-m-aigc/,; ,,No,3,No,,,Early,Consumer
expanse,Expanse,Spring 2026,Active,https://expanse.sh,expanse.sh,https://www.ycombinator.com/companies/expanse,Unlock wasted GPU capacity.,"London, United Kingdom",GB,High,https://www.linkedin.com/company/expanse-compute,https://x.com/ExpanseCompute,Ismaeel Bashir; Nikodem Bieniek; Yafet Melake; Eren Mendi,https://www.linkedin.com/in/ismaeel-bashir/; https://linkedin.com/in/nikodemb/; https://www.linkedin.com/in/yafet-melake; https://www.linkedin.com/in/eren-mendi-929b55138,https://x.com/ismaeel_bashir_; https://x.com/nkdem_b; https://x.com/yafet_melake; https://x.com/erenzmendi03,,No,4,No,0,,Early,B2B
characterquilt,CharacterQuilt,Spring 2026,Active,https://characterquilt.com,characterquilt.com,https://www.ycombinator.com/companies/characterquilt,Computer use agents to deploy enterprise marketing campaigns,San Francisco,US,High,https://www.linkedin.com/company/characterquilt,,Bhairav Mehta; Clint Burgess,https://linkedin.com/in/bhairav-mehta; https://linkedin.com/in/clintburgess,; https://x.com/ClintVanBurgess,,No,4,Yes,6,"Member of Technical Staff, Agent Infrastructure and Reliability; Staff Software Engineer, Agent Infrastructure and Reliability; Member of Technical Staff, Agent Systems; Staff Software Engineer, Agent Systems and Product Quality; Go-to-Market Engineer; Founding Account Executive (NYC)",Early,B2B
pentagon,Pentagon,Spring 2026,Active,https://pentagon.run,pentagon.run,https://www.ycombinator.com/companies/pentagon,The control plane for agent-native work.,San Francisco,US,High,https://www.linkedin.com/company/run-pentagon,https://x.com/runpentagon,Edgar Pavlovsky,https://www.linkedin.com/in/edgarpavlovsky/,https://x.com/edgarpavlovsky,,No,1,No,,,Early,B2B
arzana,Arzana,Spring 2026,Active,https://www.arzana.com/,arzana.com,https://www.ycombinator.com/companies/arzana,The autonomous ERP for every manufacturer,"New York City, NY",US,High,https://www.linkedin.com/company/arzana-ai,,William Alexander; Marshall Kools,https://www.linkedin.com/in/william--alexander/; https://www.linkedin.com/in/marshallkools/,; ,,No,9,Yes,1,Founding GTM Engineer (Growth),Early,B2B
auxos,Auxos,Spring 2026,Active,https://www.useauxos.com,useauxos.com,https://www.ycombinator.com/companies/auxos,Simulations of real people for market research ,San Francisco,US,High,https://www.linkedin.com/company/auxos,https://x.com/UseAuxos,Ashton Daniel; Jerry Wu,https://linkedin.com/in/ashton-daniel; https://www.linkedin.com/in/jerrywuprofile/,https://x.com/TheAshtonDaniel; https://x.com/jwoobers,,No,3,No,,,Early,B2B
projectx,ProjectX,Spring 2026,Active,https://www.projectx.cloud/,projectx.cloud,https://www.ycombinator.com/companies/projectx,Agent native workspace for heavy parallel workflows on the web ,San Francisco,US,High,https://www.linkedin.com/company/projectx-cloud,https://x.com/ProjectX_Cloud,Rounak Adhikary; Bishal Karmakar; Sourya Majumder,https://www.linkedin.com/in/rounakadhikary/; https://www.linkedin.com/in/bishal-123-karmakar/; https://www.linkedin.com/in/souryapx,https://x.com/Rounacc; https://x.com/BishalK_; https://x.com/runallapps,,No,8,No,,,Early,B2B
tolmo,Tolmo,Spring 2026,Active,https://www.tolmo.com,tolmo.com,https://www.ycombinator.com/companies/tolmo,Tolmo is the AI security platform that secures every layer of cloud…,San Francisco,US,High,https://www.linkedin.com/company/tolmohq/,https://x.com/tolmhq,Pierre Betouin; Vladimir de Turckheim,https://www.linkedin.com/in/pbetouin/; https://www.linkedin.com/in/vladimirdeturckheim/,https://twitter.com/pbetouin; https://x.com/poledesfetes,22000000,No,12,No,0,,Early,B2B
openwork,OpenWork,Spring 2026,Active,https://openworklabs.com,openworklabs.com,https://www.ycombinator.com/companies/openwork,The open source alternative to Claude Cowork,San Francisco,US,High,https://www.linkedin.com/company/openwork-software,https://x.com/getopenwork,Ben Shafii,https://www.linkedin.com/in/ben-shafii-450039107/,https://x.com/benjaminshafii ,,No,4,Yes,,,Early,B2B
apollo-atomics-inc,"Apollo Atomics, Inc.",Spring 2026,Active,https://apolloatomics.com/,apolloatomics.com,https://www.ycombinator.com/companies/apollo-atomics-inc,We make the most compact nuclear reactors,Boston,US,No,https://www.linkedin.com/company/apollo-atomics/,https://x.com/ApolloAtomics,Assil Halimi; Drew Walker,https://www.linkedin.com/in/aahalimi/; https://www.linkedin.com/in/drewwalkerrr/,; ,31500000,No,,No,0,,Early,Industrials
general-aviation,General Aviation,Spring 2026,Active,https://generalaviation.com,generalaviation.com,https://www.ycombinator.com/companies/general-aviation,Fixing air traffic control with remote towers,"New York City, NY",US,No,,,Ben Frank,https://www.linkedin.com/in/benjaminsfrank,https://x.com/benjaminsfrank,,No,,No,,,Early,Industrials
openprose,OpenProse,Spring 2026,Active,https://prose.md,prose.md,https://www.ycombinator.com/companies/openprose,An open-source operating system for reliable long-running agents,Boston,US,High,https://www.linkedin.com/company/openprose,https://twitter.com/irl_danb,Dan Barrett,https://www.linkedin.com/in/irl-danb/,https://x.com/irl_danB,,No,3,No,,,Early,B2B
asterlab,Aster,Spring 2026,Active,https://www.asterlab.ai/,asterlab.ai,https://www.ycombinator.com/companies/asterlab,Automating open-ended research.,San Francisco,US,High,https://www.linkedin.com/company/111061400,https://x.com/asterailabs,Emmett Bicker,https://www.linkedin.com/in/emmett-bicker-604117238/,,,No,2,No,,,Early,B2B
amboras,Amboras,Spring 2026,Active,https://amboras.com,amboras.com,https://www.ycombinator.com/companies/amboras,AI Native Shopify,San Francisco,US,High,https://www.linkedin.com/company/109776165/admin/dashboard/,,Imad Mokadem; Amin Mokadem,https://www.linkedin.com/in/imad-eddine-mokadem-36aa64224/; https://www.linkedin.com/in/amin-mokadem-003bb3393/,; ,,No,3,Yes,,,Early,B2B
hessian,Hessian,Spring 2026,Active,https://hessian.sh,hessian.sh,https://www.ycombinator.com/companies/hessian,Forward-deployed AI Agents,"London, United Kingdom",GB,High,https://www.linkedin.com/company/hessianhq,,Bao Nguyen; James Smith; Tom Watson,https://www.linkedin.com/in/bao-thai-nguyen/; https://www.linkedin.com/in/jamesdsmith99/; https://www.linkedin.com/in/thomasedw/,; ; ,,No,3,No,,,Early,B2B
raspire,RASPIRE,Spring 2026,Active,https://raspire.com/,raspire.com,https://www.ycombinator.com/companies/raspire,Autonomous Runtime Security,San Francisco,US,High,https://www.linkedin.com/company/raspire,https://x.com/raspire_,Kareem Selim; Hassan Mostafa,https://www.linkedin.com/in/kareem-se1im; https://www.linkedin.com/in/h4ss4nmostafa/,; ,,No,3,No,,,Early,B2B
plena-health,Plena Health,Spring 2026,Active,https://www.plena.health/,plena.health,https://www.ycombinator.com/companies/plena-health,Plena is the AI operating system for specialty medical practices,San Francisco,US,High,https://www.linkedin.com/company/plenahealth,,Eyad Abdalla; Ahmed Al Mudarris,https://www.linkedin.com/in/eyadabd/; https://www.linkedin.com/in/ahmed-al-mudarris-11a5381bb/,https://x.com/eebadaeebada; ,,No,,No,,,Early,Healthcare
testerarmy,TesterArmy,Spring 2026,Active,https://tester.army,tester.army,https://www.ycombinator.com/companies/testerarmy,"Test your app with AI, catch bugs before users do","Warsaw, Poland",PL,High,https://www.linkedin.com/company/testerarmy,https://x.com/TesterArmy,Szymon Rybczak; Oskar Kwaśniewski,https://www.linkedin.com/in/szymonrybczak/; https://www.linkedin.com/in/okwasniewski/,https://x.com/SzymonRybczak; https://x.com/o_kwasniewski,1700000,No,6,No,0,,Early,B2B
eden-robotics,Eden Robotics,Spring 2026,Active,https://www.edenrobotics.ai,edenrobotics.ai,https://www.ycombinator.com/companies/eden-robotics,Autonomous services for humanity.,San Francisco,US,High,,,Stamatios Floratos; Joseph Humphreys,https://www.linkedin.com/in/stamatis-floratos-535b19244; https://www.linkedin.com/in/joseph-humphreys-1163b8150,https://x.com/StamatisTWIY; ,,No,4,Yes,,,Early,Industrials
foaster,Foaster,Spring 2026,Active,https://foaster.ai,foaster.ai,https://www.ycombinator.com/companies/foaster,The AI-native McKinsey,San Francisco,US,High,https://www.linkedin.com/company/foaster-ai,https://x.com/Foaster_ai,Raphaël Dabadie; Alexandre Combes,https://www.linkedin.com/in/raphaël-dabadie-412bb9248/; https://www.linkedin.com/in/alexandre-combes-2bb450271/,https://x.com/RaphaelDabadie; https://x.com/alexcmbs17,,No,2,No,,,Early,B2B
aquashield,AquaShield,Spring 2026,Active,https://aquashieldai.com,aquashieldai.com,https://www.ycombinator.com/companies/aquashield,AI water leak detection for buildings,San Francisco,US,High,https://www.linkedin.com/company/aquashieldai,https://x.com/AquaShieldai,Paul Beckers; Marguerite Benoist,https://www.linkedin.com/in/pbeckers1; https://www.linkedin.com/in/marguerite-benoist,; ,,No,3,Yes,,,Early,Real Estate and Construction
ornadyne,Ornadyne,Spring 2026,Active,https://ornadyne.com/,ornadyne.com,https://www.ycombinator.com/companies/ornadyne,We're building robot birds for surveillance.,"Los Angeles, CA",US,Medium,https://www.linkedin.com/company/ornadyne/,,Geourg Kivijian; Armen Arakelyan,https://www.linkedin.com/in/geourg-kivijian/; https://www.linkedin.com/in/armen-arakelyan-171b71219/,https://x.com/geourgkivijian; ,,No,4,No,,,Early,Industrials
anoria,ANORIA,Spring 2026,Active,https://www.anoria.com,anoria.com,https://www.ycombinator.com/companies/anoria,The first wearable that reads your emotions to enhance your EQ. ,San Francisco,US,Medium,https://www.linkedin.com/company/anoriainc/,https://x.com/anoria_inc,Michael Belhassen,https://www.linkedin.com/in/michael-belhassen/,https://x.com/michaelblhssn,,No,5,No,,,Early,Consumer
abinitio-bio,AbInitio Bio,Spring 2026,Active,https://www.abinitio-bio.com,abinitio-bio.com,https://www.ycombinator.com/companies/abinitio-bio,The Intelligence layer for Drug Manufacturing,Boston,US,High,https://www.linkedin.com/company/abinitio-bio/?viewAsMember=true,,Daniel Mukasa; Nisha Gopal,https://www.linkedin.com/in/daniel-mukasa-2a8927120/; https://www.linkedin.com/in/gopalnisha,https://x.com/DanielMukasa1; ,,No,2,No,,,Early,Healthcare
memory-store,Memory Store,Spring 2026,Active,https://memory.store,memory.store,https://www.ycombinator.com/companies/memory-store,Company Brain.,San Francisco,US,High,https://www.linkedin.com/company/memorystore/,https://x.com/memorydotstore,Diwank Tomer; Ishita Jindal,https://linkedin.com/in/diwank-tomer; https://www.linkedin.com/in/ishitajindal/,https://x.com/diwanksingh; https://x.com/IshitaJindal17,,No,4,No,,,Early,B2B
saudara-ai,Saudara AI,Spring 2026,Active,https://saudara.ai,saudara.ai,https://www.ycombinator.com/companies/saudara-ai,AI Native Sourcing Broker For Overseas Manufacturing,San Francisco,US,High,https://www.linkedin.com/company/109590962,https://x.com/saudaraAI,Edward Haryono; Jennifer Prasetyo,https://www.linkedin.com/in/edward-haryono-tanuwijaya/; https://www.linkedin.com/in/jenniferprasetyo,https://x.com/edwardharyono_; https://x.com/jenandtech_,,No,2,No,,,Early,B2B
pops,Pops,Spring 2026,Active,https://pops.fyi,pops.fyi,https://www.ycombinator.com/companies/pops,Create & play AI games with friends,"New York City, NY",US,High,https://www.linkedin.com/company/trypops,https://x.com/pops_fyi,Alon Zuman,https://www.linkedin.com/in/alonzuman/,https://x.com/alonzuman,,No,1,No,,,Early,Consumer
silmaril,Silmaril,Spring 2026,Active,https://silmaril.dev,silmaril.dev,https://www.ycombinator.com/companies/silmaril,Security for agents that self-improves,San Francisco,US,High,https://www.linkedin.com/company/silmarilsecurity,https://x.com/Silmarildev,Aum Upadhyay; Eduardo Velasco,https://www.linkedin.com/in/aum-u-517016269/; https://www.linkedin.com/in/eduardo-velasco-b10ba826b/,https://x.com/aumup001; https://x.com/EduardoVel36291,,No,2,No,,,Early,B2B
biostack-platforms,BioStack Platforms,Spring 2026,Active,https://www.getbiostack.com/,getbiostack.com,https://www.ycombinator.com/companies/biostack-platforms,Real world training envs for healthcare AI models,San Francisco,US,High,,,Sanat Mishra; Parth Patwa,https://www.linkedin.com/in/sanat-m-4b5077a4/; https://www.linkedin.com/in/parth-patwa/,https://x.com/sanatmishra7; ,,No,10,Yes,,,Early,Healthcare
ardent,Ardent,Spring 2026,Active,https://tryardent.com,tryardent.com,https://www.ycombinator.com/companies/ardent,Database sandboxes for Agents,San Francisco,US,High,https://www.linkedin.com/company/ardent-db,https://x.com/ArdentAI,Vikram Chennai,https://www.linkedin.com/in/vikram-chennai/,https://x.com/vchennai2,,No,3,Yes,,,Early,B2B
kuli,Kuli,Spring 2026,Active,https://kuli.one,kuli.one,https://www.ycombinator.com/companies/kuli,AI coworker for marketing teams at the largest consumer brands,"Paris, France",FR,High,https://www.linkedin.com/company/kuliai/,,Michael Hodara; Jonathan Hassan,https://linkedin.com/in/michaelhodara; https://www.linkedin.com/in/jonathan-salvador-hassan/,https://x.com/maradoh22; ,,No,1,Yes,,,Early,B2B
wato,Wato,Spring 2026,Active,https://www.watolabs.com/,watolabs.com,https://www.ycombinator.com/companies/wato,The control point for AI agents at work.,San Francisco,US,High,https://www.linkedin.com/company/watoinc,https://x.com/watolabs,Arihan Varanasi; Rahul Rejeev,https://www.linkedin.com/in/arihanvaranasi/; https://www.linkedin.com/in/rahulrejeev/,https://x.com/arihanxv; https://x.com/rahulrejeev,,No,2,No,,,Early,B2B
tasklet-2,Tasklet,Spring 2026,Active,https://tasklet.ai,tasklet.ai,https://www.ycombinator.com/companies/tasklet-2,Agents that own the work,San Francisco,US,High,https://www.linkedin.com/company/taskletai/,https://x.com/TaskletAI,Andrew Lee; Jonny Dimond,https://www.linkedin.com/in/startupandrew/; https://www.linkedin.com/in/jonnydimond/,https://twitter.com/startupandrew; https://x.com/jonnydimond,,No,8,Yes,5,Head of Design Engineering; Software Engineer — AI Infra; Software Engineer — Platform; Customer Success Engineer; Software Engineer — Product,Growth,B2B
chronicle-labs,Chronicle Labs,Spring 2026,Active,https://chronicle-labs.com,chronicle-labs.com,https://www.ycombinator.com/companies/chronicle-labs,Staging Environments for Enterprise AI Agents,San Francisco,US,High,,,Ayman Saleh,https://linkedin.com/in/ayman-saleh,https://x.com/sir_aymansaleh,,No,2,No,,,Early,B2B
walter,Walter,Spring 2026,Active,https://www.walter.one,walter.one,https://www.ycombinator.com/companies/walter,AI Employee for Manufacturing Operations,San Francisco,US,High,https://www.linkedin.com/company/waltertechnologies/?viewAsMember=true,https://x.com/walterindustry,Nikolas Keller; Lukas Postulka,https://www.linkedin.com/in/nikolas-keller/; https://www.linkedin.com/in/postulkalukas,https://x.com/nikolas_keller; ,,No,,No,,,Early,B2B
aseon-labs,Aseon Labs,Spring 2026,Active,https://www.aseonlabs.com/,aseonlabs.com,https://www.ycombinator.com/companies/aseon-labs,Robotic pitstops for self-driving cars,San Francisco,US,Medium,https://www.linkedin.com/company/aseon-labs/,https://x.com/aseonlabs,George Kalligeros; Dan Keene,https://www.linkedin.com/in/kalligeros; https://www.linkedin.com/in/dancbkeene/,https://x.com/kalligeros; https://x.com/keenebyname,10000000,Yes,5,Yes,,,Early,Industrials
soria,Soria,Spring 2026,Active,https://www.soriaanalytics.com/,soriaanalytics.com,https://www.ycombinator.com/companies/soria,AI Financial Research Terminal built for Healthcare (and beyond),"New York City, NY",US,High,,,Adam Ron; Cameron Spiller,https://www.linkedin.com/in/adammron; https://www.linkedin.com/in/cameron-spiller-b316b850/,; ,,No,3,Yes,,,Early,Fintech
armature,Armature,Spring 2026,Active,https://armature.tech,armature.tech,https://www.ycombinator.com/companies/armature,We get your product picked by coding agents.,"Paris, France",FR,High,https://www.linkedin.com/company/armature-tech,https://x.com/ArmatureYCP26,Theodore Otzenberger; Louis Scremin,https://www.linkedin.com/in/theodore-otzenberger-895345131/; https://www.linkedin.com/in/louis-scremin/,https://x.com/Totzenberger; ,,No,3,No,,,Early,B2B
plan0-ai,PLAN0 AI,Spring 2026,Active,https://plan0.ai/,plan0.ai,https://www.ycombinator.com/companies/plan0-ai,Construction Cost Intelligence.,,,High,https://www.linkedin.com/company/plan0-ai,,Arash Barati; Shervin Barati; Dimitris Pagonakis,https://www.linkedin.com/in/arash-barati-06180926/; https://www.linkedin.com/in/shervin-barati-70868b3ab/; https://www.linkedin.com/in/dimitris-pagonakis-0811b769,; ; ,,No,4,No,,,Early,Real Estate and Construction
zibra-labs,Zibra Labs,Spring 2026,Active,https://zibralabs.ai/,zibralabs.ai,https://www.ycombinator.com/companies/zibra-labs,Distributed runtime for AI workloads at scale,San Francisco,US,High,https://www.linkedin.com/company/121104148/,,Ibrahim Rabbani; Zac Policzer,https://www.linkedin.com/in/israbbani/; https://www.linkedin.com/in/zac-policzer-41160157,; ,,No,2,No,,,Early,B2B
reason-machines,Reason Machines,Spring 2026,Active,https://reasonmachines.com,reasonmachines.com,https://www.ycombinator.com/companies/reason-machines,"Reason Machines builds Reason Agent, the autonomous software engineer…",San Francisco,US,High,https://www.linkedin.com/company/reasonmachines,https://x.com/reasonmachines,Adi Singh; Sven Myhre,https://www.linkedin.com/in/adisinghlink; https://www.linkedin.com/in/svemyh,https://x.com/xadisingh; https://x.com/svemyh,,No,2,Yes,,,Early,B2B
valctrl,ValCtrl,Spring 2026,Active,https://valctrl.com,valctrl.com,https://www.ycombinator.com/companies/valctrl,ValCtrl is building the only intelligent prediction market,"New York City, NY",US,High,,https://x.com/ValCtrl,Sarth Garg; Gaurav Paliwal,https://www.linkedin.com/in/sarkgarg/; https://www.linkedin.com/in/qaurav/,https://x.com/gargsarthak678; https://x.com/qavrav,,No,2,No,,,Early,Fintech
general-instinct,General Instinct,Spring 2026,Active,https://general-instinct.com/,general-instinct.com,https://www.ycombinator.com/companies/general-instinct,Inference Infrastructure for Physical AI,San Francisco,US,High,https://www.linkedin.com/company/general-instinct/,,Bill Jiao; Guanming Wang,https://www.linkedin.com/in/zhandong-jiao; https://www.linkedin.com/in/guanming-wang/,https://x.com/BillJiao930; https://x.com/Guanming717,,No,2,No,,,Early,Industrials
tdaycom,tday.com,Spring 2026,Active,https://tday.com,tday.com,https://www.ycombinator.com/companies/tdaycom,AI that turns your product into on-brand marketing content,San Francisco,US,High,https://www.linkedin.com/company/designtday,https://x.com/designtday,Cyrus Kelly; David McDonough,https://www.linkedin.com/in/cyruskelly; https://www.linkedin.com/in/david-mcdonough-53147a155/,; https://x.com/David_l_mcd1,,No,2,No,,,Early,B2B
e1o,E1O,Spring 2026,Active,https://e1o.com,e1o.com,https://www.ycombinator.com/companies/e1o,"Camera-free AI glasses. Your AI, out in the world.",San Francisco,US,High,https://www.linkedin.com/company/e1o,,Maceo Cardinale Kwik,https://www.linkedin.com/in/maceo-cardinale-kwik,https://x.com/maceock,,No,1,No,,,Early,Consumer
minicor,Minicor,Spring 2026,Active,https://minicor.com,minicor.com,https://www.ycombinator.com/companies/minicor,Scalable windows desktop automations,San Francisco,US,High,https://www.linkedin.com/company/minicor-automations,https://x.com/minicor_,Faizaan Chishtie; Saheed Akinbile,https://www.linkedin.com/in/fchishtie/; https://linkedin.com/in/saheed-akinbile,https://x.com/faizchishtie; https://x.com/sahee_d,,No,8,Yes,,,Early,B2B
masterpiece,Masterpiece,Spring 2026,Active,https://masterpiecelabs.xyz/,masterpiecelabs.xyz,https://www.ycombinator.com/companies/masterpiece,Working capital for data companies training frontier AI,"New York City, NY",US,High,https://www.linkedin.com/company/masterpiecelabs/,https://x.com/masterpiece_lab,Benjamin Nguyen; Vivek Yanamadula,https://www.linkedin.com/in/benjaminnguyen206/; https://www.linkedin.com/in/vivekyy/,https://x.com/bennewgen; https://x.com/VivekYanamadula,,No,3,No,,,Early,Fintech
river-markets,River Markets,Spring 2026,Active,https://www.rivermarkets.com,rivermarkets.com,https://www.ycombinator.com/companies/river-markets,Prime brokerage for prediction markets,San Francisco,US,No,https://www.linkedin.com/company/rivermarkets,https://x.com/river_markets,Oscar Levy; Antonin Parrot,https://www.linkedin.com/in/oscar-levy/; https://www.linkedin.com/in/antonin-parrot-a16625196,; https://x.com/antonin_parrot,9000000,No,2,No,0,,Early,Fintech
smol-machines,smol machines,Spring 2026,Active,https://smolmachines.com/,smolmachines.com,https://www.ycombinator.com/companies/smol-machines,"Ship software faster with portable, self contained virtual machines.",San Francisco,US,No,https://www.linkedin.com/company/smol-machines/,,BinBin He,https://linkedin.com/in/binsquare,https://x.com/binsquares,,No,1,No,,,Early,B2B
allowance,Allowance,Spring 2026,Active,https://useallowance.com/,useallowance.com,https://www.ycombinator.com/companies/allowance,The spend control layer for AI agents,San Francisco,US,High,https://x.com/dasmersingh,https://x.com/dasmersingh,Dasmer Singh,https://www.linkedin.com/in/dasmer,https://x.com/dasmersingh,,No,1,No,,,Early,Fintech
runharbor,Harbor,Spring 2026,Active,https://runharbor.com/,runharbor.com,https://www.ycombinator.com/companies/runharbor,AI-native CRO for clinical trial operations,San Francisco,US,High,https://www.linkedin.com/company/runharbor,https://x.com/runharbor,Albert Cai; Nathan H. Leung,https://www.linkedin.com/in/ac-ai; https://www.linkedin.com/in/nathanhleung,; https://x.com/nathanhleung,,No,3,No,,,Early,Healthcare
alchemize,Alchemize,Spring 2026,Active,https://tryalchemize.com,tryalchemize.com,https://www.ycombinator.com/companies/alchemize,Building AI Native Customs Brokerages,San Francisco,US,High,https://www.linkedin.com/company/tryalchemize/,https://x.com/TryAlchemize,Robert Hou,https://www.linkedin.com/in/robertyhou/,,,No,2,No,,,Early,B2B
complir,Complir,Spring 2026,Active,https://complir.io/,complir.io,https://www.ycombinator.com/companies/complir,Vanta for physical products,"Copenhagen, Denmark",DK,High,https://www.linkedin.com/company/complir,,Gustav Bang; Marc Kaa Brejner; Tine Kühnel,https://www.linkedin.com/in/gustavbangn/; https://www.linkedin.com/in/marc-kaa-brejner/; https://www.linkedin.com/in/tinekuhnel/,; ; ,13471048,Yes,13,Yes,3,Head of Germany; Open Application; Product Engineer,Early,B2B
aice,AICE,Spring 2026,Active,https://aicepower.com,aicepower.com,https://www.ycombinator.com/companies/aice,Submarine drones for defense,"Paris, France",FR,Medium,https://www.linkedin.com/company/aice-power/,,Gregoire Chomette; Rémi Bouteiller,https://www.linkedin.com/in/gregoirechomette/; https://www.linkedin.com/in/remi-bouteiller/,; ,,No,2,No,,,Early,Industrials
infera,Infera,Spring 2026,Active,https://www.infera.bio,infera.bio,https://www.ycombinator.com/companies/infera,Control lab instruments with natural language.,San Francisco,US,High,https://www.linkedin.com/company/infera-bio/,,Troy Zhang; Chloe Sow,https://www.linkedin.com/in/troyzh; https://www.linkedin.com/in/chloe-sow,; ,,No,2,No,,,Early,Healthcare
mount,Mount,Spring 2026,Active,https://mount.insure,mount.insure,https://www.ycombinator.com/companies/mount,The AI Agent Insurance Carrier,San Francisco,US,High,https://www.linkedin.com/company/mountyc26/posts/?feedView=all,,Fabian Amherd; John Bachmann,https://www.linkedin.com/in/fabianamherd/; https://www.linkedin.com/in/john-bachmann-844978301?utm_source=share&utm_campaign=share_via&utm_content=profile&utm_medium=ios_app,; ,,No,2,No,,,Early,Fintech
parrot,Parrot,Fall 2025,Active,https://parrotapp.com/,parrotapp.com,https://www.ycombinator.com/companies/parrot,TikTok for language learning,San Francisco,US,High,https://www.linkedin.com/company/parrotapp/,,Amir Hanna; Erik Dahl; Julia Hudea,https://www.linkedin.com/in/amirhanna1; https://www.linkedin.com/in/-erik-dahl-; https://www.linkedin.com/in/julia-hudea-aa582414a/,https://x.com/byAmirHanna; ; ,,No,3,No,,,Early,Consumer
result,Result,Spring 2026,Active,https://result.dev/,result.dev,https://www.ycombinator.com/companies/result,Where new internet entrepreneurs build and run their companies,,,High,https://www.linkedin.com/company/117364283/,https://x.com/tryresult,Aaryan Kushwah; Savio Martin,https://www.linkedin.com/in/aaryan-kushwah; https://www.linkedin.com/in/saviomartin/,https://x.com/kushwah_aaryan; https://x.com/saviomartin7,,No,2,No,,,Early,Consumer
lumius,Lumius,Spring 2026,Active,https://www.lumius-imaging.com,lumius-imaging.com,https://www.ycombinator.com/companies/lumius,"Fast, smart, accessible 3D ultrasound that anyone can use","Durham, NC",US,No,,,Tri Vu; Luca Menozzi,https://www.linkedin.com/in/tri-vu-pa/; https://www.linkedin.com/in/luca-menozzi-7490a6154,; ,,No,4,Yes,,,Early,Healthcare
adialante,Adialante,Spring 2026,Active,http://www.adialante.com,adialante.com,https://www.ycombinator.com/companies/adialante,Cancer screening without barriers,San Francisco,US,No,https://www.linkedin.com/company/adialante/,,Efrain Torres; Parker Jenkins,https://www.linkedin.com/in/dr-efra%C3%ADn-torres-85293512a/; https://www.linkedin.com/in/parker-jenkins-486893130/,https://x.com/ET_adialante; ,,No,4,Yes,,,Early,Healthcare
savant,Savant,Spring 2026,Active,https://heysavant.com/,heysavant.com,https://www.ycombinator.com/companies/savant,Company brain every AI-native enterprise runs on,San Francisco,US,High,,,Anthony Kim,https://www.linkedin.com/in/anthonyhkim7/,,,No,2,No,,,Early,B2B
keyframe-labs,Keyframe Labs,Spring 2026,Active,https://keyframelabs.com,keyframelabs.com,https://www.ycombinator.com/companies/keyframe-labs,Bring AI to life with the world's best interactive avatars,San Francisco,US,High,https://www.linkedin.com/company/keyframe-labs-inc,https://x.com/KeyframeLabs,Parth Radia; Kaahan Radia,https://www.linkedin.com/in/parthradia/; https://www.linkedin.com/in/kaahan-radia-2ba47354/,https://x.com/parthnradia; https://x.com/kradisme,,No,2,No,,,Early,B2B
voquill,Voquill,Spring 2026,Active,https://voquill.com/,voquill.com,https://www.ycombinator.com/companies/voquill,The agentic OS for medical labs,San Francisco,US,High,https://www.linkedin.com/company/voquill,,Michael Gibson; Henry Habib; Josiah Saunders,https://www.linkedin.com/in/michael--gibson/; https://www.linkedin.com/in/hasanainhn; https://www.linkedin.com/in/josiah-saunders/,; https://x.com/HenryHabibAI; https://x.com/josiahsrc,,No,3,No,,,Early,Healthcare
ontora,Ontora,Spring 2026,Active,https://ontora.com,ontora.com,https://www.ycombinator.com/companies/ontora,AI agents that interviews every employee to hand context to AI tools. ,"Berlin, Germany",DE,High,https://www.linkedin.com/company/ontora/,https://x.com/ontoratech,Leon Iwanowitsch; Maximilian Arnold; David Korn,https://www.linkedin.com/in/leon-j-iwanowitsch/; https://www.linkedin.com/in/arnold-max/; https://www.linkedin.com/in/korn-david/,https://x.com/LeonIwanowitsch; https://x.com/maxonary; https://x.com/dav1dk0rn,,No,3,No,,,Early,B2B
napkin-math,Napkin Math,Spring 2026,Active,https://napkinmath.club,napkinmath.club,https://www.ycombinator.com/companies/napkin-math,AI nutrition coach in your pocket,San Francisco,US,High,https://www.linkedin.com/company/napkinmath/,https://x.com/napkinmathclub,Jynnie Tang; Manuel Castro; Claire Nord,https://www.linkedin.com/in/jynnie/; https://www.linkedin.com/in/manuelccastro; https://linkedin.com/in/cmnord,; https://x.com/manny4c; https://x.com/clairen19,,No,3,No,,,Early,Consumer
gojiberry-ai,Gojiberry AI,Spring 2026,Active,https://www.gojiberry.ai,gojiberry.ai,https://www.ycombinator.com/companies/gojiberry-ai,AI Go-To-Market agents for B2B teams,"Paris, France",FR,High,https://www.linkedin.com/in/pelall/,,Pierre-Eliott Lallemant; Romàn Czerny; Dylan TEIXEIRA,https://www.linkedin.com/in/pelall/; https://www.linkedin.com/in/roman-cherny-a32069419/?skipRedirect=true; https://www.linkedin.com/in/dylan-txa-b88b0a418/,https://x.com/pierreeliottlal; https://x.com/romanbuildsaas; https://x.com/Dylan_txa,,No,7,Yes,,,Early,B2B
lab0,Lab0,Spring 2026,Active,https://lab0.ai,lab0.ai,https://www.ycombinator.com/companies/lab0,"AI FDEs to make your B2B SaaS Go Live in Days, not Months",San Francisco,US,High,https://www.linkedin.com/company/lab0-hq,https://x.com/lab0_ai,Onkar Borade; Lakshya Gupta; Sujay Srivastava,https://www.linkedin.com/in/onkar-borade/; https://www.linkedin.com/in/lakshya-gupta-0030771ba/; https://www.linkedin.com/in/sujaysriv/,https://x.com/onkar_borade_10; https://x.com/tokenaware; https://x.com/SujaySriv,,No,7,Yes,,,Early,B2B
bentolabs-ai,BentoLabs AI,Spring 2026,Active,https://bentolabs.ai/,bentolabs.ai,https://www.ycombinator.com/companies/bentolabs-ai,Monitoring and learning layer for long-running agents,"Bengaluru, India",IN,High,https://www.linkedin.com/company/bentolabs-ai,https://x.com/BentoLabsAI,Kaushik ASP,https://linkedin.com/in/kaushik-asp-b0b422bb,https://x.com/kacppian,,No,5,No,,,Early,B2B
lamina-labs,Lamina Labs,Spring 2026,Active,https://laminalabs.ai,laminalabs.ai,https://www.ycombinator.com/companies/lamina-labs,Near-real-time video infrastructure for LLMs,San Francisco,US,High,https://www.linkedin.com/company/lamina-labs/about/,https://x.com/laminalabs,Sudip Rokaya; Kartikesh Mishra,https://www.linkedin.com/in/sudip-rokaya-675604279/; https://www.linkedin.com/in/mk314k/,https://x.com/itsrealranky; https://x.com/mk314k,,No,2,No,,,Early,B2B
kimpton,Kimpton,Spring 2026,Active,https://kimpton.ai,kimpton.ai,https://www.ycombinator.com/companies/kimpton,Live Evaluation Arenas for Financial Work,"New York City, NY",US,High,https://www.linkedin.com/company/kimptonai/,https://x.com/KimptonAI,Jack Zumwalt; Adrian Del Bosque; Mauricio Ortiz,https://www.linkedin.com/in/jack-zumwalt/; https://www.linkedin.com/in/adriandelbosque/; https://www.linkedin.com/in/ortizmauricio01/,https://x.com/jackzumwalt; https://x.com/adriandelb; https://x.com/ortizmauricio_,,No,5,No,,,Early,Fintech
stablebrowse,StableBrowse,Spring 2026,Active,https://stablebrowse.ai/,stablebrowse.ai,https://www.ycombinator.com/companies/stablebrowse,Building the Data Infrastructure layer for Physical AI. ,San Francisco,US,High,https://www.linkedin.com/company/stablebrowse/,,Deepit Shah; Jay Mehta; Somansh Shah,https://www.linkedin.com/in/deepit-shah/; https://www.linkedin.com/in/jaymehta003; https://www.linkedin.com/in/somanshshah,https://x.com/deepitshah5; ; ,,No,3,No,,,Early,Industrials
taiga,Taiga,Spring 2026,Active,https://taigabilling.com,taigabilling.com,https://www.ycombinator.com/companies/taiga,Autonomous medical billing,San Francisco,US,High,https://www.linkedin.com/company/taigaai/,https://x.com/TaigaBilling,Nanda Guntupalli; Adam Wax,https://www.linkedin.com/in/nanda-guntupalli; https://www.linkedin.com/in/adam-wax/,https://x.com/nandaguntupalli; https://x.com/AdamWax3,,No,2,Yes,,,Early,Healthcare
pairio,Pairio,Spring 2026,Active,https://pairio.com,pairio.com,https://www.ycombinator.com/companies/pairio,AI mobile app that helps factory technicians fix broken machines,Germany,DE,High,https://www.linkedin.com/company/pairio-ai,,Tim Zinkl,https://www.linkedin.com/in/timzinkl/,,,No,3,No,,,Early,B2B
callab-ai,Callab AI,Spring 2026,Active,https://callab.ai,callab.ai,https://www.ycombinator.com/companies/callab-ai,AI voice agents for on-prem telephony stack. ,San Francisco,US,High,https://www.linkedin.com/company/104352862/,https://x.com/callab_ai,Haithem Kchaou; Chehir Dhaouadi,https://www.linkedin.com/in/haithemkchaou/; https://www.linkedin.com/in/chehirdhawedi/,https://x.com/haithemkchaou; ,,No,7,Yes,,,Early,B2B
synphony,Synphony,Spring 2026,Active,https://www.synphony.co/,synphony.co,https://www.ycombinator.com/companies/synphony,robots & software for farms,San Francisco,US,High,https://www.linkedin.com/company/109990424,https://x.com/im_sean_wu,Sean Wu; Lucas Amlicke,https://www.linkedin.com/in/seanwu2027/; https://www.linkedin.com/in/lucas-amlicke/,https://x.com/im_sean_wu; https://x.com/lukeamlicke,,No,10,No,,,Early,Industrials
dreach,Dreach,Spring 2026,Active,https://dreach.ai,dreach.ai,https://www.ycombinator.com/companies/dreach,staffing firms with dreach grow revenue faster.,San Francisco,US,No,https://linkedin.com/company/joindrip,https://x.com/Drippaygmi,Mike Levin,https://www.linkedin.com/in/mikelevin-/,https://x.com/mike_drip,,No,2,No,,,Early,B2B
arga-labs,Arga Labs,Spring 2026,Active,https://www.argalabs.com/,argalabs.com,https://www.ycombinator.com/companies/arga-labs,Real-world sandboxes to test and train AI agents,San Francisco,US,High,https://www.linkedin.com/company/arga-labs,https://x.com/argalabs,Phillip Li; Akira Tong,https://www.linkedin.com/in/phillip-li-a28a84217/; https://www.linkedin.com/in/akira-tong,https://x.com/PhillipLii; https://x.com/akkkkiira,10500000,No,4,No,0,,Early,B2B
andco,Andco,Spring 2026,Active,http://www.useandco.com,useandco.com,https://www.ycombinator.com/companies/andco,Agents that build personal injury cases,San Francisco,US,High,https://www.linkedin.com/company/andcolegal/,https://x.com/andcolegal,Ryan Xue; David Lee; Michael Lemm,https://www.linkedin.com/in/ryanxue/; https://linkedin.com/in/lee-david3; https://www.linkedin.com/in/michael-s-lemm/,; https://x.com/dleebuilds; https://x.com/mikeslemm,,No,3,Yes,1,Founding Engineer,Early,B2B
rentahuman,RentAHuman,Spring 2026,Active,https://rentahuman.ai,rentahuman.ai,https://www.ycombinator.com/companies/rentahuman,Marketplace for AI agents to hire humans.,San Francisco,US,High,https://www.linkedin.com/company/rentahuman-ai,https://x.com/rentahumanx,Alexander Liteplo,https://www.linkedin.com/in/alexander-liteplo,https://x.com/AlexanderTw33ts,,No,3,No,,,Early,Consumer
instaagent,InstaAgent,Spring 2026,Active,https://instaagent.com,instaagent.com,https://www.ycombinator.com/companies/instaagent,Scale marketing campaigns across hundreds of personas,San Francisco,US,No,https://www.linkedin.com/company/instaagent/,https://x.com/InstaAgentAI,Kyle Wong; Colin Tseung,https://www.linkedin.com/in/kylewong2/; https://www.linkedin.com/in/tseungc/,https://x.com/klwongkyle; https://x.com/tseungcolin,,No,10,No,,,Early,B2B
antinuous,Antinuous,Spring 2026,Active,https://www.antinuous.com/,antinuous.com,https://www.ycombinator.com/companies/antinuous,Autonomous research agents for R&D and education,San Francisco,US,High,https://www.linkedin.com/company/antinuous,https://x.com/antinuous_,Ricardo Nunez,https://www.linkedin.com/in/ricardonunez-01/,https://x.com/ricardo_nunez,,No,2,No,,,Early,B2B
sherpa,Sherpa,Spring 2026,Active,https://www.withsherpa.ai/,withsherpa.ai,https://www.ycombinator.com/companies/sherpa,Make websites improve themselves.,San Francisco,US,High,https://www.linkedin.com/company/withsherpa,https://x.com/with_sherpa,Ethan Kinnan; Norbu Sonam,https://www.linkedin.com/in/ethan-kinnan/; https://www.linkedin.com/in/norbusonam/,https://x.com/ethan_kinnan; https://x.com/norbusonam,,No,2,No,,,Early,B2B
userlens,Userlens,Spring 2026,Active,https://userlens.io,userlens.io,https://www.ycombinator.com/companies/userlens,Let agents talk to your customers,San Francisco,US,High,https://www.linkedin.com/company/userlens/,https://x.com/userlens_hq,Ankur Dahama; Hai Ta,https://www.linkedin.com/in/ankurdahama/; https://www.linkedin.com/in/anhaita,https://x.com/ankur_d; https://x.com/HaiTa,,No,4,No,,,Early,B2B
transload,transload,Spring 2026,Active,https://www.transload.ai,transload.ai,https://www.ycombinator.com/companies/transload,Measure freight with security cameras,"Munich, Germany",DE,No,,,Julius Scheel; Nils Börner; Jago Wahl-Schwentker,https://www.linkedin.com/in/juliusscheel/; https://www.linkedin.com/in/boenils/; https://www.linkedin.com/in/jagowahl/,; https://x.com/nilsboern; ,,No,3,No,,,Early,B2B
standout,Standout,Spring 2026,Active,https://standout.work,standout.work,https://www.ycombinator.com/companies/standout,Agentic hiring marketplace,San Francisco,US,High,https://www.linkedin.com/company/standoutwork,https://x.com/standoutwork,Alexis Aftalion; Witold de La Chapelle,https://www.linkedin.com/in/alexisaftalion; https://www.linkedin.com/in/witold-dlc/,https://x.com/alexisaftalion; ,,No,5,Yes,,,Early,B2B
shotwellai,shotwell.ai,Spring 2026,Active,http://shotwell.ai/,shotwell.ai,https://www.ycombinator.com/companies/shotwellai,Annotations for robotics data,San Francisco,US,High,https://www.linkedin.com/company/shotwell-ai,https://x.com/ShotwellSt,Farhan Khan; Ali Abdalla; Ali Abid; Nour Eldifrawy,https://linkedin.com/in/fkhan0520; http://linkedin.com/in/aliabd; https://www.linkedin.com/in/aabid94/; https://www.linkedin.com/in/noureldifrawy/,; https://x.com/si3luwa; ; https://x.com/neldien_,,No,4,No,,,Early,Industrials
madrone,Madrone,Spring 2026,Active,https://madrone.cool/,madrone.cool,https://www.ycombinator.com/companies/madrone,Hyper-efficient coolers for data centers,San Francisco,US,No,https://www.linkedin.com/company/madrone-labs/,https://x.com/madronelabs,Akshay Trikha; Erik Meike,https://www.linkedin.com/in/akshay-trikha/; https://www.linkedin.com/in/erikmeike/,; ,,No,2,No,,,Early,Industrials
pavoot,Pavoot,Spring 2026,Active,https://pavoot.com,pavoot.com,https://www.ycombinator.com/companies/pavoot,AI Event Manager for in-person events,San Francisco,US,High,https://www.linkedin.com/company/pavoot/,https://x.com/pavoot_com,Gohar Tamrazyan; Ana Yoon Faria de Lima,https://www.linkedin.com/in/gohar-tamrazyan-401860293; https://www.linkedin.com/in/ana-yoon-faria-de-lima,https://x.com/gohar_tamrazyan; https://x.com/anayflima,,No,,No,,,Early,B2B
qomplement,qomplement,Spring 2026,Active,https://qomplement.com,qomplement.com,https://www.ycombinator.com/companies/qomplement,The Agentic ERP for supply chain operations,San Francisco,US,High,https://www.linkedin.com/company/qomplement/,https://x.com/qomplementai,Kerim Taray; Andres Garza,https://www.linkedin.com/in/kerim-taray/; https://www.linkedin.com/in/andres-fernando-garza,https://x.com/kerimtaray; https://x.com/andresfgg_?s=11,,No,7,No,,,Early,B2B
deep-interactions,Deep Interactions,Spring 2026,Active,https://deepinteractions.ai/,deepinteractions.ai,https://www.ycombinator.com/companies/deep-interactions,Collaborative AI app builder for teams,San Francisco,US,High,https://www.linkedin.com/company/deep-interactions,https://x.com/deepintxns,Sruthi Viswanathan,https://www.linkedin.com/in/sruvis,https://x.com/_sruvis,,No,4,No,,,Early,B2B
kelai,KelAI,Spring 2026,Active,https://kelaitech.com/,kelaitech.com,https://www.ycombinator.com/companies/kelai,The AI Quant: Autonomous Alpha Engine for Funds and Traders.,"New York City, NY",US,High,https://www.linkedin.com/company/kelai-capital/,https://x.com/kelaicapital,Jeremie Cohen,https://www.linkedin.com/in/jeremcoh/,,5480000,Yes,3,Yes,3,Applied AI Engineer; Quant Researcher; Senior Infrastructure Engineer,Early,Fintech
hevn-inc,"HEVN, inc",Spring 2026,Active,https://gethevn.com,gethevn.com,https://www.ycombinator.com/companies/hevn-inc,Cross-border payments for exporters of physical goods.,San Francisco,US,No,https://www.linkedin.com/company/hevn,https://x.com/hevn_finance,Peter Volnov; Nik Briuzgin; Pavel Mitsevich; Andrei Zhevlakov,https://linkedin.com/in/pvolnov; https://linkedin.com/in/nikitadigital; https://www.linkedin.com/in/pasha-mitsevich-a417682a0/; https://www.linkedin.com/in/azbang,https://x.com/p_volnov; https://x.com/Nikitadigital10; https://x.com/mywonder_here; https://x.com/azbang_,,No,8,No,,,Early,Fintech
wealor,Wealor,Spring 2026,Active,https://wealor.ai/,wealor.ai,https://www.ycombinator.com/companies/wealor,AI-native platform for wealth managers,"Paris, France",FR,High,https://www.linkedin.com/company/111953568/admin/dashboard/,,Karim Bouri; Pierre Depuydt,https://www.linkedin.com/in/karim-bouri-7a570824a/; https://www.linkedin.com/in/pierre-depuydt-887779280,; ,,No,,No,,,Early,Fintech
elyra,Elyra,Spring 2026,Active,https://www.elyrasystems.com/,elyrasystems.com,https://www.ycombinator.com/companies/elyra,AI Reservation System for Restaurants ,"Stockholm, Sweden",SE,High,https://www.linkedin.com/company/elyrasystems,https://x.com/elyrasystems,Felix Odeberg Glasenapp; Alan Mando,https://www.linkedin.com/in/felixoglasenapp/; https://www.linkedin.com/in/awmando/,https://x.com/FelixOG_; ,,No,5,Yes,,,Early,B2B
interfaze,Interfaze,Spring 2026,Active,https://interfaze.ai,interfaze.ai,https://www.ycombinator.com/companies/interfaze,AI model built for high accuracy deterministic tasks,San Francisco,US,High,https://www.linkedin.com/company/interfaze-ai,https://x.com/interfaze_ai,Yoeven D Khemlani; Harsha Vardhan Khurdula,https://linkedin.com/in/yoeven; https://www.linkedin.com/in/harsha-vardhan-khurdula-99b400183/,https://x.com/yoeven; https://x.com/khurdula,,No,5,Yes,,,Early,B2B
zolvo,Zolvo,Spring 2026,Active,https://zolvo.com/,zolvo.com,https://www.ycombinator.com/companies/zolvo,AI Back-Office Automation for Commercial Lenders,San Francisco,US,High,https://www.linkedin.com/company/zolvo-ai,,Isabela Rodriguez; Tony Montes,https://www.linkedin.com/in/isabela-rodriguez-438785170/; https://www.linkedin.com/in/t-montes,; ,,No,3,No,,,Early,Fintech
juno-chat,Juno,Spring 2026,Active,https://junocompanion.com/,junocompanion.com,https://www.ycombinator.com/companies/juno-chat,AI Health Assistant for Chronic Illness,"London, United Kingdom",GB,High,https://www.linkedin.com/company/junocompanion,https://x.com/junocompanion,Isaac Tolley; Marshall Gould,https://www.linkedin.com/in/isaactolley/; https://www.linkedin.com/in/marshall-gould/,https://x.com/isaactolley_; https://x.com/MarshallJGould,,No,2,Yes,,,Early,Healthcare
kinro,Kinro,Spring 2026,Active,https://www.kinro.com/,kinro.com,https://www.ycombinator.com/companies/kinro,Autonomous insurance brokerage for small businesses,San Francisco,US,Medium,https://www.linkedin.com/company/kinro-ai/,https://x.com/kinroai,Pierre-Alexandre Kamienny; Parth Ainampudi; Corentin Hugot,https://www.linkedin.com/in/pakamienny/; https://www.linkedin.com/in/partha42/; https://www.linkedin.com/in/corentin-hugot/,https://x.com/pierrealexai; ; https://x.com/corentin_hgt,,No,6,Yes,,,Early,Fintech
govguard,GovGuard,Spring 2026,Active,https://govguard.com,govguard.com,https://www.ycombinator.com/companies/govguard,"Automating Government Workflows, starting with FOIA","Chicago, IL",US,High,https://www.linkedin.com/company/govguard,https://x.com/gov_guard,Gleb Hulting; Aditya Sabharwal,https://www.linkedin.com/in/gleb-hulting-a45b903ab/; https://www.linkedin.com/in/aditya-sabharwal-a2454a1ab/,; ,,No,,No,,,Early,Government
superlog,Superlog,Spring 2026,Active,https://superlog.sh/,superlog.sh,https://www.ycombinator.com/companies/superlog,Make software self-healing,"Paris, France",FR,High,https://www.linkedin.com/company/superlogyc,https://x.com/superlogyc,Nicolò Magnante; Arseniy Shishaev,https://www.linkedin.com/in/nicolo-magnante/; https://linkedin.com/in/arseniy-shishaev,https://x.com/nicolomagnante; https://x.com/arseniyswish,,No,2,No,,,Early,B2B
limrun,Limrun,Spring 2026,Active,https://lim.run,lim.run,https://www.ycombinator.com/companies/limrun,"Extend cloud sandboxes with iOS, Android and more",San Francisco,US,High,https://www.linkedin.com/company/limrun,https://x.com/limrun,Muvaffak Onuş,https://linkedin.com/in/mmonus,https://x.com/muvaffakonus,,No,1,Yes,,,Growth,B2B
light-anchor,Light Anchor,Spring 2026,Active,https://lightanchor.ai,lightanchor.ai,https://www.ycombinator.com/companies/light-anchor,AI-run consumer brands,"Seoul, South Korea",KR,High,https://www.linkedin.com/company/light-anchor,https://x.com/lightanchor_ai,Sangha Park; Chase Kim,https://linkedin.com/in/sanghaha; https://www.linkedin.com/in/littlejkim/,https://x.com/sanghaya1; https://x.com/chasingjohnnn,,No,2,No,,,Early,Consumer
hub,Hub,Spring 2026,Active,https://hub.xyz,hub.xyz,https://www.ycombinator.com/companies/hub,Real-world training data for frontier AI labs and robotics.,San Francisco,US,High,https://www.linkedin.com/company/hub-xyz,https://x.com/hubxyz,Armin Kiani; Tim Sprecher,https://www.linkedin.com/in/armin-k-3439033ab/; https://www.linkedin.com/in/tim-sprecher-2a705220a/,https://x.com/xarmin; https://x.com/tim404x,1700000,Yes,10,Yes,7,Field Operator - Brazil; Founding Engineer; Executive Assistant; HR Admin & Accountant; Account Manager; Marketing Manager; Hub - Head of GTM,Early,B2B
tenet-industries,Tenet Industries,Spring 2026,Active,https://www.tenetindustries.com,tenetindustries.com,https://www.ycombinator.com/companies/tenet-industries,AI-automated PCB assembly factories,"Stockholm, Sweden",SE,High,https://www.linkedin.com/company/tenet-industries-ab/,,Emil Falk; Hugo Frisk; Fabian Andersson,https://www.linkedin.com/in/emilfalk/; https://www.linkedin.com/in/hugo-frisk/; https://www.linkedin.com/in/fabian-andersson-11a067267,https://x.com/falkemil_; https://x.com/PepperoniPingu/with_replies; https://x.com/0xfabian_,,No,3,No,,,Early,Industrials
atrisa,Atrisa,Spring 2026,Active,https://atrisa.ai,atrisa.ai,https://www.ycombinator.com/companies/atrisa,AI Agents for Analog Circuit Design,San Francisco,US,High,https://www.linkedin.com/company/112140930,,Sayan Mitra; Rithik Jain; Atman Kar,https://www.linkedin.com/in/sayanmitra9/; https://www.linkedin.com/in/rithik--jain/; https://www.linkedin.com/in/atman-kar/,https://x.com/Cyan9800; https://x.com/RithikWasHere; ,,No,3,No,,,Early,B2B
trellistech,Trellis,Spring 2026,Active,https://trellistech.com,trellistech.com,https://www.ycombinator.com/companies/trellistech,Agents that run short-term rental operations end-to-end,San Francisco,US,High,https://www.linkedin.com/company/trellis-str/,,Lodovico Benvenuti; Jan Sahagun,https://www.linkedin.com/in/lodovico-benvenuti-11678224a/; https://www.linkedin.com/in/jan-sahagun-escosa?utm_source=share&utm_campaign=share_via&utm_content=profile&utm_medium=ios_app,; ,,No,5,No,,,Early,B2B
dayjob,Dayjob,Spring 2026,Active,https://www.getdayjob.ai,getdayjob.ai,https://www.ycombinator.com/companies/dayjob,AI Scheduling for Short Haul Trucks,"London, United Kingdom",GB,High,https://www.linkedin.com/company/dayjob-ai,,George Postlethwaite; Fred Fooks,https://linkedin.com/in/georgepos; https://linkedin.com/in/frederic-fooks,; ,,No,5,No,,,Early,B2B
inloop-robotics,InLoop Robotics,Spring 2026,Active,https://inloop-robotics.com/,inloop-robotics.com,https://www.ycombinator.com/companies/inloop-robotics,Robotic arms that pick and pack your orders.,Germany,DE,High,https://www.linkedin.com/company/inlooprobotics,https://x.com/InLoopRobotics,Zakariea Sharfeddine; Stepan Feduniak,https://www.linkedin.com/in/zakariea-sharfeddine; https://www.linkedin.com/in/stepan-feduniak-b33045276/,https://x.com/Zakariea_sh; https://x.com/FeduniakS,,No,10,No,,,Early,Industrials
zenbu-2,Zenbu,Spring 2026,Active,https://www.zenbu.dev/,zenbu.dev,https://www.ycombinator.com/companies/zenbu-2,The browser for agentic development,San Francisco,US,High,https://www.linkedin.com/company/116834103/,https://x.com/zenbu_labs,Rob Pruzan,https://www.linkedin.com/in/robert-pruzan/,https://x.com/RobKnight__,,No,1,No,,,Early,B2B
andustry,Andustry,Spring 2026,Active,http://andustry.com/,andustry.com,https://www.ycombinator.com/companies/andustry,,San Francisco,US,No,,,Het Dave; Johann Stürken,; https://www.linkedin.com/in/johannstuerken,; https://x.com/JStuerken,,No,2,No,,,Early,Fintech
nine-fives,Nine Fives,Spring 2026,Active,https://ninefives.com/,ninefives.com,https://www.ycombinator.com/companies/nine-fives,"RF test equipment for next-gen spacecraft, drones, and cellphones",San Francisco,US,Medium,https://www.linkedin.com/company/nine-fives/,,Noah Levy; Andrew Kurtz,https://www.linkedin.com/in/noahmslevy/; https://www.linkedin.com/in/andrew-e-kurtz/,; ,,No,2,Yes,,,Early,Industrials
chert,Chert,Spring 2026,Active,https://www.trychert.com/,trychert.com,https://www.ycombinator.com/companies/chert,iMessage infrastructure for business,"New York City, NY",US,No,https://www.linkedin.com/company/trychert/,https://x.com/Cherthq,Gary Gao; Ian Fong,https://www.linkedin.com/in/garygao333/; https://www.linkedin.com/in/ianyfong,https://x.com/GaryGao891219; https://x.com/ianyfong,,No,2,No,,,Early,B2B
saffron,Saffron,Spring 2026,Active,https://www.trysaffron.ai/,trysaffron.ai,https://www.ycombinator.com/companies/saffron,Helping your company find 10x engineers. ,San Francisco,US,High,https://www.linkedin.com/company/trysaffron/,https://x.com/trysaffron,Robert Chondro; Kazuma Choji; Jerry Yao,https://www.linkedin.com/in/robertchondro; https://www.linkedin.com/in/kazuma-choji/; https://www.linkedin.com/in/mjyao/,https://x.com/roblukan; ; ,,No,3,No,,,Early,B2B
discovered-materials,Discovered Materials,Spring 2026,Active,https://discoveredmaterials.com,discoveredmaterials.com,https://www.ycombinator.com/companies/discovered-materials,AI scientists to discover materials for the semiconductor industry.,San Francisco,US,High,https://www.linkedin.com/company/discoveredmaterials/,https://x.com/discoveredmat,Akash Ramdas; Advaith Sridhar,https://www.linkedin.com/in/akashramdas/; https://www.linkedin.com/in/advaith-sridhar/,; https://x.com/advaith_sridhar,9000000,Yes,2,Yes,3,Founding Process Engineer; Founding Computational Materials Engineer; Founding Equipment Engineer,Early,Industrials
lightsprint,LightSprint,Spring 2026,Active,https://lightsprint.ai,lightsprint.ai,https://www.ycombinator.com/companies/lightsprint,Software factory for product teams,San Francisco,US,High,https://www.linkedin.com/company/lightsprint,https://x.com/lightsprintai,Ben Ong; Benedict Chan; Heng Hong Lee,https://www.linkedin.com/in/benj-ong/; https://linkedin.com/in/bencxr; https://www.linkedin.com/in/henghonglee,; https://x.com/bencxr; https://x.com/henghonglee,,No,3,Yes,,,Early,B2B
twolabs,Twolabs,Spring 2026,Active,https://www.twolabs.ai,twolabs.ai,https://www.ycombinator.com/companies/twolabs,Humanoid robot platform for builders.,San Francisco,US,High,https://www.linkedin.com/company/twolabsai,https://x.com/twolabsai,Sardor Rahmatulloev; Danyal Ahmad,https://www.linkedin.com/in/sardor-rahmatulloev; https://www.linkedin.com/in/danyalahmad1/,https://x.com/bysardr; ,,No,2,No,,,Early,Industrials
scope,Scope,Spring 2026,Active,https://tryscope.com,tryscope.com,https://www.ycombinator.com/companies/scope,We help software companies get discovered and used by AI agents,San Francisco,US,High,https://www.linkedin.com/company/tryscope,https://x.com/tryscope_app,Anand-Arnaud Pajaniradjane,https://www.linkedin.com/in/anand-arnaud-pajaniradjane/,https://x.com/anandPa94,,No,2,No,,,Early,B2B
hexa,Hexa,Spring 2026,Active,https://www.hexaagents.com,hexaagents.com,https://www.ycombinator.com/companies/hexa,Autonomous operations for industrial distributors,San Francisco,US,Medium,,,Ishaan Makkar; Mann Patira,https://www.linkedin.com/in/ishaan-makkar; https://www.linkedin.com/in/mannpatira/,; ,,No,3,No,,,Early,B2B
rudus,Rudus,Spring 2026,Active,http://rudus.ai/,rudus.ai,https://www.ycombinator.com/companies/rudus,AI Takeoffs for Concrete,San Francisco,US,High,https://www.linkedin.com/company/rudusai/,,Rishi Pankhaniya; Sahil Goel,https://www.linkedin.com/in/rishi-pankhaniya-b69649183/; https://www.linkedin.com/in/sahilgoel05,; https://x.com/goesahil,,No,2,Yes,,,Early,Real Estate and Construction
replicas,Replicas,Spring 2026,Active,https://replicas.dev,replicas.dev,https://www.ycombinator.com/companies/replicas,Run any coding agent harness in the cloud,San Francisco,US,High,https://www.linkedin.com/company/replicas/,https://x.com/tryreplicas,Connor Loi; Saai Arora,https://www.linkedin.com/in/connor-loi/; https://www.linkedin.com/in/saai-arora-2a94921b9/,https://x.com/connortbot; https://x.com/SaaiArora,,No,2,Yes,,,Early,B2B
totalis,Totalis,Spring 2026,Active,https://www.totalis.trade,totalis.trade,https://www.ycombinator.com/companies/totalis,derivative layer for prediction markets,"New York City, NY",US,No,https://www.linkedin.com/company/totalistrading,https://x.com/totalistrading,Pravesh Mansharamani; Eric Liu,https://www.linkedin.com/in/pravesh-mansharamani/; https://www.linkedin.com/in/ericliujt/,https://x.com/ImTheBigP; https://x.com/ericliujt,,No,,Yes,,,Early,Fintech
multiplier,Multiplier,Spring 2026,Active,https://multiplier.ai,multiplier.ai,https://www.ycombinator.com/companies/multiplier,Agent harnesses for asset managers,"New York City, NY",US,High,https://www.linkedin.com/company/multiplier-dot-ai,https://x.com/_Multiplier,Ian McInnis; Benjamin Finch,https://www.linkedin.com/in/imj-mcinnis/; https://www.linkedin.com/in/ben-finch-3a82471b5/,https://x.com/imjmcinnis; https://x.com/btsfinch,,No,3,Yes,1,Founding Engineer,Early,B2B
memoir,Memoir,Spring 2026,Active,https://www.trymemoir.ai/,trymemoir.ai,https://www.ycombinator.com/companies/memoir,"Everything your team ships, explained to everyone it affects.",San Francisco,US,High,https://www.linkedin.com/company/memoir-ai,,Maanav Agrawal,https://www.linkedin.com/in/maanav-agrawal/,,,No,1,No,,,Early,B2B
perfectbit-inc,"PerfectBit, Inc.",Spring 2026,Active,https://perfectbit.ai,perfectbit.ai,https://www.ycombinator.com/companies/perfectbit-inc,Robotics,San Francisco,US,High,https://www.linkedin.com/company/perfectbit,https://x.com/PerfectbitAI,Seiji Yamamoto; Peter Vajda,https://www.linkedin.com/in/seiji-yamamoto-a630897/; https://www.linkedin.com/in/p%C3%A9ter-vajda-9a03aaa/,; ,,No,3,Yes,,,Early,Industrials
stage,Stage,Spring 2026,Active,https://www.tryluke.dev/,tryluke.dev,https://www.ycombinator.com/companies/stage,Code review platform for humans and agents,San Francisco,US,High,https://www.linkedin.com/company/stagereview,https://x.com/stagereviewapp,Charles Pan; Dean Stratakos,https://www.linkedin.com/in/charleslpan; https://www.linkedin.com/in/dean-stratakos,https://x.com/ceefryingpan; https://x.com/DeanStratakos,,No,2,No,,,Early,B2B
standard-signal,Standard Signal,Spring 2026,Active,https://standardsignal.com,standardsignal.com,https://www.ycombinator.com/companies/standard-signal,Hedge fund where AI researches and executes every trade end-to-end,"New York City, NY",US,High,,https://x.com/StandardSignal,Michael Royzen,https://www.linkedin.com/in/michaelroyzen/,https://twitter.com/michaelroyzen,,No,1,No,,,Early,Fintech
primitive,primitive,Spring 2026,Active,https://primitive.dev,primitive.dev,https://www.ycombinator.com/companies/primitive,communication for agents,San Francisco,US,High,https://www.linkedin.com/company/primitivedotdev/,https://x.com/primitive,Ethan Byrd,https://www.linkedin.com/in/etbyrd/,https://x.com/itsjustemail,,No,4,Yes,,,Early,B2B
korso,Korso,Spring 2026,Active,https://korsoai.com/,korsoai.com,https://www.ycombinator.com/companies/korso,The last assistant you'll need,"Irvine, CA",US,High,https://www.linkedin.com/company/afterfiveclub/,,Martin Pan; Daichi Hiraoka; Alex Liu,https://www.linkedin.com/in/martin-pan-42bb20244/; https://www.linkedin.com/in/daichihiraoka; https://www.linkedin.com/in/alexdliu7,; ; ,,No,3,No,,,Early,B2B
klarify,Klarify,Spring 2026,Active,https://www.klarify.ca/,klarify.ca,https://www.ycombinator.com/companies/klarify,AI Agent for Therapists,San Francisco,US,High,https://www.linkedin.com/company/klarifytherapy/,,Moody Abdul; Alexander Bergholm,https://www.linkedin.com/in/moodyabdul; https://www.linkedin.com/in/bergholmalexander/,https://x.com/MoodyAbdulf; ,,No,4,No,,,Early,Healthcare
surtr-defense-systems,Surtr Defense Systems,Spring 2026,Active,https://surtrdefense.com,surtrdefense.com,https://www.ycombinator.com/companies/surtr-defense-systems,The hardware-agnostic operating system for drone defense,San Francisco,US,High,https://www.linkedin.com/company/surtr-defense-systems/,https://x.com/surtrdefense,Anshul Ahluwalia; Cameron Fiore,https://www.linkedin.com/in/anshul-ahluwalia-17658264/; https://www.linkedin.com/in/camfiore/,; https://x.com/cam_fiore,,No,2,No,0,,Early,Industrials
hedge,Hedge,Spring 2026,Active,https://www.hedgespecialty.com/,hedgespecialty.com,https://www.ycombinator.com/companies/hedge,AI-Native insurance company,San Francisco,US,High,https://www.linkedin.com/company/hedgeinsurance/,,Luke Button; Luke Rosa,https://www.linkedin.com/in/lukebutton/; https://www.linkedin.com/in/luke-rosa-4a2717160,https://x.com/lukebbutton; https://x.com/lukerosa_,,No,2,Yes,,,Early,Fintech
dispatch,Dispatch,Spring 2026,Active,https://dispatch.space/,dispatch.space,https://www.ycombinator.com/companies/dispatch,Satellites for Manufacturing in Space,San Francisco,US,Medium,https://www.linkedin.com/company/dispatch-space,https://x.com/dispatchspace,Payton Case; Andrew Mello,https://www.linkedin.com/in/paytoncase/; https://www.linkedin.com/in/andrew-mello/,https://x.com/dispatchspace; ,,No,4,Yes,,,Early,Industrials
bloom-4,Bloom,Spring 2025,Active,https://bloom.diy/,bloom.diy,https://www.ycombinator.com/companies/bloom-4,Build and share mobile apps in seconds,,,High,https://www.linkedin.com/company/bloomlabs-inc/,https://x.com/CreateWithBloom,David Oort Alonso; Sirian Maathuis,https://linkedin.com/in/david-oort-alonso; https://linkedin.com/in/sirian-maathuis,https://x.com/itsdavidalonso; https://x.com/sirian_m,,No,2,Yes,4,Founding Engineer; Founding Creator / Head of Production; AI Engineering Student Internship (Winter or Summer 2026); Founding Growth Engineer,Early,B2B
regbase,Regbase,Spring 2026,Active,https://regbase.com,regbase.com,https://www.ycombinator.com/companies/regbase,"Automating Corporate Compliance, Worldwide","New York City, NY",US,No,https://www.linkedin.com/company/regbase/,https://x.com/theregbase,Natalie Aresta-Katz; Ethan Shea,https://www.linkedin.com/in/natalie-aresta-katz-a60a0416a/; https://www.linkedin.com/in/ethan-shea/,; https://x.com/ethshea,,No,3,Yes,,,Early,B2B
inth,Inth,Spring 2026,Active,https://inth.com,inth.com,https://www.ycombinator.com/companies/inth,Monitor and fix product privacy issues before they block growth,"London, United Kingdom",GB,High,https://www.linkedin.com/company/inth,https://x.com/inth,Christopher Burns,https://www.linkedin.com/in/burnedchris/,https://x.com/burnedchris,1200000,No,3,No,0,,Early,B2B
superset,Superset,Spring 2026,Active,https://www.superset.sh/,superset.sh,https://www.ycombinator.com/companies/superset,Building self-improving software,San Francisco,US,High,https://www.linkedin.com/company/superset-sh,https://x.com/superset_sh,Kiet Ho; Satya Patel; Avi Peltz,https://linkedin.com/in/kiet-ho; https://www.linkedin.com/in/saddlepaddle/; https://linkedin.com/in/avipeltz,https://x.com/FlyaKiet; https://x.com/saddle_paddle; https://x.com/avimakesrobots,12000089,Yes,4,Yes,2,Founding Engineer; Founding Design Engineer,Early,B2B
netter,Netter,Spring 2026,Active,https://netter.ai,netter.ai,https://www.ycombinator.com/companies/netter,AI native Palantir for mid market.,"Paris, France",FR,High,https://www.linkedin.com/company/netterai/?viewAsMember=true,,Samuel Ladroue; Amin Hamzaoui,https://www.linkedin.com/in/samuel-ladroue/; https://www.linkedin.com/in/amin-hamzaoui/?locale=en_US,; ,,No,4,No,,,Early,B2B
sazabi,Sazabi,Spring 2026,Active,https://www.sazabi.com/,sazabi.com,https://www.ycombinator.com/companies/sazabi,The AI-native observability platform for fast-moving engineering teams,San Francisco,US,High,https://www.linkedin.com/company/sazabi/,https://x.com/sazabi,Sherwood Callaway,https://www.linkedin.com/in/sherwoodcallaway/,https://twitter.com/shcallaway,8000000,No,10,No,0,,Early,B2B
9-mothers-corporation,9 Mothers,Spring 2026,Active,https://9mothers.com,9mothers.com,https://www.ycombinator.com/companies/9-mothers-corporation,Counter Drone Systems. $1.6m sales. We delivered for the DoW.,"Austin, TX",US,Medium,https://www.linkedin.com/company/9-mothers/,https://x.com/9mothers,Russell Smith; Roman Khomenko; Bogdan Pyzh,https://linkedin.com/in/russellhowardsmith; https://www.linkedin.com/in/dowakin/; https://www.linkedin.com/in/bogdan-pyzh-b5b77388,https://twitter.com/rhs; ; ,,No,19,Yes,,,Early,Industrials
drafted,Drafted,Spring 2026,Active,https://www.drafted.ai/,drafted.ai,https://www.ycombinator.com/companies/drafted,Design your home instantly with AI,San Francisco,US,High,https://www.linkedin.com/company/draftedai/,https://x.com/DraftedAI,Nicholas Donahue,https://www.linkedin.com/in/nicholas-donahue-0b77b7128/,https://twitter.com/PrimalNick,16000000,No,9,No,0,,Early,Consumer
cignara,Cignara,Spring 2026,Active,https://cignara.com/,cignara.com,https://www.ycombinator.com/companies/cignara,AI Customer Support for Fortune 500-scale enterprises,San Francisco,US,High,https://www.linkedin.com/company/cignara,,Nalin Gupta,https://linkedin.com/in/nalingupta01,https://twitter.com/nalingupta01,,No,4,No,,,Early,B2B
fuchsia,Fuchsia,Spring 2026,Active,https://getfuchsia.ai/,getfuchsia.ai,https://www.ycombinator.com/companies/fuchsia,Vanta for hardware,San Francisco,US,High,https://www.linkedin.com/company/getfuchsia/,https://x.com/getfuchsia,Tony Gao,https://www.linkedin.com/in/tony-gao5/,https://x.com/togao0,,No,3,No,,,Early,B2B
imperfect,Imperfect,Spring 2026,Active,https://imperfect.co,imperfect.co,https://www.ycombinator.com/companies/imperfect,"Adaptive training coach for runners, cyclists, and triathletes ",San Francisco,US,High,,,Matin Tamizi,https://www.linkedin.com/in/mtamizi,https://x.com/matin,,No,5,Yes,,,Early,Consumer
clara-2,Clara,Spring 2026,Active,http://askclara.com,askclara.com,https://www.ycombinator.com/companies/clara-2,AI primary care doctor,San Francisco,US,High,,,George Favvas; Zeeshan Ahmed; Caitlin Swift,https://www.linkedin.com/in/georgefavvas; https://www.linkedin.com/in/zeeshan1293/; https://linkedin.com/in/caitlin-swift,https://twitter.com/georgefavvas; ; ,12000000,Yes,9,Yes,3,Founding AI Engineer (Healthcare); Founding full-stack growth Engineer; Full-Stack Engineer (Healthcare),Early,Healthcare
linzumi,Linzumi,Spring 2026,Active,https://linzumi.com,linzumi.com,https://www.ycombinator.com/companies/linzumi,Team chat to command all your company's coding agents,San Francisco,US,High,https://www.linkedin.com/company/linzumi,https://x.com/linzumi_ai,Sean Grove,https://www.linkedin.com/in/segrove/,https://x.com/sgrove,,No,3,No,,,Early,B2B
advanced-metal-research,Advanced Metal Research,Spring 2026,Active,https://advancedmetalresearch.com/,advancedmetalresearch.com,https://www.ycombinator.com/companies/advanced-metal-research,Machine intelligence for American Welding,"Los Angeles, CA",US,Medium,https://www.linkedin.com/company/advanced-metal-research/,https://x.com/amrwelding,Angus Muffatti; Julian Fried; Stephen Lin,https://www.linkedin.com/in/angusmuffatti/; https://www.linkedin.com/in/julian-fried-460691226; https://www.linkedin.com/in/stephen-lin-0/,https://x.com/dirtman; https://x.com/JulianFried; https://x.com/Perandex,,No,3,No,,,Early,Industrials
ploy,Ploy,Spring 2026,Active,https://ploy.ai,ploy.ai,https://www.ycombinator.com/companies/ploy,Ploy turns your website into your company's growth engine. ,San Francisco,US,No,https://www.linkedin.com/company/ploy-ai,https://x.com/ployai,Bryant Chou,https://www.linkedin.com/in/bryantchou,https://x.com/bryantchou,27000000,No,14,Yes,1,Founding Engineer,Early,B2B
takecareos,TakeCareOS,Spring 2026,Active,https://takecareos.com,takecareos.com,https://www.ycombinator.com/companies/takecareos,AI-native operating system for long term care providers,"Adelaide, Australia",AU,High,https://www.linkedin.com/company/takecareos/,https://x.com/takecareos,Ragav Sachdeva,https://www.linkedin.com/in/ragavsachdeva,https://x.com/ragavsachdeva,,No,1,No,,,Early,B2B
prism,Prism,Spring 2025,Active,https://prisminference.com,prisminference.com,https://www.ycombinator.com/companies/prism,Abundant Intelligence for Everyone,San Francisco,US,High,https://www.linkedin.com/company/teamprismai,https://x.com/teamprismai,Rajit Khanna; Alex Liu,https://www.linkedin.com/in/rkhanna23/; https://www.linkedin.com/in/alexyliuswe,https://x.com/rajitwrites; https://x.com/spicy_liu,,No,2,No,,,Early,B2B
finaldose,FinalDose,Spring 2026,Active,https://finaldose.ai/,finaldose.ai,https://www.ycombinator.com/companies/finaldose,"Programmable DNA drug destroying all cancers, unlocking 80% of targets","Oxford, United Kingdom",GB,High,https://www.linkedin.com/company/finaldose/,https://x.com/LaunchFD2026,Jeff Liu; Li-Yao Huang; Steven Lin,https://www.linkedin.com/in/jeff-liu-dphil-194a1372/; https://www.linkedin.com/in/li-yao-huang-13676b1b2; https://www.linkedin.com/in/steven-shang-kuan-lin-b8438196/,; ; ,,No,5,No,,,Early,Healthcare
smartbase,Smartbase,Spring 2026,Active,https://www.smartbase.so/,smartbase.so,https://www.ycombinator.com/companies/smartbase,AI-native ERP for manufacturers,San Francisco,US,High,https://www.linkedin.com/company/smartbase-ai/,,Taira Fujioka,https://www.linkedin.com/in/taira-fujioka1999420/,https://x.com/tairabun,,No,2,No,,,Early,B2B
foresight,Foresight,Spring 2026,Active,https://foresight.tt/,foresight.tt,https://www.ycombinator.com/companies/foresight,Consumer simulations for CPG market research,"New York City, NY",US,High,https://www.linkedin.com/company/foresight-ai-inc,https://x.com/foresight_inc,Eytan Rozenblum; Antoine Bertrand,https://www.linkedin.com/in/eytan-rozenblum/; https://www.linkedin.com/in/antoine-bertrand,; ,,No,2,No,,,Early,B2B
miso-labs,Miso Labs,Spring 2026,Active,https://misolabs.ai,misolabs.ai,https://www.ycombinator.com/companies/miso-labs,Emotive foundation voice models,San Francisco,US,High,https://www.linkedin.com/company/108252929/admin/dashboard/,https://x.com/MisoLabsAI,Cassidy Dalva; Aoden Teo,https://www.linkedin.com/in/cassidydalva/; https://www.linkedin.com/in/aodenteo/,https://x.com/cassidydalva; ,,No,3,Yes,,,Early,B2B
humwork,Humwork,Spring 2026,Active,https://humwork.ai,humwork.ai,https://www.ycombinator.com/companies/humwork,Human experts as API for AI Agents,San Francisco,US,High,https://www.linkedin.com/company/humwork,https://x.com/humworkai,Yash Goenka; Rohan Datta,https://linkedin.com/in/yashvg; https://linkedin.com/in/rohan-datta-2500,https://x.com/theyashgoenka; https://x.com/OneRohanDatta,,No,2,Yes,,,Early,B2B
autostep,Autostep,Spring 2026,Active,https://autostep.ai/,autostep.ai,https://www.ycombinator.com/companies/autostep,The P&L for knowledge work,San Francisco,US,High,https://www.linkedin.com/company/autostep-ai/,https://x.com/aidan__pratt,Aidan Pratt 🥑,https://linkedin.com/in/aidan-pratt,https://x.com/aidan__pratt,,No,1,Yes,,,Early,B2B
jo,jo,Spring 2026,Active,https://askjo.ai,askjo.ai,https://www.ycombinator.com/companies/jo,The personal AI agent that keeps up with your work and life.,San Francisco,US,High,https://www.linkedin.com/company/askjoai,https://www.x.com/askjoai,Pradeep Elankumaran; Kevin Li,https://linkedin.com/in/pradeepelankumaran; https://linkedin.com/in/liveink,https://www.twitter.com/pradeep24; https://twitter.com/liveink,,No,2,No,,,Early,Consumer
prototypingio,Prototyping.io,Spring 2026,Acquired,https://www.prototyping.io,prototyping.io,https://www.ycombinator.com/companies/prototypingio,Autonomous manufacturing for mechanical parts,San Francisco,US,High,https://www.linkedin.com/company/prototyping-io,https://x.com/prototyping_io,Revanth Bodepudi,https://www.linkedin.com/in/revanth279/,https://x.com/revanth279,,No,2,No,,,Early,Industrials
oddpool,Oddpool,Spring 2026,Inactive,https://www.oddpool.com,oddpool.com,https://www.ycombinator.com/companies/oddpool,Institutional infrastructure for prediction markets,San Francisco,US,Medium,https://www.linkedin.com/company/oddpool/,,Ritesh Malpani; Avi Arora,https://www.linkedin.com/in/ritesh-malpani; https://www.linkedin.com/in/avi-arora/,https://x.com/RiteshMalpani; https://x.com/c0delemons,3500000,No,2,No,0,,Early,B2B
trycardinal-ai,Cardinal,Winter 2026,Active,https://trycardinal.com,trycardinal.com,https://www.ycombinator.com/companies/trycardinal-ai,Revenue Agents for GTM teams,San Francisco,US,High,,,Devi Jha; Jianna Liu,https://linkedin.com/in/devishijha; https://linkedin.com/in/jianna-liu-90747413b,; ,,No,,Yes,,,Early,B2B
wideframe,Wideframe,Winter 2026,Active,https://wideframe.com,wideframe.com,https://www.ycombinator.com/companies/wideframe,AI coworker for video editors to ship more video faster,San Francisco,US,High,https://www.linkedin.com/company/wideframe,https://www.x.com/wideframeai,Daniel Pearson; Zachary Kim,https://www.linkedin.com/in/danielvpearson/; https://www.linkedin.com/in/heyzk/,https://x.com/danielpearson; https://twitter.com/heyzk,,No,2,No,,,Early,B2B
martini,Martini,Winter 2026,Active,https://martini.film,martini.film,https://www.ycombinator.com/companies/martini,AI Video Production for Professionals,San Francisco,US,High,https://www.linkedin.com/company/martini-film/,,Koh Terai; Long Hoang,https://www.linkedin.com/in/kohterai/; https://www.linkedin.com/in/longh/,https://x.com/koh_terai; https://x.com/beertocode,,No,2,No,,,Early,B2B
condor-energy,Condor Energy,Winter 2026,Active,https://www.condor.energy,condor.energy,https://www.ycombinator.com/companies/condor-energy,Software for enterprise energy procurement.,"Paris, France",FR,High,https://www.linkedin.com/company/condorenergy,,Jean Costa de Beauregard; Clément Grivel; Florian Pérocheau,https://www.linkedin.com/in/jean-costa-de-beauregard/; https://www.linkedin.com/in/clément-grivel/; https://www.linkedin.com/in/florian-perocheau/,; ; ,,No,3,No,,,Early,Industrials
remix-3,Remix,Winter 2026,Active,https://remix.re,remix.re,https://www.ycombinator.com/companies/remix-3,Social media content auto-generated with your existing data,San Francisco,US,High,,,Sam Kaplan,https://www.linkedin.com/in/samrkaplan/,https://x.com/samrkaplan,,No,,No,,,Early,Consumer
shofo,Shofo,Winter 2026,Active,https://shofo.ai/,shofo.ai,https://www.ycombinator.com/companies/shofo,The World's Largest Video Library,San Francisco,US,High,https://www.linkedin.com/company/shofoai/,https://x.com/shofoai,Braiden Dishman; Andre Braga; Alexzendor Misra,https://www.linkedin.com/in/braiden-dishman/; https://www.linkedin.com/in/andre-braga-nlp; https://www.linkedin.com/in/alexzendor-misra-15907a23b/,https://x.com/BraidenDishman; ; https://x.com/AlexzendorMisra,,No,4,No,,,Early,B2B
wayco,Wayco,Winter 2026,Active,https://wayco.ai,wayco.ai,https://www.ycombinator.com/companies/wayco,AI operator for medlegal cases,"New York City, NY",US,High,https://www.linkedin.com/in/iqbolkhoja/,,Iqbol Temirkhojaev,https://www.linkedin.com/in/iqbolkhoja/,https://x.com/iqbol_t,,No,5,Yes,,,Early,B2B
unifold,Unifold,Winter 2026,Active,https://unifold.io,unifold.io,https://www.ycombinator.com/companies/unifold,Multi-chain deposit and payment infrastructure,"New York City, NY",US,No,https://www.linkedin.com/company/unifoldio,https://x.com/unifold_io,Timothy Chung; Hau Chu; Quang Huynh,https://www.linkedin.com/in/timchunght; https://www.linkedin.com/in/hauchu1998; https://www.linkedin.com/in/quang-huynh-468488305/,; ; ,,No,3,No,,,Early,Fintech
carrot-labs,Carrot Labs,Winter 2026,Active,https://superpenguin.ai/,superpenguin.ai,https://www.ycombinator.com/companies/carrot-labs,AI Cost Management: Track and attribute AI spend across every provider,San Francisco,US,High,https://www.linkedin.com/company/carrot-labs-ai/,https://x.com/carrotlabs__ai,Christopher Acker; Yuta Baba,https://www.linkedin.com/in/christopher-acker-4711a3177/; https://www.linkedin.com/in/yutababa/,; https://x.com/yuta__baba,,No,2,No,,,Early,B2B
aurorin-cad,Aurorin CAD,Winter 2026,Active,https://aurorincad.com,aurorincad.com,https://www.ycombinator.com/companies/aurorin-cad,Claude code for Mechanical Engineers,San Francisco,US,High,https://www.linkedin.com/company/aurorin-cad/,https://x.com/aurorincad?s=21,Michael Baron,https://www.linkedin.com/in/michael-andrew-baron/,https://x.com/nominalaviator?s=21,,No,1,Yes,,,Early,B2B
fixture,Fixture,Winter 2026,Active,https://fixture.app,fixture.app,https://www.ycombinator.com/companies/fixture,An AI-first CRM built for Startups,,,High,https://www.linkedin.com/company/fixture-gtm,https://x.com/fixturegtm,Matt Riley; Quin Hoxie,https://www.linkedin.com/in/matthewriley/; https://www.linkedin.com/in/qhoxie,http://twitter.com/matthewriley; ,,No,5,No,,,Early,B2B
daivin,DAIVIN!,Winter 2026,Active,https://www.daivin.tech/,daivin.tech,https://www.ycombinator.com/companies/daivin,"Tankless Dive Gear - Breath Autonomy at Sea, Land & Space",San Francisco,US,No,https://www.linkedin.com/company/daivin,https://x.com/DAIVIN_TECH,Leo Kankkunen,https://www.linkedin.com/in/leo-kankkunen/,https://x.com/se4lion,,No,1,No,,,Early,Industrials
brumby,Brumby (Formerly GrazeMate),Winter 2026,Active,https://brumby,brumby,https://www.ycombinator.com/companies/brumby,Robot Cowboys that Herd Cattle with AI Drones,"Sydney, Australia",AU,High,https://www.linkedin.com/company/105884860,,Sam Rogers,https://www.linkedin.com/in/samson-rogers/,,,No,3,Yes,5,Remote Pilot; Embedded Systems Engineer; Operations Associate; Perception Engineer; Software Engineer,Early,Industrials
origami-robotics,Origami Robotics,Winter 2026,Active,https://www.origami-robotics.com,origami-robotics.com,https://www.ycombinator.com/companies/origami-robotics,Manipulate Anything Robot,San Francisco,US,Medium,https://www.linkedin.com/company/origami-robotics-inc,,Quanting(Daniel) xie; Ryan Xie,https://www.linkedin.com/in/quanting-xie/; https://linkedin.com/in/quanliang-ryan-xie,https://x.com/DanielXieee; ,,No,5,No,,,Early,Industrials
ossus,Ossus,Winter 2026,Active,https://www.ossus.com,ossus.com,https://www.ycombinator.com/companies/ossus,Intelligence for cultural institutions,San Francisco,US,High,https://www.linkedin.com/company/ossuscom/,https://x.com/ossuscom,Jonathan Görtz; Carl-Hugo Jacobsson; Kaan Sirin,https://www.linkedin.com/in/jonathangortz/; https://www.linkedin.com/in/chjacobsson; https://www.linkedin.com/in/kaan-sirin-b0a6321b6,https://x.com/jonathan_gortz; ; ,,No,3,No,,,Early,B2B
rubric-ai,Rubric AI,Winter 2026,Active,,,https://www.ycombinator.com/companies/rubric-ai,Reasoning and verification infra for AI,"New York City, NY",US,High,,https://x.com/rubric_ai,Pragya Saboo,https://www.linkedin.com/in/pragyasaboo/,,,No,1,No,,,Early,B2B
zymbly,Zymbly,Winter 2026,Active,https://www.zymbly.com,zymbly.com,https://www.ycombinator.com/companies/zymbly,The decision-support layer for aviation ops teams to know what to do…,"London, United Kingdom",GB,No,https://www.linkedin.com/company/zymbly,,Ben Jacob; Robbie Bourke; Azmat Habibullah,https://www.linkedin.com/in/ben-jacob-a49a3165/; https://www.linkedin.com/in/robbie-bourke-775494b/; https://linkedin.com/in/azmat-habibullah,; ; https://x.com/azmathabibullah,,No,,Yes,,,Early,B2B
tensortest,TensorTest,Winter 2026,Active,https://www.tensortest.com,tensortest.com,https://www.ycombinator.com/companies/tensortest,"Evals, RL environments and training data for creative tasks",San Francisco,US,High,https://www.linkedin.com/company/tensortest,https://x.com/TensorTestTeam,Pavan Kalyan (a.k.a PK) Tankala; Nirmit Arora; Gunin Gupta,https://www.linkedin.com/in/tankalapavankalyan/; https://www.linkedin.com/in/nirmitarora; https://www.linkedin.com/in/guningupta/,https://x.com/tpavankalyan23; https://x.com/NirmitArora26; ,,No,3,No,,,Early,B2B
polymorph,Polymorph,Winter 2026,Active,https://usepolymorph.com/,usepolymorph.com,https://www.ycombinator.com/companies/polymorph,Building secure polymorphic apps,San Francisco,US,High,https://www.linkedin.com/company/usepolymorph,,Andrew Sy,https://linkedin.com/in/andrew-sy,,,No,4,No,,,Early,B2B
khotan,Khotan (formerly Pollinate),Winter 2026,Active,https://www.khotan.com/,khotan.com,https://www.ycombinator.com/companies/khotan,FDE as a platform for rebuilding critical operations in software.,San Francisco,US,No,https://www.linkedin.com/company/104852164/admin/dashboard/,,Adeep Mitra; Corey Berther,https://www.linkedin.com/in/adeep-mitra-b71030277/; https://www.linkedin.com/in/corey-berther/,https://x.com/adeepmi; https://x.com/boreycerther,,No,2,No,,,Early,B2B
spotpay,SpotPay,Winter 2026,Active,https://www.spotpay.ai/,spotpay.ai,https://www.ycombinator.com/companies/spotpay,Stablecoin Global Bank Account,San Francisco,US,No,https://www.linkedin.com/company/spotpay-hq/,,Zsika Phillip; Thomas Cesare-Herriau,https://www.linkedin.com/in/zsika/; https://www.linkedin.com/in/thomascesareherriau/,; ,,No,2,No,,,Early,Fintech
voygr,VOYGR,Winter 2026,Active,https://voygr.tech,voygr.tech,https://www.ycombinator.com/companies/voygr,Real-world place intelligence for AI apps and agents,San Francisco,US,High,https://linkedin.com/company/voygr-tech,https://x.com/VoygrTech,Vlad Baskakov; Yarik Markov,https://www.linkedin.com/in/vladbaskakov; https://www.linkedin.com/in/yarik-markov-b40b8341/,; https://x.com/yamarkov,,No,,Yes,,,Early,B2B
mochacare,MochaCare,Winter 2026,Active,https://www.mochacare.com/,mochacare.com,https://www.ycombinator.com/companies/mochacare,Agentic Management Service for Care Organizations,San Francisco,US,High,https://www.linkedin.com/company/mochacare,,Nicolas Walker; Pranav Uppiliappan,https://linkedin.com/in/nick-h-walker; https://linkedin.com/in/pranav-uppiliappan/,; ,,No,2,Yes,,,Early,B2B
vela,Vela,Winter 2026,Active,https://tryvela.ai,tryvela.ai,https://www.ycombinator.com/companies/vela,AI Recruiting Coordinator for Executive Search,San Francisco,US,High,https://www.linkedin.com/company/tryvela/,https://x.com/try_vela_ai,Gobhanu Sasankar Korisepati; Saatvik Suryajit Korisepati,https://www.linkedin.com/in/gobhanu/; https://www.linkedin.com/in/saatvik-suryajit-korisepati,https://x.com/gobhanusk; ,,No,2,Yes,,,Early,B2B
veriad,Veriad,Winter 2026,Active,https://veriad.com,veriad.com,https://www.ycombinator.com/companies/veriad,AI operating system for advertising,"London, United Kingdom",GB,High,https://www.linkedin.com/company/veriad,,Rohan Mahendraker; Anton Muratov,https://www.linkedin.com/in/rohanmahen/; https://www.linkedin.com/in/antonmuratov/,https://x.com/mahendrakerr; ,,No,2,No,,,Early,B2B
talking-computers,Talking Computers,Winter 2026,Active,https://talkingcomputers.ai,talkingcomputers.ai,https://www.ycombinator.com/companies/talking-computers,Real-time interaction models for voice agents,"Toronto, Canada",CA,High,https://www.linkedin.com/company/talkingcomputers,https://x.com/talkiecomputers,Zayaan Mulla; Parsa Bahraminejad,https://www.linkedin.com/in/zayaan-mulla-95412b1b1/; https://www.linkedin.com/in/parsa-bahrami/,https://x.com/zayaanmulla; https://x.com/prsabahrami,,No,2,No,,,Early,B2B
copperlane,Copperlane,Winter 2026,Active,https://www.copperlane.ai,copperlane.ai,https://www.ycombinator.com/companies/copperlane,Agentic Mortgage Origination,San Francisco,US,High,https://www.linkedin.com/company/copperlane/,https://x.com/copperlaneai,Athan Zhang; Brianna Lin,https://www.linkedin.com/in/athanzhang/; https://www.linkedin.com/in/brianna-lin/,https://x.com/athanzxyt; https://x.com/briannajlin,4600000,Yes,3,Yes,1,Founding Software Engineer,Early,Fintech
canary,Canary,Winter 2026,Active,https://www.runcanary.ai,runcanary.ai,https://www.ycombinator.com/companies/canary,Adversarial AI that breaks your AI,San Francisco,US,High,https://www.linkedin.com/company/canaries-inc/,https://x.com/RunCanary,Aakash Mahalingam; Viswesh N G,https://linkedin.com/in/aakashmahalingam; https://www.linkedin.com/in/visweshng/,https://x.com/Aakash_Mahali; https://x.com/g_viswesh?s=21&t=siO0a79yNQPfwk_Nn8B9NA,,No,2,No,,,Early,B2B
grade,Grade,Winter 2026,Active,https://usegrade.com,usegrade.com,https://www.ycombinator.com/companies/grade,API for performance-based payroll,San Francisco,US,High,https://linkedin.com/company/usegrade,https://x.com/usegrade,Lotanna Ezeike; James Heaney,https://linkedin.com/in/lottsnomad; https://linkedin.com/in/jvheaney,https://x.com/lottsnomad; https://x.com/jvheaney,,No,2,No,,,Early,Fintech
sila,Sila,Winter 2026,Active,https://silahq.com,silahq.com,https://www.ycombinator.com/companies/sila,Agentic Whatsapp,,,High,https://www.linkedin.com/company/silaintelligence/,https://x.com/sila_hq,Mith Paresh Patel; Carl Huang,https://www.linkedin.com/in/mith-patel-; https://www.linkedin.com/in/carl-huang-/,https://x.com/mithparesh; https://x.com/imcarlhuang?s=21,,No,2,No,,,Early,B2B
maven,Maven,Winter 2026,Active,https://trymaven.com,trymaven.com,https://www.ycombinator.com/companies/maven,Payments Infrastructure for Conversational Agents,San Francisco,US,High,https://www.linkedin.com/company/trymaven,,Brandon Boehme; Wasi Ahmed,https://www.linkedin.com/in/brandon-boehme/; https://www.linkedin.com/in/wasi-ahmed05/,https://x.com/brandondboehme; ,,No,2,No,,,Early,B2B
moda,Moda,Winter 2026,Active,https://moda.dev,moda.dev,https://www.ycombinator.com/companies/moda,Harness Engineering Infrastructure that developers love.,San Francisco,US,High,https://www.linkedin.com/company/modaflows,https://x.com/modaflows,Pranav Bedi; Mohammed Al-Rasheed,https://www.linkedin.com/in/pranavbedi/; https://www.linkedin.com/in/moalrs/,https://x.com/pranavbedi; https://x.com/qtreplayz,,No,6,No,,,Early,B2B
the-token-company,The Token Company,Winter 2026,Active,https://thetokencompany.com,thetokencompany.com,https://www.ycombinator.com/companies/the-token-company,Compression middleware that improves LLM outputs,San Francisco,US,High,https://www.linkedin.com/company/the-token-company,https://x.com/thetokenco,Otso Veisterä,https://www.linkedin.com/in/otso-veistera/,https://x.com/OtsoVeistera,,No,2,No,,,Early,B2B
beesafe-ai,BeeSafe AI,Winter 2026,Active,https://beesafe.ai/,beesafe.ai,https://www.ycombinator.com/companies/beesafe-ai,Frontier AI Defenses for Social Engineering Attacks,San Francisco,US,High,https://www.linkedin.com/company/beesafe-ai,,Daniel Spokoyny; Ariana Mirian; Nikolai Vogler,https://www.linkedin.com/in/spokoyny/; https://www.linkedin.com/in/arianamirian/; https://www.linkedin.com/in/nikolai-vogler-3808a82b2,https://x.com/daniel_spokoyny; ; ,,No,3,No,,,Early,B2B
fed10,Fed10,Winter 2026,Active,https://www.fed10.ai,fed10.ai,https://www.ycombinator.com/companies/fed10,AI Agents for Government Affairs,San Francisco,US,High,https://www.linkedin.com/company/fed10,,Armand Iorgulescu; Zayan Islam; Winston Wei,https://www.linkedin.com/in/armand-iorgulescu; https://www.linkedin.com/in/drowsy/; https://www.linkedin.com/in/winstonwei-wc,https://x.com/armandiorg; ; ,,No,3,No,,,Early,B2B
squid,Squid,Winter 2026,Active,https://squid.energy,squid.energy,https://www.ycombinator.com/companies/squid,AI agents for power grid planning  🦑 ,"London, United Kingdom",GB,High,https://www.linkedin.com/company/squid-energy,,Conor Jones; George Kolokotronis,https://www.linkedin.com/in/conor-jones-aa6590141/; https://www.linkedin.com/in/george-kolokotronis/,; ,,No,3,Yes,,,Early,Industrials
turnstone,Turnstone,Winter 2026,Active,https://myturnstone.ai,myturnstone.ai,https://www.ycombinator.com/companies/turnstone,Work with agents that already know you,San Francisco,US,High,https://www.linkedin.com/company/110243701/,,Aryan Vij; Jai Bhatia,https://www.linkedin.com/in/aryanvij/; https://www.linkedin.com/in/jai-bhatia-/,https://x.com/aryanvij02; https://x.com/jaixbhatia,,No,3,No,,,Early,B2B
foreman,Foreman,Winter 2026,Active,https://foreman.co,foreman.co,https://www.ycombinator.com/companies/foreman,"Keeping contractors on the job site, not behind a desk.",San Francisco,US,High,https://www.linkedin.com/company/111206906,,Nolan Rossi,https://www.linkedin.com/in/nolan-rossi,https://x.com/NolanRossi100,,No,2,No,,,Early,Real Estate and Construction
booko,Booko,Winter 2026,Active,https://bookoapp.com,bookoapp.com,https://www.ycombinator.com/companies/booko,Dynamically pricing the whole economy. ,San Francisco,US,No,https://www.linkedin.com/company/bookoappinc/,,Will Hall; Arjun Saluja,https://www.linkedin.com/in/will-hall-a1160432b/; https://www.linkedin.com/in/arjun-saluja-a073b927a/,; ,,No,2,Yes,,,Early,B2B
corelayer,Corelayer,Winter 2026,Active,https://www.corelayer.com,corelayer.com,https://www.ycombinator.com/companies/corelayer,AI production engineer for regulated industries,San Francisco,US,High,https://www.linkedin.com/company/108275403,https://x.com/CorelayerAI,Mitch Radhuber; Shipra Jha,https://www.linkedin.com/in/mitchellradhuber; https://www.linkedin.com/in/shipra-jha-9b021859/,https://x.com/MRadhuber; ,,No,3,No,,,Early,B2B
general-legal,General Legal,Winter 2026,Active,https://general.legal,general.legal,https://www.ycombinator.com/companies/general-legal,Elite AI law firm for high growth companies,,,High,https://www.linkedin.com/company/general-legal,https://x.com/gen_legal_inc,Ryan Walker; J.P. Mohler; Javed Qadruddin,https://www.linkedin.com/in/ryanwalkerdata; https://www.linkedin.com/in/jp-mohler/; https://www.linkedin.com/in/javed-qadrud-din/,https://x.com/gen_legal_inc; ; https://x.com/Javed_Qadruddin,12000000,No,25,No,0,,Early,B2B
fort,Fort,Winter 2026,Active,https://fort.cx,fort.cx,https://www.ycombinator.com/companies/fort,Strength Tracking Wearable,San Francisco,US,No,https://linkedin.com/company/fortlabs,https://x.com/fort,Miranda Nover; Paul Schneider; Zac Valles,https://linkedin.com/in/mirandanover; https://www.linkedin.com/in/paulcschneider; https://www.linkedin.com/in/zacvalles/,https://x.com/mirandanover; https://x.com/paulschneider_; https://x.com/ZacValles,,No,4,Yes,,,Early,Consumer
getbalance,Balance,Winter 2026,Active,https://getbalance.ai,getbalance.ai,https://www.ycombinator.com/companies/getbalance,Full-Stack AI Accounting,"London, United Kingdom",GB,High,https://www.linkedin.com/company/getbalanceai/,,Mathias Løvring; Gus Levinson; Emil Munk,https://www.linkedin.com/in/mathias-lovring/; https://www.linkedin.com/in/gus-levinson/; https://www.linkedin.com/in/emil-munk/,https://x.com/mathiaslovring; ; ,,No,20,Yes,2,Founding Product Engineer; Business Development Representative (BDR),Early,B2B
chasi,Chasi,Winter 2026,Active,https://chasi.ai/,chasi.ai,https://www.ycombinator.com/companies/chasi,AI Revenue Engine for the Equipment Industry ,San Francisco,US,High,https://www.linkedin.com/company/chasi-ai,,Akash Pavan; Sarman Aulakh,https://linkedin.com/in/akashpavan; https://www.linkedin.com/in/sarmanaulakh/,https://x.com/akashpavan; https://x.com/sarmanaulakh,,No,2,Yes,,,Early,B2B
remy-ai,Remy AI,Winter 2026,Active,https://www.tryremy.ai/,tryremy.ai,https://www.ycombinator.com/companies/remy-ai,Automating dexterous tasks in warehouses with AI-powered robots,San Francisco,US,High,https://www.linkedin.com/company/remy-ai-2025,,Oscar Brisset; Ben Kaye,https://www.linkedin.com/in/oscarbrisset/; https://www.linkedin.com/in/ben-kaye-0/,https://x.com/oscar__2025; ,,No,2,No,,,Early,Industrials
anchorhead,Anchorhead,Winter 2026,Active,https://www.anchorhead.ai,anchorhead.ai,https://www.ycombinator.com/companies/anchorhead,Evals for frontier research agents,San Francisco,US,High,,,Perbhat Kumar,https://www.linkedin.com/in/perbhat,https://www.x.com/perbhatk,,No,1,No,,,Early,B2B
o11,o11,Winter 2026,Active,https://o11.ai,o11.ai,https://www.ycombinator.com/companies/o11,The AI Data Warehouse For Financial Firms,"New York City, NY",US,High,https://www.linkedin.com/company/o11-ai,,Aryah Oztanir; Ajay Misra,https://www.linkedin.com/in/aryah-oztanir/; https://www.linkedin.com/in/ajay-misra/,https://x.com/aryah_oztanir; https://x.com/ajaymisraaa,,No,2,No,,,Early,B2B
doomersion,Doomersion,Winter 2026,Active,https://doomersion.com/,doomersion.com,https://www.ycombinator.com/companies/doomersion,Doomscroll to learn languages,San Francisco,US,No,,,Mostafa Afr,https://www.linkedin.com/in/mostafa-afr-3b4012252/,,,No,4,No,,,Early,Consumer
sequence-markets,Sequence Markets,Winter 2026,Active,https://sequencemkts.com/,sequencemkts.com,https://www.ycombinator.com/companies/sequence-markets,"Low-latency execution across crypto, prediction, and tokenized assets","Toronto, Canada",CA,No,https://www.linkedin.com/company/sequence-markets,https://x.com/sequencemarkets,Peter Bai; Muhammad Awan,https://www.linkedin.com/in/peter-bai/; https://www.linkedin.com/in/muhammad-awan0,; ,,No,5,No,,,Early,Fintech
ditto-biosciences,Ditto Biosciences,Winter 2026,Active,https://www.dittobio.com/,dittobio.com,https://www.ycombinator.com/companies/ditto-biosciences,Evolutionary intelligence for autoimmune disease,San Francisco,US,High,http://linkedin.com/company/dittobio,https://x.com/dittobio,Dennis Sun; Adair Borges; Emily Weiss,https://www.linkedin.com/in/dennis-sun-57740532/; https://www.linkedin.com/in/adair-borges-phd-729857222/; https://www.linkedin.com/in/emily-weiss-939559124,https://x.com/mezarque; https://x.com/AdairLBorges; https://x.com/emilycpierce,,No,3,No,,,Early,Healthcare
servo7,Servo7,Winter 2026,Active,https://servo7.com,servo7.com,https://www.ycombinator.com/companies/servo7,Container unloading robots for warehouses,"Amsterdam, Netherlands",NL,High,https://www.linkedin.com/company/servo7,https://x.com/Servo7Robotics,Pieter Becking; Jasper van Leuven,https://www.linkedin.com/in/pieterbecking/; https://www.linkedin.com/in/jasper-van-leuven-14a3ba1b6/,https://x.com/pieterbecking; ,,No,3,Yes,,,Early,Industrials
voxel-energy,Voxel Energy,Winter 2026,Active,https://voxelenergy.com/,voxelenergy.com,https://www.ycombinator.com/companies/voxel-energy,Energy independent data centers with solar and repurposed batteries. ,,,Medium,https://www.linkedin.com/company/voxel-energy/,,Casey Spencer; Max Pfeiffer; Evan Schmidt,https://linkedin.com/in/casey-spencer; https://www.linkedin.com/in/maxpfeiffer/; https://www.linkedin.com/in/zephyrschmidt/,https://x.com/recnepsyesac; ; ,,No,3,No,,,Early,Industrials
polymath,Polymath,Winter 2026,Active,https://polymathlabs.ai/,polymathlabs.ai,https://www.ycombinator.com/companies/polymath,Simulation environments to train & evaluate long-horizon AI agents,San Francisco,US,High,https://www.linkedin.com/company/polymath-ai-labs,https://x.com/polymath_labs,Dylan Ma; Naren Yenuganti,https://www.linkedin.com/in/dylan-ma-45725b158/; https://www.linkedin.com/in/narenyenuganti/,; https://x.com/narenyenuganti,,No,6,Yes,,,Early,B2B
bubble-lab,Bubble Lab,Winter 2026,Active,https://bubblelab.ai/,bubblelab.ai,https://www.ycombinator.com/companies/bubble-lab,Turn gatherings into lasting relationships.,San Francisco,US,High,https://www.linkedin.com/company/bubblelab-ai/,https://x.com/bubblelab_ai,Selina Li; Zach Zhong,https://www.linkedin.com/in/selina-li-2624a4198/; https://www.linkedin.com/in/zzy0516,https://x.com/Selinaliyy; https://x.com/zhubzyz,,No,2,No,,,Early,B2B
pocket,Pocket,Winter 2026,Active,https://heypocket.com/now,heypocket.com,https://www.ycombinator.com/companies/pocket,Take Notes in the Real World,San Francisco,US,High,https://www.linkedin.com/company/heypocketai,https://x.com/heypocket,Akshay Narisetti; Gabriel Dymowski,https://www.linkedin.com/in/akshaynarisetti; https://www.linkedin.com/in/gabrieldymowski/,https://x.com/AkshayNarisetti; https://x.com/gabrieldymowski,,No,15,Yes,14,Customer Support Lead; Customer Support Specialist; Backend Engineer; Engineering Generalist - Product Impact (Full Stack); Research Engineer - Voice Intelligence; Supply Chain Analyst; Senior Amazon Marketplace Manager; Founding Data Lead; Fractional Head of Legal; Visual Designer / Design Generalist; Founding Recruiter; Founding Account Executive,Early,Consumer
byteport,Byteport,Winter 2026,Active,https://byteport.com/,byteport.com,https://www.ycombinator.com/companies/byteport,Global upload acceleration for 1GB-100TB files.,San Francisco,US,High,https://www.linkedin.com/company/byteport-io,,Jayram Palamadai,https://www.linkedin.com/in/jayram-palamadai/,,,No,4,No,,,Early,B2B
constellation-space,Constellation Space,Winter 2026,Active,https://constellation.space/,constellation.space,https://www.ycombinator.com/companies/constellation-space,AI operating system for mega-scale satellite networks. ,"Seattle, WA",US,High,https://www.linkedin.com/company/constellation-io,,Kamran Majid; Laith Altarabishi; Raaid Kabir; Omeed Tehrani,https://www.linkedin.com/in/kamran-majid/; https://www.linkedin.com/in/laithaustin/; https://www.linkedin.com/in/raaid-kabir/; https://www.linkedin.com/in/omeedtehrani,; ; https://x.com/raaidkabir; https://x.com/omeedtehrani,,No,4,No,,,Early,B2B
axionorbital-space,AxionOrbital Space,Winter 2026,Active,https://axionorbital.space/,axionorbital.space,https://www.ycombinator.com/companies/axionorbital-space,Foundation models for 24/7 Earth Observation,San Francisco,US,High,https://www.linkedin.com/company/axion-orbital/,https://x.com/axionorbital,Dhenenjay Yadav; Atharva Peshkar,https://www.linkedin.com/in/dhenenjay-yadav/; https://www.linkedin.com/in/atharva-peshkar-43a104b7,https://x.com/dhenenjay; https://x.com/atharva_peshkar,,No,2,No,,,Early,Industrials
oximy,Oximy,Winter 2026,Active,https://oximy.com,oximy.com,https://www.ycombinator.com/companies/oximy,Take command of the AI your company already runs on.,San Francisco,US,High,https://linkedin.com/company/oximy,https://x.com/oximyhq,Naman Ambavi,https://linkedin.com/in/namanambavi,https://x.com/namanambavi,,No,8,No,,,Early,B2B
caretta,Caretta,Winter 2026,Active,https://www.caretta.so,caretta.so,https://www.ycombinator.com/companies/caretta,Realtime AI for Sales Calls,San Francisco,US,High,https://www.linkedin.com/company/carettaai,,Kayra Bahadir; Omar Elamin; Pavlos Markesinis,https://www.linkedin.com/in/kayrabahadir; https://www.linkedin.com/in/omarelamin; https://www.linkedin.com/in/pavlosmarkesinis/,; https://x.com/omarelamin_; https://x.com/pmarkesinis22,,No,4,No,0,,Early,B2B
samora-ai,Samora AI,Winter 2026,Active,https://samora.ai/,samora.ai,https://www.ycombinator.com/companies/samora-ai,Multilingual voice agents that outperform humans,,,High,https://www.linkedin.com/company/107151277,,Kartik Sawhney; Vineeth Kumar; Shakul Raj Sonker,https://linkedin.com/in/kartiksawhney; https://www.linkedin.com/in/vineeth-kumar/; https://www.linkedin.com/in/shakul-sonker-672626121,https://twitter.com/kartiks22; ; ,,No,8,No,,,Early,B2B
human-archive,Human Archive,Winter 2026,Active,https://www.humanarchive.ai/,humanarchive.ai,https://www.ycombinator.com/companies/human-archive,Physical AI data lab,San Francisco,US,High,https://www.linkedin.com/company/human-archive/,,Raj Patel; Rushil Agarwal; Samay Maini; Shloke Patel,https://www.linkedin.com/in/raj-patel2004/; https://www.linkedin.com/in/rushilagarwal261205/; https://www.linkedin.com/in/samaymaini/; https://www.linkedin.com/in/shloke-patel/,https://x.com/babugi28; ; https://x.com/samay_maini15; https://x.com/shloke_patel,8700000,Yes,100,Yes,8,Operations Manager; Videographer; Mechanical Engineer - Wearable Systems; Embedded / Electrical Engineer; Firmware Engineer; QA / Hardware Test Engineer; Industrial Designer; Head of Engineering,Early,Industrials
forum,Forum,Winter 2026,Active,https://www.forum.market/,forum.market,https://www.ycombinator.com/companies/forum,The first exchange to trade on attention.,"New York City, NY",US,No,https://www.linkedin.com/company/forum-markets-group/,https://x.com/forumdotmarket,Owen Botkin; Joseph Thomas,https://www.linkedin.com/in/owen-botkin; https://www.linkedin.com/in/joseph-philip-thomas/,https://x.com/owenbotkin; https://x.com/josephpthomas,,No,2,No,,,Early,Fintech
sitefire,Sitefire,Winter 2026,Active,https://sitefire.ai,sitefire.ai,https://www.ycombinator.com/companies/sitefire,Marketing suite for the agentic web,Germany,DE,High,https://www.linkedin.com/company/gpt-pulse,,Jochen Madler; Vincent Jeltsch,https://www.linkedin.com/in/jochen-madler/; https://www.linkedin.com/in/vincent-jeltsch/,https://x.com/jochenmadler; ,,No,2,Yes,,,Early,B2B
robby,Robby,Winter 2026,Active,https://tryrobby.com,tryrobby.com,https://www.ycombinator.com/companies/robby,AI agents that grow revenue for home services businesses,"New York City, NY",US,High,https://www.linkedin.com/company/tryrobby/,,Vineet Jammalamadaka; Feroze Mohideen; Joseph Schwarzmann,https://linkedin.com/in/vineetj23; https://www.linkedin.com/in/feroze-mohideen/; https://www.linkedin.com/in/joseph-schwarzmann/,; https://x.com/FerozeMohideen; https://x.com/JoeSchwarzmann,,No,3,Yes,,,Early,B2B
ressl-ai,Ressl AI,Winter 2026,Active,https://ressl.ai,ressl.ai,https://www.ycombinator.com/companies/ressl-ai,"Train, eval and build autonomous agents","Bengaluru, India",IN,High,https://www.linkedin.com/company/ressl-ai,https://x.com/resslai,Arushi Gandhi; Abhishek E,https://www.linkedin.com/in/arushi-gandhi/; https://www.linkedin.com/in/abhishek-e-b436231a4/,https://x.com/arushi_ressl; https://x.com/AbhishekEswaran,750000,No,3,No,0,,Early,B2B
emdash,Emdash,Winter 2026,Active,https://emdash.com,emdash.com,https://www.ycombinator.com/companies/emdash,Open-source Agentic Development Environment,San Francisco,US,High,https://linkedin.com/in/emdash-com,https://x.com/emdashcom,Raban von Spiegel,https://linkedin.com/in/raban,https://x.com/rabanspiegel,,No,2,No,,,Early,B2B
inventoryquant,InventoryQuant,Winter 2026,Active,https://www.inventoryquant.com,inventoryquant.com,https://www.ycombinator.com/companies/inventoryquant,We automate the inventory process in insurance,San Francisco,US,High,https://www.linkedin.com/company/111824156/admin/dashboard/,https://x.com/InventoryQuant,Sander Schulhoff,https://www.linkedin.com/in/sander-schulhoff/,https://x.com/SanderSchulhoff,,No,1,No,,,Early,B2B
congruent,Congruent,Winter 2026,Active,https://congruent.io,congruent.io,https://www.ycombinator.com/companies/congruent,AI native radars for self-driving cars,San Francisco,US,High,https://www.linkedin.com/company/congruent-sensing/,,Clement Barthes,https://www.linkedin.com/in/clement-barthes-44470a10b/,,,No,2,No,,,Early,Industrials
usereframe,Reframe,Winter 2026,Active,http://usereframe.ai,usereframe.ai,https://www.ycombinator.com/companies/usereframe,"AI-native, hardware procurement marketplace",San Francisco,US,High,https://www.linkedin.com/company/usereframe,https://x.com/usereframe,Bryan Zin,https://www.linkedin.com/in/bryan-zin,https://x.com/bryanzin7,,No,1,No,,,Early,B2B
valence,Valence,Winter 2026,Active,https://valence.trade,valence.trade,https://www.ycombinator.com/companies/valence,Unified prediction markets trading platform,San Francisco,US,No,,https://x.com/ValenceTrade,Neo Wang; Daniel Kasabov-Nouvion; Arthur Zhou,https://www.linkedin.com/in/nwatx/; https://www.linkedin.com/in/daniel-kasabov-nouvion-a717931a8/; https://www.linkedin.com/in/arthurzhou,; ; ,,No,3,No,,,Early,Fintech
approxima,Approxima,Winter 2026,Active,https://approxima.ai,approxima.ai,https://www.ycombinator.com/companies/approxima,Your software should build itself.,"Toronto, Canada",CA,High,https://www.linkedin.com/company/approximai/,https://x.com/approximai,Ethan Pronev; Ashish Selvaraj,https://www.linkedin.com/in/ethan-pronev/; https://www.linkedin.com/in/ashish-selvaraj/,https://x.com/ethanpronev; https://x.com/asheeeeeshh,,No,2,No,,,Early,B2B
traverse,Traverse,Winter 2026,Active,https://www.traverse.so,traverse.so,https://www.ycombinator.com/companies/traverse,Research lab solving non-verifiable work,San Francisco,US,High,https://www.linkedin.com/company/traverse-so/,https://x.com/traverseso,Lance Yan,https://www.linkedin.com/in/lance-yan/,https://x.com/lanceyyan,,No,1,No,,,Early,B2B
revion,Revion,Winter 2026,Active,https://revion.inc,revion.inc,https://www.ycombinator.com/companies/revion,Intelligence for Automotive Operations,"New York City, NY",US,High,https://www.linkedin.com/company/getrevion,,Zaki GW; Hanbo Xie,https://www.linkedin.com/in/zaki-gw-63838014b/; https://linkedin.com/in/hanbo-xie,https://x.com/ZakiGWLondon; ,,No,10,Yes,,,Early,B2B
maywood,Maywood,Winter 2026,Active,https://maywoodai.com/,maywoodai.com,https://www.ycombinator.com/companies/maywood,The first finance-compliant proactive AI that runs 24/7,"New York City, NY",US,High,https://www.linkedin.com/company/maywood/,https://x.com/maywoodai?s=21&t=VSCMuGGZdlswu2O-sROs-Q,Drake Goodman; Kent Goodman; Esteban Vizcaino,https://www.linkedin.com/in/drake-goodman/; https://www.linkedin.com/in/kent-goodman; https://www.linkedin.com/in/esteban-vizcaino-9920a5210/,; ; ,,No,5,Yes,,,Early,Fintech
fenrock-ai,Fenrock AI,Winter 2026,Active,https://fenrock.ai/,fenrock.ai,https://www.ycombinator.com/companies/fenrock-ai,AI agents for banks,San Francisco,US,High,https://www.linkedin.com/company/fenrock-ai,https://x.com/FenrockAI,Charu Sharma; Michael M,https://www.linkedin.com/in/charusharma1/; https://www.linkedin.com/in/fiveseventyeleven/,https://x.com/charu1603; ,,No,2,Yes,,,Early,Fintech
end-close,End Close,Winter 2026,Active,https://endclose.com,endclose.com,https://www.ycombinator.com/companies/end-close,AI powered reconciliation for high-volume payments companies,,,High,https://www.linkedin.com/company/endclose,https://x.com/endclosehq,Sean Bolton; David Newell,https://linkedin.com/in/boltonsean; https://www.linkedin.com/in/dnewell1/,https://x.com/SeanBolton; https://x.com/DavidNewell95,,No,2,No,,,Early,B2B
chamber,Chamber,Winter 2026,Active,https://www.usechamber.io,usechamber.io,https://www.ycombinator.com/companies/chamber,The AIOps Agent for ML Teams,"Seattle, WA",US,High,https://www.linkedin.com/company/usechamber/,,Charles Ding; Andreas Bloomquist; Jason Ong; Shaocheng Wang,https://www.linkedin.com/in/dingcharles; https://www.linkedin.com/in/andreasbloomquist/; https://www.linkedin.com/in/jshenong/; https://www.linkedin.com/in/shaocheng-wang-b766b7a6/,; ; ; ,,No,4,No,,,Early,B2B
patientdeskai,Patientdesk.ai,Winter 2026,Active,https://patientdesk.ai/,patientdesk.ai,https://www.ycombinator.com/companies/patientdeskai,AI front & back office agent for dental practices ,,,High,https://www.linkedin.com/company/patientdesk-ai/,,Oncel Ozgul; Emre Kaplaner; Fikri San Koktas,https://www.linkedin.com/in/oncelozgul; https://www.linkedin.com/in/emre-kaplaner-7b3a3b15b/; https://www.linkedin.com/in/fikri-san-koktas-47a73b1ab/,; ; ,3800000,No,5,No,0,,Early,Healthcare
visibl-semiconductors,Visibl Semiconductors,Winter 2026,Active,https://visiblsemi.com,visiblsemi.com,https://www.ycombinator.com/companies/visibl-semiconductors,Custom silicon for power electronics,San Francisco,US,Medium,https://www.linkedin.com/company/visiblsemi/,https://x.com/visiblsemi,Bryce Neil; Jordon Kashanchi,https://www.linkedin.com/in/bryceneil/; https://www.linkedin.com/in/jordon-kashanchi-46357b143/,https://x.com/BryceNeil__; ,,No,3,No,,,Early,B2B
synthetic-sciences,Synthetic Sciences,Winter 2026,Active,https://syntheticsciences.ai/,syntheticsciences.ai,https://www.ycombinator.com/companies/synthetic-sciences,Infrastructure for Autonomous Science,San Francisco,US,Medium,https://www.linkedin.com/company/synsci,https://x.com/SynScience,Aayam Bansal; Ishaan Gangwani,https://www.linkedin.com/in/aayambansal/; https://www.linkedin.com/in/ishaan-gangwani-3a7792241/,https://x.com/aayambansal; ,,No,2,No,,,Early,B2B
seeing-systems,Seeing Systems,Winter 2026,Active,https://www.seeing-systems.com,seeing-systems.com,https://www.ycombinator.com/companies/seeing-systems,Modular AI-Commanded Drones for Defence,"London, United Kingdom",GB,High,https://www.linkedin.com/company/seeing-systems,https://x.com/S2_INC,Alexander Le Maitre; Matthew Le Maitre,https://www.linkedin.com/in/alexander-le-maitre-a9138a159/; https://www.linkedin.com/in/mattlemaitre/,https://www.x.com/Alex_10200; ,,No,7,Yes,,,Early,Industrials
jinba,Jinba,Winter 2026,Active,https://jinba.io,jinba.io,https://www.ycombinator.com/companies/jinba,Automate enterprise workflows through chat,,,High,https://www.linkedin.com/company/jinba,,Shoya Matsumori; Takuya Norisugi,https://linkedin.com/in/smatsumori; https://linkedin.com/in/takuya-norisugi-284790100,https://x.com/pineforesta; https://x.com/Gozengogo_,,No,11,Yes,,,Early,B2B
cardboard,Cardboard,Winter 2026,Active,https://cardboard.ai,cardboard.ai,https://www.ycombinator.com/companies/cardboard,Agentic video editor,"Bengaluru, India",IN,High,https://www.linkedin.com/company/cardboardinc,https://x.com/usecardboard,Saksham Aggarwal; Ishan Sharma,https://linkedin.com/in/sakshamagg27; https://www.linkedin.com/in/ishandeveloper,https://x.com/sxmawl; https://x.com/ishandeveloper,,No,8,Yes,,,Early,B2B
prana-health,Prana,Winter 2026,Active,https://pranadoc.com,pranadoc.com,https://www.ycombinator.com/companies/prana-health,An AI primary care doctor in your pocket,San Francisco,US,High,https://www.linkedin.com/company/pranahealthai,,Meer Patel; Sanjit Menon; Vishvam Rawal,https://www.linkedin.com/in/meerpatel; https://linkedin.com/in/sanjit-menon-6674281a6; https://www.linkedin.com/in/vishvam-rawal-985b04238/,https://x.com/_meerpatel; https://x.com/smenon21; ,,No,4,No,,,Early,Healthcare
rhizome-ai,Rhizome AI,Winter 2026,Active,https://rhizomeai.com/,rhizomeai.com,https://www.ycombinator.com/companies/rhizome-ai,Agent Platform for Life Sciences,"New York City, NY",US,High,https://www.linkedin.com/company/rhizomeai/,,Chetan Mishra,https://linkedin.com/in/chemishra,,,No,1,Yes,,,Early,B2B
pax-historia,Pax Historia,Winter 2026,Active,https://www.paxhistoria.co,paxhistoria.co,https://www.ycombinator.com/companies/pax-historia,The first AI-powered worldbuilding and gameplay platform,San Francisco,US,High,https://www.linkedin.com/company/pax-historia,,Eli Bullock-Papa; Ryan Zhang,https://linkedin.com/in/elibullockpapa; https://www.linkedin.com/in/ryanz22,; ,,No,6,Yes,,,Early,Consumer
parameter,Parameter,Winter 2026,Active,https://parameter.ai?utm_source=ycombinator&utm_medium=referral&utm_campaign=parameter-profile,parameter.ai?utm_source=ycombinator&utm_medium=referral&utm_campaign=parameter-profile,https://www.ycombinator.com/companies/parameter,"Security builds trust. Strengthen both, all on one platform.",San Francisco,US,High,https://www.linkedin.com/company/param-ai,https://x.com/parameter_ai,Ahmad Khan; Huzaifa Ahmad; Prama Yudhistira,https://www.linkedin.com/in/ahmad-khan-b6584b225/; https://linkedin.com/in/ahmadhuzaifa012; https://www.linkedin.com/in/pramayudhistira/,https://x.com/zer0day; https://x.com/hzzzaifa; https://x.com/menace_codes,,No,14,Yes,,,Early,B2B
laurence,Laurence,Winter 2026,Active,https://laurence.com,laurence.com,https://www.ycombinator.com/companies/laurence,Quantitative research for autonomous e-commerce growth,"New York City, NY",US,Medium,https://www.linkedin.com/company/laurence-ai,https://x.com/trylaurence,Matthew Chen; Leo Gierhake,https://linkedin.com/in/matthew-l-chen; https://www.linkedin.com/in/leo-gierhake-9bbb511b7/,https://x.com/mlaurencechen; https://x.com/LGierhake,6300000,Yes,2,Yes,1,Deployment Strategist,Early,B2B
terminal-use,Terminal Use,Winter 2026,Active,https://www.terminaluse.com/,terminaluse.com,https://www.ycombinator.com/companies/terminal-use,AI-native transformation for operations-heavy companies,San Francisco,US,High,https://www.linkedin.com/company/terminaluse/,,Vivek Raja; Filip Balucha; Stavros Filosidis,https://www.linkedin.com/in/v-raja/; https://www.linkedin.com/in/filip-balucha/; https://www.linkedin.com/in/stavrosfilosidis,https://x.com/v_raja_; https://x.com/filbalu; https://x.com/stavros_fil,,No,4,No,,,Early,B2B
overshoot,Overshoot,Winter 2026,Active,https://overshoot.ai,overshoot.ai,https://www.ycombinator.com/companies/overshoot,AI Infra for real-time vision applications,San Francisco,US,High,https://www.linkedin.com/company/overshootai,,Zakaria El hjouji; Younes El hjouji,https://www.linkedin.com/in/zakariaelhjouji/; https://www.linkedin.com/in/younes-elhjouji/,https://x.com/zakariaornot; ,,No,5,No,,,Early,B2B
cajal-technologies,Cajal,Winter 2026,Active,https://caj.al/,caj.al,https://www.ycombinator.com/companies/cajal-technologies,Scaling formal verification to accelerate scientific discovery,San Francisco,US,High,https://www.linkedin.com/company/cajal-technologies/,https://x.com/CajalResearch,Pedro Nobre; Luke Johnston,https://www.linkedin.com/in/pedronobree/; https://www.linkedin.com/in/lukerjohnston/,; https://x.com/CajalResearch,,No,2,No,,,Early,B2B
proximitty,Proximitty,Winter 2026,Active,https://proximitty.ai,proximitty.ai,https://www.ycombinator.com/companies/proximitty,AI operating system for commercial loans,San Francisco,US,High,https://www.linkedin.com/company/proximitty-ai/,,Wye Yew Ho; Zi Zhang,https://www.linkedin.com/in/wyeyew/; https://www.linkedin.com/in/zizixcm/,https://x.com/WyeYew; https://x.com/zizixcm,,No,2,Yes,,,Early,Fintech
instinct-xyz,Instinct,Winter 2026,Active,https://instinct.xyz,instinct.xyz,https://www.ycombinator.com/companies/instinct-xyz,Trade with superhuman instinct,San Francisco,US,High,https://www.linkedin.com/company/instinctxyz,https://x.com/instinct_xyz,Joon Won Song; Eunju Moon,https://www.linkedin.com/in/mericsong; https://www.linkedin.com/in/eunju-moon-a65823202/,https://x.com/mericsong; ,,No,5,No,,,Early,Fintech
stilta,Stilta,Winter 2026,Active,https://stilta.com,stilta.com,https://www.ycombinator.com/companies/stilta,Agentic AI for intellectual property,"Stockholm, Sweden",SE,High,http://linkedin.com/company/stilta,,Oskar Block; Oscar Adamsson; Tobias Estreen; Petrus Werner,https://www.linkedin.com/in/oskarblock; https://www.linkedin.com/in/oscaradamsson/; https://www.linkedin.com/in/tobiasestreen; https://www.linkedin.com/in/petruswerner/,https://x.com/oskarblock; ; https://x.com/estreenx; ,11000000,Yes,4,Yes,2,Founding Engineer; Founding GTM,Early,B2B
unisson,Unisson,Winter 2026,Active,https://www.unisson.ai,unisson.ai,https://www.ycombinator.com/companies/unisson,AI agents that automate B2B software implementation,San Francisco,US,High,https://www.linkedin.com/company/unisson-ai,,Varun Mathur; Tom Achache,https://www.linkedin.com/in/varun-mathur-451410a2/; https://www.linkedin.com/in/tom-achache/,https://x.com/vmathur6; ,,No,2,No,,,Early,B2B
brownie,IncidentFox,Winter 2026,Active,https://incidentfox.ai,incidentfox.ai,https://www.ycombinator.com/companies/brownie,"AI SRE agent that triages, coordinates, and fixes production incidents",San Francisco,US,High,https://www.linkedin.com/company/incidentfox/,https://x.com/incidentfox,Jimmy Wei; Long Yi,https://linkedin.com/in/chiehmin-wei; https://www.linkedin.com/in/long-yi-b221b2183/,; ,,No,2,No,,,Early,B2B
compresr,Compresr,Winter 2026,Active,https://compresr.ai,compresr.ai,https://www.ycombinator.com/companies/compresr,LLM context compression for better accuracy,San Francisco,US,High,https://www.linkedin.com/company/compresr/,,Ivan Zakazov; Berke Argin; Kamel Charaf,https://www.linkedin.com/in/ivan-zakazov?utm_source=share&utm_campaign=share_via&utm_content=profile&utm_medium=ios_app; https://www.linkedin.com/in/arginberke/; https://www.linkedin.com/in/kamel-charaf/,https://x.com/ivanzakazov?s=21; ; https://x.com/KamelCharaf,,No,3,No,,,Early,B2B
opalite-health,Opalite Health,Winter 2026,Active,http://opalitehealth.com/,opalitehealth.com,https://www.ycombinator.com/companies/opalite-health,Helping Healthcare Providers Speak Any Language ,San Francisco,US,High,https://www.linkedin.com/company/opalite-health/,,Cathleen Kuo; Alex Mehregan,https://www.linkedin.com/in/cathleenkuo/; https://linkedin.com/in/alex-mehregan,https://x.com/KuoCathleen; https://x.com/akmehregan,,No,3,Yes,,,Early,Healthcare
confluence-labs,Confluence Labs,Winter 2026,Active,https://confluence.sh,confluence.sh,https://www.ycombinator.com/companies/confluence-labs,AI models that learn from experience,San Francisco,US,High,https://www.linkedin.com/company/confluence-labs/,https://x.com/_confluencelabs,Brent Burdick; Niranjan Baskaran,; https://www.linkedin.com/in/niranjan-baskaran-a906a5205/,https://x.com/BingBongBrent; ,,No,2,No,,,Early,B2B
mango-medical-inc,Mango Medical,Winter 2026,Active,https://mangomedical.io,mangomedical.io,https://www.ycombinator.com/companies/mango-medical-inc,Foundation models for planning orthopedic surgery,,,High,https://www.linkedin.com/company/mangomedical/,,Adrian Kilian; Jorge Padilla Perez,https://www.linkedin.com/in/adrian-kilian; https://www.linkedin.com/in/jorge-padilla-perez/,https://x.com/thegadak; https://x.com/padilla_peres,,No,3,No,,,Early,Healthcare
sponge,Sponge,Winter 2026,Active,https://paysponge.com/,paysponge.com,https://www.ycombinator.com/companies/sponge,Financial infrastructure for the agent economy,San Francisco,US,High,https://www.linkedin.com/company/paysponge,https://x.com/paysponge,Eric Zhang; Jae Choi; Rishab Luthra,https://www.linkedin.com/in/ericzhang98; https://www.linkedin.com/in/jaekyongchoi/; https://linkedin.com/in/rishabluthra,; ; ,,No,3,No,,,Early,B2B
terranox-ai,Terranox AI,Winter 2026,Active,https://terranox.ai,terranox.ai,https://www.ycombinator.com/companies/terranox-ai,The first AI-powered uranium discovery company,San Francisco,US,High,,,Jade Checlair; Leeav Lipton,https://www.linkedin.com/in/jade-checlair/; https://www.linkedin.com/in/leeavlipton,; ,,No,2,Yes,,,Early,Industrials
ventura,Ventura,Winter 2026,Active,https://www.ventura.ai,ventura.ai,https://www.ycombinator.com/companies/ventura,AI Workforce for Distributors and Manufacturers,San Francisco,US,High,https://www.linkedin.com/company/getventura,,Swen Koller; Jack Collins,https://www.linkedin.com/in/swenkoller/; https://www.linkedin.com/in/jackmpcollins/,https://x.com/swekol; https://x.com/jackmpcollins,,No,2,Yes,,,Early,Industrials
orthogonal,Orthogonal,Winter 2026,Active,https://orthogonal.com,orthogonal.com,https://www.ycombinator.com/companies/orthogonal,Agentic Payments for APIs,San Francisco,US,High,https://www.linkedin.com/company/orthogonalsh,https://x.com/orthogonal_sh,Christian Pickett; Bera Sogut,https://linkedin.com/in/christian-pickett; https://linkedin.com/in/berasogut,https://x.com/chrisspickett; https://twitter.com/berasogut1,,No,2,No,0,,Early,B2B
perfectly,Perfectly,Winter 2026,Active,https://www.perfectly.so/,perfectly.so,https://www.ycombinator.com/companies/perfectly,The AI-native Recruiting OS,San Francisco,US,High,https://www.linkedin.com/company/hireperfectly,,Victor Luo; Zhuang (Gary) Luo; Huimin Xie,https://linkedin.com/in/victor-luo; https://www.linkedin.com/in/zhuang-luo/; https://www.linkedin.com/in/huimin-xie/,; ; https://x.com/WeymanX15075,,No,4,No,,,Early,B2B
fern-bot,Fern,Winter 2026,Active,https://fern.bot,fern.bot,https://www.ycombinator.com/companies/fern-bot,RL environments for robotics companies,,,High,https://www.linkedin.com/company/fernbot,https://x.com/ishikilabs,Amit Yadav; Robert Xu,https://www.linkedin.com/in/amit-kumar-singh-yadav; https://www.linkedin.com/in/robert-xu/,; ,,No,2,No,,,Early,B2B
sparkles,Sparkles,Winter 2026,Active,https://sparkles.dev,sparkles.dev,https://www.ycombinator.com/companies/sparkles,Make everyone on your team an engineer,"London, United Kingdom",GB,Medium,https://www.linkedin.com/company/sparkles-dev,https://x.com/Sparklesdotdev,Ai Daniil Bekirov,https://www.linkedin.com/in/aidaniilbekirov/,https://x.com/aidaniil,,No,1,Yes,2,Founding Engineer (London); Founding GTM (London),Early,B2B
eigenpal,EigenPal,Winter 2026,Active,https://www.eigenpal.com/,eigenpal.com,https://www.ycombinator.com/companies/eigenpal,AI Document Workflows for Enterprises,San Francisco,US,High,https://www.linkedin.com/company/eigenpal,http://x.com/eigenpal,Matej Novak; Jedrzej Blaszyk,https://www.linkedin.com/in/novak-matej/; https://www.linkedin.com/in/jedrzej-blaszyk/,https://x.com/novakmatej1; https://x.com/jedr_blaszyk,,No,,No,,,Early,B2B
salus,Salus,Winter 2026,Active,https://www.usesalus.ai/,usesalus.ai,https://www.ycombinator.com/companies/salus,Guardrails to validate your agent's actions before they execute,San Francisco,US,High,https://www.linkedin.com/company/salus-dev/,,Vedant Singh,https://www.linkedin.com/in/thevedantsingh/,https://x.com/thevedants1,,No,2,Yes,,,Early,B2B
moritz,Moritz,Winter 2026,Active,http://moritzlegal.com/,moritzlegal.com,https://www.ycombinator.com/companies/moritz,Global AI-native law firm handling legal work with same-day turnaround,"Oslo, Norway",NO,High,https://www.linkedin.com/company/moritzlaw,https://x.com/moritzlaw,Pamir Ehsas; Stefan Mandaric,https://www.linkedin.com/in/pamirehsas/; https://www.linkedin.com/in/stefan-mandaric/,https://x.com/pamirehsas; ,9500000,Yes,10,Yes,6,Open Role; Founding BDR; Founding Commercial Attorney; Founding Account Executive; Founding Product Designer; Founding Full-Stack Engineer ,Early,B2B
ramain,RamAIn,Winter 2026,Active,https://ramain.ai,ramain.ai,https://www.ycombinator.com/companies/ramain,Automate any UI task with natural language,San Francisco,US,High,https://www.linkedin.com/company/ramain,https://x.com/ramainai,Shourya Vir Jain; Vansh Ramani,https://www.linkedin.com/in/shouryavirjain/; https://www.linkedin.com/in/ramanivansh/,https://x.com/SveeVJ; https://x.com/vansh_ramani,,No,4,Yes,,,Early,B2B
milliray,Milliray,Winter 2026,Active,https://milliray.com/,milliray.com,https://www.ycombinator.com/companies/milliray,Technology to detect and track small drones,"London, United Kingdom",GB,No,,,Matthew Moore; Thomas Doherty; Jordina Frances de Mas,https://www.linkedin.com/in/mmoore2/; https://www.linkedin.com/in/thomas-doherty-940b87302; https://linkedin.com/in/jordina-f-442259329,; ; ,,No,3,No,,,Early,Industrials
beyond-reach-labs,Beyond Reach Labs,Winter 2026,Active,https://www.beyondreachlabs.com,beyondreachlabs.com,https://www.ycombinator.com/companies/beyond-reach-labs,Space solar arrays that grow to the size of a football field in orbit,"New York City, NY",US,No,https://www.linkedin.com/company/beyond-reach-labs-inc/,https://x.com/beyondreachlabs,Mitchell Fogelson; Pele Collins,https://www.linkedin.com/in/mitchell-fogelson; https://www.linkedin.com/in/pelecollins/,https://x.com/fogmb; ,10500000,No,8,Yes,7,Mechanical Engineer ; Mechanical Engineer Intern (Spring 2027); Mechanical Engineer Intern (Summer 2027); Development Test Engineer; Founding Software Engineer; Talent Acquisition Manager; Strategy and Growth Lead,Early,Industrials
octapulse,OctaPulse,Winter 2026,Active,https://www.tryoctapulse.com/,tryoctapulse.com,https://www.ycombinator.com/companies/octapulse,CV and robotics to automate quality inspection in fish farms,,,High,https://www.linkedin.com/company/106495616,https://x.com/tryoctapulse,Paul Grech; Rohan Singh,https://www.linkedin.com/in/paul-l-grech-b4359591/; https://www.linkedin.com/in/rohxnsxngh/,; ,,No,2,No,,,Early,Industrials
codewisp,CodeWisp,Winter 2026,Active,https://codewisp.ai/,codewisp.ai,https://www.ycombinator.com/companies/codewisp,Anyone can create real games with AI,San Francisco,US,High,https://www.linkedin.com/company/codewisp/,https://x.com/usecodewisp,Elvin Fu,https://www.linkedin.com/in/fuelvin/,https://x.com/itsfuelvin,,No,3,No,,,Early,Consumer
ashr,Ashr,Winter 2026,Active,https://ashr.io,ashr.io,https://www.ycombinator.com/companies/ashr,"Enterprise post-training, monitoring, and continual learning platform",San Francisco,US,High,https://www.linkedin.com/company/ashr-io,,Rohan Kulkarni; Shreyas Kaps,https://linkedin.com/in/rohankulkz; https://www.linkedin.com/in/shreyas-kaps-5b1a4420b/,; ,,No,2,No,,,Early,B2B
aemon,Aemon,Winter 2026,Active,https://aemon.ai/,aemon.ai,https://www.ycombinator.com/companies/aemon,The Forward-Deployed AI Research Engineer ,San Francisco,US,High,https://www.linkedin.com/company/aemon-ai/,https://x.com/Aemon_ai,Richard Zhou; Ray Xu,https://www.linkedin.com/in/-richard-zhou-/; https://www.linkedin.com/in/yifei-ray-xu/,; ,,No,3,Yes,,,Early,B2B
luel,Luel,Winter 2026,Active,https://luel.ai,luel.ai,https://www.ycombinator.com/companies/luel,Turning everyday words and actions into usable training data.,San Francisco,US,High,https://www.linkedin.com/company/luel/,https://x.com/LuelCompany,William Namgyal; Inigo Lenderking,https://www.linkedin.com/in/william-namgyal; https://www.linkedin.com/in/inigolenderking/,; ,31700000,No,12,No,0,,Early,B2B
scheduling-wizard,Scheduling Wizard,Winter 2026,Active,https://www.schedulingwiz.com,schedulingwiz.com,https://www.ycombinator.com/companies/scheduling-wizard,Logistics infrastructure to modernize healthcare operations,"Washington, DC",US,High,https://www.linkedin.com/company/scheduling-wizard/,https://x.com/scheduling_wiz,Samuel Oberly; Zachary Dermody; Abdelrahman Hamimi,https://www.linkedin.com/in/sam-oberly; https://www.linkedin.com/in/zachary-dermody-41238a202; https://www.linkedin.com/in/abdelrahman-hamimi-2064ab202/,https://x.com/samob917?s=21; ; ,,No,3,No,,,Early,Healthcare
robodock,RoboDock,Winter 2026,Active,https://www.robodock.tech/,robodock.tech,https://www.ycombinator.com/companies/robodock,Robots that run autonomous depots for autonomous fleets.,San Francisco,US,Medium,https://www.linkedin.com/company/robodock-tech/,,Zinny Weli; Celine Wang,https://www.linkedin.com/in/zinnyweli; https://www.linkedin.com/in/celinewang16/,; https://x.com/nicenewgal,,No,4,No,,,Early,Industrials
skillsync,Skillsync,Winter 2026,Active,https://skillsync.com,skillsync.com,https://www.ycombinator.com/companies/skillsync,Notion for AI chats,San Francisco,US,High,https://www.linkedin.com/company/skillsync-wiki/,,Narayana Aaditya Ganeshkumar; Nishant Joshi,https://www.linkedin.com/in/narayanaaaditya/; https://www.linkedin.com/in/nishantjosh,https://x.com/narsagna; https://x.com/nishantjosh,,No,2,No,,,Early,B2B
mousecat,MouseCat,Winter 2026,Active,https://www.mousecat.ai,mousecat.ai,https://www.ycombinator.com/companies/mousecat,AI to fight financial crime,"New York City, NY",US,High,https://www.linkedin.com/company/mousecat,https://x.com/MouseCatAI,Nicholas Aldridge; Joseph McAllister,https://www.linkedin.com/in/nicholas-aldridge-341162a4/; https://www.linkedin.com/in/joseph-mcallister/,https://x.com/nickaldridge_; ,,No,6,No,,,Early,B2B
zatanna,Zatanna,Winter 2026,Active,https://www.zatanna.ai/,zatanna.ai,https://www.ycombinator.com/companies/zatanna,Turning all software into agent-first APIs,San Francisco,US,High,https://www.linkedin.com/company/108413116/admin/dashboard/,,Alex Blackwell; Tarun Vedula,https://www.linkedin.com/in/alex-blackwell-506228206/; https://www.linkedin.com/in/tarunvedula/,; https://x.com/TarunVedula,,No,2,No,,,Early,B2B
autositu,AutoSitu,Winter 2026,Active,https://autositu.com/,autositu.com,https://www.ycombinator.com/companies/autositu,The AI operating system for the built world,,,High,https://www.linkedin.com/company/autositu,https://x.com/autositu,George Zhai; Xuanshu (Asher) Lin,https://www.linkedin.com/in/george-zhai-213373141/; https://www.linkedin.com/in/linxis01/,; ,,No,2,Yes,,,Early,B2B
verdex,Verdex,Winter 2026,Active,https://www.verdexai.com/,verdexai.com,https://www.ycombinator.com/companies/verdex,AI Verification for Insurance,San Francisco,US,High,https://www.linkedin.com/company/verdexai/,,Jad Bousselham; Evan Rankin,https://www.linkedin.com/in/jad-bousselham/; https://www.linkedin.com/in/evan-rankin-/,https://x.com/jadbousselham; ,,No,2,No,,,Early,Fintech
cumulus-labs,Cumulus Labs,Winter 2026,Active,https://cumuluslabs.io,cumuluslabs.io,https://www.ycombinator.com/companies/cumulus-labs,The Fastest Multimodal Inference OS,San Francisco,US,High,https://www.linkedin.com/company/cumuluscomputelabs/,https://x.com/CumulusLabsIO,Veer Shah,https://www.linkedin.com/in/veer-shah-62aa8526a/,https://x.com/VeerCumulus,,No,2,Yes,,,Early,B2B
tepali,Tepali,Winter 2026,Active,https://tepali.com,tepali.com,https://www.ycombinator.com/companies/tepali,AI EMR for medspas & wellness clinics,"New York City, NY",US,High,https://www.linkedin.com/company/tepali,https://x.com/usetepali,Chrisvin Jabamani; Vishnu Pathmanaban,https://www.linkedin.com/in/chrisvinjabamani/; https://www.linkedin.com/in/vishnupathmanaban,; ,,No,2,No,,,Early,B2B
palus-finance,Palus Finance,Winter 2026,Active,https://palus.finance,palus.finance,https://www.ycombinator.com/companies/palus-finance,Your startup's financial advisor,,,High,https://www.linkedin.com/company/palus-finance/,https://x.com/PalusFinance,Sam Lushtak; Michael Gonzalez,https://www.linkedin.com/in/samuel-lushtak; https://www.linkedin.com/in/mogonzal,https://x.com/Sam_Lushtak; https://x.com/michaelatpalus,,No,2,No,,,Early,Fintech
21st,21st,Winter 2026,Active,https://21st.dev,21st.dev,https://www.ycombinator.com/companies/21st,UI building blocks for the agentic internet,San Francisco,US,High,https://www.linkedin.com/company/21st-dev/,https://x.com/21st_dev,Serafim Korablev; Sergey Bunas,https://www.linkedin.com/in/serafimkorablev; https://www.linkedin.com/in/s-bunas/,https://x.com/serafimcloud; https://x.com/sergeybunas,,No,3,No,,,Early,B2B
avoice,Avoice,Winter 2026,Active,https://avoice.co/,avoice.co,https://www.ycombinator.com/companies/avoice,AI-native workspace for AEC,San Francisco,US,High,https://www.linkedin.com/company/avoicelabs/?viewAsMember=true,,Chawin Asavasaetakul; Chawit Asavasaetakul,https://www.linkedin.com/in/chawinasava/; https://www.linkedin.com/in/chawit-asavasaetakul-a487a724b/,; https://x.com/ChawitAsava,,No,7,No,,,Early,B2B
zerosettle,ZeroSettle,Winter 2026,Active,https://zerosettle.io,zerosettle.io,https://www.ycombinator.com/companies/zerosettle,Drop-in Direct Billing SDK for In-App Purchases,"San Diego, CA",US,No,https://www.linkedin.com/company/zerosettle,https://x.com/zerosettle,Gabe Roeloffs; Ryan Elliott,https://linkedin.com/in/gabe-roeloffs; https://www.linkedin.com/in/ryanelliott-10,https://x.com/gaberoeloffs; ,,No,2,No,,,Early,Fintech
devfast,/dev/fast,Winter 2026,Active,https://dev.fast,dev.fast,https://www.ycombinator.com/companies/devfast,/dev/fast is the AI-native code forge,San Francisco,US,High,,,Sid Menon; Ketan Agrawal; Milan Bhandari; Alex Iansiti,https://www.linkedin.com/in/sidkmenon; https://www.linkedin.com/in/ketan-jay-agrawal/; https://www.linkedin.com/in/milan-bhandari-623979163/; https://www.linkedin.com/in/alex-iansiti/,https://x.com/sidharthkmenon; https://x.com/_ketan0; ; ,,No,4,No,,,Early,B2B
openspec,OpenSpec,Winter 2026,Active,http://openspec.dev,openspec.dev,https://www.ycombinator.com/companies/openspec,Plan mode for complex features,"Sydney, Australia",AU,High,,,Tabish Bidiwale,https://www.linkedin.com/in/tabishbidiwale/,https://x.com/0xTab,,No,,No,,,Early,B2B
pirislabs,Piris Labs,Winter 2026,Active,https://pirislabs.io/,pirislabs.io,https://www.ycombinator.com/companies/pirislabs,The Networking Layer of AI,San Francisco,US,High,https://www.linkedin.com/company/110912035,https://x.com/PirisLabs,Ali Khalatpour; Keyvan Moghadam,https://www.linkedin.com/in/alikhalatpour; https://www.linkedin.com/in/keyvanrm/,; ,,No,8,Yes,,,Early,B2B
celltype,CellType,Winter 2026,Active,https://www.celltype.com,celltype.com,https://www.ycombinator.com/companies/celltype,The agentic drug company. We simulate human biology.,"New York City, NY",US,High,https://www.linkedin.com/company/celltype/,https://x.com/celltypeinc,David van Dijk; Ivan Vrkic,https://www.linkedin.com/in/david-van-dijk-b440286/; https://www.linkedin.com/in/ivanvrkic,https://x.com/david_van_dijk; ,,No,5,Yes,,,Early,Healthcare
burt,Burt,Winter 2026,Active,https://www.burthq.com/,burthq.com,https://www.ycombinator.com/companies/burt,AI teammates for logistics,San Francisco,US,High,https://www.linkedin.com/company/train-burt,,Bobby Zhong; Kurt Sharma,https://linkedin.com/in/bobby-zhong; https://www.linkedin.com/in/kartavya-sharma,https://x.com/bobbyzhong333; https://x.com/zerodaykurt,,No,2,No,,,Early,B2B
envariant,Envariant,Winter 2026,Active,https://envariant.ai/,envariant.ai,https://www.ycombinator.com/companies/envariant,Interpretability and reasoning infra for foundation models.,San Francisco,US,High,https://www.linkedin.com/company/envariant/,https://x.com/envariant,Varun Agarwal,https://www.linkedin.com/in/varun-agarwal1/,,,No,1,No,,,Early,B2B
cascade,Cascade,Winter 2026,Active,https://runcascade.com/,runcascade.com,https://www.ycombinator.com/companies/cascade,Distilling Proprietary Intelligence,San Francisco,US,Medium,https://www.linkedin.com/company/runcascade/,https://x.com/cascade_intel,Adam AlSayyad; Haluk Cem Demirhan,https://www.linkedin.com/in/aalsayyad; https://www.linkedin.com/in/halukcemdemirhan/,https://x.com/adam_alsayyad; ,,No,,,,,,
beacon-health,Beacon Health,Winter 2026,Active,https://www.beaconhealth.ai/,beaconhealth.ai,https://www.ycombinator.com/companies/beacon-health,AI Employees for Primary Care,San Francisco,US,High,https://www.linkedin.com/company/beacon-health-ai/,,Mark Pothen; Obinna Akahara,https://www.linkedin.com/in/mark-pothen/; https://linkedin.com/in/obinnaakahara,; https://x.com/ObinnaAka,,No,2,No,,,Early,Healthcare
strand-ai,Strand AI,Winter 2026,Active,https://strandai.com,strandai.com,https://www.ycombinator.com/companies/strand-ai,Multimodal foundation models to predict uncollected patient biology,San Francisco,US,High,https://linkedin.com/company/strand-ai/,https://x.com/strandaibio,Yue Dai; Oded Falik,https://www.linkedin.com/in/yued/; https://www.linkedin.com/in/oded-falik/,; https://x.com/_odedf,,No,2,No,,,Early,Healthcare
baseframe,BaseFrame,Winter 2026,Active,https://baseframe.co,baseframe.co,https://www.ycombinator.com/companies/baseframe,Detect what AI can automate for your team,San Francisco,US,High,https://www.linkedin.com/company/baseframe,,Anshul Paul; Vaibhav Agrawal,https://www.linkedin.com/in/anshulpaul30/; https://www.linkedin.com/in/vaibagra/,; https://x.com/vaibagra,,No,2,No,,,Early,B2B
protent,Protent,Winter 2026,Active,https://protent.ai,protent.ai,https://www.ycombinator.com/companies/protent,Real time intelligence for law enforcement & security teams.,San Francisco,US,Medium,,,Srihan Balaji; Abhisheik Sharma,https://www.linkedin.com/in/bsrihan/; https://www.linkedin.com/in/abhisheiksharma/,https://x.com/srihanbr; ,,No,2,No,,,Early,B2B
cofia,Cofia,Winter 2026,Active,https://cofia.ai,cofia.ai,https://www.ycombinator.com/companies/cofia,AI automations that implement themselves,"New York City, NY",US,High,https://www.linkedin.com/company/cofia-ai/,,Moses Wayne; Paola Martinez,https://www.linkedin.com/in/moses-wayne-860309128/; https://www.linkedin.com/in/paomartcard/,https://x.com/_moseswayne; https://x.com/paomartcard,,No,3,No,,,Early,B2B
legalos,LegalOS,Winter 2026,Active,https://www.legalos.ai,legalos.ai,https://www.ycombinator.com/companies/legalos,The AI-Native Immigration Law Firm,San Francisco,US,High,https://www.linkedin.com/company/legalosai/,https://x.com/legalosai,Matthew Asir; Rachel Asir; Claire Jutabha,https://www.linkedin.com/in/matthew-asir; https://www.linkedin.com/in/rachelasir; https://www.linkedin.com/in/clairejutabha/,https://x.com/assiirrrrrr; ; ,,No,3,No,,,Early,B2B
sentrial,Sentrial,Winter 2026,Active,https://sentrial.com/,sentrial.com,https://www.ycombinator.com/companies/sentrial,Datadog for Agent Reliability,San Francisco,US,High,https://www.linkedin.com/company/sentrial,https://x.com/sentrial_dev,Neel Sharma,https://www.linkedin.com/in/neelshar,https://x.com/theneelshar,,No,2,No,,,Early,B2B
10x-science,10x Science,Winter 2026,Active,https://10xscience.com,10xscience.com,https://www.ycombinator.com/companies/10x-science,The AI-native platform for next-generation protein characterization.,San Francisco,US,High,https://www.linkedin.com/company/10xscience/,https://x.com/10x_Science,David Roberts; Andrew Reiter; Vishnu Tejus,https://www.linkedin.com/in/davidstephenroberts/; https://www.linkedin.com/in/andrew-r-593066136; https://www.linkedin.com/in/vishnutejus,https://x.com/DSRoberts007; ; https://www.twitter.com/vrtejus,5300000,Yes,5,Yes,1,Founding Engineer,Early,B2B
rev1,REV1,Winter 2026,Active,https://rev1.so,rev1.so,https://www.ycombinator.com/companies/rev1,Claude Code for Mechanical Engineers,San Francisco,US,No,https://www.linkedin.com/company/rev1-inc/,,Alex Rivero; Louis Liu,https://www.linkedin.com/in/alex-rivero-sabiote; https://www.linkedin.com/in/sp-louis-liu/,; ,,No,2,No,,,Early,B2B
shortkit,shortkit,Winter 2026,Active,https://www.shortkit.dev,shortkit.dev,https://www.ycombinator.com/companies/shortkit,Media infra for consumer apps,,,No,https://www.linkedin.com/company/shortkit/,,Neil Bhammar; Michael Seleman,https://www.linkedin.com/in/neilbhammar/; https://www.linkedin.com/in/michael-seleman-541509122/,https://x.com/neilbhammar; ,,No,2,No,,,Early,B2B
asimov,Asimov,Winter 2026,Active,https://tryasimov.ai/,tryasimov.ai,https://www.ycombinator.com/companies/asimov,Real-world human movement data for humanoid robots,San Francisco,US,Medium,https://www.linkedin.com/company/tryasimov,https://x.com/tryasimov,Lyem Ningthou,https://www.linkedin.com/in/lyem-ningthou-5a09a4239,https://x.com/lyemningthou,,No,3,Yes,,,Early,Industrials
lexius,Lexius,Winter 2026,Active,https://www.lexius.ai,lexius.ai,https://www.ycombinator.com/companies/lexius,AI for Corporate Security Cameras,San Francisco,US,High,https://www.linkedin.com/company/lexiusss/,,David Elskamp; Liam Webster,https://www.linkedin.com/in/davidelskamp/; https://www.linkedin.com/in/liamwebsterxyz/,; ,,No,3,No,,,Early,B2B
axis-2,Axis,Winter 2026,Active,https://axisanalysis.com,axisanalysis.com,https://www.ycombinator.com/companies/axis-2,An AI Copilot for Trading Desks,"New York City, NY",US,High,https://www.linkedin.com/company/axiscommodities,,Eric Zhu; Ian Wang,https://www.linkedin.com/in/eric-zhu-774a4918b/; https://www.linkedin.com/in/ian-wang-m1n1,; ,,No,2,No,,,Early,Fintech
mirabelle,Mirabelle,Winter 2026,Active,https://meetmirabelle.com,meetmirabelle.com,https://www.ycombinator.com/companies/mirabelle,Your robot chef,"Paris, France",FR,High,https://www.linkedin.com/company/meetmirabelle,https://x.com/meetmirabelle,Dimittri Choudhury; Alexandre Klobb,https://www.linkedin.com/in/dimittrichoudhury/; https://www.linkedin.com/in/alexandre-klobb-09bb40225?utm_source=share&utm_campaign=share_via&utm_content=profile&utm_medium=ios_app,https://x.com/dimichoudhury; https://x.com/AKlobb,,No,2,No,,,Early,Consumer
docura-health,Docura Health,Winter 2026,Active,https://docurahealth.com,docurahealth.com,https://www.ycombinator.com/companies/docura-health,AI-Native Med-Legal Firm,San Francisco,US,High,https://www.linkedin.com/company/docura-health/,https://x.com/DocuraHealth,Akhil Sachdev,https://www.linkedin.com/in/akhil-sachdev,https://x.com/akhil_sachdev,,No,3,Yes,,,Early,Healthcare
lance,Lance,Winter 2026,Active,https://www.lance.live,lance.live,https://www.ycombinator.com/companies/lance,AI Agents That Run Hotel Operations.,San Francisco,US,High,https://www.linkedin.com/company/trylance/,https://x.com/TryLance,Caleb Chan; Gavin Brennen; Gatik Trivedi,https://www.linkedin.com/in/caleb-chan-327b14239/; https://www.linkedin.com/in/gavinbrennen/; https://www.linkedin.com/in/gatik-trivedi,https://x.com/calebychan; https://x.com/GavinBrennen; https://x.com/GatikTriv,,No,10,Yes,6,Member of Technical Staff; Product Engineer; Product Marketing Manager; Software Engineering Intern; GTM & Content Marketing Intern; Design Engineer,Early,B2B
runanywhere,RunAnywhere,Winter 2026,Active,https://www.runanywhere.ai/,runanywhere.ai,https://www.ycombinator.com/companies/runanywhere,"Fastest inference anywhere: open models on-prem, hosted or on-device",San Francisco,US,High,https://www.linkedin.com/company/runanywhere/,https://x.com/RunAnywhereAI,Sanchit Monga; Shubham Malhotra,https://www.linkedin.com/in/sanchitmonga22/; https://www.linkedin.com/in/shubham-malhotra-fg890a23a/,https://x.com/sanchitmonga22; https://x.com/ShubhamMal72313,,No,5,Yes,,,Early,B2B
lucent,Lucent,Winter 2026,Active,https://lucenthq.com,lucenthq.com,https://www.ycombinator.com/companies/lucent,AI that automatically improves products from user behavior,San Francisco,US,High,https://www.linkedin.com/company/lucenthq,https://x.com/lucent_ai,Alisa Rae,https://www.linkedin.com/in/wualisa/,https://x.com/raealisa,2000000,No,2,No,,,Early,B2B
ruma-care,Ruma Care,Winter 2026,Active,https://rumacare.com,rumacare.com,https://www.ycombinator.com/companies/ruma-care,The operations stack for biologic infusion clinics,San Francisco,US,Medium,https://www.linkedin.com/company/ruma-care/,,Meng Fei Shen,https://www.linkedin.com/in/mengfei-shen/,,,No,5,Yes,,,Early,Healthcare
klaus-ai,Klaus AI,Winter 2026,Active,https://klausai.com,klausai.com,https://www.ycombinator.com/companies/klaus-ai,Fast and Safe OpenClaw on the cloud,San Francisco,US,No,https://www.linkedin.com/company/110927082/admin/dashboard/,https://x.com/usebits_inc,Robbie Thompson; Bailey Wickham,https://www.linkedin.com/in/robert-thompson-133469175/; https://www.linkedin.com/in/bailey-w-10b01a345/,https://x.com/rob0the0nerd; ,,No,2,No,,,Early,B2B
kita,Kita,Winter 2026,Active,https://www.kita.ai/,kita.ai,https://www.ycombinator.com/companies/kita,Underwrite borrowers around the world in minutes,San Francisco,US,High,https://www.linkedin.com/company/kitafi/,,Carmel Limcaoco; Rhea Malhotra,https://www.linkedin.com/in/carmellimcaoco/; https://www.linkedin.com/in/rhea-malhotra-198744142,https://x.com/carmelkita; https://x.com/_rheamalhotra_,5000000,No,3,No,0,,Early,Fintech
quotient-labs,Quotient Labs,Winter 2026,Active,https://quotientlabs.com,quotientlabs.com,https://www.ycombinator.com/companies/quotient-labs,Use Claude Code at 47% less cost in one line of installation.,San Francisco,US,High,https://www.linkedin.com/company/quotientlabs,https://x.com/syntropyio,Saahil Sundaresan; Andrew Kuik,https://www.linkedin.com/in/saahil-sundaresan/; https://www.linkedin.com/in/andrew-kuik-109749238/,https://x.com/imsaahilsangye; ,,No,2,No,,,Early,B2B
one-robot,One Robot,Winter 2026,Active,https://www.onerobot.io/,onerobot.io,https://www.ycombinator.com/companies/one-robot,World models for robot evals and training.,San Francisco,US,High,https://www.linkedin.com/company/112377363/,,Hemanth Sarabu; Elton Shon,https://www.linkedin.com/in/hemanth-sarabu/; www.linkedin.com/in/elton-shon,; https://x.com/eltonbear6996,,No,2,Yes,,,Early,Industrials
didit,Didit,Winter 2026,Active,https://didit.me/,didit.me,https://www.ycombinator.com/companies/didit,Infrastructure for identity and fraud.,San Francisco,US,High,https://www.linkedin.com/company/diditprotocol/,https://x.com/didit,Alberto Rosas; Alejandro Rosas,https://www.linkedin.com/in/albertorosasg/; https://www.linkedin.com/in/alejandrorosasgarcia/,https://x.com/albertorosasg; https://x.com/_arosasg,,No,16,No,0,,Early,B2B
panta,Panta,Winter 2026,Active,https://pantainsure.com,pantainsure.com,https://www.ycombinator.com/companies/panta,AI Native Commercial Insurance Brokerage ,San Francisco,US,High,https://www.linkedin.com/company/pantainsure/,,Vincent Chen; Frank Wang,https://linkedin.com/in/zihong-chen; https://www.linkedin.com/in/jiangdawang/,https://x.com/dsdvincent; https://x.com/lifetime0x,,No,3,No,0,,Early,Fintech
payna,Payna,Winter 2026,Active,https://payna.com/,payna.com,https://www.ycombinator.com/companies/payna, AI Licensing Agent for Regulated Industries,San Francisco,US,High,https://www.linkedin.com/company/payna,https://x.com/payna_co,Aaron Chen; He Song,https://www.linkedin.com/in/aaron-c2024/; https://www.linkedin.com/in/he-song/,https://x.com/boewu_; https://x.com/7_hesong,,No,2,Yes,,,Early,B2B
origin-bio,Origin,Winter 2026,Active,https://origin.bio/,origin.bio,https://www.ycombinator.com/companies/origin-bio,AI and Data for Cancer Therapeutics,San Francisco,US,High,https://www.linkedin.com/company/origin-bio-inc/,https://x.com/origin_bio,Yash Rathod; Malhar Bhide,https://www.linkedin.com/in/yrraadi; https://www.linkedin.com/in/malhar-bhide-9002791a7/,https://x.com/YashRathod_75; https://x.com/malhar317,,No,8,Yes,,,Early,Healthcare
hlabs,Hlabs,Winter 2026,Active,https://www.hlaboratories.com,hlaboratories.com,https://www.ycombinator.com/companies/hlabs,US-Made Parts for Robots,"Austin, TX",US,Medium,https://www.linkedin.com/company/hlaboratories,https://x.com/hlabs_,Paul Hetherington,https://www.linkedin.com/in/paul-hetherington/,https://x.com/paulcjh_,,No,1,No,,,Early,Industrials
eos-ai,Eos AI,Winter 2026,Active,https://www.helloeos.ai/,helloeos.ai,https://www.ycombinator.com/companies/eos-ai,Autonomous OS for healthcare,San Francisco,US,Medium,https://www.linkedin.com/company/helloeos/,https://x.com/_eosai,Arya Khokhar,https://www.linkedin.com/in/arya-khokhar,https://x.com/ary_src,,No,2,No,,,Early,Healthcare
valgo,Valgo,Winter 2026,Active,https://valgo.ai,valgo.ai,https://www.ycombinator.com/companies/valgo,Insurance risk layer for physical AI,San Francisco,US,High,https://www.linkedin.com/company/valgorithmic,http://x.com/valgorithmicinc,Robert Moss; Sydney Katz; Jon Qian,https://www.linkedin.com/in/robert-j-moss; https://www.linkedin.com/in/smkatz/; https://www.linkedin.com/in/jon-qian-82b63046/,http://x.com/mossrj; ; ,,No,3,No,,,Early,B2B
arc-prize-foundation,ARC Prize Foundation,Winter 2026,Active,https://arcprize.org/,arcprize.org,https://www.ycombinator.com/companies/arc-prize-foundation,AI benchmarks that measure general intelligence and inspire new ideas,San Francisco,US,High,https://www.linkedin.com/company/arcprize,https://x.com/arcprize,Greg Kamradt,https://www.linkedin.com/in/gregkamradt/,https://x.com/GregKamradt,,No,4,No,,,Early,Industrials
corvera,Corvera,Winter 2026,Active,https://corvera.ai/,corvera.ai,https://www.ycombinator.com/companies/corvera,The AI sales engine for CPG brands,San Francisco,US,High,https://www.linkedin.com/company/covera-ai/,https://x.com/corveraai,Christopher Kong; Dirk Breeuwer; Matthew Collins,https://www.linkedin.com/in/cwnkong/; https://www.linkedin.com/in/dirkbreeuwer/; https://www.linkedin.com/in/itsmcollins,https://x.com/chriskong852; ; https://x.com/matthewncollins,5956365,No,4,No,0,,Early,B2B
fullseam,FullSeam,Winter 2026,Active,https://fullseam.com,fullseam.com,https://www.ycombinator.com/companies/fullseam,AI agents for corporate accounting teams,,,High,https://www.linkedin.com/company/fullseam/,http://x.com/FullSeam,Thomas Dowling; Aaron Coppa; Geoff Segal,https://linkedin.com/in/thomas-dowling-2a3aabb7; https://www.linkedin.com/in/aaron-coppa-451a1955/; https://www.linkedin.com/in/geoff-segal-744407ba/,https://x.com/thetomdowling; ; ,,No,3,No,,,Early,B2B
catchback-cards,CatchBack Cards,Winter 2026,Active,https://catchbackcards.com,catchbackcards.com,https://www.ycombinator.com/companies/catchback-cards,The most thrilling way to create and rip digital collectible packs,San Francisco,US,No,https://www.linkedin.com/company/109636610/admin/dashboard/,https://x.com/catchback_cards,Joseph Zhang; Sophia Kim,https://www.linkedin.com/in/joseph-zhang-116152187/; https://www.linkedin.com/in/sophia-sol-kim/,https://x.com/sohan_zhang; ,8300000,No,7,Yes,6,"GTM; Growth Intern (Fall, Winter cycles); Video Producer (TCG, Motion graphics, Clipping); Lead Creator & Social Media Manager; 3D Modeler; Software Engineer",Early,Consumer
mantis,Mantis,Winter 2026,Active,https://mantisbiotech.com/,mantisbiotech.com,https://www.ycombinator.com/companies/mantis,Digital Twins of humans,"New York City, NY",US,High,https://www.linkedin.com/company/mantis-biotech/,https://x.com/home,Georgia Witchel,https://www.linkedin.com/in/georgia-witchel-852b78149/,https://x.com/GWitchel,6300000,No,3,No,0,,Early,B2B
haladir,Haladir,Winter 2026,Active,https://www.haladir.com/,haladir.com,https://www.ycombinator.com/companies/haladir,Operational Superintelligence for Global Logistics,San Francisco,US,High,https://www.linkedin.com/company/haladir/,https://x.com/Haladirofficial,Jibran Hutchins; Quan Huynh; Joseph Tso,https://www.linkedin.com/in/jibran-hutchins-42500b26b/; https://www.linkedin.com/in/quanmhuynh/; https://www.linkedin.com/in/josephtso,https://x.com/jibranhutch; https://x.com/quanmhuynh; https://x.com/josephtso914,,No,4,No,0,,Early,B2B
claimglide,ClaimGlide,Winter 2026,Active,https://claimglide.com/,claimglide.com,https://www.ycombinator.com/companies/claimglide,AI automated prior-auths for private medical practices,"Seattle, WA",US,High,https://www.linkedin.com/company/claimglide,,Nami Lindquist,https://www.linkedin.com/in/namilindquist/,,,No,1,No,,,Early,Healthcare
inviscid-ai,Inviscid AI,Winter 2026,Active,https://inviscidai.com/,inviscidai.com,https://www.ycombinator.com/companies/inviscid-ai,Real-time Physics Simulations for Industrial Facilities & Data Centers,"Singapore, Singapore",SG,High,https://linkedin.com/company/inviscid-ai,,Kabir Jain; Ziming Qiu,https://www.linkedin.com/in/kabir-jain-781a6525a; https://www.linkedin.com/in/qiu-ziming-1b746a276,; ,,No,2,No,,,Early,Industrials
ndea-com,Ndea,Winter 2026,Active,https://ndea.com,ndea.com,https://www.ycombinator.com/companies/ndea-com,Building AGI that can innovate.,,,Medium,https://www.linkedin.com/company/ndea/,https://x.com/ndea,Francois Chollet; Mike Knoop,https://www.linkedin.com/in/fchollet/; https://www.linkedin.com/in/mikeknoop,https://x.com/fchollet; https://twitter.com/mikeknoop,,No,15,No,,,Early,Industrials
crosslayer-labs,Crosslayer Labs,Winter 2026,Active,https://www.crosslayerlabs.com/,crosslayerlabs.com,https://www.ycombinator.com/companies/crosslayer-labs,"Protect, monitor and defend your Internet presence","New York City, NY",US,No,https://www.linkedin.com/company/108065591/,,Henry Birge-Lee; Grace Cimaszewski; Prateek Mittal,https://www.linkedin.com/in/henry-birge-lee-211002121/; https://www.linkedin.com/in/grace-c-bb3945a3/; https://www.linkedin.com/in/prateek-mittal-aa859a45,; ; https://x.com/prateekmittal_,,No,3,No,,,Early,B2B
voltair,Voltair,Winter 2026,Active,https://voltairlabs.com/,voltairlabs.com,https://www.ycombinator.com/companies/voltair,Autonomous Drones for Earth Observation,San Francisco,US,Medium,https://www.linkedin.com/company/106697553/admin/dashboard/,,Ronan Nopp; Hayden Gosch; Avi Gotskind; Warren Weissbluth,https://www.linkedin.com/in/ronan-nopp; https://www.linkedin.com/in/haydengosch/; https://www.linkedin.com/in/avigotskind; https://www.linkedin.com/in/warrenweissbluth/,; ; ; ,,No,5,Yes,,,Early,Industrials
vector-legal,Vector Legal,Winter 2026,Active,https://vectorlegal.com,vectorlegal.com,https://www.ycombinator.com/companies/vector-legal,A premier AI-native law firm & legal operating system for Startups.,San Francisco,US,High,https://www.linkedin.com/company/vector-legal-in/,,Mitch Duncombe; Keenan Venuti,https://www.linkedin.com/in/mitchellduncombe/; https://www.linkedin.com/in/keenan-venuti-in/,https://x.com/mitchduncombe; ,5690000,Yes,7,Yes,7,Founding AI Engineer; Founding Engineer; Senior Corporate Counsel; Founding GTM Manager & Head of Partnerships; Senior Commercial Counsel; Junior Commercial Counsel; ECVC Associate,Early,B2B
generalastro,General Astronautics,Winter 2026,Active,https://generalastro.com/,generalastro.com,https://www.ycombinator.com/companies/generalastro,Robotics for Space R&D,San Francisco,US,Medium,https://www.linkedin.com/company/generalastronautics,https://x.com/GenAstronautics,Bram Schork,https://www.linkedin.com/in/bramschork/,https://x.com/bramschork,,No,2,Yes,,,Early,Industrials
oxus,Oxus,Winter 2026,Active,https://oxus-ai.com/,oxus-ai.com,https://www.ycombinator.com/companies/oxus,AI-powered automation for internal audit workflows,San Francisco,US,High,https://www.linkedin.com/company/oxus-ai-inc,,Janet Liu; Melinda Liu; Christine Watts,https://linkedin.com/in/janet-liu-4856b91b4; https://linkedin.com/in/melinda-liu-4a87a3198; https://www.linkedin.com/in/christinewatts2018/,; ; ,,No,3,Yes,,,Early,B2B
captain,Captain,Winter 2026,Active,https://captain.dev,captain.dev,https://www.ycombinator.com/companies/captain,Self-tuning file search for AI agents,San Francisco,US,High,https://www.linkedin.com/company/runcaptain/,https://x.com/runcaptainrag,Lewis Lien Polansky; Edgar Babajanyan,https://www.linkedin.com/in/lewispolansky/; https://www.linkedin.com/in/edgar-babajanyan-a28230217/,https://x.com/lienpolansky; https://x.com/BabajanyanEdgar,,No,2,No,,,Early,B2B
agentic-fabriq,Agentic Fabriq,Winter 2026,Active,https://www.agenticfabriq.com,agenticfabriq.com,https://www.ycombinator.com/companies/agentic-fabriq,The control plane for AI agents.,San Francisco,US,High,https://www.linkedin.com/company/agentic-fabriq/,https://x.com/agenticfabriq,Paulina Xu; Matthew Xu,https://www.linkedin.com/in/paulina-xu-5bba0821b?utm_source=share&utm_campaign=share_via&utm_content=profile&utm_medium=ios_app; https://www.linkedin.com/in/matthew-xu-b32a36271,https://x.com/paulinazhxu; https://x.com/matthew_xu23,,No,2,No,,,Early,B2B
travo,Travo,Winter 2026,Active,https://www.travoai.com/,travoai.com,https://www.ycombinator.com/companies/travo,.,San Francisco,US,No,https://www.linkedin.com/company/travoai1,,Clarence Chen; Alexander Calafiura; Michael Dalva; Ashwin Sriram,https://linkedin.com/in/clarence-chen123; https://linkedin.com/in/alexandercalafiura; https://www.linkedin.com/in/michaeldalva/; https://www.linkedin.com/in/ashwin-sriram/,; ; ; ,,No,4,No,,,Early,Real Estate and Construction
velum-labs,Velum Labs,Winter 2026,Active,https://www.velum-labs.com/,velum-labs.com,https://www.ycombinator.com/companies/velum-labs,The OS for data quality across any stack,San Francisco,US,High,https://www.linkedin.com/company/velum-labs-ai,https://x.com/velum_ai,Benjamin Muñoz-Cerro; Alen Rubilar-Muñoz,https://www.linkedin.com/in/benjamzc/; https://www.linkedin.com/in/000alen/,; https://x.com/000alen,,No,2,No,,,Early,B2B
alt-x,Alt-X,Winter 2026,Active,https://alt-x.co,alt-x.co,https://www.ycombinator.com/companies/alt-x,Building the best venue for private markets exposure.,"Los Angeles, CA",US,High,https://www.linkedin.com/company/alt-x-financial,,Ryan Samadi; Michael Wachsman,https://www.linkedin.com/in/ryan-samadi/; https://www.linkedin.com/in/michael-wachsman-a0912a1ab/,https://x.com/SamadiRyan; ,,No,2,No,,,Early,Fintech
button-computer,Button Computer,Winter 2026,Active,https://buttoncomputer.com,buttoncomputer.com,https://www.ycombinator.com/companies/button-computer,The tiny computer built for voice AI.,San Francisco,US,High,https://www.linkedin.com/company/buttoncomputer,https://x.com/buttoncomputer,Chris Nolet,https://www.linkedin.com/in/chrisnolet,,,No,1,No,,,Early,B2B
pollen,Pollen,Winter 2026,Active,https://www.pollen.cx/,pollen.cx,https://www.ycombinator.com/companies/pollen,AI agents that automate customer success,San Francisco,US,High,https://www.linkedin.com/company/pollencx,,Noah Yin; Aldrin Ong; Jeffrey Yum,https://www.linkedin.com/in/noah-yin/; https://www.linkedin.com/in/aldrin0n9/; https://www.linkedin.com/in/jeffreyyum/,; ; ,,No,3,No,,,Early,B2B
autumn-ai,Autumn AI,Winter 2026,Active,https://autumn.ai,autumn.ai,https://www.ycombinator.com/companies/autumn-ai,Everything on anyone.,San Francisco,US,No,https://www.linkedin.com/company/autumn-ai-inc/,https://x.com/autumn_ai_inc,Vishnu Sampathkumar; Shiv Kampani,https://www.linkedin.com/in/vishnu-sampathkumar/; https://www.linkedin.com/in/shivkampani,https://x.com/VishnuSampathk1; https://x.com/shiv_kampani,,No,2,No,,,Early,B2B
overdrive-health,Overdrive Health,Winter 2026,Active,https://overdrive.health,overdrive.health,https://www.ycombinator.com/companies/overdrive-health,AI-Native Medical Billing Services,"New York City, NY",US,High,https://www.linkedin.com/company/overdrive-health,,Michael Schroeder,https://linkedin.com/in/michael-schroeder-217513bb/,,,No,1,No,,,Early,Healthcare
signals,Signals,Winter 2026,Active,https://www.returnsignals.com,returnsignals.com,https://www.ycombinator.com/companies/signals,iMessage revenue channel for DTC brands that brings customers back,San Francisco,US,No,https://www.linkedin.com/company/return-signals/,https://x.com/returnsignalshq,Ilya Valmianski; Alejandro Zaniolo,https://www.linkedin.com/in/ilya-x-valmianski/; https://www.linkedin.com/in/alejandrozaniolo/,https://x.com/valmianski; ,,No,2,No,,,Early,B2B
galactic-resource-utilization-space-inc-gru-space,"Galactic Resource Utilization Space, Inc. (GRU Space)",Winter 2026,Active,https://gru.space,gru.space,https://www.ycombinator.com/companies/galactic-resource-utilization-space-inc-gru-space,Moon Hotel -> The Intergalactic Construction Company of Earth,"Los Angeles, CA",US,No,https://www.linkedin.com/company/galactic-resource-utilization-space-inc/?viewAsMember=true,https://x.com/gru_space,Skyler Chan,https://www.linkedin.com/in/skylerchan03/,https://x.com/skyler_chan_,,No,5,Yes,,,Early,Industrials
bidflow,Bidflow,Winter 2026,Active,https://usebidflow.com,usebidflow.com,https://www.ycombinator.com/companies/bidflow,AI Takeoffs for Electrical,"New York City, NY",US,High,https://www.linkedin.com/company/110460044,,Jesse Choe; Gautham Ramachandran,https://www.linkedin.com/in/jc10/; https://www.linkedin.com/in/gautham-ramachandran-74b5712a4/,https://x.com/jesse_choe10; ,,No,2,No,,,Early,Real Estate and Construction
menza,Menza,Winter 2026,Active,https://menza.ai/,menza.ai,https://www.ycombinator.com/companies/menza,The AI data analyst for consumer brands,"London, United Kingdom",GB,High,https://www.linkedin.com/company/menzaai,https://x.com/menzaai,Qasim Munye; Mariam Ahmed,https://linkedin.com/in/qasim-munye-3b363a160; https://www.linkedin.com/in/mariamaahmed/,https://twitter.com/qasimmunye; https://twitter.com/RealMariamAhmed,,No,3,No,,,Early,B2B
mendral,Mendral,Winter 2026,Inactive,https://mendral.com/,mendral.com,https://www.ycombinator.com/companies/mendral,AI DevOps Engineer,San Francisco,US,High,https://www.linkedin.com/company/mendral/,https://x.com/MendralHQ,Sam Alba; Andrea Luzzardi,https://www.linkedin.com/in/samalba/; https://www.linkedin.com/in/aluzzardi/,https://x.com/sam_alba; https://x.com/aluzzardi,,No,2,No,,,Early,B2B
q2q,Q2Q,Winter 2026,Inactive,https://www.tryq2q.com/,tryq2q.com,https://www.ycombinator.com/companies/q2q,We help private equity teams find acquisition targets faster,San Francisco,US,High,https://www.linkedin.com/company/q2q-ai,https://x.com/tryq2q,Brianna Lin,https://www.linkedin.com/in/brianna-lin/,https://x.com/briannajlin,,No,2,No,,,Early,B2B
kyten-technologies,Kyten Technologies,Winter 2026,Inactive,https://kytentech.com,kytentech.com,https://www.ycombinator.com/companies/kyten-technologies,Custom Aerospace-Grade Battery Packs,"Seattle, WA",US,No,https://www.linkedin.com/company/111249039/admin/dashboard/,https://x.com/KytenTech,Cooper McBride; Lucas Maddox,https://www.linkedin.com/in/cooper-mcbride/; https://www.linkedin.com/in/lucasmaddox,; https://x.com/maddox_lucas,,No,2,No,,,Early,Industrials
zephyr-fusion,Zephyr Fusion,Fall 2025,Active,https://www.zephyrfusion.com,zephyrfusion.com,https://www.ycombinator.com/companies/zephyr-fusion,Powering tomorrow's industrial revolution in space,"San Diego, CA",US,No,https://www.linkedin.com/company/zephyr-fusion,https://x.com/Zephyr_Fusion,Edward Hinson; Galen Burke,https://www.linkedin.com/in/edward-hinson-078b15143/; https://www.linkedin.com/in/galen-burke-78923317/,; ,,No,2,No,,,Early,Industrials
mayflower,Mayflower,Fall 2025,Active,https://mayflowervisa.com,mayflowervisa.com,https://www.ycombinator.com/companies/mayflower,AI plug-in that automates HR immigration screening and compliance,San Francisco,US,High,,https://x.com/mayflowervisa,Aryan Gulati; Naren Chittem,https://linkedin.com/in/aryanguls; https://www.linkedin.com/in/naren-chittem-aaa43826b/,https://x.com/aryanguls; https://x.com/NarenChittem,,No,2,No,,,Early,Government
item,item,Fall 2025,Active,https://item.app,item.app,https://www.ycombinator.com/companies/item,The AI-Native CRM that works for you,San Francisco,US,High,https://www.linkedin.com/company/99138518,https://x.com/newitemco,Andres Santanilla; Akshay Guthal,https://linkedin.com/in/asantanilla; https://linkedin.com/in/akguthal,https://x.com/asantanillaj; https://twitter.com/akguthal,,No,6,Yes,,,Early,B2B
rivet-design,Rivet,Fall 2025,Active,https://rivet.design/,rivet.design,https://www.ycombinator.com/companies/rivet-design,Explore dozens of design directions with your agent,San Francisco,US,High,https://www.linkedin.com/company/rivetdesign,https://x.com/designrivet,Sam Gorman,https://www.linkedin.com/in/gormansam,https://x.com/gormankind,,No,,No,,,Early,B2B
openroll,Openroll,Fall 2025,Active,https://www.openroll.com,openroll.com,https://www.ycombinator.com/companies/openroll,The AI workforce for People and Finance teams,"Stockholm, Sweden",SE,High,https://www.linkedin.com/company/openroll/,,Mattias Lindell; Porsev Aslan,https://www.linkedin.com/in/lindellmattias/; https://www.linkedin.com/in/porsev-aslan/,https://x.com/MattiasLindll; ,,No,4,No,,,Early,B2B
amika,Amika,Fall 2025,Active,https://www.amika.dev/,amika.dev,https://www.ycombinator.com/companies/amika,Infra to build your own software factory,"New York City, NY",US,High,https://www.linkedin.com/company/amikadev/,https://x.com/amikadev,Dylan Mikus; Jakub Cichon,https://linkedin.com/in/dbmikus; https://linkedin.com/in/jakub-cichon-14016a3b,https://twitter.com/dbmikus; https://x.com/jdcamika,,No,2,No,,,Early,B2B
specific-labs,Specific Labs,Fall 2025,Active,https://withspecific.com,withspecific.com,https://www.ycombinator.com/companies/specific-labs,Real World Environments and Data for AI,San Francisco,US,High,https://www.linkedin.com/company/specificlabs,https://x.com/usebearai,Janak Sunil; Siddhant Paliwal,https://www.linkedin.com/in/janaksunil/; https://www.linkedin.com/in/siddhantpaliwal/,https://x.com/janaksunil; https://x.com/siddhantpa1iwal,,No,6,No,,,Early,B2B
moss,Moss,Fall 2025,Active,https://moss.dev,moss.dev,https://www.ycombinator.com/companies/moss,Real-time semantic search for Conversational AI,San Francisco,US,High,https://www.linkedin.com/company/mossdev,https://x.com/usemoss,Sri Raghu Malireddi,https://www.linkedin.com/in/r4ghu,https://x.com/srimalireddi,,No,5,Yes,,,Early,B2B
zarna,Zarna,Fall 2025,Active,https://www.zarnaai.com/,zarnaai.com,https://www.ycombinator.com/companies/zarna,AI Associates for Middle-Market Private Equity ,San Francisco,US,High,https://www.linkedin.com/company/zarna/?viewAsMember=true,,Rishabh Dhariwal; Vivan Agrawal; Hrishi Joshi; Rakesh Mehta,https://www.linkedin.com/in/rishabh-dhariwal/; https://www.linkedin.com/in/vivan-agrawal; https://www.linkedin.com/in/rishij7/; https://www.linkedin.com/in/rakeshvmehta/,; ; ; https://x.com/rak3sh_m,,No,4,Yes,,,Early,B2B
markit,MarkIt,Fall 2025,Active,https://markittrade.com,markittrade.com,https://www.ycombinator.com/companies/markit,Compliance that makes products ready for global markets.,"Atlanta, GA",US,High,https://www.linkedin.com/company/markittrade/,,Chanhyung Kim; Roland Saavedra,https://www.linkedin.com/in/chanhkim?utm_source=share&utm_campaign=share_via&utm_content=profile&utm_medium=ios_app; https://www.linkedin.com/in/rsaav,; ,,No,4,No,,,Early,B2B
clicks-health,Clicks Health,Fall 2025,Active,https://www.goclicks.ai/,goclicks.ai,https://www.ycombinator.com/companies/clicks-health,AI agents for your healthcare back-office operations.,San Francisco,US,High,https://www.linkedin.com/company/109159942,,Dominik Helmreich; Oliver Knapp,https://www.linkedin.com/in/dominik-helmreich-30574a1b0/; https://www.linkedin.com/in/oliverkn/,; ,,No,8,Yes,,,Early,B2B
fastshot,Fastshot,Fall 2025,Active,https://www.fastshot.ai/,fastshot.ai,https://www.ycombinator.com/companies/fastshot,Lovable for mobile apps,Greece,GR,High,https://www.linkedin.com/company/fastshot,https://x.com/fastshot_ai,Dmitry Fatkhi; Elvira Dzhuraeva,https://www.linkedin.com/in/fatkhi; https://www.linkedin.com/in/dzhuraeva,https://x.com/DmitryFatkhi; https://x.com/elvirafortune,,No,3,No,,,Early,B2B
antigen,Antigen,Fall 2025,Active,https://antigen.sh/,antigen.sh,https://www.ycombinator.com/companies/antigen,Continuous offensive security for the enterprise.,San Francisco,US,High,https://www.linkedin.com/company/antigenco,https://x.com/antigenco,Saad Jamal; Abdullah Nauman,https://www.linkedin.com/in/sadjamz/; https://www.linkedin.com/in/abdullahnauman,https://x.com/sadjamz_; https://x.com/_AbdullahNauman,,No,5,Yes,,,Early,B2B
lunabill,LunaBill,Fall 2025,Active,https://lunabill.com/,lunabill.com,https://www.ycombinator.com/companies/lunabill,AI Voice callers for healthcare billing teams,San Francisco,US,High,https://www.linkedin.com/company/lunabill,https://x.com/getlunabill,Suhail Parry; David Day,https://www.linkedin.com/in/suhailparry/; https://www.linkedin.com/in/daviddaytw/,https://x.com/bitcoinbasha; ,,No,4,No,,,Early,Healthcare
axial,Axial,Fall 2025,Active,https://axialcompute.com,axialcompute.com,https://www.ycombinator.com/companies/axial,Accelerated Physics Kernels for Computational Engineering,San Francisco,US,Medium,,,Giuseppe Rapisarda,https://www.linkedin.com/in/giuseppe-rapisarda2001/,https://x.com/peps_rp,,No,1,No,,,Early,Industrials
velvet,Velvet,Fall 2025,Active,https://velvetlab.ai,velvetlab.ai,https://www.ycombinator.com/companies/velvet,World model datasets and research,San Francisco,US,High,https://www.linkedin.com/company/velvet-ai-lab/,https://x.com/Velvet_Lab_,Lucas Mantovani; Lucas Tucker,https://www.linkedin.com/in/lucas-mantovani-a446a61a9; https://www.linkedin.com/in/lucas-tucker-21b278175,https://x.com/lrmantovani_; ,,No,3,No,,,Early,B2B
diligencesquared-inc,DiligenceSquared,Fall 2025,Active,https://diligencesquared.com/,diligencesquared.com,https://www.ycombinator.com/companies/diligencesquared-inc,AI-powered market due diligence for investment decisions,"New York City, NY",US,High,https://www.linkedin.com/company/diligencesquared,,Frederik Hansen; Soren Biltoft-Knudsen,https://www.linkedin.com/in/frederik-kofoed-hansen/; https://www.linkedin.com/in/søren-biltoft-knudsen-58010932/,; ,5500000,Yes,3,Yes,11,Engineer - Frontend; Engineer - Backend; Engineer - Fullstack; Business Lead; Marketing Lead; Engineer - Fullstack; Engineer - Frontend; Engineer - Backend; Head of GTM; Senior Account Executive; GTM Associate,Early,B2B
amera,Amera,Fall 2025,Active,https://amerahealthsolutions.com/,amerahealthsolutions.com,https://www.ycombinator.com/companies/amera,Automating claims processing workflows for health insurance payers.,"New York City, NY",US,No,https://www.linkedin.com/company/amerahealthsolutions,,Deep Kapur; Louise Tanski,https://www.linkedin.com/in/deepkkapur/; https://www.linkedin.com/in/louise-tanski/,https://x.com/deepkkapur; ,,No,12,No,,,Early,Fintech
forge-robotics,Forge Robotics,Fall 2025,Active,https://forge-robotics.com,forge-robotics.com,https://www.ycombinator.com/companies/forge-robotics,A robotics intelligence system for metal fabrication,San Francisco,US,High,https://www.linkedin.com/company/forge-robotics,,Robert Cormican,https://www.linkedin.com/in/robert-cormican-a4405990/,,,No,1,No,,,Early,Industrials
bluma,Bluma,Fall 2025,Active,https://www.getbluma.com,getbluma.com,https://www.ycombinator.com/companies/bluma,Canva for short-form video ads,San Francisco,US,High,https://www.linkedin.com/company/bluma-ai,https://x.com/getbluma,Alisa Wu; Stephen Ni,https://www.linkedin.com/in/wu-alisa/; https://www.linkedin.com/in/stephen-ni/,https://x.com/_alisawu/; https://x.com/stephen_turtles,,No,2,No,,,Early,B2B
lightberry,Lightberry,Fall 2025,Active,https://lightberry.com,lightberry.com,https://www.ycombinator.com/companies/lightberry,Robots with soul,San Francisco,US,Medium,https://www.linkedin.com/company/lightberryinc,https://x.com/lightberry,Ali Attar; Stephan Koenigstorfer; Stephan Wolski,https://www.linkedin.com/in/attarali; https://www.linkedin.com/in/stephankoe; https://www.linkedin.com/in/stephan-wolski/,https://twitter.com/aliatttar; ; https://x.com/StephWolski,,No,3,Yes,,,Early,Industrials
the-hog,The Hog,Fall 2025,Active,https://thehog.ai/,thehog.ai,https://www.ycombinator.com/companies/the-hog,Real-time web intelligence API for AI agents and GTM teams,San Francisco,US,High,https://www.linkedin.com/company/thehogai,,Hudson Liao,https://www.linkedin.com/in/hudsonliao/,https://x.com/hudsonliao,,No,2,Yes,,,Early,B2B
layers,Layers,Fall 2025,Active,https://www.layers.bio/,layers.bio,https://www.ycombinator.com/companies/layers,"Improve your appearance by measuring, understanding, and tracking…",San Francisco,US,High,,https://x.com/layersbio,Shivani Patel,https://www.linkedin.com/in/shivanijpatel/,https://x.com/shivanijpatel,,No,2,Yes,,,Early,Healthcare
boom-ai,Boom AI,Fall 2025,Active,https://useboom.ai,useboom.ai,https://www.ycombinator.com/companies/boom-ai,AI agents that recover lost revenue through real conversations.,"Mexico City, Mexico",MX,High,https://www.linkedin.com/company/use-boom-ai,,Juan Casian; Sergio Garcia; Jose Toscano,https://www.linkedin.com/in/juancasian/; https://www.linkedin.com/in/sergiogarciaglz/; https://www.linkedin.com/in/josecarlostoscano/,; ; ,,No,3,No,,,Early,B2B
freeport-markets,Freeport Markets,Fall 2025,Active,https://www.freeportmarkets.com/,freeportmarkets.com,https://www.ycombinator.com/companies/freeport-markets,Trade Anything,"New York City, NY",US,High,https://www.linkedin.com/company/freeportmarkets,https://x.com/freeportmrkts,Lihong Wang; Bryan Reed,https://www.linkedin.com/in/lihong062/; https://www.linkedin.com/in/bryan1738/,https://x.com/Lihong062; ,,No,3,No,,,Early,Fintech
miniswap,Miniswap,Fall 2025,Active,https://miniswap.gg/,miniswap.gg,https://www.ycombinator.com/companies/miniswap,The Marketplace for Complex Hobbies,San Francisco,US,No,https://www.linkedin.com/company/miniswap/,,Zak Singh; Will Hanna,https://www.linkedin.com/in/zak-singh/; https://www.linkedin.com/in/will-h-48a38bbb/,; ,3500000,No,2,No,0,,Early,Consumer
rovi-health,Rovi Health,Fall 2025,Active,https://www.rovi.health,rovi.health,https://www.ycombinator.com/companies/rovi-health,AI healthcare concierge for employees,"New York City, NY",US,High,https://www.linkedin.com/company/rovi-health/,,Santosh Vallabhaneni; Tarun Vallabhaneni,https://www.linkedin.com/in/santoshvallabhaneni/; https://www.linkedin.com/in/tvallabh/,; ,,No,3,Yes,,,Early,Healthcare
madethis,MadeThis,Fall 2025,Active,https://madethis.com,madethis.com,https://www.ycombinator.com/companies/madethis,The autonomous business platform,San Francisco,US,High,https://www.linkedin.com/company/made-this-inc/,,Jacob Wright; Cambree Bernkopf; Santiago Gomez Paz,https://linkedin.com/in/jacob-c-wright; https://www.linkedin.com/in/cambree-bernkopf-3385b0250; https://linkedin.com/in/gomezpaz,https://x.com/jehovahscript; https://x.com/cambreedesigns; ,,No,3,Yes,,,Early,B2B
jarmin,Jarmin,Fall 2025,Active,https://jarmin.ai/,jarmin.ai,https://www.ycombinator.com/companies/jarmin,AI Employees for human-level roles,San Francisco,US,High,https://www.linkedin.com/company/jarmin-ai,https://x.com/jarmin_ai,Chalmers Brown; Shirsendu Halder; Zack Leman,https://linkedin.com/in/chalmersbrown; https://www.linkedin.com/in/shirsenduhalder/; https://www.linkedin.com/in/zackleman/,https://x.com/chalmers_brown; https://x.com/shirsenh; https://x.com/zackeryleman,,No,5,Yes,,,Early,B2B
exonic,Exonic,Fall 2025,Active,https://exonic.ai,exonic.ai,https://www.ycombinator.com/companies/exonic,Exonic is an AI-native cell and gene therapeutics company. ,San Francisco,US,High,https://www.linkedin.com/company/exonicbio/,https://x.com/exonicai,Ben Brimacombe,https://www.linkedin.com/in/benjamin-brimacombe/,https://x.com/thebrimacombe,,No,3,Yes,,,Early,Healthcare
uselemma,Lemma,Fall 2025,Active,https://www.uselemma.ai/,uselemma.ai,https://www.ycombinator.com/companies/uselemma,Production Monitoring for AI agents,San Francisco,US,High,https://www.linkedin.com/company/lemmalabs,https://x.com/uselemma_ai,Jerry Zhang; Cole Gawin,https://www.linkedin.com/in/jerry-n-zhang/; https://www.linkedin.com/in/colegawin,https://x.com/zjearbear; https://x.com/colegawin_,,No,2,Yes,,,Early,B2B
perseus,Perseus,Fall 2025,Active,https://perseus.computer,perseus.computer,https://www.ycombinator.com/companies/perseus,Applied Lab focused on Search in Latent Spaces.,"Bengaluru, India",IN,High,https://www.linkedin.com/company/perseus-computer,,Samrath Chadha,https://linkedin.com/in/samrathchadha,https://x.com/samrathchadha,,No,4,No,,,Early,B2B
karumi,Karumi,Fall 2025,Active,https://www.karumi.ai/,karumi.ai,https://www.ycombinator.com/companies/karumi,The Waymo of Personalized demos,,,High,https://www.linkedin.com/company/karumi-ai/,https://x.com/karumihq,Pablo Omenaca; Toni Lopez,https://www.linkedin.com/in/pablo-omenaca-muro/; https://linkedin.com/in/tonilopezmr,https://x.com/houmland; https://x.com/tonilopezmr,,No,6,Yes,,,Early,B2B
icarus,Icarus,Fall 2025,Active,https://www.icarus.one/,icarus.one,https://www.ycombinator.com/companies/icarus,Stratospheric birds for defense,"Los Angeles, CA",US,Medium,https://www.linkedin.com/company/icarusindustries,https://x.com/henicarus,Henry K.,https://linkedin.com/in/kwan-henry,https://x.com/henicarus,,No,50,Yes,,,Early,Industrials
savahq,Sava,Fall 2025,Active,https://www.savahq.com,savahq.com,https://www.ycombinator.com/companies/savahq,Building the future of trusts,"New York City, NY",US,No,https://www.linkedin.com/company/savatrust/,https://x.com/savatrust,Nimit Maru; Rush Sadiwala,https://www.linkedin.com/in/nimit/; https://www.linkedin.com/in/rushabh-sadiwala/,http://x.com/nimit; https://x.com/updating_priors,,No,7,Yes,,,Early,Fintech
denki,Denki,Fall 2025,Active,https://denki.ai,denki.ai,https://www.ycombinator.com/companies/denki,The full-stack AI financial audit firm,San Francisco,US,High,https://www.linkedin.com/company/108924481,,Felipe Jin Li; David Jin Li,https://www.linkedin.com/in/felipe-jin-li-a42380132/; https://www.linkedin.com/in/david-jin-li/,; ,4600000,No,4,No,0,,Early,B2B
metorial,Metorial,Fall 2025,Active,https://metorial.com,metorial.com,https://www.ycombinator.com/companies/metorial,Agentic infrastructure to power AI-native companies.,"Vienna, Austria",AT,High,https://www.linkedin.com/company/metorial/,https://x.com/MetorialAi,Karim (Wen) Rahme; Tobias Herber,https://www.linkedin.com/in/karim-rahme; https://www.linkedin.com/in/tobias-herber/,https://x.com/wen_rahme; https://x.com/tobiasherber_,,No,4,Yes,,,Early,B2B
kalpa-labs,Kalpa Labs,Fall 2025,Active,https://kalpalabs.ai/,kalpalabs.ai,https://www.ycombinator.com/companies/kalpa-labs,Scaling Generalist Speech models,San Francisco,US,High,https://www.linkedin.com/company/kalpalabs/,https://x.com/KalpaLabsAI,Prashant Shishodia; Gautam Jha,https://linkedin.com/in/pshishodia; https://www.linkedin.com/in/gautam-jha37/,https://x.com/pshishodiaa; https://x.com/JhaGauti,,No,2,Yes,,,Early,B2B
absurd,Absurd,Fall 2025,Active,https://absurd.com/,absurd.com,https://www.ycombinator.com/companies/absurd,The Creative OS for AI video,"Los Angeles, CA",US,High,https://linkedin.com/company/absurd,https://x.com/withabsurd,Philip Ho; Damian Chng; Daniel Kathein,https://www.linkedin.com/in/philiptho/; https://www.linkedin.com/in/damian-chng; https://www.linkedin.com/in/daniel-kathein/,https://x.com/dopadealer; ; https://x.com/danielkathein,,No,6,No,,,Early,B2B
clad-labs,Clad Labs,Fall 2025,Active,https://useclad.ai,useclad.ai,https://www.ycombinator.com/companies/clad-labs,AI support done right,San Francisco,US,High,https://www.linkedin.com/company/clad-labs/,https://x.com/cladlabs,Richard Wang; Kevin Le,https://www.linkedin.com/in/richard-wang-39554994/; https://www.linkedin.com/in/lekevin2,https://x.com/zzzbuggg; https://x.com/xkevin_le,,No,2,No,,,Early,B2B
automax-ai,Automax.ai,Fall 2025,Active,https://automax.ai,automax.ai,https://www.ycombinator.com/companies/automax-ai,AI native real-estate appraisal firm,San Francisco,US,High,https://www.linkedin.com/company/automax-ai,https://x.com/H4mzaAhmed,Humza Ahmed,https://www.linkedin.com/in/h4ahmed/,https://x.com/H4mzaAhmed,,No,4,No,,,Early,Real Estate and Construction
specific,Specific,Fall 2025,Active,https://specific.dev,specific.dev,https://www.ycombinator.com/companies/specific,The cloud platform built for coding agents,"Stockholm, Sweden",SE,High,https://www.linkedin.com/company/specific-dev,https://x.com/specific_dev,Fabian Lindfors; Iman Radjavi,https://linkedin.com/in/fabian-lindfors; https://www.linkedin.com/in/iman-radjavi/,; ,,No,2,No,,,Early,B2B
relaw,Relaw,Fall 2025,Active,https://www.relaw.ai,relaw.ai,https://www.ycombinator.com/companies/relaw,AI Legal OS,"Los Angeles, CA",US,High,https://www.linkedin.com/company/relaw-ai,,Chris Farestveit,https://www.linkedin.com/in/green-c/,,,No,2,No,,,Early,B2B
usenarrative,Narrative,Fall 2025,Active,http://www.usenarrative.ai,usenarrative.ai,https://www.ycombinator.com/companies/usenarrative,AI Video Editor,"New York City, NY",US,High,https://www.linkedin.com/company/usenarrative/,,Erik Vank; Victor Chapman; Aryan Sawhney,https://www.linkedin.com/in/erik-vank; https://www.linkedin.com/in/victor-chapman-9175b2260/; https://www.linkedin.com/in/aryan-sawhney-a852b1229/,https://x.com/erikvank05; ; https://x.com/aryansawhney17/,,No,3,No,,,Early,Consumer
crunched,Crunched,Fall 2025,Active,https://usecrunched.com/,usecrunched.com,https://www.ycombinator.com/companies/crunched,Excel AI analyst for Power Users,"Oslo, Norway",NO,High,https://linkedin.com/company/usecrunched,,Philip Borge; Lars Gjardar Musæus; Michael Sakowski; Markus Skagemo,https://www.linkedin.com/in/philip-z-borge-97690b149/; https://www.linkedin.com/in/lars-g-mus%C3%A6us-756701174/; https://www.linkedin.com/in/michael-sakowski-9b9043148/; https://www.linkedin.com/in/markus-skagemo,; ; ; ,6500000,No,5,No,0,,Early,B2B
lua-global-inc,Lua Global Inc,Fall 2025,Active,https://heylua.ai/,heylua.ai,https://www.ycombinator.com/companies/lua-global-inc,The mid-market agent platform,"London, United Kingdom",GB,High,https://www.linkedin.com/company/lua-ai/,,Lorcan O Cathain; Stefan Kruger,https://www.linkedin.com/in/lorcan-o-cathain/; https://www.linkedin.com/in/stefan-kruger-0957b168/,; ,6300000,Yes,5,Yes,1,Solutions Architect,Early,B2B
philon,Philon,Fall 2025,Active,https://philon.ai/,philon.ai,https://www.ycombinator.com/companies/philon,General Purpose Robots,San Francisco,US,High,https://www.linkedin.com/company/94854659,,Alexandros Petkos,https://www.linkedin.com/in/alexandros-petkos/,https://x.com/alex_petkos,,No,,No,,,Early,Industrials
sourcebot,Sourcebot,Fall 2025,Active,https://www.sourcebot.dev/,sourcebot.dev,https://www.ycombinator.com/companies/sourcebot,Helping humans and AI agents understand massive codebases,San Francisco,US,High,https://www.linkedin.com/company/sourcebot,https://x.com/sourcebot_dev,Michael Sukkarieh; Brendan Kellam,https://linkedin.com/in/msukkari; https://linkedin.com/in/brendan-kellam,https://x.com/msukkarieh1; https://x.com/bshizzle28,,No,3,Yes,,,Early,B2B
zalos,Zalos,Fall 2025,Active,https://www.zalos.ai/,zalos.ai,https://www.ycombinator.com/companies/zalos,Hire Zalos AI workers to run your finance department,"London, United Kingdom",GB,High,https://www.linkedin.com/company/zalos/,,William Fairbairn; Hung Hoang,https://www.linkedin.com/in/willfairbairn/; https://www.linkedin.com/in/hxuanhung/,; ,4100000,Yes,10,Yes,2,Founding Product Engineer; Senior AI Engineer,Early,B2B
aside,Aside,Fall 2025,Active,https://aside.com,aside.com,https://www.ycombinator.com/companies/aside,The browser built to do real work for you,San Francisco,US,High,https://www.linkedin.com/showcase/asidehq,https://x.com/AsideAI,Jun Kim; Chanhee Lee; Sanghun Lee,https://linkedin.com/in/therne; https://linkedin.com/in/hiddenest; https://www.linkedin.com/in/dsa28s/,https://x.com/hyojun_at; https://x.com/hiddnest; https://x.com/dora_lee_1344,,No,8,Yes,,,Early,Consumer
scott-ai,Scott AI,Fall 2025,Active,https://tryscott.ai,tryscott.ai,https://www.ycombinator.com/companies/scott-ai,The planning layer for teams that build with coding agents,"New York City, NY",US,High,https://www.linkedin.com/company/scott-ai,https://x.com/scott_ai_,David Maulick; Devin Cintron,https://www.linkedin.com/in/davidemaulick/; https://www.linkedin.com/in/devin-cintron,https://x.com/davidmaulick; https://x.com/devin_bc,,No,3,Yes,,,Early,B2B
everest,Everest,Fall 2025,Active,https://everestagi.com/,everestagi.com,https://www.ycombinator.com/companies/everest,,San Francisco,US,No,https://www.linkedin.com/company/everestagi/,,Spencer McKee; Yolanda Cao,https://www.linkedin.com/in/spencer-mckee; https://www.linkedin.com/in/yolandacao1,https://x.com/spenmcke; https://x.com/yolandaaacao,,No,,No,,,Early,Consumer
expected-parrot,Expected Parrot,Fall 2025,Active,https://www.expectedparrot.com,expectedparrot.com,https://www.ycombinator.com/companies/expected-parrot,Simulate your customers with AI agents,Boston,US,High,https://www.linkedin.com/company/expectedparrot,https://x.com/ExpectedParrot,Robin Horton; John Horton,https://linkedin.com/in/robertahorton; https://www.linkedin.com/in/john-horton-48a75819/,https://x.com/ExpectedParrot; https://x.com/johnjhorton,,No,5,No,,,Early,B2B
imagine-ai,Imagine AI,Fall 2025,Active,https://imagineai.me,imagineai.me,https://www.ycombinator.com/companies/imagine-ai,"We reverse engineer B2B growth, starting with LinkedIn.",San Francisco,US,High,https://www.linkedin.com/company/ai-imagine,https://x.com/imagineagi,Sky Yang; Neo Lee,https://www.linkedin.com/in/skyyang/; https://www.linkedin.com/in/neo-lky,https://x.com/skygodkingdom; https://x.com/neo_lky,,No,5,Yes,,,Early,B2B
anto-biosciences,Anto Biosciences,Fall 2025,Active,https://www.anto.bio/,anto.bio,https://www.ycombinator.com/companies/anto-biosciences,A Foundation Model for Microbial Communities.,San Francisco,US,High,https://www.linkedin.com/company/anto-biosciences/,https://x.com/anto_f25,Arvid E. Gollwitzer; David de Gruijl,https://www.linkedin.com/in/arvid-gollwitzer/; https://linkedin.com/in/daviddegruijl,https://x.com/arvidgollwitzer; ,,No,4,No,,,Early,Healthcare
patent-watch,Patent Watch,Fall 2025,Active,https://www.patentwatch.ai/,patentwatch.ai,https://www.ycombinator.com/companies/patent-watch,AI for detecting patent infringements,San Francisco,US,High,https://www.linkedin.com/company/patentwatch-ai/,,Alexander Stroe; Andreas Stroe,https://www.linkedin.com/in/alex-stroe/; https://www.linkedin.com/in/andreasstroe/,; ,,No,6,No,,,Early,B2B
s2-dev,s2.dev,Fall 2025,Active,https://s2.dev,s2.dev,https://www.ycombinator.com/companies/s2-dev,"API for unlimited, durable, real-time streams",San Francisco,US,High,https://www.linkedin.com/company/streamstore/,https://x.com/s2_streamstore,Shikhar Bhushan; Stephen Balogh; Dwarak Govind Parthiban,https://linkedin.com/in/shikhrr; https://www.linkedin.com/in/stephen-balogh-078a4995/; https://www.linkedin.com/in/dwarakgovindparthiban/,https://x.com/shikhrr; https://x.com/sgbalogh0; https://x.com/quettabitxyz,5500000,No,5,No,0,,Early,B2B
tornyol,Tornyol,Fall 2025,Active,https://tornyol.com/,tornyol.com,https://www.ycombinator.com/companies/tornyol,We build micro-drones that kill mosquitoes. ,"Paris, France",FR,Medium,https://www.linkedin.com/company/tornyol/,https://x.com/tornyolsystems,Alex Toussaint; Clovis Piedallu,https://www.linkedin.com/in/alex-toussaint-51a439189/; https://www.linkedin.com/in/clovispiedallu/,https://x.com/alextoussss; https://x.com/ClovisPiedallu,,No,7,No,,,Early,Consumer
nucleo,Nucleo,Fall 2025,Active,https://nucleoresearch.com/,nucleoresearch.com,https://www.ycombinator.com/companies/nucleo,The first Agentic platform for Oncology,San Francisco,US,High,https://www.linkedin.com/company/nucleoresearch,https://x.com/nucleo_research,Angelica Iacovelli; Luca Pegolotti,https://www.linkedin.com/in/angelica-iacovelli-490a8a1a7/; https://www.linkedin.com/in/luca-pegolotti/,https://x.com/AngelicaIAC; ,,No,2,No,,,Early,Healthcare
leadbay,Leadbay,Fall 2025,Active,https://leadbay.ai/,leadbay.ai,https://www.ycombinator.com/companies/leadbay,Qualified leads for agentic workflows.,San Francisco,US,High,https://www.linkedin.com/company/leadbay,https://x.com/LeadbayAI,Ludovic Granger; Milan Stankovic,https://linkedin.com/in/ludovic-granger; https://linkedin.com/in/milanstankovic,https://x.com/ludogranger; https://x.com/milstan,4800000,Yes,8,Yes,4,Forward Deployed Engineer - US; Forward Deployed Engineer - SF-based intern; Forward Deployed Engineer - FRA (intern); Forward Deployed Engineer - FRA,Early,B2B
pixley-ai,Pixley AI,Fall 2025,Active,https://pixleyai.com,pixleyai.com,https://www.ycombinator.com/companies/pixley-ai,The first platform where families can create AI cartoons in minutes,San Francisco,US,High,https://www.linkedin.com/company/pixley-ai/?viewAsMember=true,https://x.com/PixleyAI,Krish Iyengar; Pranit Agrawal,https://www.linkedin.com/in/krish-iyengar/; https://linkedin.com/in/pranit-agrawal,https://x.com/Krish5Iyengar; https://x.com/PranitAgrawal4,,No,2,No,,,Early,Consumer
cortex-ai,Cortex AI,Fall 2025,Active,https://cortexrobot.ai/,cortexrobot.ai,https://www.ycombinator.com/companies/cortex-ai,Large-scale real-world robot & human data for embodied AI,San Francisco,US,High,https://www.linkedin.com/company/cortexairobot,https://x.com/cortexairobot,Lucas Ngoo,https://www.linkedin.com/in/lucasngoo,https://x.com/lucasngoo,6000000,No,3,No,0,,Early,Industrials
radiusbrowser,Radius,Fall 2025,Active,https://www.radiusbrowser.com,radiusbrowser.com,https://www.ycombinator.com/companies/radiusbrowser,Code and browse in the same place,San Francisco,US,High,https://www.linkedin.com/company/radiusbrowser/,https://x.com/radius_browser,Quentin Romero Lauro; Michael Klikushin,https://linkedin.com/in/quentinrl/; https://www.linkedin.com/in/mklikushin,https://x.com/QRomeroLauro; https://x.com/mkliku,,No,2,No,,,Early,B2B
darwin,Darwin,Fall 2025,Active,https://darwinrobotics.ai,darwinrobotics.ai,https://www.ycombinator.com/companies/darwin,Humanoid robots,San Francisco,US,Medium,https://www.linkedin.com/company/darwin-robotics-inc,https://x.com/darwin_robotics,Sergio Charles; Luigi Charles,https://www.linkedin.com/in/sergio-charles-5a8052134/; https://www.linkedin.com/in/luigicharles,https://x.com/eigentopology; ,,No,4,Yes,,,Early,Industrials
paceline-bio,Paceline Bio,Fall 2025,Active,https://paceline.bio/,paceline.bio,https://www.ycombinator.com/companies/paceline-bio,Biospecimen logistics & operations layer to accelerate drug dev,"Boulder, CO",US,High,https://www.linkedin.com/company/paceline-bio/,https://x.com/playhealthco,,,,,No,3,No,,,Early,Healthcare
casey,Casey,Fall 2025,Active,https://caseyinsure.com/,caseyinsure.com,https://www.ycombinator.com/companies/casey,Casey is an AI-native commercial insurance brokerage,San Francisco,US,High,https://www.linkedin.com/company/casey-labs/,,Maximilian Thoelen; Nico Hänggi; Pascal Küng,https://www.linkedin.com/in/maximilian-thoelen/; https://www.linkedin.com/in/nicohaenggi/; https://www.linkedin.com/in/pascalkueng/,https://x.com/MaxThoelen; ; ,,No,5,No,,,Early,Fintech
selfin,Selfin,Fall 2025,Active,https://selfin.app,selfin.app,https://www.ycombinator.com/companies/selfin,Institutional liquidity across prediction markets,San Francisco,US,No,https://www.linkedin.com/company/selfinltd/,https://x.com/Selfin_app_,Paula Gutierrez,https://www.linkedin.com/in/paula-gutierrez-/,,,No,2,No,,,Early,Fintech
compyle,Compyle,Fall 2025,Active,https://compyle.ai,compyle.ai,https://www.ycombinator.com/companies/compyle,The coding agent that actually collaborates with you,San Francisco,US,High,https://www.linkedin.com/company/compyle-ai,https://x.com/compyle_ai,Jonathan Miranda; Mark Nazzaro,https://www.linkedin.com/in/miranda-jonathan/; https://www.linkedin.com/in/marknazzaro/,https://x.com/jonathan_mir12; ,,No,2,No,,,Early,B2B
lexi,Lexi,Fall 2025,Active,https://getlexi.io/,getlexi.io,https://www.ycombinator.com/companies/lexi,AI Operating System for Legal Teams,San Francisco,US,High,https://www.linkedin.com/company/getlexi,,Harshit Garg; Kiran Mohan,https://www.linkedin.com/in/harshitgarg03/; https://www.linkedin.com/in/kiranmohanb/,https://x.com/HarshitGarg03; https://x.com/bmnarik,,No,15,No,,,Early,B2B
codyco,Codyco,Fall 2025,Active,https://www.codyco.ai/en,codyco.ai,https://www.ycombinator.com/companies/codyco,The AI Reservation Team for Hotel Groups,Germany,DE,High,https://www.linkedin.com/company/codycoai,,Stefan Schaff; Endrit Bytyqi; Alexander Schober,https://www.linkedin.com/in/stefanschaff/; https://www.linkedin.com/in/endrit-bytyqi/; https://www.linkedin.com/in/alexander-schober/,; ; ,,No,4,No,,,Early,B2B
complydo,ComplyDo,Fall 2025,Active,https://www.complydo.io/,complydo.io,https://www.ycombinator.com/companies/complydo,Global Compliance for Enterprises,"Berlin, Germany",DE,High,https://www.linkedin.com/company/complydo-io,,Leo Schuhmann; Moritz Moser; Matthias Schneider,https://www.linkedin.com/in/leo-schuhmann-324927182/; https://www.linkedin.com/in/moritz-moser-99b3a320a/; https://www.linkedin.com/in/matthias-schneider-134391223/,; ; ,,No,10,Yes,,,Early,B2B
bravi,Bravi,Fall 2025,Active,https://www.bravi.app/,bravi.app,https://www.ycombinator.com/companies/bravi,AI operating system for home improvement manufacturers,"New York City, NY",US,High,https://www.linkedin.com/company/braviapp,,Anas Bouassami; Pierre-Habte Nouvellon,https://www.linkedin.com/in/anas-bouassami; https://www.linkedin.com/in/pierre-habte-nouvellon/,; ,,No,8,No,,,Early,B2B
redapto,Redapto,Fall 2025,Active,https://www.redapto.com/,redapto.com,https://www.ycombinator.com/companies/redapto,Intelligence that moves the world,San Francisco,US,High,https://www.linkedin.com/company/redapto,,Anirudh Pupneja,https://www.linkedin.com/in/anirudh-pupneja/,https://x.com/AnirudhPupneja,,No,7,No,,,Early,B2B
helonic,Helonic,Fall 2025,Active,https://helonic.com,helonic.com,https://www.ycombinator.com/companies/helonic,Automatic Construction Drawing Clash Detection ,"New York City, NY",US,High,https://www.linkedin.com/company/helonic,https://x.com/HelonicAI,Milind Sagaram,https://www.linkedin.com/in/milind-sagaram,,,No,2,No,,,Early,Real Estate and Construction
aleph-lab,Aleph Lab,Fall 2025,Active,http://alephlab.ai/,alephlab.ai,https://www.ycombinator.com/companies/aleph-lab,AI language buddy in the games kids love,San Francisco,US,High,https://www.linkedin.com/company/alephlab,https://x.com/aleph_kids,Dan Han; Jaihee Kim,https://www.linkedin.com/in/gy-han/; https://www.linkedin.com/in/kim-jaihee/,https://x.com/thisisdanhan; ,,No,2,No,,,Early,Consumer
logical,Logical,Fall 2025,Active,https://logical.io,logical.io,https://www.ycombinator.com/companies/logical,"A proactive desktop copilot. Clippy, but actually good.",San Francisco,US,High,https://www.linkedin.com/in/trylogical,https://x.com/trylogical,Sam Karu; Anushka Idamekorala,https://www.linkedin.com/in/samurdhilbk/; https://www.linkedin.com/in/anushkaidamekorala/,https://x.com/SamKaru_; https://x.com/anushkaidame,939797,No,2,No,0,,Early,B2B
kestrel-ai,Kestrel AI,Fall 2025,Active,https://usekestrel.ai/,usekestrel.ai,https://www.ycombinator.com/companies/kestrel-ai,AI Agents for Platform Engineering,San Francisco,US,High,https://www.linkedin.com/company/kestrel-ai-security/,https://x.com/kestrel__ai,Raman Varma,https://www.linkedin.com/in/ramanvarma/,,,No,2,No,,,Early,B2B
logosguard,LogosGuard,Fall 2025,Active,https://logosguard.com/,logosguard.com,https://www.ycombinator.com/companies/logosguard,The sensitive data redaction layer for AI,San Francisco,US,High,https://www.linkedin.com/company/logosguard/,https://x.com/logos_guard,Abel John; Sukrut Oak,https://linkedin.com/in/abel-john-85a7551b6; https://www.linkedin.com/in/sukrut-oak/,; https://x.com/sukrut_oak,,No,2,No,,,Early,B2B
sciloop,Sciloop,Fall 2025,Active,https://sciloop.dev,sciloop.dev,https://www.ycombinator.com/companies/sciloop,Expert STEM reasoning data for frontier AI labs.,San Francisco,US,High,https://www.linkedin.com/company/sciloop-labs,https://x.com/SciloopAI,Bilal Asmatullah; Osman Siddique,https://www.linkedin.com/in/bilal-asmatullah-8705692b4/; https://www.linkedin.com/in/osman-siddiquer,; https://x.com/OsmanSiddiquer,,No,6,No,,,Early,B2B
multifactor,Multifactor,Fall 2025,Active,https://multifactor.com,multifactor.com,https://www.ycombinator.com/companies/multifactor,"Zero-trust authentication, authorization, and auditing for AI agents",San Francisco,US,High,https://www.linkedin.com/company/multifactorcom,https://x.com/multifactorcom,Vivek Nair,https://www.linkedin.com/in/nair/,,,No,6,No,,,Early,B2B
allus-ai,Allus AI,Fall 2025,Active,https://allus.ai,allus.ai,https://www.ycombinator.com/companies/allus-ai,Transforming manufacturing with our next-gen Vision Foundation Model,"Atlanta, GA",US,High,https://www.linkedin.com/company/allus-ai/,https://x.com/allus_ai,Kai Cui; Zhisen An; Shijie Wang,https://linkedin.com/in/kaixiang-cui; https://www.linkedin.com/in/zhisenan/; https://www.linkedin.com/in/shijiew/,; ; ,,No,6,Yes,,,Early,Industrials
unsiloed-ai,Unsiloed AI,Fall 2025,Active,https://www.unsiloed.ai/,unsiloed.ai,https://www.ycombinator.com/companies/unsiloed-ai,API for parsing multimodal unstructured data,San Francisco,US,High,https://www.linkedin.com/company/unsiloed-ai,https://x.com/UnsiloedHQ,Aman Mishra; Adnan Abbas,https://www.linkedin.com/in/aman005/; https://www.linkedin.com/in/adnan-abbas-903b711a2,https://x.com/__Aman_Mishra; ,750000,No,2,Yes,3,Founding Software Engineer - Backend and Infrastructure; Founding ML Researcher; Founding GTM Lead,Early,B2B
sf-tensor,SF Tensor,Fall 2025,Active,https://sf-tensor.com,sf-tensor.com,https://www.ycombinator.com/companies/sf-tensor,Infrastructure for AI labs to focus on research.,,,High,https://www.linkedin.com/company/sftensor,https://x.com/sftensor,Ben Koska; Luk Koska; Tom Koska,https://linkedin.com/in/benkoska; https://www.linkedin.com/in/lukkoska/; https://www.linkedin.com/in/tomkoska/,; ; ,,No,6,Yes,,,Early,B2B
answerthis,AnswerThis,Fall 2025,Active,https://answerthis.io/,answerthis.io,https://www.ycombinator.com/companies/answerthis,End-to-end workspace to accelerate scientific discovery,San Francisco,US,Medium,https://www.linkedin.com/company/answerthis/,https://x.com/answerthisio,Ayush Garg; Ryan McCarroll,https://www.linkedin.com/in/ayush4921/; https://www.linkedin.com/in/ryan-mccarroll-/,; ,,No,6,Yes,,,Early,Consumer
alder,Alder,Fall 2025,Active,https://meetalder.com/,meetalder.com,https://www.ycombinator.com/companies/alder,"AI employees for finance, starting with accounts receivable. ",San Francisco,US,High,https://www.linkedin.com/company/nivara-hq,,Tejas Agarwal; Pankaj Mishra,https://linkedin.com/in/teagarwal; https://linkedin.com/in/pkj-m,https://x.com/teagarwal; https://x.com/pkj__m,,No,2,Yes,,,Early,B2B
lakonia,Lakonia,Fall 2025,Active,https://lakonia.us.com,lakonia.us.com,https://www.ycombinator.com/companies/lakonia,Delivering AI-powered situational awareness in tactical environments.,San Francisco,US,High,https://www.linkedin.com/company/lakoniatechnologies/,https://x.com/lakoniatech,Gordy Sun,https://www.linkedin.com/in/gordysun/,https://x.com/grdysun,,No,2,No,,,Early,Government
sellraze,SellRaze,Fall 2025,Active,https://sellraze.com,sellraze.com,https://www.ycombinator.com/companies/sellraze,The fastest way to sell online.,San Francisco,US,High,https://www.linkedin.com/company/sellraze,https://x.com/SellRaze,Jeff Mao; Tyler Ma,https://linkedin.com/in/jeff-mao; https://linkedin.com/in/tyler-ma-9854751aa,https://x.com/JeffMao_; https://x.com/tylerma_?s=21,,No,6,No,,,Early,Consumer
clerked,Clerked,Fall 2025,Active,https://clerked.ai,clerked.ai,https://www.ycombinator.com/companies/clerked,AI clerks that automate your payables,San Francisco,US,High,https://www.linkedin.com/company/clerked-ai/,,Evan Meyer; Sunjeet Chugh,https://linkedin.com/in/evanameyer; https://www.linkedin.com/in/jeetchugh/,; ,,No,3,No,,,Early,B2B
semble,Semble,Fall 2025,Active,https://www.sembleai.com,sembleai.com,https://www.ycombinator.com/companies/semble,The all-in-one software for integrators.,San Francisco,US,High,https://www.linkedin.com/company/sembleai/,,Jonathan Tyshler; Ethan Boyers,https://www.linkedin.com/in/jonathan-tyshler; https://www.linkedin.com/in/ethan-boyers/,; ,,No,14,Yes,,,Early,B2B
flick,Flick,Fall 2025,Active,https://flick.art,flick.art,https://www.ycombinator.com/companies/flick,We Handle AI. You Direct Films.,"Santa Barbara, CA",US,High,https://www.linkedin.com/company/flickart/,https://x.com/flickartHQ,Ray Wang; Zoey Zhang,https://www.linkedin.com/in/ruiwang3/; https://www.linkedin.com/in/z0ey,https://x.com/RuiCromwell; https://x.com/ZoeyZ1004,6500000,Yes,2,Yes,5,Senior/Staff Frontend Engineer; GTM Intern; Senior Full-stack Engineer; AI Filmmaking YouTuber & Educator (Youtube); AI Creative Intern,Early,Consumer
hillclimb,hillclimb,Fall 2025,Active,https://hillclimb.com,hillclimb.com,https://www.ycombinator.com/companies/hillclimb,Training Data for Recursive Self-Improvement,San Francisco,US,High,https://www.linkedin.com/company/hillclimb,https://x.com/hillclimbai,Jun Park,https://www.linkedin.com/in/jpark72/,https://x.com/jparkjmc,,No,4,No,,,Early,B2B
atlasgrid,AtlasGrid,Fall 2025,Active,https://atlasgrid.ai,atlasgrid.ai,https://www.ycombinator.com/companies/atlasgrid,Accelerate Product Iteration,San Francisco,US,High,https://www.linkedin.com/company/atlasgrid-ai,https://x.com/AtlasGridAI,Oleg Kostour; Aram Aghababyan; Anton Krutiansky,https://www.linkedin.com/in/olegkostour/; https://www.linkedin.com/in/aaghababyan/; https://www.linkedin.com/in/antonkrutiansky,https://x.com/olegkostour; ; ,,No,6,No,,,Early,B2B
wardstone,Wardstone,Fall 2025,Active,https://www.wardstone.us,wardstone.us,https://www.ycombinator.com/companies/wardstone,The Modular Interceptor Platform,"Los Angeles, CA",US,No,https://linkedin.com/company/wardstone,,Sebastian Fischer; Tobias Fischer,https://www.linkedin.com/in/sebastian-fischer-71ba9658/; https://www.linkedin.com/in/tobifischer,; ,,No,8,Yes,,,Early,Industrials
nessie,Nessie,Fall 2025,Active,https://nessielabs.com/,nessielabs.com,https://www.ycombinator.com/companies/nessie,"The shared context layer for recursive companies - your work, your…",San Francisco,US,High,https://www.linkedin.com/company/nessie-labs,https://x.com/NessieLabs,Anna Zhang; Tiger Wang,https://www.linkedin.com/in/anna-zhang-y/; https://www.linkedin.com/in/tiger-wang-6a9b06189/,https://x.com/anna_y_zhang; https://x.com/tigerjwang,,No,3,Yes,,,Early,B2B
hypercubic,Hypercubic,Fall 2025,Active,https://www.hypercubic.ai/,hypercubic.ai,https://www.ycombinator.com/companies/hypercubic,Agentic AI for Mainframe Operations and Modernization,San Francisco,US,High,https://www.linkedin.com/company/hypercubic-ai,https://x.com/hypercubic_ai,Sai Gurrapu; Aayush Naik,https://www.linkedin.com/in/saig18; https://www.linkedin.com/in/aayn/,; https://x.com/aayush_naik,5800000,Yes,3,Yes,4,Founding Software Engineer; Founding Software Engineer - Backend; Founder's Associate; Founding Enteprise Sales,Early,B2B
cranston-ai,Cranston AI,Fall 2025,Active,https://www.cranston.ai,cranston.ai,https://www.ycombinator.com/companies/cranston-ai,AI Tax prep and accounting software for CPA firms,San Francisco,US,High,https://www.linkedin.com/company/cranston-ai/,https://x.com/cranston_ai,Max Minsker; Sean O'Bannon,https://www.linkedin.com/in/max-minsker; https://linkedin.com/in/sean-obannon,https://x.com/MaxMinsker; http://x.com/seanobannon_,,No,2,No,,,Early,B2B
trelium,Trelium,Fall 2025,Active,https://www.trelium.com,trelium.com,https://www.ycombinator.com/companies/trelium,The Agent to Build Your Agents,San Francisco,US,High,https://www.linkedin.com/company/questom-inc/,,Abhimanyu Yadav; Ritanshu Dokania,https://www.linkedin.com/in/abhiy1; https://linkedin.com/in/ritanshudokania,https://x.com/not_by_default; https://x.com/ritanshu675,,No,6,Yes,,,Early,B2B
veria-labs,Veria Labs,Fall 2025,Active,https://verialabs.com,verialabs.com,https://www.ycombinator.com/companies/veria-labs,Continuous AI pentesting that finds and fixes vulnerabilities,San Francisco,US,High,https://www.linkedin.com/company/verialabs/,https://twitter.com/verialabs,Cayden Liao; Jayden Sarveshkumar; Stephen Xu,https://www.linkedin.com/in/cayden-liao-6b018a272/; https://www.linkedin.com/in/jayden-s/; https://www.linkedin.com/in/stuxf,https://x.com/Cayden_Liao; https://x.com/0jayden_; https://x.com/stuxfdev,,No,3,No,0,,Early,B2B
minro,Minro,Fall 2025,Active,https://minro.com/,minro.com,https://www.ycombinator.com/companies/minro,Identify churn risk and stay close to users at scale,San Francisco,US,Medium,https://www.linkedin.com/company/minroo,https://x.com/minro_co,Samika Sanghvi; Siddhant Lad,https://www.linkedin.com/in/samika-sanghvi; https://www.linkedin.com/in/sidlad/,https://x.com/sampear_12?s=21; https://x.com/sidnlad,,No,2,No,,,Early,B2B
tell-if-ai,Tell if AI,Fall 2025,Active,https://tellif.ai,tellif.ai,https://www.ycombinator.com/companies/tell-if-ai,"AI agents on real phones, growing brands across every platform.","Austin, TX",US,High,,,Austin Stone; Ilariia Belova,https://www.linkedin.com/in/austin-charles-stone-1ba33b138/; https://www.linkedin.com/in/jhilary,; https://x.com/ilariia_belova,,No,2,No,,,Early,B2B
bron,Bron,Fall 2025,Active,https://apps.apple.com/app/apple-store/id6761323087?pt=128695024&ct=anish&mt=,apps.apple.com,https://www.ycombinator.com/companies/bron,TikTok for Sports Trading,San Francisco,US,High,https://www.linkedin.com/company/bron-app,https://x.com/bron_app,Anish Gupta; Marc Zoghby,https://www.linkedin.com/in/anishjaygupta/; https://www.linkedin.com/in/marc-zoghby/,https://x.com/_anishgupta_; https://x.com/marczog?s=21,,No,2,No,,,Early,Consumer
koyal,Koyal,Fall 2025,Active,https://koyal.ai,koyal.ai,https://www.ycombinator.com/companies/koyal,Agentic AI Filmmaking Platform,San Francisco,US,High,https://www.linkedin.com/company/koyal-ai/,https://x.com/KoyalAI,Mehul Agarwal; Gauri Agarwal,https://www.linkedin.com/in/mehul-agarwal-a274a0287/; https://www.linkedin.com/in/gauri-agarwal,https://x.com/meh_agarwal; https://x.com/gauriagarwal99,,No,5,Yes,,,Early,Consumer
kaigo-health,Kaigo Health,Fall 2025,Active,https://www.kaigohealth.ai/,kaigohealth.ai,https://www.ycombinator.com/companies/kaigo-health,AI outpatient care workforce,San Francisco,US,High,https://www.linkedin.com/company/kaigohealth/,,Peter Chien; Lukas Klaiber; Kazuki Shin,https://www.linkedin.com/in/peterchien111/; https://www.linkedin.com/in/lukas-klaiber-0458121ba/; https://www.linkedin.com/in/kazuki-shin/,; ; https://x.com/shinkazuki99,,No,3,No,,,Early,Healthcare
norra,Norra,Fall 2025,Active,https://www.norra.io,norra.io,https://www.ycombinator.com/companies/norra,The AI equipment manager for post-acute care,"New York City, NY",US,High,https://www.linkedin.com/company/norra-io/,,Ben Rubin; Yining Zhang,https://www.linkedin.com/in/benjamin--rubin/; https://www.linkedin.com/in/yining-z/,; ,,No,3,No,,,Early,Healthcare
soren,Soren,Fall 2025,Active,https://usesoren.com,usesoren.com,https://www.ycombinator.com/companies/soren,The AI workforce for business operations.,San Francisco,US,High,https://www.linkedin.com/company/soren-ai-inc,,Kevin Xie,https://www.linkedin.com/in/kevinxie06,,,No,,Yes,,,Early,B2B
lunavo,Lunavo,Fall 2025,Active,https://lunavo.ai,lunavo.ai,https://www.ycombinator.com/companies/lunavo,Lunavo is the AI assistant for carriers.,Germany,DE,High,https://www.linkedin.com/company/lunavo-ai,,Felix Lösch; Niclas Heun,https://www.linkedin.com/in/felix-loesch; https://www.linkedin.com/in/heun,; ,,No,2,No,,,Early,B2B
daridev,dari.dev,Fall 2025,Active,https://dari.dev,dari.dev,https://www.ycombinator.com/companies/daridev,The Routing Layer for AI Agents,San Francisco,US,High,https://www.linkedin.com/company/usedari/,https://x.com/daridotdev,Avyay Varadarajan; Benjamin Hong,https://www.linkedin.com/in/avyayv/; https://www.linkedin.com/in/benjaminyhong/,https://x.com/avyvar; https://x.com/benhong03,,No,2,No,,,Early,B2B
the-context-company,The Context Company,Fall 2025,Active,https://www.thecontextcompany.com,thecontextcompany.com,https://www.ycombinator.com/companies/the-context-company,Find what's losing you customers and money in your AI agent and fix it,San Francisco,US,High,https://www.linkedin.com/company/the-context-company/,https://x.com/thecontextco,Arman Kumaraswamy; Rohil Agarwal,https://www.linkedin.com/in/armankumaraswamy/; https://www.linkedin.com/in/rohil-ag/,https://x.com/ksw_arman; https://x.com/rohil_ag,,No,2,No,,,Early,B2B
sorce,Sorce,Fall 2025,Active,https://sorce.jobs,sorce.jobs,https://www.ycombinator.com/companies/sorce,Tinder for jobs,San Francisco,US,High,https://www.linkedin.com/company/sorcejobs/,https://x.com/sorcejobs,Oluwapelumi Dada; Daniel Ajayi; David Alade,https://www.linkedin.com/in/oldada; https://www.linkedin.com/in/dan-ajayi/; https://www.linkedin.com/in/david-alade/,https://x.com/marvy_101; https://x.com/therealdajayi; https://x.com/davidaladee,,No,6,Yes,,,Early,B2B
caddy,Caddy,Fall 2025,Active,https://caddy.app/,caddy.app,https://www.ycombinator.com/companies/caddy,Your Personal AI for everyday work. Lives in your texts.,"New York City, NY",US,High,https://www.linkedin.com/company/try-caddy/,https://x.com/try_caddy,Connor Waslo; Rajiv Sancheti,https://www.linkedin.com/in/connor-waslo/; https://www.linkedin.com/in/rajivsancheti/,https://x.com/ConnorWaslo; https://x.com/sanchetio,,No,5,No,,,Early,B2B
locus,Locus,Fall 2025,Active,https://paywithlocus.com,paywithlocus.com,https://www.ycombinator.com/companies/locus,Payment infrastructure for AI agents,San Francisco,US,High,https://www.linkedin.com/company/paywithlocus/,https://x.com/paywithlocus,Cole Dermott,https://www.linkedin.com/in/coledermott/,https://x.com/coledermo,,No,2,No,,,Early,B2B
deeptrace,Deeptrace,Fall 2025,Active,https://deeptrace.com/,deeptrace.com,https://www.ycombinator.com/companies/deeptrace,AI agents for on-call,San Francisco,US,High,https://www.linkedin.com/company/deeptrace-ai/,,Andy Lee; Sri Somasundaram,https://www.linkedin.com/in/andy-lee-126073148/; https://www.linkedin.com/in/srinath-somasundaram-768bb8210/,; ,,No,4,Yes,1,Founding Engineer,Early,B2B
aspect-inc,Aspect,Fall 2025,Active,https://aspect.inc,aspect.inc,https://www.ycombinator.com/companies/aspect-inc,Intelligent media storage for creative teams.,"New York City, NY",US,High,https://www.linkedin.com/company/aspectinc/,https://x.com/aspectratioinc,Gurish Sharma; Edison Chiu; Bright Xu,https://www.linkedin.com/in/gurish-sharma-/; https://www.linkedin.com/in/edison-chiu; https://www.linkedin.com/in/brightxu/,https://x.com/gurishsharma; ; https://x.com/brightlinxu,,No,3,Yes,,,Early,B2B
scoop,Scoop,Fall 2025,Active,https://scooplabs.ai,scooplabs.ai,https://www.ycombinator.com/companies/scoop,Automating regulatory submissions for life sciences,San Francisco,US,High,https://www.linkedin.com/company/scoopcpg/,,Vincent Park; Jay Kwon,https://linkedin.com/in/vpark; https://www.linkedin.com/in/soonjae/,; ,,No,2,No,,,Early,B2B
hyperspell,Hyperspell,Fall 2025,Active,https://hyperspell.com,hyperspell.com,https://www.ycombinator.com/companies/hyperspell,Your Company Brain,San Francisco,US,High,https://linkedin.com/company/hyperspell,https://x.com/hyperspell,Conor Brennan-Burke; Manu Ebert,https://www.linkedin.com/in/conorbrennanburke/; https://linkedin.com/in/maebert,https://x.com/conor_ai; https://x.com/maebert,,No,8,Yes,,,Early,B2B
gpt,Nexus,Fall 2025,Active,https://agent.nexus,agent.nexus,https://www.ycombinator.com/companies/gpt,We help non-technical teams build AI agents without engineers,"Brussels, Belgium",BE,High,https://www.linkedin.com/company/nexusagent,https://x.com/nexus_gpt,Assem Chammah; Shady Al Shoha,https://www.linkedin.com/in/assemchammah; https://www.linkedin.com/in/shady-al-shoha/,http://x.com/achammah1; https://x.com/ShadyShoha,4800000,No,2,No,0,,Early,B2B
zavo,Zavo,Fall 2025,Active,https://zavo.ai,zavo.ai,https://www.ycombinator.com/companies/zavo,Unlocking the world’s most valuable data for frontier AI.,"London, United Kingdom",GB,High,https://www.linkedin.com/company/zavopay,,Can Zehebi; Ilkan Gezer,https://www.linkedin.com/in/canzehebi/; https://www.linkedin.com/in/ilkan-gezer-4a16a6268,; ,,No,8,No,,,Early,B2B
movedot,MOVEdot,Fall 2025,Active,https://www.movedot.ai/,movedot.ai,https://www.ycombinator.com/companies/movedot,AI Agents for Hardware Engineering,San Francisco,US,High,https://www.linkedin.com/company/move-dot-ai/,,Girish Radhakrishnan; Bruno Finco,https://www.linkedin.com/in/girish-radhakrishnan/; https://www.linkedin.com/in/bruno-finco-610999b6/,; ,,No,10,No,,,Early,B2B
parrot,Parrot,Fall 2025,Active,https://parrotapp.com/,parrotapp.com,https://www.ycombinator.com/companies/parrot,TikTok for language learning,San Francisco,US,High,https://www.linkedin.com/company/parrotapp/,,Amir Hanna; Erik Dahl; Julia Hudea,https://www.linkedin.com/in/amirhanna1; https://www.linkedin.com/in/-erik-dahl-; https://www.linkedin.com/in/julia-hudea-aa582414a/,https://x.com/byAmirHanna; ; ,,No,3,No,,,Early,Consumer
brickwise,Brickwise,Fall 2025,Active,https://www.brickwiseai.com,brickwiseai.com,https://www.ycombinator.com/companies/brickwise,AI property manager for landlords and estate agents,"London, United Kingdom",GB,High,https://www.linkedin.com/company/brickwiseai,,Ismail Jeilani; Elias Kassell,https://linkedin.com/in/jeilani; https://www.linkedin.com/in/eliaskassell/,; ,,No,2,Yes,,,Early,Real Estate and Construction
parse-bot,Parse,Fall 2025,Active,https://parse.bot,parse.bot,https://www.ycombinator.com/companies/parse-bot,Build an API to interact with any website.,San Francisco,US,No,https://www.linkedin.com/company/parsedotbot/,,Alex Forman,https://www.linkedin.com/in/alex-k-forman/,https://x.com/alexscraping,,No,4,No,,,Early,B2B
structured-ai,Structured AI,Fall 2025,Active,https://www.getstructured.ai/,getstructured.ai,https://www.ycombinator.com/companies/structured-ai,The AI drawing review platform for architects and engineers.,"New York City, NY",US,High,https://www.linkedin.com/company/getstructured-ai/,https://x.com/getstructuredai,Raymond Zhao; Issy Greenslade; Brandon Abreu Smith,https://www.linkedin.com/in/raymondz1/; https://www.linkedin.com/in/isabelgreenslade/; https://www.linkedin.com/in/brandon-abreu-smith/,https://x.com/stingrayzz22; https://x.com/Green181024; https://x.com/brandonstarxel,4700000,Yes,11,Yes,2,Founding Engineer; Founding Account Executive ,Early,Real Estate and Construction
uplane,Uplane,Fall 2025,Active,https://uplane.com,uplane.com,https://www.ycombinator.com/companies/uplane,Replace marketing agencies with AI,San Francisco,US,High,https://www.linkedin.com/company/uplane-com,https://x.com/uplane_com,Julius Körfgen; Marvin Abdel-Massih; Lukas Vollmer,https://www.linkedin.com/in/julius-koerfgen/; https://www.linkedin.com/in/marvinabdel-massih/; https://www.linkedin.com/in/lukasvollmer/,; ; ,5000000,Yes,26,Yes,4,AI Marketing Strategist - San Francisco; AI Marketing Strategist Intern - San Francisco; AI Marketing Strategist Intern - Berlin (German Speaking); AI Marketing Strategist - Berlin (German Speaking),Early,B2B
aircaps,AirCaps,Fall 2025,Active,https://aircaps.com,aircaps.com,https://www.ycombinator.com/companies/aircaps,The AI copilot for in-person conversations.,San Francisco,US,High,https://www.linkedin.com/company/tryaircaps/,https://x.com/tryaircaps,Madhav Lavakare; Nirbhay Narang,https://www.linkedin.com/in/madhav-lavakare/; https://www.linkedin.com/in/nirbhay-singh-narang-6188a11ab/,https://x.com/madlavak; ,,No,5,Yes,,,Early,Consumer
brickanta,Brickanta,Fall 2025,Active,https://www.brickanta.com,brickanta.com,https://www.ycombinator.com/companies/brickanta,Agentic AI for Society Builders,"Stockholm, Sweden",SE,High,https://www.linkedin.com/company/brickanta/,https://x.com/brickanta,Lucas Otterling; Linus Bein Fahlander,https://www.linkedin.com/in/lucas-otterling/; https://www.linkedin.com/in/linus-bf/,; ,8500000,Yes,25,Yes,12,"Business Intern - Summer 2027; Construction Engineer - Bygg / Entreprenadingenjör (Swedish) ; Software / AI Engineering; Open Application - if you’re a builder, reach out; GTM Engineer - build the bridge between product and revenue; Business Developer ; Construction Evaluation Engineer - Part-Time; Forward Deployed Engineer; Account Executive; Developer Intern - Summer 2027; Solution Engineer - Integrations Focus; Brand Marketing Manager",Early,B2B
semiotic,Semiotic,Fall 2025,Active,http://semiotic.com,semiotic.com,https://www.ycombinator.com/companies/semiotic,Studio-Grade Design at Scale,San Francisco,US,High,https://www.linkedin.com/company/semiotic-intelligence/,https://x.com/SemioticHQ,Michael Roberson; Bryan Grisales; Brandon Yao,https://www.linkedin.com/in/michael-h-roberson/; https://www.linkedin.com/in/bryan-grisales/; https://www.linkedin.com/in/brandonyao/,https://x.com/michaelhrobersn; ; ,,No,3,No,,,Early,B2B
lapis,Lapis,Fall 2025,Active,https://www.trylapis.com/,trylapis.com,https://www.ycombinator.com/companies/lapis,"AI that creates and runs ads, end-end",San Francisco,US,High,https://www.linkedin.com/company/lapislabs,https://x.com/trylapis,Varunram Ganesh; Sai Surbehera,https://www.linkedin.com/in/varunramg/; https://www.linkedin.com/in/saisamrit-surbehera/,https://x.com/varunramg; https://x.com/saibuilds,,No,5,No,,,Early,B2B
efference,Efference,Fall 2025,Active,https://efference.ai,efference.ai,https://www.ycombinator.com/companies/efference,,San Francisco,US,High,,https://x.com/EfferenceAI,Gianluca Bencomo,https://www.linkedin.com/in/gianluca-bencomo-326469133,https://x.com/gianlucabencomo/,,No,12,No,,,Early,Industrials
digipals,Digipals,Fall 2025,Active,https://www.digipals.app/,digipals.app,https://www.ycombinator.com/companies/digipals,The future of Social in the age of AI,San Francisco,US,High,https://www.linkedin.com/company/digipals-app,https://x.com/digipals_app,Peggy Wang; Mathew Matakovic,https://www.linkedin.com/in/peggy-wang-ego/; https://www.linkedin.com/in/justatree/,https://twitter.com/peggy_wang; https://x.com/GoalieSave25,,No,3,Yes,,,Early,Consumer
mixy,Mixy,Fall 2025,Active,https://usemixy.com,usemixy.com,https://www.ycombinator.com/companies/mixy,Make mashups without knowing how to DJ,,,High,,,Joe Kennedy; Jonah Siegle,https://www.linkedin.com/in/joekndy; https://linkedin.com/in/jonahsiegle,https://www.twitter.com/joekndy; https://x.com/jonahsiegle,,No,2,No,,,Early,Consumer
fernstone,Fernstone,Fall 2025,Active,https://www.fernstone.com,fernstone.com,https://www.ycombinator.com/companies/fernstone,AI-native insurance brokerage. ,"New York City, NY",US,High,https://www.linkedin.com/company/fernstone/,,James Chen; Bryant Le,https://www.linkedin.com/in/james-chen-394ab67b/; https://www.linkedin.com/in/bryant-le-3884a7134,https://x.com/James_R_Chen; ,,No,5,Yes,,,Early,Fintech
nori,Nori,Fall 2025,Active,https://nori.ai,nori.ai,https://www.ycombinator.com/companies/nori,AI health coach in your pocket,"New York City, NY",US,High,https://linkedin.com/company/nori,https://twitter.com/NoriDotAi,Dave Zohrob; Harish Agarwal,https://www.linkedin.com/in/dzohrob/; https://www.linkedin.com/in/harish-p-agarwal/,https://x.com/dzohrob; https://x.com/smock,,No,3,No,,,Early,Healthcare
null-labs,Null Labs,Fall 2025,Active,https://n0labs.com,n0labs.com,https://www.ycombinator.com/companies/null-labs,End-to-end Simulation for Defense Autonomy,San Francisco,US,Medium,https://www.linkedin.com/company/n0lab,,Kristopher Luo; Niel Ok,https://www.linkedin.com/in/krisluo; https://www.linkedin.com/in/niel-ok/,https://x.com/theKrisLuo; https://x.com/nielok20,,No,2,No,,,Early,Industrials
parametric,Parametric,Fall 2025,Active,https://parametric.company/,parametric.company,https://www.ycombinator.com/companies/parametric,Physical businesses that run themselves,San Francisco,US,Medium,https://www.linkedin.com/company/parametric-pbc,https://x.com/parametricpbc,Cody Swain; John Newsom,https://linkedin.com/in/cody-swain-89b621118; https://www.linkedin.com/in/newsom/,https://twitter.com/c0dyswain; ,,No,7,Yes,,,Early,Industrials
prox,Prox,Fall 2025,Active,https://useprox.com,useprox.com,https://www.ycombinator.com/companies/prox,AI product specialists for equipment manufacturers,San Francisco,US,High,https://www.linkedin.com/company/prox-inc/,https://x.com/try_prox,Dima Yanovsky; Gregory Makodzeba,https://www.linkedin.com/in/yanovsk/; https://www.linkedin.com/in/gregory-makodzeba/,https://x.com/yanovskyd; https://www.x.com/youfelll,,No,7,Yes,,,Early,B2B
autonomous-technologies-group,Autonomous Technologies Group,Fall 2025,Active,https://becomeautonomous.com/,becomeautonomous.com,https://www.ycombinator.com/companies/autonomous-technologies-group,Superintelligent financial advisor,"New York City, NY",US,High,https://www.linkedin.com/company/autonomous-technologies-group/,https://x.com/a____t____g,Dillon Erb; Daniel Kobran,https://www.linkedin.com/in/dillonerb; https://www.linkedin.com/in/daniel-kobran/,https://twitter.com/dlnrb; ,15000000,Yes,8,Yes,9,"Member of Technical Staff (Backend); Member of Technical Staff (Full Stack); Member of Technical Staff (Research Engineering); Research Scientist; Member of Technical Staff (iOS); Member of Technical Staff, Quantitative Systems; Product Designer; Member of Technical Staff (Data Platform); Client Director",Early,Fintech
fifth-door,Fifth Door,Fall 2025,Active,https://fifthdoor.com,fifthdoor.com,https://www.ycombinator.com/companies/fifth-door,Create and play games with AI,San Francisco,US,High,,,Daniel Kan; Amir Ghazvinian,https://www.linkedin.com/in/danielkan; https://www.linkedin.com/in/amirghazvinian/,; ,20000000,Yes,3,Yes,1,Front End Engineer,Early,Consumer
piggy-robotics,Piggy Robotics,Fall 2025,Active,https://piggyrobotics.com,piggyrobotics.com,https://www.ycombinator.com/companies/piggy-robotics,Humanoid robots that do your chores for the price of an iPhone!,"London, United Kingdom",GB,High,https://www.linkedin.com/company/piggy-robotics/,https://x.com/PiggyRobotics,Richard Gong; Chenny (Qianyi) Deng,https://www.linkedin.com/in/richard-g-15852b22b/; https://www.linkedin.com/in/qianyi-deng/,; https://x.com/Chenny_Deng33,,No,5,No,,,Early,Industrials
goldbridge,Goldbridge,Fall 2025,Active,https://www.goldbridgebanking.com/,goldbridgebanking.com,https://www.ycombinator.com/companies/goldbridge,Ramp for Real Estate,,,High,https://www.linkedin.com/company/goldbridgebanking,https://x.com/trygoldbridge,Alvin Salehi; Greg Rami,https://linkedin.com/in/alvandsalehi; https://linkedin.com/in/gregrami,https://x.com/alvinsalehi_; ,,No,3,No,,,Early,Real Estate and Construction
mspilot,MSPilot,Fall 2025,Active,https://mspilot.io,mspilot.io,https://www.ycombinator.com/companies/mspilot,Turn AI adoption into a recurring revenue line.,San Francisco,US,High,https://www.linkedin.com/company/mspilot,,Paul Li; James Jiang,https://www.linkedin.com/in/hey-paul/; https://www.linkedin.com/in/jamesdreamcrafters/,https://x.com/PaulTheLi; ,,No,3,Yes,,,Early,B2B
remedy,Remedy,Fall 2025,Acquired,http://www.useremedy.co,useremedy.co,https://www.ycombinator.com/companies/remedy,AI Agents for Pharmacies,,,High,https://www.linkedin.com/company/remedytechnologies/,,Vishnu Sreenivasan; Nikhil Devaraj; Sai Mandhan,https://www.linkedin.com/in/vsreenivasan/; https://www.linkedin.com/in/nikhildevaraj/; https://www.linkedin.com/in/saimandhan/,https://www.x.com/vbsreenivasan; ; https://x.com/saimandhan,,No,2,No,,,Early,Healthcare
coasts,Coasts,Fall 2025,Inactive,https://coasts.dev,coasts.dev,https://www.ycombinator.com/companies/coasts,Localhost service isolation and orchestration for git worktrees,,,High,,,Jamie Sunderland; Dan Hyman,https://www.linkedin.com/in/jamesrainersunderland/; https://www.linkedin.com/in/dan-hyman-dev/,; ,,No,2,No,,,Early,B2B
dome,Dome,Fall 2025,Inactive,https://domeapi.io,domeapi.io,https://www.ycombinator.com/companies/dome,"A unified API for prediction markets, like Kalshi and Polymarket",,,No,https://www.linkedin.com/company/dome-api,https://x.com/getdomeapi,Kurush Dubash; Kunal Roy,https://www.linkedin.com/in/kurushdubash; https://www.linkedin.com/in/kunal-roy-772a0672/,https://twitter.com/kurushdubash; https://x.com/princeofbothell,5200000,No,2,No,0,,Early,B2B
rovr,Rovr,Fall 2025,Inactive,https://www.withrovr.com/,withrovr.com,https://www.ycombinator.com/companies/rovr,AI FDE Engine that runs your engineering workflows,San Francisco,US,High,,,Arnav Jain; Yash Jain; Nithik Yekollu,https://www.linkedin.com/in/arnavjain053/; https://www.linkedin.com/in/yashjain75/; https://www.linkedin.com/in/nithik-yekollu-7298671a8/,; https://x.com/yashjainz1; https://x.com/nithikyekollu?s=11&t=gdvWG-vL2wNJq4aZra4dVA,,No,3,No,,,Early,B2B
sylvian,Sylvian,Fall 2025,Inactive,https://sylvian.ai,sylvian.ai,https://www.ycombinator.com/companies/sylvian,Specialized AI Agents.,San Francisco,US,High,https://www.linkedin.com/company/sylvian,https://x.com/TheSylvianAI,William Huang; Niall Kehoe,https://www.linkedin.com/in/william-s-huang/; https://www.linkedin.com/in/niallkehoe,https://x.com/amiwilliamhuang; ,,No,2,No,,,Early,B2B
f2,F2,Summer 2025,Active,http://f2.ai,f2.ai,https://www.ycombinator.com/companies/f2,The AI platform for private markets investors,"New York City, NY",US,High,https://www.linkedin.com/company/f2aihq,https://x.com/F2aiHQ,Don Muir,https://www.linkedin.com/in/don-muir,,,No,15,Yes,3,"Senior Software Engineer; Staff Software Engineer, Frontend; AI Deployment Strategist",Early,B2B
nox-metals,Nox Metals,Summer 2025,Active,https://noxmetals.co/,noxmetals.co,https://www.ycombinator.com/companies/nox-metals,Supplying America's Industrial Base,"Detroit, MI",US,Medium,https://www.linkedin.com/company/nox-metals-inc/,https://x.com/noxmetals,Zane Hengsperger,https://www.linkedin.com/in/zanehh/,https://x.com/zanehengsperger,,No,35,Yes,6,Chief of Staff; Member of Technical Staff; Sales / Growth / GTM Lead; GTM Growth Engineer; Product Manager ; Operations,Early,Industrials
blue,Blue,Summer 2025,Active,https://heyblue.com/,heyblue.com,https://www.ycombinator.com/companies/blue,"Your phone finally has someone to run it. Plug in Blue, just ask.",San Francisco,US,Medium,https://www.linkedin.com/company/heyblue/,https://x.com/heyBlueX,Omar Abdelaziz; Farhan Hossain; Peter Krogh,https://linkedin.com/in/oabdelaziz/; https://www.linkedin.com/in/mfarhanh/; https://www.linkedin.com/in/peter-krogh-820273/,https://x.com/OmarAbcXyz123; https://x.com/FarhanBuilds; ,,No,6,No,,,Early,Consumer
paloma,Paloma,Summer 2025,Active,https://getpaloma.ai/,getpaloma.ai,https://www.ycombinator.com/companies/paloma,Digital transformation for real economy businesses,San Francisco,US,Medium,https://www.linkedin.com/company/108207089/,,Nazli Danis; Alex Avnit,https://www.linkedin.com/in/nazlidanis/; https://www.linkedin.com/in/alex-avnit-222b3611a/,https://x.com/nazlidanis; ,,No,3,No,,,Early,B2B
uplift-ai,Uplift AI,Summer 2025,Active,https://upliftai.org/,upliftai.org,https://www.ycombinator.com/companies/uplift-ai,Foundational Voice Models for regional languages,San Francisco,US,High,https://www.linkedin.com/company/upliftai/,,Hammad Malik; Zaid Qureshi,https://www.linkedin.com/in/hammad2; https://linkedin.com/in/zaidqureshi,; https://x.com/zqureshi_,3500000,No,3,No,0,,Early,B2B
realroots,RealRoots,Summer 2025,Active,http://www.realroots.com,realroots.com,https://www.ycombinator.com/companies/realroots,IRL friendship app for women,San Francisco,US,No,https://www.linkedin.com/company/therealroots/,,Dorothy Li; Tara Kappel,https://linkedin.com/in/dorothy-li-994a2213; https://linkedin.com/in/tara-kappel-5baa6095,; ,,No,7,No,,,Early,Consumer
luminal,Luminal,Summer 2025,Active,https://luminal.com,luminal.com,https://www.ycombinator.com/companies/luminal,Making AI run fast on any hardware.,San Francisco,US,High,https://www.linkedin.com/company/luminalai,https://x.com/luminal_ai,Joe Fioti; Matthew Gunton; Jake Stevens,https://linkedin.com/in/joe-fioti-24a986189; https://www.linkedin.com/in/matthewjgunton/; https://linkedin.com/in/jake-stevens-,https://x.com/joefioti; https://x.com/matthewjgunton; https://x.com/stake_jevens,,No,7,Yes,3,Compiler Engineer; Cloud Inference Engineer; Senior Compiler Engineer,Growth,B2B
freya,Freya,Summer 2025,Active,https://freyavoice.ai/,freyavoice.ai,https://www.ycombinator.com/companies/freya,Voice AI for Enterprises,"Istanbul, Turkey",TR,High,https://www.linkedin.com/company/freyavoice/,https://x.com/freyavoice,Tunga Bayrak,https://www.linkedin.com/in/tunga-bayrak/,,3500000,Yes,14,Yes,1,DevOps Enginer,Early,Fintech
burnt,burnt,Summer 2025,Active,https://getburnt.ai/,getburnt.ai,https://www.ycombinator.com/companies/burnt,Agentic Operating System for Food Supply Chain,San Francisco,US,High,https://www.linkedin.com/company/getburnt/?viewAsMember=true,https://x.com/getburnt_ai,Joseph Jacob; Rhea Karimpanal; Chandru Shanumugasundaram,https://www.linkedin.com/in/josephjacob93; https://www.linkedin.com/in/rheakarimpanal/; https://linkedin.com/in/chandrushanmugasundaram,https://x.com/Joseph_Jacob13; https://x.com/RheaKarimpanal; https://x.com/tweetchanshan,4300000,Yes,3,Yes,1,Founding Engineer,Early,B2B
avent,Avent,Summer 2025,Active,https://www.aventindustrial.com,aventindustrial.com,https://www.ycombinator.com/companies/avent,AI agents for industrial commerce,San Francisco,US,High,https://www.linkedin.com/company/aventindustrial,,Abhay Kalra,https://www.linkedin.com/in/abhay-kalra-683688214,https://x.com/abhaykalraa,,No,5,Yes,,,Early,B2B
ruvo,Ruvo,Summer 2025,Active,https://ruvo.com/,ruvo.com,https://www.ycombinator.com/companies/ruvo,The Global Dollar App for Brazil,"São Paulo, Brazil",BR,No,https://www.linkedin.com/company/ruvohq,https://x.com/ruvopay,Alec Howard; Michael Mason,https://linkedin.com/in/alexandermhoward; https://www.linkedin.com/in/mason-michael/,https://x.com/alecmhoward; ,5100000,No,11,No,0,,Early,Fintech
veritus,Veritus,Summer 2025,Active,https://www.veritus.com,veritus.com,https://www.ycombinator.com/companies/veritus,AI agents for the consumer lending industry,San Francisco,US,High,https://www.linkedin.com/company/veritus-agent/,https://x.com/veritusagent,Joshua March; David Schlesinger; Joseph Stein,https://www.linkedin.com/in/joshuamarch/; https://www.linkedin.com/in/davidschles/; https://www.linkedin.com/in/josephstein1,https://www.x.com/joshuamarch; ; https://www.x.com/josephstein,10100000,Yes,10,Yes,4,Forward Deployed Software Engineer; Full Stack Engineer; Founding Account Executive; Customer Success Manager (Growth),Early,Fintech
outrove,Sapien,Summer 2025,Active,https://www.asksapien.ai/,asksapien.ai,https://www.ycombinator.com/companies/outrove,Synthetic populations for decisions,San Francisco,US,High,https://www.linkedin.com/company/107008012/admin/dashboard/,,Saif Elhager; Ahmed ElShireef,https://www.linkedin.com/in/saif-elhager-18b96a202; https://www.linkedin.com/in/ahmedelshireef/,; https://x.com/elshireef_ahmed,,No,2,No,,,Early,B2B
noso-labs,NOSO LABS,Summer 2025,Active,https://noso.so,noso.so,https://www.ycombinator.com/companies/noso-labs,AGI for home service,San Francisco,US,High,https://www.linkedin.com/company/107507722/,,Winston Chi; Alex Xi,https://www.linkedin.com/in/lwchi/; ,; ,,No,6,Yes,,,Early,Industrials
vulcan-technologies,Vulcan Technologies,Summer 2025,Active,https://vulcan.ai/,vulcan.ai,https://www.ycombinator.com/companies/vulcan-technologies,Secure frontier AI for government & adjacent knowledge work,"Austin, TX",US,High,https://www.linkedin.com/company/107852970,https://x.com/vulcantechteam,Tanner Jones; Aleksander Mekhanik; Chris Minge,https://www.linkedin.com/in/tanner-jones-817192167/; https://www.linkedin.com/in/aleksander-mekhanik-41547b272/; https://www.linkedin.com/in/chrisminge,https://x.com/Tanner_H_Jones; ; ,,No,17,Yes,4,Deployed Agent Orchestrator; SDR / BDR; Security Engineer; Security Compliance Lead,Early,B2B
geo-ai,Bizzy AI,Summer 2025,Active,https://www.usebizzy.com/,usebizzy.com,https://www.ycombinator.com/companies/geo-ai,Bizzy works 24/7 so you never miss a lead.,"New York City, NY",US,High,,,Rithvik Gabri; Ansh Sheth,https://www.linkedin.com/in/rithvikgabri; https://www.linkedin.com/in/ansh-sheth-684b8a215/,https://x.com/rickgxa; https://x.com/AnshSheth4,,No,,No,,,Early,B2B
spotlight-realty,Spotlight Realty,Summer 2025,Active,https://www.spotlight.realty,spotlight.realty,https://www.ycombinator.com/companies/spotlight-realty,AI powered brokerage reducing residential rental commissions in NYC…,San Francisco,US,High,https://www.linkedin.com/company/spotlight-realty-ai/,,Raymond Allie; Jake Phelan; Aryan Sharma,https://www.linkedin.com/in/raymond-allie/; https://www.linkedin.com/in/jacob-phelan-9359222a5; https://www.linkedin.com/in/aryansharma12358,; ; ,,No,4,No,,,Early,Real Estate and Construction
interfere,Interfere,Summer 2025,Active,https://interfere.com,interfere.com,https://www.ycombinator.com/companies/interfere,"Give engineering, product, and design teams insight into unseen issues","New York City, NY",US,High,http://linkedin.com/company/interfere-inc,https://x.com/_interfere,Luke Shiels,https://linkedin.com/in/shiels,https://x.com/lukeshiels,,No,8,Yes,,,Early,B2B
munify,Munify,Summer 2025,Active,https://munify.ai,munify.ai,https://www.ycombinator.com/companies/munify,The Cross-Border Neobank for the Middle East,"Orlando, FL",US,No,https://www.linkedin.com/company/munifyai,,Khalid Ashmawy,https://www.linkedin.com/in/khalidashmawy/,,4500000,No,4,No,0,,Early,Fintech
rowflow,RowFlow,Summer 2025,Active,https://rowflow.ai,rowflow.ai,https://www.ycombinator.com/companies/rowflow,Replacing forms with AI conversations,"New York City, NY",US,High,https://www.linkedin.com/company/rowflow,https://x.com/rowflowai,Alec Olesky; Jack Bubes,https://www.linkedin.com/in/alec-olesky/; https://www.linkedin.com/in/jack-bubes/,; ,,No,2,No,,,Early,B2B
duranium,Duranium,Summer 2025,Active,https://www.duranium.co/,duranium.co,https://www.ycombinator.com/companies/duranium,Reshoring critical metal production,San Francisco,US,Medium,https://www.linkedin.com/company/duraniumlabs/about/,,Brenden Prins-McKinney; Berkley Noble,https://www.linkedin.com/in/brenden-prins-mckinney-96959a69/; https://www.linkedin.com/in/berkleynoble/,; ,,No,12,No,,,Early,Industrials
perspectives-health,Perspectives Health,Summer 2025,Active,https://perspectiveshealth.ai/,perspectiveshealth.ai,https://www.ycombinator.com/companies/perspectives-health,AI to run behavioral health programs better,"Chicago, IL",US,High,https://www.linkedin.com/company/perspectives-health/,,Eshan Dosani; Kyle Jung,https://www.linkedin.com/in/eshan-dosani/; https://www.linkedin.com/in/kyle-hyun-woo-jung-a06814180/,https://x.com/EshanDosani; ,,No,5,No,,,Early,Healthcare
modelence,Modelence,Summer 2025,Active,https://modelence.com,modelence.com,https://www.ycombinator.com/companies/modelence,Production infrastructure on autopilot,San Francisco,US,No,https://www.linkedin.com/company/modelence,https://x.com/modelencecom,Aram Shatakhtsyan; Eduard Piliposyan,https://www.linkedin.com/in/artahian/; https://www.linkedin.com/in/eduard-piliposyan,https://x.com/artahian; https://x.com/ed_piliposyan,,No,3,No,0,,Early,B2B
magnetic,Magnetic,Summer 2025,Active,https://www.magnetictax.com,magnetictax.com,https://www.ycombinator.com/companies/magnetic,AI Tax Preparer for CPA firms,San Francisco,US,High,https://www.linkedin.com/company/magnetictax,https://x.com/magnetictax,Thomas Shelley; Patrick Fay,https://linkedin.com/in/thomasjshelley; https://linkedin.com/in/patrick-fay-5418a822,https://x.com/tsh3ll; ,,No,10,Yes,,,Early,B2B
fleetline,Fleetline,Summer 2025,Active,https://fleetline.ai,fleetline.ai,https://www.ycombinator.com/companies/fleetline,Optimizing fleet planning with data driven algorithms,"New York City, NY",US,High,https://www.linkedin.com/company/fleetlineai,,Saurav Kumar; Veer Juneja,https://linkedin.com/in/sauravml; https://www.linkedin.com/in/veer-juneja-67255417a/,https://twitter.com/sauravml; ,,No,11,Yes,,,Early,B2B
clodo,CLODO,Summer 2025,Active,https://clodo.ai,clodo.ai,https://www.ycombinator.com/companies/clodo,Planet-scale people discovery.,San Francisco,US,High,https://www.linkedin.com/company/clodoai/,https://x.com/ClodoAI,Sid Rajaram; Rithvik Chuppala,https://linkedin.com/in/sidharthrajaram; https://www.linkedin.com/in/rithvikchuppala/,https://x.com/sixtensor; https://x.com/vikchuppala,,No,2,No,,,Early,B2B
stagewise,stagewise,Summer 2025,Active,https://stagewise.io,stagewise.io,https://www.ycombinator.com/companies/stagewise,The Open Source Agentic IDE,,,High,https://www.linkedin.com/company/stagewise-io,https://x.com/stagewise_io,Glenn Töws; Julian Goetze,https://www.linkedin.com/in/glenntws/; https://www.linkedin.com/in/juliangoetze/,https://x.com/glenntoews; https://x.com/goetzejulian,,No,2,Yes,,,Early,B2B
flywheel-ai,Flywheel AI,Summer 2025,Active,https://useflywheel.ai/,useflywheel.ai,https://www.ycombinator.com/companies/flywheel-ai,Waymo for excavators,San Francisco,US,Medium,https://www.linkedin.com/company/flywheel-company,https://x.com/flywheel_inc,Jash Mota,https://www.linkedin.com/in/jashmota/,https://x.com/jash_mota,,No,2,No,,,Early,Industrials
juxta,Juxta,Summer 2025,Active,https://juxta.com,juxta.com,https://www.ycombinator.com/companies/juxta,Building a GPS alternative 100x more powerful with no hardware needed.,San Francisco,US,High,https://www.linkedin.com/company/use-juxta/,,John Ferrara,https://www.linkedin.com/in/ferrara-john/,https://x.com/byjohnf,,No,,Yes,,,Early,B2B
okibi,Okibi,Summer 2025,Active,https://okibi.ai,okibi.ai,https://www.ycombinator.com/companies/okibi,Turns products into CLIs and agents into customers,San Francisco,US,High,https://www.linkedin.com/company/okibi-ai,https://x.com/okibi_ai,Mahyad Ghassemi; Saurav Mitra,https://www.linkedin.com/in/mahyad-ghassemi/; https://www.linkedin.com/in/thesauravmitra/,https://twitter.com/MahyadGhassemi; https://www.twitter.com/thesauravmitra,,No,2,No,,,Early,B2B
rebulk,Rebulk,Summer 2025,Active,https://www.rebulk.com,rebulk.com,https://www.ycombinator.com/companies/rebulk,AI-native software for managing rail and bulk operations.,"Olathe, KS",US,High,https://www.linkedin.com/company/rebulk,,Warren Wijaya Wang; Cole Robertson,https://linkedin.com/in/warrenwang-fnu/; https://www.linkedin.com/in/colemrobertson,; https://x.com/cole__robertson,,No,3,No,,,Early,B2B
kernel,KERNEL,Summer 2025,Active,https://www.kernel.sh,kernel.sh,https://www.ycombinator.com/companies/kernel,"Crazy fast, open source infra for AI agents to use the Internet",San Francisco,US,High,https://www.linkedin.com/company/trykernel,https://x.com/usekernel,Catherine Jue; Rafael Garcia,https://www.linkedin.com/in/juecd; https://www.linkedin.com/in/rafgarcia/,https://twitter.com/juecd__; https://twitter.com/rfgarcia,22000000,No,22,No,0,,Growth,B2B
reacher,Reacher,Summer 2025,Active,https://reacherapp.com/,reacherapp.com,https://www.ycombinator.com/companies/reacher,We automate creator marketing for the world's largest brands,San Francisco,US,High,https://www.linkedin.com/company/reacherapp,https://x.com/ReacherApp,Jerry Qian; Bora Mutluoglu,https://linkedin.com/in/j-qian; https://linkedin.com/in/bora-mutluoglu,https://x.com/JerryQian_; https://x.com/BoraMutluoglu,,No,10,Yes,,,Early,B2B
certus-ai,Certus AI,Summer 2025,Active,https://www.certus-ai.com/,certus-ai.com,https://www.ycombinator.com/companies/certus-ai,Replacing the restaurant phone line with Voice AI,San Francisco,US,High,https://www.linkedin.com/company/104576510/,https://x.com/certus_ai,Gurveer Singh; Adam Gamieldien; Isaac Nichols,https://www.linkedin.com/in/gurveer-singh-35168031b/; https://www.linkedin.com/in/adam-gamieldien-067605247/; https://www.linkedin.com/in/isaac-nichols-963857251/,https://x.com/gurveersingh299; https://x.com/AdamGamieldien; https://x.com/_apisaac,,No,8,No,,,Early,B2B
hera-video,Hera,Summer 2025,Active,https://hera.video/,hera.video,https://www.ycombinator.com/companies/hera-video,AI Motion Designer,"Berlin, Germany",DE,High,,,Peter Tribelhorn; Chia-Lun Wu,https://www.linkedin.com/in/peter-tribelhorn-36a967142/; https://www.linkedin.com/in/chialunwu/,https://x.com/tribelhorn23; https://x.com/leowuhera,,No,5,Yes,,,Early,B2B
notte,Notte,Summer 2025,Active,https://www.notte.cc/,notte.cc,https://www.ycombinator.com/companies/notte,"Browser infra for AI agents: sessions, auth, proxies, payments",San Francisco,US,High,https://www.linkedin.com/company/nottelabsinc/,https://x.com/nottecore,Andrea Pinto; Lucas Giordano,https://www.linkedin.com/in/pinto-andrea; https://www.linkedin.com/in/giordano-lucas/,https://x.com/ogandreakiro; https://x.com/lucas_gdno,3000000,No,5,No,0,,Early,B2B
pally,Pally,Summer 2025,Active,https://pally.com,pally.com,https://www.ycombinator.com/companies/pally,Your personal AI Assistant,San Francisco,US,High,https://www.linkedin.com/company/pallyai,https://www.x.com/pallyai,Haz Hubble; Wyatt Lansford,https://linkedin.com/in/hazhubble; https://www.linkedin.com/in/wyattlansford,https://www.x.com/hazhubble; https://x.com/wylansford,,No,2,No,,,Early,B2B
locata,Locata,Summer 2025,Active,https://www.locatahealth.com/,locatahealth.com,https://www.ycombinator.com/companies/locata,AI Referral Automation for Primary Care Clinics,"New York City, NY",US,High,https://www.linkedin.com/company/locata-health/,,Alejandro Salinas; Joshua Chang,https://www.linkedin.com/in/asalinas21/; https://www.linkedin.com/in/joshua-r-chang/,; ,,No,4,Yes,,,Early,Healthcare
pleom,Pleom,Summer 2025,Active,https://pleom.com,pleom.com,https://www.ycombinator.com/companies/pleom,Agentic Business Intelligence,"New York City, NY",US,High,https://www.linkedin.com/company/pleom,,Royce Arockiasamy,https://www.linkedin.com/in/roycea1/,https://x.com/roycearoc,,No,,No,,,Early,B2B
convexia,Convexia,Summer 2025,Active,https://convexia.bio,convexia.bio,https://www.ycombinator.com/companies/convexia,The world's first AI-maximalist pharma company,San Francisco,US,High,https://www.linkedin.com/company/convexia-bio,,Ayaan Parikh; Rahul Vijayan,https://www.linkedin.com/in/ayaan-parikh; https://www.linkedin.com/in/rahulvijayan28/,; ,,No,4,No,,,Early,Healthcare
sigmanticai,SigmanticAI,Summer 2025,Active,https://www.sigmanticai.com,sigmanticai.com,https://www.ycombinator.com/companies/sigmanticai,The Cursor for Chip Design - Delivering Silicon-Ready Chip Designs…,San Francisco,US,Medium,https://www.linkedin.com/company/sigmanticai,,Rohil Khare; Tamzid Razzaque,https://www.linkedin.com/in/rohil-khare/; https://www.linkedin.com/in/tamzid-razzaque/,; ,,No,2,No,,,Early,B2B
sira,Sira,Summer 2025,Active,https://sira.team,sira.team,https://www.ycombinator.com/companies/sira,AI Native Rippling for Deskless Workers,San Francisco,US,High,,,Nathan Belaye; Antonio Chan,https://www.linkedin.com/in/nathan-belaye-931005149/; https://www.linkedin.com/in/antonio-chan/,; ,,No,4,Yes,2,Founding Engineer; Founding Customer & Product Success Manager,Early,B2B
f4-industries,F4 Industries,Summer 2025,Active,https://f4.dev/,f4.dev,https://www.ycombinator.com/companies/f4-industries,The GD&T Analysis Platform for Engineering Drawings,San Francisco,US,Medium,https://www.linkedin.com/company/f4-industries/,https://x.com/F4_Industries,Paul Shin; Aidan Cantu,https://www.linkedin.com/in/paul-hyoungsang-shin/; https://www.linkedin.com/in/aidan-cantu/,https://x.com/ur_hyoung; https://x.com/_aidan_cantu_,,No,5,No,,,Early,Industrials
quotain,Quotain,Summer 2025,Active,https://quotain.com,quotain.com,https://www.ycombinator.com/companies/quotain,AI sales simulations using your real deals,"New York City, NY",US,High,https://www.linkedin.com/company/quotain,https://x.com/quotainai,Alexander Talamonti; Jason He,https://www.linkedin.com/in/alexander-talamonti/; https://www.linkedin.com/in/jasonjche/,https://x.com/AlexTalamonti; https://x.com/jasonjche,,No,2,No,,,Early,B2B
altur,Altur,Summer 2025,Active,https://altur.io,altur.io,https://www.ycombinator.com/companies/altur,Voice AI Agents for Debt Collection,"Mexico City, Mexico",MX,High,https://www.linkedin.com/company/alturio,,Luis Olave; Pedro Fernández,https://linkedin.com/in/luis-olave; https://www.linkedin.com/in/pedrofdzl,; ,,No,5,No,,,Early,B2B
pares-ai,PARES AI,Summer 2025,Active,https://www.pares.ai/,pares.ai,https://www.ycombinator.com/companies/pares-ai,AI-native real estate services firm,"Los Angeles, CA",US,High,https://www.linkedin.com/company/pares-ai/,,Zihao Wang,https://www.linkedin.com/in/zihao-wang-mh/,,,No,3,No,,,Early,Real Estate and Construction
avelis-health,Avelis Health,Summer 2025,Active,https://avelishealth.com,avelishealth.com,https://www.ycombinator.com/companies/avelis-health,We audit medical claims for self-insured employers and health plans.,"New York City, NY",US,High,https://www.linkedin.com/company/avelis-ai/,https://x.com/AvelisHealth,Angel Onuoha; Ahmad Shehu,https://www.linkedin.com/in/angel-onuoha/; https://www.linkedin.com/in/ahmad-shehu/,https://x.com/angelonuoha7; https://x.com/ahmxrd,,No,3,No,,,Early,Healthcare
nautilus,Nautilus,Summer 2025,Active,https://nautilus.co,nautilus.co,https://www.ycombinator.com/companies/nautilus,AI platform to grow and to optimize car washes,San Francisco,US,High,https://www.linkedin.com/company/nautilusco,,Amayr Babar; Ali Sareini,https://linkedin.com/in/amayrbabar; https://www.linkedin.com/in/alisareini/,; ,,No,4,Yes,,,Early,B2B
humoniq,Humoniq,Summer 2025,Active,https://humoniq.ai,humoniq.ai,https://www.ycombinator.com/companies/humoniq,"Airline customer service, fully automated.",San Francisco,US,High,https://www.linkedin.com/company/humoniq,https://x.com/humoniq_ai,Todd Sullivan; Will Weber,https://www.linkedin.com/in/todsul/; https://www.linkedin.com/in/w-weber/,https://x.com/todsul; ,,No,5,No,,,Early,B2B
maximal,Maximal,Summer 2025,Active,https://www.trymaximal.com,trymaximal.com,https://www.ycombinator.com/companies/maximal,Truckload Planning at Machine Precision,San Francisco,US,High,https://www.linkedin.com/company/maximalfreight,https://x.com/usepalace,Leeds Rising; Derek Ye,https://www.linkedin.com/in/leedsrising; https://www.linkedin.com/in/derek-ye-853412159/,https://x.com/LeedsRising; ,,No,3,No,,,Early,B2B
idler,idler,Summer 2025,Active,https://idler.ai/,idler.ai,https://www.ycombinator.com/companies/idler,"Hill-climb any benchmark, for any model, in any domain.",San Francisco,US,High,https://www.linkedin.com/company/idler/,https://x.com/idler_ai,Ivan Chub; Nalu Concepcion; Tony Goss,https://www.linkedin.com/in/ivanchub/; https://linkedin.com/in/nalu-concepcion/; https://www.linkedin.com/in/tony-goss-a53732132,https://x.com/chubivan; https://x.com/naluconcepcion; https://x.com/cha0sg0d_,9500000,Yes,12,Yes,5,Forward Deployed Engineer; Design Engineer; Research Scientist; Software Engineer; Special Projects Operator,Early,B2B
floot,Floot,Summer 2025,Active,https://floot.com,floot.com,https://www.ycombinator.com/companies/floot,The app platform inside Claude and ChatGPT.,San Francisco,US,High,https://www.linkedin.com/company/floothq/,https://x.com/floothq,Yujian Yao,https://www.linkedin.com/in/yjyao/,https://x.com/yyjhao,,No,4,Yes,,,Early,B2B
alara,Alara,Summer 2025,Active,http://alaradental.com,alaradental.com,https://www.ycombinator.com/companies/alara,Procurement Platform for Dental Offices,,,High,,,Dr. Sabrine Obbad; Elyas Obbad,https://www.linkedin.com/in/sabrineobbad; https://www.linkedin.com/in/elyas-obbad-071a01176/,; https://x.com/ObbadElyas,,No,,No,,,Early,B2B
socratix-ai,Socratix AI,Summer 2025,Active,https://getsocratix.ai,getsocratix.ai,https://www.ycombinator.com/companies/socratix-ai,AI coworkers for fraud and compliance teams.,San Francisco,US,High,https://www.linkedin.com/company/socratix-ai/,https://x.com/getsocratix,Riya Jagetia; Satya Vasanth Tumati,https://www.linkedin.com/in/riya-jagetia/; https://www.linkedin.com/in/satya-vasanth/,https://twitter.com/RiyaJagetia; https://x.com/SirWitWit,4600000,Yes,5,Yes,1,"Member of Technical Staff, AI Agents",Early,B2B
minimal-ai,Minimal AI,Summer 2025,Active,https://gominimal.ai/,gominimal.ai,https://www.ycombinator.com/companies/minimal-ai,AI Agents for E-commerce Customer Support,"Amsterdam, Netherlands",NL,High,https://www.linkedin.com/company/gominimal/,,Niek Hogenboom; Titus Ex,https://www.linkedin.com/in/niek-hogenboom/; https://linkedin.com/in/titus-ex-85691711a,; ,,No,3,No,,,Early,B2B
risely-ai,Risely AI,Summer 2025,Active,https://www.risely.ai/,risely.ai,https://www.ycombinator.com/companies/risely-ai,AI agents that automate administrative work across college campuses. ,San Francisco,US,High,https://www.linkedin.com/company/risely-ai/,https://x.com/RiselyAI,Shahryar Abbasi; Sadia Saifuddin,https://www.linkedin.com/in/shahryarabbasi/; https://www.linkedin.com/in/sadiasaifuddin/,; https://x.com/sadiasaifuddin1,,No,8,No,,,Early,Education
omnara,Omnara,Summer 2025,Active,https://omnara.com,omnara.com,https://www.ycombinator.com/companies/omnara,The Open-Source Alternative to Claude Managed Agents,San Francisco,US,High,https://www.linkedin.com/company/omnara,https://x.com/omnaraai,Ishaan Sehgal; Kartik Sarangmath,https://www.linkedin.com/in/ishaan-sehgal/; https://www.linkedin.com/in/kartiksarangmath/,https://x.com/IshSup; https://x.com/kartiksmath,,No,4,No,,,Early,B2B
knowlify,Knowlify,Summer 2025,Active,https://www.knowlify.com/,knowlify.com,https://www.ycombinator.com/companies/knowlify,The AI Explainer Video Maker,San Francisco,US,High,https://www.linkedin.com/company/knowlify,https://x.com/knowlifyai,Ritam Rana; Jonathan Maynard; Arjun Talati; Ritvik Varada,https://www.linkedin.com/in/ritamrana; https://www.linkedin.com/in/jonathanmaynard-/; https://www.linkedin.com/in/arjun-talati; https://www.linkedin.com/in/ritvik-varada/,; ; https://x.com/arjuntalati; ,,No,6,No,,,Early,B2B
autosana,Autosana,Summer 2025,Active,https://autosana.ai,autosana.ai,https://www.ycombinator.com/companies/autosana,AI agents for E2E testing across mobile & web,San Francisco,US,High,https://www.linkedin.com/company/autosana/,https://x.com/autosanaai,Yuvan Sundrani; Jason Steinberg,https://www.linkedin.com/in/yuvan-sundrani/; https://www.linkedin.com/in/jason-steinberg-6018261b6/,https://x.com/YSundrani79540; ,,No,5,No,,,Early,B2B
procindex,ProcIndex,Summer 2025,Active,https://procindex.com/,procindex.com,https://www.ycombinator.com/companies/procindex,AI-powered accounting automation for construction and manufacturing,San Francisco,US,High,https://www.linkedin.com/company/procindex,,Neha Suresh; Akash Thakur,https://linkedin.com/in/nehasuresh1904; https://www.linkedin.com/in/akashthakur1203,https://x.com/Neha_Suresh_M/; https://x.com/vedhsaka,,No,4,Yes,,,Early,B2B
iron-grid,Iron Grid,Summer 2025,Active,https://getirongrid.com/,getirongrid.com,https://www.ycombinator.com/companies/iron-grid,AI-Native Data Center Engineering,San Francisco,US,High,,,Fern Morrison; Gabriele Pozzato,https://www.linkedin.com/in/elizabeth-fern-morrison/; https://www.linkedin.com/in/gabriele-pozzato-ph-d-2167a2107/,; ,,No,2,No,,,Early,Industrials
finto-de,Finto,Summer 2025,Active,https://www.gofinto.com/,gofinto.com,https://www.ycombinator.com/companies/finto-de,AI accounting for enterprise finance teams,"Munich, Germany",DE,High,https://www.linkedin.com/company/fintoai/,,Jonas Morgner; Linus Boehm; Lorenz Neuner,https://www.linkedin.com/in/jonasmorgner/; https://www.linkedin.com/in/linus-boehm/; https://www.linkedin.com/in/lorenz-neuner/,https://x.com/FintoAI; ; ,3900000,Yes,10,Yes,2,Product Engineer; (Senior) Solution Engineer,Early,B2B
motives,Motives,Summer 2025,Active,https://motives.ai/,motives.ai,https://www.ycombinator.com/companies/motives,Consumer focus groups run by AI,"London, United Kingdom",GB,High,https://www.linkedin.com/company/96694490/,,Sean Conley; Sam Stoll,https://www.linkedin.com/in/sean-conley-397b69b8/; https://www.linkedin.com/in/sam-stoll-02ab1228/,; ,,No,,No,,,Early,B2B
relling,Relling,Summer 2025,Active,https://relling.co,relling.co,https://www.ycombinator.com/companies/relling,deploying the first billion robots for manufacturing,San Francisco,US,High,https://www.linkedin.com/company/107829108/,,Jai Relan; Anya Singh,https://www.linkedin.com/in/jairelan/; https://www.linkedin.com/in/anya-singh/,https://twitter.com/JaiRelan; ,,No,,Yes,,,Early,B2B
char,Char,Summer 2025,Active,https://char.com,char.com,https://www.ycombinator.com/companies/char,The AI notepad that knows and works for you,"Seoul, South Korea",KR,High,https://www.linkedin.com/company/charnotes,https://x.com/getcharnotes,John Jeong; Deokhaeng Lee; Yujong Lee,https://linkedin.com/in/johntopia; https://www.linkedin.com/in/dklee0127; https://linkedin.com/in/yujong1ee,https://x.com/computeless; https://x.com/duckduckhero; https://x.com/yujonglee,,No,3,No,,,Early,B2B
manufact,Manufact,Summer 2025,Active,https://manufact.com,manufact.com,https://www.ycombinator.com/companies/manufact,Cloud infrastructure for MCP servers and Claude / ChatGPT plugins.,Switzerland,CH,High,https://www.linkedin.com/company/mcp-use/,https://x.com/manufact,Pietro Zullo; Luigi Pederzani,https://linkedin.com/in/pietrozullo; https://www.linkedin.com/in/luigipederzani,https://x.com/pietrozullo; https://x.com/pederzh,,No,5,Yes,4,Developer Advocate & Partnerships (DevRel); Senior Infrastructure Engineer; Sales Development Representative (SDR); Founding Software Engineer (Product / MCP) ,Early,B2B
novaflow,Novaflow,Summer 2025,Active,https://www.novaflow.ai,novaflow.ai,https://www.ycombinator.com/companies/novaflow,The AI data analyst for biology labs,San Francisco,US,High,https://www.linkedin.com/company/novaflow-ai,,Amulya Balakrishnan,https://linkedin.com/in/amulya-balakrishnan,,,No,4,Yes,,,Early,Healthcare
perseus-defense,Perseus Defense,Summer 2025,Active,https://perseusdefense.com,perseusdefense.com,https://www.ycombinator.com/companies/perseus-defense,America's Golden Dome for Drones,"Austin, TX",US,Medium,https://www.linkedin.com/company/perseusdefense,,Jason Cornelius; Steve Messinger,https://www.linkedin.com/in/jason-k-cornelius/; https://www.linkedin.com/in/steve-messinger-a32680155/,; ,,No,3,Yes,,,Early,Industrials
phases,Phases,Summer 2025,Active,https://phases.ai,phases.ai,https://www.ycombinator.com/companies/phases,AI for the physical world,San Francisco,US,High,https://www.linkedin.com/company/phases-ai/,,James Wall; Anton Zaliznyi; Jonathan van Wersch,https://www.linkedin.com/in/j-m-wall/; https://www.linkedin.com/in/anton-zaliznyi/; https://www.linkedin.com/in/jonathan-vw/,https://x.com/jameswall000; ; ,,No,3,No,,,Early,Industrials
solva,Solva,Summer 2025,Active,https://solvatechnology.com,solvatechnology.com,https://www.ycombinator.com/companies/solva,Building the new superintelligence for insurance,"New York City, NY",US,No,https://www.linkedin.com/company/solvatechnology,,Herman Båverud Olsson; Sorena Amini; Linus Malmén,https://www.linkedin.com/in/hermanbaverudolsson/; https://www.linkedin.com/in/sorenaamini; https://www.linkedin.com/in/linus-malmén-2588406a/,; ; ,,No,15,Yes,,,Early,Fintech
albacore-inc,Albacore Inc.,Summer 2025,Active,https://www.albacore.inc,albacore.inc,https://www.ycombinator.com/companies/albacore-inc,Drone submarines,"Philadelphia, PA",US,Medium,https://www.linkedin.com/company/107689623,,Dante Vaisbort; John Huddleston,https://www.linkedin.com/in/dante-vaisbort/; https://www.linkedin.com/in/john-huddleston-3584121b7/,; ,,No,18,No,0,,Early,Industrials
physical-turing,Physical Turing,Summer 2025,Active,https://physicalturing.ai/,physicalturing.ai,https://www.ycombinator.com/companies/physical-turing,Next generation robot deployer,"New York City, NY",US,High,https://www.linkedin.com/company/physical-turing,https://x.com/rifflab,Adith Reddi; Kenny Zhang,https://www.linkedin.com/in/adithreddi/; https://www.linkedin.com/in/kenny-zhang-jinlin/,https://x.com/adithreddi; https://x.com/Zerkka0819,,No,2,No,,,Early,Industrials
twentytwo,TwentyTwo,Summer 2025,Active,https://twentytwo.bio/,twentytwo.bio,https://www.ycombinator.com/companies/twentytwo,AI infrastructure for biosecurity,"New York City, NY",US,High,https://www.linkedin.com/company/mohi-inc,,Evan Seeyave,https://www.linkedin.com/in/evanseeyave,,,No,3,No,,,Early,Healthcare
mimos,Mimos,Summer 2025,Active,https://www.trymimos.com/,trymimos.com,https://www.ycombinator.com/companies/mimos,The growth OS for plaintiff-side law firms,"New York City, NY",US,High,https://www.linkedin.com/company/trymimos,,Rohit Sirosh,https://www.linkedin.com/in/rohit-sirosh/,,,No,2,No,,,Early,B2B
nozomio,Nozomio,Summer 2025,Active,https://www.nozomio.com/,nozomio.com,https://www.ycombinator.com/companies/nozomio,product lab. focused on personal ai and context.,San Francisco,US,High,https://www.linkedin.com/company/nozomiolabs/,https://x.com/nozomioai,Arlan Rakhmetzhanov,https://www.linkedin.com/in/arlan-rakhmetzhanov/,https://x.com/arlanr,,No,3,Yes,4,Founding Member of Technical Staff; Founding Member of Marketing Staff; Short-Form Content Creator; Founding Growth,Early,Consumer
vibeflow,VibeFlow,Summer 2025,Active,https://vibeflow.ai/,vibeflow.ai,https://www.ycombinator.com/companies/vibeflow,AI content manager that grows your company's online presence,San Francisco,US,High,https://www.linkedin.com/company/vibeflowai/,https://x.com/vibeflowai,Alessia Paccagnella; Elia Saquand,https://www.linkedin.com/in/alepacca; https://www.linkedin.com/in/elia-saquand-bb977b18a/,https://x.com/alessiapacca; ,,No,3,No,0,,Early,B2B
comena,Comena,Summer 2025,Active,https://comena.ai,comena.ai,https://www.ycombinator.com/companies/comena,AI agents for distributors and manufacturers to automate order entry.,Germany,DE,High,https://www.linkedin.com/company/comena-ai,,Jiehua Wu; Almo Sutedjo,https://www.linkedin.com/in/jiehua-wu/; https://www.linkedin.com/in/almo-sutedjo/,; ,,No,8,Yes,,,Early,B2B
normal,Normal,Summer 2025,Active,https://www.normalfactory.com/,normalfactory.com,https://www.ycombinator.com/companies/normal,Testing and certifying the hardware of the future,San Francisco,US,Medium,https://www.linkedin.com/company/normal-factory/,https://x.com/normalfactoryco,Anson Yu; Hudhayfa Nazoordeen,https://www.linkedin.com/in/anson-yu-231336141/; https://linkedin.com/in/hudzah,https://x.com/ansonyuu; https://x.com/hud_zah,,No,2,No,,,Early,Industrials
ghosteye,GhostEye,Summer 2025,Active,https://ghosteye.ai,ghosteye.ai,https://www.ycombinator.com/companies/ghosteye,Your always-on red team.,"New York City, NY",US,High,https://www.linkedin.com/company/ghosteye-ai/,https://x.com/GhostEyeee,Mohammad Eshan,https://www.linkedin.com/in/moheshan/,https://x.com/eshannnnnnnn,,No,6,No,,,Early,B2B
channel3,Channel3,Summer 2025,Active,https://trychannel3.com,trychannel3.com,https://www.ycombinator.com/companies/channel3,Database of every product on the internet,"New York City, NY",US,High,https://www.linkedin.com/company/channel3-ai,https://x.com/try_channel3,Alexander Schiff; George Lawrence,https://linkedin.com/in/alexanderschiff; https://linkedin.com/in/george-lawrence-aab0011a6,https://x.com/schiffyalex; ,,No,5,Yes,1,Backend Engineer,Early,B2B
epicenter,Epicenter,Summer 2025,Active,https://epicenter.so,epicenter.so,https://www.ycombinator.com/companies/epicenter,"ChatGPT's memory feature in an open, portable format",San Francisco,US,High,,https://x.com/EpicenterHQ,Braden Wong,https://www.linkedin.com/in/braden-wong/,,,No,1,No,,,Early,Consumer
costream,Costream,Summer 2025,Active,https://www.costream.ai,costream.ai,https://www.ycombinator.com/companies/costream,Indexing human dialogue through digital products,San Francisco,US,No,https://www.linkedin.com/company/costream-ai,,Aditya Mahna; Ayush Mahna,https://www.linkedin.com/in/aditya-mahna-b57256325/; https://www.linkedin.com/in/ayush-mahna-34r,; ,,No,8,No,,,Early,Consumer
embedder,Embedder,Summer 2025,Active,https://www.embedder.com,embedder.com,https://www.ycombinator.com/companies/embedder,The Enterprise AI Platform for Embedded Software,San Francisco,US,High,https://www.linkedin.com/company/embedder-dev,https://x.com/embedder_dev,Ethan Gibbs; Bob Wei,https://www.linkedin.com/in/etgibbs/; https://www.linkedin.com/in/jiachew,https://x.com/ethanmgibbs; https://x.com/imbobwei,,No,6,No,,,Early,B2B
flai,Flai,Summer 2025,Active,https://www.useflai.com/,useflai.com,https://www.ycombinator.com/companies/flai,We Bring Customers to Your Dealership,San Francisco,US,High,https://www.linkedin.com/company/useflai,,Ari Polakof; Juan Alzugaray; Alen Polakof,https://www.linkedin.com/in/ari-polakof-78b976150/; https://www.linkedin.com/in/jfalzugaray/; https://www.linkedin.com/in/alenpolakof,; ; ,,No,35,Yes,1,Regional Account Executive,Growth,Industrials
b12-labs,b12 Labs,Summer 2025,Active,https://b12-labs.com/,b12-labs.com,https://www.ycombinator.com/companies/b12-labs,Making hard molecules for Pharma and Biotech,San Francisco,US,High,https://www.linkedin.com/company/108178057/admin/dashboard/,https://x.com/b12Labs,Zlatko Jončev; Andres Bran,https://www.linkedin.com/in/zlatkojoncev/; https://www.linkedin.com/in/andrescmb,https://x.com/ZJoncev; https://x.com/drecmb,,No,3,Yes,,,Early,Healthcare
fulcrum,Fulcrum,Summer 2025,Active,https://fulcrumresearch.ai,fulcrumresearch.ai,https://www.ycombinator.com/companies/fulcrum,The agentic debugger for AI systems,San Francisco,US,High,,https://x.com/fulcrum_inc,Kaivalya Hariharan; Uzay Girit,https://www.linkedin.com/in/kaivu-hariharan/; https://www.linkedin.com/in/uzay-girit-a208161a2/,https://x.com/KaivuHariharan; https://x.com/uzpg_,,No,2,No,,,Early,B2B
trace-so,Trace,Summer 2025,Active,https://www.trace.so/,trace.so,https://www.ycombinator.com/companies/trace-so,Context-aware orchestration between humans and AI.,"London, United Kingdom",GB,High,https://www.linkedin.com/company/trace-so/,https://x.com/trace_so,Tim Cherkasov; Artur Romanov,https://linkedin.com/in/timcherkasov; https://linkedin.com/in/artur-romanov,https://x.com/timcherkasov; https://x.com/K1ngArtes,,No,3,No,0,,Early,B2B
onestop,OneStop,Summer 2025,Active,https://www.askonestop.com,askonestop.com,https://www.ycombinator.com/companies/onestop,The local internet for NYC.,"New York City, NY",US,High,https://www.linkedin.com/company/askonestop,,Max Raven; Peyton Shields,https://www.linkedin.com/in/ravenmax/; https://www.linkedin.com/in/peyton-shields,https://x.com/maxtheraven; https://x.com/peytonshields_,,No,2,Yes,,,Early,Consumer
ironledger-ai,IronLedger.ai,Summer 2025,Active,https://ironledger.ai,ironledger.ai,https://www.ycombinator.com/companies/ironledger-ai,AI-enabled Corporate Cards and Invoice Processing for Real Estate,"New York City, NY",US,High,https://www.linkedin.com/company/ironledger/,,Nick Amore; Samuel Li,https://www.linkedin.com/in/nick-amore-6391a7129/; https://www.linkedin.com/in/samuelli97/,; ,,No,,Yes,,,Early,Real Estate and Construction
doe,Doe,Summer 2025,Active,https://doe.so/,doe.so,https://www.ycombinator.com/companies/doe,"The boring stuff, handled. Everything else, supercharged.",San Francisco,US,High,https://www.linkedin.com/company/107749671/,https://x.com/doelabs,Adrian Barbir; Richard Ou,https://www.linkedin.com/in/adrianbarbir; https://linkedin.com/in/yuhuangou,https://x.com/AdrianBarbir; https://x.com/yuhuangou,,No,4,No,,,Early,B2B
theora,Theora,Summer 2025,Active,https://www.theorahq.com,theorahq.com,https://www.ycombinator.com/companies/theora,Building medical school for AI Agents,San Francisco,US,High,,,Larissa Tyagi,https://www.linkedin.com/in/larissatyagi100/,,,No,3,No,,,Early,B2B
conviction,Conviction,Summer 2025,Active,https://convictiontrade.ai,convictiontrade.ai,https://www.ycombinator.com/companies/conviction,Anyone Can Trade,San Francisco,US,High,https://www.linkedin.com/company/convictiontrade,https://x.com/tryconviction,Aria Vikram; Tony Yamin,https://www.linkedin.com/in/aria-vikram/; https://www.linkedin.com/in/tyamin,; https://x.com/Tonyyamin_,,No,3,Yes,,,Early,Fintech
riverbank,Riverbank,Summer 2025,Active,https://www.riverbank.sh/,riverbank.sh,https://www.ycombinator.com/companies/riverbank,Infrastructure Cartography,Boston,US,High,https://www.linkedin.com/company/riverbanktech/,,Carter Pry,https://linkedin.com/in/carterpry,https://x.com/carterpry,,No,1,No,,,Early,B2B
kalinda,Kalinda,Summer 2025,Active,https://www.kalinda.ai/,kalinda.ai,https://www.ycombinator.com/companies/kalinda,Deep research for class action law firms,San Francisco,US,High,https://www.linkedin.com/company/kalindaai/,https://x.com/kalindaai,Sayan Bhatia; Sohil Bhatia,https://www.linkedin.com/in/sayanbhatia/; https://www.linkedin.com/in/sohilbhatia/,https://x.com/sayanbhatia; https://x.com/sohilbhatia85,,No,2,Yes,1,Founding Software Engineer,Early,B2B
stellon-labs,Stellon Labs,Summer 2025,Active,https://stellonlabs.com/,stellonlabs.com,https://www.ycombinator.com/companies/stellon-labs,Building tiny frontier AI models that run on edge devices,San Francisco,US,High,https://www.linkedin.com/company/stellon-labs-inc,https://x.com/stellon_labs,Rohan Joshi; Divam Gupta,https://linkedin.com/in/rohan-m-joshi; https://linkedin.com/in/divamgupta,https://x.com/ron_joshi; https://x.com/divamgupta,,No,2,No,,,Early,B2B
bootloop,BootLoop,Summer 2025,Active,https://bootloop.ai/,bootloop.ai,https://www.ycombinator.com/companies/bootloop,"Firmware in minutes, not months - rigorously tested on real hardware",San Francisco,US,High,https://www.linkedin.com/company/bootloop/,https://x.com/BootLoopAI,Noah Pacik-Nelson; Chris Markus,https://www.linkedin.com/in/noah-pacik-nelson/; https://www.linkedin.com/in/chris-markus/,https://x.com/noahpaciknelson; https://x.com/chrism4rkus,,No,3,Yes,,,Early,B2B
panoptive,Panoptive,Summer 2025,Active,https://www.panoptive.com,panoptive.com,https://www.ycombinator.com/companies/panoptive,The continuous oversight engine for clinical trials,San Francisco,US,High,https://www.linkedin.com/company/panoptive-health,,Youssef Kallel,https://www.linkedin.com/in/youssefkallel/,https://x.com/ymkallel,,No,2,No,,,Early,B2B
cocreate,cocreate,Summer 2025,Active,https://cocreate.so,cocreate.so,https://www.ycombinator.com/companies/cocreate,video production software,San Francisco,US,No,https://www.linkedin.com/company/cocreate-so/,https://x.com/cocreate_so,Tamish Pulappadi; Archish Arun,https://www.linkedin.com/in/tamish-pulappadi/; https://linkedin.com/in/archisharun,; ,,No,10,No,,,Early,Consumer
slashy,Slashy,Summer 2025,Active,https://www.slashy.com/,slashy.com,https://www.ycombinator.com/companies/slashy,Cursor for Email,San Francisco,US,High,https://www.linkedin.com/company/slashy-email/,https://x.com/slashyemail,Harsha Gaddipati; Dhruv Roongta,https://www.linkedin.com/in/harsha-gaddipati-032bb820a/; https://www.linkedin.com/in/dhruv-roongta-421a7b214/,https://x.com/GaddipatiHarsha; ,,No,3,No,,,Early,B2B
wedge,Wedge,Summer 2025,Active,https://www.wedge.health,wedge.health,https://www.ycombinator.com/companies/wedge,AI Employees for Healthcare,San Francisco,US,High,https://www.linkedin.com/company/wedge-ai,https://x.com/wedgehealth,Devraj Gopal; Steven Segawa,https://www.linkedin.com/in/devraj-gopal-6a5865284; https://www.linkedin.com/in/steven-segawa/,; https://x.com/ssegawa123,,No,2,Yes,,,Early,Healthcare
careswift,CareSwift,Summer 2025,Active,https://www.careswift.com/,careswift.com,https://www.ycombinator.com/companies/careswift,AI scribe for Ambulance Reports,"New York City, NY",US,High,https://www.linkedin.com/company/careswift,https://x.com/careswiftinc,Brian Weigand; Jonathan Zero,https://www.linkedin.com/in/brian-weigand/; https://www.linkedin.com/in/jonathanzero/,; ,,No,2,Yes,,,Early,Healthcare
pangolin,Pangolin,Summer 2025,Active,https://pangolin.net,pangolin.net,https://www.ycombinator.com/companies/pangolin,"Open networking and security for your workforce, AI agents, and infra","New York City, NY",US,High,https://www.linkedin.com/company/digpangolin,,Milo Schwartz; Owen Schwartz,https://www.linkedin.com/in/miloaschwartz/; https://www.linkedin.com/in/owenschwartz,; ,,No,3,Yes,,,Early,B2B
kestroll,Kestroll,Summer 2025,Active,https://www.kestroll.com/,kestroll.com,https://www.ycombinator.com/companies/kestroll,AI video editor,San Francisco,US,High,,,Tom Yang; Benjamin Skinner,https://linkedin.com/in/tom-yang11; https://linkedin.com/in/ben-skinner-profile,; https://x.com/Benjmin_skinner,,No,2,No,,,Early,Consumer
tesora,Tesora,Summer 2025,Active,https://tesora.ai,tesora.ai,https://www.ycombinator.com/companies/tesora,Frontier AI for Actuaries,San Francisco,US,High,https://www.linkedin.com/company/tesora-ai,https://x.com/TesoraAI,Vivek Rao; Federico Reyes Gomez,https://www.linkedin.com/in/vivek-r-928871173/; https://www.linkedin.com/in/federico-reyes-gomez,; ,,No,5,Yes,,,Early,Fintech
deepaware-ai-robotics-center-of-silicon-valley,DeepAware AI (Robotics Center of Silicon Valley),Summer 2025,Active,https://roboticscenter.ai/,roboticscenter.ai,https://www.ycombinator.com/companies/deepaware-ai-robotics-center-of-silicon-valley,"Robots, parts & RL envs & evals - delivered in 48 hrs / pickup in SF.",San Francisco,US,High,https://www.linkedin.com/company/roboticscenter/,https://x.com/RoboticsCtr,Jerry Huang; Stela Tong,https://www.linkedin.com/in/jerryh01/; https://www.linkedin.com/in/stela-tong-a2583110b/,https://x.com/jerryhuang01; ,,No,4,Yes,,,Early,Industrials
stockline,Stockline,Summer 2025,Active,https://stockline.ai,stockline.ai,https://www.ycombinator.com/companies/stockline,AI-native ERP for food wholesalers,"Paris, France",FR,High,https://www.linkedin.com/company/stocklineai/,https://x.com/StocklineAI,Mariem Ould Ismail; Moncef DJAFRI,https://www.linkedin.com/in/mariem-ould-ismail-b45917262/; https://www.linkedin.com/in/moncef-djafri-100425247/,; ,,No,2,No,,,Early,B2B
magnitude,Magnitude,Summer 2025,Active,https://magnitude.dev,magnitude.dev,https://www.ycombinator.com/companies/magnitude,Open source inference server for local models,San Francisco,US,High,https://www.linkedin.com/company/usemagnitude,https://x.com/usemagnitude,Tom Greenwald; Anders Lie,https://www.linkedin.com/in/t-greenwald/; https://www.linkedin.com/in/anders-lie/,https://x.com/tomgreenwald; https://x.com/ndrsrkl,,No,2,No,,,Early,B2B
proliferate,Proliferate,Summer 2025,Active,https://proliferate.com?utm_source=yc&utm_medium=referral&utm_campaign=profile,proliferate.com?utm_source=yc&utm_medium=referral&utm_campaign=profile,https://www.ycombinator.com/companies/proliferate,Do your life's work with agents,San Francisco,US,High,https://www.linkedin.com/company/107275953,https://x.com/proliferateai,Pablo Hansen,https://linkedin.com/in/pablo-hansen,https://x.com/thepablohansen,,No,,Yes,,,Early,B2B
deepgrove,DeepGrove,Summer 2025,Active,https://deepgrove.ai,deepgrove.ai,https://www.ycombinator.com/companies/deepgrove,Frontier Intelligence. On Any Device.,San Francisco,US,Medium,,https://x.com/deepgrove_ai,Edward Zhang; Shayaan Emran,; ,; ,,No,3,Yes,,,Early,B2B
frizzle,Frizzle,Summer 2025,Active,https://www.frizzle.com,frizzle.com,https://www.ycombinator.com/companies/frizzle,AI Grading for Teachers,"New York City, NY",US,High,https://www.linkedin.com/company/frizzle-ai,https://x.com/tryfrizzle,Abhay Gupta; Shyam Sai,https://www.linkedin.com/in/abhaygupta-/; https://www.linkedin.com/in/shyamsai,https://x.com/abhaygupta_eth; ,,No,2,No,,,Early,Education
ondeck-ai,OnDeck AI,Summer 2025,Active,https://www.ondeckai.com,ondeckai.com,https://www.ycombinator.com/companies/ondeck-ai,"Analyze any footage, without training a model","Vancouver, Canada",CA,High,https://www.linkedin.com/company/ondeckai/,,Alexander Dungate; Sepand Dyanatkar,https://www.linkedin.com/in/alexander-dungate/; https://linkedin.com/in/sepandd,; https://x.com/SepandD,,No,7,Yes,,,Early,B2B
alter,Alter,Summer 2025,Active,https://alterauth.com,alterauth.com,https://www.ycombinator.com/companies/alter,Privileged Access Management for AI Agents,"New York City, NY",US,High,https://www.linkedin.com/company/alterai-dev,https://x.com/alter_ai_labs,Srikar Dandamuraju; Kevan Dodhia,https://linkedin.com/in/srikar-d-473390136; https://linkedin.com/in/kevan-dodhia-760183129,https://x.com/realsreeks; ,,No,2,No,,,Early,B2B
imprezia,Imprezia,Summer 2025,Active,https://imprezia.ai,imprezia.ai,https://www.ycombinator.com/companies/imprezia,The World's First AI Ad Network.,San Francisco,US,High,https://www.linkedin.com/company/imprezia-ai/,https://x.com/ImpreziaAI,Bishesh Khadka,https://www.linkedin.com/in/bisheshkhadka,https://x.com/BisheshK,,No,4,Yes,,,Early,B2B
lilac,Lilac,Summer 2025,Active,https://getlilac.com,getlilac.com,https://www.ycombinator.com/companies/lilac,We sell GPUs.,San Francisco,US,High,https://www.linkedin.com/company/get-lilac,https://x.com/LilacML,Lucas Ewing; Ryan Ewing,https://www.linkedin.com/in/lucasboewing/; https://www.linkedin.com/in/rjewing/,; ,,No,4,No,,,Early,B2B
tryjanet,Janet AI,Summer 2025,Active,https://janet.ai,janet.ai,https://www.ycombinator.com/companies/tryjanet,Agents that learn your company and work 24/7,San Francisco,US,High,https://www.linkedin.com/company/janet-ai/,,Adhit Sankaran; William Barthell,https://www.linkedin.com/in/adhitsankaran/; https://www.linkedin.com/in/william-barthell/,; ,,No,5,No,0,,Early,B2B
cyberdesk,Cyberdesk,Summer 2025,Active,https://www.cyberdesk.io,cyberdesk.io,https://www.ycombinator.com/companies/cyberdesk,Self learning computer use agent for developers,San Francisco,US,High,https://www.linkedin.com/company/cyberdeskhq,https://x.com/CyberdeskHQ,Mahmoud Al-Madi,https://www.linkedin.com/in/mahmoudalmadi/,https://x.com/mahmoudalmadi_,,No,2,No,,,Early,B2B
panels,Panels,Summer 2025,Active,https://www.usepanels.com/,usepanels.com,https://www.ycombinator.com/companies/panels,Audio Data for AI Labs,San Francisco,US,High,https://www.linkedin.com/company/panelsinc/,,Aaron Wenk,https://www.linkedin.com/in/aaron-wenk,,,No,1,Yes,,,Early,B2B
wafer,Wafer,Summer 2025,Active,https://www.wafer.ai,wafer.ai,https://www.ycombinator.com/companies/wafer,AI that makes AI fast,San Francisco,US,High,https://www.linkedin.com/company/wafer-ai,https://x.com/wafer_ai,Emilio Andere; Steven Arellano,https://linkedin.com/in/emi-andere; https://www.linkedin.com/in/stevenjarellano/,https://x.com/technoabsurdist; https://x.com/gpusteve,44000000,No,15,No,0,,Growth,B2B
orange-slice,Orange Slice,Summer 2025,Active,https://orangeslice.ai,orangeslice.ai,https://www.ycombinator.com/companies/orange-slice,Agentic sales enrichment spreadsheet,San Francisco,US,High,https://www.linkedin.com/company/orange-sliceai/,https://x.com/orangesliceai,Vihaar Nandigala,https://www.linkedin.com/in/vihaar-nandigala/,https://twitter.com/VihaarNandigala,,No,2,Yes,1,Founding Engineer,Early,B2B
monarcha,Monarcha,Summer 2025,Active,https://monarcha.ai,monarcha.ai,https://www.ycombinator.com/companies/monarcha,Turn maps into data,San Francisco,US,High,https://www.linkedin.com/company/monarcha-ai/,https://x.com/monarcha_ai,James Spokes; Everett Lee,https://www.linkedin.com/in/james-spokes/; https://www.linkedin.com/in/everett-lee-6540b41b3/,https://x.com/sekopss; ,,No,2,No,0,,Early,B2B
lotas,Lotas,Summer 2025,Active,https://www.lotas.ai,lotas.ai,https://www.ycombinator.com/companies/lotas,AI for quantitative trading,San Francisco,US,High,https://www.linkedin.com/company/lotas/,https://x.com/lotas_ai,Jorge Guerra; William Nickols,https://www.linkedin.com/in/jorge-o-guerra; https://www.linkedin.com/in/willnickols/,https://x.com/jorgeguerrajr; ,,No,2,No,,,Early,B2B
design-arena,Design Arena,Summer 2025,Active,https://www.designarena.ai/,designarena.ai,https://www.ycombinator.com/companies/design-arena,World's largest crowdsourced benchmark for AI-generated design,San Francisco,US,High,https://www.linkedin.com/company/design-arena-ai/,https://x.com/designarena,Grace Li; Kamryn Ohly,https://www.linkedin.com/in/grace-li-721a4017b/; https://www.linkedin.com/in/kamrynohly/,https://x.com/grx_xce; https://x.com/kamrynohly,,No,3,No,,,Early,Consumer
effigov,EffiGov,Summer 2025,Active,https://effigov.com,effigov.com,https://www.ycombinator.com/companies/effigov,The AI OS for Cities,San Francisco,US,High,https://www.linkedin.com/company/effigov/,https://x.com/EffiGov,Aubteen Pour-Biazar; Aden Clemente,https://www.linkedin.com/in/aubteen-pour-biazar/; https://www.linkedin.com/in/aden-clemente,https://x.com/AubteenPB; https://x.com/adencle,,No,3,Yes,,,Early,Government
bitrig,Bitrig,Summer 2025,Active,https://bitrig.com,bitrig.com,https://www.ycombinator.com/companies/bitrig,Build and ship native Swift apps with AI,San Francisco,US,High,https://www.linkedin.com/company/bitrigapp,https://x.com/bitrigapp,Kyle Macomber; Tim Donnelly; Jacob Xiao,https://www.linkedin.com/in/kylemacomber; https://www.linkedin.com/in/timdonnelly; https://www.linkedin.com/in/jacob-xiao-3bb71329/,https://x.com/kylemacomber; https://twitter.com/tdonnelly; https://x.com/jacobx,,No,3,No,,,Early,B2B
lark,Lark,Summer 2025,Active,https://getlark.ai/,getlark.ai,https://www.ycombinator.com/companies/lark,The E2E testing layer for AI-driven development,San Francisco,US,High,https://www.linkedin.com/company/lark-ai/,https://x.com/uselark_ai,Vijit Dhingra; Jack Brown,https://www.linkedin.com/in/vijitdhingra/; https://www.linkedin.com/in/jackcbrown/,https://x.com/VijitDhingra1; ,,No,5,No,,,Early,B2B
topological,Topological,Summer 2025,Active,https://www.topological.com,topological.com,https://www.ycombinator.com/companies/topological,Physics-based foundation models for CAD optimization.,San Francisco,US,High,https://www.linkedin.com/company/topologicalai,,Nicole Ma; Zeyneb Kaya,https://www.linkedin.com/in/ma06nicole/; https://www.linkedin.com/in/zeyneb-kaya/,; https://x.com/zeynebnkaya,,No,2,No,,,Early,B2B
datafruit,Datafruit,Summer 2025,Active,https://datafruit.ai/,datafruit.ai,https://www.ycombinator.com/companies/datafruit,The AI workspace for software implementations,San Francisco,US,High,https://www.linkedin.com/company/datafruitai,,Venkat Arun; Nick Papciak,https://www.linkedin.com/in/venkat-arun-22677b223/; https://www.linkedin.com/in/nickpapciak,; https://x.com/completely_np,,No,2,No,,,Early,B2B
contextfort,ContextFort,Summer 2025,Active,https://contextfort.ai/,contextfort.ai,https://www.ycombinator.com/companies/contextfort,Visibility and Controls for Browser Agents,San Francisco,US,High,,,Ashwin Ramachandran,https://www.linkedin.com/in/ashwinram2002/,https://x.com/ashwinram2002,,No,2,No,,,Early,B2B
llm-stats,LLM Stats,Summer 2025,Active,https://llm-stats.com,llm-stats.com,https://www.ycombinator.com/companies/llm-stats,Independent AI evaluations lab,"New York City, NY",US,High,https://www.linkedin.com/company/llm-stats,https://x.com/LlmStats,Jonathan Chávez; Sebastian Crossa,https://www.linkedin.com/in/jonathanchatab; https://linkedin.com/in/sebastiancrossa,https://x.com/pirchavez; https://x.com/sebcrossa,,No,2,No,,,Early,B2B
verne-robotics,Verne Robotics,Summer 2025,Active,https://vernerobotics.com/,vernerobotics.com,https://www.ycombinator.com/companies/verne-robotics,AI models that teach robots new skills in hours,San Francisco,US,High,https://www.linkedin.com/company/vernerobotics,https://x.com/VerneRobotics,Neil Nie; Aditya Jha,https://linkedin.com/in/neilnie; https://linkedin.com/in/adityajha21,https://x.com/neil_nie_; ,,No,7,Yes,,,Early,Industrials
playgent,Playgent,Summer 2025,Active,https://useplaygent.com,useplaygent.com,https://www.ycombinator.com/companies/playgent,Sandboxes for AI agents,San Francisco,US,High,https://www.linkedin.com/company/useplaygent,,Neer Jain; Aniruddh Sriram,https://www.linkedin.com/in/neer-jain/; https://www.linkedin.com/in/aniruddh-sriram/,; ,,No,2,No,,,Early,Healthcare
liva-ai,Liva AI,Summer 2025,Active,https://www.theliva.ai,theliva.ai,https://www.ycombinator.com/companies/liva-ai,Building socially intelligent AI,San Francisco,US,High,https://www.linkedin.com/company/thelivaai/,,Ashley Mo; Aoi Otani,https://www.linkedin.com/in/ashley-mo/; https://linkedin.com/in/aoi-otani-ab3a1b205,https://x.com/ashlleymo; https://x.com/bigvalleyblue,,No,6,No,,,Early,B2B
shor,Shor,Summer 2025,Active,https://shorpay.com,shorpay.com,https://www.ycombinator.com/companies/shor,"International payroll, built for founders",San Francisco,US,No,https://www.linkedin.com/company/107131032,https://x.com/shor_pay,Daivik Goel; Avi Konduru,https://linkedin.com/in/daivikg; https://linkedin.com/in/kumaravinash-avi-konduru-54b3a6bb,https://x.com/daivikgoel; https://x.com/avikonduru,,No,4,No,,,Early,Fintech
golpo,Golpo,Summer 2025,Active,https://video.golpoai.com/,video.golpoai.com,https://www.ycombinator.com/companies/golpo,Create Whiteboard Explainer Videos with AI from a Prompt or Document,"Stockton, CA",US,High,https://www.linkedin.com/company/golpo-ai,http://x.com/GolpoAI,Shreyas Kar; Shraman Kar,https://www.linkedin.com/in/shreyas-kar/; https://www.linkedin.com/in/shraman-kar/,https://x.com/KarShreyas; https://x.com/ShramanKar,,No,7,No,0,,Early,B2B
args,args,Summer 2025,Active,https://args.io/,args.io,https://www.ycombinator.com/companies/args,A better GItHub,"New York City, NY",US,No,,,Paul Bae; Mikkel Kim,https://www.linkedin.com/in/baepaul; https://www.linkedin.com/in/mikkel-kim-488b88b3,https://x.com/baepaul; ,,No,2,No,,,Early,B2B
lanesurf,Lanesurf,Summer 2025,Active,https://www.lanesurf.com/,lanesurf.com,https://www.ycombinator.com/companies/lanesurf,Book any load in 10 minutes,San Francisco,US,High,https://www.linkedin.com/company/lane-surf/,,Pratham Bansal; Sarthak Singh Chauhan,https://www.linkedin.com/in/bansalpratham/; https://www.linkedin.com/in/sarthak-singh-chauhan-a1942b209 ,https://x.com/pratham__bansal; https://x.com/sarthakiitd,,No,11,Yes,,,Early,B2B
astor,Astor,Summer 2025,Active,https://astor.app/,astor.app,https://www.ycombinator.com/companies/astor,AI advisor for retail investors,San Francisco,US,High,https://www.linkedin.com/company/joinastor,https://x.com/astorinvest,Bruno Koba; Daniel Tulha Hochstetler,https://www.linkedin.com/in/bruno-koba/; https://www.linkedin.com/in/daniel-hochstetler,https://x.com/brunokoba_; https://x.com/tulha_,5500000,No,5,No,0,,Early,Fintech
blank-bio,Blank Bio,Summer 2025,Active,http://blank.bio/,blank.bio,https://www.ycombinator.com/companies/blank-bio,RNA intelligence for precision medicine,San Francisco,US,High,https://www.linkedin.com/company/blank-bio,https://x.com/blankbio_,Jonny Hsu; Philip Fradkin; Ian Shi,https://www.linkedin.com/in/jonathanhsuuw/; https://www.linkedin.com/in/philip-fradkin-330a417b/; https://www.linkedin.com/in/ruian-shi-4b5215b9/,https://x.com/hsu_jonny; https://twitter.com/phil_fradkin; https://x.com/ianshi3,7200000,No,6,No,0,,Early,Healthcare
truthsystems,truthsystems,Summer 2025,Active,https://www.truthsystems.ai,truthsystems.ai,https://www.ycombinator.com/companies/truthsystems,Automatically blocking risky behavior with real-time governance agents,San Francisco,US,High,https://www.linkedin.com/company/truth-systems-incoperated,,Alex Mac; Nam Nguyen,https://linkedin.com/in/anh-mac; ,; ,,No,6,Yes,0,,Early,B2B
agentmail,AgentMail,Summer 2025,Active,https://agentmail.to,agentmail.to,https://www.ycombinator.com/companies/agentmail,Email Inboxes for AI Agents,San Francisco,US,High,https://www.linkedin.com/company/agentmailto,https://x.com/agentmail,Haakam Aujla; Michael Kim; Adi Singh,https://www.linkedin.com/in/haaaujla/; https://www.linkedin.com/in/hyun-michael-kim-281242220/; https://linkedin.com/in/adivirsingh13,https://x.com/haakamaujla; https://x.com/michaelhyunkim; https://x.com/adisingh,6000000,Yes,10,Yes,6,"Founding Engineer; Senior Engineer, Backend/Infra; GTM Engineer; Founding GTM & Operations Lead; Founding PLG & Community Lead; Agent Experience Engineer",Early,B2B
traceroot-ai,TraceRoot.AI,Summer 2025,Active,https://traceroot.ai,traceroot.ai,https://www.ycombinator.com/companies/traceroot-ai,Open source self-improving layer for AI agents,San Francisco,US,High,https://www.linkedin.com/company/traceroot-ai,https://x.com/TracerootAI,Xinwei He,https://www.linkedin.com/in/xinwei-he-586512134/,https://x.com/xinwei_97,,No,4,Yes,,,Early,B2B
halluminate,Halluminate,Summer 2025,Active,https://halluminate.ai/,halluminate.ai,https://www.ycombinator.com/companies/halluminate,Data and RL environments to automate knowledge work,San Francisco,US,High,https://www.linkedin.com/company/halluminate/?viewAsMember=true,https://x.com/Jerr_Wu,Jerry Wu; Wyatt Marshall,https://www.linkedin.com/in/jerry-wu-7814b0100/details/experience/; https://linkedin.com/in/wyatt-marshall-a40797198,https://x.com/Jerr_Wu; https://x.com/wgm752,,No,5,Yes,,,Early,B2B
mangodesk,MangoDesk,Summer 2025,Active,https://www.mangodesk.com/,mangodesk.com,https://www.ycombinator.com/companies/mangodesk,Long-horizon RL environments,San Francisco,US,High,https://www.linkedin.com/company/mangodesk/,,Ankith Subramanya; Ananth Subramanya,https://linkedin.com/in/ankithsubramanya; https://www.linkedin.com/in/ams29,; ,,No,2,Yes,,,Early,B2B
the-prompting-company,The Prompting Company,Summer 2025,Active,https://www.promptingcompany.com,promptingcompany.com,https://www.ycombinator.com/companies/the-prompting-company,We help products get discovered & used by AI agents.,San Francisco,US,High,https://www.linkedin.com/company/promptingcompany,https://x.com/promptingco,Kevin Chandra; Michelle Marcelline; Albert Purnama,https://www.linkedin.com/in/kevinnicholaschandra; https://www.linkedin.com/in/michelle-marcelline/; https://www.linkedin.com/in/albertputrapurnama/,https://twitter.com/kvnchandra; https://twitter.com/michwirantono; https://twitter.com/albertpurnama,6500000,Yes,7,Yes,5,Fullstack Engineer; Founding Account Executive; Forward Deployed Engineer; Founding GTM; Founding Ops,Early,B2B
acrely,Acrely,Summer 2025,Active,https://www.acrely.ai,acrely.ai,https://www.ycombinator.com/companies/acrely,Enterprise Voice Agents,"Pittsburgh, PA",US,High,https://www.linkedin.com/company/acrely-ai/?viewAsMember=true,,Alek Stefanov; Derek Armfield,https://www.linkedin.com/in/alexander-a-stefanov/; https://www.linkedin.com/in/derek-armfield/,; ,,No,6,No,,,Early,B2B
dedalus-labs,Dedalus Labs,Summer 2025,Active,https://www.dedaluslabs.ai/,dedaluslabs.ai,https://www.ycombinator.com/companies/dedalus-labs,Persistent computers for AI agents,San Francisco,US,High,https://www.linkedin.com/company/dedalus-labs,https://x.com/dedaluslabs,Cathy Di; Windsor Nguyen,https://www.linkedin.com/in/cathydi; https://linkedin.com/in/windsornguyen,https://x.com/itsCathyDi; https://x.com/WindsorNguyen,11000000,Yes,8,Yes,8,"Distributed Systems Engineer; Systems Engineer; Design Engineer; Design Engineer Intern; Infrastructure Engineer Intern; Product Manager Intern; Systems Engineer Intern; Software Engineer, Infrastructure & Performance",Early,B2B
closera,Closera,Summer 2025,Active,https://closera.com,closera.com,https://www.ycombinator.com/companies/closera,AI Shopping Agent for Your Ecommerce Store,"New York City, NY",US,High,https://www.linkedin.com/company/closera,https://x.com/closera_ai,Anmol Tukrel; Chinmay Patel,https://www.linkedin.com/in/anmoltukrel/; https://www.linkedin.com/in/chinmayspatel/,https://x.com/anmoltukrel; ,,No,2,No,,,Early,B2B
meteor,Meteor,Summer 2025,Active,https://browse.dev,browse.dev,https://www.ycombinator.com/companies/meteor,An AI-Native Browser,San Francisco,US,High,https://www.linkedin.com/company/browsedotdev,https://x.com/browsedotdev,Pranav Madhukar,https://www.linkedin.com/in/pranav-madhukar-pcm/,https://x.com/pranavcmadhukar,,No,2,No,,,Early,Consumer
getasap,GETASAP,Summer 2025,Active,https://www.getasap.us,getasap.us,https://www.ycombinator.com/companies/getasap,AI-Native Fresh Produce Logistics,San Francisco,US,High,https://www.linkedin.com/company/get-asap/,,Raghav Arora; Pranavkrishna Suresh,https://www.linkedin.com/in/raghav-arora-516b1826b/; https://www.linkedin.com/in/pranavkrishnasuresh/,; https://x.com/PKrishnaSuresh,3450000,Yes,30,Yes,1,GTM Intern,Early,B2B
adaptional,Adaptional,Summer 2025,Active,https://www.adaptional.com/,adaptional.com,https://www.ycombinator.com/companies/adaptional,AI-powered insurance claims review,San Francisco,US,High,https://www.linkedin.com/company/adaptional,https://x.com/adaptionalAI,Kevin Cox; Suril Kantaria,https://www.linkedin.com/in/kevin-cox-90337b47/; https://www.linkedin.com/in/suril-kantaria-59522922/,; ,,No,,Yes,,,Early,B2B
pingo,Pingo,Summer 2025,Active,https://pingo.ai,pingo.ai,https://www.ycombinator.com/companies/pingo,AI companion that helps you learn languages,San Francisco,US,High,https://www.linkedin.com/company/pingo-ai/,,Michael Xing; Morrie Schonfeld,https://www.linkedin.com/in/michael-xing-04216821a/; https://www.linkedin.com/in/morrie-schonfeld-1628002b1?utm_source=share&utm_campaign=share_via&utm_content=profile&utm_medium=ios_app,https://x.com/mrmukeee; https://x.com/MorrietheMoosee,,No,5,No,,,Early,Consumer
preseen,Preseen,Summer 2025,Active,https://preseen.com,preseen.com,https://www.ycombinator.com/companies/preseen,The AI forecasting company for global macro events. ,San Francisco,US,High,,,Veniamin Veselovsky; Theodore Summer,https://linkedin.com/in/veniamin-v-bb1985116; https://www.linkedin.com/in/twsummer/,https://x.com/VminVsky; ,,No,1,No,,,Early,B2B
synthetic-society,Synthetic Society,Summer 2025,Active,https://syntheticsociety.ai/,syntheticsociety.ai,https://www.ycombinator.com/companies/synthetic-society,Synthetic Videos to Simulate Real Users,"New York City, NY",US,No,https://www.linkedin.com/company/107848066,,Aaron Chew; Kavan Doctor,https://linkedin.com/in/aaronbchew; https://www.linkedin.com/in/kavandoctor/,https://x.com/aaronchewbani; ,,No,2,Yes,,,Early,B2B
cactus-compute,Cactus Compute,Summer 2025,Active,https://www.cactuscompute.com/,cactuscompute.com,https://www.ycombinator.com/companies/cactus-compute,Automation Foundation Models For Tiny Devices,San Francisco,US,High,https://www.linkedin.com/company/cactus-compute/,https://x.com/cactuscompute,Roman Shemet; Henry Ndubuaku,https://www.linkedin.com/in/roman-shemet/; https://linkedin.com/in/henry-ndubuaku-7b6350b8,https://x.com/romanshemet; https://x.com/Henry_Ndubuaku,,No,8,No,,,Early,B2B
nixo,Nixo,Summer 2025,Active,https://withnixo.com/,withnixo.com,https://www.ycombinator.com/companies/nixo,Make every FDE on your team capable of moving any account forward.,San Francisco,US,High,https://www.linkedin.com/company/withnixo,,Priya Khandelwal,https://www.linkedin.com/in/priya-khandelwal-86b84018b/,,,No,6,Yes,,,Early,B2B
serafis,Serafis,Summer 2025,Active,https://serafis.ai,serafis.ai,https://www.ycombinator.com/companies/serafis,Deep intelligence for private markets,San Francisco,US,High,https://www.linkedin.com/company/serafis/,https://x.com/serafis_ai,Rohan Sharma,https://www.linkedin.com/in/r9a,https://x.com/r9a_co,,No,4,No,,,Early,B2B
wayline,Wayline,Summer 2025,Active,https://wayline.com,wayline.com,https://www.ycombinator.com/companies/wayline,AI voice for property managers,San Francisco,US,High,https://www.linkedin.com/company/wayline-ai,,Jason Okra; Eric Rowell,https://www.linkedin.com/in/okra/ ; https://www.linkedin.com/in/errowell/,https://x.com/heyokra; https://twitter.com/ericdrowell,,No,5,Yes,,,Early,Real Estate and Construction
ambral,Ambral,Summer 2025,Active,https://www.ambral.com/,ambral.com,https://www.ycombinator.com/companies/ambral,AI for account management and customer success,"New York City, NY",US,High,https://www.linkedin.com/company/ambral,https://x.com/ambral_ai,Sam Brickman; Jack Stettner,https://www.linkedin.com/in/sam-brickman-086341136/; https://www.linkedin.com/in/jackstettner/,https://x.com/Sambrickman_; https://x.com/JackStettner,,No,4,Yes,,,Early,B2B
monte,Monte,Summer 2025,Active,https://trymonte.ai,trymonte.ai,https://www.ycombinator.com/companies/monte,Continual Learning for Agents,San Francisco,US,High,https://www.linkedin.com/company/monte-ai,,Henry Bae; Alex Fleury; Jamin Liu,https://linkedin.com/in/henrybae; https://www.linkedin.com/in/victoralexfleury/; https://www.linkedin.com/in/jamin-liu-255277163,; https://x.com/alexfleury160; ,,No,3,No,,,Early,B2B
autumn,Autumn,Summer 2025,Active,https://useautumn.com,useautumn.com,https://www.ycombinator.com/companies/autumn,Billing infrastructure for AI,"London, United Kingdom",GB,High,https://www.linkedin.com/company/useautumn,https://x.com/autumnpricing,Ayush Rodrigues; John Yeo,https://www.linkedin.com/in/ayushro/; https://www.linkedin.com/in/johnyeocx,https://x.com/ay_ushr; https://x.com/johnyeo_,,No,5,Yes,,,Early,B2B
stormy,Stormy,Summer 2025,Active,https://stormy.ai,stormy.ai,https://www.ycombinator.com/companies/stormy, Stormy runs the office so your crew can run the work.,San Francisco,US,High,https://www.linkedin.com/company/105507409,https://www.x.com/stormy_hq,Robert Lukoszko; Alex Pokras,https://linkedin.com/in/karmedge; https://linkedin.com/in/pokras,https://twitter.com/karmedge/; https://twitter.com/alex_pokras,,No,5,No,0,,Early,B2B
opennote,Opennote,Summer 2025,Acquired,https://opennote.com,opennote.com,https://www.ycombinator.com/companies/opennote,The notebook that thinks with you.,San Francisco,US,High,https://linkedin.com/company/opennote,https://x.com/opennote_me,Rishi Srihari; Abhi Arya; Vedant Vyas,https://www.linkedin.com/in/rishi-srihari/; https://linkedin.com/in/abhiaarya; https://www.linkedin.com/in/vedant-vyas5/,https://x.com/rishi_srihari; https://x.com/abh1a0; https://x.com/vedantvyas,,No,3,No,0,,Early,Consumer
metis,Metis,Summer 2025,Acquired,https://withmetis.ai,withmetis.ai,https://www.ycombinator.com/companies/metis,Infrastructure to build reliable agents,San Francisco,US,High,https://www.linkedin.com/company/withmetisai,,Aryan Shah; Aayush Sheth; Marcus Yearwood,https://www.linkedin.com/in/aryan-shah1/; https://linkedin.com/in/aasheth1; https://www.linkedin.com/in/marcus-yearwood?utm_source=share&utm_campaign=share_via&utm_content=profile&utm_medium=ios_app,; ; ,,No,13,No,,,Early,B2B
nexa-labs,Nexa Labs,Summer 2025,Acquired,https://nexa.farm/,nexa.farm,https://www.ycombinator.com/companies/nexa-labs,Implantable microchips and AI for cattle monitoring,San Francisco,US,High,https://www.linkedin.com/company/nexafarm,,Zarif Azher; Kenneth Chan,https://www.linkedin.com/in/zarif-azher-260b401bb/; https://www.linkedin.com/in/kenneth-chan-340a6032a,https://x.com/ZarifAzher; https://x.com/kennychan256,,No,3,No,,,Early,Industrials
tectoai,TectoAI,Summer 2025,Inactive,https://www.tecto.ai/,tecto.ai,https://www.ycombinator.com/companies/tectoai,A Platform for AI Governance,San Francisco,US,High,https://www.linkedin.com/company/tectoai,https://x.com/tectoai,"Niosha Afsharikia, PhD; Roksana Baleshzar",https://www.linkedin.com/in/afsharikia/; https://www.linkedin.com/in/roksana-baleshzar/,https://x.com/busyceo; ,,No,2,No,,,Early,B2B
nuntius,Nuntius,Summer 2025,Inactive,https://www.nuntius.ai,nuntius.ai,https://www.ycombinator.com/companies/nuntius,Making Models Follow Rules.,San Francisco,US,High,https://www.linkedin.com/company/106397474,https://x.com/nuntiusai,,,,,No,2,No,,,Early,B2B
cohesive,Cohesive,Spring 2025,Active,https://getcohesiveai.com,getcohesiveai.com,https://www.ycombinator.com/companies/cohesive,The agentic CRM for blue-collar services,"New York City, NY",US,High,https://www.linkedin.com/company/cohesive-ai,,Kevin Zhang; Nam Nguyen,https://www.linkedin.com/in/kevindzhang/; https://www.linkedin.com/in/nam-nguyen96/,https://x.com/KevinCohesive; ,,No,2,No,,,Early,B2B
docket,Docket,Spring 2025,Active,https://docketqa.com,docketqa.com,https://www.ycombinator.com/companies/docket,AI agents for web testing,San Francisco,US,High,https://www.linkedin.com/company/docketqa/about/?viewAsMember=true,,Boris Skurikhin; Nishant Hooda,https://www.linkedin.com/in/boris-skurikhin/; https://linkedin.com/in/nishant-h,https://x.com/boriskurikhin; ,,No,2,No,,,Early,B2B
sureform,Sureform,Spring 2025,Active,https://www.sureformhq.com/,sureformhq.com,https://www.ycombinator.com/companies/sureform,Real-world data and RL environments for frontier AI,San Francisco,US,High,https://www.linkedin.com/company/sensedata-ai,https://x.com/sureform_us,Ananth Kashyap,https://www.linkedin.com/in/ananth-kashyap/,https://x.com/ananthkashyap99,,No,2,No,,,Early,B2B
foundation-industries,Foundation Industries,Spring 2025,Active,https://www.foundation-industries.com/,foundation-industries.com,https://www.ycombinator.com/companies/foundation-industries,We supply hard tech companies with critical components.,San Francisco,US,No,https://www.linkedin.com/company/foundationindustries,https://x.com/FoundationManf,Jakob Knudsen,https://www.linkedin.com/in/jakob-knudsen5/,https://x.com/jakeknudsen5,,No,5,Yes,,,Early,Industrials
godela,Godela,Spring 2025,Active,http://godela.ai,godela.ai,https://www.ycombinator.com/companies/godela,AI Physics Engine to replace simulations and prototypes,San Francisco,US,High,https://www.linkedin.com/company/godela-ai,,Cinnamon Sipper; Abhijit Pranav Pamarty,https://www.linkedin.com/in/cinnamonsipper; https://www.linkedin.com/in/abhijit-pranav-pamarty-6b2453152/,; ,,No,10,Yes,,,Early,B2B
aegis,Aegis,Spring 2025,Active,https://aegishealth.us/,aegishealth.us,https://www.ycombinator.com/companies/aegis,AI Agents to win denied health insurance claims.,San Francisco,US,High,https://www.linkedin.com/company/aegis-yc-x25/,,Krishang Todi; Aarav Bajaj; Dhanya Shah,https://www.linkedin.com/in/krishang-todi-a6525b135/?trk=opento_sprofile_details; https://www.linkedin.com/in/aarav-bajaj-408ab01b1/; https://www.linkedin.com/in/dhanya-shah-97878835b/,; ; ,,No,3,No,,,Early,Healthcare
cascade-space,Cascade Space,Spring 2025,Active,https://cascadespace.com,cascadespace.com,https://www.ycombinator.com/companies/cascade-space,Commercial alternative to the Deep Space Network,San Francisco,US,No,https://www.linkedin.com/company/cascade-space/,https://x.com/cascade_space,Jacob Portukalian; Arlen Abraham,https://www.linkedin.com/in/jacob-portukalian; https://www.linkedin.com/in/arlenabraham/,https://x.com/jportukalian; ,5900000,No,7,Yes,1,Senior Mechanical Engineer,Early,Industrials
bond,Bond,Spring 2025,Active,https://www.bondapp.io/,bondapp.io,https://www.ycombinator.com/companies/bond,Your AI Chief of Staff,San Francisco,US,High,https://www.linkedin.com/company/thebondapp,,Chloe Samaha,https://linkedin.com/in/chloesamaha/,https://x.com/bondwithchloe,,No,3,Yes,,,Early,B2B
blueshoe,Blueshoe,Spring 2025,Active,https://blueshoe.com,blueshoe.com,https://www.ycombinator.com/companies/blueshoe,The AI-Native Consumer + Plaintiff Law Firm,Boston,US,High,https://www.linkedin.com/company/blueshoelaw/,https://x.com/blueshoelaw,Casey O'Grady; Kai Yee Wan,https://www.linkedin.com/in/casey-og; https://linkedin.com/in/kywan,; https://x.com/kaiyeewan,,No,2,No,,,Early,B2B
sieveai,sieve,Spring 2025,Active,https://usesieve.com/,usesieve.com,https://www.ycombinator.com/companies/sieveai,AI + human review to solve data cleaning - accessible via API or Excel,"New York City, NY",US,High,https://www.linkedin.com/company/usesieve,https://x.com/usesieve,Nicole Lu,https://www.linkedin.com/in/lu-nicole/,,,No,2,No,,,Early,B2B
airweave,Airweave,Spring 2025,Active,https://airweave.ai,airweave.ai,https://www.ycombinator.com/companies/airweave,The open-source context retrieval layer for agents,San Francisco,US,High,https://nl.linkedin.com/company/airweave-dev,https://x.com/airweave_ai,Lennert Jansen; Rauf Akdemir,https://www.linkedin.com/in/lennertjansen; https://www.linkedin.com/in/orhan-rauf-akdemir/,https://x.com/lennertjansen; ,,No,7,Yes,5,"Founding Software Engineer, Full Stack; Founding Software Engineer, Data Infrastructure; Founding Software Engineer, Data Infrastructure; Founding Software Engineer, Full Stack; Founding Forward Deployed Engineer",Early,B2B
theorem-2,Theorem,Spring 2025,Active,https://theorem.dev,theorem.dev,https://www.ycombinator.com/companies/theorem-2,Program verification so even your systems engineers can vibecode,San Francisco,US,High,https://www.linkedin.com/company/theoremlabs,https://x.com/theoremlabs,Jason Gross; Rajashree Agrawal,https://www.linkedin.com/in/jason-gross-86b72125/; https://www.linkedin.com/in/rajashreeagrawal/,https://x.com/diagram_chaser; https://x.com/___rajashree___,,No,4,Yes,,,Early,B2B
text-ai,Text.ai,Spring 2025,Active,https://www.text.ai/,text.ai,https://www.ycombinator.com/companies/text-ai,Alfi - your group chat with social skills to bring friends closer,San Francisco,US,High,https://www.linkedin.com/company/textdotai,https://x.com/textdotai,Rushi Shah; Paras Maniar; Prahar Patel,https://www.linkedin.com/in/rushishah01/; https://www.linkedin.com/in/parasmaniar/; https://www.linkedin.com/in/prahar-patel,https://x.com/irushishah; https://x.com/parasmaniar; https://x.com/PraharPatel55,,No,4,Yes,,,Early,Consumer
starsling,StarSling,Spring 2025,Active,https://starsling.dev/,starsling.dev,https://www.ycombinator.com/companies/starsling,Self-Driving CI: fast AI-native GitHub Actions runners,San Francisco,US,High,https://www.linkedin.com/company/starslingdev,https://x.com/starslingdev,Yonas Beshawred; Daniel Worku,https://www.linkedin.com/in/yonas-beshawred/; https://www.linkedin.com/in/worku,https://x.com/yonasbe; https://x.com/dbworku,,No,3,No,0,,Early,B2B
wavedash,Wavedash,Spring 2025,Active,https://wavedash.com,wavedash.com,https://www.ycombinator.com/companies/wavedash,Play the latest games in your browser with no downloads,"Los Angeles, CA",US,High,https://www.linkedin.com/company/wavedashgg/,https://wavedash.gg/,Kyler Blue; Raymond (George) Kennedy; Matthew Portner,https://linkedin.com/in/kylerblue; https://www.linkedin.com/in/franzwarning/; https://www.linkedin.com/in/in-in-in/,https://x.com/kylerblue; https://x.com/franzwarning; https://x.com/portner,,No,3,No,,,Early,Consumer
oncactus,Cactus,Spring 2025,Active,https://oncactus.com,oncactus.com,https://www.ycombinator.com/companies/oncactus,All-In-One AI Growth Partner. Built for Trades.,San Francisco,US,High,https://www.linkedin.com/company/oncactus,https://x.com/oncactusai,Ajith Govind; Avinash Joshi,https://linkedin.com/in/ajith-govind; https://linkedin.com/in/joshi-avinash,https://x.com/itsajith747; https://x.com/avinashjoshi,7500000,No,2,No,0,,Early,B2B
vision-lab,Vision Lab,Spring 2025,Active,https://thevisionlab.ai/,thevisionlab.ai,https://www.ycombinator.com/companies/vision-lab,Industrial data layer for robotics training,San Francisco,US,Medium,https://www.linkedin.com/company/vision-lab-ai,,Tanachart (James) Kujareevanich; Zhichu Ren; Will Wenbo Zhang,https://www.linkedin.com/in/tanachartkujareevanich/; https://www.linkedin.com/in/zhichu-ren/; https://www.linkedin.com/in/wenbo-zhang6,; ; ,,No,11,No,0,,Early,Industrials
code-four,Code Four,Spring 2025,Active,https://codefour.us/,codefour.us,https://www.ycombinator.com/companies/code-four,Modernizing the police workflow.,San Francisco,US,High,https://www.linkedin.com/company/codefourus/,,George Cheng; Dylan Nguyen,https://www.linkedin.com/in/cheng-george/; https://www.linkedin.com/in/dylan-nguyenn,https://www.x.com/gcheng713; https://x.com/dynguyen0,,No,3,Yes,2,Founding Fullstack Software Engineer; Account Executive,Early,Government
lumari,Lumari,Spring 2025,Active,https://www.lumari.ai/,lumari.ai,https://www.ycombinator.com/companies/lumari,AI Digital Workers for Supply Chain ,San Francisco,US,High,https://www.linkedin.com/company/lumari-io,,Eshani Mehta; Sam Lamba,https://www.linkedin.com/in/eshanimehta/; https://www.linkedin.com/in/samarthlamba,; ,,No,5,Yes,,,Early,B2B
mlop,mlop,Spring 2025,Active,https://mlop.ai,mlop.ai,https://www.ycombinator.com/companies/mlop,Experiment tracking for training ML models,"London, United Kingdom",GB,High,https://www.linkedin.com/company/mlop,http://x.com/mlop_ai,Stephen Sun,https://www.linkedin.com/in/jqssun,,,No,2,No,,,Early,B2B
den,Den,Spring 2025,Active,https://getden.io,getden.io,https://www.ycombinator.com/companies/den,Make real life a video game,San Francisco,US,No,https://www.linkedin.com/company/deninc,https://x.com/supportingden,Linus Talacko; Justin Lee,https://www.linkedin.com/in/linustalacko; https://www.linkedin.com/in/justin1ee/,https://x.com/linus_talacko; https://x.com/Justin01805921,,No,2,No,,,Early,B2B
cotool,Cotool,Spring 2025,Active,https://cotool.ai,cotool.ai,https://www.ycombinator.com/companies/cotool,AI Agents for Security Operations Teams,San Francisco,US,High,https://www.linkedin.com/company/cotool-ai,https://x.com/cotoolai,Max Pollard; Logan Carmody; Eddie Conk,https://www.linkedin.com/in/mmpollard/; https://www.linkedin.com/in/logan-carmody/; https://www.linkedin.com/in/eddieconk,https://x.com/maxpollard415; https://x.com/endorseurgirl; https://x.com/eddieconkml,,No,4,No,0,,Early,B2B
pelica,Pelica,Spring 2025,Active,https://www.pelica.com/,pelica.com,https://www.ycombinator.com/companies/pelica,AI agents for risk-bearing healthcare organizations,San Francisco,US,High,https://www.linkedin.com/company/pelica-health,https://x.com/pelica_ai,Lalit Kundu; Catherine Zhao,https://linkedin.com/in/lalitkundu; https://www.linkedin.com/in/cat-catherine-zhao,https://x.com/lalitkundu_lk; http://x.com/cthrnzh,,No,5,No,0,,Early,Healthcare
nimbic-ai,Nimbic AI,Spring 2025,Active,https://nimbic-ai.com,nimbic-ai.com,https://www.ycombinator.com/companies/nimbic-ai,Automatically write and update internal docs with every code commit.,San Francisco,US,High,https://www.linkedin.com/company/nimbic-ai/,https://x.com/NimbicAI/,Akshath M; Ishan Khare; Ishan Mehta,; https://www.linkedin.com/in/iskhare; https://www.linkedin.com/in/ishanmehta2,; ; ,,No,3,No,,,Early,B2B
moby-analytics,Moby Analytics,Spring 2025,Active,https://www.mobyanalytics.com/,mobyanalytics.com,https://www.ycombinator.com/companies/moby-analytics,AI financial auditors,"Paris, France",FR,High,https://www.linkedin.com/in/dimitri-kassubeck-69764647/,,Dimitri Kassubeck; Thomas Rapilly,https://www.linkedin.com/in/dimitri-kassubeck-69764647/; https://www.linkedin.com/in/thomas-rapilly-00481167/,; ,,No,4,No,,,Early,B2B
rimba,Rimba,Spring 2025,Active,https://rimba.ai,rimba.ai,https://www.ycombinator.com/companies/rimba,Streamlining Data Capture to Report Creation for Heavy Industries,San Francisco,US,High,https://www.linkedin.com/company/rimba-compliance-automation/,https://x.com/Rimba_AI,Timothy Daniel,https://www.linkedin.com/in/timothydaniel09,https://x.com/tdanielh?s=11,,No,4,No,,,Early,Industrials
adentris,Adentris,Spring 2025,Active,https://www.adentris.com,adentris.com,https://www.ycombinator.com/companies/adentris,Real-time AI Compliance & Revenue Integrity for Medical Providers,San Francisco,US,High,https://www.linkedin.com/company/adentris,https://x.com/adentris_ai,Dmitry Karpov; Alex Odin; Sergey Yudovskiy,https://linkedin.com/in/dmitrykarpov; https://www.linkedin.com/in/odinalex/; https://linkedin.com/in/yudovskiy,; ; https://twitter.com/SergeyYudovskiy,4000000,Yes,5,Yes,3,"Founding Engineer, AI RCM Healthcare Platform (NestJS, Next.js); Director of Product, RCM Services, Healthcare; Clinical Product Manager, Healthcare AI",Early,Healthcare
probo,Probo,Spring 2025,Active,https://www.probo.com?utm_source=yc-bookface,probo.com?utm_source=yc-bookface,https://www.ycombinator.com/companies/probo,We help you get compliant while you focus on your business.,San Francisco,US,No,https://www.linkedin.com/company/getprobo/,https://x.com/getprobo,Antoine Bouchardy; Bryan Frimin,https://www.linkedin.com/in/antoinebouchardy/; https://www.linkedin.com/in/gearnode,; https://www.twitter.com/gearnode,,No,6,No,,,Early,B2B
mindfort,MindFort,Spring 2025,Active,https://mindfort.ai/?utm_source=ycombinator&utm_medium=referral&utm_campaign=yc,mindfort.ai,https://www.ycombinator.com/companies/mindfort,Autonomous Security Agents,"Los Angeles, CA",US,High,https://www.linkedin.com/company/106469568/,https://x.com/mindfort_ai,Brandon Veiseh; Akul Gupta,https://www.linkedin.com/in/brandon-veiseh-77762113a/; https://www.linkedin.com/in/akulguptax/,https://twitter.com/bveiseh; ,3000000,Yes,6,Yes,2,Software Engineer ; AI Researcher,Early,B2B
chrt,chrt,Spring 2025,Active,https://chrt.com,chrt.com,https://www.ycombinator.com/companies/chrt,chrt is a logistics platform for time-critical shipping,"Los Angeles, CA",US,Medium,https://www.linkedin.com/company/chrt-inc/,https://x.com/chrt_inc,Kyle Reagan; Aaron Carver,https://linkedin.com/in/kyle-reagan-surfs; https://linkedin.com/in/aaroncarver,https://x.com/based_kyle_; https://x.com/aaronmaxcarver,,No,5,No,0,,Early,B2B
lapel,Lapel,Spring 2025,Active,https://lapel.com/,lapel.com,https://www.ycombinator.com/companies/lapel,Bringing hospitality to the internet.,San Francisco,US,High,https://www.linkedin.com/company/lapel/,https://twitter.com/lapel,Nikolas Huebecker; Coleman Oates,https://linkedin.com/in/nhuebecker; https://linkedin.com/in/colemanoates,https://twitter.com/nhuebecker; https://twitter.com/colemanoates,,No,15,No,,,Early,B2B
mesmer,Mesmer,Spring 2025,Active,https://mesmer.co,mesmer.co,https://www.ycombinator.com/companies/mesmer,The operating system for the 100x Engineering Team,"Berlin, Germany",DE,High,https://www.linkedin.com/company/mesmer-co/,,João de Paula; Sergio Oliveira Bergmann; Lucas Silva,https://linkedin.com/in/joaopdepaula/; https://www.linkedin.com/in/sergio-bergmann/; https://www.linkedin.com/in/lucasbrunosilva,https://twitter.com/joaopdepaula; https://x.com/SergioOBergmann; ,,No,7,Yes,,,Early,B2B
naive,Naïve,Spring 2025,Active,https://usenaive.ai,usenaive.ai,https://www.ycombinator.com/companies/naive,Autonomous Company Infrastructure,San Francisco,US,High,https://www.linkedin.com/company/usenaive,https://x.com/usenaive,Sean Dorje; Dennis Zax,https://linkedin.com/in/seandorje; https://linkedin.com/in/dennis-zax-704165201,; ,29000000,Yes,8,Yes,5,Founding Growth Engineer; Founding Product Engineer; Founding Member of Technical Staff — RL; Founding Member of Techincal Staff - Agents; Growth Engineer Intern,Early,B2B
kairos,Kairos,Spring 2025,Active,https://www.withkairos.co/,withkairos.co,https://www.ycombinator.com/companies/kairos,Specialized AI for Critical Industries,San Francisco,US,High,https://www.linkedin.com/company/withkairos/,https://x.com/with_kairos,Shivum Pandove,https://www.linkedin.com/in/shivump1/,https://x.com/shivump101,,No,3,No,,,Early,B2B
hemut,Hemut,Spring 2025,Active,https://www.hemut.com/,hemut.com,https://www.ycombinator.com/companies/hemut,AI-powered operating system for trucking companies.,"Fresno, CA",US,High,https://www.linkedin.com/company/hemut/,,Loki Cheema,https://www.linkedin.com/in/loki-cheema/,,,No,3,Yes,,,Early,B2B
orchid-ai,Orchid,Spring 2025,Active,https://orchid.ai,orchid.ai,https://www.ycombinator.com/companies/orchid-ai,A personal EA in your iMessage,San Francisco,US,High,https://www.linkedin.com/company/mail0,https://x.com/orchid_hq,Nizar Abi Zaher; Adam Wazzan,https://www.linkedin.com/in/nizar-abi-zaher-801462272; https://www.linkedin.com/in/ajxb/,https://x.com/NizzyABI; https://x.com/cmdhaus,,No,3,No,,,Early,B2B
valuemate,ValueMate,Spring 2025,Active,https://valuemate.ai,valuemate.ai,https://www.ycombinator.com/companies/valuemate,Valuemate automates real estate appraisals with AI ,"New York City, NY",US,High,https://www.linkedin.com/company/valuemate-ai,,Anir Prativadi; Pietro Demicheli; Vivek Isukapalli,https://www.linkedin.com/in/anir-prativadi-4aa4881ba/; https://www.linkedin.com/in/pietro-demicheli/; https://linkedin.com/in/vivek-isukapalli-56597a28b,; ; ,,No,2,No,,,Early,B2B
bramante,Bramante,Spring 2025,Active,https://www.bramantebio.com,bramantebio.com,https://www.ycombinator.com/companies/bramante,Life sciences reagents and software,Boston,US,Medium,https://www.linkedin.com/company/bramante-biologics/,,Scott Stankey,https://www.linkedin.com/in/scottstankey/,,,No,2,No,,,Early,Industrials
cashew-labs,Cashew Labs,Spring 2025,Active,https://cashew-labs.com/,cashew-labs.com,https://www.ycombinator.com/companies/cashew-labs,Recursive self improving harnesses and models,San Francisco,US,High,,https://x.com/cashewlabs,Michael Kronovet; Tanishq Kancharla,https://www.linkedin.com/in/michael-kronovet/; https://www.linkedin.com/in/tanishq-k/,; https://x.com/tanishqk,,No,2,No,,,Early,B2B
scalar-field,Scalar Field,Spring 2025,Active,https://www.scalarfield.io/,scalarfield.io,https://www.ycombinator.com/companies/scalar-field,Your Agentic Trading Desk — Building the next era of agentic…,,,High,https://www.linkedin.com/company/scalarfield/,https://x.com/scalar_field_,Amandeep Singh; Ramakant Yadav,https://www.linkedin.com/in/amandeep-singh0/; https://www.linkedin.com/in/ramakant-yadav1/,; https://x.com/yoursRY,,No,3,Yes,1,"Digital Native Community, Social & Creator Growth Internship",Early,Fintech
eloquent-ai,Eloquent AI,Spring 2025,Active,https://www.eloquentai.co/,eloquentai.co,https://www.ycombinator.com/companies/eloquent-ai,The AI Operator for Financial Services,San Francisco,US,High,https://www.linkedin.com/company/eloquentai/,https://x.com/EloqAI,Tugce Bulut; Aldo Lipani,https://www.linkedin.com/in/tugcebulut/; https://www.linkedin.com/in/aldo-lipani,https://x.com/TugceBulut; https://x.com/aldolipani,7900000,Yes,5,Yes,9,"AI Engineer, Multimodal LLMs; AI Engineer, Agent; Forward Deployed Engineer; Software Engineer, Front-End; Product Designer; AI Engineer, AIOps & Infrastructure; Eloquent AI Fellowship Program; Senior Software Engineer, Full-Stack; AI Engineer, Platform",Early,B2B
morphoai,MorphoAI,Spring 2025,Active,https://morpho.ai/,morpho.ai,https://www.ycombinator.com/companies/morphoai,Software tool for designing robots and machines ,"New York City, NY",US,Medium,https://www.linkedin.com/company/morphoai/?viewAsMember=true,,Ayna Arora; Andrew Spielberg,https://www.linkedin.com/in/aynaarora/; https://www.linkedin.com/in/andrew-spielberg-82073926a/,; ,,No,7,Yes,,,Early,Industrials
vassar-robotics,Vassar Robotics,Spring 2025,Active,https://www.vassarrobotics.com,vassarrobotics.com,https://www.ycombinator.com/companies/vassar-robotics,Open-source semi-humanoid dev kit → home data → autonomy → 20h/wk,"Los Angeles, CA",US,No,,,Charles Yong,https://linkedin.com/in/charles-zhengqi-yong,,,No,3,No,,,Early,Consumer
boost-robotics,Boost Robotics,Spring 2025,Active,https://www.boostrobotics.ai,boostrobotics.ai,https://www.ycombinator.com/companies/boost-robotics,Robots for the inspection and maintenance of data centers,Boston,US,Medium,https://linkedin.com/company/boost-robotics,,Hardik Singh; Hans Kumar,https://www.linkedin.com/in/hardiksingh; https://www.linkedin.com/in/kumarhans/,; ,,No,2,No,,,Early,Industrials
sygaldry-technologies,Sygaldry Technologies,Spring 2025,Active,https://www.sygaldry.com,sygaldry.com,https://www.ycombinator.com/companies/sygaldry-technologies,quantum-accelerated AI servers,"Ann Arbor, MI",US,High,https://www.linkedin.com/company/sygaldry-technologies,https://x.com/sygaldry_tech,Chad Rigetti; Idalia Friedson,https://www.linkedin.com/in/chad-rigetti-9891562; https://www.linkedin.com/in/idaliafriedson/,https://twitter.com/ChadRigetti; ,139000000,Yes,,Yes,2,"Research Scientist - Frontier AI/ML & Quantum Algorithms; Applied AI Scientist, Technology Partnerships (Senior/Principal)",Growth,Industrials
paraquery,ParaQuery,Spring 2025,Active,https://paraquery.com,paraquery.com,https://www.ycombinator.com/companies/paraquery,Managed GPU-accelerated Spark + SQL at 2x speed and half the cost,"New York City, NY",US,No,https://www.linkedin.com/company/paraquery,http://twitter.com/paraquery_,Win Wang,https://www.linkedin.com/in/winwang,https://twitter.com/Winium,,No,1,No,,,Early,B2B
klavis-ai,Klavis AI,Spring 2025,Active,https://www.klavis.ai/,klavis.ai,https://www.ycombinator.com/companies/klavis-ai,High Quality Coding & Agentic Data for AI labs,,,High,https://www.linkedin.com/company/klavis-ai/,https://x.com/Klavis_AI,Xiangkai Zeng; Zihao Lin,https://www.linkedin.com/in/xiangkai-zeng/; https://www.linkedin.com/in/zihao-lin-14137716b/,; https://x.com/ZihaoLin685013,,No,3,Yes,,,Early,B2B
third-chair,Third Chair,Spring 2025,Active,https://usethirdchair.com,usethirdchair.com,https://www.ycombinator.com/companies/third-chair,AI-Native IP Enforcement Agent,San Francisco,US,High,https://www.linkedin.com/company/usethirdchair,https://x.com/usethirdchair,Yoav Zimmerman; Shourya Lala,https://www.linkedin.com/in/yoav-zimmerman-05653252/; https://www.linkedin.com/in/shouryalala/,https://twitter.com/yoavz_; https://twitter.com/atShourya,,No,8,Yes,,,Early,B2B
vesence,Vesence,Spring 2025,Active,https://vesence.com,vesence.com,https://www.ycombinator.com/companies/vesence,AI for High-Stakes Work,San Francisco,US,High,https://www.linkedin.com/company/vesence,,Henrik Hansson; Ludvig Swanstrom,https://www.linkedin.com/in/henrik-hansson-1571a8187/; https://www.linkedin.com/in/ludvig-swanstr%C3%B6m-73ab49114/,https://x.com/HenrikTaro; https://x.com/ludvigswanstrom,9000000,Yes,10,Yes,2,Founding BDR (Business Development Representative); Founding GTM,Early,B2B
nodi-energy,NODI Energy,Spring 2025,Active,https://www.nodienergy.com,nodienergy.com,https://www.ycombinator.com/companies/nodi-energy,Distributed energy infrastructure unlocking grid power to data centers,"London, United Kingdom",GB,No,https://www.linkedin.com/company/pwrmx,,Borong Hu,https://www.linkedin.com/in/boronghu/,,,No,2,No,,,Early,Industrials
cartpole,Cartpole,Spring 2025,Active,https://cartpole.com,cartpole.com,https://www.ycombinator.com/companies/cartpole,Building reinforcement learning environments,San Francisco,US,High,https://www.linkedin.com/company/cartpole,https://x.com/cartpoleai,Mateo Perez,https://www.linkedin.com/in/mateo-perez/,https://x.com/m_perez_,,No,2,No,,,Early,B2B
alkali,Alkali,Spring 2025,Active,https://alkali.engineering,alkali.engineering,https://www.ycombinator.com/companies/alkali,The smarter way to estimate steel.,"Houston, TX",US,High,https://www.linkedin.com/company/alkali-engineering/,,Emmett Goodman; Victor Miller,https://www.linkedin.com/in/emmett-goodman/; https://www.linkedin.com/in/victor-v-a514248b,https://x.com/EmmettDMGoodman; ,,No,2,Yes,,,Early,B2B
human-behavior,Human Behavior,Spring 2025,Active,https://www.humanbehavior.co/,humanbehavior.co,https://www.ycombinator.com/companies/human-behavior,Understand your users beyond the numbers,San Francisco,US,High,,,Amogh Chaturvedi,https://www.linkedin.com/in/amoghchaturvedi1/,https://x.com/OfficialAmogh,,No,3,No,0,,Early,B2B
qualgent,QualGent,Spring 2025,Active,https://www.qualgent.ai,qualgent.ai,https://www.ycombinator.com/companies/qualgent,AI Mobile App Quality Assurance Tester,San Francisco,US,High,https://www.linkedin.com/company/qualgent,https://x.com/Qual_Gent,Shivam Agrawal; Aaron Yu,https://www.linkedin.com/in/shivam-agrawal; https://www.linkedin.com/in/aaron-y-a12518ab/,https://x.com/ShivamHacks; https://x.com/AaronYu397421,,No,10,Yes,,,Early,B2B
prism,Prism,Spring 2025,Active,https://prisminference.com,prisminference.com,https://www.ycombinator.com/companies/prism,Abundant Intelligence for Everyone,San Francisco,US,Medium,https://www.linkedin.com/company/teamprismai,https://x.com/teamprismai,Rajit Khanna; Alex Liu,https://www.linkedin.com/in/rkhanna23/; https://www.linkedin.com/in/alexyliuswe,https://x.com/rajitwrites; https://x.com/spicy_liu,,No,2,No,,,Early,B2B
novoflow,Novoflow,Spring 2025,Active,https://www.novoflow.io/,novoflow.io,https://www.ycombinator.com/companies/novoflow,Computer-using agents for healthcare operations,San Francisco,US,High,https://www.linkedin.com/company/novoflow/,,Mathieu Rihet; Georges Casassovici,https://www.linkedin.com/in/mathieurihet/; https://www.linkedin.com/in/thegeorgesc/,; ,3100000,Yes,6,Yes,4,Founding Software Engineer; Account Executive; Founding Prompt/Context Engineer; Founding DevOps Engineer,Early,Healthcare
theta,Theta,Spring 2025,Active,https://thetasoftware.com,thetasoftware.com,https://www.ycombinator.com/companies/theta,Specialized AI for Every Job,San Francisco,US,High,https://www.linkedin.com/company/try-theta-software/,https://x.com/trytheta,Rayan Garg; Tanmay Sharma; Gurvir Singh,https://www.linkedin.com/in/rayan-garg/; https://www.linkedin.com/in/tanmayxsharma/; https://www.linkedin.com/in/gurvir-s/,https://x.com/RayanGarg; https://x.com/tsha444; https://x.com/_gurvir_,,No,7,No,,,Early,B2B
irbc,IRBC,Spring 2025,Active,https://irbc.com/,irbc.com,https://www.ycombinator.com/companies/irbc,AI-native financial institution for global businesses + agents.,"New York City, NY",US,High,https://www.linkedin.com/company/irbc,https://x.com/irbchq,Courtne Marland; Henry Kwon,https://www.linkedin.com/in/courtnemarland/; https://www.linkedin.com/in/taeksoo-kwon/,https://x.com/courtnemarland; https://x.com/henrykwon05,,No,3,No,0,,Early,Fintech
anana,Anana,Spring 2025,Active,https://getanana.com,getanana.com,https://www.ycombinator.com/companies/anana,AI Workspace for Hospitality Commercial Teams,"New York City, NY",US,High,https://www.linkedin.com/company/anana-ai/,https://x.com/useanana,Ricardo Pantaleon; Alexandros Zisimidis,https://www.linkedin.com/in/ricardo-pantaleon-9b6959135/; https://www.linkedin.com/in/alexandros-zisimidis-a95592149,; https://x.com/AZisimidis,,No,2,No,,,Early,B2B
throxy,throxy,Spring 2025,Active,https://throxy.com/,throxy.com,https://www.ycombinator.com/companies/throxy,"Vertical AI agents running B2B outbound on autopilot, with human SDRs","London, United Kingdom",GB,High,https://www.linkedin.com/company/throxy/,https://x.com/throxyai,Arnau Ayerbe Garcia; Pablo Jimenez de Parga Ramos,https://linkedin.com/in/arnau-ayerbe; https://linkedin.com/in/pjdepargar,https://x.com/arnauaye; ,,No,55,Yes,,,Early,B2B
lucis,Lucis,Spring 2025,Active,https://www.lucis.life,lucis.life,https://www.ycombinator.com/companies/lucis,Function Health for Europe ,"Paris, France",FR,High,https://www.linkedin.com/company/lucis-life/,https://x.com/lucis_life,Max Berthelot; Baptiste Debever,https://linkedin.com/in/maximeberthelot; https://linkedin.com/in/bdebever,https://x.com/Iam_maxb; https://x.com/baptistedebever,29000000,Yes,17,Yes,4,Platform engineering ; Founders associate; AI engineering; Brand & content manager,Growth,Healthcare
flott-hq,Flott HQ,Spring 2025,Active,https://www.flotthq.com,flotthq.com,https://www.ycombinator.com/companies/flott-hq,AI-native operating system for vehicle fleet management,"Paris, France",FR,High,https://www.linkedin.com/company/flott-hq,https://x.com/flott_hq,Sylvanus MAHE; Kanvaly Fadiga,https://www.linkedin.com/in/sylvanus-mahe; https://www.linkedin.com/in/kanvaly-fadiga,https://x.com/sylvanus_mahe; ,,No,2,No,,,Early,B2B
crimson,Crimson,Spring 2025,Active,https://crimson.law,crimson.law,https://www.ycombinator.com/companies/crimson,The AI Associate for Litigation Lawyers,"London, United Kingdom",GB,High,https://www.linkedin.com/company/106218761/,,Mark Feldner; David Strömbäck,https://www.linkedin.com/in/mark-feldner/; https://www.linkedin.com/in/davidstromback/,; ,2500000,No,6,No,0,,Early,B2B
casco,Casco,Spring 2025,Active,https://casco.com,casco.com,https://www.ycombinator.com/companies/casco,"Autonomous security testing for web apps, APIs, cloud, and AI systems",,,High,https://www.linkedin.com/company/getcasco,https://x.com/getcasco,Rene Brandel; Ian Saultz,https://linkedin.com/in/renebrandel; https://www.linkedin.com/in/iansaultz/,https://x.com/renebrandel; ,,No,10,Yes,,,Early,B2B
nomi,Nomi,Spring 2025,Active,https://www.nomi.so,nomi.so,https://www.ycombinator.com/companies/nomi,Realtime Sales Copilot,"Paris, France",FR,High,https://www.linkedin.com/company/nomihq/,,Swan Beaujard,https://www.linkedin.com/in/nullswan/,https://x.com/nullswan,,No,5,No,,,Early,B2B
morphik,Morphik,Spring 2025,Active,https://morphik.ai,morphik.ai,https://www.ycombinator.com/companies/morphik,AI workers for Skilled Nursing and Senior Living Operations,San Francisco,US,High,https://www.linkedin.com/company/morphik/,https://x.com/morphik_ai,Adityavardhan Agrawal; Arnav Agrawal,https://www.linkedin.com/in/adityav369/; https://www.linkedin.com/in/arnavagrawal03/,https://x.com/Adityav369; https://x.com/ArnavAgrawal03,,No,2,No,,,Early,B2B
runrl,RunRL,Spring 2025,Active,https://runrl.com,runrl.com,https://www.ycombinator.com/companies/runrl,Reinforcement learning as a service,San Francisco,US,High,https://www.linkedin.com/company/runrl/,https://twitter.com/runrl_com,Andrew Gritsevskiy,https://linkedin.com/in/agritsevskiy,https://twitter.com/dyushag,,No,2,No,,,Early,B2B
ticket-wallet,Ticket Wallet,Spring 2025,Active,https://www.ticketwallet.com,ticketwallet.com,https://www.ycombinator.com/companies/ticket-wallet,AI-optimized ticket resale,"New York City, NY",US,High,https://www.linkedin.com/company/ticket-wallet,,Truman Gelnovatch; Ryan Clare,https://www.linkedin.com/in/truman-gelnovatch-52442218a/; https://linkedin.com/in/ryan-clare-782299196,; ,,No,20,No,,,Early,B2B
kaizen,Kaizen,Spring 2025,Active,https://kaizenautomation.com,kaizenautomation.com,https://www.ycombinator.com/companies/kaizen,Automate anything on the web.,San Francisco,US,High,https://www.linkedin.com/company/kaizen-automation-inc/,https://x.com/joinkaizen,Michael Silver; Kenneth Acquah,https://www.linkedin.com/in/michael-silver-853952129/; https://www.linkedin.com/in/kenneth-acquah-45b397123/,https://x.com/michaelssilver; https://x.com/aquariusacquah,,No,6,Yes,1,Founding Deployment Strategist,Early,B2B
habit,HABIT,Spring 2025,Active,https://habit.inc,habit.inc,https://www.ycombinator.com/companies/habit,Accelerating world models.,San Francisco,US,High,https://www.linkedin.com/company/habitinc,,Michael Trehan; Harish Palani,https://www.linkedin.com/in/michaeltrehan; https://www.linkedin.com/in/harishkpalani,; ,,No,,No,,,Early,B2B
clidey,Clidey,Spring 2025,Active,https://clidey.com,clidey.com,https://www.ycombinator.com/companies/clidey,Turn scattered data into one platform for decision-making,San Francisco,US,High,https://www.linkedin.com/company/clidey,https://x.com/clideyofficial,Hemang Kandwal; Anguel Hristozov,https://linkedin.com/in/hemangkandwal; https://linkedin.com/in/ahristozov,http://x.com/hemangkandwal; https://x.com/anguel_hh,,No,5,No,,,Early,B2B
opusense-ai,Opusense AI,Spring 2025,Active,https://www.opusense.com/,opusense.com,https://www.ycombinator.com/companies/opusense-ai,AI for Field Inspection Reports,"Toronto, Canada",CA,High,https://www.linkedin.com/company/opusense,,Roya Cody; Michael Bacani,https://www.linkedin.com/in/royacody/; https://www.linkedin.com/in/michael-bacani/,; ,,No,2,Yes,,,Early,Real Estate and Construction
labric,Labric,Spring 2025,Active,https://labric.co,labric.co,https://www.ycombinator.com/companies/labric,The data layer for scientific research,San Francisco,US,High,https://www.linkedin.com/company/labric-inc,https://x.com/LabricPlatforms,Connor Hogan; Caitlin Hogan,https://www.linkedin.com/in/connor-hogan-282709195/; https://www.linkedin.com/in/caitlin-hogan-429551177,; ,,No,6,No,,,Early,B2B
photonium,Photonium,Spring 2025,Active,https://www.photoniumoptics.com/,photoniumoptics.com,https://www.ycombinator.com/companies/photonium,AI-Powered Optical Consulting & Software,"New York City, NY",US,High,https://linkedin.com/company/photonium-optics/,,Jennifer Song; Adam Mhatre,https://linkedin.com/in/jennifer-y-song; https://linkedin.com/in/adam-mhatre-5b8aaa230,; ,,No,5,Yes,,,Early,B2B
sixtyfour,Sixtyfour,Spring 2025,Active,https://www.sixtyfour.ai/,sixtyfour.ai,https://www.ycombinator.com/companies/sixtyfour,Intelligence Infrastructure on People and Entities,San Francisco,US,High,https://www.linkedin.com/company/sixtyfourai,https://x.com/sixtyfourai,Saarth Shah; Christopher Price,https://linkedin.com/in/saarthshah; https://linkedin.com/in/christopher-price-59a24b178,https://x.com/saarth_; ,,No,12,Yes,,,Early,B2B
tegore,Tegore,Spring 2025,Active,https://tegore.ai/,tegore.ai,https://www.ycombinator.com/companies/tegore,Your new AI-powered math tutor.,San Francisco,US,High,,,Ende Shen,https://www.linkedin.com/in/ende-shen/,,,No,1,No,,,Early,Education
freesolo,Freesolo,Spring 2025,Active,https://freesolo.co,freesolo.co,https://www.ycombinator.com/companies/freesolo,Product Native Models,San Francisco,US,High,https://www.linkedin.com/company/freesoloco,https://x.com/freesoloco,Eric Mao; Tom Zheng,https://www.linkedin.com/in/eric-mao/; https://www.linkedin.com/in/tomzhengy,https://x.com/ericmao; https://x.com/tomzheng,,No,4,No,,,Early,B2B
combinely,Combinely,Spring 2025,Active,https://combinely.ai,combinely.ai,https://www.ycombinator.com/companies/combinely,AI coworker for Accountants,"London, United Kingdom",GB,High,https://www.linkedin.com/company/combinely,https://x.com/Combinely,Tom Invernizzi; Arthur Granacher,https://www.linkedin.com/in/tominvernizzi/; https://www.linkedin.com/in/arthur-granacher,https://x.com/Tom_inv; https://x.com/ArthurGranacher,,No,8,No,,,Early,B2B
voiceos,VoiceOS,Spring 2025,Active,https://voiceos.com,voiceos.com,https://www.ycombinator.com/companies/voiceos,Say it and it's done. Voice is the new OS,San Francisco,US,No,https://www.linkedin.com/company/wako-ai,https://x.com/VoiceOSApp,Jonah Daian; Kai Brokering,https://www.linkedin.com/in/jonah-daian; https://linkedin.com/in/francis-brokering,https://x.com/jonah_daian; https://x.com/kai_brokering,,No,2,Yes,,,Early,Consumer
chiron,Chiron,Spring 2025,Active,https://projectchiron.org,projectchiron.org,https://www.ycombinator.com/companies/chiron,Grammarly for Math ✏️,"London, United Kingdom",GB,High,,,James Booth; Max Booth,https://linkedin.com/in/james-booth-project-chiron; https://www.linkedin.com/in/max-booth-132928302/,https://x.com/J4mesBooth; https://x.com/MaxB00th,,No,2,No,,,Early,Education
jeevy-fabrication,Jeevy Fabrication,Spring 2025,Active,https://www.jeevyfabrication.com/,jeevyfabrication.com,https://www.ycombinator.com/companies/jeevy-fabrication,AI Driven EPC - Weld Fabrication Contractor,"Cleburne, TX",US,High,https://www.linkedin.com/company/jeevy-fabrication/?viewAsMember=true,,Jeevesh Konuru; Vinay Konuru,https://www.linkedin.com/in/jeevesh-k-4aa73a139/; https://www.linkedin.com/in/vinay-k-b09034186/,; https://x.com/vinaykonuru2001,,No,3,Yes,,,Growth,B2B
trapeze,Trapeze,Spring 2025,Active,https://www.trapezehealth.com,trapezehealth.com,https://www.ycombinator.com/companies/trapeze,AI-native Zocdoc,"New York City, NY",US,High,https://www.linkedin.com/company/trapezehealth,,Betty Chang; Christopher Chen,https://www.linkedin.com/in/betchang; https://www.linkedin.com/in/chrismychen,https://www.twitter.com/thebettychang; https://twitter.com/ChrisMYChen,,No,2,No,,,Early,Healthcare
tinfoil,Tinfoil,Spring 2025,Active,https://tinfoil.sh,tinfoil.sh,https://www.ycombinator.com/companies/tinfoil,Encrypted AI with verifiable privacy,San Francisco,US,High,https://www.linkedin.com/company/Tinfoil/,https://x.com/TinfoilAI,Tanya Verma; Jules Drean; Sacha Servan-Schreiber,https://www.linkedin.com/in/tanya-verma-130a23124/; https://www.linkedin.com/in/jdrean; https://www.linkedin.com/in/sacha-servan-schreiber-308341305,; https://x.com/julesdrean; https://x.com/sachaservan,,No,5,No,,,Early,B2B
paper-instruments,Paper Instruments,Spring 2025,Active,https://www.paperinstruments.com/,paperinstruments.com,https://www.ycombinator.com/companies/paper-instruments,Open-source frontier models for knowledge work,San Francisco,US,High,https://www.linkedin.com/company/the-llm-data-company/,,Daanish Khazi; Gavin Bains; Joseph Besgen,https://www.linkedin.com/in/daanishkhazi/; https://linkedin.com/in/thegavinbains; https://www.linkedin.com/in/jpbesgen/,https://x.com/bertgodel; https://x.com/thegavinbains; ,,No,3,No,,,Early,B2B
refresh,Refresh,Spring 2025,Active,https://www.refresh.dev,refresh.dev,https://www.ycombinator.com/companies/refresh,Training gyms for computer use and software engineering work,San Francisco,US,Medium,https://www.linkedin.com/company/refreshdev,https://x.com/refresh_dev,Christopher Settles; Erik Quintanilla,https://www.linkedin.com/in/christopher-settles/; https://linkedin.com/in/erikquintanilla,https://x.com/never_settles_; https://x.com/erikqu_,,No,8,No,,,Early,B2B
parsewise,Parsewise,Spring 2025,Active,https://parsewise.ai,parsewise.ai,https://www.ycombinator.com/companies/parsewise,"Multi-document processing for your risk teams, AI agents, pipelines","London, United Kingdom",GB,High,https://www.linkedin.com/company/parsewise,https://x.com/parsewise,Max Hofer; Greg Csegzi,https://www.linkedin.com/in/mwhofer/; https://www.linkedin.com/in/gergely-csegzi-553b1aa5,; ,,No,6,Yes,,,Early,B2B
better-auth,Better Auth,Spring 2025,Active,https://better-auth.com/,better-auth.com,https://www.ycombinator.com/companies/better-auth,The authentication framework for TypeScript,San Francisco,US,No,https://www.linkedin.com/company/better-auth,https://twitter.com/better_auth,Bereket Engida,https://www.linkedin.com/in/bekacru/,https://x.com/bekacru,5000000,No,4,No,0,,Early,B2B
kestral,Kestral,Spring 2025,Active,https://kestral.ai,kestral.ai,https://www.ycombinator.com/companies/kestral,We automate your entire product development lifecycle.,San Francisco,US,High,https://www.linkedin.com/company/kestral-team/,https://x.com/KestralTeam,Brian Kim; Bernard Xie,https://www.linkedin.com/in/brian-y-kim-16b7aa63/; https://www.linkedin.com/in/xiebernard,https://x.com/BrianYKim_BYK; https://x.com/berniex_x,,No,3,No,,,Early,B2B
attune,Attune,Spring 2025,Active,https://attunehq.com,attunehq.com,https://www.ycombinator.com/companies/attune,"Faster builds, zero effort.",San Francisco,US,High,https://www.linkedin.com/company/attunehq,https://x.com/attunehq,Xin Ding,https://www.linkedin.com/in/xinding3/,https://x.com/xinding33,,No,3,Yes,,,Early,B2B
pgdog,PgDog,Spring 2025,Active,https://pgdog.dev,pgdog.dev,https://www.ycombinator.com/companies/pgdog,Scaling engine for PostgreSQL,San Francisco,US,No,https://www.linkedin.com/company/pgdog/,,Lev Kokotov,https://linkedin.com/in/levkk,,,No,3,Yes,1,Founding Software Engineer,Early,B2B
mbodi-ai,Mbodi AI,Spring 2025,Active,https://www.mbodi.ai/,mbodi.ai,https://www.ycombinator.com/companies/mbodi-ai,Industrial Robots that Learn and Operate Like Humans,"New York City, NY",US,High,https://www.linkedin.com/company/mbodiai,https://x.com/mbodiai,Sebastian Peralta; Xavier (Tianhao) Chi,https://www.linkedin.com/in/sebjperalta; https://www.linkedin.com/in/xavierchi/,https://x.com/sebjperalta; https://x.com/chitianhao,,No,6,Yes,,,Early,Industrials
units,Units,Spring 2025,Active,https://units.school,units.school,https://www.ycombinator.com/companies/units,Units builds full-stack AI education infrastructure.,San Francisco,US,High,https://linkedin.com/school/units-school/,https://x.com/TypeOS,Daniel Martinez,https://www.linkedin.com/in/danielmartinezdev,https://x.com/coderpr0grammer,,No,1,No,,,Early,Education
youlearn,YouLearn,Spring 2025,Active,https://www.youlearn.ai/,youlearn.ai,https://www.ycombinator.com/companies/youlearn,AI tutor for each student. ,San Francisco,US,High,https://www.linkedin.com/company/youlearnai,,David Yu; Achyut Krishna Byanjankar; Soami Kapadia,https://www.linkedin.com/in/david-yu-871202244/; https://linkedin.com/in/achyut-byanjankar; https://linkedin.com/in/soamikapadia,https://x.com/1davidyu1; https://x.com/achyut_benz; https://x.com/KapadiaSoami,,No,4,No,,,Early,Education
stratify,stratify,Spring 2025,Active,https://www.trystratify.com,trystratify.com,https://www.ycombinator.com/companies/stratify,AI agents that help you understand your customers' needs,San Francisco,US,High,https://www.linkedin.com/company/getstratify,,Siddhartha Javvaji; Pratham Hombal,https://www.linkedin.com/in/siddhartha-javvaji-23b81617a/; https://www.linkedin.com/in/prathamhombal/,https://x.com/sidjavvaji; https://x.com/prathamhombal,,No,2,No,,,Early,B2B
sim,Sim,Spring 2025,Active,https://sim.ai,sim.ai,https://www.ycombinator.com/companies/sim,Build autonomous AI agents for enterprise systems,San Francisco,US,High,https://www.linkedin.com/company/simstudioai,https://x.com/simdotai,Emir Karabeg; Waleed Latif,https://www.linkedin.com/in/emir-karabeg-53ab52196/; https://www.linkedin.com/in/waleedlatif,https://x.com/emkara; https://x.com/typingwala,7000000,Yes,10,Yes,5,"Founding Design Engineer; Founding Sales; Software Engineer, Agent Harness; Forward Deployed Engineer; Founding Marketing",Early,B2B
clarm,Clarm,Spring 2025,Active,https://www.clarm.com,clarm.com,https://www.ycombinator.com/companies/clarm,"Build governed AI agents on your own data, without code",Switzerland,CH,High,https://www.linkedin.com/company/clarm,https://x.com/clarm_ai,Marcus Storm-Mollard,https://www.linkedin.com/in/marcus-storm-a0514aa1/,https://x.com/marcus1storm,,No,2,No,,,Early,B2B
beluga,Beluga,Spring 2025,Active,https://www.trybeluga.ai/,trybeluga.ai,https://www.ycombinator.com/companies/beluga,Creator marketing that scales like paid ads,San Francisco,US,High,https://www.linkedin.com/company/beluga-labs-ai/,https://x.com/trybeluga,Fernando Young; Jack Swisher,https://www.linkedin.com/in/fernando-young-13b713166/; https://www.linkedin.com/in/jack-swisher-77548a165/,https://x.com/Fern_Y0ung; https://x.com/Jack__Swisher,,No,3,No,,,Early,B2B
kaelio,Kaelio,Spring 2025,Active,https://kaelio.com/,kaelio.com,https://www.ycombinator.com/companies/kaelio,The open-source context layer for data agents,,,High,https://www.linkedin.com/company/kaelio-ai,https://x.com/KaelioAI,Luca Martial; Andrey Avtomonov,https://www.linkedin.com/in/luca-martial/; https://www.linkedin.com/in/andreyavtomonov/,; ,,No,8,No,,,Early,B2B
method,Method,Spring 2025,Active,https://withmethod.ai/,withmethod.ai,https://www.ycombinator.com/companies/method,Agents that improve,"New York City, NY",US,High,https://www.linkedin.com/company/105607717,https://x.com/method_ai_hq,Ryan Prendergast,https://www.linkedin.com/in/rprendergast,https://x.com/ryan_prend,,No,1,No,,,Early,B2B
zeon-systems,Zeon Systems,Spring 2025,Active,https://www.zeonsystems.ai/,zeonsystems.ai,https://www.ycombinator.com/companies/zeon-systems,AI-powered robotics for scientific lab automation.,San Francisco,US,High,https://www.linkedin.com/company/zeon-systems/,https://x.com/zeonsystems,Brontë Kolar; Tahir D'Mello,https://www.linkedin.com/in/bronte-kolar; https://www.linkedin.com/in/tahirdme/,; https://x.com/TahirMello,,No,5,No,,,Early,Industrials
the-robot-learning-company,The Robot Learning Company,Spring 2025,Active,https://www.robot-learning.co/,robot-learning.co,https://www.ycombinator.com/companies/the-robot-learning-company,Tools for the next era of physical automation.,Germany,DE,High,https://www.linkedin.com/company/the-robot-learning-company/,https://x.com/RobotLearningCo,Jannik Grothusen,https://www.linkedin.com/in/jannik-grothusen/,https://x.com/JannikGrothusen,,No,1,No,,,Early,Industrials
helixdb,HelixDB,Spring 2025,Active,https://helix-db.com,helix-db.com,https://www.ycombinator.com/companies/helixdb,The fastest & most scalable graph-vector database on the market,"London, United Kingdom",GB,High,https://www.linkedin.com/company/helixdb/,https://x.com/helixdb,George Curtis; Xavier Cochran,https://linkedin.com/in/george-curtis-12b232a5; https://linkedin.com/in/xaviercochran,https://x.com/georgecurtiss; https://x.com/xav_db,,No,6,No,,,Early,B2B
feyn,Feyn,Spring 2025,Active,https://www.usefeyn.com,usefeyn.com,https://www.ycombinator.com/companies/feyn,Custom models trained on your data,San Francisco,US,High,https://www.linkedin.com/company/feynai,https://x.com/FeynAI,Shreyash Nigam; Bhavnick Minhas,https://www.linkedin.com/in/shreyashnigam/; https://www.linkedin.com/in/bhavnicksm/,https://x.com/shreyash_nm; https://x.com/BhavnickMinhas,,No,3,No,,,Early,B2B
almond-2,Almond,Spring 2025,Active,https://almond.bot/,almond.bot,https://www.ycombinator.com/companies/almond-2,A dual-arm robot built for physical AI.,San Francisco,US,High,https://www.linkedin.com/company/almond-inc,https://x.com/almond_robotics,Saba Khalilnaji; Shawn Patel,https://www.linkedin.com/in/saba-khalilnaji-853631241/; https://linkedin.com/in/shawnpatel,https://twitter.com/saba_khalilnaji; ,,No,6,Yes,,,Early,Industrials
claim-health,Claim Health,Spring 2025,Active,https://www.claimhealth.com,claimhealth.com,https://www.ycombinator.com/companies/claim-health,AI Revenue Platform for Post-Acute Care,"New York City, NY",US,High,https://www.linkedin.com/company/claim-health,,Kevin Calcado; Jayen Ram,https://www.linkedin.com/in/kevincalcado; https://www.linkedin.com/in/jayenram/,; ,4900000,Yes,6,Yes,7,Full Stack Engineer; Operations Associate; Deployment Specialist; Visual Design Intern; Content Marketing Intern; Prior Authorization Specialist; Clinical QA Nurse (RN),Early,Healthcare
capacitive,Capacitive,Spring 2025,Active,https://capacitive.ai/,capacitive.ai,https://www.ycombinator.com/companies/capacitive,The data gateway for agents.,San Francisco,US,High,https://www.linkedin.com/company/capacitive/,,Kevin Treehan; Rohan Radhakeesoon,https://www.linkedin.com/in/kevintreehan/; https://linkedin.com/in/rohan-radhakeesoon,; ,,No,2,No,,,Early,B2B
acolite,Acolite,Spring 2025,Active,https://acolite.ai,acolite.ai,https://www.ycombinator.com/companies/acolite,AI Native Commercial Insurance Broker,"New York City, NY",US,High,https://www.linkedin.com/company/acoliteai/,,Daniel Siryakov,https://www.linkedin.com/in/daniel-siryakov-cfa-07071255/,https://x.com/danielzohan1,,No,3,No,,,Early,Fintech
ralo,Ralo,Spring 2025,Active,https://www.ralo.com/,ralo.com,https://www.ycombinator.com/companies/ralo,AI-Native Mortgage Broker,"New York City, NY",US,High,https://www.linkedin.com/company/ralohq/,,Arjun Lalwani; Helly Shah,https://www.linkedin.com/in/arjun-lalwani; https://www.linkedin.com/in/hellyshah,; ,3400000,Yes,2,Yes,1,Loan Officer Engineer,Early,Fintech
auctor,Auctor,Spring 2025,Active,https://getauctor.com,getauctor.com,https://www.ycombinator.com/companies/auctor,The agentic operating system for modern system integrators.,"New York City, NY",US,High,https://www.linkedin.com/company/getauctor,https://x.com/auctor_ai,William Sun; Matthew Blackburn; Anthony Sky Ng-Thow-Hing,https://www.linkedin.com/in/weihongsun/; https://linkedin.com/in/matthewblackburn0; https://www.linkedin.com/in/anthony-sky-ng-thow-hing-9b1352193/,; https://x.com/mtthewblckburn; ,20000000,Yes,30,Yes,5,"Software Engineer; Software Engineering Intern; Deployment Strategist; Forward Deployed Engineer; Senior Software Engineer, Backend",Early,B2B
neoncoral,neoncoral,Spring 2025,Active,http://neoncoral.inc,neoncoral.inc,https://www.ycombinator.com/companies/neoncoral,,San Francisco,US,High,,,Thomas Liao,https://www.linkedin.com/in/thomasliao/,https://twitter.com/distributionat,,No,1,No,,,Early,Consumer
synthio-labs,Synthio Labs,Spring 2025,Active,https://synthiolabs.com/,synthiolabs.com,https://www.ycombinator.com/companies/synthio-labs,Agentic AI platform for Pharma GTM teams,San Francisco,US,High,https://www.linkedin.com/company/synthiolabs/,https://x.com/SynthioLabs,Supreet Deshpande; Sahitya Sridhar; Rajashekar Vasantha,https://www.linkedin.com/in/supreetdeshpande/; https://www.linkedin.com/in/sahitya-sridhar/; https://www.linkedin.com/in/rajashekar-v,https://x.com/iamsupreetd; https://x.com/sahitya0808; https://x.com/RajashekarV95,5500000,Yes,29,Yes,6,Software Engineer - AI; Forward Deployed Engineer - Product; Forward Deployed Engineer - Tech; GTM / Growth Lead; Other; Head of Business Development & Partnerships,Early,Healthcare
cua,Cua,Spring 2025,Active,https://cua.ai,cua.ai,https://www.ycombinator.com/companies/cua,Give every agent a cloud desktop,San Francisco,US,High,https://www.linkedin.com/company/cua-ai,https://x.com/trycua,Francesco Bonacci,https://linkedin.com/in/francesco-bonacci-70428a121,https://x.com/francedot,,No,3,Yes,,,Early,B2B
minerva,Minerva,Spring 2025,Active,https://joinminerva.ai,joinminerva.ai,https://www.ycombinator.com/companies/minerva,AI native financial institution,San Francisco,US,High,https://www.linkedin.com/company/minervaintelligence,https://x.com/minerva_yc,weijia huang; Om Agarwal,https://www.linkedin.com/in/xavierhuang1234; https://www.linkedin.com/in/om-agarwal/,; ,,No,5,No,,,Early,B2B
groundcontrol,GroundControl,Spring 2025,Active,https://rungroundcontrol.com/,rungroundcontrol.com,https://www.ycombinator.com/companies/groundcontrol,Vertical AI for highly-regulated manufacturing,San Francisco,US,High,https://www.linkedin.com/company/groundcontrol-software/,,Mehul Shah; Matthew Noseworthy; Nick Warren,https://www.linkedin.com/in/mehulmshah22; https://www.linkedin.com/in/matthew-noseworthy-218167106/; https://www.linkedin.com/in/nickcw/,; ; ,3000000,Yes,8,Yes,1,Account Executive,Early,Industrials
avallon-ai,Avallon AI,Spring 2025,Active,https://www.avallon.ai/,avallon.ai,https://www.ycombinator.com/companies/avallon-ai,AI agents for insurance claims operations,"New York City, NY",US,High,https://linkedin.com/company/avallon,https://x.com/AvallonAI,Cornelius Schramm; Bryan Guin,https://www.linkedin.com/in/cornelius-schramm-450759150/; https://www.linkedin.com/in/bryan-guin/,https://x.com/cornelius_schra; https://x.com/bryanguin,5100000,Yes,7,Yes,3,Founding Software Engineer; Forward Deployed Engineer; Founding Account Executive,Early,Fintech
bloom-4,Bloom,Spring 2025,Active,https://bloom.diy/,bloom.diy,https://www.ycombinator.com/companies/bloom-4,Build and share mobile apps in seconds,,,No,https://www.linkedin.com/company/bloomlabs-inc/,https://x.com/CreateWithBloom,David Oort Alonso; Sirian Maathuis,https://linkedin.com/in/david-oort-alonso; https://linkedin.com/in/sirian-maathuis,https://x.com/itsdavidalonso; https://x.com/sirian_m,3400000,No,2,Yes,4,Founding Engineer; Founding Creator / Head of Production; AI Engineering Student Internship (Winter or Summer 2026); Founding Growth Engineer,Early,B2B
cubic,cubic,Spring 2025,Active,https://cubic.dev/,cubic.dev,https://www.ycombinator.com/companies/cubic,AI-powered code review platform,"London, United Kingdom",GB,High,https://www.linkedin.com/company/cubic-dev/,https://x.com/cubic_dev_,Paul Sanglé-Ferrière,https://linkedin.com/in/paulsf,https://x.com/NeuralPaul,,No,6,Yes,,,Early,B2B
golf,Golf,Spring 2025,Active,https://golf.dev/,golf.dev,https://www.ycombinator.com/companies/golf,Agentic AI Security and Governance,San Francisco,US,High,https://www.linkedin.com/company/106327716,,Wojciech Błaszak; Antoni Gmitruk,https://www.linkedin.com/in/wojciech-błaszak11/; https://linkedin.com/in/antoni-gmitruk-80a268211,; ,,No,1,No,,,Early,B2B
bitboard,BitBoard,Spring 2025,Active,https://bitboard.work,bitboard.work,https://www.ycombinator.com/companies/bitboard,Let your agent build dashboards and reporting.,San Francisco,US,High,https://www.linkedin.com/company/bitboardhq,https://x.com/bitboardhq,Connor Jones; Ambar Choudhury,https://www.linkedin.com/in/connorandrewjones/; https://linkedin.com/in/ambar-choudhury-92681038,; https://x.com/ambarc,,No,2,No,,,Early,B2B
nao-labs,nao Labs,Spring 2025,Active,https://getnao.io/,getnao.io,https://www.ycombinator.com/companies/nao-labs,Open Source Analytics Agent,"Paris, France",FR,High,https://www.linkedin.com/company/getnao/,,Claire Gouze; Christophe Blefari,https://www.linkedin.com/in/claire-gouze/; https://www.linkedin.com/in/christopheblefari/,; ,,No,2,Yes,,,Early,B2B
vybe,Vybe,Spring 2025,Active,https://www.vybe.build,vybe.build,https://www.ycombinator.com/companies/vybe,Secure internal apps. Built by AI in seconds. Powered by your data.,San Francisco,US,High,https://www.linkedin.com/company/107383717/,https://x.com/vybe_build,Quang Hoang; Fabien Devos,https://www.linkedin.com/pub/quang-hoang/37/abb/2b1; https://www.linkedin.com/in/fabiendevos,https://x.com/qhoang09; https://twitter.com/Fabien_Devos,10000000,No,8,No,0,,Early,B2B
aravolta,Aravolta,Spring 2025,Active,https://www.aravolta.com/,aravolta.com,https://www.ycombinator.com/companies/aravolta,"Software to monitor, control, and optimize data centers.",San Francisco,US,No,https://www.linkedin.com/company/centralaxis,https://x.com/CentralAxis_X25,Margarita Groisman; Jack Sutton,https://www.linkedin.com/in/margarita-groisman/; https://www.linkedin.com/in/sutton-jack,https://x.com/Marg_Groisman; https://x.com/JackSutton_SF,,No,4,Yes,,,Early,B2B
kashikoi,Kashikoi,Spring 2025,Active,https://www.getkashikoi.com,getkashikoi.com,https://www.ycombinator.com/companies/kashikoi,Simulation Engine for Benchmarking AI Products,San Francisco,US,High,https://www.linkedin.com/company/kashikoi/,,Aaksha Meghawat,https://www.linkedin.com/in/aaksham/,https://x.com/aaksham,,No,2,No,,,Early,B2B
plexe,Plexe,Spring 2025,Active,https://plexe.ai,plexe.ai,https://www.ycombinator.com/companies/plexe,Open-source agents to build predictive ML models from a prompt,"London, United Kingdom",GB,High,https://www.linkedin.com/company/plexe-ai/,https://x.com/PlexeAI,Vaibhav Dubey,,https://x.com/VaibhavMDubey,2600000,Yes,2,Yes,1,Forward Deployed Engineer,Early,B2B
frekil,Frekil,Spring 2025,Active,https://www.frekil.com,frekil.com,https://www.ycombinator.com/companies/frekil,RWE Generation in minutes,San Francisco,US,High,https://www.linkedin.com/company/frekil,https://x.com/frekil_ai,Nikhil Tiwari; Shivesh Gupta,https://www.linkedin.com/in/nikhiltiwari-iitb/; https://www.linkedin.com/in/shivesh-gupta-iitb/,; ,,No,2,No,,,Early,Healthcare
chestnut,Chestnut,Spring 2025,Active,https://chestnutmortgage.com/,chestnutmortgage.com,https://www.ycombinator.com/companies/chestnut,The first AI mortgage lender,San Francisco,US,High,https://www.linkedin.com/company/chestnutmortgage,,Spencer Brown,https://linkedin.com/in/spencercbrown,https://x.com/spencerbrownx,,No,2,Yes,,,Early,Fintech
qfex,QFEX,Spring 2025,Active,https://qfex.com,qfex.com,https://www.ycombinator.com/companies/qfex,24/7 Global Stock Exchange,"London, United Kingdom",GB,No,https://www.linkedin.com/company/qfex,https://x.com/qfex,Annanay Kapila; Joshua Wharton,https://www.linkedin.com/in/annanay-kapila/; https://www.linkedin.com/in/joshua-wharton/,https://x.com/annanay; https://x.com/joshuawharton,9500000,No,14,Yes,2,Research Engineer; Backend Engineer,Early,Fintech
atlog,Atlog,Spring 2025,Active,https://atlog.ai,atlog.ai,https://www.ycombinator.com/companies/atlog,Outbound voice and text AI without a prompt,"New York City, NY",US,High,https://www.linkedin.com/company/atlog-ai/,,Vraj Parikh; John Bettinger,https://www.linkedin.com/in/vrajdirajlal/; https://www.linkedin.com/in/john-bettinger,; ,,No,2,Yes,,,Early,B2B
waffle,Waffle,Spring 2025,Active,https://www.waffle.ai,waffle.ai,https://www.ycombinator.com/companies/waffle,AI generated podcasts,"London, United Kingdom",GB,High,,,Manuj Mishra; Diogo Valdivieso,https://linkedin.com/in/manuj-mishra; https://www.linkedin.com/in/diogo-vddc/,https://x.com/mxshra; ,,No,2,No,,,Early,Consumer
partcl,Partcl,Spring 2025,Active,https://partcl.com/,partcl.com,https://www.ycombinator.com/companies/partcl,Design a chip in minutes,San Francisco,US,High,https://www.linkedin.com/company/partcl,,William Salcedo; Vamshi Balanaga,https://www.linkedin.com/in/william-salcedo/; https://www.linkedin.com/in/vamshibalanaga,https://x.com/Willschips; ,,No,,Yes,,,Early,B2B
aviro,Aviro,Spring 2025,Active,https://www.aviro.ai/,aviro.ai,https://www.ycombinator.com/companies/aviro,Environments for Long Horizon Work,San Francisco,US,High,https://www.linkedin.com/company/aviro-ai/,https://x.com/aviro_ai,Aarush Kukreja; Ayush Karupakula,https://www.linkedin.com/in/aarush-kukreja/; https://www.linkedin.com/in/ayush-karupakula,https://twitter.com/aarush_kukreja; https://x.com/ayushkarupakula,,No,2,No,,,Early,B2B
willow,Willow,Spring 2025,Active,https://willowvoice.com/,willowvoice.com,https://www.ycombinator.com/companies/willow,The voice interface replacing your keyboard,San Francisco,US,High,https://www.linkedin.com/company/willowvoice/,https://x.com/WillowVoiceAI,Allan Guo,,,5000000,Yes,7,Yes,4,Founding Growth & Content Lead; Founding Account Executive; Product Designer; ML Engineer ,Early,Consumer
atum-works,Atum Works,Spring 2025,Active,https://atum.works/,atum.works,https://www.ycombinator.com/companies/atum-works,Gigascale Nanomanufacturing,San Francisco,US,No,https://linkedin.com/company/atum-works,https://twitter.com/atumworks,Lucas Pabarcius; Matteo Kimura; Malcolm Tisdale,www.linkedin.com/in/lucas-pabarcius-ba3595167; https://www.linkedin.com/in/matteo-kimura-90879318b/; https://www.linkedin.com/in/malcolm-tisdale,; ; ,,No,3,No,,,Early,Industrials
leeroo,Leeroo,Spring 2025,Active,https://www.leeroo.com/,leeroo.com,https://www.ycombinator.com/companies/leeroo,Organizational Superintelligence,"London, United Kingdom",GB,High,https://www.linkedin.com/company/leeroo,https://x.com/LeerooAI,Majid Yazdani; Alireza Mohammadshahi,https://linkedin.com/in/majid-yazdani-a9032011; https://www.linkedin.com/in/alireza-mohammadshahi/,; https://twitter.com/alireza_mshi,,No,3,Yes,,,Early,B2B
bitpatrol,BitPatrol,Spring 2025,Acquired,https://www.bitpatrol.io/,bitpatrol.io,https://www.ycombinator.com/companies/bitpatrol,AI-powered code security,"New York City, NY",US,High,https://www.linkedin.com/company/bitpatrol/,,Christopher Lambert,https://www.linkedin.com/in/~chris/,https://x.com/theriley106,,No,1,No,,,Early,B2B
propolis,Propolis,Spring 2025,Acquired,https://propolis.tech/,propolis.tech,https://www.ycombinator.com/companies/propolis,Hands off QA via intelligent browser agents. ,"New York City, NY",US,High,https://www.linkedin.com/company/propolis-ai,,Marc Papazian; Matt White,https://linkedin.com/in/marc-papazian; https://www.linkedin.com/in/matt-white-4750397b/,; ,,No,2,No,,,Early,B2B
kirana-ai,Kirana AI,Spring 2025,Acquired,https://www.kirana-ai.com,kirana-ai.com,https://www.ycombinator.com/companies/kirana-ai,AI manager for physical stores,"New York City, NY",US,High,,,Nicholas Sleeper; Prateek Pinisetti,https://www.linkedin.com/in/nicholas-sleeper-209641179/; https://www.linkedin.com/in/prateek-pinisetti-606287171/,; ,,No,2,No,,,Early,B2B
galen-ai,Galen AI,Spring 2025,Acquired,https://www.galenai.com/,galenai.com,https://www.ycombinator.com/companies/galen-ai,"Personal AI healthcare agent, powered by clinical and wearable data.",San Francisco,US,High,https://www.linkedin.com/company/galen-ai-inc/about/,,Viraj Mehta; Priyanka Shrestha,https://www.linkedin.com/in/virajmehta28/; https://www.linkedin.com/in/priyanka-shrestha-/,; ,,No,2,No,,,Early,Healthcare
blaxel,Blaxel,Spring 2025,Acquired,https://blaxel.ai,blaxel.ai,https://www.ycombinator.com/companies/blaxel,The infrastructure for autonomous agents,San Francisco,US,High,https://www.linkedin.com/company/blaxel-ai,https://x.com/blaxelAI,Paul Sinaï; Charles Drappier; Mathis Joffre; Nicolas Lecomte; Christophe Ploujoux,https://www.linkedin.com/in/paul-sinai; https://www.linkedin.com/in/charles-drappier-48017962/; https://www.linkedin.com/in/mathis-joffre-30992712a/; https://www.linkedin.com/in/nicolas-lecomte-080317153/?locale=en_US; https://www.linkedin.com/in/christophe-ploujoux/,; ; ; https://x.com/NicolasLec91112; ,7800000,No,12,No,0,,Early,B2B
caucus,Caucus,Spring 2025,Inactive,https://www.usecaucus.com/,usecaucus.com,https://www.ycombinator.com/companies/caucus,AI CRM for Government,,,High,https://www.linkedin.com/company/caucusgov,https://x.com/trycaucus,Amir Farahani; Tyler Chen,https://www.linkedin.com/in/amir-farahani-21745b216; https://www.linkedin.com/in/tyler-chen-43570b241/,https://x.com/TheAmirFarahani; https://x.com/tyzchen,,No,3,No,,,Early,Government
percival,Percival,Spring 2025,Inactive,https://percy.tech,percy.tech,https://www.ycombinator.com/companies/percival,Accelerating data analysis for research,San Francisco,US,High,https://www.linkedin.com/company/percivaltech,,Kevin Bi; David Zhu,https://www.linkedin.com/in/kevin-bi-006426148/; https://www.linkedin.com/in/davidzhu10/,; ,,No,3,No,,,Early,B2B
kanava-ai,Kanava AI,Spring 2025,Inactive,https://kanava.ai/,kanava.ai,https://www.ycombinator.com/companies/kanava-ai,Your First AI Sales Hire for Wholesale Distributors,San Francisco,US,High,,,Smit Dagli; Vikhyath Mondreti,https://www.linkedin.com/in/smitdagli/; https://www.linkedin.com/in/vikhyath-m-a00357128/,; ,,No,2,No,,,Early,B2B
red-barn-robotics,Red Barn Robotics,Winter 2025,Active,https://www.redbarnrobotics.com,redbarnrobotics.com,https://www.ycombinator.com/companies/red-barn-robotics,A Roomba for weeds on a farm. ,"Seattle, WA",US,Medium,https://www.linkedin.com/company/red-barn-robotics,,Adam Iseman; Ilya Kelner; Alex Neff,https://linkedin.com/in/adamiseman; https://www.linkedin.com/in/ilyakelner/; https://www.linkedin.com/in/alex-neff-2245732b/,; ; ,,No,5,No,,,Early,Industrials
mentra,Mentra,Winter 2025,Active,https://mentra.glass,mentra.glass,https://www.ycombinator.com/companies/mentra,Building the open source smart glasses operating system.,San Francisco,US,Medium,https://www.linkedin.com/company/mentra-labs,https://x.com/MentraLabs,Cayden Pierce; Alexander Israelov,https://www.linkedin.com/in/cayden-pierce/; https://linkedin.com/in/alexanderisraelov,https://x.com/caydengineer; https://x.com/a_israelov,,No,12,Yes,1,Business Operations and Finance Lead,Early,Consumer
blindpay,BlindPay,Winter 2025,Active,https://blindpay.com/,blindpay.com,https://www.ycombinator.com/companies/blindpay,Stablecoin API for global payments,San Francisco,US,No,https://www.linkedin.com/company/blindpay,https://x.com/blindpay,Bernardo Simonassi; Joao Borges; Gustavo Marinho,https://linkedin.com/in/bernardosm; https://www.linkedin.com/in/joaoborgesjr/; https://www.linkedin.com/in/gustavomarinho/,https://x.com/bebedaselva; https://x.com/joaocsb; ,3800000,No,9,No,0,,Early,Fintech
vantel,Vantel,Winter 2025,Active,https://vantel.com/,vantel.com,https://www.ycombinator.com/companies/vantel,AI Platform for Commercial Insurance Brokerages,"Stockholm, Sweden",SE,High,https://linkedin.com/company/vantelinc/,https://x.com/Vantel_AI,Love Redin; Ulme Wennberg,https://www.linkedin.com/in/love-redin/; https://www.linkedin.com/in/ulme-wennberg/,https://x.com/redinvantel; https://x.com/UlmeW,,No,5,No,,,Early,Fintech
fira,Fira,Winter 2025,Active,https://firaresearch.com/,firaresearch.com,https://www.ycombinator.com/companies/fira,Financial research platform for investment firms,"London, United Kingdom",GB,No,https://www.linkedin.com/company/fira-ai/,,Alex Tkachenko,https://linkedin.com/in/alextcn,https://twitter.com/jackqack,,No,4,No,,,Early,B2B
assistant-ui,assistant-ui,Winter 2025,Active,https://assistant-ui.com,assistant-ui.com,https://www.ycombinator.com/companies/assistant-ui,Open Source React.js Library for AI Chat,San Francisco,US,High,https://linkedin.com/company/assistant-ui,https://x.com/assistantui,Simon Farshid,https://linkedin.com/in/simon-farshid,https://twitter.com/simonfarshid,,No,3,No,,,Early,B2B
artifact-2,Artifact,Winter 2025,Active,https://www.artifact.engineer/,artifact.engineer,https://www.ycombinator.com/companies/artifact-2,"An Collaborative, AI-native IDE for Hardware Engineers","Los Angeles, CA",US,High,https://www.linkedin.com/company/artifact-engineer,https://x.com/ArtifactEngr,Antony Samuel; Corbin Klett,https://www.linkedin.com/in/antony-samuel/; https://www.linkedin.com/in/corbinklett,https://x.com/antonysam2000; https://x.com/corbinklett,,No,4,Yes,5,Forward-Deployed Software Engineer; Senior Software Engineer; Software Engineer; Electrical Systems Engineer; Avionics Engineer,Early,B2B
axal,Axal,Winter 2025,Active,https://www.axal.ai/,axal.ai,https://www.ycombinator.com/companies/axal,"We design, assemble, and test custom PCBs fast.",San Francisco,US,Medium,https://www.linkedin.com/company/axalai/?viewAsMember=true,,Samai Patel; Nand Vinchhi,https://www.linkedin.com/in/samaipatel; https://www.linkedin.com/in/nandvinchhi,; ,,No,3,No,,,Early,Industrials
thirdlayer,Thirdlayer,Winter 2025,Active,https://thirdlayer.inc,thirdlayer.inc,https://www.ycombinator.com/companies/thirdlayer,Continual learning for enterprise AI,San Francisco,US,High,https://www.linkedin.com/company/thirdlayerinc/,https://x.com/dexbythirdlayer,Regina Lin; Kevin Gu,https://linkedin.com/in/reginaclin; https://linkedin.com/in/kevinrgu,; ,,No,2,Yes,,,Early,B2B
trainloop,TrainLoop,Winter 2025,Active,http://trainloop.ai,trainloop.ai,https://www.ycombinator.com/companies/trainloop,Reasoning Fine-Tuning,San Francisco,US,High,https://www.linkedin.com/company/trainloopai/,https://x.com/TrainLoop_ai,Jackson Stokes; Mason Pierce,https://www.linkedin.com/in/jacksonstokes/; https://www.linkedin.com/in/malapier,; https://x.com/mlpierce22,,No,6,No,,,Early,B2B
sammy-labs,SAMMY Labs,Winter 2025,Active,https://www.sammylabs.com,sammylabs.com,https://www.ycombinator.com/companies/sammy-labs,Computational Law,"London, United Kingdom",GB,No,https://www.linkedin.com/company/sammylabs,,Joe Savidge; Shav Vimalendiran,https://www.linkedin.com/in/josephsavidge; https://www.linkedin.com/in/shavvimalendiran/,; https://x.com/Shavtge,,No,10,Yes,,,Early,B2B
instinct-space,Instinct Space,Winter 2025,Active,https://www.instinct-space.com/,instinct-space.com,https://www.ycombinator.com/companies/instinct-space,Building lunar landers,"London, United Kingdom",GB,No,https://www.linkedin.com/company/instinct-space/,https://x.com/Instinct__Space,Alex Pinel Neparidze; Joaquim Dickson; Ashwin Iyer,https://www.linkedin.com/in/alex-pinel/; https://www.linkedin.com/in/joaquim-ropd/; https://www.linkedin.com/in/ashwin-iyer-626263245/,https://x.com/Alex__Pinel; ; ,,No,5,No,,,Early,Industrials
mercura,Mercura,Winter 2025,Active,https://www.mercura.ai,mercura.ai,https://www.ycombinator.com/companies/mercura,AI Quote and Order Automation for Distributors & Manufacturers,Germany,DE,High,https://www.linkedin.com/company/mercura-ai/,,Lukas Bock; Stefan Zheng; Sean Sdahl,https://www.linkedin.com/in/lukas-bock-7636a0131; https://www.linkedin.com/in/stefan-zheng/; https://www.linkedin.com/in/sean-sdahl/,; ; https://x.com/SeanSdahl,2600000,Yes,20,Yes,11,Customer Support Engineer; Solution Engineer; (Senior) Fullstack Engineer; (Senior) AI/LLM Engineer; Founding People & Talent Lead; Founders Associate (Growth); Business Development Representative (BDR); Account Executive; (Senior) Customer Success Manager; Forward Deployed Engineer (FDE); Staff Engineer,Early,B2B
codevisor,Codevisor,Winter 2025,Active,https://www.codevisor.dev,codevisor.dev,https://www.ycombinator.com/companies/codevisor,The fastest native app for agentic engineering.,San Francisco,US,High,https://www.linkedin.com/company/851-inc,https://x.com/codevisor,Alexandru Turcanu; Dylan Player,https://linkedin.com/in/pondorasti; https://linkedin.com/in/dylan-player,https://x.com/pondorasti; https://x.com/dylanplayer,,No,2,No,,,Early,B2B
cedar,Cedar,Winter 2025,Active,https://mail.cedarcopilot.com/,mail.cedarcopilot.com,https://www.ycombinator.com/companies/cedar,Execute the best sales playbook in industry,San Francisco,US,No,https://www.linkedin.com/company/cedarcopilot,,Jesse Li; Isabelle Ilyia,https://linkedin.com/in/jesseli751; https://linkedin.com/in/isabelle-i ,https://x.com/fish_in_a_pool; https://x.com/isabelleilyia,,No,2,No,0,,Early,B2B
browser-use,Browser Use,Winter 2025,Active,https://browser-use.com,browser-use.com,https://www.ycombinator.com/companies/browser-use,Agents that use the browser.,San Francisco,US,High,https://www.linkedin.com/company/browser-use,https://x.com/browser_use,Magnus Müller; Gregor Zunic,https://www.linkedin.com/in/magnus-mueller  ; https://linkedin.com/in/gregorzunic,https://x.com/mamagnus00; https://x.com/gregpr07,17000000,Yes,7,Yes,5,Summer Software Engineering Intern (now and Summer 2026); Software Engineer; Infra god; Founding Forward-Deployed Engineer; Founding Engineer (ex-YC founders only),Early,B2B
tamlabs,TamLabs,Winter 2025,Active,https://tamlabs.ai,tamlabs.ai,https://www.ycombinator.com/companies/tamlabs,Agent teams for complex work,San Francisco,US,High,https://www.linkedin.com/company/tamlabs,,Joshua Doolan; Ben Doolan,https://www.linkedin.com/in/joshua-doolan; https://www.linkedin.com/in/ben-doolan-66aa64204/,; ,,No,2,No,,,Early,B2B
ergo,Ergo,Winter 2025,Active,https://joinergo.com,joinergo.com,https://www.ycombinator.com/companies/ergo,AI agents and unified data layer for revenue teams,San Francisco,US,High,https://www.linkedin.com/company/ergoai/,https://x.com/yashdulla,Yash Dulla; Ishan Sheth,https://www.linkedin.com/in/yash-dulla/; https://www.linkedin.com/in/isheth/,https://x.com/yashdulla; https://x.com/ishansheth_,,No,,Yes,,,Early,B2B
copycat-ai,CopyCat AI,Winter 2025,Active,https://runcopycat.com,runcopycat.com,https://www.ycombinator.com/companies/copycat-ai,AI for Commercial Insurance Agencies,"Seattle, WA",US,High,https://www.linkedin.com/company/copycat-ai/,,Graham Sabin; Abhi Balijepalli,https://www.linkedin.com/in/grahamsabin/; https://www.linkedin.com/in/a8hi/,https://x.com/GrahamSabin; https://x.com/a8hi_b,,No,2,Yes,,,Early,Fintech
paratus-health,Paratus Health,Winter 2025,Active,https://paratushealth.com/,paratushealth.com,https://www.ycombinator.com/companies/paratus-health,healthcare AI,"New York City, NY",US,High,https://www.linkedin.com/company/paratus-health/,,Pablo Bermudez-Canete; Tannen Hall,https://www.linkedin.com/in/pablobermudezcanete?utm_source=share&utm_campaign=share_via&utm_content=profile&utm_medium=ios_app; https://www.linkedin.com/in/tannen-hall/,; ,,No,2,No,,,Early,Healthcare
butter,Butter,Winter 2025,Active,https://butter.dev,butter.dev,https://www.ycombinator.com/companies/butter,Embedded Sandboxes for Agents,San Francisco,US,High,https://www.linkedin.com/company/butter-dot-dev,https://x.com/butterdev_,Erik Dunteman,https://www.linkedin.com/in/edunteman/,https://x.com/erikdunteman,,No,2,No,,,Early,B2B
bluebook,Bluebook,Winter 2025,Active,https://getbluebook.com,getbluebook.com,https://www.ycombinator.com/companies/bluebook,AI for accounting,"Stockholm, Sweden",SE,High,https://www.linkedin.com/company/bluebook-accounting,https://x.com/bluebookhq,Philip Andersson; Filip Stål,https://linkedin.com/in/phiandersson; https://www.linkedin.com/in/filip-st%C3%A5l-464849229/,https://x.com/phiandersson; https://x.com/stal_filip,3000000,No,4,No,0,,Early,B2B
dalus,Dalus,Winter 2025,Active,https://dalus.io,dalus.io,https://www.ycombinator.com/companies/dalus,AI-Powered Hardware System Design Software,San Francisco,US,High,https://www.linkedin.com/company/dalus-tech/,https://x.com/Dalus_io,Sebastian Völkl; Eliot Khachi,https://www.linkedin.com/in/sebastian-voelkl/; https://www.linkedin.com/in/eliot-khachi-426424159/,https://twitter.com/basti_vkl; ,,No,3,Yes,,,Early,B2B
roark,Roark,Winter 2025,Active,https://roark.ai,roark.ai,https://www.ycombinator.com/companies/roark,"Test, monitor, and improve your voice agents",San Francisco,US,High,https://www.linkedin.com/company/106073945,https://x.com/roarkanalytics,James Zammit; Daniel Gauci,https://linkedin.com/in/zammitjames; https://www.linkedin.com/in/gaucidaniel/,https://x.com/zammitjames; ,,No,3,No,,,Early,B2B
rebolt,Rebolt,Winter 2025,Active,https://rebolt.ai,rebolt.ai,https://www.ycombinator.com/companies/rebolt,AI-Powered Company OS,San Francisco,US,High,https://www.linkedin.com/company/reboltai/,https://x.com/rebolthq,Celia Manzano; Javier Sanchez,https://www.linkedin.com/in/celiamanz; ,https://x.com/celsmanz; https://x.com/jvrsanch,,No,3,Yes,,,Early,B2B
spott,Spott,Winter 2025,Active,https://spott.io,spott.io,https://www.ycombinator.com/companies/spott,AI-native ATS/CRM for recruiting firms,"Leuven, Belgium",BE,High,https://www.linkedin.com/company/spottai,,Lander Degreve; Manu Vanderveeren; Samuel Smeys,https://www.linkedin.com/in/lander-degr%C3%A8ve/; https://www.linkedin.com/in/manuvanderveeren/; https://www.linkedin.com/in/samuelsmeys/,; ; ,24700000,Yes,50,Yes,2,BDR; Customer Success Manager,Growth,B2B
woz,Woz,Winter 2025,Active,https://www.wozcode.com/,wozcode.com,https://www.ycombinator.com/companies/woz,Claude Code plugin that reduces token consumption and cost by 50%,San Francisco,US,High,https://www.linkedin.com/company/withwoz,https://x.com/WithWoz1,Ben Collins; Brad Eckert,https://www.linkedin.com/in/bentcollins/; https://www.linkedin.com/in/bradleymeckert/,https://x.com/BenjaminT007; https://x.com/ChefEckert,,No,8,Yes,,,Early,B2B
proception-inc,Proception Inc,Winter 2025,Active,https://proception.ai/,proception.ai,https://www.ycombinator.com/companies/proception-inc,Making humanoids dexterous enough to thread a needle,San Francisco,US,High,https://www.linkedin.com/company/proceptionai/?viewAsMember=true,https://x.com/proceptionAI,Jay Li; Jack Xu,https://www.linkedin.com/in/jaylicareer/; https://www.linkedin.com/in/jack-xu-jxinbox/,https://x.com/jaylistanford; https://x.com/_jaku_xu?s=21,11500000,Yes,10,Yes,1,Robotics Technician (Assembly & Testing),Early,Industrials
corsair,Corsair,Winter 2025,Active,https://www.corsair.dev,corsair.dev,https://www.ycombinator.com/companies/corsair,OpenRouter for Integrations,"New York City, NY",US,High,https://www.linkedin.com/company/corsairdev,https://x.com/corsairdotdev,Dev Jain,https://www.linkedin.com/in/devrjain/,,,No,2,No,,,Early,B2B
wildcard,Wildcard,Winter 2025,Active,https://wild-card.ai,wild-card.ai,https://www.ycombinator.com/companies/wildcard,AEO/GEO for E-Commerce and Retail,San Francisco,US,High,https://www.linkedin.com/company/wild-card-ai,https://x.com/wildcard_ai,Kaushik Mahorker,https://www.linkedin.com/in/kaushikmahorker,https://x.com/kaushikm_,,No,,Yes,,,Early,B2B
permitify,Permitify,Winter 2025,Active,https://permitify.com,permitify.com,https://www.ycombinator.com/companies/permitify,AI co-pilot for building plan review and building code compliance,"Salt Lake City, UT",US,High,https://www.linkedin.com/company/permitifyco,,Adam Chandler,https://www.linkedin.com/in/adam-chandler99/,,,No,2,No,,,Early,Real Estate and Construction
reditus-space,Reditus Space,Winter 2025,Active,https://www.reditus.space/,reditus.space,https://www.ycombinator.com/companies/reditus-space,Reusable Satellites,"Atlanta, GA",US,No,https://www.linkedin.com/company/reditus-space,https://x.com/ReditusSpace,Stef Crum; Will Sherman,https://www.linkedin.com/in/spcrum/; https://www.linkedin.com/in/willamasherman/,https://x.com/StefReditus; ,7600000,No,12,Yes,4,Avionics Engineer; Thermal Structures Engineer; Senior Mechanical Engineer; Senior Aerothermal Engineer,Early,Industrials
optifye-ai,Optifye.ai,Winter 2025,Active,https://www.optifye.ai,optifye.ai,https://www.ycombinator.com/companies/optifye-ai,AI performance monitoring for factory workers,"New Delhi, India",IN,High,https://www.linkedin.com/company/optifye-ai/?viewAsMember=true,,Vivaan Baid; Kushal Mohta,https://www.linkedin.com/in/vivaan-baid-119415177/; https://www.linkedin.com/in/kushal-mohta-6926931b4/,; ,,No,8,Yes,,,Early,B2B
pinch,Pinch,Winter 2025,Active,https://startpinch.com,startpinch.com,https://www.ycombinator.com/companies/pinch,AI Voice Translation for live conversations or media,Spain,ES,High,https://www.linkedin.com/company/105586682,https://x.com/startpinch,Christian Safka,https://linkedin.com/in/christiansafka,https://x.com/christiansafka,,No,3,No,,,Early,B2B
retrofit,Retrofit,Winter 2025,Active,https://www.retrofit.shop/,retrofit.shop,https://www.ycombinator.com/companies/retrofit,A vintage marketplace curated by AI,"New York City, NY",US,High,https://www.linkedin.com/company/106068920/,,Sandra Lifshits,https://www.linkedin.com/in/sandra-lifshits-a7a60284/,,,No,2,No,,,Early,Consumer
archon,Archon,Winter 2025,Active,https://archon.inc,archon.inc,https://www.ycombinator.com/companies/archon,We help software companies sell to government.,San Francisco,US,No,https://www.linkedin.com/company/getarchon/,https://x.com/archoninc,George Parks,https://www.linkedin.com/in/george-parks/,,,No,3,Yes,,,Early,Government
forge-automation,Forge Automation,Winter 2025,Active,https://www.forgeautomation.ca,forgeautomation.ca,https://www.ycombinator.com/companies/forge-automation,Software Enabled CNC Parts Supplier,"Toronto, Canada",CA,Medium,https://www.linkedin.com/company/forge-automation,,Timothy Seto; Walter Raftus,https://linkedin.com/in/timmy-seto; https://linkedin.com/in/walterraftus,https://x.com/TimmySeto; https://x.com/walter_raftus,635000,No,21,Yes,1,Manufacturing Software Engineer,Early,Industrials
mastra,Mastra,Winter 2025,Active,https://mastra.ai,mastra.ai,https://www.ycombinator.com/companies/mastra,"The Javascript framework for building AI agents, from the Gatsby devs",San Francisco,US,High,https://www.linkedin.com/company/mastra-ai/,https://x.com/mastra_ai,Sam Bhagwat; Abhi Aiyer; Shane Thomas,https://linkedin.com/in/sambhagwat; https://www.linkedin.com/in/abhi-aiyer-aa41bb42/; https://www.linkedin.com/in/smthomas3,https://twitter.com/calcsam; https://x.com/abhiaiyer; https://twitter.com/smthomas3,35500000,No,30,No,0,,Early,B2B
afterquery,AfterQuery,Winter 2025,Active,https://afterquery.com,afterquery.com,https://www.ycombinator.com/companies/afterquery,Applied research lab curating data solutions for foundation model…,San Francisco,US,High,https://www.linkedin.com/company/afterquery,https://x.com/AfterQuery,Spencer Mateega; Carlos Georgescu,https://www.linkedin.com/in/spencermateega; https://www.linkedin.com/in/carlossgg/,https://x.com/spencermateega; https://x.com/CarlosGeorgescu,30499997,Yes,30,Yes,11,"Software Engineer Intern; Software Engineer - Applied AI / Platform; Software Engineer - Hiring Infra (LatAM); Strategic Projects Lead; Technical Strategic Projects Intern; Strategic Projects Associate; Strategic Projects Intern; Technical Strategic Projects Associate; Marketing Lead; Technical Strategic Projects Lead; Senior Software Engineer, Infrastructure & Platform",Growth,B2B
misprint,Misprint,Winter 2025,Active,https://www.misprint.com,misprint.com,https://www.ycombinator.com/companies/misprint,Misprint is building Robinhood for Pokemon cards,"New York City, NY",US,High,https://www.linkedin.com/company/misprint-inc/,https://x.com/MisprintInc,Eva Herget,https://www.linkedin.com/in/eva-herget/,,,No,4,Yes,,,Early,Consumer
fuse-ai,Fuse AI,Winter 2025,Active,https://fuseai.com/,fuseai.com,https://www.ycombinator.com/companies/fuse-ai,Agentic Sales Platform,San Francisco,US,High,https://www.linkedin.com/company/tryfuseai/?viewAsMember=true,https://x.com/tryfuseai?s=21&t=U8uO3G_ueNJiXtFN1o0qFg,Saurav Bubber; Imogen Low,https://linkedin.com/in/sauravbubber; https://linkedin.com/in/imogen-low,; ,,No,12,Yes,,,Early,B2B
miyagi-labs,Miyagi Labs,Winter 2025,Active,https://miyagilabs.ai,miyagilabs.ai,https://www.ycombinator.com/companies/miyagi-labs,AI tutors for exam prep,"New York City, NY",US,High,https://www.linkedin.com/company/miyagi-labs/,https://x.com/miyagi_labs,Tyrone Davis III; Guang Cui,https://www.linkedin.com/in/tyroned3/; https://www.linkedin.com/in/guang-cui-40140a89/,https://x.com/tyronedavisiii; ,,No,2,No,,,Early,Education
artificial-societies,Artificial Societies,Winter 2025,Active,https://societies.ai,societies.ai,https://www.ycombinator.com/companies/artificial-societies,Foundational model of human societies for consequential decisions,"London, United Kingdom",GB,High,https://www.linkedin.com/company/artificial-societies,https://x.com/societies_ai,James He; Patrick Sharpe,https://www.linkedin.com/in/james-k-he/; https://www.linkedin.com/in/patrick-sharpe-684250110/,; ,5850000,No,18,No,0,,Early,B2B
openintake,OpenIntake,Winter 2025,Active,https://www.openintake.ai/,openintake.ai,https://www.ycombinator.com/companies/openintake,The AI Front Door For Law Firms,"New York City, NY",US,High,https://www.linkedin.com/company/106200029/,,Yash Sahota; Grayson Pike,https://www.linkedin.com/in/yashsahota; https://www.linkedin.com/in/graysonpike/,; ,,No,2,No,,,Early,B2B
peppr-ai,Peppr AI,Winter 2025,Active,https://www.usepeppr.ai/,usepeppr.ai,https://www.ycombinator.com/companies/peppr-ai,In-call AI teleprompter that helps reps close enterprise deals,San Francisco,US,High,,,Nitya Arora; Sachitt Arora,https://linkedin.com/in/nityaarora108; https://www.linkedin.com/in/sachittarora/,; ,,No,4,Yes,,,Early,B2B
infinite,Infinite,Winter 2025,Active,https://infinite.net,infinite.net,https://www.ycombinator.com/companies/infinite,Global B2B Stablecoin Processor,San Francisco,US,No,https://linkedin.com/company/infiniteinc,https://x.com/infinitedotdev,Nikhil Srinivasan; Raj Lad,https://linkedin.com/in/nikhilsrinivasan; https://www.linkedin.com/in/rajlad/,https://twitter.com/nvs; https://x.com/rajlad_,,No,4,Yes,,,Early,Fintech
sennu-ai,Sennu AI,Winter 2025,Active,https://www.sennu.ai,sennu.ai,https://www.ycombinator.com/companies/sennu-ai,We turn traditional companies into AI companies,San Francisco,US,High,https://www.linkedin.com/company/sennu-ai,https://x.com/SennuAI,Sukhjit Singh; Sriman Gaddam,https://www.linkedin.com/in/sukhjit-singh-ut/; https://www.linkedin.com/in/sriman-gaddam/,https://x.com/ssinghh14; https://x.com/SrimanGaddam,,No,2,No,,,Early,B2B
orbital-operations,Orbital Operations,Winter 2025,Active,https://www.orbitalops.tech/,orbitalops.tech,https://www.ycombinator.com/companies/orbital-operations,High Thrust Space Vehicles for Satellite Defense,"Los Angeles, CA",US,No,https://www.linkedin.com/company/orbital-operations/,,Ben Schleuniger; Ross Doherty,https://www.linkedin.com/in/bschleuniger/; https://www.linkedin.com/in/ross-doherty-992a2790,; ,9819500,No,10,Yes,5,Engine Responsible Engineer; Avionics Mechanical Engineer; Rockstar; Structures Design Engineer; Turbomachinery Mechanical Design Engineer,Early,Industrials
mesh-2,Mesh,Winter 2025,Active,http://www.usemesh.com,usemesh.com,https://www.ycombinator.com/companies/mesh-2,Eliminating accrual spreadsheets for faster month-end,San Francisco,US,High,https://www.linkedin.com/company/usemesh,,Erin Kim; Nandini Ramakrishnan,https://www.linkedin.com/in/erinkim720/; https://www.linkedin.com/in/nandiniramakrishnan/,; ,,No,3,Yes,,,Early,B2B
outlit,Outlit,Winter 2025,Active,https://outlit.ai/,outlit.ai,https://www.ycombinator.com/companies/outlit,Protect and Grow Long-tail Revenue ,San Francisco,US,High,https://www.linkedin.com/company/outlitai/,https://x.com/outlit_ai,Josh Earle; Leo Paz,https://www.linkedin.com/in/joshearle/; https://linkedin.com/in/leo-paz,https://x.com/RealEarle; https://x.com/LeosReal,,No,3,No,,,Early,B2B
harper,Harper,Winter 2025,Active,https://www.harperinsure.com/,harperinsure.com,https://www.ycombinator.com/companies/harper,AI-native commercial insurance brokerage,San Francisco,US,High,,,Dakotah Rice; Tushar Nair,https://www.linkedin.com/in/dakotahrice/; https://linkedin.com/in/tushar-nair-100787144,; ,47000000,Yes,25,Yes,14,"Senior Member of Technical Staff; Senior Operations Lead; Future AI Founder; Senior Member of Technical Staff, Voice; GTM Engineer; Forward Deployed Engineer; Member of Technical Staff; Founding Account Executive; Recruiting Lead; Founding Product Manager; Special Projects Lead; Head of Customer Experience",Growth,Fintech
calltree,Calltree,Winter 2025,Active,https://calltree.ai,calltree.ai,https://www.ycombinator.com/companies/calltree,Enterprise-grade AI support reps for call centers,San Francisco,US,High,https://www.linkedin.com/company/calltree-ai/,,Kun Qian; Robertson Taylor,https://www.linkedin.com/in/qian-kun/; https://www.linkedin.com/in/robertsonotaylor/,; ,,No,14,Yes,,,Early,B2B
nitrode,Nitrode,Winter 2025,Active,https://www.nitrode.com,nitrode.com,https://www.ycombinator.com/companies/nitrode,Frontier AI research to advance game development,San Francisco,US,High,https://www.linkedin.com/company/nitrode,https://x.com/NitrodeResearch,Ben Kim; Sejoon Chang; Brian La,https://www.linkedin.com/in/ben-yoonsung-kim/; https://linkedin.com/in/sejoonchang; https://linkedin.com/in/brianyla,https://x.com/ysungkim_; https://x.com/sejoonchang; https://x.com/BrianLa0616,2300000,Yes,8,Yes,4,Member of Technical Staff (Post-Training) ; Member of Technical Staff (Evals); Full-Stack Engineer; Game Developer ,Early,B2B
karsa,Karsa,Winter 2025,Active,https://gokarsa.com/,gokarsa.com,https://www.ycombinator.com/companies/karsa,Stablecoin neobank for emerging markets,"New York City, NY",US,No,https://www.linkedin.com/company/karsa/,https://twitter.com/go_karsa,Shahryar Hasnani; Dale Wilson,https://www.linkedin.com/in/shahryar-hasnani/; https://www.linkedin.com/in/dalewilson21/,https://x.com/0xLilShah; https://x.com/0xdwil,,No,2,No,,,Early,Fintech
exla,Exla,Winter 2025,Active,https://exla.ai/,exla.ai,https://www.ycombinator.com/companies/exla,Building agents that reads logs and fixes issues on your behalf.,San Francisco,US,High,https://www.linkedin.com/company/exla-corp,https://x.com/exla_ai,Viraat Das; Pranav Nair,https://linkedin.com/in/viraatdas; https://www.linkedin.com/in/pranavnair311/,https://x.com/therealviraat; ,,No,2,No,,,Early,B2B
confident-ai,Confident AI,Winter 2025,Active,https://confident-ai.com,confident-ai.com,https://www.ycombinator.com/companies/confident-ai,The LLM Eval and Observability Platform for AI Quality,San Francisco,US,High,https://www.linkedin.com/company/confident-ai,https://x.com/confident_ai,Jeffrey Ip; Kritin Vongthongsri,https://linkedin.com/in/jeffrey-ip-2295ab224; https://www.linkedin.com/in/kritin-vongthongsri,https://x.com/jeffr_yyy; ,,No,7,Yes,,,Early,B2B
riviera,Riviera,Winter 2025,Active,https://www.withriviera.com,withriviera.com,https://www.ycombinator.com/companies/riviera,AI Employees for Hotels,San Francisco,US,High,https://www.linkedin.com/company/withriviera,,Shaun Lane; Daniel Tyshler,https://www.linkedin.com/in/shaun--lane/; https://www.linkedin.com/in/daniel-tyshler-b742b217a/,https://x.com/Shaun_Lane_; https://x.com/danieltyshler,,No,2,No,,,Early,B2B
waypoint-transit,Waypoint Transit,Winter 2025,Active,https://waypointtransit.com,waypointtransit.com,https://www.ycombinator.com/companies/waypoint-transit,We automate urban planning so cities can build cheaper and faster.,,,High,https://www.linkedin.com/company/waypoint-transit/,,Varun Tandon; Ryan Johnston,https://www.linkedin.com/in/vrntandon/; https://www.linkedin.com/in/ryan-johnston-b919a7180/,; ,,No,2,No,,,Early,Government
bystreet,Bystreet,Winter 2025,Active,http://www.bystreet.com,bystreet.com,https://www.ycombinator.com/companies/bystreet,Connect with hoteliers around the world.,San Francisco,US,No,https://www.linkedin.com/company/gowatchai/,,Charlie Maki; Corey Anderson; Cameron Hake,https://www.linkedin.com/in/charlie-maki-40543617a/; https://www.linkedin.com/in/corey-anderson-3875a11aa/; https://www.linkedin.com/in/cameron-hake-651062194/,; ; ,,No,4,No,,,Early,B2B
agentin-ai,Agentin AI,Winter 2025,Active,https://www.agentin.ai,agentin.ai,https://www.ycombinator.com/companies/agentin-ai,AI Agents that automate enterprise software processes,San Francisco,US,High,http://linkedin.com/company/agentin-ai,https://x.com/ai_agentin,Sankeerth Rao Karingula,https://linkedin.com/in/sankeerthrao,https://x.com/sankeerth1729,,No,2,No,,,Early,B2B
rejot,ReJot,Winter 2025,Active,https://rejot.dev,rejot.dev,https://www.ycombinator.com/companies/rejot,We turn complex API integrations into drop‑in full‑stack libraries ,"Amsterdam, Netherlands",NL,No,https://www.linkedin.com/company/rejot/,https://x.com/ReJotSync,Wilco Kruijer; Jan Schutte,https://linkedin.com/in/wilcokruijer/; https://www.linkedin.com/in/jan-schutte-183145135/,https://twitter.com/WilcoKr; https://x.com/Jan_Schutte,,No,2,No,,,Early,B2B
general-trajectory,General Trajectory,Winter 2025,Active,https://www.generaltrajectory.com/,generaltrajectory.com,https://www.ycombinator.com/companies/general-trajectory,AI for the physical world,San Francisco,US,High,https://linkedin.com/company/generaltrajectory,https://x.com/gentrajectory,Joshua Belofsky,https://linkedin.com/in/joshua-belofsky-25328523b,https://x.com/joshuabelofsky,,No,1,No,,,Early,Industrials
solidroad,Solidroad,Winter 2025,Active,https://solidroad.com,solidroad.com,https://www.ycombinator.com/companies/solidroad,"AI agents for CX teams, starting with training and QA.",San Francisco,US,High,https://www.linkedin.com/company/solidroad/?viewAsMember=true,https://x.com/getsolidroad,Mark Hughes; Patrick Finlay,https://www.linkedin.com/in/mark-hughes-a36915a7/; https://www.linkedin.com/in/patjfin/,https://x.com/markhuqhes; https://twitter.com/patjfin,40152560,Yes,6,Yes,1,Senior Product Engineer,Growth,B2B
trata,Trata,Winter 2025,Active,https://www.trytrata.com/,trytrata.com,https://www.ycombinator.com/companies/trata,AI-powered research desk for hedge funds,"New York City, NY",US,High,https://www.linkedin.com/company/trata-inc/,https://x.com/trytrata,Eric Cho,https://linkedin.com/in/emc329,https://x.com/_ericcho,,No,6,Yes,,,Early,B2B
candor,Candor,Winter 2025,Active,https://www.usecandor.ai,usecandor.ai,https://www.ycombinator.com/companies/candor,We help companies win government funding with AI,San Francisco,US,High,https://www.linkedin.com/company/candortechnologies,,Marcus Zimmerman; Ethne Laude,https://www.linkedin.com/in/marcus-zimmerman-4878ba245/; https://www.linkedin.com/in/ethne-laude-289801224/,; ,,No,2,No,,,Early,Government
lucidic-ai,Lucidic AI,Winter 2025,Active,https://lucidic.ai,lucidic.ai,https://www.ycombinator.com/companies/lucidic-ai,Reimagining how Machines Learn ,San Francisco,US,High,https://www.linkedin.com/company/105580616/,,Abhinav Sinha; Andy Liang; Jeremy Tian,https://www.linkedin.com/in/abhinavsinha15/; https://www.linkedin.com/in/andyliang223/; https://www.linkedin.com/in/jeremy-tian-a2076a239/,; ; ,,No,,No,,,Early,B2B
mundo-ai,Mundo AI,Winter 2025,Active,https://mundoai.world,mundoai.world,https://www.ycombinator.com/companies/mundo-ai,The data layer for perceptual intelligence,"Vancouver, Canada",CA,High,https://www.linkedin.com/company/mundoai,https://x.com/hellomundoai,Jason Liao; Naijide Anwaer; Garreth Lee; Kenneth Wu,https://www.linkedin.com/in/jasonliao02/; https://www.linkedin.com/in/naijide-anwaer; https://www.linkedin.com/in/garrethlee; https://www.linkedin.com/in/wukenneth/,; https://x.com/naijide_a; https://x.com/garrxth; ,24500000,No,30,No,0,,Growth,B2B
g-lnk,G LNK,Winter 2025,Active,https://glnkco.com/,glnkco.com,https://www.ycombinator.com/companies/g-lnk,Simplifying Collaboration for Healthcare Organizations & Professionals,"New York City, NY",US,High,https://www.linkedin.com/company/104871545/,,Rayan Ghandour; Raouf Abujaber,https://www.linkedin.com/in/rayan-ghandour-75191618a/; https://www.linkedin.com/in/raouf-abujaber-169330256/,; ,,No,2,No,,,Early,B2B
liquid-compute,Liquid Compute,Winter 2025,Active,https://www.liquidcompute.com,liquidcompute.com,https://www.ycombinator.com/companies/liquid-compute,Pending CFTC regulation to be the first cash and physically settled…,"New York City, NY",US,High,https://www.linkedin.com/company/liquid-compute,,Ronit Jain; Aarav Patel,https://www.linkedin.com/in/ronitjain5; https://www.linkedin.com/in/aaravpatel04,; ,,No,5,Yes,1,Head of GTM,Early,Fintech
athenahq,AthenaHQ,Winter 2025,Active,https://www.athenahq.ai,athenahq.ai,https://www.ycombinator.com/companies/athenahq,"Be the Answer in AI Search - AI SEO across SEO, GEO & AEO",San Francisco,US,High,https://www.linkedin.com/company/athena-hq/,https://x.com/getathenahq,Andrew Yan; Alan Yao,https://www.linkedin.com/in/andrew-yan-200; https://linkedin.com/in/alanya0,https://twitter.com/andrewyan200; https://x.com/sudosandvich,2700000,Yes,12,Yes,6,Account Executive; Product Engineer; Growth Engineer; Founding Growth Marketer; Senior Product Designer; Founding Product Marketer,Early,B2B
lopus,Lopus,Winter 2025,Active,https://lopus.ai,lopus.ai,https://www.ycombinator.com/companies/lopus,Headless Data Team,San Francisco,US,High,https://www.linkedin.com/company/lopus-ai/,,Aamish Ahmad Beg; Danylo Borodchuk,https://www.linkedin.com/in/aamish-ahmad-beg/; https://www.linkedin.com/in/danylo-borodchuk/,; https://x.com/danylo_dev,,No,2,No,,,Early,B2B
cenote,Cenote,Winter 2025,Active,https://www.joincenote.com/,joincenote.com,https://www.ycombinator.com/companies/cenote,AI agents for conversational commerce,San Francisco,US,High,https://www.linkedin.com/company/105877840/admin/dashboard/,,Kofi Ansong; Kristy Gao,https://www.linkedin.com/in/kofi-ansong-89294016a/; https://www.linkedin.com/in/gaoxk/,; ,,No,2,No,,,Early,B2B
harbera,Harbera,Winter 2025,Active,https://harbera.com/,harbera.com,https://www.ycombinator.com/companies/harbera,AI Healthcare Provider Credentialing Software,"New York City, NY",US,High,https://www.linkedin.com/company/harbera,,Sophia Clark; Veronica Nutting,https://www.linkedin.com/in/sophia-c-07a508b8/; https://www.linkedin.com/in/veronicanutting/,; ,,No,2,No,,,Early,Healthcare
stillwind,Stillwind,Winter 2025,Active,https://stillwind.ai,stillwind.ai,https://www.ycombinator.com/companies/stillwind,PCB component librarian,"Zürich, Switzerland",CH,High,https://www.linkedin.com/company/augento/,https://x.com/stillwinddotai,Linus Meierhöfer; Hannes Furmans; Josef Zoller,https://linkedin.com/in/linus-meierhöfer-7a4596259; https://www.linkedin.com/in/hannes-furmans-52923625a/; https://www.linkedin.com/in/zollerboy1,; ; ,,No,3,No,,,Early,B2B
bindwell,Bindwell,Winter 2025,Active,https://www.bindwell.ai/,bindwell.ai,https://www.ycombinator.com/companies/bindwell,Discovering new pesticides with AI,San Francisco,US,High,https://www.linkedin.com/company/bindwell,https://x.com/bindwell_ai,Navvye Anand; Tyler Rose,https://www.linkedin.com/in/navvye-anand/; https://www.linkedin.com/in/tyler-rose-213299222/,https://x.com/navvye; https://x.com/tylerarose0,6500000,No,13,No,0,,Early,Industrials
pickle-2,Pickle,Winter 2025,Active,https://www.pickle.com,pickle.com,https://www.ycombinator.com/companies/pickle-2,Where your life context becomes understanding.,San Francisco,US,Medium,https://www.linkedin.com/company/get-pickle-ai/,https://x.com/pickle,Daniel Park; Sanio Jung; Emmett Kim; Hojin Yu,https://www.linkedin.com/in/danielpkl; https://www.linkedin.com/in/saniopkl/; https://www.linkedin.com/in/emmettpkl/; https://www.linkedin.com/in/sampkl/,https://x.com/danifesto; ; ; ,,No,15,No,,,Early,Consumer
lucid,Lucid,Winter 2025,Active,https://lucid.ai,lucid.ai,https://www.ycombinator.com/companies/lucid,interactive video models,San Francisco,US,High,,,Rami Seid,https://www.linkedin.com/in/rami-mohammed-seid/,https://x.com/rami_mmo,,No,3,Yes,,,Early,Consumer
macadamia,Macadamia,Winter 2025,Active,https://macadamialabs.com,macadamialabs.com,https://www.ycombinator.com/companies/macadamia,AI Agents for Complex Engineering Projects,"Ghent, Belgium",BE,High,https://www.linkedin.com/company/105566815/,https://x.com/macadamialabs,Abel Van Steenweghen; Brecht Pierreux,https://www.linkedin.com/in/abelvs/; https://www.linkedin.com/in/brecht-pierreux-54b327181/,https://x.com/avansteenweghen; https://x.com/bpierreux,,No,2,Yes,,,Early,B2B
asteroid,Asteroid,Winter 2025,Active,https://asteroid.ai,asteroid.ai,https://www.ycombinator.com/companies/asteroid,"The integration layer for healthcare: EHRs, payer portals & more ",San Francisco,US,High,https://www.linkedin.com/company/asteroidai/,https://x.com/asteroid_inc,David Mlcoch; Joe Hewett,https://www.linkedin.com/in/davidmlcoch/; https://www.linkedin.com/in/joehewett/,https://x.com/MlcochDavid; https://x.com/simulated_land,750000,No,8,No,0,,Early,B2B
gale,Gale,Winter 2025,Active,https://galevisa.com,galevisa.com,https://www.ycombinator.com/companies/gale,Fast and Data-Driven Immigration Platform,San Francisco,US,High,https://www.linkedin.com/company/galeapp/,,Rahul Gudise; Haokun Qin; Rishabh Sambare,https://linkedin.com/in/rahulgudise; https://linkedin.com/in/haokun-qin; https://linkedin.com/in/rishabhsamb,; ; https://x.com/rishabh_sambare,2700000,No,3,No,0,,Early,B2B
pave-robotics,Pave Robotics,Winter 2025,Active,https://pave-robotics.com,pave-robotics.com,https://www.ycombinator.com/companies/pave-robotics,Robots that repair roads,San Francisco,US,Medium,https://www.linkedin.com/company/pave-robotics/,https://x.com/Pave_Robotics,Josh Kelly; Mason Landon Smith,https://linkedin.com/in/joshak18; https://linkedin.com/in/mason-landon-smith,https://x.com/JoshAKelly; ,,No,3,No,,,Early,Industrials
pax-markets,PAX Markets,Winter 2025,Active,https://pax.markets/,pax.markets,https://www.ycombinator.com/companies/pax-markets,Co-located trading facility and matching engine on one chip.,San Francisco,US,No,https://www.linkedin.com/company/pax-markets/,,Pete Stevenson; Benjamin Kilimnik,https://linkedin.com/in/etepnosnevets; https://www.linkedin.com/in/benkilimnik,https://x.com/pax_pax_pax; ,,No,6,Yes,,,Early,Fintech
olive,Olive,Winter 2025,Active,https://fromolive.com,fromolive.com,https://www.ycombinator.com/companies/olive,Build internal tools with AI,San Francisco,US,High,https://www.linkedin.com/company/fromolive,,Bardia Safari; Shrey Gupta,https://linkedin.com/in/bardiasafari; https://linkedin.com/in/shreygups,https://x.com/bardia_safari; https://x.com/shreygups,,No,2,No,0,,Growth,B2B
hud,HUD,Winter 2025,Active,https://www.hud.ai,hud.ai,https://www.ycombinator.com/companies/hud,Platform for building RL environments and evals ,San Francisco,US,High,https://www.linkedin.com/company/hud-evals,https://x.com/hud_evals,Jay Ram; Lorenss Martinsons; Parth Patel,https://www.linkedin.com/in/jay-ram-29003b198/; https://linkedin.com/in/lorenss; https://linkedin.com/in/parth220,https://x.com/jayendra_ram; ; https://twitter.com/parth220,,No,15,Yes,,,Early,B2B
finbar,finbar,Winter 2025,Active,https://finbar.com,finbar.com,https://www.ycombinator.com/companies/finbar,The AI investment analyst,"London, United Kingdom",GB,High,https://linkedin.com/company/fin-bar,,Edward Huang; Robin Gan,https://www.linkedin.com/in/edward-huang-cfa-8807b4149/; https://www.linkedin.com/in/robin-gan-180060126,; ,,No,4,No,,,Early,Fintech
cuckoo-labs,Cuckoo Labs,Winter 2025,Active,https://www.cuckoo.so/,cuckoo.so,https://www.ycombinator.com/companies/cuckoo-labs,Real-time AI translator for global sales and marketing,"Seoul, South Korea",KR,High,https://www.linkedin.com/company/cuckoo-labs,https://x.com/cuckoohq,Gunwoo Kim; Yong Hee Lee,https://www.linkedin.com/in/gunwooterry/; https://www.linkedin.com/in/harryyongheelee/,; https://x.com/harryyongheelee,,No,2,No,,,Early,B2B
mecha-health,Mecha Health,Winter 2025,Active,https://www.mecha-health.ai/,mecha-health.ai,https://www.ycombinator.com/companies/mecha-health,Foundation models to automate x-ray analysis for radiologists,San Francisco,US,High,https://www.linkedin.com/company/mecha-health/,,Ahmed Abdulaal; Hugo Fry; Ayodeji Ijishakin; Nina Montaña Brown,https://www.linkedin.com/in/ahmed-abdulaal-5b8b6a295/; https://www.linkedin.com/in/hugo-fry-825828271/; https://www.linkedin.com/in/ayodeji-ijishakin-b6208b1a9/; https://www.linkedin.com/in/nina-monta%C3%B1a-brown-6aa24b133/,https://x.com/AAY1993; ; https://x.com/AIjishakin; ,4600000,No,4,No,0,,Early,Healthcare
10x,10x,Winter 2025,Active,https://www.10xdental.com/,10xdental.com,https://www.ycombinator.com/companies/10x,AI Sales Teams for Dental Practices,San Francisco,US,High,https://www.linkedin.com/company/gradewiz/,,Max Bohun; Aman Garg,https://www.linkedin.com/in/maxbohun/; https://www.linkedin.com/in/amanmadhavgarg/,; ,,No,3,Yes,,,Early,Healthcare
healthkey,HealthKey,Winter 2025,Active,https://gethealthkey.com/,gethealthkey.com,https://www.ycombinator.com/companies/healthkey,AI-powered Patient Identification for Clinical Trials,"Austin, TX",US,High,https://www.linkedin.com/company/gethealthkey/,https://x.com/HealthKey_HK,Josh Sabol,https://linkedin.com/in/joshsabol,https://x.com/JoshSabol,,No,10,No,,,Early,Healthcare
operand,Operand,Winter 2025,Active,https://www.operand.com/,operand.com,https://www.ycombinator.com/companies/operand,,San Francisco,US,No,https://www.linkedin.com/company/operandofficial,,Ram Gorthi; Akhil Iyengar; Arjun Sahney,https://www.linkedin.com/in/ramgorthi; https://www.linkedin.com/in/akhiliyengar/; https://www.linkedin.com/in/arjun-sahney-40b88624b/,https://x.com/RamGorthi2; https://x.com/ak_iyengar; ,,No,8,No,,,Growth,B2B
osmosis,Osmosis,Winter 2025,Active,https://osmosis.ai/,osmosis.ai,https://www.ycombinator.com/companies/osmosis,Reinforcement Learning (RL) for AI Agents,San Francisco,US,High,https://www.linkedin.com/company/osmosis-ai/,https://x.com/osmosis_ai,Kasey Zhang; Andy Lyu,https://linkedin.com/in/kasey-zhang; https://linkedin.com/in/baiqingl,https://x.com/_WEEXIAO; https://x.com/viewerisland,,No,6,Yes,,,Early,B2B
swerve,Swerve,Winter 2025,Active,https://www.getswerve.com/,getswerve.com,https://www.ycombinator.com/companies/swerve,AI Chat & Stories,San Francisco,US,High,https://www.linkedin.com/company/getswerve,,Soroush Saryazdi; Jason Zhou,https://linkedin.com/in/soroush-saryazdi-792365175; https://www.linkedin.com/in/jasonxzhou/,https://twitter.com/S_Saryazdi; https://x.com/jsn_zh/,,No,2,No,,,Early,Consumer
mosaic-2,Mosaic,Winter 2025,Active,https://mosaic.so,mosaic.so,https://www.ycombinator.com/companies/mosaic-2,Frontier Video Agents,San Francisco,US,High,https://www.linkedin.com/company/mosaic-so,https://x.com/mosaic_so,Adish Jain; Kyle Wade,https://www.linkedin.com/in/adish-jain/; https://www.linkedin.com/in/kylewade1373/,https://x.com/_adishj; https://twitter.com/superfx64,,No,5,Yes,1,Founding GTM,Early,Consumer
cifrato,Cifrato,Winter 2025,Active,https://cifrato.ai,cifrato.ai,https://www.ycombinator.com/companies/cifrato,AI Accountant for Accounting Firms,"Bogotá, Colombia",CO,High,https://www.linkedin.com/company/cifrato,,Juan Pisco,https://www.linkedin.com/in/juan-pisco/,,1000000,No,17,No,0,,Early,B2B
oki,Oki,Winter 2025,Active,https://okihome.ai,okihome.ai,https://www.ycombinator.com/companies/oki,The memory computer for your digital life.,San Francisco,US,Medium,https://linkedin.com/company/oki-ai,https://x.com/Luofei_Chen,Luofei Chen; Aayush Tyagi,https://www.linkedin.com/in/luofei-c/; https://www.linkedin.com/in/aayushtyagi,; ,,No,6,No,,,Early,Consumer
bezel,Bezel,Winter 2025,Active,https://www.trybezel.com/,trybezel.com,https://www.ycombinator.com/companies/bezel,Digital AI humans that model clothes for e-commerce brands.,"New York City, NY",US,High,https://www.linkedin.com/company/bezelai,,Kashyap Achar,https://www.linkedin.com/in/kashyapachar/,https://x.com/_kashrocks,,No,1,No,,,Early,B2B
cardamon,Cardamon,Winter 2025,Active,https://cardamon.ai/,cardamon.ai,https://www.ycombinator.com/companies/cardamon,AI compliance co-pilot for regulated financial businesses,"London, United Kingdom",GB,High,https://www.linkedin.com/company/cardamonai,,Areg Nzsdejan; Dmytro Astakhov,https://www.linkedin.com/in/areg-nzsdejan-85b894a1/; https://www.linkedin.com/in/dmytro-astakhov,; ,,No,11,No,,,Early,B2B
amby-health,Amby Health,Winter 2025,Active,https://tryamby.com,tryamby.com,https://www.ycombinator.com/companies/amby-health,The health coach that texts you first,San Francisco,US,No,https://www.linkedin.com/company/ambyhealth,https://x.com/AmbyHealth,Yos Wagenmans; Timmy Dang,https://www.linkedin.com/in/yosw/; https://www.linkedin.com/in/timmydang27/,https://x.com/yos_w/; https://x.com/timdangg,,No,2,No,,,Early,Healthcare
trim,Trim,Winter 2025,Active,https://trimresearch.com,trimresearch.com,https://www.ycombinator.com/companies/trim,A foundation model for physics.,San Francisco,US,High,https://www.linkedin.com/company/trim-research,https://x.com/trimresearch,Emanuel Gordis,https://www.linkedin.com/in/emanuelgordis/,https://x.com/emanuelgordis,,No,3,No,,,Early,B2B
tergle,Tergle,Winter 2025,Active,https://tergle.com,tergle.com,https://www.ycombinator.com/companies/tergle,AI Agents for Audit,"New York City, NY",US,High,https://www.linkedin.com/company/tergleai,https://x.com/TergleAI,Adam Bowen,https://www.linkedin.com/in/adambowen03/,,,No,,No,,,Early,B2B
rally-3,Rally,Winter 2025,Active,https://www.getrally.com/,getrally.com,https://www.ycombinator.com/companies/rally-3,Financial OS for Modern Fleets,"Berlin, Germany",DE,High,https://www.linkedin.com/company/rally-fintech,,Nick Telecki; Thiago Peres,https://www.linkedin.com/in/nick-telecki; https://www.linkedin.com/in/thiagoperespm/,; ,,No,5,No,,,Early,Fintech
adam,Adam,Winter 2025,Active,https://adam.new/,adam.new,https://www.ycombinator.com/companies/adam,AI Powered CAD,San Francisco,US,High,https://www.linkedin.com/company/adamcad/,https://x.com/adamdotnew,Zach Dive; Aaron Li,https://linkedin.com/in/zacharydive; https://www.linkedin.com/in/aaronlico/,https://x.com/zachdive; https://x.com/aaronhetengli,,No,4,Yes,4,Residency (Fall 2026); Founding Research Engineer; Founding Engineer; Forward Deployed Mechanical Engineer,Early,B2B
inversion-semiconductor,Inversion Semiconductor,Winter 2025,Active,https://www.inversionsemi.com,inversionsemi.com,https://www.ycombinator.com/companies/inversion-semiconductor,"Manufacturing the most powerful chips, 15x faster",San Francisco,US,No,https://www.linkedin.com/company/inversion-semiconductor/,https://x.com/inversionsemi,Rohan Karthik; Daniel Vega,https://www.linkedin.com/in/rohan-karthik-60a0b61b7/; https://www.linkedin.com/in/daniel-r-vega/,https://x.com/rohankarthik_?s=11&t=VBdqSXL_9iUGm2d8V2oKBg; https://twitter.com/daniel_r_vega,750000,No,9,No,0,,Early,Industrials
carecycle,careCycle,Winter 2025,Active,https://www.careCycle.ai,carecycle.ai,https://www.ycombinator.com/companies/carecycle,Voice AI teams for medicare agencies.,San Francisco,US,High,https://www.linkedin.com/company/carecycle-yc-w25,,Alex Doonanco; Evan Roubekas,https://www.linkedin.com/in/alexdoonanco; https://www.linkedin.com/in/evanroubekas/,https://x.com/AlexDoonanco; https://twitter.com/0xevangelos,,No,5,No,,,Early,B2B
deployparagon,Paragon,Winter 2025,Active,https://www.runparagon.com,runparagon.com,https://www.ycombinator.com/companies/deployparagon,The AI Growth Engine for Industrials,San Francisco,US,High,https://www.linkedin.com/company/deployparagon/,https://x.com/deployparagon,Ishir Vaidyanath; Kasyap Chakra,https://linkedin.com/in/ishirv; https://linkedin.com/in/kasyap-chakravadhanula-357b41132,https://x.com/aceshir; ,,No,2,Yes,,,Early,B2B
salespatriot,SalesPatriot,Winter 2025,Active,https://www.salespatriot.com/,salespatriot.com,https://www.ycombinator.com/companies/salespatriot,AI powered operating system for distributors and OEMs,San Francisco,US,High,https://www.linkedin.com/company/salespatriot,,Nelson Ray; Ben Rhodes-Kropf; Maciej Szymczyk,https://www.linkedin.com/in/nelson-ray/; https://www.linkedin.com/in/ben-rhodes-kropf-26b617217/; https://www.linkedin.com/in/maciej-szymczyk-74392b1b8,; ; https://x.com/szymczyk06,6283548,Yes,15,Yes,4,Full Stack Engineer (Warsaw); Full Stack Engineer (San Francisco) ; Forward Deployed Engineer; Field Business Development Representative,Early,B2B
maive,Maive,Winter 2025,Active,https://maive.ai,maive.ai,https://www.ycombinator.com/companies/maive,AI for Home Services,San Francisco,US,High,https://www.linkedin.com/company/maive-ai/,https://x.com/maive_ai,David Tondreau; Will Cray,https://www.linkedin.com/in/david-tondreau/; https://www.linkedin.com/in/willcray/,https://x.com/dtond_; https://x.com/willcloudcray,,No,2,No,,,Early,B2B
weave-3,Weave,Winter 2025,Active,https://weaveos.com,weaveos.com,https://www.ycombinator.com/companies/weave-3,AI to understand and then route engineering work,San Francisco,US,High,https://www.linkedin.com/company/102726930,https://x.com/workweave,Adam Cohen; Andrew Churchill,https://www.linkedin.com/in/adam-b-cohen/; https://www.linkedin.com/in/andrew-d-churchill/,https://x.com/adambcohen93; ,17700000,Yes,16,Yes,11,Founding AI Engineer; Founding Account Executive; Founding Product Engineer; Forward Deployed Engineer; Founding ML Engineer; Founding GTM Engineer; Founding Design Engineer; Founding Marketer; Product Engineer Intern; Founding Developer Relations; Founding Business Development Representative,Early,B2B
caseflood-ai,Caseflood.ai,Winter 2025,Active,https://caseflood.ai,caseflood.ai,https://www.ycombinator.com/companies/caseflood-ai,How elite law firms do intake,"Miami, FL",US,High,https://www.linkedin.com/company/caseflood-ai,,Ethan Hilton,https://www.linkedin.com/in/ethan-hilton/,,3700000,No,2,No,0,,Early,B2B
elip-ai,Elip AI,Winter 2025,Active,https://www.tryelip.ai/,tryelip.ai,https://www.ycombinator.com/companies/elip-ai,Cooking something sweet and salty! ,San Francisco,US,High,https://www.linkedin.com/company/tejasai/,,Gaurav Luhariwala,https://www.linkedin.com/in/gauravluhariwala/,https://x.com/Snorlaxxex,,No,4,No,,,Early,B2B
trava,Trava,Winter 2025,Active,https://www.usetrava.com/,usetrava.com,https://www.ycombinator.com/companies/trava,AI agents for global trade compliance,San Francisco,US,High,https://www.linkedin.com/company/trava-ai,,Pushkar Lanka,https://www.linkedin.com/in/pushkarlanka/,https://x.com/LankaPushkar,,No,1,No,,,Early,B2B
maritime-fusion,Maritime Fusion,Winter 2025,Active,https://maritimefusion.com,maritimefusion.com,https://www.ycombinator.com/companies/maritime-fusion,Fusion reactors for ships,San Francisco,US,No,https://www.linkedin.com/company/maritime-fusion,https://x.com/maritimefusion,Justin Cohen; Jason Kaufmann,https://www.linkedin.com/in/justin-cohen707; https://www.linkedin.com/in/jasonskaufmann/,; ,5000000,No,6,Yes,4, Member of Technical Staff - R&D Engineering; Member of Technical Staff - Plasma Physics; R&D Technician; Business Development & Strategic Partnerships Lead,Early,Industrials
a0-dev,a0.dev,Winter 2025,Active,https://a0.dev,a0.dev,https://www.ycombinator.com/companies/a0-dev,We make mobile apps using AI.,San Francisco,US,High,https://www.linkedin.com/company/a0-dev,https://x.com/a0_dev,Seth Setse; Ayomide Omolewa,https://linkedin.com/in/seth-setse-0641b6175; https://linkedin.com/in/omolewa,https://twitter.com/SethSetse; https://www.twitter.com/TheDonAyo,,No,3,Yes,,,Early,B2B
a1zap-by-a1base,A1Zap by A1Base,Winter 2025,Active,https://www.a1zap.com/,a1zap.com,https://www.ycombinator.com/companies/a1zap-by-a1base,The social network layer for AI apps,San Francisco,US,High,https://www.linkedin.com/company/a1base,https://x.com/a1baseapi,Pasha Rayan; Pennie Huang,https://www.linkedin.com/in/pasharayan; https://linkedin.com/in/pennieli,https://twitter.com/Pashpops; https://x.com/pennepastaa,,No,2,No,,,Early,B2B
verbiflow,Verbiflow,Winter 2025,Active,https://verbiflow.com,verbiflow.com,https://www.ycombinator.com/companies/verbiflow,Outbound Sequencing Infrastructure for Startups,San Francisco,US,High,https://www.linkedin.com/company/verbiflow/,,Kashyab Ambarani; Rishi Mahadevan,https://www.linkedin.com/in/kashyab-ambarani/; https://www.linkedin.com/in/rishi-mahadevan-625844109/,https://x.com/kashyabja; ,,No,2,No,,,Early,B2B
toothy-ai,Toothy AI,Winter 2025,Active,https://www.toothy.ai/,toothy.ai,https://www.ycombinator.com/companies/toothy-ai,AI for insurance verification & billing at dental clinics,San Francisco,US,High,https://www.linkedin.com/company/toothy-ai/,,Johnny Chen; Matt Kerrigan; Tejas Konduru,https://www.linkedin.com/in/johnnychen54/; https://www.linkedin.com/in/mkerrig/; https://www.linkedin.com/in/tejas-konduru,; ; ,,No,15,Yes,,,Early,Healthcare
rocketable,Rocketable,Winter 2025,Active,https://www.rocketable.com,rocketable.com,https://www.ycombinator.com/companies/rocketable,The AI Maximalist Software Holding Company,San Francisco,US,High,https://www.linkedin.com/company/105609915/admin/dashboard/,https://x.com/RocketableInc,Alan Wells,https://www.linkedin.com/in/awells/,https://x.com/alanwells,,No,2,No,,,Early,B2B
contrario,Contrario,Winter 2025,Active,https://contrario.ai,contrario.ai,https://www.ycombinator.com/companies/contrario,AI hiring platform powered by expert recruiters,San Francisco,US,High,https://www.linkedin.com/company/contrario-ai,https://x.com/ContrarioAI,Arya Marwaha; Aditya Sood,https://www.linkedin.com/in/arya-marwaha/; https://www.linkedin.com/in/adibsood/,https://x.com/arya_marwaha; ,2800000,Yes,20,Yes,1,BizOps,Early,B2B
ovlo,Ovlo,Winter 2025,Active,https://ovlo.ai,ovlo.ai,https://www.ycombinator.com/companies/ovlo,Founder led hiring for London startups,"Dubai, United Arab Emirates",AE,High,https://www.linkedin.com/company/ovloai,,Andrew Malouf; Amer Eid,https://www.linkedin.com/in/agmalouf/; https://www.linkedin.com/in/amer-eid92/,; https://x.com/amereidxyz,,No,2,No,,,Early,B2B
dexto,Dexto,Winter 2025,Active,https://www.dexto.ai/,dexto.ai,https://www.ycombinator.com/companies/dexto,AWS for AI Agents,San Francisco,US,High,https://www.linkedin.com/company/dexto,https://x.com/dexto_ai,Shaunak Srivastava; Rahul Karajgikar,https://www.linkedin.com/in/shaunak-srivastava-244567163/; https://www.linkedin.com/in/rahul-karajgikar,; ,,No,2,No,,,Early,B2B
superglue,superglue,Winter 2025,Active,https://superglue.ai/,superglue.ai,https://www.ycombinator.com/companies/superglue,"connect, migrate and implement enterprise systems",Germany,DE,High,https://www.linkedin.com/company/superglue-ai/,https://x.com/superglue_d,Adina Goerres; Stefan Faistenauer,https://linkedin.com/in/adinagoerres; https://www.linkedin.com/in/stefan-faistenauer/,; ,,No,6,No,,,Early,B2B
conntour,Conntour,Winter 2025,Active,https://www.conntour.com/,conntour.com,https://www.ycombinator.com/companies/conntour,AI to monitor thousands of security cameras.,"Tel Aviv-Yafo, Israel",IL,High,https://www.linkedin.com/company/conntour/,,Matan Goldner; Tomer Kulla,https://linkedin.com/in/matan-goldner; https://www.linkedin.com/in/tomer-kulla/,; ,7500000,No,15,No,0,,Early,Industrials
closure,Closure,Winter 2025,Active,https://closure-intel.com/,closure-intel.com,https://www.ycombinator.com/companies/closure,We help law enforcement solve crime,"New York City, NY",US,High,https://www.linkedin.com/company/closure-intel,,Aaron Zelinger; Gilad Levy,https://www.linkedin.com/in/aaron-zelinger/; https://www.linkedin.com/in/gilad-levy/,; ,,No,11,Yes,,,Early,Government
promptless,Promptless,Winter 2025,Active,https://promptless.ai/,promptless.ai,https://www.ycombinator.com/companies/promptless,An AI teammate that automatically updates your customer-facing docs,San Francisco,US,High,https://www.linkedin.com/company/promptless,https://x.com/promptlessai,Prithvi Ramakrishnan; Frances Liu,https://www.linkedin.com/in/prithvi-r; https://linkedin.com/in/frances-liu-1a426057,https://x.com/prithviramak; ,,No,5,Yes,,,Early,B2B
scout-4,Scout,Winter 2025,Active,https://scoutforschools.com/,scoutforschools.com,https://www.ycombinator.com/companies/scout-4,AI-powered student information system for K-12 schools,"New York City, NY",US,High,https://www.linkedin.com/company/scout-edu,,Noah Fichter; Max Bertfield,https://www.linkedin.com/in/noah-p-fichter/; https://www.linkedin.com/in/maxbertfield/,https://x.com/foahnichter; ,,No,8,Yes,,,Early,Education
subtrace,Subtrace,Winter 2025,Active,https://subtrace.dev,subtrace.dev,https://www.ycombinator.com/companies/subtrace,Zero code network tracer,San Francisco,US,No,https://www.linkedin.com/company/subtrace,https://x.com/subtrace_dev,Adhityaa Chandrasekar; Sachin Sridhar,https://linkedin.com/in/adtac; https://linkedin.com/in/sachin-sridhar,https://x.com/adtac_; ,,No,2,No,,,Early,B2B
vocality-health,Vocality Health,Winter 2025,Active,https://www.vocalityhealth.com,vocalityhealth.com,https://www.ycombinator.com/companies/vocality-health,Voice AI for medical language translation,San Francisco,US,High,https://www.linkedin.com/company/vocality-health,,Brogan McPartland,https://www.linkedin.com/in/brogan-mcpartland-05830031a/,,,No,2,No,,,Early,Healthcare
astro,Astro,Winter 2025,Active,https://www.astroenergy.ai/,astroenergy.ai,https://www.ycombinator.com/companies/astro,The world’s first AI energy developer,"New York City, NY",US,High,https://www.linkedin.com/company/astro-energy-inc/,,Alex Fuster,https://www.linkedin.com/in/alex-f-573560101/,,,No,1,No,,,Early,Industrials
dartboard,Dartboard,Winter 2025,Active,https://dartboard.ai,dartboard.ai,https://www.ycombinator.com/companies/dartboard,AI-native remote operations center for hardware fleets,San Francisco,US,High,https://www.linkedin.com/company/dartboard-ai/,https://x.com/dartboard_ai,Rohun Ati,https://www.linkedin.com/in/rohunati,https://twitter.com/rohunati,,No,2,No,,,Early,Industrials
karoo,Karoo,Winter 2025,Active,https://www.karoo.ca,karoo.ca,https://www.ycombinator.com/companies/karoo,AI native consumer lending platform for underserved Americans,"Toronto, Canada",CA,High,https://www.linkedin.com/company/karoo-ca/,,Jeanot Dawson; Hugo Markland; Oliver Lambson,https://www.linkedin.com/in/jeanot-dawson-67191b17?utm_source=share&utm_campaign=share_via&utm_content=profile&utm_medium=ios_app; https://www.linkedin.com/in/hugo-markland-cfa-712409125/; https://www.linkedin.com/in/oliverlambson/,; ; ,,No,3,No,,,Early,Fintech
awen,awen,Winter 2025,Active,https://www.awen.ai/,awen.ai,https://www.ycombinator.com/companies/awen,awen translates intent into exceptional visuals through conversation,"Paris, France",FR,High,https://www.linkedin.com/company/awen-ai,https://x.com/awen_ai,Thibault Henriet,https://linkedin.com/in/thibault-henriet-595a5860,,,No,6,No,,,Early,B2B
dotwave,.Wave,Winter 2025,Active,https://dotwave.ai/,dotwave.ai,https://www.ycombinator.com/companies/dotwave,Continuous inference for streaming AI models,"Paris, France",FR,High,https://www.linkedin.com/company/dotwaveai/about/?viewAsMember=true,https://x.com/dotwaveai,Thomas Minassian; Paul-Henri Biojout,https://linkedin.com/in/thomas-minassian-b25626102; https://linkedin.com/in/phbiojout,https://x.com/thminassian; https://x.com/PH_BJT,,No,2,No,,,Early,B2B
alice-tech,Alice.tech,Winter 2025,Active,https://www.alice.tech/,alice.tech,https://www.ycombinator.com/companies/alice-tech,AI-driven exam prep,"Copenhagen, Denmark",DK,High,https://www.linkedin.com/company/alice-tech/,,Kim Rants,https://www.linkedin.com/in/kimrants/,,6384023,No,5,No,0,,Early,Education
stamp,Stamp,Winter 2025,Active,https://www.stampmail.ai/,stampmail.ai,https://www.ycombinator.com/companies/stamp,The AI Secretary for Email and Calendar.,San Francisco,US,High,https://www.linkedin.com/company/stamp-ai/,https://x.com/StampMail,Archit Mehta,https://linkedin.com/in/4architmehta,,,No,1,No,,,Early,B2B
splash-inc,Splash Inc.,Winter 2025,Active,https://splash9.com/,splash9.com,https://www.ycombinator.com/companies/splash-inc,Autonomous patrol-boats for National Security ,"Los Angeles, CA",US,Medium,https://www.linkedin.com/company/105801839/admin/feed/following/,https://x.com/Splash_Robotics,Ivan Avanesov; Marcell Veszpremi,https://www.linkedin.com/in/ivan-avanesov-2b511515a/; https://www.linkedin.com/in/veszpremimarcell/,https://x.com/i_vanesov; https://x.com/m_veszpremi,,No,9,Yes,,,Early,Industrials
bud,Bud,Winter 2025,Active,https://bud.app/,bud.app,https://www.ycombinator.com/companies/bud,Agent with a computer,San Francisco,US,High,,https://x.com/orchidsapp,Kevin Lu; Bach Tran,https://www.linkedin.com/in/kevin-lu-22724b1a5/; https://www.linkedin.com/in/giabachtran,; ,,No,6,No,,,Early,B2B
axiom,Axiom,Winter 2025,Active,https://axiom.trade,axiom.trade,https://www.ycombinator.com/companies/axiom,"Trade memecoins, perpetuals, and earn yield.","Austin, TX",US,No,https://www.linkedin.com/company/joinaxiom,https://x.com/AxiomExchange,Henry Zhang; Preston Ellis,https://www.linkedin.com/in/henryzhang03/; https://www.linkedin.com/in/preellis/,; ,,No,2,Yes,,,Early,Fintech
steinmetz,Steinmetz,Winter 2025,Active,https://steinmetzmotors.com/,steinmetzmotors.com,https://www.ycombinator.com/companies/steinmetz,Next-Generation Power Electronics,San Francisco,US,Medium,https://www.linkedin.com/company/steinmetzinc/,https://x.com/SteinmetzInc,Owen Brake; Ethan Childerhose,https://www.linkedin.com/in/owen-brake-39363a169/; https://linkedin.com/in/ethan-childerhose,https://x.com/OwenBrakes; https://x.com/BigCrete,,No,5,Yes,,,Early,Industrials
subimage,SubImage,Winter 2025,Active,https://subimage.io,subimage.io,https://www.ycombinator.com/companies/subimage,The Open-Core Security Graph,San Francisco,US,No,https://www.linkedin.com/company/subimagesec,https://x.com/subimagesec,Alex Chantavy; Kunaal Sikka,https://www.linkedin.com/in/alexchantavy/; https://www.linkedin.com/in/kunaals/,https://twitter.com/alexchantavy; https://x.com/kunaalsikka,4700000,No,4,Yes,1,Founding Engineer,Early,B2B
hey-telo,Hey Telo,Winter 2025,Active,https://www.heytelo.com,heytelo.com,https://www.ycombinator.com/companies/hey-telo,Voice AI for Home Services,Germany,DE,High,https://www.linkedin.com/company/heytelo/,,Christopher Grittner; Daniel Grittner,https://linkedin.com/in/christopher-grittner; https://linkedin.com/in/daniel-m-grittner,https://x.com/chrisgrittner; ,,No,2,Yes,,,Early,B2B
praxim,Praxim,Winter 2025,Active,https://www.praxim.ai/,praxim.ai,https://www.ycombinator.com/companies/praxim,The agentic AI Word editor,San Francisco,US,High,,,Richie Hsiung; Frank Li,https://www.linkedin.com/in/richiehsiung/; https://www.linkedin.com/in/frank-li-6866411b0/,; ,,No,2,No,,,Early,B2B
excellence-learning,Excellence Learning,Winter 2025,Active,https://excellence-ai.com/,excellence-ai.com,https://www.ycombinator.com/companies/excellence-learning,AI tutor starting with maths and science,San Francisco,US,High,https://www.linkedin.com/company/excellence-ai/,,Mattia Mauro; Sovann Linden; Alexis Bonnafont,https://www.linkedin.com/in/mattia-mauro-437a35197/; https://www.linkedin.com/in/sovann-linden/; https://www.linkedin.com/in/alexis-bonnafont,; ; ,,No,4,No,,,Early,Education
tweeksio,Tweeks.io,Winter 2025,Active,https://tweeks.io,tweeks.io,https://www.ycombinator.com/companies/tweeksio,Lovable for Chrome Plugins,San Francisco,US,High,https://www.linkedin.com/company/nextbyte-ai/,,Jason Madeano; Matt Stallone,https://www.linkedin.com/in/jason-madeano/; https://www.linkedin.com/in/mattstallone/,; https://x.com/mattstallone/,,No,2,No,,,Early,B2B
flowtel,Flowtel,Winter 2025,Active,https://flowtel.ai,flowtel.ai,https://www.ycombinator.com/companies/flowtel,The AI Voice agents for hotels,San Francisco,US,High,https://www.linkedin.com/company/flowtel-ai,,Eylon Miz,https://linkedin.com/in/eylonmiz,https://twitter.com/eylonmiz,,No,5,Yes,,,Early,B2B
leaping-ai,Leaping AI,Winter 2025,Active,https://www.leapingai.com,leapingai.com,https://www.ycombinator.com/companies/leaping-ai,AI voice and texting agents,San Francisco,US,High,https://www.linkedin.com/company/98079414/,https://x.com/leaping_ai,Kevin Wu; Arkadiy Telegin,https://www.linkedin.com/in/kevin-wu-452a6393/; https://www.linkedin.com/in/a-telegin,https://x.com/kevinwu_hi; https://x.com/akyshnik,,No,13,Yes,2,Tech Lead ($220K+ base salary); AI Deployment Strategist,Early,B2B
vetnio,Vetnio,Winter 2025,Active,https://vetnio.com/,vetnio.com,https://www.ycombinator.com/companies/vetnio,AI Copilot that automates admin work for veterinary professionals,"Stockholm, Sweden",SE,High,https://www.linkedin.com/company/vetnio,,Arman Karégar; Max Henry Xie,https://linkedin.com/in/armankaregar; https://linkedin.com/in/max-henry-xie,; https://x.com/maxhxie,,No,6,No,,,Early,B2B
candor,Candor,Winter 2025,Active,https://www.usecandor.ai,usecandor.ai,https://www.ycombinator.com/companies/candor,We help companies win government funding with AI,San Francisco,US,High,https://www.linkedin.com/company/candortechnologies,,Marcus Zimmerman; Ethne Laude,https://www.linkedin.com/in/marcus-zimmerman-4878ba245/; https://www.linkedin.com/in/ethne-laude-289801224/,; ,,No,2,No,,,Early,Government
bild-ai,Bild AI,Winter 2025,Active,https://www.bild.ai,bild.ai,https://www.ycombinator.com/companies/bild-ai,"AI estimating & detailing for Division 8 doors, frames & hardware",San Francisco,US,High,https://www.linkedin.com/company/bild-ai,,Roop Pal; Puneet Sukhija,https://www.linkedin.com/in/rooppal/; https://www.linkedin.com/in/puneet-sukhija-bb58ba1a0/,https://x.com/roop_pal_; ,,No,9,Yes,3,AI/SWE Intern; Founding AI Engineer; Founding Product Engineer,Early,Real Estate and Construction
outship,Outship,Winter 2025,Active,https://outship.ai,outship.ai,https://www.ycombinator.com/companies/outship,Hire amazing engineers by seeing how they use AI,San Francisco,US,High,https://www.linkedin.com/showcase/outshipai/,https://x.com/outshipai,Saner Cakir; Kayla Lee,https://www.linkedin.com/in/saner-cakir-697385300/; https://www.linkedin.com/in/kayla-lee-715149160/,https://x.com/sanerc110; ,,No,3,No,,,Early,B2B
revise-robotics,Revise Robotics,Winter 2025,Active,https://www.reviserobotics.com/,reviserobotics.com,https://www.ycombinator.com/companies/revise-robotics,Automating refurbishment of $1T in consumer electronics,"New York City, NY",US,High,https://www.linkedin.com/company/revise-robotics/,,Rupesh Jeyaram; Antonio Monreal,https://www.linkedin.com/in/rupesh-jeyaram/; https://www.linkedin.com/in/antonio-monreal-71b0751b5/,; ,4117975,Yes,3,Yes,2,Business Development Intern – Summer/Fall 2026; Engineering Intern — Summer/Fall 2026,Early,Industrials
enhanced-radar,Enhanced Radar,Winter 2025,Active,https://www.enhancedradar.com/,enhancedradar.com,https://www.ycombinator.com/companies/enhanced-radar,AI for air traffic control,San Francisco,US,High,https://www.linkedin.com/company/enhanced-radar/?viewAsMember=true,https://x.com/EnhancedRadar,Eric Button; Kristian Gaylord,https://www.linkedin.com/in/ericjacobbutton/; https://www.linkedin.com/in/kaylord/,https://x.com/ericjacobbutton; https://x.com/kayolord,,No,2,Yes,1,All roles,Early,Industrials
edexia,Edexia,Winter 2025,Active,https://www.edexia.com/,edexia.com,https://www.ycombinator.com/companies/edexia,AI Teacher Assistant for Grading Essays,"Brisbane, Australia",AU,High,https://www.linkedin.com/company/edexia-ai/,https://x.com/EdexiaAi,Daniel Gibbon; Nathan Wang,https://www.linkedin.com/in/daniel-gibbon-/; https://www.linkedin.com/in/nathan-wang-b73966235/,; ,,No,4,Yes,,,Early,Education
quantstruct,Quantstruct,Winter 2025,Active,https://quantstruct.com,quantstruct.com,https://www.ycombinator.com/companies/quantstruct,AI documentation engineer – test & autoimprove stale product docs,San Francisco,US,High,https://www.linkedin.com/company/quantstruct,https://x.com/quantstruct,Sarthak Srinivas; Newman Hu,https://linkedin.com/in/sarthaksrinivas; https://www.linkedin.com/in/newmanhu/,https://x.com/sarthaksrinivas; ,,No,2,No,,,Early,B2B
invo,Invo,Winter 2025,Active,https://www.tryinvo.com/,tryinvo.com,https://www.ycombinator.com/companies/invo,infra for computer use agents,,,High,https://www.linkedin.com/company/invo-ai,,,,,,No,1,No,,,Early,B2B
onlook,Onlook,Winter 2025,Active,https://onlook.com/,onlook.com,https://www.ycombinator.com/companies/onlook,Cursor for Designers,San Francisco,US,High,https://www.linkedin.com/company/onlook-dev,https://x.com/onlookdev,Daniel Farrell,https://www.linkedin.com/in/danielrfarrell/,https://twitter.com/D_R_Farrell,,No,4,Yes,,,Early,B2B
delineate,Delineate,Winter 2025,Active,https://delineate.pro/,delineate.pro,https://www.ycombinator.com/companies/delineate,Agents for Accelerated Clinical Trial Design,Boston,US,High,https://www.linkedin.com/company/delineate-pro/,,Emily Nieves; Jawad Iqbal,https://www.linkedin.com/in/emily-nieves-a67b90144/; https://www.linkedin.com/in/jawad-iqbal/,; ,,No,20,No,,,Early,B2B
exin-therapeutics,Exin Therapeutics,Winter 2025,Active,https://www.exintherapeutics.com/,exintherapeutics.com,https://www.ycombinator.com/companies/exin-therapeutics,AI drug discovery platform for neurotherapeutics,San Francisco,US,High,https://www.linkedin.com/company/exin-therapeutics,https://x.com/ExinTx,Gabriel Ocana Santero; Marko Tvrdic,https://www.linkedin.com/in/gabriel-ocana-santero-85b41819a; https://www.linkedin.com/in/marko-tvrdic/,https://x.com/OcanaSantero; https://twitter.com/markotvrdic,,No,9,No,0,,Early,Healthcare
uncommon-therapeutics,Uncommon Therapeutics,Winter 2025,Active,https://uncommontherapeutics.com,uncommontherapeutics.com,https://www.ycombinator.com/companies/uncommon-therapeutics,"A Disease Focused Biotech, Building Multiple Billion Dollar Drugs",San Francisco,US,No,,,Noah Auerhahn; Ryan Lim,https://www.linkedin.com/in/noahauerhahn/; https://www.linkedin.com/in/ryanlimphd,; ,,No,2,No,,,Early,Healthcare
youshift,YouShift,Winter 2025,Active,https://www.you-shift.com/,you-shift.com,https://www.ycombinator.com/companies/youshift,The OS for hospital workforce management,"New York City, NY",US,High,https://www.linkedin.com/company/you-shift,,Lucía Vives Martorell; Jota Chamorro; Adolfo Roquero Gimenez,https://www.linkedin.com/in/luciavivesmartorell/; https://linkedin.com/in/jotachamorro; https://linkedin.com/in/adolfo-roquero-gimenez-a8b853181,; ; ,,No,10,Yes,,,Early,B2B
overstand-labs,Overstand Labs,Winter 2025,Active,https://overstandlabs.com,overstandlabs.com,https://www.ycombinator.com/companies/overstand-labs,Navigate any set of data - no matter how large - in minutes.,"New York City, NY",US,High,https://www.linkedin.com/company/overstand-labs/,https://x.com/OverstandLabs,Mihir Patil; Derrick Cheng,https://www.linkedin.com/in/mihirnpatil/; https://www.linkedin.com/in/chengderrick,; http://twitter.com/dowithderrick,1000000,No,4,No,0,,Early,B2B
tensorpool,TensorPool,Winter 2025,Acquired,https://tensorpool.dev,tensorpool.dev,https://www.ycombinator.com/companies/tensorpool,Vercel For GPUs,San Francisco,US,High,https://www.linkedin.com/company/105594641/,https://x.com/tensorpool,Tycho Svoboda; Joshua Martinez; Hlumelo Notshe,https://www.linkedin.com/in/tycho-svoboda/; https://www.linkedin.com/in/joshkmartinez/; https://www.linkedin.com/in/hlumelo-notshe,https://x.com/TychoSvoboda; https://x.com/joshkmartinez; ,,No,3,No,,,Early,B2B
zeroentropy,ZeroEntropy,Winter 2025,Acquired,https://www.zeroentropy.dev,zeroentropy.dev,https://www.ycombinator.com/companies/zeroentropy,Artificial Specialized Intelligence,San Francisco,US,High,https://www.linkedin.com/company/zeroentropy-inc/,https://x.com/zeroentropy_ai,Ghita Houir Alami; Nicholas Pipitone,https://linkedin.com/in/ghita-houir-alami; https://www.linkedin.com/in/nicholas-pipitone-5736a2107/,https://www.x.com/ghita__ha; ,4450000,No,6,No,0,,Early,B2B
egress-health,Egress Health,Winter 2025,Acquired,https://tryegress.com,tryegress.com,https://www.ycombinator.com/companies/egress-health,"Automated revenue cycle management, starting with dentists",San Francisco,US,High,https://www.linkedin.com/company/tryegress,,Alex Pedersen,https://linkedin.com/in/alex-pedersen-30340915a,,,No,2,No,,,Early,Healthcare
altrina,Altrina,Winter 2025,Inactive,https://altrina.com,altrina.com,https://www.ycombinator.com/companies/altrina,The SOP Automation Platform,San Francisco,US,High,https://www.linkedin.com/company/altrina,https://x.com/altrina_ai,Mo Nasir; Harvey Hu,https://linkedin.com/in/mohammednasir; https://www.linkedin.com/in/yubin-hu-berkeley/,; https://x.com/harveyhucal,,No,4,No,,,Early,B2B
sublingual,Sublingual,Winter 2025,Inactive,https://sublingual.ai/,sublingual.ai,https://www.ycombinator.com/companies/sublingual,Daily productivity tracker,San Francisco,US,High,,,Matthew Tang; Dylan Bowman,https://www.linkedin.com/in/mhtang2/; https://www.linkedin.com/in/dylan-bowman-68a56218b/,; ,,No,2,No,,,Early,B2B
asha-health,Asha Health,Fall 2024,Active,https://asha.health,asha.health,https://www.ycombinator.com/companies/asha-health,We help medical practices become AI-native,"New York City, NY",US,High,https://www.linkedin.com/company/asha-health-ai/,https://x.com/asha_health_ai,Akkshay Khoslaa; Gokul Kumarresen,https://www.linkedin.com/in/akkshay/; https://www.linkedin.com/in/gokul-kumarresen/,https://twitter.com/akkshaykhoslaa; https://x.com/GokulKumarresen,,No,9,Yes,,,Early,Healthcare
apolink,Apolink,Fall 2024,Active,https://apolink.space,apolink.space,https://www.ycombinator.com/companies/apolink,24/7 satellite connectivity in low Earth orbit,San Francisco,US,No,https://linkedin.com/company/apolinkHQ,https://x.com/apolinkHQ,Onkar Batra,https://www.linkedin.com/in/ionkarbatra/,https://x.com/ionkarbatra,4300000,No,7,Yes,4,Internship General App; General Application ; Chief Engineer (Optical Comms); Astrodynamics Lead (Founding Role),Early,Industrials
humanlayer,HumanLayer,Fall 2024,Active,https://humanlayer.com,humanlayer.com,https://www.ycombinator.com/companies/humanlayer,The multiplayer control plane for your software factory,San Francisco,US,High,https://www.linkedin.com/company/humanlayer-dev/,https://twitter.com/humanlayer_dev,Dexter Horthy,https://linkedin.com/in/dexterihorthy,https://twitter.com/dexhorthy,,No,2,Yes,,,Early,B2B
loombotic,Loombotic,Fall 2024,Active,https://www.loombotic.com,loombotic.com,https://www.ycombinator.com/companies/loombotic,Wire Harnesses in as little as 7 days,"Toronto, Canada",CA,No,https://www.linkedin.com/company/loombotic,https://x.com/loombotic,Lucas Crupi; Ethan Breit,https://linkedin.com/in/lucas-crupi-4a7037177; https://linkedin.com/in/ethan-breit-a7ba81180,; ,,No,25,No,,,Early,Industrials
roundabout-technologies,Roundabout Technologies,Fall 2024,Active,https://roundabout.tech,roundabout.tech,https://www.ycombinator.com/companies/roundabout-technologies,Software for AI-powered traffic lights,San Francisco,US,High,https://linkedin.com/company/roundabout-tech,https://x.com/aitrafficlights,Collin Barnwell; Sabeek Pradhan,https://www.linkedin.com/in/collinbarnwell ; https://www.linkedin.com/in/sabeek-pradhan-0135865a,; https://x.com/sabeekpradhan,,No,5,No,,,Early,Government
synth-3,Synth,Fall 2024,Active,https://www.usesynth.ai,usesynth.ai,https://www.ycombinator.com/companies/synth-3,Prompt and Context Optimization for Coding Agents,San Francisco,US,High,https://www.linkedin.com/company/105503800,https://x.com/UseSynth,Josh Purtell,https://www.linkedin.com/in/joshua-purtell/,https://x.com/JoshPurtell,,No,2,No,,,Early,B2B
careforce,Careforce,Fall 2024,Active,https://careforce.ai/,careforce.ai,https://www.ycombinator.com/companies/careforce,"AI Workers for Healthcare Orgs to Find, Call & Schedule More Patients.",San Francisco,US,High,https://www.linkedin.com/company/104092972,,Huzaifa Sial,https://www.linkedin.com/in/hsial/,,,No,9,Yes,,,Early,Healthcare
canvas,Canvas,Fall 2024,Active,https://www.canvas.inc/,canvas.inc,https://www.ycombinator.com/companies/canvas,Building AI systems that improve from experience.,San Francisco,US,High,https://www.linkedin.com/company/canvasai/,https://x.com/canvasdotinc,Essam Sleiman,https://www.linkedin.com/in/essam-sleiman-4253b1128,https://x.com/essamsleiman,,No,3,No,,,Early,B2B
ember,Ember,Fall 2024,Active,https://www.embercopilot.ai,embercopilot.ai,https://www.ycombinator.com/companies/ember,AI RCM. Increase net revenue by 16%. ,San Francisco,US,High,https://www.linkedin.com/company/embercopilot,https://twitter.com/embercopilotAI,Charlene Wang; Warren Wang,https://linkedin.com/in/hsinleiwang; https://www.linkedin.com/in/warrenweinwang,https://twitter.com/hsinleiwang; ,4800000,Yes,25,Yes,4,Healthcare SDR; Healthcare Account Executive (Mid-Market); Growth Marketer; Founding Engineer,Early,Healthcare
relvy-ai,Relvy AI,Fall 2024,Active,https://www.relvy.ai,relvy.ai,https://www.ycombinator.com/companies/relvy-ai,AI powered debugging notebooks for incident response,San Francisco,US,High,https://www.linkedin.com/company/relvyai,,Bharath Bhat; Simranjit Singh,https://linkedin.com/in/bharathpbhat; https://linkedin.com/in/simranjit2112,https://twitter.com/bharathpbhat; https://x.com/simsingh2112,,No,3,No,,,Early,B2B
freestyle-ai,Freestyle,Fall 2024,Active,https://www.freestyle.ai,freestyle.ai,https://www.ycombinator.com/companies/freestyle-ai,The AI Assistant for Gmail,San Francisco,US,High,https://www.linkedin.com/company/fridaymail/,https://x.com/freestyledotai,Allen Naliath,https://www.linkedin.com/in/allennaliath/,https://x.com/AllenNaliath,,No,3,No,0,,Early,Consumer
laminar-com,Laminar,Fall 2024,Active,https://laminar.com,laminar.com,https://www.ycombinator.com/companies/laminar-com,Enterprise systems delivery without the turbulence.,San Francisco,US,High,https://www.linkedin.com/company/laminar,,Raj Kadiyala; Edward Aryee,https://www.linkedin.com/in/rajsekhark/; https://www.linkedin.com/in/edwardaryee/,; ,3000000,Yes,15,Yes,3,Member of Technical Staff; Laminar | Technical Intern; Laminar | Intern,Early,B2B
ryvn,Ryvn,Fall 2024,Active,https://ryvn.ai,ryvn.ai,https://www.ycombinator.com/companies/ryvn,Easy and secure customer cloud deployments,"New York City, NY",US,No,https://www.linkedin.com/company/ryvn/,https://x.com/ryvnai,Albert Lam; Shardool Patel,https://linkedin.com/in/simplyalam; https://www.linkedin.com/in/sp97/,https://x.com/albertlam_; ,,No,5,Yes,,,Early,B2B
melder,Melder,Fall 2024,Active,https://melder.io,melder.io,https://www.ycombinator.com/companies/melder,AI formulas and document support for Microsoft Excel,"New York City, NY",US,High,https://www.linkedin.com/company/melderai/,,Ashwin Dharne; Philip Brewer,https://www.linkedin.com/in/ashwindharne/; https://www.linkedin.com/in/philip-brewer/,https://x.com/AshwinDharne; ,,No,2,No,,,Early,B2B
vaya,Vaya,Fall 2024,Active,https://flyvaya.com,flyvaya.com,https://www.ycombinator.com/companies/vaya,Discover your next vacation for less.,San Francisco,US,No,,,Arav Seth; Kesav Kosana,https://www.linkedin.com/in/aravseth; ,; https://x.com/kesavkosana,,No,2,No,,,Early,Consumer
x1,x1,Fall 2024,Active,https://x1.new/,x1.new,https://www.ycombinator.com/companies/x1,AI app builder for creating and launching iPhone apps,San Francisco,US,High,,,Manil Lakabi,https://linkedin.com/in/manillakabi,,,No,5,Yes,,,Early,Consumer
forerunner-ai,Forerunner AI,Fall 2024,Active,https://tryforerunner.com,tryforerunner.com,https://www.ycombinator.com/companies/forerunner-ai,AI that gets aircraft flying faster,San Francisco,US,High,https://www.linkedin.com/company/tryforerunner/,https://x.com/TryForerunner,Yash Kadadi; Will Nida,https://linkedin.com/in/yashkadadi; https://linkedin.com/in/william-nida,; https://x.com/willnida0,,No,2,No,,,Early,Industrials
futureclinic,FutureClinic,Fall 2024,Active,https://www.futureclinic.com,futureclinic.com,https://www.ycombinator.com/companies/futureclinic,Personal doctors through chat,"New York City, NY",US,High,https://www.linkedin.com/company/futureclinic,,Usama Syed; Nabil Belahouane; Hassan Mirza,https://linkedin.com/in/usama-syed-419b0078; https://www.linkedin.com/in/nabil-belahouane; https://www.linkedin.com/in/hassan-m-b07250256/,https://twitter.com/usamasyedmd; ; ,,No,4,No,,,Early,Healthcare
struct-ai,Struct,Fall 2024,Active,https://struct.ai,struct.ai,https://www.ycombinator.com/companies/struct-ai,Struct keeps prod running,San Francisco,US,High,https://www.linkedin.com/company/trystruct,https://x.com/trystruct,Nimesh Chakravarthi; Deepan Mehta,https://linkedin.com/in/nimesh-chakravarthi-68238749; https://linkedin.com/in/deepanmehta,https://x.com/nimeshmc; https://x.com/meksikanpijha,,No,3,No,,,Early,B2B
surge,Surge,Fall 2024,Active,https://surge.app,surge.app,https://www.ycombinator.com/companies/surge,Stripe for telephony,"Lehi, UT",US,No,https://www.linkedin.com/company/surgeapi,https://x.com/surgeapi,Dennis Beatty; Brett Beatty,https://linkedin.com/in/dnsbty; https://www.linkedin.com/in/brett-t-beatty,https://x.com/dnsbty; https://twitter.com/brett_beatty,,No,3,No,,,Early,B2B
sunset,Sunset,Fall 2024,Active,https://www.hellosunset.com/,hellosunset.com,https://www.ycombinator.com/companies/sunset,Find and move money after a death,"Salt Lake City, UT",US,No,https://www.linkedin.com/company/sunset-estate-app/,https://x.com/SunsetEstateApp,Stephen Walter; Kaela Worthen,https://www.linkedin.com/in/stephen-walter-sunset/; https://www.linkedin.com/in/kaelaworthen/,https://x.com/stephen_walter; ,,No,5,No,,,Early,Fintech
archilabs,ArchiLabs,Fall 2024,Active,https://archilabs.ai,archilabs.ai,https://www.ycombinator.com/companies/archilabs,AI Data Center Design,San Francisco,US,High,https://www.linkedin.com/company/archilabs-ai/,,Brian Bakerman; William Meng,https://linkedin.com/in/brianbakerman; https://www.linkedin.com/in/william-meng/,; ,,No,3,Yes,,,Early,Real Estate and Construction
revi,Revi,Fall 2024,Active,https://www.revi.ai/,revi.ai,https://www.ycombinator.com/companies/revi,AI-enabled M&A deal origination,"New York City, NY",US,High,https://www.linkedin.com/company/revi,,Max Nuyen; Benjamin McKinzey,https://www.linkedin.com/in/max-nuyen-460851129/; https://www.linkedin.com/in/benjamin-mckinzey-19952a25b/,; ,,No,2,No,,,Early,B2B
metreecs,Metreecs,Fall 2024,Active,https://www.metreecs.com,metreecs.com,https://www.ycombinator.com/companies/metreecs,AI-powered demand forecasting for retail,"Paris, France",FR,High,https://www.linkedin.com/company/metreecs/,,Thibaut Pellegrin; Martin Dimitrov; Elie Dufeu,https://www.linkedin.com/in/thibaut-pellegrin-0b4353171/; https://www.linkedin.com/in/mardimitrov/; https://www.linkedin.com/in/elie-dufeu-goldenberg,; ; ,3667046,No,6,No,0,,Early,B2B
diffusion-studio,Diffusion Studio,Fall 2024,Active,https://diffusion.studio/,diffusion.studio,https://www.ycombinator.com/companies/diffusion-studio,Turn your agent into a professional video editor,Germany,DE,High,https://www.linkedin.com/company/diffusionstudio/,https://x.com/diffusionhq,Konstantin Paulus,https://www.linkedin.com/in/konstantin-paulus,,,No,2,No,,,Early,Consumer
kilvin,Kilvin,Fall 2024,Active,https://www.kilvin.ai,kilvin.ai,https://www.ycombinator.com/companies/kilvin,Custom software for your business,"New York City, NY",US,High,https://linkedin.com/company/kilvin-ai/,https://x.com/cschlaep,Christopher Schlaepfer; Jorrie Brettin,https://www.linkedin.com/in/cschlaep/; https://www.linkedin.com/in/jorrie-brettin-349a6383/,https://x.com/cschlaep; ,,No,3,Yes,,,Early,B2B
alex,Alex,Fall 2024,Active,https://alexcodes.app,alexcodes.app,https://www.ycombinator.com/companies/alex,The Cursor for Xcode,San Francisco,US,No,https://www.linkedin.com/company/alex-sidebar/,,Daniel Edrisian,https://www.linkedin.com/in/daniel-edrisian/,https://x.com/DanielEdrisian,20000000,No,3,Yes,1,Founding Engineer,Early,B2B
innate,Innate,Fall 2024,Active,https://innate.bot,innate.bot,https://www.ycombinator.com/companies/innate,Personal AI Robots,San Francisco,US,High,https://www.linkedin.com/company/innate-bot,https://x.com/innate_bot,Axel Peytavin; Vignesh Anand,https://linkedin.com/in/axel-peytavin; https://www.linkedin.com/in/vignesh-anand-iitb/,https://x.com/ax_pey; ,,No,7,Yes,,,Early,Consumer
capy,Capy,Fall 2024,Active,https://capy.ai,capy.ai,https://www.ycombinator.com/companies/capy,The IDE for the parallel age,San Francisco,US,High,https://www.linkedin.com/company/capydotai,https://twitter.com/capydotai,Nalin Semwal; Justin Sun,https://www.linkedin.com/in/nsemwal; https://linkedin.com/in/justinsunyt,https://x.com/lordspline; https://twitter.com/justinsunyt,,No,6,Yes,,,Early,B2B
consus,Consus,Fall 2024,Active,https://www.consus.io,consus.io,https://www.ycombinator.com/companies/consus,The fastest and cheapest way to use AI with ITAR or CUI data. ,San Francisco,US,High,https://www.linkedin.com/company/consusindustries,,Eric Magliarditi,https://www.linkedin.com/in/ericmagliarditi/,,,No,1,Yes,,,Early,Industrials
collectwise,CollectWise,Fall 2024,Active,https://collectwise.com/,collectwise.com,https://www.ycombinator.com/companies/collectwise,Automating consumer debt collection with AI,"New York City, NY",US,High,,,Sean OBrien,https://linkedin.com/in/sean-o-brien-412b28175,,,No,12,Yes,,,Early,Fintech
origami-2,Origami,Fall 2024,Active,https://origami.chat/,origami.chat,https://www.ycombinator.com/companies/origami-2,Enter your domain & Origami gets you customers.,San Francisco,US,High,https://www.linkedin.com/company/origamiagents/,https://x.com/fin465,Finn Mallery; Kenson Chung,https://www.linkedin.com/in/finn-m/; https://www.linkedin.com/in/kenson-chung-837849230/,https://x.com/fin465; ,,No,10,No,0,,Early,B2B
fresco,Fresco,Fall 2024,Active,https://fresco-ai.com/,fresco-ai.com,https://www.ycombinator.com/companies/fresco,AI copilot for construction estimators,San Francisco,US,High,https://www.linkedin.com/company/104799979/admin/dashboard/,,Arvind Veluvali; Akhil Gupta,https://linkedin.com/in/arvindveluvali; https://linkedin.com/in/akhil-climate,; ,,No,2,Yes,,,Early,Real Estate and Construction
permitportal,PermitPortal,Fall 2024,Active,https://permitportalapp.com/,permitportalapp.com,https://www.ycombinator.com/companies/permitportal,AI Operating System for Pre-construction,San Francisco,US,High,https://www.linkedin.com/company/permitportal/,https://x.com/permitportal,Radu Mazilu,https://www.linkedin.com/in/rgmazilu/,https://twitter.com/rgmazilu,,No,2,Yes,,,Early,Real Estate and Construction
gecko-security,Gecko Security,Fall 2024,Active,https://gecko.security,gecko.security,https://www.ycombinator.com/companies/gecko-security,The AI Security Engineer to Find and Fix Vulnerabilities ,"London, United Kingdom",GB,High,https://www.linkedin.com/company/geckosec,https://x.com/gecko_sec,Jeevan Jutla; Artemiy Malyshau,https://www.linkedin.com/in/jeevan-jutla/; https://www.linkedin.com/in/artemiy-malyshau/,https://x.com/jjjutla; https://x.com/nkoorty,,No,2,No,,,Early,B2B
dexter,Dexter,Fall 2024,Active,https://www.getdexter.co/,getdexter.co,https://www.ycombinator.com/companies/dexter,Spend Intelligence for Complex Enterprises,"Berlin, Germany",DE,High,https://www.linkedin.com/company/getdexter,https://x.com/get_dexter,Bella Wu; Vincent Garrigues; Caterina Kiehntopf,https://linkedin.com/in/bellacwu; https://www.linkedin.com/in/garriguv/; https://www.linkedin.com/in/caterina-kiehntopf/,https://x.com/bellacwu; ; ,,No,3,No,,,Early,B2B
moonshine,Moonshine,Fall 2024,Active,https://usemoonshine.com,usemoonshine.com,https://www.ycombinator.com/companies/moonshine,Extending AI to interact with the real world,San Francisco,US,High,https://www.linkedin.com/company/usemoonshine,https://x.com/sipmoonshine,Ganesh Pimpale; Harsha Gundala,https://www.linkedin.com/in/ganesh-pimpale/; https://linkedin.com/in/harshagundala,https://x.com/Ganeshmpimpale; ,,No,2,No,,,Early,B2B
abundant,Abundant,Fall 2024,Active,https://www.abundant.ai/,abundant.ai,https://www.ycombinator.com/companies/abundant,Agent simulation and RL for researchers,San Francisco,US,High,https://www.linkedin.com/company/abundant-ai/,,Jesse Hu; Meji Abidoye; Ke Huang,https://linkedin.com/in/jessehu; https://www.linkedin.com/in/meji-abidoye/; https://www.linkedin.com/in/ke-huang-07611058,; ; ,,No,7,Yes,,,Early,B2B
autocomputer,AutoComputer,Fall 2024,Active,https://www.autocomputer.ai/,autocomputer.ai,https://www.ycombinator.com/companies/autocomputer,Desktop RPA with AI computer use,San Francisco,US,High,,,Madhav Singhal,https://www.linkedin.com/in/ms337/,https://twitter.com/madhavsinghal_,,No,2,No,,,Early,B2B
crustdata,Crustdata,Fall 2024,Active,https://crustdata.com,crustdata.com,https://www.ycombinator.com/companies/crustdata,Real-time B2B data via simple APIs,,,High,https://www.linkedin.com/company/crustdata,,Abhilash Chowdhary; Manmohit Grewal; Chris Pisarski,https://linkedin.com/in/abhilash-chowdhary; https://www.linkedin.com/in/manmohitgrewal/; https://linkedin.com/in/chris-pisarski,https://twitter.com/thechowdhary; https://x.com/ManmohitG; https://x.com/chrispisarski,,No,30,Yes,7,Founding Product Engineer; Senior Data Platform Engineer; Founding Forward Deployed Engineer; Software Engineering Intern (Forward Deployed) | Summer 2026 ; Founding ML Engineer; Founding ML Engineer (India); ML Engineer Intern | Summer 2026,Early,B2B
tiny,Tiny,Fall 2024,Active,https://andtiny.com,andtiny.com,https://www.ycombinator.com/companies/tiny,A new kind of ERP system for factories,"Singapore, Singapore",SG,Medium,https://www.linkedin.com/company/and-tiny,,Edward Zhang,https://www.linkedin.com/in/edward-zhang-14685828/,,,No,3,No,,,Early,B2B
vly-ai-2,vly.ai,Fall 2024,Active,https://vly.ai,vly.ai,https://www.ycombinator.com/companies/vly-ai-2,The Lovable & Replit killers,San Francisco,US,High,https://linkedin.com/company/vly-ai,https://x.com/vly_ai,Victor Cheng,https://www.linkedin.com/in/victor-cheng-89a161180/,https://x.com/victorxheng,,No,3,No,,,Early,B2B
pearson-labs,Pearson Labs,Fall 2024,Active,http://www.pearsonlabs.ai,pearsonlabs.ai,https://www.ycombinator.com/companies/pearson-labs,AI agents to automate corporate transactions,San Francisco,US,High,,,Stephanie Young,https://www.linkedin.com/in/stephanieyoung1/,,,No,2,No,,,Early,B2B
stewdio,Stewdio,Fall 2024,Active,https://www.stewdio.ai,stewdio.ai,https://www.ycombinator.com/companies/stewdio,All-in-one AI creative platform,"New York City, NY",US,High,https://www.linkedin.com/company/cekura,,Jialiang (JZ) Zhou; Blake Shao,https://www.linkedin.com/in/jialiang-zhou/; https://www.linkedin.com/in/tianyi-shao-46597b21b/,https://twitter.com/jz2letters; https://x.com/rmptmlk,,No,2,No,,,Early,Consumer
beglaubigtde,Beglaubigt.de,Fall 2024,Active,https://beglaubigt.de/en-us,beglaubigt.de,https://www.ycombinator.com/companies/beglaubigtde,The legal back-office for European founders - the incorporation API…,Germany,DE,No,https://www.linkedin.com/company/beglaubigt/,https://x.com/beglaubigt,Alexander Sporenberg; Felix Gerlach,https://linkedin.com/in/alexsporenberg; https://linkedin.com/in/felixgerlach,; https://x.com/felixgerlach,,No,15,Yes,,,Early,B2B
unusual,Unusual,Fall 2024,Active,https://unusual.ai,unusual.ai,https://www.ycombinator.com/companies/unusual,Market to AI agents,San Francisco,US,High,https://www.linkedin.com/company/104397499/,,Will Jack; Keller Maloney,https://linkedin.com/in/willjack; https://www.linkedin.com/in/keller-maloney-130856187/,https://x.com/willwjack; https://twitter.com/KellerMaloney,4100000,Yes,4,Yes,2,Founding Engineer - Full Stack; Agent Marketing Consultant,Early,B2B
withcharm,Charm,Fall 2024,Active,https://charm.cash/,charm.cash,https://www.ycombinator.com/companies/withcharm,Charm is the universal payments app — send money to anyone.,"New York City, NY",US,No,,,Gray Newfield; Noah Newfield,https://www.linkedin.com/in/gray-newfield-447b9b111/; https://www.linkedin.com/in/noah-newfield-208a40129/,https://x.com/gray_newfield; https://x.com/NoahNewfield,,No,1,No,,,Early,Consumer
hybrd,HYBRD,Fall 2024,Active,https://www.hybrd.com/,hybrd.com,https://www.ycombinator.com/companies/hybrd,coaching agents for athletes,Boston,US,High,https://www.linkedin.com/company/hybrd-do-hard-things/,https://twitter.com/hybrd_app,"Ben Katz; Matt Ruiters; Caroline ""Shoe"" Shoemaker; Mats Terwiesch",https://www.linkedin.com/in/benjaminlkatz/; https://www.linkedin.com/in/matthew-c-ruiters/; https://www.linkedin.com/in/shoe-shoemaker/; https://www.linkedin.com/in/mats-terwiesch/,https://twitter.com/benlkatz; https://x.com/__ruiters; ; ,,No,5,No,,,Early,Consumer
freebuff,Freebuff,Fall 2024,Active,https://freebuff.com,freebuff.com,https://www.ycombinator.com/companies/freebuff,The free coding agent,San Francisco,US,High,https://www.linkedin.com/company/codebuff,https://x.com/codebuffai,James Grugett; Dawson Chen,https://www.linkedin.com/in/james-grugett; https://linkedin.com/in/dawson-chen-9b62a8183,https://x.com/jahooma; https://x.com/darweenist,,No,4,Yes,,,Early,B2B
karmen,Karmen,Fall 2024,Active,https://www.karmenai.com,karmenai.com,https://www.ycombinator.com/companies/karmen,Your AI scheduling assistant for construction,San Francisco,US,High,https://www.linkedin.com/company/karmenai/,,Jonas Ebrahimi; Naman Wahi,https://linkedin.com/in/aabrbaskfna; https://www.linkedin.com/in/naman-wahi/,; ,,No,2,No,,,Early,Real Estate and Construction
lingodotdev,Lingo.dev,Fall 2024,Active,https://lingo.dev,lingo.dev,https://www.ycombinator.com/companies/lingodotdev,The Localization Engineering Platform,San Francisco,US,High,https://www.linkedin.com/company/lingodotdev/,https://x.com/lingodotdev,Max Prilutskiy; Veronica Prilutskaya,https://www.linkedin.com/in/maxprilutskiy; https://www.linkedin.com/in/vrcprl/,https://twitter.com/maxprilutskiy; https://twitter.com/vrcprl,4700000,Yes,7,Yes,1,Senior Content Engineer,Early,B2B
sphinx,Sphinx,Fall 2024,Active,https://sphinxhq.com/,sphinxhq.com,https://www.ycombinator.com/companies/sphinx,AI Compliance Analysts for Banks & Fintechs,San Francisco,US,High,https://www.linkedin.com/company/sphinx-hq,https://x.com/Sphinx_HQ,Alexandre Berkovic; Chrisjan Wust,https://linkedin.com/in/alexandreberkovic; https://linkedin.com/in/chrisjan-wust,https://x.com/alexberkovic; https://x.com/ChrisWust,7599999,No,14,No,0,,Early,Fintech
luthor,Luthor,Fall 2024,Active,https://luthor.ai,luthor.ai,https://www.ycombinator.com/companies/luthor,Real-time governance for enterprise communications,San Francisco,US,High,https://www.linkedin.com/company/luthor,https://x.com/luthorai,Glenn Espinosa,https://www.linkedin.com/in/glennespinosa,https://x.com/gxespino,,No,3,Yes,,,Early,B2B
keye,Keye,Fall 2024,Active,https://www.keye.co,keye.co,https://www.ycombinator.com/companies/keye,The Smartest Private Equity Investor,"New York City, NY",US,High,https://www.linkedin.com/company/keye,https://x.com/keye_co,Rohan Parikh; Conor Brown; Lalit Lal,https://www.linkedin.com/in/parikhrohan/; https://www.linkedin.com/in/conor-brown-9a02849b/; https://www.linkedin.com/in/lalitlal,; ; ,,No,3,Yes,2,Founding Private Equity Strategist ; Software Engineer (Remote),Early,Fintech
riskcube,RiskCube,Fall 2024,Active,https://riskcube.com,riskcube.com,https://www.ycombinator.com/companies/riskcube,America’s first AI-native reinsurer for emerging risks.,San Francisco,US,High,https://www.linkedin.com/company/riskcube,https://x.com/riskcube_ai?s=11,Andrei Craciunescu,https://www.linkedin.com/in/andrei-craciunescu/,https://x.com/andreicscu,,No,3,No,,,Early,Fintech
ctgt,CTGT,Fall 2024,Active,https://www.ctgt.ai/,ctgt.ai,https://www.ycombinator.com/companies/ctgt,The deterministic layer for frontier intelligence,San Francisco,US,High,https://www.linkedin.com/company/ctgt/,https://twitter.com/CTGTInc,Cyril Gorlla,https://linkedin.com/in/cyrilgorlla,https://twitter.com/cyrilgorlla,7699998,Yes,10,Yes,6,"Machine Learning Engineer: LLM Interpretability & Systems; Senior Software Engineer; Senior Software Engineer, Platform; Senior Software Engineer, Product; Software Engineering Intern (Summer 2027); Research Intern: Interpretability & Reliability (Summer 2027)",Early,B2B
general-learning,General Learning,Fall 2024,Active,https://generallearning.com,generallearning.com,https://www.ycombinator.com/companies/general-learning,AI tutors for students.,"Hong Kong, Hong Kong",HK,High,https://www.linkedin.com/company/revision-dojo/,,Bowen Liu; Janet Liu; Michael Tong,https://www.linkedin.com/in/bowen-liu/; https://linkedin.com/in/janetwkliu; https://linkedin.com/in/michaelytong,; ; https://x.com/michaelytong,,No,35,No,0,,Early,Education
issen,ISSEN,Fall 2024,Active,https://issen.com,issen.com,https://www.ycombinator.com/companies/issen,AI realtime voice companion for language learning,"New York City, NY",US,High,https://www.linkedin.com/company/105774803/,,Mariano Sorgente,https://www.linkedin.com/in/sorgente,https://twitter.com/sorgente711,,No,1,No,,,Early,Consumer
attimet,attimet,Fall 2024,Active,https://attimet.com/,attimet.com,https://www.ycombinator.com/companies/attimet,Building the Prime Radiant,San Francisco,US,High,https://www.linkedin.com/company/attimet/,,Kirthi Banothu; Xiaoyu Li,https://linkedin.com/in/kirthibanothu; https://linkedin.com/in/xiaoyuli240,https://x.com/kirthibanothu; ,,No,3,Yes,,,Early,Fintech
smooth,Smooth,Fall 2024,Active,https://smooth.sh,smooth.sh,https://www.ycombinator.com/companies/smooth,"Fast, simple, reliable AI browser agent","London, United Kingdom",GB,High,https://www.linkedin.com/company/circlemindai,https://x.com/circlemind_ai,Antonio Vespoli,https://linkedin.com/in/antonio-vespoli-895727121,,,No,2,Yes,,,Early,B2B
reticular,Reticular,Fall 2024,Active,https://reticular.com,reticular.com,https://www.ycombinator.com/companies/reticular,Scaling Genomic AI for Embryo Selection,San Francisco,US,High,https://www.linkedin.com/company/reticular-yc-f24/,https://x.com/ReticularAI,John Yang,https://linkedin.com/in/johnyang101,,,No,2,No,,,Early,Healthcare
astrix-health,Matcha,Fall 2024,Active,https://www.matcha-health.com,matcha-health.com,https://www.ycombinator.com/companies/astrix-health,The best way to hire clinical talent.,"New York City, NY",US,High,https://www.linkedin.com/company/matcha-health,,Abhinav Swaminathan; Thomas Blake,https://www.linkedin.com/in/abuswami/; https://www.linkedin.com/in/thomas-blake-abbba0151/,; ,,No,2,No,,,Early,Healthcare
endstack,Endstack,Fall 2024,Active,https://www.endstack.com,endstack.com,https://www.ycombinator.com/companies/endstack,"The complete, collaborative workspace for humans and agents","Los Angeles, CA",US,High,https://www.linkedin.com/company/endstack-com,https://x.com/endstack,Sam Park; Josh Park,https://www.linkedin.com/in/samuel-park04/; https://www.linkedin.com/in/joshua-park-a26561279,https://x.com/samuelpark; https://x.com/joshhpark,,No,2,No,,,Early,B2B
archil,Archil,Fall 2024,Active,https://archil.com,archil.com,https://www.ycombinator.com/companies/archil,The high-performance file system that connects AI to data,San Francisco,US,High,https://www.linkedin.com/company/archil,https://x.com/archildata,Hunter Leath,https://www.linkedin.com/in/hleath/,https://x.com/jhleath,18000000,No,11,No,0,,Growth,B2B
sandra-ai,Sandra AI,Fall 2024,Active,https://www.sandra-ai.com,sandra-ai.com,https://www.ycombinator.com/companies/sandra-ai,Building AI employees for car dealers,"Paris, France",FR,High,https://www.linkedin.com/company/sandra-ai/,,Badr El Idrissi Mokdad; Ismail Majjad; Skandere Sahli,https://linkedin.com/in/badr-el-idrissi-mokdad-a36336177; https://linkedin.com/in/ismailmajjad; https://linkedin.com/in/skand%C3%A8re-sahli-8a152616b,; ; ,,No,3,No,,,Early,B2B
vespper,Vespper,Fall 2024,Active,https://vespper.com/?utm_source=ycombinator.com,vespper.com,https://www.ycombinator.com/companies/vespper,The best DOCX MCP for agents to edit microsoft word documents,San Francisco,US,High,https://www.linkedin.com/company/vespper,https://twitter.com/vespperdotcom,Topaz Turkenitz; Dudu Lasry,https://linkedin.com/in/topaz-t; https://linkedin.com/in/dudu-lasry-05022879,https://www.twitter.com/topaz_tee; https://twitter.com/DavidLasry17164,,No,2,No,,,Early,B2B
vortexify,Vortexify,Fall 2024,Active,https://www.vortexify.ai,vortexify.ai,https://www.ycombinator.com/companies/vortexify,Build full-stack applications for business operations with AI,"New York City, NY",US,High,https://www.linkedin.com/company/vortexifyai/,,Aditya Tewari; Ransika Liyanage,https://www.linkedin.com/in/adityatewari/; https://www.linkedin.com/in/ransika-liyanage/,; ,,No,2,No,,,Early,B2B
revyl,Revyl,Fall 2024,Active,https://www.revyl.com,revyl.com,https://www.ycombinator.com/companies/revyl,The Mobile Development Platform,San Francisco,US,High,https://www.linkedin.com/company/revylai/,https://x.com/tryrevyl,Landseer Enga; Anam Hira,https://linkedin.com/in/landseerenga; https://linkedin.com/in/anam-h-5b37a2125,https://x.com/landseerenga; https://x.com/anamhira,1600000,Yes,16,Yes,4,Engineering Intern; GTM Intern; Staff Infrastructure Engineer — Device Cloud; Software Engineer,Early,B2B
raycaster,Raycaster,Fall 2024,Active,https://eval.raycaster.ai,eval.raycaster.ai,https://www.ycombinator.com/companies/raycaster,Agentic AI for knowledge work,"New York City, NY",US,High,https://www.linkedin.com/company/raycasterai,https://x.com/raycasterai,Levi Lian,https://linkedin.com/in/levi-lian,https://twitter.com/levilian1,,No,6,Yes,,,Early,Healthcare
lightscreen-ai,Lightscreen AI,Fall 2024,Active,https://lightscreen.ai,lightscreen.ai,https://www.ycombinator.com/companies/lightscreen-ai,Voice + video AI interviewer,San Francisco,US,High,https://www.linkedin.com/company/103745353,,Gavin Saldanha,https://www.linkedin.com/in/gavin-v-saldanha/,,,No,2,No,,,Early,B2B
afternoon-co,Afternoon.co,Fall 2024,Active,https://afternoon.co,afternoon.co,https://www.ycombinator.com/companies/afternoon-co,"Bookkeeping, compliance and tax for founders","New York City, NY",US,High,https://www.linkedin.com/company/afternoon-co,https://x.com/afternoonHQ,Roman Zubenko; Benjamin Paik,https://www.linkedin.com/in/romanzubenko/; https://www.linkedin.com/in/benjaminpaik,https://twitter.com/romanzubenko; ,,No,4,No,0,,Early,B2B
rulebase,Rulebase,Fall 2024,Active,https://rulebase.co,rulebase.co,https://www.ycombinator.com/companies/rulebase,AI customer operations for regulated industries.,"New York City, NY",US,High,https://www.linkedin.com/company/rulebasehq/,https://x.com/RulebaseHQ,Gideon Ebose; Chidi Williams,https://linkedin.com/in/gideon-ebose-2a5187100; https://www.linkedin.com/in/chidiwilliams/,https://x.com/gideon_eb; https://twitter.com/chidiwilliams__,2599998,Yes,4,Yes,2,Member of Technical Staff; Founding GTM Lead,Early,B2B
healthspark,HealthSpark,Fall 2024,Active,https://www.joinhealthspark.com,joinhealthspark.com,https://www.ycombinator.com/companies/healthspark,Empowering Physical Therapists to Go Independent,San Francisco,US,High,https://www.linkedin.com/company/health-spark,https://x.com/joinhealthspark,Stephen Grinich,https://linkedin.com/in/stephengrinich,https://twitter.com/stephengrinich,,No,1,No,,,Early,Healthcare
openbenchmarks,Openbenchmarks,Fall 2024,Active,https://openbenchmarks.com,openbenchmarks.com,https://www.ycombinator.com/companies/openbenchmarks,We help humans & agents pick tools via Independent Benchmarks,San Francisco,US,High,https://www.linkedin.com/company/openbenchmarks,https://x.com/openbenchmarks,Fenil Suchak; Aditya Lahiri,https://linkedin.com/in/fenilsuchak; https://www.linkedin.com/in/aditya-lahiri-0b33261a/,https://x.com/fenilsuchak; http://x.com/cross_entrippy,,No,4,Yes,,,Early,B2B
darkgrade,Darkgrade,Fall 2024,Active,https://darkgrade.com,darkgrade.com,https://www.ycombinator.com/companies/darkgrade,Let your camera understand the world,"Denver, CO",US,High,,,Kevin Schaich,https://www.linkedin.com/in/kevinschaich/,https://twitter.com/kevin_schaich,,No,1,No,,,Early,B2B
getcho,Getcho,Fall 2024,Active,https://getcho.app/,getcho.app,https://www.ycombinator.com/companies/getcho,The reliability platform for last-mile delivery,"New York City, NY",US,No,https://www.linkedin.com/company/getcho,,Jack Considine; Mike Considine; Evandro Nadal,https://www.linkedin.com/in/johnpconsidine; https://www.linkedin.com/in/mike-considine-700172164; https://www.linkedin.com/in/evandronadal/,; ; ,,No,3,No,,,Early,B2B
candle,Candle,Fall 2024,Active,https://www.trycandle.app/,trycandle.app,https://www.ycombinator.com/companies/candle,Candle helps friends and couples grow closer daily in just 5 minutes.,San Francisco,US,High,https://www.linkedin.com/company/encore-ai-labs,https://x.com/trycandleapp,Alex Ruber; Parth Chopra,https://linkedin.com/in/alex-ruber; https://linkedin.com/in/parthematics,https://x.com/alex_ruber; https://x.com/parthematics,,No,2,Yes,,,Early,Consumer
moonset-health,Moonset Health,Fall 2024,Active,https://www.moonsethealth.com/,moonsethealth.com,https://www.ycombinator.com/companies/moonset-health,"AI for Post-Acute Senior Care (Hospice, Home Health, Skilled Nursing…","Seattle, WA",US,High,https://www.linkedin.com/company/summed-ai/,,Tyler Rich; Kevin Bao; Sherril Wang,https://www.linkedin.com/in/tylerrich; https://www.linkedin.com/in/kevin-bao/; https://www.linkedin.com/in/sherrilwang,; https://x.com/kzbao; ,,No,6,Yes,,,Early,B2B
durate,Durate,Fall 2024,Active,https://www.durate.com/,durate.com,https://www.ycombinator.com/companies/durate,Automated physician scheduling,San Francisco,US,No,https://www.linkedin.com/company/docflowsoftware,,Michael Mounajjed; Benjamin Liu,https://linkedin.com/in/michael-mounajjed; https://www.linkedin.com/in/ben-franklin-liu/,; ,,No,2,No,,,Early,Healthcare
crouton,Crouton,Fall 2024,Active,https://usecrouton.com,usecrouton.com,https://www.ycombinator.com/companies/crouton,The living map of your organization,"New York City, NY",US,No,https://www.linkedin.com/company/usecrouton-com,,Adam Suskin,https://www.linkedin.com/in/adamsuskin/,https://x.com/AdamSuskin,,No,4,No,,,Early,B2B
streamable,Streamable,Fall 2024,Active,https://streamable.run,streamable.run,https://www.ycombinator.com/companies/streamable,Powering the biggest IRL streamers today.,"Los Angeles, CA",US,High,https://linkedin.com/company/streamablerun,https://x.com/streamablerun,Nang Ang; Manav Bokinala,https://linkedin.com/in/nathanang; https://www.linkedin.com/in/mbokinala/,https://x.com/not_nang; https://x.com/mbokinala_,,No,4,Yes,,,Early,Consumer
symphony,Symphony,Fall 2024,Active,https://getsymphony.co,getsymphony.co,https://www.ycombinator.com/companies/symphony,Voice AI sims for next-gen employee training,"New York City, NY",US,High,https://www.linkedin.com/company/talk-to-symphony/,,Murtaza Ali; Shobhit Srivastava,https://www.linkedin.com/in/-murtazaali/; https://linkedin.com/in/shobhit-srivastava,; ,,No,5,No,,,Early,B2B
telli,telli,Fall 2024,Active,https://telli.com,telli.com,https://www.ycombinator.com/companies/telli,intelligent interactions,"Berlin, Germany",DE,High,https://www.linkedin.com/company/tellitechnologies/,https://x.com/tellicom,Finn zur Muehlen; Philipp Baumanns; Seb Hapte-Selassie,https://www.linkedin.com/in/finnzurmuehlen/; https://www.linkedin.com/in/philipp-b-a2986ab9/; https://www.linkedin.com/in/sebhs/,; ; https://twitter.com/sebselassie,19100000,Yes,25,Yes,21,"Engineering, All; Design Lead; Internship - AI Venture Development; Sales Development Representative; GTM Intern; Deployment Strategist; Success Engineer; Sr. Account Executive; Engineering, Product; Engineering, Voice AI; Founder's Associate (Product); Founding GTM Lead - UK Market",Early,B2B
avora,Avora,Fall 2024,Active,https://www.getavora.ai,getavora.ai,https://www.ycombinator.com/companies/avora,Agents for dental operations,San Francisco,US,High,https://www.linkedin.com/company/avoraai/,,Daniel Bessonov; Justin Zhou,https://www.linkedin.com/in/dbessonov/; https://linkedin.com/in/2018jzhou,; ,,No,4,Yes,3,Founding Product Engineer; Founding Customer Experience Lead; Founding Growth Lead,Early,Healthcare
galini,Galini,Fall 2024,Active,https://www.galini.ai/,galini.ai,https://www.ycombinator.com/companies/galini,Compliance guardrails-as-a-service for AI applications,San Francisco,US,High,https://www.linkedin.com/company/galini-ai/,,Shaun Ayrton; Raul Zablah,https://www.linkedin.com/in/shaun-ayrton/; https://www.linkedin.com/in/raulzablah,; ,,No,2,No,,,Early,B2B
riveter,Riveter,Fall 2024,Active,https://www.riveterhq.com/,riveterhq.com,https://www.ycombinator.com/companies/riveter,Turn the web into structured data,San Francisco,US,High,https://www.linkedin.com/company/riveter-hq/,https://x.com/riveterhq,Abigail Grills,https://www.linkedin.com/in/abigailgrills/,https://x.com/AGrillz,,No,2,No,,,Early,B2B
fixa,fixa,Fall 2024,Active,https://www.fixa.dev,fixa.dev,https://www.ycombinator.com/companies/fixa,Fix your voice agents faster,"New York City, NY",US,High,,https://x.com/VersoTrading,Oliver Wendell-Braly,https://www.linkedin.com/in/oliverbraly/,,,No,2,No,,,Early,B2B
variant,Variant,Fall 2024,Active,https://variant.com,variant.com,https://www.ycombinator.com/companies/variant,Creative intelligence,San Francisco,US,High,https://www.linkedin.com/company/variantui/,https://x.com/variantui,Benjamin South Lee; Daniel Bulhosa Solorzano,https://linkedin.com/in/hoopla; https://www.linkedin.com/in/dbulhosa/,https://twitter.com/bnj; https://x.com/danielbulhosa,,No,5,Yes,,,Early,B2B
gander,Gander,Fall 2024,Acquired,https://usegander.com,usegander.com,https://www.ycombinator.com/companies/gander,Automation System for Global Aviation,"New York City, NY",US,Medium,https://www.linkedin.com/company/usegander,,Arjan Guglani,https://linkedin.com/in/arjanguglani,,,No,7,No,,,Early,B2B
curo,Curo,Fall 2024,Inactive,https://www.curocharging.com/,curocharging.com,https://www.ycombinator.com/companies/curo,Electric fleets park and charge anywhere with Curo,San Francisco,US,No,https://www.linkedin.com/company/curocharging/,,Kieran White; Andrew Porter,https://linkedin.com/in/kieran-luke-white; https://linkedin.com/in/andrew-porter-a10953b4,; https://x.com/EnergizedAndrew,,No,10,No,,,Early,Industrials
supercontrast,supercontrast,Fall 2024,Inactive,https://supercontrast.com/,supercontrast.com,https://www.ycombinator.com/companies/supercontrast,AI Co-Pilot for Design,San Francisco,US,High,https://www.linkedin.com/company/supercontrast/?viewAsMember=true,,Carter McClellan; Shravan Kumaran,https://www.linkedin.com/in/carter-mcclellan/; https://www.linkedin.com/in/shravan-kumaran-7b2b80123/,; ,,No,2,No,,,Early,B2B
gait,Gait,Fall 2024,Inactive,https://getgait.com,getgait.com,https://www.ycombinator.com/companies/gait,Building Dev Infra for AI Software Engineers,San Francisco,US,High,https://www.linkedin.com/company/gaitinc/,https://twitter.com/getgait,Alex Hsia; Kyle Li,https://www.linkedin.com/in/ahsia/; https://www.linkedin.com/in/kyleli626/,https://twitter.com/AlexYHsia; ,,No,2,No,,,Early,B2B
zeroframe,Zeroframe,Fall 2024,Inactive,https://zeroframe.ai,zeroframe.ai,https://www.ycombinator.com/companies/zeroframe,Pushing the boundaries of AI,San Francisco,US,High,https://www.linkedin.com/company/andoriaai/,,Daryl Budiman; Anirudh Ramprasad,https://www.linkedin.com/in/dbudiman/; https://www.linkedin.com/in/anirudh-ramprasad-7aa7b8215/,https://x.com/dbudimane; ,,No,2,No,,,Early,B2B
