company_id,company,batch,raised_post_yc,post_yc_amount_usd,round_type,round_date,lead_investors,source_tier,source_type,source_url,source_quote,sec_cik,sec_accession,sec_total_amount_sold,sec_total_offering_amount,sec_date_first_sale,sec_security_type,sec_investor_count,legal_name,confidence,notes,checked_at,latest_round_date,latest_round_amount_usd,latest_round_source,total_raised_known_usd,within_200m_cap,website,industry,yc_stage,team_size,yc_is_hiring,yc_open_jobs,ats,ats_open_jobs,open_positions,eng_jobs,ml_jobs,careers_url,job_titles_sample
opentag,OpenTag,Summer 2026,No evidence found,,,,,,,,,,,,,,,,,,Checked: no post-YC Form D matching the founders; no funding statement on website (5 pages) or YC page. LinkedIn/X/Crunchbase need a logged-in browser.,2026-09-30T19:47:46Z,,,,,,https://www.tryopentag.com/,B2B,Early,3,No,0,,,0,,,,
conifer,Conifer,Summer 2026,No evidence found,,,,,,,,,,,,,,,,,,Checked: no post-YC Form D matching the founders; no funding statement on website (2 pages) or YC page. LinkedIn/X/Crunchbase need a logged-in browser.,2026-09-30T19:47:35Z,,,,,,https://www.conifer.build,B2B,Early,4,No,0,,,0,,,,
experiential-labs,Experiential Labs,Summer 2026,No evidence found,,,,,,,,,,,,,,,,,,Checked: no post-YC Form D matching the founders; no funding statement on website (3 pages) or YC page. LinkedIn/X/Crunchbase need a logged-in browser.,2026-09-30T19:47:50Z,,,,,,https://experientiallabs.ai,B2B,Early,2,No,0,,,0,,,,
edviro,Edviro,Summer 2026,No evidence found,,,,,,,,,,,,,,,,,,Checked: no post-YC Form D matching the founders; no funding statement on website (2 pages) or YC page. LinkedIn/X/Crunchbase need a logged-in browser.,2026-09-30T19:47:35Z,,,,,,https://edviroenergy.com,B2B,Early,2,No,0,,,0,,,,
coarena,CoArena,Summer 2026,No evidence found,,,,,,,,,,,,,,,,,,Checked: no post-YC Form D matching the founders; no funding statement on website (3 pages) or YC page. LinkedIn/X/Crunchbase need a logged-in browser.,2026-09-30T19:47:39Z,,,,,,http://coarena.ai,B2B,Early,2,No,0,,,0,,,,
caution,Caution,Summer 2026,No evidence found,,,,,,,,,,,,,,,,,,Checked: no post-YC Form D matching the founders; no funding statement on website (2 pages) or YC page. LinkedIn/X/Crunchbase need a logged-in browser. National register for KY not checked.,2026-09-30T19:47:37Z,,,,,,https://caution.co,B2B,Early,5,No,0,,,0,,,,
magma,Magma,Summer 2026,No evidence found,,,,,,,,,,,,,,,,,,Checked: no post-YC Form D matching the founders; no funding statement on website (2 pages) or YC page. LinkedIn/X/Crunchbase need a logged-in browser.,2026-09-30T19:47:37Z,,,,,,https://magmahq.ai,B2B,Early,1,No,0,,,0,,,,
atomarine,Atomarine,Summer 2026,No evidence found,,,,,,,,,,,,,,,,,,Checked: no post-YC Form D matching the founders; no funding statement on website (1 pages) or YC page. LinkedIn/X/Crunchbase need a logged-in browser.,2026-09-30T19:47:37Z,,,,,,https://atomarine.co,Industrials,Early,2,No,0,,,0,,,,
billow-ai-labs,Billow AI Labs,Summer 2026,No evidence found,,,,,,,,,,,,,,,,,,Checked: no post-YC Form D matching the founders; no funding statement on website (4 pages) or YC page. LinkedIn/X/Crunchbase need a logged-in browser.,2026-09-30T19:47:57Z,,,,,,https://thebillow.ai/,B2B,Early,,No,0,,,0,,,,
hardware-intelligence,hardware intelligence,Summer 2026,No evidence found,,,,,,,,,,,,,,,,,,Checked: no post-YC Form D matching the founders; no funding statement on website (1 pages) or YC page. LinkedIn/X/Crunchbase need a logged-in browser.,2026-09-30T19:47:38Z,,,,,,https://hardwareintelligence.ai,B2B,Early,2,No,0,,,0,,,,
osseus,Osseus,Summer 2026,No evidence found,,,,,,,,,,,,,,,,,,Checked: no post-YC Form D matching the founders; no funding statement on website (1 pages) or YC page. LinkedIn/X/Crunchbase need a logged-in browser.,2026-09-30T19:47:42Z,,,,,,https://osseus.ai/,B2B,Early,2,No,0,,,0,,,,
allia-health,Allia Health,Summer 2026,No evidence found,,,,,,,,,,,,,,,,,,Checked: no post-YC Form D matching the founders; no funding statement on website (3 pages) or YC page. LinkedIn/X/Crunchbase need a logged-in browser.,2026-09-30T19:47:39Z,,,,,,https://allia.health/,Healthcare,Early,3,Yes,0,,,0,,,,
salem-robotics-inc,Salem Robotics Inc,Summer 2026,Yes,1819500,SAFE (per Form D; stage not stated),2026-05-13,,1,SEC Form D,https://www.sec.gov/Archives/edgar/data/2134746/000213474626000002/primary_doc.xml,totalAmountSold: 1819500; totalOfferingAmount: 5100000; dateOfFirstSale: 2026-05-13,0002134746,0002134746-26-000002,1819500,5100000,2026-05-13,Other; Other: Simple Agreement for Future Equity,5,"Salem Robotics, Inc.",High,"First sale is close to batch start, so the Form D total may include YC's $500K.",2026-09-30T19:47:42Z,2026-05-13,1819500,SEC Form D 0002134746-26-000002,1819500,Yes,https://salemroboticsinc.com,Industrials,Early,2,No,0,,,0,0,0,,
robocurve,Robocurve,Summer 2026,Yes,10000000,,,,2,Company website,https://robocurve.org,Robocurve raises $10M to independently evaluate frontier AI in the physical world RoboHarm: Do Frontier Robot Policies Refuse Unsafe Instructions?,,,,,,,,,High,Round date not stated on the source page; assumed post-YC because it is presented as current news. No matching post-YC Form D found.,2026-09-30T19:47:42Z,2026-09-14,10000000,https://robocurve.org (date printed near the quote),10000000,Yes,https://robocurve.org,Industrials,Early,3,No,0,,,0,0,0,https://robocurve.org/careers/,
hiloop,hiloop,Summer 2026,No evidence found,,,,,,,,,,,,,,,,,,Checked: no post-YC Form D matching the founders; no funding statement on website (4 pages) or YC page. LinkedIn/X/Crunchbase need a logged-in browser.,2026-09-30T19:47:43Z,,,,,,https://hiloop.ai,B2B,Early,2,No,0,,,0,,,,
cuebench,CueBench,Summer 2026,No evidence found,,,,,,,,,,,,,,,,,,Checked: no post-YC Form D matching the founders; no funding statement on website (2 pages) or YC page. LinkedIn/X/Crunchbase need a logged-in browser.,2026-09-30T19:47:41Z,,,,,,https://cuebench.dev,B2B,Early,3,No,0,,,0,,,,
dawn-industries,Dawn Industries,Summer 2026,No evidence found,,,,,,,,,,,,,,,,,,Checked: no post-YC Form D matching the founders; no funding statement on website (5 pages) or YC page. LinkedIn/X/Crunchbase need a logged-in browser.,2026-09-30T19:47:44Z,,,,,,https://www.dawnxr.com,Industrials,Early,2,No,0,,,0,,,,
nex,Nex,Summer 2026,No evidence found,,,,,,,,,,,,,,,,,,Checked: no post-YC Form D matching the founders; no funding statement on website (2 pages) or YC page. LinkedIn/X/Crunchbase need a logged-in browser.,2026-09-30T19:47:42Z,,,,,,https://nex.ai,B2B,Early,5,No,0,,,0,,,,
onecli,OneCLI,Summer 2026,No evidence found,,,,,,,,,,,,,,,,,,Checked: no post-YC Form D matching the founders; no funding statement on website (2 pages) or YC page. LinkedIn/X/Crunchbase need a logged-in browser.,2026-09-30T19:47:44Z,,,,,,https://onecli.sh,B2B,Early,,No,0,,,0,,,,
vernius-systems-inc,"Vernius Systems, Inc.",Summer 2026,No evidence found,,,,,,,,,,,,,,,,,,Checked: no post-YC Form D matching the founders; no funding statement on website (1 pages) or YC page. LinkedIn/X/Crunchbase need a logged-in browser.,2026-09-30T19:47:44Z,,,,,,https://www.vernius.systems,Industrials,Early,3,Yes,0,,,0,,,,
wondering,Wondering,Summer 2026,No evidence found,,,,,,,,,,,,,,,,,,Checked: no post-YC Form D matching the founders; no funding statement on website (10 pages) or YC page. LinkedIn/X/Crunchbase need a logged-in browser.,2026-09-30T19:47:45Z,,,,,,https://wondering.app,Consumer,Early,2,No,0,,,0,,,,
tracer,Tracer,Summer 2026,No evidence found,,,,,,,,,,,,,,,,,,Checked: no post-YC Form D matching the founders; no funding statement on website (3 pages) or YC page. LinkedIn/X/Crunchbase need a logged-in browser.,2026-09-30T19:47:46Z,,,,,,https://tracerml.ai,B2B,Early,1,No,0,,,0,,,,
avoca-systems,Avoca Systems,Summer 2026,No evidence found,,,,,,,,,,,,,,,,,,Checked: no post-YC Form D matching the founders; no funding statement on website (1 pages) or YC page. LinkedIn/X/Crunchbase need a logged-in browser.,2026-09-30T19:48:31Z,,,,,,https://avocasystems.com,Healthcare,Early,6,No,0,,,0,,,,
subvysion,SubVysion,Summer 2026,No evidence found,,,,,,,,,0002123212,,,,,,,"SubVysion, Inc.",,pre yc Form D 0002123212-26-000001: sold 355000 first sale 2026-02-27 Checked: no post-YC Form D matching the founders; no funding statement on website (1 pages) or YC page. LinkedIn/X/Crunchbase need a logged-in browser.,2026-09-30T19:47:46Z,,,,,,https://subvysion.com,Real Estate and Construction,Early,2,No,0,,,0,,,,
ethos-space-resources,Ethos Space Resources,Summer 2026,No evidence found,,,,,,,,,,,,,,,,,,Checked: no post-YC Form D matching the founders; no funding statement on website (3 pages) or YC page. LinkedIn/X/Crunchbase need a logged-in browser.,2026-09-30T19:47:58Z,,,,,,https://ethos-space.com,Industrials,Early,2,No,0,,,0,,,,
spaceflow-technologies-inc,"SpaceFlow Technologies, Inc.",Summer 2026,Unclear,,,,,5,"Tracxn (lead only, from input)",,,,,,,,,,,Low,"Web search review: Article dated 2026-07-02 (after S26 batch start). Angel investors from Airbnb, Volvo Cars, Google, Encord, Sequoia; no lead named. Unclear whether $1M includes YC's $500K, so post_yc left null. Founder Emre Isik confirmed. yespress.io fetch returned 403. Tracxn lead total $1,000,000; not confirmed by a higher-tier source. Checked: no post-YC Form D matching the founders; no funding statement on website (2 pages) or YC page. LinkedIn/X/Crunchbase need a logged-in browser.",2026-09-30T19:47:48Z,,,,,,https://spaceflow.tech,B2B,Early,4,No,0,,,0,0,0,,
petrarch,Petrarch,Summer 2026,No evidence found,,,,,,,,,,,,,,,,,,Checked: no post-YC Form D matching the founders; no funding statement on website (10 pages) or YC page. LinkedIn/X/Crunchbase need a logged-in browser.,2026-09-30T19:47:48Z,,,,,,https://petrarch.co/,B2B,Early,3,Yes,0,,,0,,,,
locke,Locke,Summer 2026,No evidence found,,,,,,,,,,,,,,,,,,Checked: no post-YC Form D matching the founders; no funding statement on website (2 pages) or YC page. LinkedIn/X/Crunchbase need a logged-in browser.,2026-09-30T19:47:50Z,,,,,,https://locke.inc,B2B,Early,2,Yes,0,,,0,,,,
florin,Florin,Summer 2026,No evidence found,,,,,,,,,,,,,,,,,,Checked: no post-YC Form D matching the founders; no funding statement on website (1 pages) or YC page. LinkedIn/X/Crunchbase need a logged-in browser.,2026-09-30T19:48:09Z,,,,,,https://florin.inc,Fintech,Early,3,No,0,,,0,,,,
earendil-robotics,Earendil Robotics,Summer 2026,No evidence found,,,,,,,,,,,,,,,,,,Checked: no post-YC Form D matching the founders; no funding statement on website (2 pages) or YC page. LinkedIn/X/Crunchbase need a logged-in browser.,2026-09-30T19:47:49Z,,,,,,https://earendil.io,Industrials,Early,7,No,0,,,0,,,,
hebbian-robotics,Hebbian Robotics,Summer 2026,No evidence found,,,,,,,,,,,,,,,,,,Checked: no post-YC Form D matching the founders; no funding statement on website (2 pages) or YC page. LinkedIn/X/Crunchbase need a logged-in browser.,2026-09-30T19:47:50Z,,,,,,https://hebbianrobotics.com/,Industrials,Early,2,No,0,,,0,,,,
princeps,PRINCEPS,Summer 2026,No evidence found,,,,,,,,,,,,,,,,,,Checked: no post-YC Form D matching the founders; no funding statement on website (2 pages) or YC page. LinkedIn/X/Crunchbase need a logged-in browser.,2026-09-30T19:49:26Z,,,,,,https://princeps.dev,Fintech,Early,2,No,0,,,0,,,,
hop-aero,Hop Aero,Summer 2026,No evidence found,,,,,,,,,,,,,,,,,,Checked: no post-YC Form D matching the founders; no funding statement on website (1 pages) or YC page. LinkedIn/X/Crunchbase need a logged-in browser.,2026-09-30T19:47:52Z,,,,,,https://hopaero.com,Industrials,Early,6,No,0,,,0,,,,
openrelay,OpenRelay,Summer 2026,No evidence found,,,,,,,,,,,,,,,,,,Checked: no post-YC Form D matching the founders; no funding statement on website (8 pages) or YC page. LinkedIn/X/Crunchbase need a logged-in browser.,2026-09-30T19:47:56Z,,,,,,https://www.openrelay.inc,B2B,Early,2,No,0,,,0,,,,
dock,Dock,Summer 2026,No evidence found,,,,,,,,,,,,,,,,,,Checked: no post-YC Form D matching the founders; no funding statement on website (5 pages) or YC page. LinkedIn/X/Crunchbase need a logged-in browser.,2026-09-30T19:47:52Z,,,,,,https://trydock.ai,B2B,Early,2,No,0,,,0,,,,
verdict-machine,Verdict Machine,Summer 2026,No evidence found,,,,,,,,,,,,,,,,,,Checked: no post-YC Form D matching the founders; no funding statement on website (10 pages) or YC page. LinkedIn/X/Crunchbase need a logged-in browser. National register for IL not checked.,2026-09-30T19:47:54Z,,,,,,https://verdictmachine.com,B2B,Early,4,No,0,,,0,,,,
tovenai,TovenAI,Summer 2026,No evidence found,,,,,,,,,,,,,,,,,,Checked: no post-YC Form D matching the founders; no funding statement on website (1 pages) or YC page. LinkedIn/X/Crunchbase need a logged-in browser.,2026-09-30T19:47:56Z,,,,,,https://toven.ai,Fintech,Early,2,No,0,,,0,,,,
hyperprobe,HyperProbe,Summer 2026,No evidence found,,,,,,,,,,,,,,,,,,Checked: no post-YC Form D matching the founders; no funding statement on website (1 pages) or YC page. LinkedIn/X/Crunchbase need a logged-in browser.,2026-09-30T19:48:37Z,,,,,,https://hyperprobe.co,B2B,Early,8,No,0,,,0,,,,
grip,Grip,Summer 2026,No evidence found,,,,,,,,,,,,,,,,,,Checked: no post-YC Form D matching the founders; no funding statement on website (1 pages) or YC page. LinkedIn/X/Crunchbase need a logged-in browser. National register for CH not checked.,2026-09-30T19:47:55Z,,,,,,https://www.griprobotics.ai,Industrials,Early,4,No,0,,,0,,,,
skymerse,Skymerse,Summer 2026,No evidence found,,,,,,,,,,,,,,,,,,Checked: no post-YC Form D matching the founders; no funding statement on website (3 pages) or YC page. LinkedIn/X/Crunchbase need a logged-in browser.,2026-09-30T19:48:01Z,,,,,,https://skymerse.com,Industrials,Early,,No,0,,,0,,,,
hubble-ai,Hubble,Summer 2026,No evidence found,,,,,,,,,,,,,,,,,,Checked: no post-YC Form D matching the founders; no funding statement on website (4 pages) or YC page. LinkedIn/X/Crunchbase need a logged-in browser.,2026-09-30T19:47:57Z,,,,,,https://hubble.ai/,Healthcare,Early,2,No,0,,,0,,,,
palisade,Palisade,Summer 2026,No evidence found,,,,,,,,,,,,,,,,,,Checked: no post-YC Form D matching the founders; no funding statement on website (1 pages) or YC page. LinkedIn/X/Crunchbase need a logged-in browser.,2026-09-30T19:48:01Z,,,,,,https://palisade.run,B2B,Early,1,No,0,,,0,,,,
83-sciences,83 Sciences,Summer 2026,No evidence found,,,,,,,,,,,,,,,,,,Checked: no post-YC Form D matching the founders; no funding statement on website (2 pages) or YC page. LinkedIn/X/Crunchbase need a logged-in browser.,2026-09-30T19:47:59Z,,,,,,https://83sciences.ai,Industrials,Early,3,Yes,0,,,0,,,,
chromie,Chromie,Summer 2026,No evidence found,,,,,,,,,,,,,,,,,,Checked: no post-YC Form D matching the founders; no funding statement on website (3 pages) or YC page. LinkedIn/X/Crunchbase need a logged-in browser.,2026-09-30T19:48:08Z,,,,,,https://chromie.dev,B2B,Early,2,No,0,,,0,,,,
lamb-labs,Lamb Labs,Summer 2026,No evidence found,,,,,,,,,,,,,,,,,,Checked: no post-YC Form D matching the founders; no funding statement on website (1 pages) or YC page. LinkedIn/X/Crunchbase need a logged-in browser.,2026-09-30T19:48:01Z,,,,,,http://lamb-labs.com,B2B,Early,,No,0,,,0,,,,
shiraz-ai,Shiraz AI,Summer 2026,No evidence found,,,,,,,,,,,,,,,,,,Checked: no post-YC Form D matching the founders; no funding statement on website (2 pages) or YC page. LinkedIn/X/Crunchbase need a logged-in browser.,2026-09-30T19:48:02Z,,,,,,https://shiraz.ai,Industrials,Early,2,No,0,,,0,,,,
mireye,Mireye,Summer 2026,Yes,1009995,Equity (per Form D; stage not stated),2026-09-15,,1,SEC Form D,https://www.sec.gov/Archives/edgar/data/2157072/000215707226000001/primary_doc.xml,totalAmountSold: 1009995; totalOfferingAmount: 3259994; dateOfFirstSale: 2026-09-15,0002157072,0002157072-26-000001,1009995,3259994,2026-09-15,Equity,15,Mireye Inc.,High,,2026-09-30T19:48:33Z,2026-09-15,1009995,SEC Form D 0002157072-26-000001,1009995,Yes,https://www.mireye.com/,B2B,Early,2,No,0,,,0,0,0,,
touchy,Touchy,Summer 2026,No evidence found,,,,,,,,,,,,,,,,,,Checked: no post-YC Form D matching the founders; no funding statement on website (10 pages) or YC page. LinkedIn/X/Crunchbase need a logged-in browser.,2026-09-30T19:48:02Z,,,,,,https://touchyapp.com,Consumer,Early,3,No,0,,,0,,,,
derya,Derya,Summer 2026,No evidence found,,,,,,,,,,,,,,,,,,Checked: no post-YC Form D matching the founders; no funding statement on website (1 pages) or YC page. LinkedIn/X/Crunchbase need a logged-in browser.,2026-09-30T19:48:05Z,,,,,,http://usederya.com,B2B,Early,2,No,0,,,0,,,,
pennant,Pennant,Summer 2026,No evidence found,,,,,,,,,,,,,,,,,,Checked: no post-YC Form D matching the founders; no funding statement on website (2 pages) or YC page. LinkedIn/X/Crunchbase need a logged-in browser.,2026-09-30T19:48:06Z,,,,,,https://www.getpennant.ai,Fintech,Early,2,Yes,0,,,0,,,,
decawork,Decawork,Summer 2026,No evidence found,,,,,,,,,,,,,,,,,,Checked: no post-YC Form D matching the founders; no funding statement on website (3 pages) or YC page. LinkedIn/X/Crunchbase need a logged-in browser.,2026-09-30T19:48:05Z,,,,,,https://decawork.ai/,B2B,Early,2,No,0,,,0,,,,
carsignal,CarSignal,Summer 2026,No evidence found,,,,,,,,,,,,,,,,,,Checked: no post-YC Form D matching the founders; no funding statement on website (1 pages) or YC page. LinkedIn/X/Crunchbase need a logged-in browser.,2026-09-30T19:48:28Z,,,,,,https://www.trycarsignal.com,B2B,Early,2,No,0,,,0,,,,
axelrod,Axelrod,Summer 2026,No evidence found,,,,,,,,,,,,,,,,,,Checked: no post-YC Form D matching the founders; no funding statement on website (1 pages) or YC page. LinkedIn/X/Crunchbase need a logged-in browser.,2026-09-30T19:48:06Z,,,,,,https://axelrodlabs.com/,B2B,Early,2,No,0,,,0,,,,
levocred-ai,Levocred AI,Summer 2026,No evidence found,,,,,,,,,,,,,,,,,,Checked: no post-YC Form D matching the founders; no funding statement on website (1 pages) or YC page. LinkedIn/X/Crunchbase need a logged-in browser.,2026-09-30T19:48:50Z,,,,,,https://levocred.com/,Fintech,Early,2,No,0,,,0,,,,
praxis-robotics,Praxis Robotics,Summer 2026,No evidence found,,,,,,,,,,,,,,,,,,Checked: no post-YC Form D matching the founders; no funding statement on website (1 pages) or YC page. LinkedIn/X/Crunchbase need a logged-in browser.,2026-09-30T19:48:10Z,,,,,,https://www.praxisrobotics.io,Industrials,Early,3,No,0,,,0,,,,
care-gp,Care GP,Summer 2026,No evidence found,,,,,,,,,,,,,,,,,,Checked: no post-YC Form D matching the founders; no funding statement on website (1 pages) or YC page. LinkedIn/X/Crunchbase need a logged-in browser. National register for AU not checked.,2026-09-30T19:48:14Z,,,,,,https://caregp.com.au/,Healthcare,Early,10,No,0,,,0,,,,
radley,Radley,Summer 2026,No evidence found,,,,,,,,,,,,,,,,,,Checked: no post-YC Form D matching the founders; no funding statement on website (10 pages) or YC page. LinkedIn/X/Crunchbase need a logged-in browser.,2026-09-30T19:48:09Z,,,,,,https://radley.health/,Healthcare,Early,2,No,0,,,0,,,,
agnost-ai,Agnost AI,Summer 2026,No evidence found,,,,,,,,,,,,,,,,,,Checked: no post-YC Form D matching the founders; no funding statement on website (2 pages) or YC page. LinkedIn/X/Crunchbase need a logged-in browser.,2026-09-30T19:48:11Z,,,,,,https://agnost.ai,B2B,Early,2,No,0,,,0,,,,
agentcard,Agentcard,Summer 2026,No evidence found,,,,,,,,,,,,,,,,,,Checked: no post-YC Form D matching the founders; no funding statement on website (7 pages) or YC page. LinkedIn/X/Crunchbase need a logged-in browser.,2026-09-30T19:48:16Z,,,,,,https://agentcard.sh,Fintech,Early,,No,0,,,0,,,,
provenmetal,ProvenMetal,Summer 2026,No evidence found,,,,,,,,,,,,,,,,,,Checked: no post-YC Form D matching the founders; no funding statement on website (4 pages) or YC page. LinkedIn/X/Crunchbase need a logged-in browser.,2026-09-30T19:48:12Z,,,,,,https://provenmetal.com,Industrials,Early,4,Yes,0,,,0,,,,
gamgee,Gamgee,Summer 2026,No evidence found,,,,,,,,,,,,,,,,,,Checked: no post-YC Form D matching the founders; no funding statement on website (1 pages) or YC page. LinkedIn/X/Crunchbase need a logged-in browser.,2026-09-30T19:48:18Z,,,,,,https://gamgee.io/,Healthcare,Early,2,No,0,,,0,,,,
inkbox,Inkbox,Summer 2026,No evidence found,,,,,,,,,,,,,,,,,,Checked: no post-YC Form D matching the founders; no funding statement on website (3 pages) or YC page. LinkedIn/X/Crunchbase need a logged-in browser.,2026-09-30T19:48:15Z,,,,,,https://inkbox.ai,B2B,Early,3,No,0,,,0,,,,
cosmic-robotics,Cosmic Robotics,Summer 2026,Unclear,,SAFE,2026-07-16,SEED Innovations,3,"investor announcement (AIM RNS, as reported by Investing.com)",https://www.investing.com/news/company-news/seed-innovations-invests-350000-in-cosmic-robotics-93CH-4795714,"SEED Innovations Ltd (AIM:SEED) announced today it has invested $350,000 in Cosmic Robotics",,,,,,,,,Low,"Manual review: only post-batch investment found is a $350K SAFE (SEED Innovations, Jul 2026), below YC's $500K baseline. The $4M pre-seed (Giant Ventures, Apr 2025) predates the Summer 2026 batch. Tracxn lead $4.35M.",2026-09-30T19:48:14Z,2026-07-16,350000,https://www.investing.com/news/company-news/seed-innovations-invests-350000-in-cosmic-robotics-93CH-4795714,350000,,https://www.cosmicrobotics.com/,Industrials,Early,8,No,0,ashby,4,4,3,0,,Senior Electrical Engineer; General Applicant; Forward Deployed Engineer; Lead Forward Deployed Engineer
markov,Markov,Summer 2026,No evidence found,,,,,,,,,,,,,,,,,,Checked: no post-YC Form D matching the founders; no funding statement on website (2 pages) or YC page. LinkedIn/X/Crunchbase need a logged-in browser.,2026-09-30T19:48:16Z,,,,,,https://www.markovstudios.com/,B2B,Early,2,No,0,,,0,,,,
familiar,Familiar,Summer 2026,No evidence found,,,,,,,,,,,,,,,,,,Checked: no post-YC Form D matching the founders; no funding statement on website (2 pages) or YC page. LinkedIn/X/Crunchbase need a logged-in browser. National register for CA not checked.,2026-09-30T19:48:21Z,,,,,,https://thefamiliarlab.com,B2B,Early,8,No,0,,,0,,,,
lumeria,Lumeria,Summer 2026,No evidence found,,,,,,,,,,,,,,,,,,Checked: no post-YC Form D matching the founders; no funding statement on website (6 pages) or YC page. LinkedIn/X/Crunchbase need a logged-in browser.,2026-09-30T19:48:39Z,,,,,,https://lumeria.skin,Healthcare,Early,3,No,0,,,0,,,,
marengo,Marengo,Summer 2026,No evidence found,,,,,,,,,,,,,,,,,,Checked: no post-YC Form D matching the founders; no funding statement on website (1 pages) or YC page. LinkedIn/X/Crunchbase need a logged-in browser.,2026-09-30T19:48:19Z,,,,,,https://marengox.com,Industrials,Early,2,No,0,,,0,,,,
ronanrx-inc,RonanRx Inc.,Summer 2026,No evidence found,,,,,,,,,,,,,,,,,,Checked: no post-YC Form D matching the founders; no funding statement on website (3 pages) or YC page. LinkedIn/X/Crunchbase need a logged-in browser.,2026-09-30T19:48:21Z,,,,,,https://ronanrx.com/,Healthcare,Early,5,No,0,,,0,,,,
waybill,Waybill,Summer 2026,No evidence found,,,,,,,,,,,,,,,,,,Checked: no post-YC Form D matching the founders; no funding statement on website (1 pages) or YC page. LinkedIn/X/Crunchbase need a logged-in browser. National register for IN not checked.,2026-09-30T19:48:25Z,,,,,,https://www.waybill.to/,B2B,Early,3,No,0,,,0,,,,
executor,Executor,Summer 2026,No evidence found,,,,,,,,,,,,,,,,,,Checked: no post-YC Form D matching the founders; no funding statement on website (10 pages) or YC page. LinkedIn/X/Crunchbase need a logged-in browser.,2026-09-30T19:48:27Z,,,,,,https://executor.sh,B2B,Early,1,No,0,,,0,,,,
last-accounting-company,Last Accounting Company,Summer 2026,No evidence found,,,,,,,,,,,,,,,,,,Checked: no post-YC Form D matching the founders; no funding statement on website (2 pages) or YC page. LinkedIn/X/Crunchbase need a logged-in browser. National register for FI not checked.,2026-09-30T19:48:22Z,,,,,,https://lastaccountingcompany.com/,B2B,Early,4,No,0,,,0,,,,
pacific,Pacific,Summer 2026,No evidence found,,,,,,,,,,,,,,,,,,Checked: no post-YC Form D matching the founders; no funding statement on website (4 pages) or YC page. LinkedIn/X/Crunchbase need a logged-in browser.,2026-09-30T19:48:51Z,,,,,,https://pacific.space,Industrials,Early,6,No,0,,,0,,,,
luca-iq,Luca IQ,Summer 2026,No evidence found,,,,,,,,,,,,,,,,,,Checked: no post-YC Form D matching the founders; no funding statement on website (10 pages) or YC page. LinkedIn/X/Crunchbase need a logged-in browser.,2026-09-30T19:48:26Z,,,,,,https://lucaiq.com/,B2B,Early,5,Yes,0,,,0,,,,
financial-datasets,Financial Datasets,Summer 2026,No evidence found,,,,,,,,,,,,,,,,,,Checked: no post-YC Form D matching the founders; no funding statement on website (1 pages) or YC page. LinkedIn/X/Crunchbase need a logged-in browser.,2026-09-30T19:48:29Z,,,,,,https://financialdatasets.ai/,B2B,Early,1,No,0,,,0,,,,
trynearby,TryNearby,Summer 2026,No evidence found,,,,,,,,,,,,,,,,,,Checked: no post-YC Form D matching the founders; no funding statement on website (10 pages) or YC page. LinkedIn/X/Crunchbase need a logged-in browser.,2026-09-30T19:48:28Z,,,,,,https://trynearby.com,B2B,Early,5,Yes,0,,,0,,,,
computable,Computable,Summer 2026,No evidence found,,,,,,,,,,,,,,,,,,Checked: no post-YC Form D matching the founders; no funding statement on website (0 pages) or YC page. LinkedIn/X/Crunchbase need a logged-in browser.,2026-09-30T19:49:03Z,,,,,,https://getcomputable.com,Fintech,Early,2,No,0,,,0,,,,
denta,Denta,Summer 2026,No evidence found,,,,,,,,,,,,,,,,,,Checked: no post-YC Form D matching the founders; no funding statement on website (0 pages) or YC page. LinkedIn/X/Crunchbase need a logged-in browser.,2026-09-30T19:49:34Z,,,,,,https://denta.com,Fintech,Early,1,Yes,0,,,0,,,,
isengard-industries-inc,Isengard Industries Inc,Summer 2026,No evidence found,,,,,,,,,,,,,,,,,,Checked: no post-YC Form D matching the founders; no funding statement on website (1 pages) or YC page. LinkedIn/X/Crunchbase need a logged-in browser.,2026-09-30T19:48:34Z,,,,,,http://isengardindustries.com/,Industrials,Early,30,No,0,,,0,,,,
ekho-labs,Ekho Labs,Summer 2026,No evidence found,,,,,,,,,,,,,,,,,,Checked: no post-YC Form D matching the founders; no funding statement on website (10 pages) or YC page. LinkedIn/X/Crunchbase need a logged-in browser.,2026-09-30T19:48:31Z,,,,,,https://ekholabs.com/,B2B,Early,,No,0,,,0,,,,
moving-atoms,Moving Atoms,Summer 2026,No evidence found,,,,,,,,,,,,,,,,,,Checked: no post-YC Form D matching the founders; no funding statement on website (6 pages) or YC page. LinkedIn/X/Crunchbase need a logged-in browser.,2026-09-30T19:48:37Z,,,,,,https://movingatoms.ai/,Industrials,Early,2,No,0,,,0,,,,
vestris,Vestris,Summer 2026,No evidence found,,,,,,,,,,,,,,,,,,Checked: no post-YC Form D matching the founders; no funding statement on website (1 pages) or YC page. LinkedIn/X/Crunchbase need a logged-in browser.,2026-09-30T19:48:32Z,,,,,,https://vestris.ai/,Real Estate and Construction,Early,2,No,0,,,0,,,,
ultrasonium,Ultrasonium,Summer 2026,No evidence found,,,,,,,,,,,,,,,,,,Checked: no post-YC Form D matching the founders; no funding statement on website (2 pages) or YC page. LinkedIn/X/Crunchbase need a logged-in browser.,2026-09-30T19:48:37Z,,,,,,https://ultrasonium.com/,Industrials,Early,5,No,0,,,0,,,,
arbital,Arbital,Summer 2026,No evidence found,,,,,,,,,,,,,,,,,,Checked: no post-YC Form D matching the founders; no funding statement on website (2 pages) or YC page. LinkedIn/X/Crunchbase need a logged-in browser.,2026-09-30T19:48:39Z,,,,,,https://www.arbital.xyz,Fintech,Early,3,No,0,,,0,,,,
pokerclubhub,PokerClubHub,Summer 2026,No evidence found,,,,,,,,,,,,,,,,,,Checked: no post-YC Form D matching the founders; no funding statement on website (1 pages) or YC page. LinkedIn/X/Crunchbase need a logged-in browser. National register for CR not checked.,2026-09-30T19:48:43Z,,,,,,https://www.pokerclubhub.com,Consumer,Early,,No,0,,,0,,,,
neuron-industries,Neuron Industries,Summer 2026,No evidence found,,,,,,,,,,,,,,,,,,Checked: no post-YC Form D matching the founders; no funding statement on website (1 pages) or YC page. LinkedIn/X/Crunchbase need a logged-in browser.,2026-09-30T19:48:37Z,,,,,,https://neuronindustries.com,Industrials,Early,2,No,0,,,0,,,,
neuromorphic,Neuromorphic,Summer 2026,No evidence found,,,,,,,,,,,,,,,,,,Checked: no post-YC Form D matching the founders; no funding statement on website (2 pages) or YC page. LinkedIn/X/Crunchbase need a logged-in browser.,2026-09-30T19:48:38Z,,,,,,https://www.neuromorphic.vision/,Industrials,Early,3,Yes,0,,,0,,,,
lato,LATO,Summer 2026,No evidence found,,,,,,,,,,,,,,,,,,Checked: no post-YC Form D matching the founders; no funding statement on website (2 pages) or YC page. LinkedIn/X/Crunchbase need a logged-in browser.,2026-09-30T19:48:38Z,,,,,,https://www.latolabs.io/,B2B,Early,2,No,0,,,0,,,,
risklytics,Risklytics,Summer 2026,No evidence found,,,,,,,,,,,,,,,,,,Checked: no post-YC Form D matching the founders; no funding statement on website (6 pages) or YC page. LinkedIn/X/Crunchbase need a logged-in browser.,2026-09-30T19:48:47Z,,,,,,https://www.risklytics.ai/,Fintech,Early,2,No,0,,,0,,,,
daqstra,Daqstra,Summer 2026,No evidence found,,,,,,,,,,,,,,,,,,Checked: no post-YC Form D matching the founders; no funding statement on website (3 pages) or YC page. LinkedIn/X/Crunchbase need a logged-in browser.,2026-09-30T19:48:42Z,,,,,,https://www.daqstra.com,B2B,Early,3,No,0,,,0,,,,
tenor,Tenor,Summer 2026,No evidence found,,,,,,,,,,,,,,,,,,Checked: no post-YC Form D matching the founders; no funding statement on website (3 pages) or YC page. LinkedIn/X/Crunchbase need a logged-in browser.,2026-09-30T19:48:42Z,,,,,,https://heytenor.com/,B2B,Early,3,No,0,,,0,,,,
qlo,Qlo,Summer 2026,No evidence found,,,,,,,,,,,,,,,,,,Checked: no post-YC Form D matching the founders; no funding statement on website (3 pages) or YC page. LinkedIn/X/Crunchbase need a logged-in browser.,2026-09-30T19:48:42Z,,,,,,https://www.getqlo.com/,Fintech,Early,2,No,0,,,0,,,,
fabraix,Fabraix,Summer 2026,No evidence found,,,,,,,,,,,,,,,,,,Checked: no post-YC Form D matching the founders; no funding statement on website (10 pages) or YC page. LinkedIn/X/Crunchbase need a logged-in browser.,2026-09-30T19:48:42Z,,,,,,https://fabraix.com,B2B,Early,2,No,0,,,0,,,,
omanta,Omanta,Summer 2026,No evidence found,,,,,,,,,,,,,,,,,,Checked: no post-YC Form D matching the founders; no funding statement on website (1 pages) or YC page. LinkedIn/X/Crunchbase need a logged-in browser.,2026-09-30T19:48:43Z,,,,,,https://omanta.com/,Healthcare,Early,6,No,0,,,0,,,,
rational,Rational,Summer 2026,No evidence found,,,,,,,,,,,,,,,,,,Checked: no post-YC Form D matching the founders; no funding statement on website (5 pages) or YC page. LinkedIn/X/Crunchbase need a logged-in browser.,2026-09-30T19:48:49Z,,,,,,https://rational.to,B2B,Early,2,Yes,0,,,0,,,,
aktoria-robotics,Aktoria Robotics,Summer 2026,No evidence found,,,,,,,,,,,,,,,,,,Checked: no post-YC Form D matching the founders; no funding statement on website (2 pages) or YC page. LinkedIn/X/Crunchbase need a logged-in browser.,2026-09-30T19:48:43Z,,,,,,https://aktoria.com/,Industrials,Early,2,Yes,0,,,0,,,,
vendo,Vendo,Summer 2026,No evidence found,,,,,,,,,,,,,,,,,,Checked: no post-YC Form D matching the founders; no funding statement on website (4 pages) or YC page. LinkedIn/X/Crunchbase need a logged-in browser.,2026-09-30T19:48:46Z,,,,,,https://vendo.run/,B2B,Early,2,No,0,,,0,,,,
akon-labs,Akon Labs,Summer 2026,No evidence found,,,,,,,,,,,,,,,,,,Checked: no post-YC Form D matching the founders; no funding statement on website (2 pages) or YC page. LinkedIn/X/Crunchbase need a logged-in browser.,2026-09-30T19:49:01Z,,,,,,https://akonlabs.com,B2B,Early,2,No,0,,,0,,,,
click,Click,Summer 2026,No evidence found,,,,,,,,,,,,,,,,,,Checked: no post-YC Form D matching the founders; no funding statement on website (1 pages) or YC page. LinkedIn/X/Crunchbase need a logged-in browser.,2026-09-30T19:49:07Z,,,,,,https://www.useclick.ai,B2B,Early,1,No,0,,,0,,,,
whitespace,Whitespace,Summer 2026,No evidence found,,,,,,,,,,,,,,,,,,Checked: no post-YC Form D matching the founders; no funding statement on website (1 pages) or YC page. LinkedIn/X/Crunchbase need a logged-in browser.,2026-09-30T19:49:01Z,,,,,,https://whitespacehq.ai/,B2B,Early,2,No,0,,,0,,,,
almanac,Almanac,Summer 2026,No evidence found,,,,,,,,,,,,,,,,,,Checked: no post-YC Form D matching the founders; no funding statement on website (9 pages) or YC page. LinkedIn/X/Crunchbase need a logged-in browser.,2026-09-30T19:49:20Z,,,,,,https://usealmanac.com,B2B,Early,3,No,0,,,0,,,,
tarebio,TareBio,Summer 2026,No evidence found,,,,,,,,,,,,,,,,,,Checked: no post-YC Form D matching the founders; no funding statement on website (1 pages) or YC page. LinkedIn/X/Crunchbase need a logged-in browser.,2026-09-30T19:48:47Z,,,,,,https://tarebio.com/,Healthcare,Early,1,No,0,,,0,,,,
greypoint-industries,Greypoint Industries,Summer 2026,No evidence found,,,,,,,,,,,,,,,,,,Checked: no post-YC Form D matching the founders; no funding statement on website (10 pages) or YC page. LinkedIn/X/Crunchbase need a logged-in browser.,2026-09-30T19:48:51Z,,,,,,https://greypointindustries.com/,Industrials,Early,4,No,0,,,0,,,,
hilstart,Hilstart,Summer 2026,Yes,1080000,SAFE (per Form D; stage not stated),2026-07-13,,1,SEC Form D,https://www.sec.gov/Archives/edgar/data/2147638/000214763826000001/primary_doc.xml,totalAmountSold: 1080000; totalOfferingAmount: 1500000; dateOfFirstSale: 2026-07-13,0002147638,0002147638-26-000001,1080000,1500000,2026-07-13,Other; Other: Simple Agreement for Future Equity,3,"HILstart, Inc.",High,"yc deal like Form D 0002147638-26-000002: sold 500000 first sale 2026-08-11 First sale is close to batch start, so the Form D total may include YC's $500K.",2026-09-30T19:48:50Z,2026-07-13,1080000,SEC Form D 0002147638-26-000001,1080000,Yes,https://hilstart.io/,Industrials,Early,,No,0,,,0,0,0,,
aerogen-systems,Aerogen Systems,Summer 2026,No evidence found,,,,,,,,,,,,,,,,,,Checked: no post-YC Form D matching the founders; no funding statement on website (2 pages) or YC page. LinkedIn/X/Crunchbase need a logged-in browser.,2026-09-30T19:48:52Z,,,,,,https://www.aerogensystems.com/,Industrials,Early,4,No,0,,,0,,,,
graphify-labs,Graphify Labs,Summer 2026,No evidence found,,,,,,,,,,,,,,,,,,Checked: no post-YC Form D matching the founders; no funding statement on website (6 pages) or YC page. LinkedIn/X/Crunchbase need a logged-in browser.,2026-09-30T19:48:55Z,,,,,,https://www.graphify.com/,B2B,Early,1,No,0,,,0,,,,
ooak-data,Ooak Data,Summer 2026,No evidence found,,,,,,,,,,,,,,,,,,Checked: no post-YC Form D matching the founders; no funding statement on website (2 pages) or YC page. LinkedIn/X/Crunchbase need a logged-in browser.,2026-09-30T19:48:52Z,,,,,,https://ooakdata.com/,B2B,Early,5,Yes,0,,,0,,,,
nori,Nori,Fall 2025,No evidence found,,,,,,,,,,,,,,,,,,Checked: no post-YC Form D matching the founders; no funding statement on website (4 pages) or YC page. LinkedIn/X/Crunchbase need a logged-in browser.,2026-09-30T19:48:56Z,,,,,,https://nori.ai,Healthcare,Early,3,No,0,,,0,,,,
6thsense,6thSense,Summer 2026,Yes,,Pre-seed,2026-07-08,Krew Capital,4,"press article (VentureSquare, Korean)",https://www.venturesquare.net/1097147/,크루캐피탈(Krew Capital)로부터 약 10억 원 규모의 프리시드 투자를 유치했다고 8일 전했다,,,,,,,,,Low,"Manual review: pre-seed of about KRW 1B (roughly $0.7M, not converted) from Krew Capital announced 2026-07-08, after the Summer 2026 batch start. Wording ('following' earlier backing) leaves some doubt that it all came after YC.",2026-09-30T19:48:54Z,2026-07-08,,"press article (VentureSquare, Korean)",,Unknown,https://6thsense.dev,Industrials,Early,4,No,0,,,0,0,0,https://6thsense.dev/careers,
bloomy,Bloomy,Summer 2026,No evidence found,,,,,,,,,,,,,,,,,,Checked: no post-YC Form D matching the founders; no funding statement on website (2 pages) or YC page. LinkedIn/X/Crunchbase need a logged-in browser.,2026-09-30T19:49:01Z,,,,,,https://bloomylearning.com/,Education,Early,1,Yes,0,,,0,,,,
machine0,machine0,Summer 2026,No evidence found,,,,,,,,,,,,,,,,,,Checked: no post-YC Form D matching the founders; no funding statement on website (2 pages) or YC page. LinkedIn/X/Crunchbase need a logged-in browser.,2026-09-30T19:48:57Z,,,,,,https://machine0.io,B2B,Early,1,No,0,,,0,,,,
talentpluto,Pluto,Summer 2026,No evidence found,,,,,,,,,,,,,,,,,,Checked: no post-YC Form D matching the founders; no funding statement on website (1 pages) or YC page. LinkedIn/X/Crunchbase need a logged-in browser.,2026-09-30T19:48:56Z,,,,,,https://talentpluto.com,B2B,Early,5,No,0,,,0,,,,
flowmanual,FlowManual,Summer 2026,No evidence found,,,,,,,,,,,,,,,,,,Checked: no post-YC Form D matching the founders; no funding statement on website (10 pages) or YC page. LinkedIn/X/Crunchbase need a logged-in browser.,2026-09-30T19:49:03Z,,,,,,https://flowmanual.com/,Real Estate and Construction,Early,2,No,0,,,0,,,,
elite,Elite,Summer 2026,No evidence found,,,,,,,,,,,,,,,,,,Checked: no post-YC Form D matching the founders; no funding statement on website (1 pages) or YC page. LinkedIn/X/Crunchbase need a logged-in browser.,2026-09-30T19:48:59Z,,,,,,https://elitehq.ai/,Healthcare,Early,2,No,0,,,0,,,,
peer,Peer,Summer 2026,No evidence found,,,,,,,,,,,,,,,,,,Checked: no post-YC Form D matching the founders; no funding statement on website (1 pages) or YC page. LinkedIn/X/Crunchbase need a logged-in browser.,2026-09-30T19:49:42Z,,,,,,https://peer-freight.com,B2B,Early,2,No,0,,,0,,,,
molagri,Molagri,Summer 2026,No evidence found,,,,,,,,,,,,,,,,,,Checked: no post-YC Form D matching the founders; no funding statement on website (1 pages) or YC page. LinkedIn/X/Crunchbase need a logged-in browser. National register for CA not checked.,2026-09-30T19:49:00Z,,,,,,https://molagri.com,Industrials,Early,4,No,0,,,0,,,,
cerenovus,Cerenovus,Summer 2026,No evidence found,,,,,,,,,,,,,,,,,,Checked: no post-YC Form D matching the founders; no funding statement on website (5 pages) or YC page. LinkedIn/X/Crunchbase need a logged-in browser.,2026-09-30T19:49:02Z,,,,,,https://www.cerenovus.ai/,B2B,Early,5,No,0,,,0,,,,
agency-tool-company,Agency Tool Company,Summer 2026,No evidence found,,,,,,,,,,,,,,,,,,Checked: no post-YC Form D matching the founders; no funding statement on website (4 pages) or YC page. LinkedIn/X/Crunchbase need a logged-in browser.,2026-09-30T19:49:06Z,,,,,,https://agencytool.com,Industrials,Early,3,No,0,,,0,,,,
standard-machines,Standard Machines,Summer 2026,No evidence found,,,,,,,,,,,,,,,,,,Checked: no post-YC Form D matching the founders; no funding statement on website (3 pages) or YC page. LinkedIn/X/Crunchbase need a logged-in browser.,2026-09-30T19:49:08Z,,,,,,https://standardmachines.com,B2B,Early,,No,0,,,0,,,,
edotenv,EdotEnv,Summer 2026,No evidence found,,,,,,,,,,,,,,,,,,Checked: no post-YC Form D matching the founders; no funding statement on website (1 pages) or YC page. LinkedIn/X/Crunchbase need a logged-in browser.,2026-09-30T19:49:07Z,,,,,,https://edotenv.com,B2B,Early,2,No,0,,,0,,,,
traceforce,Traceforce,Summer 2026,No evidence found,,,,,,,,,,,,,,,,,,Checked: no post-YC Form D matching the founders; no funding statement on website (1 pages) or YC page. LinkedIn/X/Crunchbase need a logged-in browser.,2026-09-30T19:49:05Z,,,,,,https://www.traceforce.ai,B2B,Early,2,No,0,,,0,,,,
tarifflo-inc,Tarifflo Inc.,Summer 2026,No evidence found,,,,,,,,,,,,,,,,,,Checked: no post-YC Form D matching the founders; no funding statement on website (2 pages) or YC page. LinkedIn/X/Crunchbase need a logged-in browser.,2026-09-30T19:49:06Z,,,,,,https://www.tarifflo.com,B2B,Early,5,No,0,,,0,,,,
callbook-ai,Callbook AI,Summer 2026,No evidence found,,,,,,,,,,,,,,,,,,Checked: no post-YC Form D matching the founders; no funding statement on website (3 pages) or YC page. LinkedIn/X/Crunchbase need a logged-in browser.,2026-09-30T19:49:15Z,,,,,,https://callbook.ai,B2B,Early,7,No,0,,,0,,,,
alkera-ai,Alkera AI,Summer 2026,No evidence found,,,,,,,,,,,,,,,,,,Checked: no post-YC Form D matching the founders; no funding statement on website (1 pages) or YC page. LinkedIn/X/Crunchbase need a logged-in browser.,2026-09-30T19:49:16Z,,,,,,https://alkera.ai,B2B,Early,3,No,0,,,0,,,,
rasyn,Rasyn,Summer 2026,No evidence found,,,,,,,,,,,,,,,,,,Checked: no post-YC Form D matching the founders; no funding statement on website (0 pages) or YC page. LinkedIn/X/Crunchbase need a logged-in browser.,2026-09-30T19:49:48Z,,,,,,https://www.rasyn.ai/,Healthcare,Early,3,No,0,,,0,,,,
manifold-2,Manifold,Summer 2026,No evidence found,,,,,,,,,,,,,,,,,,Checked: no post-YC Form D matching the founders; no funding statement on website (1 pages) or YC page. LinkedIn/X/Crunchbase need a logged-in browser.,2026-09-30T19:49:09Z,,,,,,https://www.manifoldindustries.ai/,Industrials,Early,2,No,0,,,0,,,,
screenpipe,screenpipe,Summer 2026,No evidence found,,,,,,,,,,,,,,,,,,Checked: no post-YC Form D matching the founders; no funding statement on website (9 pages) or YC page. LinkedIn/X/Crunchbase need a logged-in browser.,2026-09-30T19:49:43Z,,,,,,https://screenpipe.com,B2B,Early,2,Yes,0,,,0,,,,
spectre-intelligence,Spectre Intelligence,Summer 2026,No evidence found,,,,,,,,,,,,,,,,,,Checked: no post-YC Form D matching the founders; no funding statement on website (1 pages) or YC page. LinkedIn/X/Crunchbase need a logged-in browser.,2026-09-30T19:49:11Z,,,,,,https://www.spectreintelligence.ai,Fintech,Early,2,No,0,,,0,,,,
zaplar,Zaplar,Summer 2026,No evidence found,,,,,,,,,,,,,,,,,,Checked: no post-YC Form D matching the founders; no funding statement on website (4 pages) or YC page. LinkedIn/X/Crunchbase need a logged-in browser. National register for SE not checked.,2026-09-30T19:49:11Z,,,,,,https://zaplar.com,B2B,Early,3,No,0,,,0,,,,
prodigy-research,Prodigy Research,Summer 2026,No evidence found,,,,,,,,,,,,,,,,,,Checked: no post-YC Form D matching the founders; no funding statement on website (1 pages) or YC page. LinkedIn/X/Crunchbase need a logged-in browser.,2026-09-30T19:49:12Z,,,,,,https://prodigy.markets,Fintech,Early,2,No,0,,,0,,,,
touchmark,Touchmark,Summer 2026,No evidence found,,,,,,,,,,,,,,,,,,Checked: no post-YC Form D matching the founders; no funding statement on website (1 pages) or YC page. LinkedIn/X/Crunchbase need a logged-in browser.,2026-09-30T19:49:14Z,,,,,,https://touchmark.ai,B2B,Early,2,No,0,,,0,,,,
exosat,Exosat,Summer 2026,No evidence found,,,,,,,,,,,,,,,,,,Checked: no post-YC Form D matching the founders; no funding statement on website (2 pages) or YC page. LinkedIn/X/Crunchbase need a logged-in browser. National register for SG not checked.,2026-09-30T19:49:13Z,,,,,,https://www.exosat.com,Industrials,Early,1,No,0,,,0,,,,
codag,Codag,Summer 2026,No evidence found,,,,,,,,,,,,,,,,,,Checked: no post-YC Form D matching the founders; no funding statement on website (2 pages) or YC page. LinkedIn/X/Crunchbase need a logged-in browser.,2026-09-30T19:49:15Z,,,,,,https://codag.ai/,B2B,Early,1,No,0,,,0,,,,
contextdev,Context.dev,Summer 2026,No evidence found,,,,,,,,,,,,,,,,,,Checked: no post-YC Form D matching the founders; no funding statement on website (1 pages) or YC page. LinkedIn/X/Crunchbase need a logged-in browser.,2026-09-30T19:49:57Z,,,,,,https://context.dev,B2B,Early,6,No,0,,,0,,,,
glen,Glen,Summer 2026,No evidence found,,,,,,,,,,,,,,,,,,Checked: no post-YC Form D matching the founders; no funding statement on website (2 pages) or YC page. LinkedIn/X/Crunchbase need a logged-in browser.,2026-09-30T19:49:16Z,,,,,,https://www.tryglen.com/,B2B,Early,1,Yes,0,,,0,,,,
stoa,Stoa,Summer 2026,No evidence found,,,,,,,,,,,,,,,,,,Checked: no post-YC Form D matching the founders; no funding statement on website (3 pages) or YC page. LinkedIn/X/Crunchbase need a logged-in browser.,2026-09-30T19:49:18Z,,,,,,https://www.stoaexchange.com,Fintech,Early,3,No,0,,,0,,,,
joinmarble,Marble,Summer 2026,No evidence found,,,,,,,,,,,,,,,,,,Checked: no post-YC Form D matching the founders; no funding statement on website (3 pages) or YC page. LinkedIn/X/Crunchbase need a logged-in browser.,2026-09-30T19:49:17Z,,,,,,https://joinmarble.ai/,B2B,Early,2,Yes,0,,,0,,,,
audun,Audun,Summer 2026,No evidence found,,,,,,,,,,,,,,,,,,Checked: no post-YC Form D matching the founders; no funding statement on website (2 pages) or YC page. LinkedIn/X/Crunchbase need a logged-in browser. National register for NO not checked.,2026-09-30T19:49:21Z,,,,,,https://audun.co,Fintech,Early,5,No,0,,,0,,,,
grocalo,Grocalo,Summer 2026,No evidence found,,,,,,,,,,,,,,,,,,Checked: no post-YC Form D matching the founders; no funding statement on website (10 pages) or YC page. LinkedIn/X/Crunchbase need a logged-in browser.,2026-09-30T19:49:19Z,,,,,,https://grocalo.com/,Consumer,Early,2,No,0,,,0,,,,
ai-coach,COACH,Summer 2026,No evidence found,,,,,,,,,,,,,,,,,,Checked: no post-YC Form D matching the founders; no funding statement on website (1 pages) or YC page. LinkedIn/X/Crunchbase need a logged-in browser.,2026-09-30T19:49:19Z,,,,,,https://www.getcoach.com/,B2B,Early,4,Yes,0,,,0,,,,
deepreach-inc,DeepReach Inc.,Summer 2026,No evidence found,,,,,,,,,,,,,,,,,,Checked: no post-YC Form D matching the founders; no funding statement on website (10 pages) or YC page. LinkedIn/X/Crunchbase need a logged-in browser.,2026-09-30T19:49:32Z,,,,,,http://www.deepreach.ai,B2B,Early,6,Yes,0,,,0,,,,
mochi,Mochi,Summer 2026,No evidence found,,,,,,,,,,,,,,,,,,Checked: no post-YC Form D matching the founders; no funding statement on website (7 pages) or YC page. LinkedIn/X/Crunchbase need a logged-in browser.,2026-09-30T19:49:24Z,,,,,,https://www.mochi.tv/,Consumer,Early,3,No,0,,,0,,,,
alloovium,Alloovium,Summer 2026,No evidence found,,,,,,,,,,,,,,,,,,Checked: no post-YC Form D matching the founders; no funding statement on website (8 pages) or YC page. LinkedIn/X/Crunchbase need a logged-in browser.,2026-09-30T19:49:30Z,,,,,,https://www.alloovium.com/en,Real Estate and Construction,Early,5,No,0,,,0,,,,
dialogus,Dialogus,Summer 2026,No evidence found,,,,,,,,,,,,,,,,,,Checked: no post-YC Form D matching the founders; no funding statement on website (4 pages) or YC page. LinkedIn/X/Crunchbase need a logged-in browser.,2026-09-30T19:49:24Z,,,,,,https://www.dialoguslabs.com/,B2B,Early,3,No,0,,,0,,,,
mosaic-2,Mosaic,Winter 2025,Yes,3800000,,2026-04-07,,2,Company website,https://mosaic.so/blog/mosaic-seed-round-announcement,Mosaic Raises $3.8M to Build Video Editing Agents | Mosaic Blog,,,,,,,,,High,No matching post-YC Form D found.,2026-09-30T19:49:24Z,2026-04-07,3800000,Company website,3800000,Yes,https://mosaic.so,Consumer,Early,5,Yes,1,ashby,7,7,1,0,,Global Head of Sales; Head of EMEA Sales; Software Engineer; GTM Associate - Banking & Credit; GTM Associate - Private Equity; Head of Marketing; Deployment Strategist
bizmark,Bizmark,Summer 2026,No evidence found,,,,,,,,,,,,,,,,,,Checked: no post-YC Form D matching the founders; no funding statement on website (10 pages) or YC page. LinkedIn/X/Crunchbase need a logged-in browser.,2026-09-30T19:49:25Z,,,,,,https://bizmark.ai,B2B,Early,2,No,0,,,0,,,,
riften,Riften,Summer 2026,No evidence found,,,,,,,,,,,,,,,,,,Checked: no post-YC Form D matching the founders; no funding statement on website (5 pages) or YC page. LinkedIn/X/Crunchbase need a logged-in browser.,2026-09-30T19:49:25Z,,,,,,https://riften.ai,B2B,Early,5,No,0,,,0,,,,
realpact,RealPact,Summer 2026,No evidence found,,,,,,,,,,,,,,,,,,Checked: no post-YC Form D matching the founders; no funding statement on website (2 pages) or YC page. LinkedIn/X/Crunchbase need a logged-in browser.,2026-09-30T19:49:28Z,,,,,,https://realpact.ai,Real Estate and Construction,Early,2,No,0,,,0,,,,
guild,GUILD,Summer 2026,No evidence found,,,,,,,,,,,,,,,,,,Checked: no post-YC Form D matching the founders; no funding statement on website (2 pages) or YC page. LinkedIn/X/Crunchbase need a logged-in browser.,2026-09-30T19:49:29Z,,,,,,https://www.guildai.co,Industrials,Early,2,No,0,,,0,,,,
floracene,Floracene,Summer 2026,No evidence found,,,,,,,,,,,,,,,,,,Checked: no post-YC Form D matching the founders; no funding statement on website (1 pages) or YC page. LinkedIn/X/Crunchbase need a logged-in browser.,2026-09-30T19:49:28Z,,,,,,https://www.floracene.com/,Healthcare,Early,2,No,0,,,0,,,,
rise-reforming,Rise Reforming,Summer 2026,Unclear,,Pre-Seed,,,2,Company website,https://www.rise-reforming.com/home,"Pre-seed round of funding closed ($650k) towards completing proof-of-concept, filing process IP, and finalizing our plans for the pilot plant.",,,,,,,,,Low,"Manual review: site says a $650K pre-seed round closed, with no date. Likely pre-YC (Summer 2026 batch); not counted as post-YC without a date.",2026-09-30T19:49:31Z,,,,,,https://rise-reforming.com/home,Industrials,Early,4,No,0,,,0,0,0,,
instaplay,Instaplay,Summer 2026,No evidence found,,,,,,,,,,,,,,,,,,Checked: no post-YC Form D matching the founders; no funding statement on website (4 pages) or YC page. LinkedIn/X/Crunchbase need a logged-in browser.,2026-09-30T19:49:33Z,,,,,,https://instaplay.ai,Consumer,Early,3,No,0,,,0,,,,
verdant,Verdant,Summer 2026,No evidence found,,,,,,,,,,,,,,,,,,Checked: no post-YC Form D matching the founders; no funding statement on website (2 pages) or YC page. LinkedIn/X/Crunchbase need a logged-in browser.,2026-09-30T19:49:51Z,,,,,,https://www.verdantapp.com/,Government,Early,2,No,0,,,0,,,,
impact-drones,IMPACT Drones,Summer 2026,No evidence found,,,,,,,,,,,,,,,,,,Checked: no post-YC Form D matching the founders; no funding statement on website (1 pages) or YC page. LinkedIn/X/Crunchbase need a logged-in browser.,2026-09-30T19:49:52Z,,,,,,https://www.impact-drones.com,Industrials,Early,2,No,0,,,0,,,,
insurf,Insurf,Summer 2026,No evidence found,,,,,,,,,,,,,,,,,,Checked: no post-YC Form D matching the founders; no funding statement on website (3 pages) or YC page. LinkedIn/X/Crunchbase need a logged-in browser.,2026-09-30T19:49:34Z,,,,,,https://www.insurf.io,Healthcare,Early,3,No,0,,,0,,,,
jcode,Jcode,Summer 2026,No evidence found,,,,,,,,,,,,,,,,,,Checked: no post-YC Form D matching the founders; no funding statement on website (10 pages) or YC page. LinkedIn/X/Crunchbase need a logged-in browser.,2026-09-30T19:49:36Z,,,,,,https://jcode.sh/,Consumer,Early,1,No,0,,,0,,,,
lemonlime,LemonLime,Summer 2026,No evidence found,,,,,,,,,,,,,,,,,,Checked: no post-YC Form D matching the founders; no funding statement on website (6 pages) or YC page. LinkedIn/X/Crunchbase need a logged-in browser.,2026-09-30T19:49:39Z,,,,,,https://www.lemonlime.com/,B2B,Early,5,Yes,0,,,0,,,,
gutgutgoose,Gutgutgoose,Summer 2026,No evidence found,,,,,,,,,,,,,,,,,,Checked: no post-YC Form D matching the founders; no funding statement on website (2 pages) or YC page. LinkedIn/X/Crunchbase need a logged-in browser.,2026-09-30T19:49:37Z,,,,,,https://gutgutgoose.com/,Healthcare,Early,7,No,0,,,0,,,,
speko,Speko,Summer 2026,No evidence found,,,,,,,,,,,,,,,,,,Checked: no post-YC Form D matching the founders; no funding statement on website (10 pages) or YC page. LinkedIn/X/Crunchbase need a logged-in browser.,2026-09-30T19:49:38Z,,,,,,https://speko.ai/?utm_source=ycombinator&utm_medium=profile,B2B,Early,4,No,0,,,0,,,,
synapse-semiconductor,Synapse Semiconductor,Summer 2026,No evidence found,,,,,,,,,,,,,,,,,,Checked: no post-YC Form D matching the founders; no funding statement on website (2 pages) or YC page. LinkedIn/X/Crunchbase need a logged-in browser.,2026-09-30T19:49:42Z,,,,,,https://synapsesemi.org,Industrials,Early,2,Yes,0,,,0,,,,
orchestra,Orchestra,Summer 2026,No evidence found,,,,,,,,,,,,,,,,,,Checked: no post-YC Form D matching the founders; no funding statement on website (2 pages) or YC page. LinkedIn/X/Crunchbase need a logged-in browser.,2026-09-30T19:49:58Z,,,,,,https://orchestra.ai/,B2B,Early,2,No,0,,,0,,,,
prized,Prized,Summer 2026,No evidence found,,,,,,,,,,,,,,,,,,Checked: no post-YC Form D matching the founders; no funding statement on website (2 pages) or YC page. LinkedIn/X/Crunchbase need a logged-in browser.,2026-09-30T19:49:40Z,,,,,,https://prized.dev,B2B,Early,2,No,0,,,0,,,,
studio,Studio,Summer 2026,No evidence found,,,,,,,,,,,,,,,,,,Checked: no post-YC Form D matching the founders; no funding statement on website (1 pages) or YC page. LinkedIn/X/Crunchbase need a logged-in browser.,2026-09-30T19:49:44Z,,,,,,https://trystudio.ai,B2B,Early,2,No,0,,,0,,,,
bernard,Bernard,Summer 2026,No evidence found,,,,,,,,,,,,,,,,,,Checked: no post-YC Form D matching the founders; no funding statement on website (1 pages) or YC page. LinkedIn/X/Crunchbase need a logged-in browser.,2026-09-30T19:49:42Z,,,,,,https://bernardhq.com/,B2B,Early,9,No,0,,,0,,,,
musicarena,MusicArena,Summer 2026,No evidence found,,,,,,,,,,,,,,,,,,Checked: no post-YC Form D matching the founders; no funding statement on website (10 pages) or YC page. LinkedIn/X/Crunchbase need a logged-in browser.,2026-09-30T19:49:43Z,,,,,,https://musicarena.io/,B2B,Early,-1,No,0,,,0,,,,
maingen,Maingen,Summer 2026,No evidence found,,,,,,,,,,,,,,,,,,Checked: no post-YC Form D matching the founders; no funding statement on website (1 pages) or YC page. LinkedIn/X/Crunchbase need a logged-in browser.,2026-09-30T19:50:04Z,,,,,,https://www.maingen.com/,Industrials,Early,2,No,0,,,0,,,,
enact,Enact,Summer 2026,No evidence found,,,,,,,,,,,,,,,,,,Checked: no post-YC Form D matching the founders; no funding statement on website (1 pages) or YC page. LinkedIn/X/Crunchbase need a logged-in browser.,2026-09-30T19:49:46Z,,,,,,https://enact.company,Industrials,Early,2,No,0,,,0,,,,
rex-inc,Rex,Summer 2026,No evidence found,,,,,,,,,,,,,,,,,,Checked: no post-YC Form D matching the founders; no funding statement on website (3 pages) or YC page. LinkedIn/X/Crunchbase need a logged-in browser.,2026-09-30T19:49:46Z,,,,,,https://www.rex.inc,B2B,Early,2,Yes,0,,,0,,,,
zomma,Zomma,Summer 2026,No evidence found,,,,,,,,,,,,,,,,,,Checked: no post-YC Form D matching the founders; no funding statement on website (7 pages) or YC page. LinkedIn/X/Crunchbase need a logged-in browser.,2026-09-30T19:50:22Z,,,,,,https://zommalabs.com,B2B,Early,5,No,0,,,0,,,,
nebusec,NebuSec,Summer 2026,No evidence found,,,,,,,,,,,,,,,,,,Checked: no post-YC Form D matching the founders; no funding statement on website (3 pages) or YC page. LinkedIn/X/Crunchbase need a logged-in browser.,2026-09-30T19:49:48Z,,,,,,https://nebusec.ai,B2B,Early,4,No,0,,,0,,,,
kara,Kara,Summer 2026,No evidence found,,,,,,,,,,,,,,,,,,Checked: no post-YC Form D matching the founders; no funding statement on website (1 pages) or YC page. LinkedIn/X/Crunchbase need a logged-in browser.,2026-09-30T19:49:52Z,,,,,,https://karalabs.ai/,Industrials,Early,2,No,0,,,0,,,,
trope,Trope,Summer 2026,No evidence found,,,,,,,,,,,,,,,,,,Checked: no post-YC Form D matching the founders; no funding statement on website (2 pages) or YC page. LinkedIn/X/Crunchbase need a logged-in browser.,2026-09-30T19:49:49Z,,,,,,https://trope.ai,B2B,Early,2,No,0,,,0,,,,
parasma,Parasma,Summer 2026,No evidence found,,,,,,,,,,,,,,,,,,Checked: no post-YC Form D matching the founders; no funding statement on website (4 pages) or YC page. LinkedIn/X/Crunchbase need a logged-in browser.,2026-09-30T19:49:50Z,,,,,,https://parasma.com,B2B,Early,2,Yes,0,,,0,,,,
belvedir,Belvedir,Summer 2026,No evidence found,,,,,,,,,,,,,,,,,,Checked: no post-YC Form D matching the founders; no funding statement on website (1 pages) or YC page. LinkedIn/X/Crunchbase need a logged-in browser.,2026-09-30T19:50:38Z,,,,,,https://belvedir.ai/,B2B,Early,1,No,0,,,0,,,,
shielded,Shielded,Summer 2026,No evidence found,,,,,,,,,,,,,,,,,,Checked: no post-YC Form D matching the founders; no funding statement on website (1 pages) or YC page. LinkedIn/X/Crunchbase need a logged-in browser.,2026-09-30T19:49:51Z,,,,,,https://www.shieldedglobal.com/,B2B,Early,,No,0,,,0,,,,
olam-labs,Olam Labs,Summer 2026,No evidence found,,,,,,,,,,,,,,,,,,Checked: no post-YC Form D matching the founders; no funding statement on website (2 pages) or YC page. LinkedIn/X/Crunchbase need a logged-in browser.,2026-09-30T19:49:54Z,,,,,,https://olamlabs.ai,B2B,Early,2,No,0,,,0,,,,
egoist-machines,Egoist Machines,Summer 2026,No evidence found,,,,,,,,,,,,,,,,,,Checked: no post-YC Form D matching the founders; no funding statement on website (2 pages) or YC page. LinkedIn/X/Crunchbase need a logged-in browser.,2026-09-30T19:50:14Z,,,,,,https://ego.ist/,Consumer,Early,2,No,0,,,0,,,,
mass-magnetics,Mass Magnetics,Summer 2026,No evidence found,,,,,,,,,,,,,,,,,,Checked: no post-YC Form D matching the founders; no funding statement on website (1 pages) or YC page. LinkedIn/X/Crunchbase need a logged-in browser.,2026-09-30T19:49:53Z,,,,,,https://massmagnetics.com/,Industrials,Early,3,No,0,,,0,,,,
perceptron-ml,Perceptron ML,Summer 2026,No evidence found,,,,,,,,,,,,,,,,,,Checked: no post-YC Form D matching the founders; no funding statement on website (10 pages) or YC page. LinkedIn/X/Crunchbase need a logged-in browser.,2026-09-30T19:49:55Z,,,,,,https://perceptronml.com,B2B,Early,2,No,0,,,0,,,,
erinys,Erinys,Summer 2026,No evidence found,,,,,,,,,,,,,,,,,,Checked: no post-YC Form D matching the founders; no funding statement on website (1 pages) or YC page. LinkedIn/X/Crunchbase need a logged-in browser.,2026-09-30T19:49:56Z,,,,,,https://erinys.ai,B2B,Early,3,No,0,,,0,,,,
manufacturingintelligence,HERA,Summer 2026,No evidence found,,,,,,,,,,,,,,,,,,Checked: no post-YC Form D matching the founders; no funding statement on website (2 pages) or YC page. LinkedIn/X/Crunchbase need a logged-in browser.,2026-09-30T19:49:56Z,,,,,,https://www.manufacturingintelligence.org,Industrials,Early,2,Yes,0,,,0,,,,
donkey,Donkey,Summer 2026,No evidence found,,,,,,,,,,,,,,,,,,Checked: no post-YC Form D matching the founders; no funding statement on website (1 pages) or YC page. LinkedIn/X/Crunchbase need a logged-in browser.,2026-09-30T19:49:56Z,,,,,,https://donkey.trade,B2B,Early,5,No,0,,,0,,,,
moonshot-computer,Moonshot,Summer 2026,No evidence found,,,,,,,,,,,,,,,,,,Checked: no post-YC Form D matching the founders; no funding statement on website (3 pages) or YC page. LinkedIn/X/Crunchbase need a logged-in browser.,2026-09-30T19:50:21Z,,,,,,https://moonshot.computer/,Consumer,Early,3,No,0,,,0,,,,
hoplite,Hoplite,Summer 2026,No evidence found,,,,,,,,,,,,,,,,,,Checked: no post-YC Form D matching the founders; no funding statement on website (12 pages) or YC page. LinkedIn/X/Crunchbase need a logged-in browser.,2026-09-30T19:50:04Z,,,,,,https://hoplite.sh,B2B,Early,2,No,0,,,0,,,,
pango,Pango,Summer 2026,No evidence found,,,,,,,,,,,,,,,,,,Checked: no post-YC Form D matching the founders; no funding statement on website (4 pages) or YC page. LinkedIn/X/Crunchbase need a logged-in browser.,2026-09-30T19:50:00Z,,,,,,https://pango.ai/,B2B,Early,5,Yes,0,,,0,,,,
tash,tash,Summer 2026,No evidence found,,,,,,,,,,,,,,,,,,Checked: no post-YC Form D matching the founders; no funding statement on website (1 pages) or YC page. LinkedIn/X/Crunchbase need a logged-in browser.,2026-09-30T19:50:03Z,,,,,,https://www.tash.cards/,Consumer,Early,4,No,0,,,0,,,,
torus,Torus,Summer 2026,No evidence found,,,,,,,,,0002150951,,,,,,,Torus Intelligence Inc.,,yc deal like Form D 0002150951-26-000001: sold 150000 first sale 2026-08-07 Checked: no post-YC Form D matching the founders; no funding statement on website (2 pages) or YC page. LinkedIn/X/Crunchbase need a logged-in browser.,2026-09-30T19:50:00Z,,,,,,https://www.usetorus.com,Industrials,Early,6,Yes,0,,,0,,,,
kebra,Kebra,Summer 2026,No evidence found,,,,,,,,,,,,,,,,,,Checked: no post-YC Form D matching the founders; no funding statement on website (1 pages) or YC page. LinkedIn/X/Crunchbase need a logged-in browser.,2026-09-30T19:50:24Z,,,,,,https://kebra.com,B2B,Early,2,No,0,,,0,,,,
gitcafe,GitCafe,Summer 2026,No evidence found,,,,,,,,,,,,,,,,,,Checked: no post-YC Form D matching the founders; no funding statement on website (1 pages) or YC page. LinkedIn/X/Crunchbase need a logged-in browser.,2026-09-30T19:50:01Z,,,,,,https://git.cafe,B2B,Early,1,No,0,,,0,,,,
edgerun,Edgerun,Summer 2026,No evidence found,,,,,,,,,,,,,,,,,,Checked: no post-YC Form D matching the founders; no funding statement on website (2 pages) or YC page. LinkedIn/X/Crunchbase need a logged-in browser.,2026-09-30T19:50:05Z,,,,,,https://edgerun.com,Industrials,Early,5,Yes,0,,,0,,,,
rindler,Rindler,Summer 2026,No evidence found,,,,,,,,,,,,,,,,,,Checked: no post-YC Form D matching the founders; no funding statement on website (2 pages) or YC page. LinkedIn/X/Crunchbase need a logged-in browser.,2026-09-30T19:50:04Z,,,,,,https://maxxwell.dev,B2B,Early,2,No,0,,,0,,,,
proprio-robotics,Proprio Robotics,Summer 2026,No evidence found,,,,,,,,,,,,,,,,,,Checked: no post-YC Form D matching the founders; no funding statement on website (1 pages) or YC page. LinkedIn/X/Crunchbase need a logged-in browser.,2026-09-30T19:50:04Z,,,,,,https://www.propriorobotics.com/,Industrials,Early,1,No,0,,,0,,,,
amorphic-labs,Amorphic Labs,Summer 2026,No evidence found,,,,,,,,,,,,,,,,,,Checked: no post-YC Form D matching the founders; no funding statement on website (2 pages) or YC page. LinkedIn/X/Crunchbase need a logged-in browser.,2026-09-30T19:50:09Z,,,,,,https://www.agentmuxer.com,B2B,Early,2,No,0,,,0,,,,
rekursivai,rekursiv.ai,Summer 2026,No evidence found,,,,,,,,,,,,,,,,,,Checked: no post-YC Form D matching the founders; no funding statement on website (2 pages) or YC page. LinkedIn/X/Crunchbase need a logged-in browser.,2026-09-30T19:50:07Z,,,,,,https://rekursiv.ai,B2B,Early,5,No,0,,,0,,,,
trident,Trident,Summer 2026,No evidence found,,,,,,,,,,,,,,,,,,Checked: no post-YC Form D matching the founders; no funding statement on website (4 pages) or YC page. LinkedIn/X/Crunchbase need a logged-in browser.,2026-09-30T19:50:08Z,,,,,,https://tridentsecurity.io/,B2B,Early,4,No,0,,,0,,,,
atlas-discovery,Atlas Discovery,Summer 2026,No evidence found,,,,,,,,,,,,,,,,,,Checked: no post-YC Form D matching the founders; no funding statement on website (3 pages) or YC page. LinkedIn/X/Crunchbase need a logged-in browser.,2026-09-30T19:50:09Z,,,,,,https://atlasdiscovery.bio,Healthcare,Early,3,No,0,,,0,,,,
mentlio,Mentlio,Summer 2026,No evidence found,,,,,,,,,,,,,,,,,,Checked: no post-YC Form D matching the founders; no funding statement on website (8 pages) or YC page. LinkedIn/X/Crunchbase need a logged-in browser.,2026-09-30T19:50:31Z,,,,,,https://mentlio.com,B2B,Early,,No,0,,,0,,,,
textsidekick,Sidekick,Summer 2026,No evidence found,,,,,,,,,,,,,,,,,,Checked: no post-YC Form D matching the founders; no funding statement on website (3 pages) or YC page. LinkedIn/X/Crunchbase need a logged-in browser.,2026-09-30T19:50:12Z,,,,,,https://textsidekick.com/,B2B,Early,1,No,0,,,0,,,,
wondertx,WonderTx,Summer 2026,No evidence found,,,,,,,,,,,,,,,,,,Checked: no post-YC Form D matching the founders; no funding statement on website (2 pages) or YC page. LinkedIn/X/Crunchbase need a logged-in browser.,2026-09-30T19:50:11Z,,,,,,https://wondertx.ai/,Healthcare,Early,3,No,0,,,0,,,,
marker,Marker,Summer 2026,No evidence found,,,,,,,,,,,,,,,,,,Checked: no post-YC Form D matching the founders; no funding statement on website (1 pages) or YC page. LinkedIn/X/Crunchbase need a logged-in browser.,2026-09-30T19:50:11Z,,,,,,https://onmarker.com,B2B,Early,3,No,0,,,0,,,,
palette-2,Palette,Summer 2026,No evidence found,,,,,,,,,,,,,,,,,,Checked: no post-YC Form D matching the founders; no funding statement on website (4 pages) or YC page. LinkedIn/X/Crunchbase need a logged-in browser.,2026-09-30T19:50:13Z,,,,,,https://palettelabs.com/,B2B,Early,2,No,0,,,0,,,,
most-robotic,Most Robotic,Summer 2026,No evidence found,,,,,,,,,,,,,,,,,,Checked: no post-YC Form D matching the founders; no funding statement on website (1 pages) or YC page. LinkedIn/X/Crunchbase need a logged-in browser.,2026-09-30T19:50:13Z,,,,,,https://mostrobotic.com/,Industrials,Early,2,No,0,,,0,,,,
illume-labs,Illume Labs,Summer 2026,No evidence found,,,,,,,,,,,,,,,,,,Checked: no post-YC Form D matching the founders; no funding statement on website (10 pages) or YC page. LinkedIn/X/Crunchbase need a logged-in browser.,2026-09-30T19:50:13Z,,,,,,https://www.illumelabs.ai,Healthcare,Early,3,No,0,,,0,,,,
litmus-hiring,Litmus,Summer 2026,No evidence found,,,,,,,,,,,,,,,,,,Checked: no post-YC Form D matching the founders; no funding statement on website (2 pages) or YC page. LinkedIn/X/Crunchbase need a logged-in browser.,2026-09-30T19:50:58Z,,,,,,https://litmushiring.com/,B2B,Early,3,No,0,,,0,,,,
openvector,OpenVector,Summer 2026,No evidence found,,,,,,,,,,,,,,,,,,Checked: no post-YC Form D matching the founders; no funding statement on website (2 pages) or YC page. LinkedIn/X/Crunchbase need a logged-in browser.,2026-09-30T19:50:18Z,,,,,,https://openvector.com,B2B,Early,4,No,0,,,0,,,,
applied-electrodynamics-inc,"Applied Electrodynamics, Inc.",Summer 2026,No evidence found,,,,,,,,,,,,,,,,,,Checked: no post-YC Form D matching the founders; no funding statement on website (1 pages) or YC page. LinkedIn/X/Crunchbase need a logged-in browser.,2026-09-30T19:50:20Z,,,,,,https://www.ae-dyn.com/,Industrials,Early,5,No,0,,,0,,,,
dipole-labs,Dipole Labs,Summer 2026,No evidence found,,,,,,,,,,,,,,,,,,Checked: no post-YC Form D matching the founders; no funding statement on website (3 pages) or YC page. LinkedIn/X/Crunchbase need a logged-in browser.,2026-09-30T19:50:24Z,,,,,,https://dipolelabs.com/,Industrials,Early,,No,0,,,0,,,,
poth-labs,Poth Labs,Summer 2026,No evidence found,,,,,,,,,,,,,,,,,,Checked: no post-YC Form D matching the founders; no funding statement on website (5 pages) or YC page. LinkedIn/X/Crunchbase need a logged-in browser.,2026-09-30T19:50:20Z,,,,,,https://pothlabs.com,B2B,Early,2,No,0,,,0,,,,
cova,Cova,Summer 2026,No evidence found,,,,,,,,,,,,,,,,,,Checked: no post-YC Form D matching the founders; no funding statement on website (2 pages) or YC page. LinkedIn/X/Crunchbase need a logged-in browser.,2026-09-30T19:50:21Z,,,,,,https://cova.care/,Healthcare,Early,2,No,0,,,0,,,,
control-seat,Control Seat,Summer 2026,No evidence found,,,,,,,,,,,,,,,,,,Checked: no post-YC Form D matching the founders; no funding statement on website (8 pages) or YC page. LinkedIn/X/Crunchbase need a logged-in browser.,2026-09-30T19:50:24Z,,,,,,https://www.controlseat.com,Industrials,Early,2,No,0,,,0,,,,
tsenta,Tsenta,Summer 2026,No evidence found,,,,,,,,,,,,,,,,,,Checked: no post-YC Form D matching the founders; no funding statement on website (3 pages) or YC page. LinkedIn/X/Crunchbase need a logged-in browser.,2026-09-30T19:50:34Z,,,,,,https://tsenta.com,Consumer,Early,2,Yes,0,,,0,,,,
dream,Dream,Summer 2026,No evidence found,,,,,,,,,,,,,,,,,,Checked: no post-YC Form D matching the founders; no funding statement on website (1 pages) or YC page. LinkedIn/X/Crunchbase need a logged-in browser.,2026-09-30T19:50:24Z,,,,,,https://www.pingdream.com/,B2B,Early,2,No,0,,,0,,,,
atlia,Atlia,Summer 2026,No evidence found,,,,,,,,,,,,,,,,,,Checked: no post-YC Form D matching the founders; no funding statement on website (3 pages) or YC page. LinkedIn/X/Crunchbase need a logged-in browser.,2026-09-30T19:50:26Z,,,,,,https://www.atlia.com,Real Estate and Construction,Early,2,No,0,,,0,,,,
meteoric,Meteoric,Summer 2026,No evidence found,,,,,,,,,,,,,,,,,,Checked: no post-YC Form D matching the founders; no funding statement on website (1 pages) or YC page. LinkedIn/X/Crunchbase need a logged-in browser.,2026-09-30T19:50:24Z,,,,,,https://meteoric.earth/,Industrials,Early,2,No,0,,,0,,,,
ekpa,Ekpa,Summer 2026,No evidence found,,,,,,,,,,,,,,,,,,Checked: no post-YC Form D matching the founders; no funding statement on website (1 pages) or YC page. LinkedIn/X/Crunchbase need a logged-in browser.,2026-09-30T19:50:26Z,,,,,,https://goekpa.com/,Fintech,Early,2,No,0,,,0,,,,
libra-robotics,Libra Robotics,Summer 2026,No evidence found,,,,,,,,,,,,,,,,,,Checked: no post-YC Form D matching the founders; no funding statement on website (2 pages) or YC page. LinkedIn/X/Crunchbase need a logged-in browser.,2026-09-30T19:50:26Z,,,,,,https://www.librabots.com/,Industrials,Early,2,No,0,,,0,,,,
datoric,Datoric,Summer 2026,No evidence found,,,,,,,,,,,,,,,,,,Checked: no post-YC Form D matching the founders; no funding statement on website (4 pages) or YC page. LinkedIn/X/Crunchbase need a logged-in browser.,2026-09-30T19:50:28Z,,,,,,https://www.datoric.com,B2B,Early,2,No,0,,,0,,,,
archal,Archal,Summer 2026,No evidence found,,,,,,,,,,,,,,,,,,Checked: no post-YC Form D matching the founders; no funding statement on website (1 pages) or YC page. LinkedIn/X/Crunchbase need a logged-in browser.,2026-09-30T19:51:03Z,,,,,,https://www.archal.ai/,B2B,Early,2,No,0,,,0,,,,
assemble,Assemble,Summer 2026,No evidence found,,,,,,,,,,,,,,,,,,Checked: no post-YC Form D matching the founders; no funding statement on website (3 pages) or YC page. LinkedIn/X/Crunchbase need a logged-in browser.,2026-09-30T19:50:29Z,,,,,,https://www.assemble.ai/,B2B,Early,4,No,0,,,0,,,,
rapidfolio,Rapidfolio,Summer 2026,No evidence found,,,,,,,,,,,,,,,,,,Checked: no post-YC Form D matching the founders; no funding statement on website (3 pages) or YC page. LinkedIn/X/Crunchbase need a logged-in browser.,2026-09-30T19:50:29Z,,,,,,https://rapidfolio.com/,B2B,Early,,No,0,,,0,,,,
prescience-inc,"Prescience, Inc.",Summer 2026,No evidence found,,,,,,,,,,,,,,,,,,Checked: no post-YC Form D matching the founders; no funding statement on website (3 pages) or YC page. LinkedIn/X/Crunchbase need a logged-in browser.,2026-09-30T19:50:29Z,,,,,,https://www.getprescience.com/,Healthcare,Early,5,Yes,0,,,0,,,,
onetriangle,OneTriangle,Summer 2026,No evidence found,,,,,,,,,,,,,,,,,,Checked: no post-YC Form D matching the founders; no funding statement on website (5 pages) or YC page. LinkedIn/X/Crunchbase need a logged-in browser.,2026-09-30T19:50:29Z,,,,,,https://onetriangle.ai/,B2B,Early,4,No,0,,,0,,,,
waddle-labs,Waddle Labs,Summer 2026,No evidence found,,,,,,,,,,,,,,,,,,Checked: no post-YC Form D matching the founders; no funding statement on website (1 pages) or YC page. LinkedIn/X/Crunchbase need a logged-in browser.,2026-09-30T19:50:30Z,,,,,,https://www.waddlelabs.ai/,Industrials,Early,2,Yes,0,,,0,,,,
frontier-computing,Frontier Computing,Summer 2026,No evidence found,,,,,,,,,,,,,,,,,,Checked: no post-YC Form D matching the founders; no funding statement on website (10 pages) or YC page. LinkedIn/X/Crunchbase need a logged-in browser. Companies House FRONTIER COMPUTING LTD (17255584): no SH01 allotments listed.,2026-09-30T19:50:31Z,,,,,,https://frontier.site,Industrials,Early,3,No,0,,,0,,,,
sunflower,Sunflower,Summer 2026,No evidence found,,,,,,,,,,,,,,,,,,Checked: no post-YC Form D matching the founders; no funding statement on website (1 pages) or YC page. LinkedIn/X/Crunchbase need a logged-in browser.,2026-09-30T19:50:32Z,,,,,,https://sunflowerclinic.com/,Healthcare,Early,15,No,0,,,0,,,,
tensr,Tensr,Summer 2026,No evidence found,,,,,,,,,,,,,,,,,,Checked: no post-YC Form D matching the founders; no funding statement on website (3 pages) or YC page. LinkedIn/X/Crunchbase need a logged-in browser.,2026-09-30T19:51:07Z,,,,,,https://tensr.com/,Industrials,Early,7,No,0,,,0,,,,
evergrove,Evergrove,Summer 2026,No evidence found,,,,,,,,,,,,,,,,,,Checked: no post-YC Form D matching the founders; no funding statement on website (1 pages) or YC page. LinkedIn/X/Crunchbase need a logged-in browser.,2026-09-30T19:50:54Z,,,,,,https://www.evergrovelabs.com/,Healthcare,Early,2,No,0,,,0,,,,
os3,OS3,Summer 2026,No evidence found,,,,,,,,,,,,,,,,,,Checked: no post-YC Form D matching the founders; no funding statement on website (2 pages) or YC page. LinkedIn/X/Crunchbase need a logged-in browser.,2026-09-30T19:51:15Z,,,,,,https://os3robotics.com/,Industrials,Early,2,Yes,0,,,0,,,,
induction-labs,Induction Labs,Summer 2026,No evidence found,,,,,,,,,,,,,,,,,,Checked: no post-YC Form D matching the founders; no funding statement on website (2 pages) or YC page. LinkedIn/X/Crunchbase need a logged-in browser.,2026-09-30T19:50:57Z,,,,,,https://inductionlabs.com,B2B,Early,2,No,0,,,0,,,,
withasync,Async,Summer 2026,No evidence found,,,,,,,,,,,,,,,,,,Checked: no post-YC Form D matching the founders; no funding statement on website (3 pages) or YC page. LinkedIn/X/Crunchbase need a logged-in browser.,2026-09-30T19:50:57Z,,,,,,https://withasync.com,B2B,Early,2,No,0,,,0,,,,
baud,Baud,Summer 2026,No evidence found,,,,,,,,,,,,,,,,,,Checked: no post-YC Form D matching the founders; no funding statement on website (1 pages) or YC page. LinkedIn/X/Crunchbase need a logged-in browser.,2026-09-30T19:50:34Z,,,,,,https://baudlabs.ai,Industrials,Early,3,No,0,,,0,,,,
akkari,Akkari,Spring 2026,No evidence found,,,,,,,,,,,,,,,,,,Checked: no post-YC Form D matching the founders; no funding statement on website (1 pages) or YC page. LinkedIn/X/Crunchbase need a logged-in browser.,2026-09-30T19:50:35Z,,,,,,https://akkari.io/,B2B,Early,5,No,0,,,0,,,,
heyclicky,HeyClicky,Spring 2026,No evidence found,,,,,,,,,,,,,,,,,,Checked: no post-YC Form D matching the founders; no funding statement on website (5 pages) or YC page. LinkedIn/X/Crunchbase need a logged-in browser.,2026-09-30T19:51:00Z,,,,,,https://heyclicky.com/,Consumer,Early,,No,0,,,0,,,,
gbrain,GBrain,Spring 2026,No evidence found,,,,,,,,,,,,,,,,,,Checked: no post-YC Form D matching the founders; no funding statement on website (4 pages) or YC page. LinkedIn/X/Crunchbase need a logged-in browser.,2026-09-30T19:50:38Z,,,,,,https://gbrain.io,B2B,Early,3,No,0,,,0,,,,
huscarl,Huscarl,Spring 2026,No evidence found,,,,,,,,,,,,,,,,,,Checked: no post-YC Form D matching the founders; no funding statement on website (1 pages) or YC page. LinkedIn/X/Crunchbase need a logged-in browser.,2026-09-30T19:51:46Z,,,,,,https://www.huscarl.io/,Fintech,Early,2,Yes,0,,,0,,,,
thomas,Thomas,Spring 2026,No evidence found,,,,,,,,,,,,,,,,,,Checked: no post-YC Form D matching the founders; no funding statement on website (10 pages) or YC page. LinkedIn/X/Crunchbase need a logged-in browser.,2026-09-30T19:50:38Z,,,,,,https://madebythomas.ai,B2B,Early,2,No,0,,,0,,,,
cohesion,Cohesion,Spring 2026,No evidence found,,,,,,,,,,,,,,,,,,Checked: no post-YC Form D matching the founders; no funding statement on website (10 pages) or YC page. LinkedIn/X/Crunchbase need a logged-in browser.,2026-09-30T19:50:42Z,,,,,,https://cohesionplatform.com/,B2B,Early,3,No,0,,,0,,,,
maquoketa-research,Maquoketa Research,Spring 2026,No evidence found,,,,,,,,,,,,,,,,,,Checked: no post-YC Form D matching the founders; no funding statement on website (1 pages) or YC page. LinkedIn/X/Crunchbase need a logged-in browser.,2026-09-30T19:50:43Z,,,,,,https://www.maquoketa.net,B2B,Early,5,No,0,,,0,,,,
intelligence-factory,Intelligence Factory,Spring 2026,No evidence found,,,,,,,,,,,,,,,,,,Checked: no post-YC Form D matching the founders; no funding statement on website (2 pages) or YC page. LinkedIn/X/Crunchbase need a logged-in browser.,2026-09-30T19:50:45Z,,,,,,https://intelligence-factory.com,Industrials,Early,10,Yes,0,,,0,,,,
clawvisor,Clawvisor,Spring 2026,No evidence found,,,,,,,,,,,,,,,,,,Checked: no post-YC Form D matching the founders; no funding statement on website (6 pages) or YC page. LinkedIn/X/Crunchbase need a logged-in browser.,2026-09-30T19:50:48Z,,,,,,https://clawvisor.com,B2B,Early,1,No,0,,,0,,,,
framewise-health,Framewise Health,Spring 2026,No evidence found,,,,,,,,,,,,,,,,,,Checked: no post-YC Form D matching the founders; no funding statement on website (3 pages) or YC page. LinkedIn/X/Crunchbase need a logged-in browser.,2026-09-30T19:51:01Z,,,,,,https://framewisehealth.com,Healthcare,Early,2,No,0,,,0,,,,
arctic-health,Arctic Health,Spring 2026,No evidence found,,,,,,,,,,,,,,,,,,Checked: no post-YC Form D matching the founders; no funding statement on website (3 pages) or YC page. LinkedIn/X/Crunchbase need a logged-in browser.,2026-09-30T19:52:55Z,,,,,,https://arctic.health,Healthcare,Early,4,No,0,,,0,,,,
enjamb-labs,Enjamb Labs,Spring 2026,Unclear,,,,,5,"Tracxn (lead only, from input)",,,,,,,,,,,Low,"Web search review: Searched 'Enjamb Labs raises seed', 'Enjamb Rayan Mubarak Founders Inc pre-seed', '$650,000 pre-seed'. Search snippets (Dealroom/Crunchbase/Tracxn) say $650K pre-seed from Y Combinator and Founders Inc, 2026-04-14, but Dealroom returned 403 and no non-aggregator source was found. Company blog (enjamb.ai/blog/announcing-backing-from-y-combinator, 2026-03-21) only says 'Y Combinator is backing Enjam Tracxn lead total $650,000; not confirmed by a higher-tier source. Checked: no post-YC Form D matching the founders; no funding statement on website (6 pages) or YC page. LinkedIn/X/Crunchbase need a logged-in browser.",2026-09-30T19:50:53Z,,,,,,https://www.enjamb.ai,B2B,Early,2,No,0,,,0,0,0,https://www.enjamb.ai/careers,
hyper-4,Hyper,Spring 2026,No evidence found,,,,,,,,,,,,,,,,,,Checked: no post-YC Form D matching the founders; no funding statement on website (10 pages) or YC page. LinkedIn/X/Crunchbase need a logged-in browser.,2026-09-30T19:50:54Z,,,,,,https://heyhyper.ai,B2B,Early,2,No,0,,,0,,,,
insforge-instacloud,InsForge (InstaCloud),Spring 2026,Yes,8000000,Seed,2026-09-29,,4,press article (Runtime Wire),https://runtimewire.com/article/instacloud-8m-seed-agent-cloud,InstaCloud says it raised an $8 million seed round,,,,,,,,,Medium,"Web search review: Announced by CEO Hang Huang on X 2026-09-29 (x.com/hanghuang_/status/2104949571789148416; fetch returned 402, not quoted). No investors named. Article ties InstaCloud to InsForge and co-founder Tony Chang. A prior 2025 round (led by MindWorks, with Baidu Ventures, ~$1.5M per search snippets) was pre-YC. Tracxn lead total $2,000,000; not confirmed by a higher-tier source. Checked: no post-YC Form D matching the founders; no funding statement on website (4 pages) or YC page. LinkedIn/X/Crunchbase need a logged-in browser.",2026-09-30T19:51:18Z,2026-09-29,8000000,press article (Runtime Wire),8000000,Yes,https://insforge.dev/,B2B,Early,6,No,0,,,0,0,0,https://insforge.dev/careers,
reasonblocks,ReasonBlocks,Spring 2026,No evidence found,,,,,,,,,,,,,,,,,,Checked: no post-YC Form D matching the founders; no funding statement on website (10 pages) or YC page. LinkedIn/X/Crunchbase need a logged-in browser.,2026-09-30T19:50:58Z,,,,,,https://reasonblocks.com/,B2B,Early,2,No,0,,,0,,,,
modern,Modern,Spring 2026,No evidence found,,,,,,,,,,,,,,,,,,Checked: no post-YC Form D matching the founders; no funding statement on website (5 pages) or YC page. LinkedIn/X/Crunchbase need a logged-in browser. National register for AU not checked.,2026-09-30T19:51:07Z,,,,,,https://getmodern.ai,B2B,Early,2,No,0,,,0,,,,
panacea,Panacea,Spring 2026,No evidence found,,,,,,,,,,,,,,,,,,Checked: no post-YC Form D matching the founders; no funding statement on website (1 pages) or YC page. LinkedIn/X/Crunchbase need a logged-in browser.,2026-09-30T19:51:00Z,,,,,,https://withpanacea.com,Healthcare,Early,3,No,0,,,0,,,,
centralcoms,CentralComs,Spring 2026,No evidence found,,,,,,,,,,,,,,,,,,Checked: no post-YC Form D matching the founders; no funding statement on website (1 pages) or YC page. LinkedIn/X/Crunchbase need a logged-in browser.,2026-09-30T19:51:56Z,,,,,,https://centralcoms.com,Real Estate and Construction,Early,2,No,0,,,0,,,,
kugelaudio,KugelAudio,Spring 2026,No evidence found,,,,,,,,,,,,,,,,,,Checked: no post-YC Form D matching the founders; no funding statement on website (3 pages) or YC page. LinkedIn/X/Crunchbase need a logged-in browser. National register for DE not checked.,2026-09-30T19:51:10Z,,,,,,https://kugelaudio.com/en,B2B,Early,4,Yes,0,,,0,,,,
klaimee,Klaimee,Spring 2026,No evidence found,,,,,,,,,,,,,,,,,,Checked: no post-YC Form D matching the founders; no funding statement on website (3 pages) or YC page. LinkedIn/X/Crunchbase need a logged-in browser.,2026-09-30T19:51:03Z,,,,,,https://www.klaimee.ai,Fintech,Early,2,Yes,0,,,0,,,,
flowscope,flowscope,Spring 2026,Yes,3800000,Seed,,,2,Company website,https://www.flowscope.com/blog,flowscope raises $3.8M seed round.,,,,,,,,,High,Round date not stated on the source page; assumed post-YC because it is presented as current news. No matching post-YC Form D found.,2026-09-30T19:51:09Z,2026-09-29,3800000,https://www.flowscope.com/blog (date printed near the quote),3800000,Yes,https://flowscope.com,B2B,Early,2,Yes,1,,,1,0,0,https://www.flowscope.com/careers,Founding Engineer
pumpgtm,PumpGTM,Spring 2026,No evidence found,,,,,,,,,,,,,,,,,,Checked: no post-YC Form D matching the founders; no funding statement on website (6 pages) or YC page. LinkedIn/X/Crunchbase need a logged-in browser.,2026-09-30T19:51:06Z,,,,,,https://pumpgtm.com/,B2B,Early,5,No,0,,,0,,,,
arlo-industries,Arlo Industries,Spring 2026,No evidence found,,,,,,,,,,,,,,,,,,Checked: no post-YC Form D matching the founders; no funding statement on website (4 pages) or YC page. LinkedIn/X/Crunchbase need a logged-in browser.,2026-09-30T19:51:05Z,,,,,,https://arlo1.com/,Industrials,Early,3,Yes,0,,,0,,,,
astraea,Astraea,Spring 2026,No evidence found,,,,,,,,,,,,,,,,,,Checked: no post-YC Form D matching the founders; no funding statement on website (2 pages) or YC page. LinkedIn/X/Crunchbase need a logged-in browser.,2026-09-30T19:51:11Z,,,,,,https://tryastraea.com,B2B,Early,6,Yes,0,,,0,,,,
lattice-health,Lattice Health,Spring 2026,No evidence found,,,,,,,,,,,,,,,,,,Checked: no post-YC Form D matching the founders; no funding statement on website (1 pages) or YC page. LinkedIn/X/Crunchbase need a logged-in browser.,2026-09-30T19:51:07Z,,,,,,https://www.latticehealthai.com/,Healthcare,Early,1,No,0,,,0,,,,
manicule,Manicule,Spring 2026,No evidence found,,,,,,,,,,,,,,,,,,Checked: no post-YC Form D matching the founders; no funding statement on website (2 pages) or YC page. LinkedIn/X/Crunchbase need a logged-in browser.,2026-09-30T19:51:09Z,,,,,,https://manicule.com,B2B,Early,7,Yes,0,,,0,,,,
avea-robotics,Avea Robotics,Spring 2026,No evidence found,,,,,,,,,,,,,,,,,,Checked: no post-YC Form D matching the founders; no funding statement on website (1 pages) or YC page. LinkedIn/X/Crunchbase need a logged-in browser.,2026-09-30T19:51:10Z,,,,,,https://www.avearobotics.com,Industrials,Early,2,No,0,,,0,,,,
mochatrade,Mochatrade,Spring 2026,Yes,1158000,Equity (per Form D; stage not stated),2026-03-16,,1,SEC Form D/A,https://www.sec.gov/Archives/edgar/data/2125343/000212534326000002/primary_doc.xml,totalAmountSold: 1158000; totalOfferingAmount: 6000000; dateOfFirstSale: 2026-03-16,0002125343,0002125343-26-000002,1158000,6000000,2026-03-16,Equity; OptionToAcquire; SecurityToBeAcquired,12,MeadowCX Inc.,High,"Legal name differs from brand; matched on related person(s) Chetan Manda, Parth Maheshwari, Utkarsh Sinha, issuer in San Francisco, CA. First sale is close to batch start, so the Form D total may include YC's $500K.",2026-09-30T19:51:13Z,2026-03-16,1158000,SEC Form D 0002125343-26-000002,1158000,Yes,https://www.mochatrade.com,Fintech,Early,3,No,0,,,0,0,0,,
asendia-ai,Asendia AI,Spring 2026,No evidence found,,,,,,,,,,,,,,,,,,Checked: no post-YC Form D matching the founders; no funding statement on website (2 pages) or YC page. LinkedIn/X/Crunchbase need a logged-in browser.,2026-09-30T19:51:12Z,,,,,,https://asendia.ai/,B2B,Early,3,Yes,0,,,0,,,,
revnu,Revnu,Spring 2026,No evidence found,,,,,,,,,,,,,,,,,,Checked: no post-YC Form D matching the founders; no funding statement on website (4 pages) or YC page. LinkedIn/X/Crunchbase need a logged-in browser.,2026-09-30T19:51:13Z,,,,,,https://revnu.com,B2B,Early,3,Yes,0,,,0,,,,
uno-wallet,Uno Wallet,Spring 2026,No evidence found,,,,,,,,,,,,,,,,,,Checked: no post-YC Form D matching the founders; no funding statement on website (10 pages) or YC page. LinkedIn/X/Crunchbase need a logged-in browser.,2026-09-30T19:51:13Z,,,,,,https://myunowallet.com/,Fintech,Early,2,Yes,0,,,0,,,,
arden,Arden,Spring 2026,Yes,3700000,,,,2,Company website,https://ardentech.ai,Arden raises $3.7M to transform financial services → .,,,,,,,,,High,Round date not stated on the source page; assumed post-YC because it is presented as current news. No matching post-YC Form D found.,2026-09-30T19:51:14Z,,,,3700000,Yes,https://ardentech.ai/,B2B,Early,2,No,0,,,0,0,0,,
agentphone,AgentPhone,Spring 2026,No evidence found,,,,,,,,,,,,,,,,,,Checked: no post-YC Form D matching the founders; no funding statement on website (10 pages) or YC page. LinkedIn/X/Crunchbase need a logged-in browser.,2026-09-30T19:51:14Z,,,,,,https://agentphone.ai/,B2B,Early,,Yes,0,,,0,,,,
gravy,Gravy,Spring 2026,No evidence found,,,,,,,,,,,,,,,,,,Checked: no post-YC Form D matching the founders; no funding statement on website (1 pages) or YC page. LinkedIn/X/Crunchbase need a logged-in browser.,2026-09-30T19:51:14Z,,,,,,https://gravy.finance,Fintech,Early,2,No,0,,,0,,,,
kinect,Kinect,Spring 2026,No evidence found,,,,,,,,,,,,,,,,,,Checked: no post-YC Form D matching the founders; no funding statement on website (5 pages) or YC page. LinkedIn/X/Crunchbase need a logged-in browser.,2026-09-30T19:51:20Z,,,,,,https://www.trykinect.ai/,B2B,Early,2,No,0,,,0,,,,
runtime,Runtime,Spring 2026,No evidence found,,,,,,,,,,,,,,,,,,Checked: no post-YC Form D matching the founders; no funding statement on website (9 pages) or YC page. LinkedIn/X/Crunchbase need a logged-in browser.,2026-09-30T19:51:22Z,,,,,,https://www.runtm.com/,B2B,Early,7,Yes,0,,,0,,,,
youart,YouArt,Spring 2026,No evidence found,,,,,,,,,,,,,,,,,,Checked: no post-YC Form D matching the founders; no funding statement on website (8 pages) or YC page. LinkedIn/X/Crunchbase need a logged-in browser.,2026-09-30T19:51:24Z,,,,,,https://youart.ai,Consumer,Early,3,No,0,,,0,,,,
expanse,Expanse,Spring 2026,Yes,5300000,Seed,,Crane Venture Partners,2,Company website,https://expanse.sh/blog/expanse-raises-5-3m-seed,"Today we're announcing a $5.3M seed round for Expanse, led by Crane Venture Partners, with PXN Ventures and angel investors including former DeepMind researchers",,,,,,,,,High,Round date not stated on the source page; assumed post-YC because it is presented as current news. No matching post-YC Form D found. Companies House EXPANSE LABS LIMITED (17154261): no SH01 allotments listed. Companies House EXPANSE COMPUTE LTD (SC863811): no SH01 allotments listed.,2026-09-30T19:51:22Z,2026-09-16,5300000,https://expanse.sh/blog/expanse-raises-5-3m-seed (date printed near the quote),5300000,Yes,https://expanse.sh,B2B,Early,4,No,0,,,0,0,0,,
characterquilt,CharacterQuilt,Spring 2026,Yes,9795824,Equity (per Form D; stage not stated),2026-08-03,,1,SEC Form D,https://www.sec.gov/Archives/edgar/data/2152374/000215237426000001/primary_doc.xml,totalAmountSold: 9795824; totalOfferingAmount: 10000000; dateOfFirstSale: 2026-08-03,0002152374,0002152374-26-000001,9795824,10000000,2026-08-03,Equity,36,"Innabox, Inc.",High,"Legal name differs from brand; matched on related person(s) Bhairav Mehta, Clint Burgess, issuer in Matawan, NJ.",2026-09-30T19:51:19Z,2026-08-03,9795824,SEC Form D 0002152374-26-000001,9795824,Yes,https://characterquilt.com,B2B,Early,4,Yes,6,,,6,0,0,,"Member of Technical Staff, Agent Infrastructure and Reliability; Staff Software Engineer, Agent Infrastructure and Reliability; Member of Technical Staff, Agent Systems; Staff Software Engineer, Agent Systems and Product Quality; Go-to-Market Engineer; Founding Account Executive (NYC)"
pentagon,Pentagon,Spring 2026,No evidence found,,,,,,,,,,,,,,,,,,Checked: no post-YC Form D matching the founders; no funding statement on website (1 pages) or YC page. LinkedIn/X/Crunchbase need a logged-in browser.,2026-09-30T19:51:18Z,,,,,,https://pentagon.run,B2B,Early,1,No,0,,,0,,,,
arzana,Arzana,Spring 2026,Yes,4300000,Seed,,,2,Company website,https://www.arzana.com,Arzana raises $4.3M seed round → .,,,,,,,,,High,Round date not stated on the source page; assumed post-YC because it is presented as current news. No matching post-YC Form D found.,2026-09-30T19:51:23Z,,,,4300000,Yes,https://www.arzana.com/,B2B,Early,9,Yes,1,,,1,0,0,https://www.arzana.com/careers/,Founding GTM Engineer (Growth)
auxos,Auxos,Spring 2026,No evidence found,,,,,,,,,,,,,,,,,,Checked: no post-YC Form D matching the founders; no funding statement on website (2 pages) or YC page. LinkedIn/X/Crunchbase need a logged-in browser.,2026-09-30T19:51:23Z,,,,,,https://www.useauxos.com,B2B,Early,3,No,0,,,0,,,,
projectx,ProjectX,Spring 2026,No evidence found,,,,,,,,,,,,,,,,,,Checked: no post-YC Form D matching the founders; no funding statement on website (1 pages) or YC page. LinkedIn/X/Crunchbase need a logged-in browser.,2026-09-30T19:51:24Z,,,,,,https://www.projectx.cloud/,B2B,Early,8,No,0,,,0,,,,
tolmo,Tolmo,Spring 2026,Yes,22000000,Seed,2026-06-18,Accel,2,company blog,https://tolmo.com/blog/introducing-tolmo/,"We raised $22M led by Accel, with Y Combinator participating.",,,,,,,,,High,"Web search review: Accel's post (https://www.accel.com/news/our-investment-in-tolmo) calls it a seed round led by Accel with YC participating. Founders are ex-Sqreen (Pierre Betouin, Vlad de Turckheim). The $22M may include YC's investment. Batch S26 started Apr 2026. Tracxn lead total $22,000,000; not confirmed by a higher-tier source. Checked: no post-YC Form D matching the founders; no funding statement on website (4 pages) or YC page. LinkedIn/X/Crunchbase need a logged-in browser.",2026-09-30T19:51:30Z,2026-06-18,22000000,company blog,22000000,Yes,https://www.tolmo.com,B2B,Early,12,No,0,,,0,0,0,,
openwork,OpenWork,Spring 2026,No evidence found,,,,,,,,,,,,,,,,,,Checked: no post-YC Form D matching the founders; no funding statement on website (2 pages) or YC page. LinkedIn/X/Crunchbase need a logged-in browser.,2026-09-30T19:51:23Z,,,,,,https://openworklabs.com,B2B,Early,4,Yes,0,,,0,,,,
apollo-atomics-inc,"Apollo Atomics, Inc.",Spring 2026,Yes,31000000,Seed,2026-08-20,FCVC,2,company press release (PR Newswire),https://www.prnewswire.com/news-releases/apollo-atomics-secures-31-million-to-turn-proven-reactor-technology-into-a-factory-built-product-302856089.html,"Apollo Atomics, an MIT spinoff building the next generation of pressurized water reactors (PWRs), today announced $31 million in seed financing",,,,,,,,,High,"Web search review: Split is $26M equity + $5M debt (TechFundingNews 2026-08-21). Participants: Y Combinator, Telesoft Partners, Alumni Ventures, Robinhood Ventures, Nucleation Capital, Pelion VC, Duke Capital Partners. Tracxn $31.5M likely adds YC $500K. Tracxn lead total $31,500,000; not confirmed by a higher-tier source. Checked: no post-YC Form D matching the founders; no funding statement on website (1 pages) or YC page. LinkedIn/X/Crunchbase need a logged-in browser.",2026-09-30T19:51:26Z,2026-08-20,31000000,company press release (PR Newswire),31000000,Yes,https://apolloatomics.com/,Industrials,Early,,No,0,,,0,0,0,,
general-aviation,General Aviation,Spring 2026,No evidence found,,,,,,,,,,,,,,,,,,Checked: no post-YC Form D matching the founders; no funding statement on website (2 pages) or YC page. LinkedIn/X/Crunchbase need a logged-in browser.,2026-09-30T19:51:27Z,,,,,,https://generalaviation.com,Industrials,Early,,No,0,,,0,,,,
openprose,OpenProse,Spring 2026,No evidence found,,,,,,,,,,,,,,,,,,Checked: no post-YC Form D matching the founders; no funding statement on website (1 pages) or YC page. LinkedIn/X/Crunchbase need a logged-in browser.,2026-09-30T19:51:27Z,,,,,,https://prose.md,B2B,Early,3,No,0,,,0,,,,
asterlab,Aster,Spring 2026,No evidence found,,,,,,,,,,,,,,,,,,Checked: no post-YC Form D matching the founders; no funding statement on website (2 pages) or YC page. LinkedIn/X/Crunchbase need a logged-in browser.,2026-09-30T19:51:27Z,,,,,,https://www.asterlab.ai/,B2B,Early,2,No,0,,,0,,,,
amboras,Amboras,Spring 2026,No evidence found,,,,,,,,,,,,,,,,,,Checked: no post-YC Form D matching the founders; no funding statement on website (5 pages) or YC page. LinkedIn/X/Crunchbase need a logged-in browser.,2026-09-30T19:52:11Z,,,,,,https://amboras.com,B2B,Early,3,Yes,0,,,0,,,,
hessian,Hessian,Spring 2026,No evidence found,,,,,,,,,,,,,,,,,,Checked: no post-YC Form D matching the founders; no funding statement on website (10 pages) or YC page. LinkedIn/X/Crunchbase need a logged-in browser.,2026-09-30T19:51:46Z,,,,,,https://hessian.sh,B2B,Early,3,No,0,,,0,,,,
raspire,RASPIRE,Spring 2026,No evidence found,,,,,,,,,,,,,,,,,,Checked: no post-YC Form D matching the founders; no funding statement on website (10 pages) or YC page. LinkedIn/X/Crunchbase need a logged-in browser.,2026-09-30T19:51:28Z,,,,,,https://raspire.com/,B2B,Early,3,No,0,,,0,,,,
plena-health,Plena Health,Spring 2026,No evidence found,,,,,,,,,,,,,,,,,,Checked: no post-YC Form D matching the founders; no funding statement on website (10 pages) or YC page. LinkedIn/X/Crunchbase need a logged-in browser.,2026-09-30T19:51:28Z,,,,,,https://www.plena.health/,Healthcare,Early,,No,0,,,0,,,,
testerarmy,TesterArmy,Spring 2026,Yes,,Pre-seed,2026-09,,4,press article (XYZ.pl),https://xyz.pl/poland-unpacked/from-test-scripts-to-ai-agents-testerarmy-targets-the-us-market-1132/,"Polish startup TesterArmy has closed a pre-seed round worth about USD 1.2m, or more than PLN 4.5m.",,,,,,,,,Low,"Web search review: Round was in EUR: EUR 1.04M, reported as about USD 1.2M / more than PLN 4.5M (The Recursive, 2026-09-15; XYZ.pl, 2026-09-20). Investors: Y Combinator, AIP Seed, Eight Capital, Script Capital, plus angels (Guillermo Rauch and others). No lead named. Announced after the Spring 2026 batch started. The Tracxn lead of $1.7M does not match. Tracxn lead total $1,700,000; not confirmed by a higher-tier source. Checked: no post-YC Form D matching the founders; no funding statement on website (2 pages) or YC page. LinkedIn/X/Crunchbase need a logged-in browser. National register for PL not checked.",2026-09-30T19:51:50Z,2026-09-01,,press article (XYZ.pl),,Unknown,https://tester.army,B2B,Early,6,No,0,greenhouse,1,1,0,0,,Copy of 340234
eden-robotics,Eden Robotics,Spring 2026,No evidence found,,,,,,,,,,,,,,,,,,Checked: no post-YC Form D matching the founders; no funding statement on website (4 pages) or YC page. LinkedIn/X/Crunchbase need a logged-in browser.,2026-09-30T19:51:34Z,,,,,,https://www.edenrobotics.ai,Industrials,Early,4,Yes,0,,,0,,,,
foaster,Foaster,Spring 2026,No evidence found,,,,,,,,,,,,,,,,,,Checked: no post-YC Form D matching the founders; no funding statement on website (3 pages) or YC page. LinkedIn/X/Crunchbase need a logged-in browser.,2026-09-30T19:51:31Z,,,,,,https://foaster.ai,B2B,Early,2,No,0,,,0,,,,
aquashield,AquaShield,Spring 2026,No evidence found,,,,,,,,,,,,,,,,,,Checked: no post-YC Form D matching the founders; no funding statement on website (1 pages) or YC page. LinkedIn/X/Crunchbase need a logged-in browser.,2026-09-30T19:51:31Z,,,,,,https://aquashieldai.com,Real Estate and Construction,Early,3,Yes,0,,,0,,,,
ornadyne,Ornadyne,Spring 2026,No evidence found,,,,,,,,,,,,,,,,,,Checked: no post-YC Form D matching the founders; no funding statement on website (10 pages) or YC page. LinkedIn/X/Crunchbase need a logged-in browser.,2026-09-30T19:51:31Z,,,,,,https://ornadyne.com/,Industrials,Early,4,No,0,,,0,,,,
anoria,ANORIA,Spring 2026,No evidence found,,,,,,,,,,,,,,,,,,Checked: no post-YC Form D matching the founders; no funding statement on website (1 pages) or YC page. LinkedIn/X/Crunchbase need a logged-in browser.,2026-09-30T19:51:32Z,,,,,,https://www.anoria.com,Consumer,Early,5,No,0,,,0,,,,
abinitio-bio,AbInitio Bio,Spring 2026,No evidence found,,,,,,,,,,,,,,,,,,Checked: no post-YC Form D matching the founders; no funding statement on website (1 pages) or YC page. LinkedIn/X/Crunchbase need a logged-in browser.,2026-09-30T19:51:33Z,,,,,,https://www.abinitio-bio.com,Healthcare,Early,2,No,0,,,0,,,,
memory-store,Memory Store,Spring 2026,No evidence found,,,,,,,,,,,,,,,,,,Checked: no post-YC Form D matching the founders; no funding statement on website (2 pages) or YC page. LinkedIn/X/Crunchbase need a logged-in browser.,2026-09-30T19:51:35Z,,,,,,https://memory.store,B2B,Early,4,No,0,,,0,,,,
saudara-ai,Saudara AI,Spring 2026,No evidence found,,,,,,,,,,,,,,,,,,Checked: no post-YC Form D matching the founders; no funding statement on website (10 pages) or YC page. LinkedIn/X/Crunchbase need a logged-in browser.,2026-09-30T19:51:34Z,,,,,,https://saudara.ai,B2B,Early,2,No,0,,,0,,,,
pops,Pops,Spring 2026,No evidence found,,,,,,,,,,,,,,,,,,Checked: no post-YC Form D matching the founders; no funding statement on website (2 pages) or YC page. LinkedIn/X/Crunchbase need a logged-in browser.,2026-09-30T19:51:36Z,,,,,,https://pops.fyi,Consumer,Early,1,No,0,,,0,,,,
silmaril,Silmaril,Spring 2026,No evidence found,,,,,,,,,,,,,,,,,,Checked: no post-YC Form D matching the founders; no funding statement on website (1 pages) or YC page. LinkedIn/X/Crunchbase need a logged-in browser.,2026-09-30T19:51:58Z,,,,,,https://silmaril.dev,B2B,Early,2,No,0,,,0,,,,
biostack-platforms,BioStack Platforms,Spring 2026,No evidence found,,,,,,,,,,,,,,,,,,Checked: no post-YC Form D matching the founders; no funding statement on website (4 pages) or YC page. LinkedIn/X/Crunchbase need a logged-in browser.,2026-09-30T19:51:36Z,,,,,,https://www.getbiostack.com/,Healthcare,Early,10,Yes,0,,,0,,,,
ardent,Ardent,Spring 2026,No evidence found,,,,,,,,,,,,,,,,,,Checked: no post-YC Form D matching the founders; no funding statement on website (1 pages) or YC page. LinkedIn/X/Crunchbase need a logged-in browser.,2026-09-30T19:51:39Z,,,,,,https://tryardent.com,B2B,Early,3,Yes,0,,,0,,,,
kuli,Kuli,Spring 2026,No evidence found,,,,,,,,,,,,,,,,,,Checked: no post-YC Form D matching the founders; no funding statement on website (10 pages) or YC page. LinkedIn/X/Crunchbase need a logged-in browser. National register for FR not checked.,2026-09-30T19:51:37Z,,,,,,https://kuli.one,B2B,Early,1,Yes,0,,,0,,,,
wato,Wato,Spring 2026,No evidence found,,,,,,,,,,,,,,,,,,Checked: no post-YC Form D matching the founders; no funding statement on website (1 pages) or YC page. LinkedIn/X/Crunchbase need a logged-in browser.,2026-09-30T19:51:37Z,,,,,,https://www.watolabs.com/,B2B,Early,2,No,0,,,0,,,,
tasklet-2,Tasklet,Spring 2026,Yes,,,,,2,Company website (careers),https://tasklet.ai/careers,recent funding round was raised with a valuation cap of $500M,,,,,,,,,Medium,"Manual review: careers page confirms a recent funding round but states only the valuation cap ($500M), not the amount. Amount unknown.",2026-09-30T19:51:38Z,,,,,Unknown,https://tasklet.ai,B2B,Growth,8,Yes,5,,,5,0,0,https://tasklet.ai/careers,Head of Design Engineering; Software Engineer — AI Infra; Software Engineer — Platform; Customer Success Engineer; Software Engineer — Product
chronicle-labs,Chronicle Labs,Spring 2026,No evidence found,,,,,,,,,,,,,,,,,,Checked: no post-YC Form D matching the founders; no funding statement on website (2 pages) or YC page. LinkedIn/X/Crunchbase need a logged-in browser.,2026-09-30T19:51:39Z,,,,,,https://chronicle-labs.com,B2B,Early,2,No,0,,,0,,,,
walter,Walter,Spring 2026,No evidence found,,,,,,,,,,,,,,,,,,Checked: no post-YC Form D matching the founders; no funding statement on website (10 pages) or YC page. LinkedIn/X/Crunchbase need a logged-in browser.,2026-09-30T19:51:40Z,,,,,,https://www.walter.one,B2B,Early,,No,0,,,0,,,,
aseon-labs,Aseon Labs,Spring 2026,No evidence found,,,,,,,,,,,,,,,,,,"Manual review: the only $ figure on the YC page ($600M raised) refers to a founder's previous company (TIER-Dott), not Aseon Labs. No post-YC Form D; no funding statement on site.",2026-09-30T19:51:43Z,,,,,,https://www.aseonlabs.com/,Industrials,Early,5,Yes,0,,,0,,,,
soria,Soria,Spring 2026,No evidence found,,,,,,,,,,,,,,,,,,Checked: no post-YC Form D matching the founders; no funding statement on website (10 pages) or YC page. LinkedIn/X/Crunchbase need a logged-in browser.,2026-09-30T19:51:42Z,,,,,,https://www.soriaanalytics.com/,Fintech,Early,3,Yes,0,,,0,,,,
armature,Armature,Spring 2026,No evidence found,,,,,,,,,,,,,,,,,,Checked: no post-YC Form D matching the founders; no funding statement on website (4 pages) or YC page. LinkedIn/X/Crunchbase need a logged-in browser. National register for FR not checked.,2026-09-30T19:51:42Z,,,,,,https://armature.tech,B2B,Early,3,No,0,,,0,,,,
plan0-ai,PLAN0 AI,Spring 2026,No evidence found,,,,,,,,,,,,,,,,,,Checked: no post-YC Form D matching the founders; no funding statement on website (10 pages) or YC page. LinkedIn/X/Crunchbase need a logged-in browser.,2026-09-30T19:51:43Z,,,,,,https://plan0.ai/,Real Estate and Construction,Early,4,No,0,,,0,,,,
zibra-labs,Zibra Labs,Spring 2026,No evidence found,,,,,,,,,,,,,,,,,,Checked: no post-YC Form D matching the founders; no funding statement on website (2 pages) or YC page. LinkedIn/X/Crunchbase need a logged-in browser.,2026-09-30T19:51:44Z,,,,,,https://zibralabs.ai/,B2B,Early,2,No,0,,,0,,,,
reason-machines,Reason Machines,Spring 2026,No evidence found,,,,,,,,,,,,,,,,,,Checked: no post-YC Form D matching the founders; no funding statement on website (9 pages) or YC page. LinkedIn/X/Crunchbase need a logged-in browser.,2026-09-30T19:51:45Z,,,,,,https://reasonmachines.com,B2B,Early,2,Yes,0,,,0,,,,
valctrl,ValCtrl,Spring 2026,No evidence found,,,,,,,,,,,,,,,,,,Checked: no post-YC Form D matching the founders; no funding statement on website (10 pages) or YC page. LinkedIn/X/Crunchbase need a logged-in browser.,2026-09-30T19:51:44Z,,,,,,https://valctrl.com,Fintech,Early,2,No,0,,,0,,,,
general-instinct,General Instinct,Spring 2026,No evidence found,,,,,,,,,,,,,,,,,,Checked: no post-YC Form D matching the founders; no funding statement on website (10 pages) or YC page. LinkedIn/X/Crunchbase need a logged-in browser.,2026-09-30T19:51:46Z,,,,,,https://general-instinct.com/,Industrials,Early,2,No,0,,,0,,,,
tdaycom,tday.com,Spring 2026,No evidence found,,,,,,,,,,,,,,,,,,Checked: no post-YC Form D matching the founders; no funding statement on website (5 pages) or YC page. LinkedIn/X/Crunchbase need a logged-in browser.,2026-09-30T19:51:49Z,,,,,,https://tday.com,B2B,Early,2,No,0,,,0,,,,
e1o,E1O,Spring 2026,No evidence found,,,,,,,,,,,,,,,,,,Checked: no post-YC Form D matching the founders; no funding statement on website (1 pages) or YC page. LinkedIn/X/Crunchbase need a logged-in browser.,2026-09-30T19:51:47Z,,,,,,https://e1o.com,Consumer,Early,1,No,0,,,0,,,,
minicor,Minicor,Spring 2026,No evidence found,,,,,,,,,,,,,,,,,,Checked: no post-YC Form D matching the founders; no funding statement on website (2 pages) or YC page. LinkedIn/X/Crunchbase need a logged-in browser.,2026-09-30T19:52:31Z,,,,,,https://minicor.com,B2B,Early,8,Yes,0,,,0,,,,
masterpiece,Masterpiece,Spring 2026,No evidence found,,,,,,,,,,,,,,,,,,Checked: no post-YC Form D matching the founders; no funding statement on website (1 pages) or YC page. LinkedIn/X/Crunchbase need a logged-in browser.,2026-09-30T19:51:51Z,,,,,,https://masterpiecelabs.xyz/,Fintech,Early,3,No,0,,,0,,,,
river-markets,River Markets,Spring 2026,Yes,8500000,Seed,,Haun Ventures,2,Company website,https://www.rivermarkets.com,River Markets | Prime Brokerage for Prediction Markets Announcing our $8.5M seed round led by Haun Ventures .,,,,,,,,,High,Round date not stated on the source page; assumed post-YC because it is presented as current news. No matching post-YC Form D found.,2026-09-30T19:51:48Z,,,,8500000,Yes,https://www.rivermarkets.com,Fintech,Early,2,No,0,,,0,0,0,,
smol-machines,smol machines,Spring 2026,No evidence found,,,,,,,,,,,,,,,,,,Checked: no post-YC Form D matching the founders; no funding statement on website (1 pages) or YC page. LinkedIn/X/Crunchbase need a logged-in browser.,2026-09-30T19:51:50Z,,,,,,https://smolmachines.com/,B2B,Early,1,No,0,,,0,,,,
allowance,Allowance,Spring 2026,No evidence found,,,,,,,,,,,,,,,,,,Checked: no post-YC Form D matching the founders; no funding statement on website (3 pages) or YC page. LinkedIn/X/Crunchbase need a logged-in browser.,2026-09-30T19:51:50Z,,,,,,https://useallowance.com/,Fintech,Early,1,No,0,,,0,,,,
runharbor,Harbor,Spring 2026,No evidence found,,,,,,,,,,,,,,,,,,Checked: no post-YC Form D matching the founders; no funding statement on website (4 pages) or YC page. LinkedIn/X/Crunchbase need a logged-in browser.,2026-09-30T19:51:52Z,,,,,,https://runharbor.com/,Healthcare,Early,3,No,0,,,0,,,,
alchemize,Alchemize,Spring 2026,No evidence found,,,,,,,,,,,,,,,,,,Checked: no post-YC Form D matching the founders; no funding statement on website (10 pages) or YC page. LinkedIn/X/Crunchbase need a logged-in browser.,2026-09-30T19:51:50Z,,,,,,https://tryalchemize.com,B2B,Early,2,No,0,,,0,,,,
complir,Complir,Spring 2026,Yes,11000000,Seed,,,2,Company website,https://www.complir.io/,We've raised an $11M seed round to make product compliance effortless.,,,,,,,,,High,Round date not stated on the source page; assumed post-YC because it is presented as current news. No matching post-YC Form D found.,2026-09-30T19:52:03Z,,,,11000000,Yes,https://complir.io/,B2B,Early,13,Yes,3,ashby,3,3,1,0,https://www.complir.io/careers,Product Engineer; Head of Germany; Open Application
aice,AICE,Spring 2026,No evidence found,,,,,,,,,,,,,,,,,,Checked: no post-YC Form D matching the founders; no funding statement on website (3 pages) or YC page. LinkedIn/X/Crunchbase need a logged-in browser. National register for FR not checked.,2026-09-30T19:51:55Z,,,,,,https://aicepower.com,Industrials,Early,2,No,0,,,0,,,,
infera,Infera,Spring 2026,No evidence found,,,,,,,,,,,,,,,,,,Checked: no post-YC Form D matching the founders; no funding statement on website (3 pages) or YC page. LinkedIn/X/Crunchbase need a logged-in browser.,2026-09-30T19:51:55Z,,,,,,https://www.infera.bio,Healthcare,Early,2,No,0,,,0,,,,
mount,Mount,Spring 2026,No evidence found,,,,,,,,,,,,,,,,,,Checked: no post-YC Form D matching the founders; no funding statement on website (2 pages) or YC page. LinkedIn/X/Crunchbase need a logged-in browser.,2026-09-30T19:51:55Z,,,,,,https://mount.insure,Fintech,Early,2,No,0,,,0,,,,
parrot,Parrot,Fall 2025,No evidence found,,,,,,,,,,,,,,,,,,Checked: no post-YC Form D matching the founders; no funding statement on website (12 pages) or YC page. LinkedIn/X/Crunchbase need a logged-in browser.,2026-09-30T19:51:56Z,,,,,,https://parrotapp.com/,Consumer,Early,3,No,0,,,0,,,,
result,Result,Spring 2026,No evidence found,,,,,,,,,,,,,,,,,,Checked: no post-YC Form D matching the founders; no funding statement on website (4 pages) or YC page. LinkedIn/X/Crunchbase need a logged-in browser.,2026-09-30T19:51:57Z,,,,,,https://result.dev/,Consumer,Early,2,No,0,,,0,,,,
lumius,Lumius,Spring 2026,No evidence found,,,,,,,,,,,,,,,,,,Checked: no post-YC Form D matching the founders; no funding statement on website (4 pages) or YC page. LinkedIn/X/Crunchbase need a logged-in browser.,2026-09-30T19:52:03Z,,,,,,https://www.lumius-imaging.com,Healthcare,Early,4,Yes,0,,,0,,,,
adialante,Adialante,Spring 2026,No evidence found,,,,,,,,,,,,,,,,,,Checked: no post-YC Form D matching the founders; no funding statement on website (2 pages) or YC page. LinkedIn/X/Crunchbase need a logged-in browser.,2026-09-30T19:52:02Z,,,,,,http://www.adialante.com,Healthcare,Early,4,Yes,0,,,0,,,,
savant,Savant,Spring 2026,No evidence found,,,,,,,,,,,,,,,,,,Checked: no post-YC Form D matching the founders; no funding statement on website (1 pages) or YC page. LinkedIn/X/Crunchbase need a logged-in browser.,2026-09-30T19:52:02Z,,,,,,https://heysavant.com/,B2B,Early,2,No,0,,,0,,,,
keyframe-labs,Keyframe Labs,Spring 2026,No evidence found,,,,,,,,,,,,,,,,,,Checked: no post-YC Form D matching the founders; no funding statement on website (3 pages) or YC page. LinkedIn/X/Crunchbase need a logged-in browser.,2026-09-30T19:51:59Z,,,,,,https://keyframelabs.com,B2B,Early,2,No,0,,,0,,,,
voquill,Voquill,Spring 2026,No evidence found,,,,,,,,,,,,,,,,,,Checked: no post-YC Form D matching the founders; no funding statement on website (2 pages) or YC page. LinkedIn/X/Crunchbase need a logged-in browser.,2026-09-30T19:52:00Z,,,,,,https://voquill.com/,Healthcare,Early,3,No,0,,,0,,,,
ontora,Ontora,Spring 2026,No evidence found,,,,,,,,,,,,,,,,,,Checked: no post-YC Form D matching the founders; no funding statement on website (2 pages) or YC page. LinkedIn/X/Crunchbase need a logged-in browser. National register for DE not checked.,2026-09-30T19:52:25Z,,,,,,https://ontora.com,B2B,Early,3,No,0,,,0,,,,
napkin-math,Napkin Math,Spring 2026,No evidence found,,,,,,,,,,,,,,,,,,Checked: no post-YC Form D matching the founders; no funding statement on website (2 pages) or YC page. LinkedIn/X/Crunchbase need a logged-in browser.,2026-09-30T19:52:01Z,,,,,,https://napkinmath.club,Consumer,Early,3,No,0,,,0,,,,
gojiberry-ai,Gojiberry AI,Spring 2026,No evidence found,,,,,,,,,,,,,,,,,,Checked: no post-YC Form D matching the founders; no funding statement on website (2 pages) or YC page. LinkedIn/X/Crunchbase need a logged-in browser. National register for FR not checked.,2026-09-30T19:52:05Z,,,,,,https://www.gojiberry.ai,B2B,Early,7,Yes,0,,,0,,,,
lab0,Lab0,Spring 2026,No evidence found,,,,,,,,,,,,,,,,,,Checked: no post-YC Form D matching the founders; no funding statement on website (1 pages) or YC page. LinkedIn/X/Crunchbase need a logged-in browser.,2026-09-30T19:52:03Z,,,,,,https://lab0.ai,B2B,Early,7,Yes,0,,,0,,,,
bentolabs-ai,BentoLabs AI,Spring 2026,No evidence found,,,,,,,,,,,,,,,,,,Checked: no post-YC Form D matching the founders; no funding statement on website (2 pages) or YC page. LinkedIn/X/Crunchbase need a logged-in browser. National register for IN not checked.,2026-09-30T19:52:14Z,,,,,,https://bentolabs.ai/,B2B,Early,5,No,0,,,0,,,,
lamina-labs,Lamina Labs,Spring 2026,No evidence found,,,,,,,,,,,,,,,,,,Checked: no post-YC Form D matching the founders; no funding statement on website (1 pages) or YC page. LinkedIn/X/Crunchbase need a logged-in browser.,2026-09-30T19:52:19Z,,,,,,https://laminalabs.ai,B2B,Early,2,No,0,,,0,,,,
kimpton,Kimpton,Spring 2026,No evidence found,,,,,,,,,,,,,,,,,,"Manual review: the only $ figure on the YC page ($35M) describes a founder's family office, not a raise by Kimpton. No post-YC Form D; no funding statement on site.",2026-09-30T19:52:30Z,,,,,,https://kimpton.ai,Fintech,Early,5,No,0,,,0,,,,
stablebrowse,StableBrowse,Spring 2026,No evidence found,,,,,,,,,,,,,,,,,,Checked: no post-YC Form D matching the founders; no funding statement on website (2 pages) or YC page. LinkedIn/X/Crunchbase need a logged-in browser.,2026-09-30T19:52:07Z,,,,,,https://stablebrowse.ai/,Industrials,Early,3,No,0,,,0,,,,
taiga,Taiga,Spring 2026,No evidence found,,,,,,,,,,,,,,,,,,Checked: no post-YC Form D matching the founders; no funding statement on website (3 pages) or YC page. LinkedIn/X/Crunchbase need a logged-in browser.,2026-09-30T19:52:07Z,,,,,,https://taigabilling.com,Healthcare,Early,2,Yes,0,,,0,,,,
pairio,Pairio,Spring 2026,No evidence found,,,,,,,,,,,,,,,,,,Checked: no post-YC Form D matching the founders; no funding statement on website (3 pages) or YC page. LinkedIn/X/Crunchbase need a logged-in browser. National register for DE not checked.,2026-09-30T19:52:07Z,,,,,,https://pairio.com,B2B,Early,3,No,0,,,0,,,,
callab-ai,Callab AI,Spring 2026,No evidence found,,,,,,,,,,,,,,,,,,Checked: no post-YC Form D matching the founders; no funding statement on website (3 pages) or YC page. LinkedIn/X/Crunchbase need a logged-in browser.,2026-09-30T19:52:08Z,,,,,,https://callab.ai,B2B,Early,7,Yes,0,,,0,,,,
synphony,Synphony,Spring 2026,No evidence found,,,,,,,,,,,,,,,,,,Checked: no post-YC Form D matching the founders; no funding statement on website (10 pages) or YC page. LinkedIn/X/Crunchbase need a logged-in browser.,2026-09-30T19:52:08Z,,,,,,https://www.synphony.co/,Industrials,Early,10,No,0,,,0,,,,
dreach,Dreach,Spring 2026,No evidence found,,,,,,,,,,,,,,,,,,Checked: no post-YC Form D matching the founders; no funding statement on website (3 pages) or YC page. LinkedIn/X/Crunchbase need a logged-in browser.,2026-09-30T19:52:10Z,,,,,,https://dreach.ai,B2B,Early,2,No,0,,,0,,,,
arga-labs,Arga Labs,Spring 2026,Yes,10000000,Seed,,General Catalyst Twins Slack Messages,2,Company website,https://www.argalabs.com,"Arga Labs | Real-world sandboxes for testing agents Announcing our $10M seed round led by General Catalyst Twins Slack Messages, channels, users, and permissions",,,,,,,,,High,Round date not stated on the source page; assumed post-YC because it is presented as current news. No matching post-YC Form D found.,2026-09-30T19:52:10Z,,,,10000000,Yes,https://www.argalabs.com/,B2B,Early,4,No,0,,,0,0,0,https://www.argalabs.com/careers,
andco,Andco,Spring 2026,Yes,4800000,Seed,,,2,Company website,https://www.useandco.com/blog/announcing-our-seed-fundraise,"Today, we’re announcing Andco’s $4.8 million seed round , backed by Y Combinator and Robinhood, with participation from the founders of LangChain, Care.com, Fountain,",,,,,,,,,High,Round date not stated on the source page; assumed post-YC because it is presented as current news. No matching post-YC Form D found.,2026-09-30T19:52:14Z,2026-08-18,4800000,https://www.useandco.com/blog/announcing-our-seed-fundraise (date printed near the quote),4800000,Yes,http://www.useandco.com,B2B,Early,3,Yes,1,,,1,0,0,,Founding Engineer
rentahuman,RentAHuman,Spring 2026,No evidence found,,,,,,,,,,,,,,,,,,Checked: no post-YC Form D matching the founders; no funding statement on website (9 pages) or YC page. LinkedIn/X/Crunchbase need a logged-in browser.,2026-09-30T19:52:26Z,,,,,,https://rentahuman.ai,Consumer,Early,3,No,0,,,0,,,,
instaagent,InstaAgent,Spring 2026,No evidence found,,,,,,,,,,,,,,,,,,Checked: no post-YC Form D matching the founders; no funding statement on website (1 pages) or YC page. LinkedIn/X/Crunchbase need a logged-in browser.,2026-09-30T19:52:12Z,,,,,,https://instaagent.com,B2B,Early,10,No,0,,,0,,,,
antinuous,Antinuous,Spring 2026,No evidence found,,,,,,,,,,,,,,,,,,Checked: no post-YC Form D matching the founders; no funding statement on website (1 pages) or YC page. LinkedIn/X/Crunchbase need a logged-in browser.,2026-09-30T19:52:15Z,,,,,,https://www.antinuous.com/,B2B,Early,2,No,0,,,0,,,,
sherpa,Sherpa,Spring 2026,No evidence found,,,,,,,,,,,,,,,,,,Checked: no post-YC Form D matching the founders; no funding statement on website (2 pages) or YC page. LinkedIn/X/Crunchbase need a logged-in browser.,2026-09-30T19:52:15Z,,,,,,https://www.withsherpa.ai/,B2B,Early,2,No,0,,,0,,,,
userlens,Userlens,Spring 2026,No evidence found,,,,,,,,,,,,,,,,,,Checked: no post-YC Form D matching the founders; no funding statement on website (3 pages) or YC page. LinkedIn/X/Crunchbase need a logged-in browser.,2026-09-30T19:52:14Z,,,,,,https://userlens.io,B2B,Early,4,No,0,,,0,,,,
transload,transload,Spring 2026,No evidence found,,,,,,,,,,,,,,,,,,Checked: no post-YC Form D matching the founders; no funding statement on website (0 pages) or YC page. LinkedIn/X/Crunchbase need a logged-in browser. National register for DE not checked.,2026-09-30T19:52:17Z,,,,,,https://www.transload.ai,B2B,Early,3,No,0,,,0,,,,
standout,Standout,Spring 2026,No evidence found,,,,,,,,,,,,,,,,,,Checked: no post-YC Form D matching the founders; no funding statement on website (9 pages) or YC page. LinkedIn/X/Crunchbase need a logged-in browser.,2026-09-30T19:52:21Z,,,,,,https://standout.work,B2B,Early,5,Yes,0,,,0,,,,
shotwellai,shotwell.ai,Spring 2026,No evidence found,,,,,,,,,,,,,,,,,,Checked: no post-YC Form D matching the founders; no funding statement on website (2 pages) or YC page. LinkedIn/X/Crunchbase need a logged-in browser.,2026-09-30T19:52:19Z,,,,,,http://shotwell.ai/,Industrials,Early,4,No,0,,,0,,,,
madrone,Madrone,Spring 2026,No evidence found,,,,,,,,,,,,,,,,,,Checked: no post-YC Form D matching the founders; no funding statement on website (1 pages) or YC page. LinkedIn/X/Crunchbase need a logged-in browser.,2026-09-30T19:52:22Z,,,,,,https://madrone.cool/,Industrials,Early,2,No,0,,,0,,,,
pavoot,Pavoot,Spring 2026,No evidence found,,,,,,,,,,,,,,,,,,Checked: no post-YC Form D matching the founders; no funding statement on website (2 pages) or YC page. LinkedIn/X/Crunchbase need a logged-in browser.,2026-09-30T19:52:21Z,,,,,,https://pavoot.com,B2B,Early,,No,0,,,0,,,,
qomplement,qomplement,Spring 2026,No evidence found,,,,,,,,,,,,,,,,,,Checked: no post-YC Form D matching the founders; no funding statement on website (3 pages) or YC page. LinkedIn/X/Crunchbase need a logged-in browser.,2026-09-30T19:52:22Z,,,,,,https://qomplement.com,B2B,Early,7,No,0,,,0,,,,
deep-interactions,Deep Interactions,Spring 2026,No evidence found,,,,,,,,,,,,,,,,,,Checked: no post-YC Form D matching the founders; no funding statement on website (1 pages) or YC page. LinkedIn/X/Crunchbase need a logged-in browser.,2026-09-30T19:52:23Z,,,,,,https://deepinteractions.ai/,B2B,Early,4,No,0,,,0,,,,
kelai,KelAI,Spring 2026,Yes,4975000,OptionToAcquire; SecurityToBeAcquired (per Form D; stage not stated),2026-04-07,,1,SEC Form D,https://www.sec.gov/Archives/edgar/data/2145665/000214566526000001/primary_doc.xml,totalAmountSold: 4975000; totalOfferingAmount: 4975000; dateOfFirstSale: 2026-04-07,0002145665,0002145665-26-000001,4975000,4975000,2026-04-07,OptionToAcquire; SecurityToBeAcquired,14,"KelAI Tech, Inc.",High,"First sale is close to batch start, so the Form D total may include YC's $500K.",2026-09-30T19:52:21Z,2026-04-07,4975000,SEC Form D 0002145665-26-000001,4975000,Yes,https://kelaitech.com/,Fintech,Early,3,Yes,3,,,3,0,0,https://kelaitech.com/careers,Applied AI Engineer; Quant Researcher; Senior Infrastructure Engineer
hevn-inc,"HEVN, inc",Spring 2026,No evidence found,,,,,,,,,,,,,,,,,,Checked: no post-YC Form D matching the founders; no funding statement on website (6 pages) or YC page. LinkedIn/X/Crunchbase need a logged-in browser.,2026-09-30T19:52:25Z,,,,,,https://gethevn.com,Fintech,Early,8,No,0,,,0,,,,
wealor,Wealor,Spring 2026,No evidence found,,,,,,,,,,,,,,,,,,Checked: no post-YC Form D matching the founders; no funding statement on website (9 pages) or YC page. LinkedIn/X/Crunchbase need a logged-in browser. National register for FR not checked.,2026-09-30T19:52:26Z,,,,,,https://wealor.ai/,Fintech,Early,,No,0,,,0,,,,
elyra,Elyra,Spring 2026,No evidence found,,,,,,,,,,,,,,,,,,Checked: no post-YC Form D matching the founders; no funding statement on website (3 pages) or YC page. LinkedIn/X/Crunchbase need a logged-in browser. National register for SE not checked.,2026-09-30T19:52:24Z,,,,,,https://www.elyrasystems.com/,B2B,Early,5,Yes,0,,,0,,,,
interfaze,Interfaze,Spring 2026,No evidence found,,,,,,,,,,,,,,,,,,Checked: no post-YC Form D matching the founders; no funding statement on website (5 pages) or YC page. LinkedIn/X/Crunchbase need a logged-in browser.,2026-09-30T19:52:38Z,,,,,,https://interfaze.ai,B2B,Early,5,Yes,0,,,0,,,,
zolvo,Zolvo,Spring 2026,No evidence found,,,,,,,,,,,,,,,,,,Checked: no post-YC Form D matching the founders; no funding statement on website (16 pages) or YC page. LinkedIn/X/Crunchbase need a logged-in browser.,2026-09-30T19:52:28Z,,,,,,https://zolvo.com/,Fintech,Early,3,No,0,,,0,,,,
juno-chat,Juno,Spring 2026,No evidence found,,,,,,,,,,,,,,,,,,Checked: no post-YC Form D matching the founders; no funding statement on website (2 pages) or YC page. LinkedIn/X/Crunchbase need a logged-in browser.,2026-09-30T19:52:26Z,,,,,,https://junocompanion.com/,Healthcare,Early,2,Yes,0,,,0,,,,
kinro,Kinro,Spring 2026,No evidence found,,,,,,,,,,,,,,,,,,Checked: no post-YC Form D matching the founders; no funding statement on website (6 pages) or YC page. LinkedIn/X/Crunchbase need a logged-in browser.,2026-09-30T19:52:30Z,,,,,,https://www.kinro.com/,Fintech,Early,6,Yes,0,,,0,,,,
govguard,GovGuard,Spring 2026,No evidence found,,,,,,,,,,,,,,,,,,Checked: no post-YC Form D matching the founders; no funding statement on website (9 pages) or YC page. LinkedIn/X/Crunchbase need a logged-in browser.,2026-09-30T19:52:31Z,,,,,,https://govguard.com,Government,Early,,No,0,,,0,,,,
superlog,Superlog,Spring 2026,No evidence found,,,,,,,,,,,,,,,,,,Checked: no post-YC Form D matching the founders; no funding statement on website (12 pages) or YC page. LinkedIn/X/Crunchbase need a logged-in browser. National register for FR not checked.,2026-09-30T19:52:32Z,,,,,,https://superlog.sh/,B2B,Early,2,No,0,,,0,,,,
limrun,Limrun,Spring 2026,No evidence found,,,,,,,,,,,,,,,,,,Checked: no post-YC Form D matching the founders; no funding statement on website (2 pages) or YC page. LinkedIn/X/Crunchbase need a logged-in browser.,2026-09-30T19:52:32Z,,,,,,https://lim.run,B2B,Growth,1,Yes,0,,,0,,,,
light-anchor,Light Anchor,Spring 2026,No evidence found,,,,,,,,,,,,,,,,,,Checked: no post-YC Form D matching the founders; no funding statement on website (3 pages) or YC page. LinkedIn/X/Crunchbase need a logged-in browser. National register for KR not checked.,2026-09-30T19:52:30Z,,,,,,https://lightanchor.ai,Consumer,Early,2,No,0,,,0,,,,
hub,Hub,Spring 2026,Unclear,,,,,5,"Tracxn (lead only, from input)",,,,,,,,,,,Low,"Only a pre-YC round found in web search: https://theaiinsider.tech/2025/10/06/hub-xyz-closes-major-funding-round-with-swissborg-to-scale-the-first-distributed-ai-data-infrastructure-network/. Web search review: Announced Oct 2025, before the Spring 2026 batch start (Apr 2026), so pre-YC. Co-founder Tim Sprecher named. No post-YC round beyond YC deal found (a Jun 2026 $500K entry per aggregator snippets is likely the YC deal). Tracxn lead total $1,700,000; not confirmed by a higher-tier source. Checked: no post-YC Form D matching the founders; no funding statement on website (1 pages) or YC page. LinkedIn/X/Crunchbase need a logged-in browser.",2026-09-30T19:52:34Z,,,,,,https://hub.xyz,B2B,Early,10,Yes,7,,,7,0,0,,Field Operator - Brazil; Founding Engineer; Executive Assistant; HR Admin & Accountant; Account Manager; Marketing Manager; Hub - Head of GTM
tenet-industries,Tenet Industries,Spring 2026,No evidence found,,,,,,,,,,,,,,,,,,Checked: no post-YC Form D matching the founders; no funding statement on website (1 pages) or YC page. LinkedIn/X/Crunchbase need a logged-in browser. National register for SE not checked.,2026-09-30T19:52:38Z,,,,,,https://www.tenetindustries.com,Industrials,Early,3,No,0,,,0,,,,
atrisa,Atrisa,Spring 2026,No evidence found,,,,,,,,,,,,,,,,,,Checked: no post-YC Form D matching the founders; no funding statement on website (1 pages) or YC page. LinkedIn/X/Crunchbase need a logged-in browser.,2026-09-30T19:52:31Z,,,,,,https://atrisa.ai,B2B,Early,3,No,0,,,0,,,,
trellistech,Trellis,Spring 2026,No evidence found,,,,,,,,,,,,,,,,,,Checked: no post-YC Form D matching the founders; no funding statement on website (4 pages) or YC page. LinkedIn/X/Crunchbase need a logged-in browser.,2026-09-30T19:52:38Z,,,,,,https://trellistech.com,B2B,Early,5,No,0,,,0,,,,
dayjob,Dayjob,Spring 2026,No evidence found,,,,,,,,,,,,,,,,,,Checked: no post-YC Form D matching the founders; no funding statement on website (1 pages) or YC page. LinkedIn/X/Crunchbase need a logged-in browser.,2026-09-30T19:52:38Z,,,,,,https://www.getdayjob.ai,B2B,Early,5,No,0,,,0,,,,
inloop-robotics,InLoop Robotics,Spring 2026,No evidence found,,,,,,,,,,,,,,,,,,Checked: no post-YC Form D matching the founders; no funding statement on website (1 pages) or YC page. LinkedIn/X/Crunchbase need a logged-in browser. National register for DE not checked.,2026-09-30T19:52:37Z,,,,,,https://inloop-robotics.com/,Industrials,Early,10,No,0,,,0,,,,
zenbu-2,Zenbu,Spring 2026,No evidence found,,,,,,,,,,,,,,,,,,Checked: no post-YC Form D matching the founders; no funding statement on website (1 pages) or YC page. LinkedIn/X/Crunchbase need a logged-in browser.,2026-09-30T19:52:34Z,,,,,,https://www.zenbu.dev/,B2B,Early,1,No,0,,,0,,,,
andustry,Andustry,Spring 2026,No evidence found,,,,,,,,,,,,,,,,,,Checked: no post-YC Form D matching the founders; no funding statement on website (2 pages) or YC page. LinkedIn/X/Crunchbase need a logged-in browser.,2026-09-30T19:52:39Z,,,,,,http://andustry.com/,Fintech,Early,2,No,0,,,0,,,,
nine-fives,Nine Fives,Spring 2026,No evidence found,,,,,,,,,,,,,,,,,,Checked: no post-YC Form D matching the founders; no funding statement on website (1 pages) or YC page. LinkedIn/X/Crunchbase need a logged-in browser.,2026-09-30T19:52:37Z,,,,,,https://ninefives.com/,Industrials,Early,2,Yes,0,,,0,,,,
chert,Chert,Spring 2026,No evidence found,,,,,,,,,,,,,,,,,,Checked: no post-YC Form D matching the founders; no funding statement on website (5 pages) or YC page. LinkedIn/X/Crunchbase need a logged-in browser.,2026-09-30T19:52:38Z,,,,,,https://www.trychert.com/,B2B,Early,2,No,0,,,0,,,,
saffron,Saffron,Spring 2026,No evidence found,,,,,,,,,,,,,,,,,,Checked: no post-YC Form D matching the founders; no funding statement on website (3 pages) or YC page. LinkedIn/X/Crunchbase need a logged-in browser.,2026-09-30T19:52:37Z,,,,,,https://www.trysaffron.ai/,B2B,Early,3,No,0,,,0,,,,
discovered-materials,Discovered Materials,Spring 2026,Yes,9000000,Seed,,Lightspeed,2,Company website,https://discoveredmaterials.com,"We are backed by a $9M seed round led by Lightspeed, with participation from Y Combinator and Peak XV, and angels like Paul Graham,",,,,,,,,,High,Round date not stated on the source page; assumed post-YC because it is presented as current news. No matching post-YC Form D found.,2026-09-30T19:52:38Z,,,,9000000,Yes,https://discoveredmaterials.com,Industrials,Early,2,Yes,3,,,3,0,0,,Founding Process Engineer; Founding Computational Materials Engineer; Founding Equipment Engineer
lightsprint,LightSprint,Spring 2026,No evidence found,,,,,,,,,,,,,,,,,,Checked: no post-YC Form D matching the founders; no funding statement on website (4 pages) or YC page. LinkedIn/X/Crunchbase need a logged-in browser.,2026-09-30T19:52:41Z,,,,,,https://lightsprint.ai,B2B,Early,3,Yes,0,,,0,,,,
twolabs,Twolabs,Spring 2026,No evidence found,,,,,,,,,,,,,,,,,,Checked: no post-YC Form D matching the founders; no funding statement on website (1 pages) or YC page. LinkedIn/X/Crunchbase need a logged-in browser.,2026-09-30T19:52:39Z,,,,,,https://www.twolabs.ai,Industrials,Early,2,No,0,,,0,,,,
scope,Scope,Spring 2026,No evidence found,,,,,,,,,,,,,,,,,,Checked: no post-YC Form D matching the founders; no funding statement on website (2 pages) or YC page. LinkedIn/X/Crunchbase need a logged-in browser.,2026-09-30T19:52:44Z,,,,,,https://tryscope.com,B2B,Early,2,No,0,,,0,,,,
hexa,Hexa,Spring 2026,No evidence found,,,,,,,,,,,,,,,,,,Checked: no post-YC Form D matching the founders; no funding statement on website (3 pages) or YC page. LinkedIn/X/Crunchbase need a logged-in browser.,2026-09-30T19:52:42Z,,,,,,https://www.hexaagents.com,B2B,Early,3,No,0,,,0,,,,
rudus,Rudus,Spring 2026,No evidence found,,,,,,,,,,,,,,,,,,Checked: no post-YC Form D matching the founders; no funding statement on website (1 pages) or YC page. LinkedIn/X/Crunchbase need a logged-in browser.,2026-09-30T19:52:46Z,,,,,,http://rudus.ai/,Real Estate and Construction,Early,2,Yes,0,,,0,,,,
replicas,Replicas,Spring 2026,No evidence found,,,,,,,,,,,,,,,,,,Checked: no post-YC Form D matching the founders; no funding statement on website (2 pages) or YC page. LinkedIn/X/Crunchbase need a logged-in browser.,2026-09-30T19:52:41Z,,,,,,https://replicas.dev,B2B,Early,2,Yes,0,,,0,,,,
totalis,Totalis,Spring 2026,No evidence found,,,,,,,,,,,,,,,,,,Checked: no post-YC Form D matching the founders; no funding statement on website (3 pages) or YC page. LinkedIn/X/Crunchbase need a logged-in browser.,2026-09-30T19:52:42Z,,,,,,https://www.totalis.trade,Fintech,Early,,Yes,0,,,0,,,,
multiplier,Multiplier,Spring 2026,Yes,3978000,Seed (OptionToAcquire; SecurityToBeAcquired per Form D),2026-03-17,Lux Capital,1,SEC Form D,https://www.sec.gov/Archives/edgar/data/2140890/000214089026000001/primary_doc.xml,totalAmountSold: 3978000; totalOfferingAmount: 3978000; dateOfFirstSale: 2026-03-17,0002140890,0002140890-26-000001,3978000,3978000,2026-03-17,OptionToAcquire; SecurityToBeAcquired,57,"WithAI Research, Inc.",High,"Legal name differs from brand; matched on related person(s) Benjamin Finch, Ian McInnis, issuer in New York, NY. First sale is close to batch start, so the Form D total may include YC's $500K. Tier 2 source states $6 million (https://www.multiplier.ai/blog/announcing-our-6m-seed); Form D figure kept.",2026-09-30T19:53:25Z,2026-03-17,3978000,SEC Form D 0002140890-26-000001,3978000,Yes,https://multiplier.ai,B2B,Early,3,Yes,1,,,1,0,0,https://www.multiplier.ai/careers,Founding Engineer
memoir,Memoir,Spring 2026,No evidence found,,,,,,,,,,,,,,,,,,Checked: no post-YC Form D matching the founders; no funding statement on website (1 pages) or YC page. LinkedIn/X/Crunchbase need a logged-in browser.,2026-09-30T19:52:44Z,,,,,,https://www.trymemoir.ai/,B2B,Early,1,No,0,,,0,,,,
perfectbit-inc,"PerfectBit, Inc.",Spring 2026,No evidence found,,,,,,,,,,,,,,,,,,Checked: no post-YC Form D matching the founders; no funding statement on website (10 pages) or YC page. LinkedIn/X/Crunchbase need a logged-in browser.,2026-09-30T19:52:46Z,,,,,,https://perfectbit.ai,Industrials,Early,3,Yes,0,,,0,,,,
stage,Stage,Spring 2026,No evidence found,,,,,,,,,,,,,,,,,,Checked: no post-YC Form D matching the founders; no funding statement on website (3 pages) or YC page. LinkedIn/X/Crunchbase need a logged-in browser.,2026-09-30T19:52:47Z,,,,,,https://www.tryluke.dev/,B2B,Early,2,No,0,,,0,,,,
standard-signal,Standard Signal,Spring 2026,No evidence found,,,,,,,,,,,,,,,,,,Checked: no post-YC Form D matching the founders; no funding statement on website (3 pages) or YC page. LinkedIn/X/Crunchbase need a logged-in browser.,2026-09-30T19:52:45Z,,,,,,https://standardsignal.com,Fintech,Early,1,No,0,,,0,,,,
primitive,primitive,Spring 2026,No evidence found,,,,,,,,,,,,,,,,,,Checked: no post-YC Form D matching the founders; no funding statement on website (4 pages) or YC page. LinkedIn/X/Crunchbase need a logged-in browser.,2026-09-30T19:52:49Z,,,,,,https://primitive.dev,B2B,Early,4,Yes,0,,,0,,,,
korso,Korso,Spring 2026,No evidence found,,,,,,,,,,,,,,,,,,Checked: no post-YC Form D matching the founders; no funding statement on website (2 pages) or YC page. LinkedIn/X/Crunchbase need a logged-in browser.,2026-09-30T19:52:45Z,,,,,,https://korsoai.com/,B2B,Early,3,No,0,,,0,,,,
klarify,Klarify,Spring 2026,No evidence found,,,,,,,,,,,,,,,,,,Checked: no post-YC Form D matching the founders; no funding statement on website (3 pages) or YC page. LinkedIn/X/Crunchbase need a logged-in browser.,2026-09-30T19:52:47Z,,,,,,https://www.klarify.ca/,Healthcare,Early,4,No,0,,,0,,,,
surtr-defense-systems,Surtr Defense Systems,Spring 2026,Yes,5000000,Seed,2026-07-07,,4,Press (linked from YC company page),https://www.tectonicdefense.com/exclusive-surtr-raises-5m-seed-for-c-uas-integration/,Exclusive: Surtr Raises $5M Seed for C-UAS Integration,,,,,,,,,Medium,No matching post-YC Form D found.,2026-09-30T19:52:47Z,2026-07-07,5000000,Press (linked from YC company page),5000000,Yes,https://surtrdefense.com,Industrials,Early,2,No,0,,,0,0,0,,
hedge,Hedge,Spring 2026,No evidence found,,,,,,,,,,,,,,,,,,Checked: no post-YC Form D matching the founders; no funding statement on website (3 pages) or YC page. LinkedIn/X/Crunchbase need a logged-in browser.,2026-09-30T19:52:46Z,,,,,,https://www.hedgespecialty.com/,Fintech,Early,2,Yes,0,,,0,,,,
dispatch,Dispatch,Spring 2026,No evidence found,,,,,,,,,,,,,,,,,,Checked: no post-YC Form D matching the founders; no funding statement on website (2 pages) or YC page. LinkedIn/X/Crunchbase need a logged-in browser.,2026-09-30T19:52:47Z,,,,,,https://dispatch.space/,Industrials,Early,4,Yes,0,,,0,,,,
bloom-4,Bloom,Spring 2025,Yes,3400000,Pre-seed,2025-09,Moonfire,4,press (Startupticker.ch),https://www.startupticker.ch/en/news/bloom-is-changing-the-future-of-mobile-app-development-after-3-4m-pre-seed-round,"The company recently raised $3.4M in pre-seed funding, led by Moonfire, with participation from Y Combinator and Pioneer Fund.",,,,,,,,,Medium,"Web search review: Article dated 2025-09-12. Founders David Oort Alonso and Sirian Maathuis match. The $3.4M includes YC's participation. Batch X25 started Apr 2025. Tracxn lead total $3,400,000; not confirmed by a higher-tier source. Checked: no post-YC Form D matching the founders; no funding statement on website (3 pages) or YC page. LinkedIn/X/Crunchbase need a logged-in browser.",2026-09-30T19:52:51Z,2025-09-01,3400000,press (Startupticker.ch),3400000,Yes,https://bloom.diy/,B2B,Early,2,Yes,4,lever,12,12,0,0,https://bloom.diy/careers,Account Director | Craft Public Relations; Brand Partnerships Manager; Director of Brand & Social | Poppy & Peonies; Director of Ecommerce | Poppy & Peonies; Fractional HR & Talent Advisor (Contract); Logistics Coordinator | Poppy & Peonies; Office Coordinator | Craft Public Relations; People & Culture Specialist | Poppy & Peonies; Sr. Talent & HR Advisor; Vice President | Craft Public Relations
regbase,Regbase,Spring 2026,No evidence found,,,,,,,,,,,,,,,,,,Checked: no post-YC Form D matching the founders; no funding statement on website (9 pages) or YC page. LinkedIn/X/Crunchbase need a logged-in browser.,2026-09-30T19:53:12Z,,,,,,https://regbase.com,B2B,Early,3,Yes,0,,,0,,,,
inth,Inth,Spring 2026,Unclear,,,,,5,"Tracxn (lead only, from input)",,,,,,,,,,,Low,"Web search review: Searched 'Inth Christopher Burns raises', 'Inth YC P26 funding', 'Inth Soma Capital seed', '$5.5M seed'. Search snippets claim a '$5.5M seed round backed by Soma Capital, Y Combinator, founders of Superhuman', and another says <500K left in an angel allocation, but I could not find these on any page I fetched (YC profile, YC jobs, inth.com, burnedchris.com/about). LinkedIn blocked (HTTP 999). Unve Tracxn lead total $1,200,000; not confirmed by a higher-tier source. Checked: no post-YC Form D matching the founders; no funding statement on website (7 pages) or YC page. LinkedIn/X/Crunchbase need a logged-in browser.",2026-09-30T19:54:09Z,,,,,,https://inth.com,B2B,Early,3,No,0,,,0,0,0,,
superset,Superset,Spring 2026,Yes,11500089,Equity (per Form D; stage not stated),2026-07-31,,1,SEC Form D,https://www.sec.gov/Archives/edgar/data/2150111/000215011126000001/primary_doc.xml,totalAmountSold: 11500089; totalOfferingAmount: 11500089; dateOfFirstSale: 2026-07-31,0002150111,0002150111-26-000001,11500089,11500089,2026-07-31,Equity,35,Superset Inc.,High,,2026-09-30T19:53:02Z,2026-07-31,11500089,SEC Form D 0002150111-26-000001,11500089,Yes,https://www.superset.sh/,B2B,Early,4,Yes,2,greenhouse,3,3,0,1,,AI Solutions Strategist; Cofounder; Legal Counsel (Contract)
netter,Netter,Spring 2026,No evidence found,,,,,,,,,,,,,,,,,,Checked: no post-YC Form D matching the founders; no funding statement on website (1 pages) or YC page. LinkedIn/X/Crunchbase need a logged-in browser. National register for FR not checked.,2026-09-30T19:52:54Z,,,,,,https://netter.ai,B2B,Early,4,No,0,,,0,,,,
sazabi,Sazabi,Spring 2026,Yes,8000000,Seed,,,2,Company website,https://www.sazabi.com/blog,Announcing Our $8M Seed Round and Open Beta.,,,,,,,,,High,Round date not stated on the source page; assumed post-YC because it is presented as current news. No matching post-YC Form D found.,2026-09-30T19:52:53Z,,,,8000000,Yes,https://www.sazabi.com/,B2B,Early,10,No,0,ashby,8,8,4,0,,"Marketing Lead; Software Engineer, Product; Security Engineer; Software Engineer, Infra/Data; Software Engineer, Agents; Customer Support Lead; Account Executive; Operations Lead"
9-mothers-corporation,9 Mothers,Spring 2026,No evidence found,,,,,,,,,,,,,,,,,,Checked: no post-YC Form D matching the founders; no funding statement on website (3 pages) or YC page. LinkedIn/X/Crunchbase need a logged-in browser.,2026-09-30T19:52:52Z,,,,,,https://9mothers.com,Industrials,Early,19,Yes,0,,,0,,,,
drafted,Drafted,Spring 2026,Yes,17500000,,,,2,YC company/launch page,https://www.ycombinator.com/companies/drafted,"Since starting 10 months ago, we've raised $17.5M from YC, Buckley Ventures, Patrick Collison, Bill Clerico, Ben Silbermann, Jack Altman, Samsung NEXT, Starship Ventures,",,,,,,,,,High,Round date not stated on the source page; assumed post-YC because it is presented as current news. Other stated figure: $16M (https://www.businessinsider.com/drafted-16m-funding-reshape-home-design-with-ai-2026-5). No matching post-YC Form D found.,2026-09-30T19:52:56Z,,,,17500000,Yes,https://www.drafted.ai/,Consumer,Early,9,No,0,,,0,0,0,,
cignara,Cignara,Spring 2026,No evidence found,,,,,,,,,,,,,,,,,,Checked: no post-YC Form D matching the founders; no funding statement on website (2 pages) or YC page. LinkedIn/X/Crunchbase need a logged-in browser.,2026-09-30T19:52:52Z,,,,,,https://cignara.com/,B2B,Early,4,No,0,,,0,,,,
fuchsia,Fuchsia,Spring 2026,No evidence found,,,,,,,,,,,,,,,,,,Checked: no post-YC Form D matching the founders; no funding statement on website (2 pages) or YC page. LinkedIn/X/Crunchbase need a logged-in browser.,2026-09-30T19:52:53Z,,,,,,https://getfuchsia.ai/,B2B,Early,3,No,0,,,0,,,,
imperfect,Imperfect,Spring 2026,No evidence found,,,,,,,,,,,,,,,,,,Checked: no post-YC Form D matching the founders; no funding statement on website (2 pages) or YC page. LinkedIn/X/Crunchbase need a logged-in browser.,2026-09-30T19:52:54Z,,,,,,https://imperfect.co,Consumer,Early,5,Yes,0,,,0,,,,
clara-2,Clara,Spring 2026,Yes,12000000,Pre-Seed,,,2,Company website,https://askclara.com/,"Clara raises $12M pre-seed, joins Y Combinator Read more Read more .",,,,,,,,,High,"Manual review: $12M pre-seed announced together with joining YC; may include YC's $500K, and the round may partly predate the batch.",2026-09-30T19:53:40Z,2026-05-14,12000000,https://askclara.com/ (date printed near the quote),12000000,Yes,http://askclara.com,Healthcare,Early,9,Yes,3,greenhouse,138,138,17,16,,Account Executive - Bill Pay (Ejecutivo de Ventas - Cuentas por Pagar) - Mexico City (Hybrid); Account Executive - Clara Contabilidad (Ejecutivo de Cuenta - Clara Contabilidad) - Mexico City (Hybrid); Account Executive - Clara Global (Ejecutivo de Cuenta - Clara Global) - Mexico City (Hybrid); Account Executive (Ejecutivo/a de Cuentas) - Bogotá (Hybrid) ; Account Executive (Executivo de Vendas) - Brasília/DF (Hybrid/Remote); Account Executive (Executivo de Vendas) - Campinas/SP; Account Executive (Executivo de Vendas) - Manaus/AM (Hybrid/Remote); Account Executive (Executivo de Vendas) - Minas Gerais (Hybrid/Remote); Account Executive (Executivo de Vendas) - Recife (Hybrid/Remote); Account Executive (Executivo de Vendas) - Rio de Janeiro (Hybrid/Remote)
linzumi,Linzumi,Spring 2026,No evidence found,,,,,,,,,,,,,,,,,,Checked: no post-YC Form D matching the founders; no funding statement on website (2 pages) or YC page. LinkedIn/X/Crunchbase need a logged-in browser.,2026-09-30T19:52:59Z,,,,,,https://linzumi.com,B2B,Early,3,No,0,,,0,,,,
advanced-metal-research,Advanced Metal Research,Spring 2026,No evidence found,,,,,,,,,,,,,,,,,,Checked: no post-YC Form D matching the founders; no funding statement on website (10 pages) or YC page. LinkedIn/X/Crunchbase need a logged-in browser.,2026-09-30T19:52:56Z,,,,,,https://advancedmetalresearch.com/,Industrials,Early,3,No,0,,,0,,,,
ploy,Ploy,Spring 2026,Yes,26571989,Seed (Equity per Form D),2026-05-05,,1,SEC Form D,https://www.sec.gov/Archives/edgar/data/2136625/000213662526000001/primary_doc.xml,totalAmountSold: 26571989; totalOfferingAmount: 26571989; dateOfFirstSale: 2026-05-05,0002136625,0002136625-26-000001,26571989,26571989,2026-05-05,Equity,11,"Ploy, Inc.",High,"First sale is close to batch start, so the Form D total may include YC's $500K. Form D clarification: Includes $11,572,000 of securities issued upon conversion and cancellation of outstanding SAFEs.",2026-09-30T19:53:00Z,2026-05-05,26571989,SEC Form D 0002136625-26-000001,26571989,Yes,https://ploy.ai,B2B,Early,14,Yes,1,ashby,3,3,3,0,https://ploy.ai/careers,Software Engineer; Founding Growth Manager; Founding Community Lead
takecareos,TakeCareOS,Spring 2026,No evidence found,,,,,,,,,,,,,,,,,,Checked: no post-YC Form D matching the founders; no funding statement on website (10 pages) or YC page. LinkedIn/X/Crunchbase need a logged-in browser. National register for AU not checked.,2026-09-30T19:52:58Z,,,,,,https://takecareos.com,B2B,Early,1,No,0,,,0,,,,
prism,Prism,Spring 2025,No evidence found,,,,,,,,,,,,,,,,,,Checked: no post-YC Form D matching the founders; no funding statement on website (2 pages) or YC page. LinkedIn/X/Crunchbase need a logged-in browser.,2026-09-30T19:52:57Z,,,,,,https://prisminference.com,B2B,Early,2,No,0,,,0,,,,
finaldose,FinalDose,Spring 2026,No evidence found,,,,,,,,,,,,,,,,,,Checked: no post-YC Form D matching the founders; no funding statement on website (2 pages) or YC page. LinkedIn/X/Crunchbase need a logged-in browser.,2026-09-30T19:53:04Z,,,,,,https://finaldose.ai/,Healthcare,Early,5,No,0,,,0,,,,
smartbase,Smartbase,Spring 2026,No evidence found,,,,,,,,,,,,,,,,,,Checked: no post-YC Form D matching the founders; no funding statement on website (0 pages) or YC page. LinkedIn/X/Crunchbase need a logged-in browser.,2026-09-30T19:52:58Z,,,,,,https://www.smartbase.so/,B2B,Early,2,No,0,,,0,,,,
foresight,Foresight,Spring 2026,No evidence found,,,,,,,,,,,,,,,,,,Checked: no post-YC Form D matching the founders; no funding statement on website (10 pages) or YC page. LinkedIn/X/Crunchbase need a logged-in browser.,2026-09-30T19:53:01Z,,,,,,https://foresight.tt/,B2B,Early,2,No,0,,,0,,,,
miso-labs,Miso Labs,Spring 2026,No evidence found,,,,,,,,,,,,,,,,,,Checked: no post-YC Form D matching the founders; no funding statement on website (4 pages) or YC page. LinkedIn/X/Crunchbase need a logged-in browser.,2026-09-30T19:53:05Z,,,,,,https://misolabs.ai,B2B,Early,3,Yes,0,,,0,,,,
humwork,Humwork,Spring 2026,No evidence found,,,,,,,,,,,,,,,,,,Checked: no post-YC Form D matching the founders; no funding statement on website (1 pages) or YC page. LinkedIn/X/Crunchbase need a logged-in browser.,2026-09-30T19:53:22Z,,,,,,https://humwork.ai,B2B,Early,2,Yes,0,,,0,,,,
autostep,Autostep,Spring 2026,No evidence found,,,,,,,,,,,,,,,,,,Checked: no post-YC Form D matching the founders; no funding statement on website (1 pages) or YC page. LinkedIn/X/Crunchbase need a logged-in browser.,2026-09-30T19:53:37Z,,,,,,https://autostep.ai/,B2B,Early,1,Yes,0,,,0,,,,
jo,jo,Spring 2026,No evidence found,,,,,,,,,,,,,,,,,,Checked: no post-YC Form D matching the founders; no funding statement on website (2 pages) or YC page. LinkedIn/X/Crunchbase need a logged-in browser.,2026-09-30T19:53:05Z,,,,,,https://askjo.ai,Consumer,Early,2,No,0,,,0,,,,
prototypingio,Prototyping.io,Spring 2026,No evidence found,,,,,,,,,,,,,,,,,,Checked: no post-YC Form D matching the founders; no funding statement on website (0 pages) or YC page. LinkedIn/X/Crunchbase need a logged-in browser.,2026-09-30T19:53:44Z,,,,,,https://www.prototyping.io,Industrials,Early,2,No,0,,,0,,,,
oddpool,Oddpool,Spring 2026,Yes,3000000,Seed,2026-09,,4,press article (BettingJobs),https://www.bettingjobs.com/bettingstartups-bettingjobs-partnerships/data-startup-oddpool-acquired-by-kalshi-after-3m-raise/,The pair came out of Y Combinator this past spring and raised a $3M seed,,,,,,,,,Medium,"Web search review: Article dated 2026-09-10 and names founders Avi Arora and Ritesh Malpani (matches YC). round_date is when it was disclosed, alongside the news that Oddpool joined Kalshi; the exact close date is unknown. Investors not disclosed. The founder post on X (x.com/oddpool_alerts/status/2095553993791471786) has the same wording but could not be fetched (402/451). The Tracxn lead of $3.5M does not match. Tracxn lead total $3,500,000; not confirmed by a higher-tier source. Checked: no post-YC Form D matching the founders; no funding statement on website (1 pages) or YC page. LinkedIn/X/Crunchbase need a logged-in browser.",2026-09-30T19:53:17Z,2026-09-01,3000000,press article (BettingJobs),3000000,Yes,https://www.oddpool.com,B2B,Early,2,No,0,,,0,0,0,,
trycardinal-ai,Cardinal,Winter 2026,No evidence found,,,,,,,,,,,,,,,,,,Checked: no post-YC Form D matching the founders; no funding statement on website (2 pages) or YC page. LinkedIn/X/Crunchbase need a logged-in browser.,2026-09-30T19:53:09Z,,,,,,https://trycardinal.com,B2B,Early,,Yes,0,,,0,,,,
wideframe,Wideframe,Winter 2026,No evidence found,,,,,,,,,,,,,,,,,,Checked: no post-YC Form D matching the founders; no funding statement on website (11 pages) or YC page. LinkedIn/X/Crunchbase need a logged-in browser.,2026-09-30T19:53:12Z,,,,,,https://wideframe.com,B2B,Early,2,No,0,,,0,,,,
martini,Martini,Winter 2026,No evidence found,,,,,,,,,,,,,,,,,,Checked: no post-YC Form D matching the founders; no funding statement on website (9 pages) or YC page. LinkedIn/X/Crunchbase need a logged-in browser.,2026-09-30T19:53:31Z,,,,,,https://martini.film,B2B,Early,2,No,0,,,0,,,,
condor-energy,Condor Energy,Winter 2026,No evidence found,,,,,,,,,,,,,,,,,,Checked: no post-YC Form D matching the founders; no funding statement on website (1 pages) or YC page. LinkedIn/X/Crunchbase need a logged-in browser. National register for FR not checked.,2026-09-30T19:53:12Z,,,,,,https://www.condor.energy,Industrials,Early,3,No,0,,,0,,,,
remix-3,Remix,Winter 2026,No evidence found,,,,,,,,,,,,,,,,,,Checked: no post-YC Form D matching the founders; no funding statement on website (10 pages) or YC page. LinkedIn/X/Crunchbase need a logged-in browser.,2026-09-30T19:53:15Z,,,,,,https://remix.re,Consumer,Early,,No,0,,,0,,,,
shofo,Shofo,Winter 2026,No evidence found,,,,,,,,,,,,,,,,,,Checked: no post-YC Form D matching the founders; no funding statement on website (1 pages) or YC page. LinkedIn/X/Crunchbase need a logged-in browser.,2026-09-30T19:53:42Z,,,,,,https://shofo.ai/,B2B,Early,4,No,0,,,0,,,,
wayco,Wayco,Winter 2026,No evidence found,,,,,,,,,,,,,,,,,,Checked: no post-YC Form D matching the founders; no funding statement on website (1 pages) or YC page. LinkedIn/X/Crunchbase need a logged-in browser.,2026-09-30T19:53:15Z,,,,,,https://wayco.ai,B2B,Early,5,Yes,0,,,0,,,,
unifold,Unifold,Winter 2026,No evidence found,,,,,,,,,,,,,,,,,,Checked: no post-YC Form D matching the founders; no funding statement on website (6 pages) or YC page. LinkedIn/X/Crunchbase need a logged-in browser.,2026-09-30T19:53:19Z,,,,,,https://unifold.io,Fintech,Early,3,No,0,,,0,,,,
carrot-labs,Carrot Labs,Winter 2026,No evidence found,,,,,,,,,,,,,,,,,,Checked: no post-YC Form D matching the founders; no funding statement on website (4 pages) or YC page. LinkedIn/X/Crunchbase need a logged-in browser.,2026-09-30T19:53:20Z,,,,,,https://superpenguin.ai/,B2B,Early,2,No,0,,,0,,,,
aurorin-cad,Aurorin CAD,Winter 2026,No evidence found,,,,,,,,,,,,,,,,,,Checked: no post-YC Form D matching the founders; no funding statement on website (3 pages) or YC page. LinkedIn/X/Crunchbase need a logged-in browser.,2026-09-30T19:53:37Z,,,,,,https://aurorincad.com,B2B,Early,1,Yes,0,,,0,,,,
fixture,Fixture,Winter 2026,No evidence found,,,,,,,,,,,,,,,,,,Checked: no post-YC Form D matching the founders; no funding statement on website (1 pages) or YC page. LinkedIn/X/Crunchbase need a logged-in browser.,2026-09-30T19:53:41Z,,,,,,https://fixture.app,B2B,Early,5,No,0,,,0,,,,
daivin,DAIVIN!,Winter 2026,No evidence found,,,,,,,,,,,,,,,,,,Checked: no post-YC Form D matching the founders; no funding statement on website (2 pages) or YC page. LinkedIn/X/Crunchbase need a logged-in browser.,2026-09-30T19:53:23Z,,,,,,https://www.daivin.tech/,Industrials,Early,1,No,0,,,0,,,,
brumby,Brumby (Formerly GrazeMate),Winter 2026,Yes,1200000,,2026-01-13,,4,Press (linked from YC company page),https://www.forbes.com.au/news/innovation/grazemate-raises-1-2-million-19-year-old-ceo-cattle-mustering/,GrazeMate Raises $1.2 Million As 19-Year-Old CEO Automates Cattle Mustering,0002127563,,,,,,,"GRAZEMATE, INC.",Medium,yc deal like Form D 0002127563-26-000001: sold 156500 first sale 2026-03-10 No matching post-YC Form D found.,2026-09-30T19:53:22Z,2026-01-13,1200000,Press (linked from YC company page),1200000,Yes,https://brumby,Industrials,Early,3,Yes,5,ashby,5,5,3,1,,Remote Pilot; Embedded Systems Engineer; Operations Associate; Perception Engineer; Software Engineer
origami-robotics,Origami Robotics,Winter 2026,No evidence found,,,,,,,,,,,,,,,,,,Checked: no post-YC Form D matching the founders; no funding statement on website (10 pages) or YC page. LinkedIn/X/Crunchbase need a logged-in browser.,2026-09-30T19:53:26Z,,,,,,https://www.origami-robotics.com,Industrials,Early,5,No,0,,,0,,,,
ossus,Ossus,Winter 2026,No evidence found,,,,,,,,,,,,,,,,,,Checked: no post-YC Form D matching the founders; no funding statement on website (2 pages) or YC page. LinkedIn/X/Crunchbase need a logged-in browser.,2026-09-30T19:53:27Z,,,,,,https://www.ossus.com,B2B,Early,3,No,0,,,0,,,,
rubric-ai,Rubric AI,Winter 2026,No evidence found,,,,,,,,,,,,,,,,,,Checked: no post-YC Form D matching the founders; no funding statement on website (0 pages) or YC page. LinkedIn/X/Crunchbase need a logged-in browser.,2026-09-30T19:53:24Z,,,,,,,B2B,Early,1,No,0,,,0,,,,
zymbly,Zymbly,Winter 2026,No evidence found,,,,,,,,,,,,,,,,,,"Checked: no post-YC Form D matching the founders; no funding statement on website (1 pages) or YC page. LinkedIn/X/Crunchbase need a logged-in browser. Companies House ZYMBLY LTD (16187087): 1 SH01 allotment filing(s), latest 18 Dec 2025: Statement of capital following an allotment of shares on 26 November 2025 GBP 3",2026-09-30T19:53:28Z,,,,,,https://www.zymbly.com,B2B,Early,,Yes,0,,,0,,,,
tensortest,TensorTest,Winter 2026,No evidence found,,,,,,,,,,,,,,,,,,Checked: no post-YC Form D matching the founders; no funding statement on website (1 pages) or YC page. LinkedIn/X/Crunchbase need a logged-in browser.,2026-09-30T19:53:32Z,,,,,,https://www.tensortest.com,B2B,Early,3,No,0,,,0,,,,
polymorph,Polymorph,Winter 2026,No evidence found,,,,,,,,,,,,,,,,,,Checked: no post-YC Form D matching the founders; no funding statement on website (1 pages) or YC page. LinkedIn/X/Crunchbase need a logged-in browser.,2026-09-30T19:53:42Z,,,,,,https://usepolymorph.com/,B2B,Early,4,No,0,,,0,,,,
khotan,Khotan (formerly Pollinate),Winter 2026,No evidence found,,,,,,,,,,,,,,,,,,Checked: no post-YC Form D matching the founders; no funding statement on website (3 pages) or YC page. LinkedIn/X/Crunchbase need a logged-in browser.,2026-09-30T19:53:32Z,,,,,,https://www.khotan.com/,B2B,Early,2,No,0,,,0,,,,
spotpay,SpotPay,Winter 2026,No evidence found,,,,,,,,,,,,,,,,,,Checked: no post-YC Form D matching the founders; no funding statement on website (1 pages) or YC page. LinkedIn/X/Crunchbase need a logged-in browser.,2026-09-30T19:53:32Z,,,,,,https://www.spotpay.ai/,Fintech,Early,2,No,0,,,0,,,,
voygr,VOYGR,Winter 2026,No evidence found,,,,,,,,,,,,,,,,,,Checked: no post-YC Form D matching the founders; no funding statement on website (1 pages) or YC page. LinkedIn/X/Crunchbase need a logged-in browser.,2026-09-30T19:53:35Z,,,,,,https://voygr.tech,B2B,Early,,Yes,0,,,0,,,,
mochacare,MochaCare,Winter 2026,No evidence found,,,,,,,,,,,,,,,,,,Checked: no post-YC Form D matching the founders; no funding statement on website (2 pages) or YC page. LinkedIn/X/Crunchbase need a logged-in browser.,2026-09-30T19:53:36Z,,,,,,https://www.mochacare.com/,B2B,Early,2,Yes,0,,,0,,,,
vela,Vela,Winter 2026,No evidence found,,,,,,,,,,,,,,,,,,Checked: no post-YC Form D matching the founders; no funding statement on website (5 pages) or YC page. LinkedIn/X/Crunchbase need a logged-in browser.,2026-09-30T19:53:40Z,,,,,,https://tryvela.ai,B2B,Early,2,Yes,0,,,0,,,,
veriad,Veriad,Winter 2026,No evidence found,,,,,,,,,,,,,,,,,,Checked: no post-YC Form D matching the founders; no funding statement on website (2 pages) or YC page. LinkedIn/X/Crunchbase need a logged-in browser. Companies House VERIAD LTD (17029772): no SH01 allotments listed.,2026-09-30T19:53:59Z,,,,,,https://veriad.com,B2B,Early,2,No,0,,,0,,,,
talking-computers,Talking Computers,Winter 2026,No evidence found,,,,,,,,,,,,,,,,,,Checked: no post-YC Form D matching the founders; no funding statement on website (1 pages) or YC page. LinkedIn/X/Crunchbase need a logged-in browser. National register for CA not checked.,2026-09-30T19:53:44Z,,,,,,https://talkingcomputers.ai,B2B,Early,2,No,0,,,0,,,,
copperlane,Copperlane,Winter 2026,Yes,4100000,Seed,,TQ Ventures.,2,Company website,https://www.copperlane.ai,Copperlane closes $4.1M Seed led by TQ Ventures.,,,,,,,,,High,Round date not stated on the source page; assumed post-YC because it is presented as current news. No matching post-YC Form D found.,2026-09-30T19:53:41Z,,,,4100000,Yes,https://www.copperlane.ai,Fintech,Early,3,Yes,1,,,1,0,0,,Founding Software Engineer
canary,Canary,Winter 2026,No evidence found,,,,,,,,,,,,,,,,,,Checked: no post-YC Form D matching the founders; no funding statement on website (10 pages) or YC page. LinkedIn/X/Crunchbase need a logged-in browser.,2026-09-30T19:53:45Z,,,,,,https://www.runcanary.ai,B2B,Early,2,No,0,,,0,,,,
grade,Grade,Winter 2026,No evidence found,,,,,,,,,,,,,,,,,,Checked: no post-YC Form D matching the founders; no funding statement on website (2 pages) or YC page. LinkedIn/X/Crunchbase need a logged-in browser.,2026-09-30T19:53:47Z,,,,,,https://usegrade.com,Fintech,Early,2,No,0,,,0,,,,
sila,Sila,Winter 2026,No evidence found,,,,,,,,,,,,,,,,,,Checked: no post-YC Form D matching the founders; no funding statement on website (3 pages) or YC page. LinkedIn/X/Crunchbase need a logged-in browser.,2026-09-30T19:53:46Z,,,,,,https://silahq.com,B2B,Early,2,No,0,,,0,,,,
maven,Maven,Winter 2026,No evidence found,,,,,,,,,,,,,,,,,,Checked: no post-YC Form D matching the founders; no funding statement on website (1 pages) or YC page. LinkedIn/X/Crunchbase need a logged-in browser.,2026-09-30T19:53:44Z,,,,,,https://trymaven.com,B2B,Early,2,No,0,,,0,,,,
moda,Moda,Winter 2026,No evidence found,,,,,,,,,,,,,,,,,,Checked: no post-YC Form D matching the founders; no funding statement on website (7 pages) or YC page. LinkedIn/X/Crunchbase need a logged-in browser.,2026-09-30T19:53:46Z,,,,,,https://moda.dev,B2B,Early,6,No,0,,,0,,,,
the-token-company,The Token Company,Winter 2026,No evidence found,,,,,,,,,,,,,,,,,,Checked: no post-YC Form D matching the founders; no funding statement on website (3 pages) or YC page. LinkedIn/X/Crunchbase need a logged-in browser.,2026-09-30T19:53:57Z,,,,,,https://thetokencompany.com,B2B,Early,2,No,0,,,0,,,,
beesafe-ai,BeeSafe AI,Winter 2026,No evidence found,,,,,,,,,,,,,,,,,,Checked: no post-YC Form D matching the founders; no funding statement on website (1 pages) or YC page. LinkedIn/X/Crunchbase need a logged-in browser.,2026-09-30T19:54:13Z,,,,,,https://beesafe.ai/,B2B,Early,3,No,0,,,0,,,,
fed10,Fed10,Winter 2026,No evidence found,,,,,,,,,,,,,,,,,,Checked: no post-YC Form D matching the founders; no funding statement on website (10 pages) or YC page. LinkedIn/X/Crunchbase need a logged-in browser.,2026-09-30T19:53:46Z,,,,,,https://www.fed10.ai,B2B,Early,3,No,0,,,0,,,,
squid,Squid,Winter 2026,No evidence found,,,,,,,,,,,,,,,,,,Checked: no post-YC Form D matching the founders; no funding statement on website (3 pages) or YC page. LinkedIn/X/Crunchbase need a logged-in browser. Companies House SQUID LABS LTD (16925657): no SH01 allotments listed.,2026-09-30T19:53:52Z,,,,,,https://squid.energy,Industrials,Early,3,Yes,0,,,0,,,,
turnstone,Turnstone,Winter 2026,No evidence found,,,,,,,,,,,,,,,,,,Checked: no post-YC Form D matching the founders; no funding statement on website (0 pages) or YC page. LinkedIn/X/Crunchbase need a logged-in browser.,2026-09-30T19:54:28Z,,,,,,https://myturnstone.ai,B2B,Early,3,No,0,,,0,,,,
foreman,Foreman,Winter 2026,No evidence found,,,,,,,,,,,,,,,,,,Checked: no post-YC Form D matching the founders; no funding statement on website (2 pages) or YC page. LinkedIn/X/Crunchbase need a logged-in browser.,2026-09-30T19:53:53Z,,,,,,https://foreman.co,Real Estate and Construction,Early,2,No,0,,,0,,,,
booko,Booko,Winter 2026,No evidence found,,,,,,,,,,,,,,,,,,Checked: no post-YC Form D matching the founders; no funding statement on website (1 pages) or YC page. LinkedIn/X/Crunchbase need a logged-in browser.,2026-09-30T19:53:52Z,,,,,,https://bookoapp.com,B2B,Early,2,Yes,0,,,0,,,,
corelayer,Corelayer,Winter 2026,No evidence found,,,,,,,,,,,,,,,,,,Checked: no post-YC Form D matching the founders; no funding statement on website (10 pages) or YC page. LinkedIn/X/Crunchbase need a logged-in browser.,2026-09-30T19:53:53Z,,,,,,https://www.corelayer.com,B2B,Early,3,No,0,,,0,,,,
general-legal,General Legal,Winter 2026,Yes,11500000,Seed + Pre-Seed (combined),2026-03-26,Audacious Ventures,2,company newsroom,https://general.legal/newsroom,closes a combined $11.5m Seed and Pre-Seed round led by Audacious Ventures,,,,,,,,,High,"Web search review: Corroborated by Artificial Lawyer 2026-03-26 (mentions co-founder Ryan Walker and YC Winter cohort). Combined figure includes pre-seed, part of which may predate the batch. Tracxn $12M ~ this plus YC. Tracxn lead total $12,000,000; not confirmed by a higher-tier source. Checked: no post-YC Form D matching the founders; no funding statement on website (4 pages) or YC page. LinkedIn/X/Crunchbase need a logged-in browser.",2026-09-30T19:53:51Z,2026-03-26,11500000,company newsroom,11500000,Yes,https://general.legal,B2B,Early,25,No,0,greenhouse,13,13,4,1,https://general.legal/careers,"Account Executive; Associate Commercial Counsel ; Founding Product Manager; Full Stack Software Engineer; General Interest Application: Attorneys; Growth Marketing Lead; Paralegal, Emerging Companies & Venture Capital; Senior Commercial Counsel ; Senior Counsel - Emerging Companies & M&A; Senior Counsel, Health Tech"
fort,Fort,Winter 2026,No evidence found,,,,,,,,,,,,,,,,,,Checked: no post-YC Form D matching the founders; no funding statement on website (3 pages) or YC page. LinkedIn/X/Crunchbase need a logged-in browser.,2026-09-30T19:54:12Z,,,,,,https://fort.cx,Consumer,Early,4,Yes,0,,,0,,,,
getbalance,Balance,Winter 2026,Yes,4700000,,,,2,Company website,https://getbalance.ai/about,Balance has raised $4.7M.,,,,,,,,,High,Round date not stated on the source page; assumed post-YC because it is presented as current news. No matching post-YC Form D found. Companies House BALANCE TECHNOLOGIES LTD (16998135): no SH01 allotments listed.,2026-09-30T19:53:51Z,,,,4700000,Yes,https://getbalance.ai,B2B,Early,20,Yes,2,,,2,0,0,,Founding Product Engineer; Business Development Representative (BDR)
chasi,Chasi,Winter 2026,No evidence found,,,,,,,,,,,,,,,,,,Checked: no post-YC Form D matching the founders; no funding statement on website (2 pages) or YC page. LinkedIn/X/Crunchbase need a logged-in browser.,2026-09-30T19:53:56Z,,,,,,https://chasi.ai/,B2B,Early,2,Yes,0,,,0,,,,
remy-ai,Remy AI,Winter 2026,No evidence found,,,,,,,,,,,,,,,,,,Checked: no post-YC Form D matching the founders; no funding statement on website (1 pages) or YC page. LinkedIn/X/Crunchbase need a logged-in browser.,2026-09-30T19:53:55Z,,,,,,https://www.tryremy.ai/,Industrials,Early,2,No,0,,,0,,,,
anchorhead,Anchorhead,Winter 2026,No evidence found,,,,,,,,,,,,,,,,,,Checked: no post-YC Form D matching the founders; no funding statement on website (1 pages) or YC page. LinkedIn/X/Crunchbase need a logged-in browser.,2026-09-30T19:53:56Z,,,,,,https://www.anchorhead.ai,B2B,Early,1,No,0,,,0,,,,
o11,o11,Winter 2026,No evidence found,,,,,,,,,,,,,,,,,,Checked: no post-YC Form D matching the founders; no funding statement on website (3 pages) or YC page. LinkedIn/X/Crunchbase need a logged-in browser.,2026-09-30T19:53:59Z,,,,,,https://o11.ai,B2B,Early,2,No,0,,,0,,,,
doomersion,Doomersion,Winter 2026,No evidence found,,,,,,,,,,,,,,,,,,Checked: no post-YC Form D matching the founders; no funding statement on website (2 pages) or YC page. LinkedIn/X/Crunchbase need a logged-in browser.,2026-09-30T19:53:57Z,,,,,,https://doomersion.com/,Consumer,Early,4,No,0,,,0,,,,
sequence-markets,Sequence Markets,Winter 2026,No evidence found,,,,,,,,,,,,,,,,,,Checked: no post-YC Form D matching the founders; no funding statement on website (2 pages) or YC page. LinkedIn/X/Crunchbase need a logged-in browser. National register for CA not checked.,2026-09-30T19:53:59Z,,,,,,https://sequencemkts.com/,Fintech,Early,5,No,0,,,0,,,,
ditto-biosciences,Ditto Biosciences,Winter 2026,No evidence found,,,,,,,,,,,,,,,,,,Checked: no post-YC Form D matching the founders; no funding statement on website (2 pages) or YC page. LinkedIn/X/Crunchbase need a logged-in browser.,2026-09-30T19:54:31Z,,,,,,https://www.dittobio.com/,Healthcare,Early,3,No,0,,,0,,,,
servo7,Servo7,Winter 2026,No evidence found,,,,,,,,,,,,,,,,,,Checked: no post-YC Form D matching the founders; no funding statement on website (4 pages) or YC page. LinkedIn/X/Crunchbase need a logged-in browser. National register for NL not checked.,2026-09-30T19:54:02Z,,,,,,https://servo7.com,Industrials,Early,3,Yes,0,,,0,,,,
voxel-energy,Voxel Energy,Winter 2026,No evidence found,,,,,,,,,,,,,,,,,,Checked: no post-YC Form D matching the founders; no funding statement on website (1 pages) or YC page. LinkedIn/X/Crunchbase need a logged-in browser.,2026-09-30T19:54:04Z,,,,,,https://voxelenergy.com/,Industrials,Early,3,No,0,,,0,,,,
polymath,Polymath,Winter 2026,No evidence found,,,,,,,,,,,,,,,,,,Checked: no post-YC Form D matching the founders; no funding statement on website (3 pages) or YC page. LinkedIn/X/Crunchbase need a logged-in browser.,2026-09-30T19:54:01Z,,,,,,https://polymathlabs.ai/,B2B,Early,6,Yes,0,,,0,,,,
bubble-lab,Bubble Lab,Winter 2026,No evidence found,,,,,,,,,,,,,,,,,,Checked: no post-YC Form D matching the founders; no funding statement on website (1 pages) or YC page. LinkedIn/X/Crunchbase need a logged-in browser.,2026-09-30T19:54:01Z,,,,,,https://bubblelab.ai/,B2B,Early,2,No,0,,,0,,,,
pocket,Pocket,Winter 2026,Yes,11000000,,2026-06-29,,4,Press (linked from YC company page),https://techcrunch.com/2026/06/29/pocket-raises-11m-in-bet-on-rising-demand-for-ai-note-taking-devices/,Pocket raises $11M in bet on rising demand for AI note-taking devices | TechCrunch,,,,,,,,,Medium,No matching post-YC Form D found.,2026-09-30T19:54:04Z,2026-06-29,11000000,Press (linked from YC company page),11000000,Yes,https://heypocket.com/now,Consumer,Early,15,Yes,14,,,14,0,0,,Customer Support Lead; Customer Support Specialist; Backend Engineer; Engineering Generalist - Product Impact (Full Stack); Research Engineer - Voice Intelligence; Supply Chain Analyst; Senior Amazon Marketplace Manager; Founding Data Lead; Fractional Head of Legal; Visual Designer / Design Generalist
byteport,Byteport,Winter 2026,No evidence found,,,,,,,,,,,,,,,,,,Checked: no post-YC Form D matching the founders; no funding statement on website (2 pages) or YC page. LinkedIn/X/Crunchbase need a logged-in browser.,2026-09-30T19:54:05Z,,,,,,https://byteport.com/,B2B,Early,4,No,0,,,0,,,,
constellation-space,Constellation Space,Winter 2026,No evidence found,,,,,,,,,,,,,,,,,,Checked: no post-YC Form D matching the founders; no funding statement on website (3 pages) or YC page. LinkedIn/X/Crunchbase need a logged-in browser.,2026-09-30T19:54:06Z,,,,,,https://constellation.space/,B2B,Early,4,No,0,,,0,,,,
axionorbital-space,AxionOrbital Space,Winter 2026,No evidence found,,,,,,,,,,,,,,,,,,Checked: no post-YC Form D matching the founders; no funding statement on website (9 pages) or YC page. LinkedIn/X/Crunchbase need a logged-in browser.,2026-09-30T19:54:24Z,,,,,,https://axionorbital.space/,Industrials,Early,2,No,0,,,0,,,,
oximy,Oximy,Winter 2026,No evidence found,,,,,,,,,,,,,,,,,,Checked: no post-YC Form D matching the founders; no funding statement on website (2 pages) or YC page. LinkedIn/X/Crunchbase need a logged-in browser.,2026-09-30T19:54:29Z,,,,,,https://oximy.com,B2B,Early,8,No,0,,,0,,,,
caretta,Caretta,Winter 2026,Yes,1300000,Pre-Seed,,,2,Company website,https://www.caretta.so/blog,Company 18 December 2025 Caretta launches with $1.3m Pre-Seed and Y Combinator We raised our pre-seed to build organisational intelligence that gives every sales,,,,,,,,,High,Round date not stated on the source page; assumed post-YC because it is presented as current news. No matching post-YC Form D found.,2026-09-30T19:54:07Z,2026-08-24,1300000,https://www.caretta.so/blog (date printed near the quote),1300000,Yes,https://www.caretta.so,B2B,Early,4,No,0,,,0,0,0,https://www.caretta.so/careers,
samora-ai,Samora AI,Winter 2026,No evidence found,,,,,,,,,,,,,,,,,,Checked: no post-YC Form D matching the founders; no funding statement on website (10 pages) or YC page. LinkedIn/X/Crunchbase need a logged-in browser.,2026-09-30T19:54:22Z,,,,,,https://samora.ai/,B2B,Early,8,No,0,,,0,,,,
human-archive,Human Archive,Winter 2026,Yes,8200000,Seed,2026-05,Wing Venture Capital; NVP Capital,4,press (The AI Insider),https://theaiinsider.tech/2026/05/30/human-archive-raises-8-2m-in-seed-round-funding-to-model-human-embodied-intelligence-to-train-robots/,Human Archive has raised $8.2 million in seed funding,,,,,,,,,Medium,"Web search review: Founders Raj Patel, Samay Maini, Rushil Agarwal and Shloke Patel match. Other press dates the announcement 2026-05-26. Tracxn's $8.7M likely = $8.2M + YC $500K. FinSMEs returned 403. Batch W26. Tracxn lead total $8,700,000; not confirmed by a higher-tier source. Checked: no post-YC Form D matching the founders; no funding statement on website (2 pages) or YC page. LinkedIn/X/Crunchbase need a logged-in browser.",2026-09-30T19:54:09Z,2026-05-01,8200000,press (The AI Insider),8200000,Yes,https://www.humanarchive.ai/,Industrials,Early,100,Yes,8,ashby,21,21,8,2,,Head of Engineering; Machine Learning Engineer; Firmware Engineer; Head of Operations; Research Engineer; Operations ; Mechanical Engineer; Embedded / Electrical Engineer; Camera Systems and Calibration Engineer; Head of Engineering Operations
forum,Forum,Winter 2026,No evidence found,,,,,,,,,,,,,,,,,,"Unverified Form D by same-named person: 1511 Monroe St, LLC 0002147937-26-000001 sold 600000 (first sale 2026-07-20, Madison); likely a different person. Checked: no post-YC Form D matching the founders; no funding statement on website (10 pages) or YC page. LinkedIn/X/Crunchbase need a logged-in browser.",2026-09-30T19:54:09Z,,,,,,https://www.forum.market/,Fintech,Early,2,No,0,,,0,,,,
sitefire,Sitefire,Winter 2026,No evidence found,,,,,,,,,,,,,,,,,,Checked: no post-YC Form D matching the founders; no funding statement on website (2 pages) or YC page. LinkedIn/X/Crunchbase need a logged-in browser. National register for DE not checked.,2026-09-30T19:54:10Z,,,,,,https://sitefire.ai,B2B,Early,2,Yes,0,,,0,,,,
robby,Robby,Winter 2026,No evidence found,,,,,,,,,,,,,,,,,,Checked: no post-YC Form D matching the founders; no funding statement on website (5 pages) or YC page. LinkedIn/X/Crunchbase need a logged-in browser.,2026-09-30T19:54:14Z,,,,,,https://tryrobby.com,B2B,Early,3,Yes,0,,,0,,,,
ressl-ai,Ressl AI,Winter 2026,Unclear,,,,,5,"Tracxn (lead only, from input)",,,,,,,,,,,Low,"Web search review: No post-YC round found. Pre-YC: a $250K pre-seed (Entrepreneur First, Transpose Platform) announced ~2024-12-23 per founder Arushi Gandhi's X post (https://x.com/arushi_ressl/status/1871437686260765035). Could not fetch it (HTTP 402), so not quoted. That would be pre-YC (W26 starts Jan 2026), post_yc=false. Aggregators say Ressl is 'raising $2.5M' seed (not closed). Tracxn $750K is probably $250K  Tracxn lead total $750,000; not confirmed by a higher-tier source. Checked: no post-YC Form D matching the founders; no funding statement on website (1 pages) or YC page. LinkedIn/X/Crunchbase need a logged-in browser. National register for IN not checked.",2026-09-30T19:54:32Z,,,,,,https://ressl.ai,B2B,Early,3,No,0,,,0,0,0,,
emdash,Emdash,Winter 2026,No evidence found,,,,,,,,,,,,,,,,,,Checked: no post-YC Form D matching the founders; no funding statement on website (3 pages) or YC page. LinkedIn/X/Crunchbase need a logged-in browser.,2026-09-30T19:54:25Z,,,,,,https://emdash.com,B2B,Early,2,No,0,,,0,,,,
inventoryquant,InventoryQuant,Winter 2026,No evidence found,,,,,,,,,,,,,,,,,,Checked: no post-YC Form D matching the founders; no funding statement on website (1 pages) or YC page. LinkedIn/X/Crunchbase need a logged-in browser.,2026-09-30T19:54:14Z,,,,,,https://www.inventoryquant.com,B2B,Early,1,No,0,,,0,,,,
congruent,Congruent,Winter 2026,No evidence found,,,,,,,,,,,,,,,,,,Checked: no post-YC Form D matching the founders; no funding statement on website (1 pages) or YC page. LinkedIn/X/Crunchbase need a logged-in browser.,2026-09-30T19:54:14Z,,,,,,https://congruent.io,Industrials,Early,2,No,0,,,0,,,,
usereframe,Reframe,Winter 2026,No evidence found,,,,,,,,,,,,,,,,,,Checked: no post-YC Form D matching the founders; no funding statement on website (5 pages) or YC page. LinkedIn/X/Crunchbase need a logged-in browser.,2026-09-30T19:55:31Z,,,,,,http://usereframe.ai,B2B,Early,1,No,0,,,0,,,,
valence,Valence,Winter 2026,No evidence found,,,,,,,,,,,,,,,,,,Checked: no post-YC Form D matching the founders; no funding statement on website (3 pages) or YC page. LinkedIn/X/Crunchbase need a logged-in browser.,2026-09-30T19:54:39Z,,,,,,https://valence.trade,Fintech,Early,3,No,0,,,0,,,,
approxima,Approxima,Winter 2026,No evidence found,,,,,,,,,,,,,,,,,,Checked: no post-YC Form D matching the founders; no funding statement on website (1 pages) or YC page. LinkedIn/X/Crunchbase need a logged-in browser. National register for CA not checked.,2026-09-30T19:54:22Z,,,,,,https://approxima.ai,B2B,Early,2,No,0,,,0,,,,
traverse,Traverse,Winter 2026,No evidence found,,,,,,,,,,,,,,,,,,Checked: no post-YC Form D matching the founders; no funding statement on website (4 pages) or YC page. LinkedIn/X/Crunchbase need a logged-in browser.,2026-09-30T19:54:18Z,,,,,,https://www.traverse.so,B2B,Early,1,No,0,,,0,,,,
revion,Revion,Winter 2026,No evidence found,,,,,,,,,,,,,,,,,,Checked: no post-YC Form D matching the founders; no funding statement on website (9 pages) or YC page. LinkedIn/X/Crunchbase need a logged-in browser.,2026-09-30T19:54:40Z,,,,,,https://revion.inc,B2B,Early,10,Yes,0,,,0,,,,
maywood,Maywood,Winter 2026,No evidence found,,,,,,,,,,,,,,,,,,Checked: no post-YC Form D matching the founders; no funding statement on website (8 pages) or YC page. LinkedIn/X/Crunchbase need a logged-in browser.,2026-09-30T19:54:29Z,,,,,,https://maywoodai.com/,Fintech,Early,5,Yes,0,,,0,,,,
fenrock-ai,Fenrock AI,Winter 2026,No evidence found,,,,,,,,,,,,,,,,,,Checked: no post-YC Form D matching the founders; no funding statement on website (1 pages) or YC page. LinkedIn/X/Crunchbase need a logged-in browser.,2026-09-30T19:54:40Z,,,,,,https://fenrock.ai/,Fintech,Early,2,Yes,0,,,0,,,,
end-close,End Close,Winter 2026,No evidence found,,,,,,,,,,,,,,,,,,Checked: no post-YC Form D matching the founders; no funding statement on website (2 pages) or YC page. LinkedIn/X/Crunchbase need a logged-in browser.,2026-09-30T19:55:53Z,,,,,,https://endclose.com,B2B,Early,2,No,0,,,0,,,,
chamber,Chamber,Winter 2026,No evidence found,,,,,,,,,,,,,,,,,,Checked: no post-YC Form D matching the founders; no funding statement on website (2 pages) or YC page. LinkedIn/X/Crunchbase need a logged-in browser.,2026-09-30T19:54:47Z,,,,,,https://www.usechamber.io,B2B,Early,4,No,0,,,0,,,,
patientdeskai,Patientdesk.ai,Winter 2026,Yes,3800000,,,,2,Company website,https://www.patientdesk.ai/,Y We raised $3.8M to modernize dentistry Read more → Scheduling Scheduling.,,,,,,,,,High,Round date not stated on the source page; assumed post-YC because it is presented as current news. No matching post-YC Form D found.,2026-09-30T19:54:35Z,,,,3800000,Yes,https://patientdesk.ai/,Healthcare,Early,5,No,0,,,0,0,0,https://www.patientdesk.ai/careers,
visibl-semiconductors,Visibl Semiconductors,Winter 2026,No evidence found,,,,,,,,,,,,,,,,,,Checked: no post-YC Form D matching the founders; no funding statement on website (2 pages) or YC page. LinkedIn/X/Crunchbase need a logged-in browser.,2026-09-30T19:54:54Z,,,,,,https://visiblsemi.com,B2B,Early,3,No,0,,,0,,,,
synthetic-sciences,Synthetic Sciences,Winter 2026,No evidence found,,,,,,,,,,,,,,,,,,Checked: no post-YC Form D matching the founders; no funding statement on website (1 pages) or YC page. LinkedIn/X/Crunchbase need a logged-in browser.,2026-09-30T19:55:00Z,,,,,,https://syntheticsciences.ai/,B2B,Early,2,No,0,,,0,,,,
seeing-systems,Seeing Systems,Winter 2026,No evidence found,,,,,,,,,,,,,,,,,,Checked: no post-YC Form D matching the founders; no funding statement on website (1 pages) or YC page. LinkedIn/X/Crunchbase need a logged-in browser. Companies House SEEING SYSTEMS EUROPE LIMITED (17017240): no SH01 allotments listed. Companies House SEEING SYSTEMS LTD (15941215): no SH01 allotments listed.,2026-09-30T19:54:40Z,,,,,,https://www.seeing-systems.com,Industrials,Early,7,Yes,0,,,0,,,,
jinba,Jinba,Winter 2026,No evidence found,,,,,,,,,,,,,,,,,,Checked: no post-YC Form D matching the founders; no funding statement on website (3 pages) or YC page. LinkedIn/X/Crunchbase need a logged-in browser.,2026-09-30T19:54:44Z,,,,,,https://jinba.io,B2B,Early,11,Yes,0,,,0,,,,
cardboard,Cardboard,Winter 2026,No evidence found,,,,,,,,,,,,,,,,,,Checked: no post-YC Form D matching the founders; no funding statement on website (4 pages) or YC page. LinkedIn/X/Crunchbase need a logged-in browser. National register for IN not checked.,2026-09-30T19:54:39Z,,,,,,https://cardboard.ai,B2B,Early,8,Yes,0,,,0,,,,
prana-health,Prana,Winter 2026,No evidence found,,,,,,,,,,,,,,,,,,Checked: no post-YC Form D matching the founders; no funding statement on website (1 pages) or YC page. LinkedIn/X/Crunchbase need a logged-in browser.,2026-09-30T19:55:05Z,,,,,,https://pranadoc.com,Healthcare,Early,4,No,0,,,0,,,,
rhizome-ai,Rhizome AI,Winter 2026,No evidence found,,,,,,,,,0002101297,,,,,,,"Rhizome AI, Inc",,yc deal like Form D 0002101297-26-000001: sold 85000 first sale 2025-11-19 Checked: no post-YC Form D matching the founders; no funding statement on website (11 pages) or YC page. LinkedIn/X/Crunchbase need a logged-in browser.,2026-09-30T19:54:45Z,,,,,,https://rhizomeai.com/,B2B,Early,1,Yes,0,,,0,,,,
pax-historia,Pax Historia,Winter 2026,No evidence found,,,,,,,,,,,,,,,,,,Checked: no post-YC Form D matching the founders; no funding statement on website (1 pages) or YC page. LinkedIn/X/Crunchbase need a logged-in browser.,2026-09-30T19:55:05Z,,,,,,https://www.paxhistoria.co,Consumer,Early,6,Yes,0,,,0,,,,
parameter,Parameter,Winter 2026,No evidence found,,,,,,,,,,,,,,,,,,Checked: no post-YC Form D matching the founders; no funding statement on website (9 pages) or YC page. LinkedIn/X/Crunchbase need a logged-in browser.,2026-09-30T19:55:08Z,,,,,,https://parameter.ai?utm_source=ycombinator&utm_medium=referral&utm_campaign=parameter-profile,B2B,Early,14,Yes,0,,,0,,,,
laurence,Laurence,Winter 2026,Yes,5800000,,,,2,Company website,https://www.laurence.com/resources?channel=blog,Laurence raises $5.8 million to automate performance marketing.,,,,,,,,,High,Round date not stated on the source page; assumed post-YC because it is presented as current news. No matching post-YC Form D found.,2026-09-30T19:55:08Z,2026-06-05,5800000,https://www.laurence.com/resources?channel=blog (date printed near the quote),5800000,Yes,https://laurence.com,B2B,Early,2,Yes,1,,,1,0,0,,Deployment Strategist
terminal-use,Terminal Use,Winter 2026,No evidence found,,,,,,,,,,,,,,,,,,Checked: no post-YC Form D matching the founders; no funding statement on website (1 pages) or YC page. LinkedIn/X/Crunchbase need a logged-in browser.,2026-09-30T19:54:44Z,,,,,,https://www.terminaluse.com/,B2B,Early,4,No,0,,,0,,,,
overshoot,Overshoot,Winter 2026,No evidence found,,,,,,,,,,,,,,,,,,Checked: no post-YC Form D matching the founders; no funding statement on website (1 pages) or YC page. LinkedIn/X/Crunchbase need a logged-in browser.,2026-09-30T19:55:17Z,,,,,,https://overshoot.ai,B2B,Early,5,No,0,,,0,,,,
cajal-technologies,Cajal,Winter 2026,No evidence found,,,,,,,,,,,,,,,,,,Checked: no post-YC Form D matching the founders; no funding statement on website (3 pages) or YC page. LinkedIn/X/Crunchbase need a logged-in browser.,2026-09-30T19:55:26Z,,,,,,https://caj.al/,B2B,Early,2,No,0,,,0,,,,
proximitty,Proximitty,Winter 2026,No evidence found,,,,,,,,,,,,,,,,,,Checked: no post-YC Form D matching the founders; no funding statement on website (3 pages) or YC page. LinkedIn/X/Crunchbase need a logged-in browser.,2026-09-30T19:55:16Z,,,,,,https://proximitty.ai,Fintech,Early,2,Yes,0,,,0,,,,
instinct-xyz,Instinct,Winter 2026,No evidence found,,,,,,,,,,,,,,,,,,Checked: no post-YC Form D matching the founders; no funding statement on website (1 pages) or YC page. LinkedIn/X/Crunchbase need a logged-in browser.,2026-09-30T19:54:51Z,,,,,,https://instinct.xyz,Fintech,Early,5,No,0,,,0,,,,
stilta,Stilta,Winter 2026,Yes,10259219,Equity (per Form D; stage not stated),2026-05-07,Andreessen Horowitz,1,SEC Form D,https://www.sec.gov/Archives/edgar/data/2135209/000213520926000001/primary_doc.xml,totalAmountSold: 10259219; totalOfferingAmount: 10259219; dateOfFirstSale: 2026-05-07,0002135209,0002135209-26-000001,10259219,10259219,2026-05-07,Equity,54,"Stilta IP, Inc.",High,,2026-09-30T19:54:55Z,2026-05-07,10259219,SEC Form D 0002135209-26-000001,10259219,Yes,https://stilta.com,B2B,Early,4,Yes,2,ashby,4,4,3,0,https://stilta.com/careers,Founding Engineer; Founding Patent Engineer; Open Application ; Platform Engineer
unisson,Unisson,Winter 2026,No evidence found,,,,,,,,,,,,,,,,,,Checked: no post-YC Form D matching the founders; no funding statement on website (1 pages) or YC page. LinkedIn/X/Crunchbase need a logged-in browser.,2026-09-30T19:54:58Z,,,,,,https://www.unisson.ai,B2B,Early,2,No,0,,,0,,,,
brownie,IncidentFox,Winter 2026,No evidence found,,,,,,,,,,,,,,,,,,Checked: no post-YC Form D matching the founders; no funding statement on website (2 pages) or YC page. LinkedIn/X/Crunchbase need a logged-in browser.,2026-09-30T19:55:02Z,,,,,,https://incidentfox.ai,B2B,Early,2,No,0,,,0,,,,
compresr,Compresr,Winter 2026,No evidence found,,,,,,,,,,,,,,,,,,Checked: no post-YC Form D matching the founders; no funding statement on website (6 pages) or YC page. LinkedIn/X/Crunchbase need a logged-in browser.,2026-09-30T19:55:02Z,,,,,,https://compresr.ai,B2B,Early,3,No,0,,,0,,,,
opalite-health,Opalite Health,Winter 2026,No evidence found,,,,,,,,,,,,,,,,,,Checked: no post-YC Form D matching the founders; no funding statement on website (4 pages) or YC page. LinkedIn/X/Crunchbase need a logged-in browser.,2026-09-30T19:55:05Z,,,,,,http://opalitehealth.com/,Healthcare,Early,3,Yes,0,,,0,,,,
confluence-labs,Confluence Labs,Winter 2026,No evidence found,,,,,,,,,,,,,,,,,,Checked: no post-YC Form D matching the founders; no funding statement on website (1 pages) or YC page. LinkedIn/X/Crunchbase need a logged-in browser.,2026-09-30T19:55:09Z,,,,,,https://confluence.sh,B2B,Early,2,No,0,,,0,,,,
mango-medical-inc,Mango Medical,Winter 2026,No evidence found,,,,,,,,,,,,,,,,,,Checked: no post-YC Form D matching the founders; no funding statement on website (10 pages) or YC page. LinkedIn/X/Crunchbase need a logged-in browser.,2026-09-30T19:55:10Z,,,,,,https://mangomedical.io,Healthcare,Early,3,No,0,,,0,,,,
sponge,Sponge,Winter 2026,No evidence found,,,,,,,,,,,,,,,,,,Checked: no post-YC Form D matching the founders; no funding statement on website (3 pages) or YC page. LinkedIn/X/Crunchbase need a logged-in browser.,2026-09-30T19:55:10Z,,,,,,https://paysponge.com/,B2B,Early,3,No,0,,,0,,,,
terranox-ai,Terranox AI,Winter 2026,No evidence found,,,,,,,,,,,,,,,,,,Checked: no post-YC Form D matching the founders; no funding statement on website (10 pages) or YC page. LinkedIn/X/Crunchbase need a logged-in browser.,2026-09-30T19:55:10Z,,,,,,https://terranox.ai,Industrials,Early,2,Yes,0,,,0,,,,
ventura,Ventura,Winter 2026,No evidence found,,,,,,,,,,,,,,,,,,Checked: no post-YC Form D matching the founders; no funding statement on website (3 pages) or YC page. LinkedIn/X/Crunchbase need a logged-in browser.,2026-09-30T19:55:15Z,,,,,,https://www.ventura.ai,Industrials,Early,2,Yes,0,,,0,,,,
orthogonal,Orthogonal,Winter 2026,Yes,4300000,,,Pantera Capital Read,2,Company website,https://www.orthogonal.com/,Skip to content 🎉 We raised $4.3M led by Pantera Capital Read more → .,,,,,,,,,High,Round date not stated on the source page; assumed post-YC because it is presented as current news. No matching post-YC Form D found.,2026-09-30T19:55:17Z,,,,4300000,Yes,https://orthogonal.com,B2B,Early,2,No,0,,,0,0,0,https://www.orthogonal.com/careers,
perfectly,Perfectly,Winter 2026,No evidence found,,,,,,,,,,,,,,,,,,Checked: no post-YC Form D matching the founders; no funding statement on website (1 pages) or YC page. LinkedIn/X/Crunchbase need a logged-in browser.,2026-09-30T19:55:12Z,,,,,,https://www.perfectly.so/,B2B,Early,4,No,0,,,0,,,,
fern-bot,Fern,Winter 2026,No evidence found,,,,,,,,,,,,,,,,,,Checked: no post-YC Form D matching the founders; no funding statement on website (2 pages) or YC page. LinkedIn/X/Crunchbase need a logged-in browser.,2026-09-30T19:55:15Z,,,,,,https://fern.bot,B2B,Early,2,No,0,,,0,,,,
sparkles,Sparkles,Winter 2026,Yes,3500000,,,,2,Company website,https://sparkles.dev/careers,"We raised $3.5M, backed by Y Combinator, Moonfire Ventures, and angels from OpenAI, Anthropic, a16z, General Catalyst, Cloudflare, and others..",,,,,,,,,High,Round date not stated on the source page; assumed post-YC because it is presented as current news. No matching post-YC Form D found.,2026-09-30T19:55:14Z,,,,3500000,Yes,https://sparkles.dev,B2B,Early,1,Yes,2,,,2,0,0,https://sparkles.dev/careers,Founding Engineer (London); Founding GTM (London)
eigenpal,EigenPal,Winter 2026,No evidence found,,,,,,,,,,,,,,,,,,Checked: no post-YC Form D matching the founders; no funding statement on website (2 pages) or YC page. LinkedIn/X/Crunchbase need a logged-in browser.,2026-09-30T19:55:34Z,,,,,,https://www.eigenpal.com/,B2B,Early,,No,0,,,0,,,,
salus,Salus,Winter 2026,No evidence found,,,,,,,,,,,,,,,,,,Checked: no post-YC Form D matching the founders; no funding statement on website (3 pages) or YC page. LinkedIn/X/Crunchbase need a logged-in browser.,2026-09-30T19:55:56Z,,,,,,https://www.usesalus.ai/,B2B,Early,2,Yes,0,,,0,,,,
moritz,Moritz,Winter 2026,Yes,9000000,,,,2,Company website,https://www.moritzlegal.com/,MORITZ RAISES $9M.,,,,,,,,,High,Round date not stated on the source page; assumed post-YC because it is presented as current news. No matching post-YC Form D found.,2026-09-30T19:55:21Z,,,,9000000,Yes,http://moritzlegal.com/,B2B,Early,10,Yes,6,,,6,0,0,,Open Role; Founding BDR; Founding Commercial Attorney; Founding Account Executive; Founding Product Designer; Founding Full-Stack Engineer 
ramain,RamAIn,Winter 2026,No evidence found,,,,,,,,,,,,,,,,,,Checked: no post-YC Form D matching the founders; no funding statement on website (10 pages) or YC page. LinkedIn/X/Crunchbase need a logged-in browser.,2026-09-30T19:55:20Z,,,,,,https://ramain.ai,B2B,Early,4,Yes,0,,,0,,,,
milliray,Milliray,Winter 2026,No evidence found,,,,,,,,,,,,,,,,,,Checked: no post-YC Form D matching the founders; no funding statement on website (1 pages) or YC page. LinkedIn/X/Crunchbase need a logged-in browser.,2026-09-30T19:55:21Z,,,,,,https://milliray.com/,Industrials,Early,3,No,0,,,0,,,,
beyond-reach-labs,Beyond Reach Labs,Winter 2026,Yes,10000000,Seed,,,2,Company website,https://www.beyondreachlabs.com/news/,"Beyond Reach Labs Raises $10M Seed, Moves to NYC.",,,,,,,,,High,Round date not stated on the source page; assumed post-YC because it is presented as current news. No matching post-YC Form D found.,2026-09-30T19:55:21Z,2026-07-17,10000000,https://www.beyondreachlabs.com/news/ (date printed near the quote),10000000,Yes,https://www.beyondreachlabs.com,Industrials,Early,8,Yes,7,ashby,6,7,4,0,https://www.beyondreachlabs.com/careers/,Mechanical Engineer ; Mechanical Engineer Intern (Spring 2027); Mechanical Engineer Intern (Summer 2027); Development Test Engineer; Talent Acquisition Manager; Strategy and Growth Lead
octapulse,OctaPulse,Winter 2026,No evidence found,,,,,,,,,,,,,,,,,,Checked: no post-YC Form D matching the founders; no funding statement on website (10 pages) or YC page. LinkedIn/X/Crunchbase need a logged-in browser.,2026-09-30T19:55:20Z,,,,,,https://www.tryoctapulse.com/,Industrials,Early,2,No,0,,,0,,,,
codewisp,CodeWisp,Winter 2026,No evidence found,,,,,,,,,,,,,,,,,,Checked: no post-YC Form D matching the founders; no funding statement on website (2 pages) or YC page. LinkedIn/X/Crunchbase need a logged-in browser.,2026-09-30T19:55:24Z,,,,,,https://codewisp.ai/,Consumer,Early,3,No,0,,,0,,,,
ashr,Ashr,Winter 2026,No evidence found,,,,,,,,,,,,,,,,,,Checked: no post-YC Form D matching the founders; no funding statement on website (2 pages) or YC page. LinkedIn/X/Crunchbase need a logged-in browser.,2026-09-30T19:55:23Z,,,,,,https://ashr.io,B2B,Early,2,No,0,,,0,,,,
aemon,Aemon,Winter 2026,No evidence found,,,,,,,,,,,,,,,,,,Checked: no post-YC Form D matching the founders; no funding statement on website (1 pages) or YC page. LinkedIn/X/Crunchbase need a logged-in browser.,2026-09-30T19:55:28Z,,,,,,https://aemon.ai/,B2B,Early,3,Yes,0,,,0,,,,
luel,Luel,Winter 2026,Yes,31200000,Seed,,General Catalyst and Lightspeed,2,Company website,https://www.luel.ai/blog/luel-seed-31m-general-catalyst-lightspeed,Luel raises $31.2M seed round led by General Catalyst and Lightspeed to build the global ground truth infrastructure for human data | Luel .,,,,,,,,,High,Round date not stated on the source page; assumed post-YC because it is presented as current news. No matching post-YC Form D found.,2026-09-30T19:55:27Z,2026-05-15,31200000,https://www.luel.ai/blog/luel-seed-31m-general-catalyst-lightspeed (date printed near the quote),31200000,Yes,https://luel.ai,B2B,Early,12,No,0,,,0,0,0,,
scheduling-wizard,Scheduling Wizard,Winter 2026,No evidence found,,,,,,,,,,,,,,,,,,Checked: no post-YC Form D matching the founders; no funding statement on website (1 pages) or YC page. LinkedIn/X/Crunchbase need a logged-in browser.,2026-09-30T19:55:45Z,,,,,,https://www.schedulingwiz.com,Healthcare,Early,3,No,0,,,0,,,,
robodock,RoboDock,Winter 2026,No evidence found,,,,,,,,,,,,,,,,,,Checked: no post-YC Form D matching the founders; no funding statement on website (1 pages) or YC page. LinkedIn/X/Crunchbase need a logged-in browser.,2026-09-30T19:55:28Z,,,,,,https://www.robodock.tech/,Industrials,Early,4,No,0,,,0,,,,
skillsync,Skillsync,Winter 2026,No evidence found,,,,,,,,,,,,,,,,,,Checked: no post-YC Form D matching the founders; no funding statement on website (2 pages) or YC page. LinkedIn/X/Crunchbase need a logged-in browser.,2026-09-30T19:55:26Z,,,,,,https://skillsync.com,B2B,Early,2,No,0,,,0,,,,
mousecat,MouseCat,Winter 2026,No evidence found,,,,,,,,,,,,,,,,,,Checked: no post-YC Form D matching the founders; no funding statement on website (4 pages) or YC page. LinkedIn/X/Crunchbase need a logged-in browser.,2026-09-30T19:55:28Z,,,,,,https://www.mousecat.ai,B2B,Early,6,No,0,,,0,,,,
zatanna,Zatanna,Winter 2026,No evidence found,,,,,,,,,,,,,,,,,,Checked: no post-YC Form D matching the founders; no funding statement on website (9 pages) or YC page. LinkedIn/X/Crunchbase need a logged-in browser.,2026-09-30T19:55:32Z,,,,,,https://www.zatanna.ai/,B2B,Early,2,No,0,,,0,,,,
autositu,AutoSitu,Winter 2026,No evidence found,,,,,,,,,,,,,,,,,,Checked: no post-YC Form D matching the founders; no funding statement on website (4 pages) or YC page. LinkedIn/X/Crunchbase need a logged-in browser.,2026-09-30T19:55:29Z,,,,,,https://autositu.com/,B2B,Early,2,Yes,0,,,0,,,,
verdex,Verdex,Winter 2026,No evidence found,,,,,,,,,,,,,,,,,,Checked: no post-YC Form D matching the founders; no funding statement on website (1 pages) or YC page. LinkedIn/X/Crunchbase need a logged-in browser.,2026-09-30T19:55:30Z,,,,,,https://www.verdexai.com/,Fintech,Early,2,No,0,,,0,,,,
cumulus-labs,Cumulus Labs,Winter 2026,No evidence found,,,,,,,,,,,,,,,,,,Checked: no post-YC Form D matching the founders; no funding statement on website (3 pages) or YC page. LinkedIn/X/Crunchbase need a logged-in browser.,2026-09-30T19:55:31Z,,,,,,https://cumuluslabs.io,B2B,Early,2,Yes,0,,,0,,,,
tepali,Tepali,Winter 2026,No evidence found,,,,,,,,,,,,,,,,,,Checked: no post-YC Form D matching the founders; no funding statement on website (3 pages) or YC page. LinkedIn/X/Crunchbase need a logged-in browser.,2026-09-30T19:55:55Z,,,,,,https://tepali.com,B2B,Early,2,No,0,,,0,,,,
palus-finance,Palus Finance,Winter 2026,No evidence found,,,,,,,,,,,,,,,,,,Checked: no post-YC Form D matching the founders; no funding statement on website (6 pages) or YC page. LinkedIn/X/Crunchbase need a logged-in browser.,2026-09-30T19:56:09Z,,,,,,https://palus.finance,Fintech,Early,2,No,0,,,0,,,,
21st,21st,Winter 2026,No evidence found,,,,,,,,,,,,,,,,,,Checked: no post-YC Form D matching the founders; no funding statement on website (9 pages) or YC page. LinkedIn/X/Crunchbase need a logged-in browser.,2026-09-30T19:55:42Z,,,,,,https://21st.dev,B2B,Early,3,No,0,,,0,,,,
avoice,Avoice,Winter 2026,No evidence found,,,,,,,,,,,,,,,,,,Checked: no post-YC Form D matching the founders; no funding statement on website (4 pages) or YC page. LinkedIn/X/Crunchbase need a logged-in browser.,2026-09-30T19:55:37Z,,,,,,https://avoice.co/,B2B,Early,7,No,0,,,0,,,,
zerosettle,ZeroSettle,Winter 2026,No evidence found,,,,,,,,,,,,,,,,,,Checked: no post-YC Form D matching the founders; no funding statement on website (2 pages) or YC page. LinkedIn/X/Crunchbase need a logged-in browser.,2026-09-30T19:55:36Z,,,,,,https://zerosettle.io,Fintech,Early,2,No,0,,,0,,,,
devfast,/dev/fast,Winter 2026,No evidence found,,,,,,,,,,,,,,,,,,Checked: no post-YC Form D matching the founders; no funding statement on website (3 pages) or YC page. LinkedIn/X/Crunchbase need a logged-in browser.,2026-09-30T19:55:36Z,,,,,,https://dev.fast,B2B,Early,4,No,0,,,0,,,,
openspec,OpenSpec,Winter 2026,No evidence found,,,,,,,,,,,,,,,,,,Checked: no post-YC Form D matching the founders; no funding statement on website (3 pages) or YC page. LinkedIn/X/Crunchbase need a logged-in browser. National register for AU not checked.,2026-09-30T19:55:38Z,,,,,,http://openspec.dev,B2B,Early,,No,0,,,0,,,,
pirislabs,Piris Labs,Winter 2026,No evidence found,,,,,,,,,,,,,,,,,,Checked: no post-YC Form D matching the founders; no funding statement on website (10 pages) or YC page. LinkedIn/X/Crunchbase need a logged-in browser.,2026-09-30T19:55:36Z,,,,,,https://pirislabs.io/,B2B,Early,8,Yes,0,,,0,,,,
celltype,CellType,Winter 2026,No evidence found,,,,,,,,,,,,,,,,,,Checked: no post-YC Form D matching the founders; no funding statement on website (8 pages) or YC page. LinkedIn/X/Crunchbase need a logged-in browser.,2026-09-30T19:55:44Z,,,,,,https://www.celltype.com,Healthcare,Early,5,Yes,0,,,0,,,,
burt,Burt,Winter 2026,No evidence found,,,,,,,,,,,,,,,,,,Checked: no post-YC Form D matching the founders; no funding statement on website (1 pages) or YC page. LinkedIn/X/Crunchbase need a logged-in browser.,2026-09-30T19:55:40Z,,,,,,https://www.burthq.com/,B2B,Early,2,No,0,,,0,,,,
envariant,Envariant,Winter 2026,No evidence found,,,,,,,,,,,,,,,,,,Checked: no post-YC Form D matching the founders; no funding statement on website (10 pages) or YC page. LinkedIn/X/Crunchbase need a logged-in browser.,2026-09-30T19:55:40Z,,,,,,https://envariant.ai/,B2B,Early,1,No,0,,,0,,,,
cascade,Cascade,Winter 2026,No evidence found,,,,,,,,,,,,,,,,,,Checked: no post-YC Form D matching the founders; no funding statement on website (0 pages) or YC page. LinkedIn/X/Crunchbase need a logged-in browser.,2026-09-30T19:55:40Z,,,,,,https://runcascade.com/,,,,,0,,,0,,,,
beacon-health,Beacon Health,Winter 2026,No evidence found,,,,,,,,,,,,,,,,,,Checked: no post-YC Form D matching the founders; no funding statement on website (2 pages) or YC page. LinkedIn/X/Crunchbase need a logged-in browser.,2026-09-30T19:55:43Z,,,,,,https://www.beaconhealth.ai/,Healthcare,Early,2,No,0,,,0,,,,
strand-ai,Strand AI,Winter 2026,No evidence found,,,,,,,,,,,,,,,,,,Checked: no post-YC Form D matching the founders; no funding statement on website (3 pages) or YC page. LinkedIn/X/Crunchbase need a logged-in browser.,2026-09-30T19:55:43Z,,,,,,https://strandai.com,Healthcare,Early,2,No,0,,,0,,,,
baseframe,BaseFrame,Winter 2026,No evidence found,,,,,,,,,,,,,,,,,,Checked: no post-YC Form D matching the founders; no funding statement on website (0 pages) or YC page. LinkedIn/X/Crunchbase need a logged-in browser.,2026-09-30T19:55:42Z,,,,,,https://baseframe.co,B2B,Early,2,No,0,,,0,,,,
protent,Protent,Winter 2026,No evidence found,,,,,,,,,,,,,,,,,,Checked: no post-YC Form D matching the founders; no funding statement on website (9 pages) or YC page. LinkedIn/X/Crunchbase need a logged-in browser.,2026-09-30T19:56:07Z,,,,,,https://protent.ai,B2B,Early,2,No,0,,,0,,,,
cofia,Cofia,Winter 2026,No evidence found,,,,,,,,,,,,,,,,,,Checked: no post-YC Form D matching the founders; no funding statement on website (10 pages) or YC page. LinkedIn/X/Crunchbase need a logged-in browser.,2026-09-30T19:55:45Z,,,,,,https://cofia.ai,B2B,Early,3,No,0,,,0,,,,
legalos,LegalOS,Winter 2026,No evidence found,,,,,,,,,,,,,,,,,,Checked: no post-YC Form D matching the founders; no funding statement on website (6 pages) or YC page. LinkedIn/X/Crunchbase need a logged-in browser.,2026-09-30T19:55:47Z,,,,,,https://www.legalos.ai,B2B,Early,3,No,0,,,0,,,,
sentrial,Sentrial,Winter 2026,No evidence found,,,,,,,,,,,,,,,,,,Checked: no post-YC Form D matching the founders; no funding statement on website (7 pages) or YC page. LinkedIn/X/Crunchbase need a logged-in browser.,2026-09-30T19:56:42Z,,,,,,https://sentrial.com/,B2B,Early,2,No,0,,,0,,,,
10x-science,10x Science,Winter 2026,Yes,4800000,Seed,2026-04-22,['Initialized Capital'],2,company press release (PR Newswire),https://www.prnewswire.com/news-releases/10x-science-raises-4-8m-seed-to-build-ai-that-understands-proteins-at-the-molecular-level-302750622.html,today announced the closing of its $4.8M seed round led by Initialized Capital.,,,,,,,,,High,"Web search review: Participants: Y Combinator, Civilization Ventures, Founder Factor, angels. Founders (David Roberts, Andrew Reiter, Vishnu Tejus) match. TechCrunch also covered it on 2026-04-22. The Tracxn lead of $5.3M likely adds the YC money. Tracxn lead total $5,300,000; not confirmed by a higher-tier source. Checked: no post-YC Form D matching the founders; no funding statement on website (9 pages) or YC page. LinkedIn/X/Crunchbase need a logged-in browser.",2026-09-30T19:55:47Z,2026-04-22,4800000,company press release (PR Newswire),4800000,Yes,https://10xscience.com,B2B,Early,5,Yes,1,,,1,0,0,,Founding Engineer
rev1,REV1,Winter 2026,No evidence found,,,,,,,,,,,,,,,,,,Checked: no post-YC Form D matching the founders; no funding statement on website (1 pages) or YC page. LinkedIn/X/Crunchbase need a logged-in browser.,2026-09-30T19:55:48Z,,,,,,https://rev1.so,B2B,Early,2,No,0,,,0,,,,
shortkit,shortkit,Winter 2026,No evidence found,,,,,,,,,,,,,,,,,,Checked: no post-YC Form D matching the founders; no funding statement on website (3 pages) or YC page. LinkedIn/X/Crunchbase need a logged-in browser.,2026-09-30T19:55:49Z,,,,,,https://www.shortkit.dev,B2B,Early,2,No,0,,,0,,,,
asimov,Asimov,Winter 2026,No evidence found,,,,,,,,,,,,,,,,,,Checked: no post-YC Form D matching the founders; no funding statement on website (1 pages) or YC page. LinkedIn/X/Crunchbase need a logged-in browser.,2026-09-30T19:55:48Z,,,,,,https://tryasimov.ai/,Industrials,Early,3,Yes,0,,,0,,,,
lexius,Lexius,Winter 2026,No evidence found,,,,,,,,,,,,,,,,,,Checked: no post-YC Form D matching the founders; no funding statement on website (2 pages) or YC page. LinkedIn/X/Crunchbase need a logged-in browser.,2026-09-30T19:55:55Z,,,,,,https://www.lexius.ai,B2B,Early,3,No,0,,,0,,,,
axis-2,Axis,Winter 2026,No evidence found,,,,,,,,,,,,,,,,,,Checked: no post-YC Form D matching the founders; no funding statement on website (10 pages) or YC page. LinkedIn/X/Crunchbase need a logged-in browser.,2026-09-30T19:55:51Z,,,,,,https://axisanalysis.com,Fintech,Early,2,No,0,,,0,,,,
mirabelle,Mirabelle,Winter 2026,No evidence found,,,,,,,,,,,,,,,,,,Checked: no post-YC Form D matching the founders; no funding statement on website (1 pages) or YC page. LinkedIn/X/Crunchbase need a logged-in browser. National register for FR not checked.,2026-09-30T19:55:51Z,,,,,,https://meetmirabelle.com,Consumer,Early,2,No,0,,,0,,,,
docura-health,Docura Health,Winter 2026,No evidence found,,,,,,,,,,,,,,,,,,Checked: no post-YC Form D matching the founders; no funding statement on website (1 pages) or YC page. LinkedIn/X/Crunchbase need a logged-in browser.,2026-09-30T19:55:51Z,,,,,,https://docurahealth.com,Healthcare,Early,3,Yes,0,,,0,,,,
lance,Lance,Winter 2026,Yes,5000000,Seed,,,2,Company website,https://www.lance.live/news/announcing-our-seed-round,"Lance has raised $5M in seed funding to build AI agents that run hotel operations — backed by Y Combinator and SV Angel, with",,,,,,,,,High,Round date not stated on the source page; assumed post-YC because it is presented as current news. No matching post-YC Form D found.,2026-09-30T19:55:54Z,2026-04-28,5000000,https://www.lance.live/news/announcing-our-seed-round (date printed near the quote),5000000,Yes,https://www.lance.live,B2B,Early,10,Yes,6,ashby,6,6,3,0,,Member of Technical Staff; Product Engineer; Product Marketing Manager; Founding Product Designer (UI/UX); Account Executive; Forward Deployment Engineer
runanywhere,RunAnywhere,Winter 2026,No evidence found,,,,,,,,,0002092245,,,,,,,"RunAnywhere, Inc.",,pre yc Form D 0002092245-25-000001: sold 10000 first sale 2025-09-25 Checked: no post-YC Form D matching the founders; no funding statement on website (6 pages) or YC page. LinkedIn/X/Crunchbase need a logged-in browser.,2026-09-30T19:55:54Z,,,,,,https://www.runanywhere.ai/,B2B,Early,5,Yes,0,,,0,,,,
lucent,Lucent,Winter 2026,No evidence found,,,,,,,,,,,,,,,,,,"Manual review: $2M raise reported Oct 2025 (Women's Agenda), before the Winter 2026 batch, so pre-YC. No post-YC source found.",2026-09-30T19:56:06Z,,,,,,https://lucenthq.com,B2B,Early,2,No,0,,,0,,,,
ruma-care,Ruma Care,Winter 2026,No evidence found,,,,,,,,,,,,,,,,,,Checked: no post-YC Form D matching the founders; no funding statement on website (1 pages) or YC page. LinkedIn/X/Crunchbase need a logged-in browser.,2026-09-30T19:55:55Z,,,,,,https://rumacare.com,Healthcare,Early,5,Yes,0,,,0,,,,
klaus-ai,Klaus AI,Winter 2026,No evidence found,,,,,,,,,,,,,,,,,,Checked: no post-YC Form D matching the founders; no funding statement on website (1 pages) or YC page. LinkedIn/X/Crunchbase need a logged-in browser.,2026-09-30T19:55:55Z,,,,,,https://klausai.com,B2B,Early,2,No,0,,,0,,,,
kita,Kita,Winter 2026,Yes,4500000,,,BoxGroup.,2,Company website,https://www.kita.ai,News Kita raised $4.5M led by BoxGroup.,,,,,,,,,High,Round date not stated on the source page; assumed post-YC because it is presented as current news. No matching post-YC Form D found.,2026-09-30T19:55:57Z,,,,4500000,Yes,https://www.kita.ai/,Fintech,Early,3,No,0,,,0,0,0,https://www.kita.ai/careers,
quotient-labs,Quotient Labs,Winter 2026,No evidence found,,,,,,,,,,,,,,,,,,Checked: no post-YC Form D matching the founders; no funding statement on website (2 pages) or YC page. LinkedIn/X/Crunchbase need a logged-in browser.,2026-09-30T19:56:28Z,,,,,,https://quotientlabs.com,B2B,Early,2,No,0,,,0,,,,
one-robot,One Robot,Winter 2026,No evidence found,,,,,,,,,,,,,,,,,,Checked: no post-YC Form D matching the founders; no funding statement on website (1 pages) or YC page. LinkedIn/X/Crunchbase need a logged-in browser.,2026-09-30T19:56:19Z,,,,,,https://www.onerobot.io/,Industrials,Early,2,Yes,0,,,0,,,,
didit,Didit,Winter 2026,Yes,7500000,Seed,2026-05-26,,2,Company website,https://didit.me/blog/didit-7-5m-seed-infrastructure-identity-fraud/,"Didit Raises $7.5M Seed, Infrastructure for Identity and Fraud",,,,,,,,,High,No matching post-YC Form D found.,2026-09-30T19:56:09Z,2026-05-26,7500000,Company website,7500000,Yes,https://didit.me/,B2B,Early,16,No,0,,,0,0,0,,
panta,Panta,Winter 2026,Yes,5200000,Seed,,,2,Company website,https://pantainsure.com,& Manufacturing Skip to main content Company news Panta raises $5.2M seed round · Read the announcement .,,,,,,,,,High,Round date not stated on the source page; assumed post-YC because it is presented as current news. No matching post-YC Form D found.,2026-09-30T19:56:01Z,,,,5200000,Yes,https://pantainsure.com,Fintech,Early,3,No,0,,,0,0,0,,
payna,Payna,Winter 2026,No evidence found,,,,,,,,,,,,,,,,,,Checked: no post-YC Form D matching the founders; no funding statement on website (4 pages) or YC page. LinkedIn/X/Crunchbase need a logged-in browser.,2026-09-30T19:56:20Z,,,,,,https://payna.com/,B2B,Early,2,Yes,0,,,0,,,,
origin-bio,Origin,Winter 2026,No evidence found,,,,,,,,,,,,,,,,,,Checked: no post-YC Form D matching the founders; no funding statement on website (1 pages) or YC page. LinkedIn/X/Crunchbase need a logged-in browser.,2026-09-30T19:56:00Z,,,,,,https://origin.bio/,Healthcare,Early,8,Yes,0,,,0,,,,
hlabs,Hlabs,Winter 2026,No evidence found,,,,,,,,,,,,,,,,,,Checked: no post-YC Form D matching the founders; no funding statement on website (10 pages) or YC page. LinkedIn/X/Crunchbase need a logged-in browser.,2026-09-30T19:56:01Z,,,,,,https://www.hlaboratories.com,Industrials,Early,1,No,0,,,0,,,,
eos-ai,Eos AI,Winter 2026,No evidence found,,,,,,,,,,,,,,,,,,Checked: no post-YC Form D matching the founders; no funding statement on website (1 pages) or YC page. LinkedIn/X/Crunchbase need a logged-in browser.,2026-09-30T19:56:02Z,,,,,,https://www.helloeos.ai/,Healthcare,Early,2,No,0,,,0,,,,
valgo,Valgo,Winter 2026,No evidence found,,,,,,,,,,,,,,,,,,Checked: no post-YC Form D matching the founders; no funding statement on website (3 pages) or YC page. LinkedIn/X/Crunchbase need a logged-in browser.,2026-09-30T19:56:05Z,,,,,,https://valgo.ai,B2B,Early,3,No,0,,,0,,,,
arc-prize-foundation,ARC Prize Foundation,Winter 2026,No evidence found,,,,,,,,,,,,,,,,,,Checked: no post-YC Form D matching the founders; no funding statement on website (8 pages) or YC page. LinkedIn/X/Crunchbase need a logged-in browser.,2026-09-30T19:56:07Z,,,,,,https://arcprize.org/,Industrials,Early,4,No,0,,,0,,,,
corvera,Corvera,Winter 2026,Yes,6200000,,,,2,YC company/launch page,https://www.ycombinator.com/companies/corvera,"To date, we’ve raised $6.2M and are backed by YC, firstminute capital, 6 Degrees Capital, 20VC, Rebel Fund, Duke Capital Partners, and more.",,,,,,,,,High,Round date not stated on the source page; assumed post-YC because it is presented as current news. No matching post-YC Form D found.,2026-09-30T19:56:18Z,,,,6200000,Yes,https://corvera.ai/,B2B,Early,4,No,0,,,0,0,0,,
fullseam,FullSeam,Winter 2026,No evidence found,,,,,,,,,,,,,,,,,,Checked: no post-YC Form D matching the founders; no funding statement on website (3 pages) or YC page. LinkedIn/X/Crunchbase need a logged-in browser.,2026-09-30T19:56:26Z,,,,,,https://fullseam.com,B2B,Early,3,No,0,,,0,,,,
catchback-cards,CatchBack Cards,Winter 2026,Yes,7800000,Seed,2026-09-20,Foundation Capital,4,press article (The SaaS News),https://www.thesaasnews.com/news/catchback-raises-7-8m-seed/,"CatchBack raises $7.8M seed round led by Foundation Capital to expand its collectibles trading platform, infrastructure, and consumer experience.",,,,,,,,,Medium,"Web search review: Participants: Y Combinator, Robinhood Ventures, Coinbase Ventures, Solana Foundation. Search snippets (KuCoin) identify CEO Joseph Zhang and YC W26. Tracxn $8.3M ~ $7.8M + YC. Tracxn lead total $8,300,000; not confirmed by a higher-tier source. Checked: no post-YC Form D matching the founders; no funding statement on website (3 pages) or YC page. LinkedIn/X/Crunchbase need a logged-in browser.",2026-09-30T19:56:49Z,2026-09-20,7800000,press article (The SaaS News),7800000,Yes,https://catchbackcards.com,Consumer,Early,7,Yes,6,,,6,0,0,https://catchbackcards.com/careers,"GTM; Growth Intern (Fall, Winter cycles); Video Producer (TCG, Motion graphics, Clipping); Lead Creator & Social Media Manager; 3D Modeler; Software Engineer"
mantis,Mantis,Winter 2026,Yes,4824999,Equity (per Form D; stage not stated),2025-11-17,,1,SEC Form D,https://www.sec.gov/Archives/edgar/data/2099347/000209934725000001/primary_doc.xml,totalAmountSold: 4824999; totalOfferingAmount: 5500000; dateOfFirstSale: 2025-11-17,0002099347,0002099347-25-000001,4824999,5500000,2025-11-17,Equity,5,Mantis Biotechnology Corp,High,"First sale is close to batch start, so the Form D total may include YC's $500K.",2026-09-30T19:56:10Z,2025-11-17,4824999,SEC Form D 0002099347-25-000001,4824999,Yes,https://mantisbiotech.com/,B2B,Early,3,No,0,greenhouse,6,6,0,0,," Acquisition, Production and Development Coordinator ; Acquisition, Production and Development Coordinator;  Acquisition, Production and Development Coordinator (TEST); Don't see what you're looking for?; Recruiting Lead, Acquisition & Distribution; Talent Acquisition Manager"
haladir,Haladir,Winter 2026,Yes,4300000,Seed,,,2,Company website,https://www.haladir.com/blog,"April 29, 2026 Announcing our $4.3M-to-date Seed Round to Build Operational Superintelligence Read .",,,,,,,,,High,Round date not stated on the source page; assumed post-YC because it is presented as current news. No matching post-YC Form D found.,2026-09-30T19:56:12Z,2026-04-29,4300000,https://www.haladir.com/blog (date printed near the quote),4300000,Yes,https://www.haladir.com/,B2B,Early,4,No,0,,,0,0,0,,
claimglide,ClaimGlide,Winter 2026,No evidence found,,,,,,,,,,,,,,,,,,Checked: no post-YC Form D matching the founders; no funding statement on website (4 pages) or YC page. LinkedIn/X/Crunchbase need a logged-in browser.,2026-09-30T19:56:13Z,,,,,,https://claimglide.com/,Healthcare,Early,1,No,0,,,0,,,,
inviscid-ai,Inviscid AI,Winter 2026,No evidence found,,,,,,,,,,,,,,,,,,Checked: no post-YC Form D matching the founders; no funding statement on website (1 pages) or YC page. LinkedIn/X/Crunchbase need a logged-in browser. National register for SG not checked.,2026-09-30T19:56:16Z,,,,,,https://inviscidai.com/,Industrials,Early,2,No,0,,,0,,,,
ndea-com,Ndea,Winter 2026,No evidence found,,,,,,,,,,,,,,,,,,Checked: no post-YC Form D matching the founders; no funding statement on website (2 pages) or YC page. LinkedIn/X/Crunchbase need a logged-in browser.,2026-09-30T19:56:12Z,,,,,,https://ndea.com,Industrials,Early,15,No,0,,,0,,,,
crosslayer-labs,Crosslayer Labs,Winter 2026,No evidence found,,,,,,,,,,,,,,,,,,Checked: no post-YC Form D matching the founders; no funding statement on website (3 pages) or YC page. LinkedIn/X/Crunchbase need a logged-in browser.,2026-09-30T19:56:14Z,,,,,,https://www.crosslayerlabs.com/,B2B,Early,3,No,0,,,0,,,,
voltair,Voltair,Winter 2026,No evidence found,,,,,,,,,,,,,,,,,,Checked: no post-YC Form D matching the founders; no funding statement on website (1 pages) or YC page. LinkedIn/X/Crunchbase need a logged-in browser.,2026-09-30T19:56:18Z,,,,,,https://voltairlabs.com/,Industrials,Early,5,Yes,0,,,0,,,,
vector-legal,Vector Legal,Winter 2026,Yes,5190000,Seed,2026-07-30,Base10 Partners,4,press (The SaaS News),https://www.thesaasnews.com/news/vector-legal-raises-5-19m-seed/,Vector Legal raises $5.19 million in a seed round,,,,,,,,,Medium,"Web search review: Page says 'led by Base 10 Partners' with YC and angel Chris Smoak participating. Founders Mitch Duncombe and Keenan Venuti match. Tracxn's $5.69M = $5.19M + YC $500K. No company-blog post found. Tracxn lead total $5,690,000; not confirmed by a higher-tier source. Checked: no post-YC Form D matching the founders; no funding statement on website (9 pages) or YC page. LinkedIn/X/Crunchbase need a logged-in browser.",2026-09-30T19:56:24Z,2026-07-30,5190000,press (The SaaS News),5190000,Yes,https://vectorlegal.com,B2B,Early,7,Yes,7,,,7,0,0,https://www.vectorlegal.com/careers,Founding AI Engineer; Founding Engineer; Senior Corporate Counsel; Founding GTM Manager & Head of Partnerships; Senior Commercial Counsel; Junior Commercial Counsel; ECVC Associate
generalastro,General Astronautics,Winter 2026,No evidence found,,,,,,,,,,,,,,,,,,Checked: no post-YC Form D matching the founders; no funding statement on website (1 pages) or YC page. LinkedIn/X/Crunchbase need a logged-in browser.,2026-09-30T19:56:18Z,,,,,,https://generalastro.com/,Industrials,Early,2,Yes,0,,,0,,,,
oxus,Oxus,Winter 2026,No evidence found,,,,,,,,,,,,,,,,,,Checked: no post-YC Form D matching the founders; no funding statement on website (3 pages) or YC page. LinkedIn/X/Crunchbase need a logged-in browser.,2026-09-30T19:56:20Z,,,,,,https://oxus-ai.com/,B2B,Early,3,Yes,0,,,0,,,,
captain,Captain,Winter 2026,No evidence found,,,,,,,,,,,,,,,,,,Checked: no post-YC Form D matching the founders; no funding statement on website (3 pages) or YC page. LinkedIn/X/Crunchbase need a logged-in browser.,2026-09-30T19:56:22Z,,,,,,https://captain.dev,B2B,Early,2,No,0,,,0,,,,
agentic-fabriq,Agentic Fabriq,Winter 2026,No evidence found,,,,,,,,,,,,,,,,,,Checked: no post-YC Form D matching the founders; no funding statement on website (3 pages) or YC page. LinkedIn/X/Crunchbase need a logged-in browser.,2026-09-30T19:56:22Z,,,,,,https://www.agenticfabriq.com,B2B,Early,2,No,0,,,0,,,,
travo,Travo,Winter 2026,No evidence found,,,,,,,,,,,,,,,,,,Checked: no post-YC Form D matching the founders; no funding statement on website (2 pages) or YC page. LinkedIn/X/Crunchbase need a logged-in browser.,2026-09-30T19:56:43Z,,,,,,https://www.travoai.com/,Real Estate and Construction,Early,4,No,0,,,0,,,,
velum-labs,Velum Labs,Winter 2026,No evidence found,,,,,,,,,,,,,,,,,,Checked: no post-YC Form D matching the founders; no funding statement on website (1 pages) or YC page. LinkedIn/X/Crunchbase need a logged-in browser.,2026-09-30T19:57:05Z,,,,,,https://www.velum-labs.com/,B2B,Early,2,No,0,,,0,,,,
alt-x,Alt-X,Winter 2026,No evidence found,,,,,,,,,,,,,,,,,,Checked: no post-YC Form D matching the founders; no funding statement on website (8 pages) or YC page. LinkedIn/X/Crunchbase need a logged-in browser.,2026-09-30T19:56:57Z,,,,,,https://alt-x.co,Fintech,Early,2,No,0,,,0,,,,
button-computer,Button Computer,Winter 2026,No evidence found,,,,,,,,,,,,,,,,,,Checked: no post-YC Form D matching the founders; no funding statement on website (1 pages) or YC page. LinkedIn/X/Crunchbase need a logged-in browser.,2026-09-30T19:56:25Z,,,,,,https://buttoncomputer.com,B2B,Early,1,No,0,,,0,,,,
pollen,Pollen,Winter 2026,No evidence found,,,,,,,,,,,,,,,,,,Checked: no post-YC Form D matching the founders; no funding statement on website (5 pages) or YC page. LinkedIn/X/Crunchbase need a logged-in browser.,2026-09-30T19:57:17Z,,,,,,https://www.pollen.cx/,B2B,Early,3,No,0,,,0,,,,
autumn-ai,Autumn AI,Winter 2026,No evidence found,,,,,,,,,,,,,,,,,,Checked: no post-YC Form D matching the founders; no funding statement on website (1 pages) or YC page. LinkedIn/X/Crunchbase need a logged-in browser.,2026-09-30T19:56:47Z,,,,,,https://autumn.ai,B2B,Early,2,No,0,,,0,,,,
overdrive-health,Overdrive Health,Winter 2026,No evidence found,,,,,,,,,,,,,,,,,,Checked: no post-YC Form D matching the founders; no funding statement on website (1 pages) or YC page. LinkedIn/X/Crunchbase need a logged-in browser.,2026-09-30T19:57:14Z,,,,,,https://overdrive.health,Healthcare,Early,1,No,0,,,0,,,,
signals,Signals,Winter 2026,No evidence found,,,,,,,,,,,,,,,,,,Checked: no post-YC Form D matching the founders; no funding statement on website (4 pages) or YC page. LinkedIn/X/Crunchbase need a logged-in browser.,2026-09-30T19:56:29Z,,,,,,https://www.returnsignals.com,B2B,Early,2,No,0,,,0,,,,
galactic-resource-utilization-space-inc-gru-space,"Galactic Resource Utilization Space, Inc. (GRU Space)",Winter 2026,No evidence found,,,,,,,,,,,,,,,,,,Checked: no post-YC Form D matching the founders; no funding statement on website (4 pages) or YC page. LinkedIn/X/Crunchbase need a logged-in browser.,2026-09-30T19:56:32Z,,,,,,https://gru.space,Industrials,Early,5,Yes,0,,,0,,,,
bidflow,Bidflow,Winter 2026,No evidence found,,,,,,,,,,,,,,,,,,Checked: no post-YC Form D matching the founders; no funding statement on website (1 pages) or YC page. LinkedIn/X/Crunchbase need a logged-in browser.,2026-09-30T19:56:49Z,,,,,,https://usebidflow.com,Real Estate and Construction,Early,2,No,0,,,0,,,,
menza,Menza,Winter 2026,No evidence found,,,,,,,,,,,,,,,,,,Checked: no post-YC Form D matching the founders; no funding statement on website (0 pages) or YC page. LinkedIn/X/Crunchbase need a logged-in browser.,2026-09-30T19:56:31Z,,,,,,https://menza.ai/,B2B,Early,3,No,0,,,0,,,,
mendral,Mendral,Winter 2026,No evidence found,,,,,,,,,,,,,,,,,,Checked: no post-YC Form D matching the founders; no funding statement on website (8 pages) or YC page. LinkedIn/X/Crunchbase need a logged-in browser.,2026-09-30T19:56:34Z,,,,,,https://mendral.com/,B2B,Early,2,No,0,,,0,,,,
q2q,Q2Q,Winter 2026,No evidence found,,,,,,,,,,,,,,,,,,Checked: no post-YC Form D matching the founders; no funding statement on website (2 pages) or YC page. LinkedIn/X/Crunchbase need a logged-in browser.,2026-09-30T19:56:35Z,,,,,,https://www.tryq2q.com/,B2B,Early,2,No,0,,,0,,,,
kyten-technologies,Kyten Technologies,Winter 2026,No evidence found,,,,,,,,,,,,,,,,,,Checked: no post-YC Form D matching the founders; no funding statement on website (0 pages) or YC page. LinkedIn/X/Crunchbase need a logged-in browser.,2026-09-30T19:56:37Z,,,,,,https://kytentech.com,Industrials,Early,2,No,0,,,0,,,,
zephyr-fusion,Zephyr Fusion,Fall 2025,No evidence found,,,,,,,,,,,,,,,,,,Checked: no post-YC Form D matching the founders; no funding statement on website (1 pages) or YC page. LinkedIn/X/Crunchbase need a logged-in browser.,2026-09-30T19:56:41Z,,,,,,https://www.zephyrfusion.com,Industrials,Early,2,No,0,,,0,,,,
mayflower,Mayflower,Fall 2025,No evidence found,,,,,,,,,,,,,,,,,,Checked: no post-YC Form D matching the founders; no funding statement on website (1 pages) or YC page. LinkedIn/X/Crunchbase need a logged-in browser.,2026-09-30T19:56:58Z,,,,,,https://mayflowervisa.com,Government,Early,2,No,0,,,0,,,,
item,item,Fall 2025,No evidence found,,,,,,,,,,,,,,,,,,Checked: no post-YC Form D matching the founders; no funding statement on website (1 pages) or YC page. LinkedIn/X/Crunchbase need a logged-in browser.,2026-09-30T19:57:03Z,,,,,,https://item.app,B2B,Early,6,Yes,0,,,0,,,,
rivet-design,Rivet,Fall 2025,No evidence found,,,,,,,,,,,,,,,,,,Checked: no post-YC Form D matching the founders; no funding statement on website (10 pages) or YC page. LinkedIn/X/Crunchbase need a logged-in browser.,2026-09-30T19:56:46Z,,,,,,https://rivet.design/,B2B,Early,,No,0,,,0,,,,
openroll,Openroll,Fall 2025,No evidence found,,,,,,,,,,,,,,,,,,Checked: no post-YC Form D matching the founders; no funding statement on website (3 pages) or YC page. LinkedIn/X/Crunchbase need a logged-in browser. National register for SE not checked.,2026-09-30T19:56:46Z,,,,,,https://www.openroll.com,B2B,Early,4,No,0,,,0,,,,
amika,Amika,Fall 2025,No evidence found,,,,,,,,,,,,,,,,,,Checked: no post-YC Form D matching the founders; no funding statement on website (3 pages) or YC page. LinkedIn/X/Crunchbase need a logged-in browser.,2026-09-30T19:56:47Z,,,,,,https://www.amika.dev/,B2B,Early,2,No,0,,,0,,,,
specific-labs,Specific Labs,Fall 2025,No evidence found,,,,,,,,,,,,,,,,,,Checked: no post-YC Form D matching the founders; no funding statement on website (2 pages) or YC page. LinkedIn/X/Crunchbase need a logged-in browser.,2026-09-30T19:56:49Z,,,,,,https://withspecific.com,B2B,Early,6,No,0,,,0,,,,
moss,Moss,Fall 2025,No evidence found,,,,,,,,,,,,,,,,,,Checked: no post-YC Form D matching the founders; no funding statement on website (3 pages) or YC page. LinkedIn/X/Crunchbase need a logged-in browser.,2026-09-30T19:56:54Z,,,,,,https://moss.dev,B2B,Early,5,Yes,0,,,0,,,,
zarna,Zarna,Fall 2025,No evidence found,,,,,,,,,,,,,,,,,,Checked: no post-YC Form D matching the founders; no funding statement on website (5 pages) or YC page. LinkedIn/X/Crunchbase need a logged-in browser.,2026-09-30T19:56:52Z,,,,,,https://www.zarnaai.com/,B2B,Early,4,Yes,0,,,0,,,,
markit,MarkIt,Fall 2025,No evidence found,,,,,,,,,,,,,,,,,,Checked: no post-YC Form D matching the founders; no funding statement on website (1 pages) or YC page. LinkedIn/X/Crunchbase need a logged-in browser.,2026-09-30T19:56:55Z,,,,,,https://markittrade.com,B2B,Early,4,No,0,,,0,,,,
clicks-health,Clicks Health,Fall 2025,No evidence found,,,,,,,,,,,,,,,,,,Checked: no post-YC Form D matching the founders; no funding statement on website (6 pages) or YC page. LinkedIn/X/Crunchbase need a logged-in browser.,2026-09-30T19:56:53Z,,,,,,https://www.goclicks.ai/,B2B,Early,8,Yes,0,,,0,,,,
fastshot,Fastshot,Fall 2025,No evidence found,,,,,,,,,,,,,,,,,,Checked: no post-YC Form D matching the founders; no funding statement on website (15 pages) or YC page. LinkedIn/X/Crunchbase need a logged-in browser. National register for GR not checked.,2026-09-30T19:57:02Z,,,,,,https://www.fastshot.ai/,B2B,Early,3,No,0,,,0,,,,
antigen,Antigen,Fall 2025,No evidence found,,,,,,,,,,,,,,,,,,Checked: no post-YC Form D matching the founders; no funding statement on website (6 pages) or YC page. LinkedIn/X/Crunchbase need a logged-in browser.,2026-09-30T19:56:55Z,,,,,,https://antigen.sh/,B2B,Early,5,Yes,0,,,0,,,,
lunabill,LunaBill,Fall 2025,No evidence found,,,,,,,,,,,,,,,,,,Checked: no post-YC Form D matching the founders; no funding statement on website (4 pages) or YC page. LinkedIn/X/Crunchbase need a logged-in browser.,2026-09-30T19:57:01Z,,,,,,https://lunabill.com/,Healthcare,Early,4,No,0,,,0,,,,
axial,Axial,Fall 2025,No evidence found,,,,,,,,,,,,,,,,,,Checked: no post-YC Form D matching the founders; no funding statement on website (1 pages) or YC page. LinkedIn/X/Crunchbase need a logged-in browser.,2026-09-30T19:56:57Z,,,,,,https://axialcompute.com,Industrials,Early,1,No,0,,,0,,,,
velvet,Velvet,Fall 2025,No evidence found,,,,,,,,,,,,,,,,,,Checked: no post-YC Form D matching the founders; no funding statement on website (1 pages) or YC page. LinkedIn/X/Crunchbase need a logged-in browser.,2026-09-30T19:57:09Z,,,,,,https://velvetlab.ai,B2B,Early,3,No,0,,,0,,,,
diligencesquared-inc,DiligenceSquared,Fall 2025,Yes,5405000,OptionToAcquire (per Form D; stage not stated),2025-10-08,,1,SEC Form D,https://www.sec.gov/Archives/edgar/data/2100275/000210027525000001/primary_doc.xml,totalAmountSold: 5405000; totalOfferingAmount: 5500000; dateOfFirstSale: 2025-10-08,0002100275,0002100275-25-000001,5405000,5500000,2025-10-08,OptionToAcquire,15,DiligenceSquared Inc.,High,"First sale is close to batch start, so the Form D total may include YC's $500K.",2026-09-30T19:57:33Z,2025-10-08,5405000,SEC Form D 0002100275-25-000001,5405000,Yes,https://diligencesquared.com/,B2B,Early,3,Yes,11,ashby,8,11,3,0,https://www.diligencesquared.com/careers,Engineer - Fullstack; Engineer - Frontend; Engineer - Backend; Business Lead; Marketing Lead; Head of GTM; Senior Account Executive; GTM Associate
amera,Amera,Fall 2025,No evidence found,,,,,,,,,,,,,,,,,,Checked: no post-YC Form D matching the founders; no funding statement on website (7 pages) or YC page. LinkedIn/X/Crunchbase need a logged-in browser.,2026-09-30T19:57:03Z,,,,,,https://amerahealthsolutions.com/,Fintech,Early,12,No,0,,,0,,,,
forge-robotics,Forge Robotics,Fall 2025,No evidence found,,,,,,,,,,,,,,,,,,Checked: no post-YC Form D matching the founders; no funding statement on website (2 pages) or YC page. LinkedIn/X/Crunchbase need a logged-in browser.,2026-09-30T19:57:02Z,,,,,,https://forge-robotics.com,Industrials,Early,1,No,0,,,0,,,,
bluma,Bluma,Fall 2025,No evidence found,,,,,,,,,,,,,,,,,,Checked: no post-YC Form D matching the founders; no funding statement on website (10 pages) or YC page. LinkedIn/X/Crunchbase need a logged-in browser.,2026-09-30T19:57:02Z,,,,,,https://www.getbluma.com,B2B,Early,2,No,0,,,0,,,,
lightberry,Lightberry,Fall 2025,No evidence found,,,,,,,,,,,,,,,,,,Checked: no post-YC Form D matching the founders; no funding statement on website (2 pages) or YC page. LinkedIn/X/Crunchbase need a logged-in browser.,2026-09-30T19:57:02Z,,,,,,https://lightberry.com,Industrials,Early,3,Yes,0,,,0,,,,
the-hog,The Hog,Fall 2025,No evidence found,,,,,,,,,,,,,,,,,,Checked: no post-YC Form D matching the founders; no funding statement on website (4 pages) or YC page. LinkedIn/X/Crunchbase need a logged-in browser.,2026-09-30T19:57:05Z,,,,,,https://thehog.ai/,B2B,Early,2,Yes,0,,,0,,,,
layers,Layers,Fall 2025,No evidence found,,,,,,,,,,,,,,,,,,Checked: no post-YC Form D matching the founders; no funding statement on website (1 pages) or YC page. LinkedIn/X/Crunchbase need a logged-in browser.,2026-09-30T19:57:06Z,,,,,,https://www.layers.bio/,Healthcare,Early,2,Yes,0,,,0,,,,
boom-ai,Boom AI,Fall 2025,No evidence found,,,,,,,,,,,,,,,,,,Checked: no post-YC Form D matching the founders; no funding statement on website (3 pages) or YC page. LinkedIn/X/Crunchbase need a logged-in browser. National register for MX not checked.,2026-09-30T19:57:29Z,,,,,,https://useboom.ai,B2B,Early,3,No,0,,,0,,,,
freeport-markets,Freeport Markets,Fall 2025,No evidence found,,,,,,,,,,,,,,,,,,Checked: no post-YC Form D matching the founders; no funding statement on website (1 pages) or YC page. LinkedIn/X/Crunchbase need a logged-in browser.,2026-09-30T19:57:38Z,,,,,,https://www.freeportmarkets.com/,Fintech,Early,3,No,0,,,0,,,,
miniswap,Miniswap,Fall 2025,Yes,3500000,Seed,2025-12-16,,4,press article (TechFundingNews),https://techfundingnews.com/miniswap-the-non-ai-yc-startup-that-just-raised-3-5m/,The Cambridge University roommates-turned-cofounders have raised $3.5 million to build Miniswap,,,,,,,,,Medium,"Web search review: Founders Will Hanna and Zak Singh match. Article doesn't name investors; aggregators (Seedtable) list YC as lead, unverified. StartupMag reports it as GBP 2.6m. Unclear if YC $500K is included. Dec 2025 is after F25 start (Sep 2025). Tracxn lead total $3,500,000; not confirmed by a higher-tier source. Checked: no post-YC Form D matching the founders; no funding statement on website (3 pages) or YC page. LinkedIn/X/Crunchbase need a logged-in browser.",2026-09-30T19:57:08Z,2025-12-16,3500000,press article (TechFundingNews),3500000,Yes,https://miniswap.gg/,Consumer,Early,2,No,0,,,0,0,0,,
rovi-health,Rovi Health,Fall 2025,No evidence found,,,,,,,,,,,,,,,,,,Checked: no post-YC Form D matching the founders; no funding statement on website (2 pages) or YC page. LinkedIn/X/Crunchbase need a logged-in browser.,2026-09-30T19:57:07Z,,,,,,https://www.rovi.health,Healthcare,Early,3,Yes,0,,,0,,,,
madethis,MadeThis,Fall 2025,No evidence found,,,,,,,,,,,,,,,,,,Checked: no post-YC Form D matching the founders; no funding statement on website (3 pages) or YC page. LinkedIn/X/Crunchbase need a logged-in browser.,2026-09-30T19:57:11Z,,,,,,https://madethis.com,B2B,Early,3,Yes,0,,,0,,,,
jarmin,Jarmin,Fall 2025,No evidence found,,,,,,,,,,,,,,,,,,Checked: no post-YC Form D matching the founders; no funding statement on website (5 pages) or YC page. LinkedIn/X/Crunchbase need a logged-in browser.,2026-09-30T19:57:20Z,,,,,,https://jarmin.ai/,B2B,Early,5,Yes,0,,,0,,,,
exonic,Exonic,Fall 2025,No evidence found,,,,,,,,,,,,,,,,,,Checked: no post-YC Form D matching the founders; no funding statement on website (10 pages) or YC page. LinkedIn/X/Crunchbase need a logged-in browser.,2026-09-30T19:57:12Z,,,,,,https://exonic.ai,Healthcare,Early,3,Yes,0,,,0,,,,
uselemma,Lemma,Fall 2025,No evidence found,,,,,,,,,,,,,,,,,,Checked: no post-YC Form D matching the founders; no funding statement on website (4 pages) or YC page. LinkedIn/X/Crunchbase need a logged-in browser.,2026-09-30T19:57:11Z,,,,,,https://www.uselemma.ai/,B2B,Early,2,Yes,0,,,0,,,,
perseus,Perseus,Fall 2025,No evidence found,,,,,,,,,,,,,,,,,,Checked: no post-YC Form D matching the founders; no funding statement on website (5 pages) or YC page. LinkedIn/X/Crunchbase need a logged-in browser. National register for IN not checked.,2026-09-30T19:57:12Z,,,,,,https://perseus.computer,B2B,Early,4,No,0,,,0,,,,
karumi,Karumi,Fall 2025,No evidence found,,,,,,,,,,,,,,,,,,Checked: no post-YC Form D matching the founders; no funding statement on website (4 pages) or YC page. LinkedIn/X/Crunchbase need a logged-in browser.,2026-09-30T19:57:16Z,,,,,,https://www.karumi.ai/,B2B,Early,6,Yes,0,,,0,,,,
icarus,Icarus,Fall 2025,No evidence found,,,,,,,,,,,,,,,,,,Checked: no post-YC Form D matching the founders; no funding statement on website (2 pages) or YC page. LinkedIn/X/Crunchbase need a logged-in browser.,2026-09-30T19:57:14Z,,,,,,https://www.icarus.one/,Industrials,Early,50,Yes,0,,,0,,,,
savahq,Sava,Fall 2025,No evidence found,,,,,,,,,,,,,,,,,,Checked: no post-YC Form D matching the founders; no funding statement on website (1 pages) or YC page. LinkedIn/X/Crunchbase need a logged-in browser.,2026-09-30T19:57:14Z,,,,,,https://www.savahq.com,Fintech,Early,7,Yes,0,,,0,,,,
denki,Denki,Fall 2025,Yes,4100000,Seed,2026-03-05,"['Base10 Partners', 'Shine Capital']",4,press article (Crunchbase News exclusive),https://news.crunchbase.com/venture/yc-backed-denki-raise-financial-audit-automation-ai/,"Base10 Partners and Shine Capital co-led the raise, which included participation from Y Combinator, 20VC and others",,,,,,,,,Medium,"Web search review: $4.1M, published 2026-03-05. Founders Felipe and David Jin Li match. FinSMEs calls it a seed. The Tracxn lead of $4.6M likely adds the YC money. Tracxn lead total $4,600,000; not confirmed by a higher-tier source. Checked: no post-YC Form D matching the founders; no funding statement on website (3 pages) or YC page. LinkedIn/X/Crunchbase need a logged-in browser.",2026-09-30T19:57:16Z,2026-03-05,4100000,press article (Crunchbase News exclusive),4100000,Yes,https://denki.ai,B2B,Early,4,No,0,,,0,0,0,https://denki.ai/careers,
metorial,Metorial,Fall 2025,No evidence found,,,,,,,,,,,,,,,,,,Checked: no post-YC Form D matching the founders; no funding statement on website (6 pages) or YC page. LinkedIn/X/Crunchbase need a logged-in browser. National register for AT not checked.,2026-09-30T19:57:17Z,,,,,,https://metorial.com,B2B,Early,4,Yes,0,,,0,,,,
kalpa-labs,Kalpa Labs,Fall 2025,No evidence found,,,,,,,,,,,,,,,,,,Checked: no post-YC Form D matching the founders; no funding statement on website (1 pages) or YC page. LinkedIn/X/Crunchbase need a logged-in browser.,2026-09-30T19:57:18Z,,,,,,https://kalpalabs.ai/,B2B,Early,2,Yes,0,,,0,,,,
absurd,Absurd,Fall 2025,No evidence found,,,,,,,,,,,,,,,,,,Checked: no post-YC Form D matching the founders; no funding statement on website (2 pages) or YC page. LinkedIn/X/Crunchbase need a logged-in browser.,2026-09-30T19:57:47Z,,,,,,https://absurd.com/,B2B,Early,6,No,0,,,0,,,,
clad-labs,Clad Labs,Fall 2025,No evidence found,,,,,,,,,,,,,,,,,,Checked: no post-YC Form D matching the founders; no funding statement on website (6 pages) or YC page. LinkedIn/X/Crunchbase need a logged-in browser.,2026-09-30T19:58:27Z,,,,,,https://useclad.ai,B2B,Early,2,No,0,,,0,,,,
automax-ai,Automax.ai,Fall 2025,No evidence found,,,,,,,,,,,,,,,,,,Checked: no post-YC Form D matching the founders; no funding statement on website (4 pages) or YC page. LinkedIn/X/Crunchbase need a logged-in browser.,2026-09-30T19:57:29Z,,,,,,https://automax.ai,Real Estate and Construction,Early,4,No,0,,,0,,,,
specific,Specific,Fall 2025,No evidence found,,,,,,,,,,,,,,,,,,Checked: no post-YC Form D matching the founders; no funding statement on website (5 pages) or YC page. LinkedIn/X/Crunchbase need a logged-in browser. National register for SE not checked.,2026-09-30T19:57:20Z,,,,,,https://specific.dev,B2B,Early,2,No,0,,,0,,,,
relaw,Relaw,Fall 2025,No evidence found,,,,,,,,,,,,,,,,,,Checked: no post-YC Form D matching the founders; no funding statement on website (5 pages) or YC page. LinkedIn/X/Crunchbase need a logged-in browser.,2026-09-30T19:57:41Z,,,,,,https://www.relaw.ai,B2B,Early,2,No,0,,,0,,,,
usenarrative,Narrative,Fall 2025,No evidence found,,,,,,,,,,,,,,,,,,Checked: no post-YC Form D matching the founders; no funding statement on website (2 pages) or YC page. LinkedIn/X/Crunchbase need a logged-in browser.,2026-09-30T19:58:06Z,,,,,,http://www.usenarrative.ai,Consumer,Early,3,No,0,,,0,,,,
crunched,Crunched,Fall 2025,Yes,6000000,Seed,2026-01-21,First Round Capital,4,press article (MAinsights),https://www.mainsights.io/ma-news/norwegian-ai-startup-crunched-raises-nok-66m-in-seed-funding,raised USD 6m (NOK 66m) in seed funding,,,,,,,,,Medium,"Web search review: Also YC, 20VC, Liquid 2 Ventures, SV Angel. Article date is 2026-01-21. Norwegian Excel-AI startup founded by ex-McKinsey consultants, matches Oslo company. The company blog (usecrunched.com/blog/seed-round) exists but its content did not render, so it is not quoted. Tracxn lead total $6,500,000; not confirmed by a higher-tier source. Checked: no post-YC Form D matching the founders; no funding statement on website (10 pages) or YC page. LinkedIn/X/Crunchbase need a logged-in browser. National register for NO not checked.",2026-09-30T19:57:24Z,2026-01-21,6000000,press article (MAinsights),6000000,Yes,https://usecrunched.com/,B2B,Early,5,No,0,,,0,0,0,,
lua-global-inc,Lua Global Inc,Fall 2025,Yes,5800000,Seed,2026-04-16,Norrsken22,2,company blog,https://blog.heylua.ai/lua-raises-5-8m-to-help-build-operating-system-for-human-and-agent-collaboration/,announced today it has secured $5.8M in funding led by Norrsken22.,,,,,,,,,High,"Web search review: Founders Lorcan O'Cathain and Stefan Kruger match. Also on GlobeNewswire; one outlet reports it as EUR 4.9M. Other investors: Flourish, Twenty Two Ventures, Enza, Phosphor, YC. Tracxn's $6.3M = $5.8M + YC $500K. Batch F25. Tracxn lead total $6,300,000; not confirmed by a higher-tier source. Checked: no post-YC Form D matching the founders; no funding statement on website (2 pages) or YC page. LinkedIn/X/Crunchbase need a logged-in browser.",2026-09-30T19:57:26Z,2026-04-16,5800000,company blog,5800000,Yes,https://heylua.ai/,B2B,Early,5,Yes,1,ashby,0,1,0,0,https://heylua.ai/careers,Solutions Architect
philon,Philon,Fall 2025,No evidence found,,,,,,,,,,,,,,,,,,Checked: no post-YC Form D matching the founders; no funding statement on website (10 pages) or YC page. LinkedIn/X/Crunchbase need a logged-in browser.,2026-09-30T19:57:24Z,,,,,,https://philon.ai/,Industrials,Early,,No,0,,,0,,,,
sourcebot,Sourcebot,Fall 2025,No evidence found,,,,,,,,,,,,,,,,,,Checked: no post-YC Form D matching the founders; no funding statement on website (3 pages) or YC page. LinkedIn/X/Crunchbase need a logged-in browser.,2026-09-30T19:57:24Z,,,,,,https://www.sourcebot.dev/,B2B,Early,3,Yes,0,,,0,,,,
zalos,Zalos,Fall 2025,Yes,3600000,,2026-03-24,,4,Press (linked from YC company page),https://www.forbes.com/sites/ilonalimonta-volkova/2026/03/24/zalos-raises-36m-to-bring-computer-agents-to-the-cfos-office/,Zalos Raises $3.6M To Bring Computer Agents To The CFO's Office,,,,,,,,,Medium,No matching post-YC Form D found. Companies House ZALOS AI LTD (16202720): no SH01 allotments listed.,2026-09-30T19:57:28Z,2026-03-24,3600000,Press (linked from YC company page),3600000,Yes,https://www.zalos.ai/,B2B,Early,10,Yes,2,,,2,0,0,https://www.zalos.ai/careers,Founding Product Engineer; Senior AI Engineer
aside,Aside,Fall 2025,No evidence found,,,,,,,,,,,,,,,,,,Checked: no post-YC Form D matching the founders; no funding statement on website (3 pages) or YC page. LinkedIn/X/Crunchbase need a logged-in browser.,2026-09-30T19:57:29Z,,,,,,https://aside.com,Consumer,Early,8,Yes,0,,,0,,,,
scott-ai,Scott AI,Fall 2025,No evidence found,,,,,,,,,,,,,,,,,,Checked: no post-YC Form D matching the founders; no funding statement on website (1 pages) or YC page. LinkedIn/X/Crunchbase need a logged-in browser.,2026-09-30T19:57:28Z,,,,,,https://tryscott.ai,B2B,Early,3,Yes,0,,,0,,,,
everest,Everest,Fall 2025,No evidence found,,,,,,,,,,,,,,,,,,Checked: no post-YC Form D matching the founders; no funding statement on website (10 pages) or YC page. LinkedIn/X/Crunchbase need a logged-in browser.,2026-09-30T19:57:32Z,,,,,,https://everestagi.com/,Consumer,Early,,No,0,,,0,,,,
expected-parrot,Expected Parrot,Fall 2025,No evidence found,,,,,,,,,,,,,,,,,,"Unverified Form D by same-named person: Innovus Power, Inc. 0002030358-26-000001 sold 881563 (first sale 2026-03-27, San Jose); likely a different person. Checked: no post-YC Form D matching the founders; no funding statement on website (10 pages) or YC page. LinkedIn/X/Crunchbase need a logged-in browser.",2026-09-30T19:57:32Z,,,,,,https://www.expectedparrot.com,B2B,Early,5,No,0,,,0,,,,
imagine-ai,Imagine AI,Fall 2025,No evidence found,,,,,,,,,,,,,,,,,,Checked: no post-YC Form D matching the founders; no funding statement on website (0 pages) or YC page. LinkedIn/X/Crunchbase need a logged-in browser.,2026-09-30T19:58:48Z,,,,,,https://imagineai.me,B2B,Early,5,Yes,0,,,0,,,,
anto-biosciences,Anto Biosciences,Fall 2025,No evidence found,,,,,,,,,,,,,,,,,,Checked: no post-YC Form D matching the founders; no funding statement on website (1 pages) or YC page. LinkedIn/X/Crunchbase need a logged-in browser.,2026-09-30T19:57:37Z,,,,,,https://www.anto.bio/,Healthcare,Early,4,No,0,,,0,,,,
patent-watch,Patent Watch,Fall 2025,No evidence found,,,,,,,,,,,,,,,,,,Checked: no post-YC Form D matching the founders; no funding statement on website (1 pages) or YC page. LinkedIn/X/Crunchbase need a logged-in browser.,2026-09-30T19:58:13Z,,,,,,https://www.patentwatch.ai/,B2B,Early,6,No,0,,,0,,,,
s2-dev,s2.dev,Fall 2025,Yes,5500000,,,,2,Company website,https://s2.dev/blog/ga,This brings our total capital raised to $5.5M ..,,,,,,,,,High,Round date not stated on the source page; assumed post-YC because it is presented as current news. Other stated figure: $3.85M (https://s2.dev/blog/ga). No matching post-YC Form D found.,2026-09-30T19:57:35Z,,,,5500000,Yes,https://s2.dev,B2B,Early,5,No,0,,,0,0,0,,
tornyol,Tornyol,Fall 2025,No evidence found,,,,,,,,,,,,,,,,,,Checked: no post-YC Form D matching the founders; no funding statement on website (10 pages) or YC page. LinkedIn/X/Crunchbase need a logged-in browser. National register for FR not checked.,2026-09-30T19:57:35Z,,,,,,https://tornyol.com/,Consumer,Early,7,No,0,,,0,,,,
nucleo,Nucleo,Fall 2025,No evidence found,,,,,,,,,,,,,,,,,,Checked: no post-YC Form D matching the founders; no funding statement on website (1 pages) or YC page. LinkedIn/X/Crunchbase need a logged-in browser.,2026-09-30T19:57:36Z,,,,,,https://nucleoresearch.com/,Healthcare,Early,2,No,0,,,0,,,,
leadbay,Leadbay,Fall 2025,Yes,4300000,Seed,2026-05-25,,4,press article (Vestbee),https://www.vestbee.com/insights/articles/leadbay-raises-4-3-m,"Leadbay, the B2B AI prospecting platform, has secured a $4.3 million backed by Y Combinator, Rebel Ventures, Roosh Ventures",,,,,,,,,Medium,"Web search review: Founders Ludovic Granger and Milan Stankovic match. Also in FinSMEs (May 2026, fetch 403). An X post (The Tech Buzz, not fetched) says the round was 'led by Y Combinator'. Lead not confirmed. Tracxn $4.8M is likely $4.3M + YC $500K. Tracxn lead total $4,800,000; not confirmed by a higher-tier source. Checked: no post-YC Form D matching the founders; no funding statement on website (2 pages) or YC page. LinkedIn/X/Crunchbase need a logged-in browser.",2026-09-30T19:57:39Z,2026-05-25,4300000,press article (Vestbee),4300000,Yes,https://leadbay.ai/,B2B,Early,8,Yes,4,,,4,0,0,,Forward Deployed Engineer - US; Forward Deployed Engineer - SF-based intern; Forward Deployed Engineer - FRA (intern); Forward Deployed Engineer - FRA
pixley-ai,Pixley AI,Fall 2025,No evidence found,,,,,,,,,,,,,,,,,,Checked: no post-YC Form D matching the founders; no funding statement on website (3 pages) or YC page. LinkedIn/X/Crunchbase need a logged-in browser.,2026-09-30T19:57:43Z,,,,,,https://pixleyai.com,Consumer,Early,2,No,0,,,0,,,,
cortex-ai,Cortex AI,Fall 2025,Yes,6000000,Seed,2025-12-04,,4,"press article (Nestia, republishing Tech in Asia)",https://news.nestia.com/detail/-/13909240,"Cortex AI, the robotics venture of Carousell co-founder Lucas Ngoo, has raised US$6 million in seed funding.",,,,,,,,,Medium,"Web search review: Investors named: 500 Global, Golden Gate Ventures, Matrix Partners, Liquid 2 Ventures, Y Combinator, and angels Gokul Rajaram and Kaz Nejatian. The page names no lead; one search summary called 500 Global the lead, but that is unverified. An investor blog (tremendous.blog, 2025-12-24) confirms a seed round without an amount. Tracxn lead total $6,000,000; not confirmed by a higher-tier source. Checked: no post-YC Form D matching the founders; no funding statement on website (2 pages) or YC page. LinkedIn/X/Crunchbase need a logged-in browser.",2026-09-30T19:57:42Z,2025-12-04,6000000,"press article (Nestia, republishing Tech in Asia)",6000000,Yes,https://cortexrobot.ai/,Industrials,Early,3,No,0,,,0,0,0,https://cortexrobot.ai/careers,
radiusbrowser,Radius,Fall 2025,No evidence found,,,,,,,,,,,,,,,,,,Checked: no post-YC Form D matching the founders; no funding statement on website (1 pages) or YC page. LinkedIn/X/Crunchbase need a logged-in browser.,2026-09-30T19:57:59Z,,,,,,https://www.radiusbrowser.com,B2B,Early,2,No,0,,,0,,,,
darwin,Darwin,Fall 2025,No evidence found,,,,,,,,,,,,,,,,,,Checked: no post-YC Form D matching the founders; no funding statement on website (2 pages) or YC page. LinkedIn/X/Crunchbase need a logged-in browser.,2026-09-30T19:57:41Z,,,,,,https://darwinrobotics.ai,Industrials,Early,4,Yes,0,,,0,,,,
paceline-bio,Paceline Bio,Fall 2025,No evidence found,,,,,,,,,,,,,,,,,,Checked: no post-YC Form D matching the founders; no funding statement on website (2 pages) or YC page. LinkedIn/X/Crunchbase need a logged-in browser.,2026-09-30T19:57:42Z,,,,,,https://paceline.bio/,Healthcare,Early,3,No,0,,,0,,,,
casey,Casey,Fall 2025,No evidence found,,,,,,,,,,,,,,,,,,Checked: no post-YC Form D matching the founders; no funding statement on website (1 pages) or YC page. LinkedIn/X/Crunchbase need a logged-in browser.,2026-09-30T19:57:44Z,,,,,,https://caseyinsure.com/,Fintech,Early,5,No,0,,,0,,,,
selfin,Selfin,Fall 2025,No evidence found,,,,,,,,,,,,,,,,,,Checked: no post-YC Form D matching the founders; no funding statement on website (0 pages) or YC page. LinkedIn/X/Crunchbase need a logged-in browser.,2026-09-30T19:58:16Z,,,,,,https://selfin.app,Fintech,Early,2,No,0,,,0,,,,
compyle,Compyle,Fall 2025,No evidence found,,,,,,,,,,,,,,,,,,Checked: no post-YC Form D matching the founders; no funding statement on website (0 pages) or YC page. LinkedIn/X/Crunchbase need a logged-in browser.,2026-09-30T19:58:15Z,,,,,,https://compyle.ai,B2B,Early,2,No,0,,,0,,,,
lexi,Lexi,Fall 2025,No evidence found,,,,,,,,,,,,,,,,,,Checked: no post-YC Form D matching the founders; no funding statement on website (6 pages) or YC page. LinkedIn/X/Crunchbase need a logged-in browser.,2026-09-30T19:57:51Z,,,,,,https://getlexi.io/,B2B,Early,15,No,0,,,0,,,,
codyco,Codyco,Fall 2025,No evidence found,,,,,,,,,,,,,,,,,,Checked: no post-YC Form D matching the founders; no funding statement on website (3 pages) or YC page. LinkedIn/X/Crunchbase need a logged-in browser. National register for DE not checked.,2026-09-30T19:57:50Z,,,,,,https://www.codyco.ai/en,B2B,Early,4,No,0,,,0,,,,
complydo,ComplyDo,Fall 2025,No evidence found,,,,,,,,,,,,,,,,,,Checked: no post-YC Form D matching the founders; no funding statement on website (3 pages) or YC page. LinkedIn/X/Crunchbase need a logged-in browser. National register for DE not checked.,2026-09-30T19:57:48Z,,,,,,https://www.complydo.io/,B2B,Early,10,Yes,0,,,0,,,,
bravi,Bravi,Fall 2025,No evidence found,,,,,,,,,,,,,,,,,,Checked: no post-YC Form D matching the founders; no funding statement on website (3 pages) or YC page. LinkedIn/X/Crunchbase need a logged-in browser.,2026-09-30T19:57:48Z,,,,,,https://www.bravi.app/,B2B,Early,8,No,0,,,0,,,,
redapto,Redapto,Fall 2025,No evidence found,,,,,,,,,,,,,,,,,,Checked: no post-YC Form D matching the founders; no funding statement on website (2 pages) or YC page. LinkedIn/X/Crunchbase need a logged-in browser.,2026-09-30T19:57:51Z,,,,,,https://www.redapto.com/,B2B,Early,7,No,0,,,0,,,,
helonic,Helonic,Fall 2025,No evidence found,,,,,,,,,,,,,,,,,,Checked: no post-YC Form D matching the founders; no funding statement on website (6 pages) or YC page. LinkedIn/X/Crunchbase need a logged-in browser.,2026-09-30T19:57:52Z,,,,,,https://helonic.com,Real Estate and Construction,Early,2,No,0,,,0,,,,
aleph-lab,Aleph Lab,Fall 2025,No evidence found,,,,,,,,,,,,,,,,,,Checked: no post-YC Form D matching the founders; no funding statement on website (1 pages) or YC page. LinkedIn/X/Crunchbase need a logged-in browser.,2026-09-30T19:57:55Z,,,,,,http://alephlab.ai/,Consumer,Early,2,No,0,,,0,,,,
logical,Logical,Fall 2025,Unclear,,,,,5,"Tracxn (lead only, from input)",,,,,,,,,,,Low,"Only a pre-YC round found in web search: https://globalceomag.com/sri-lankan-founded-ai-startup-logical-accepted-into-y-combinator-secures-over-rs-150-million-in-funding/. Web search review: Original amount is LKR 150M+ (about USD 500K), so it looks like the YC standard deal, not a round beyond it. Founders Sam Karu and Anushka Idamekorala confirmed. No other round found; Tracxn $939,797 is unsupported. Tracxn lead total $939,797; not confirmed by a higher-tier source. Checked: no post-YC Form D matching the founders; no funding statement on website (10 pages) or YC page. LinkedIn/X/Crunchbase need a logged-in browser.",2026-09-30T19:57:55Z,,,,,,https://logical.io,B2B,Early,2,No,0,,,0,0,0,,
kestrel-ai,Kestrel AI,Fall 2025,No evidence found,,,,,,,,,,,,,,,,,,Checked: no post-YC Form D matching the founders; no funding statement on website (9 pages) or YC page. LinkedIn/X/Crunchbase need a logged-in browser.,2026-09-30T19:57:56Z,,,,,,https://usekestrel.ai/,B2B,Early,2,No,0,,,0,,,,
logosguard,LogosGuard,Fall 2025,No evidence found,,,,,,,,,,,,,,,,,,Checked: no post-YC Form D matching the founders; no funding statement on website (2 pages) or YC page. LinkedIn/X/Crunchbase need a logged-in browser.,2026-09-30T19:57:57Z,,,,,,https://logosguard.com/,B2B,Early,2,No,0,,,0,,,,
sciloop,Sciloop,Fall 2025,No evidence found,,,,,,,,,,,,,,,,,,Checked: no post-YC Form D matching the founders; no funding statement on website (1 pages) or YC page. LinkedIn/X/Crunchbase need a logged-in browser.,2026-09-30T19:58:50Z,,,,,,https://sciloop.dev,B2B,Early,6,No,0,,,0,,,,
multifactor,Multifactor,Fall 2025,No evidence found,,,,,,,,,,,,,,,,,,Checked: no post-YC Form D matching the founders; no funding statement on website (3 pages) or YC page. LinkedIn/X/Crunchbase need a logged-in browser.,2026-09-30T19:57:59Z,,,,,,https://multifactor.com,B2B,Early,6,No,0,,,0,,,,
allus-ai,Allus AI,Fall 2025,No evidence found,,,,,,,,,,,,,,,,,,Checked: no post-YC Form D matching the founders; no funding statement on website (2 pages) or YC page. LinkedIn/X/Crunchbase need a logged-in browser.,2026-09-30T19:58:03Z,,,,,,https://allus.ai,Industrials,Early,6,Yes,0,,,0,,,,
unsiloed-ai,Unsiloed AI,Fall 2025,Unclear,,,,,5,"Tracxn (lead only, from input)",,,,,,,,,,,Low,"Web search review: Searched 'Unsiloed AI raises', 'Aman Mishra funding', 'Unsiloed seed round 2026'. Only aggregators turned up (Crunchbase, Tracxn, CB Insights, PitchBook). They show ~$500K total (YC, Orange Collective, Spot VC, Transpose, EF), latest round 2025-09-08. No press or company announcement of a round beyond YC. Tracxn lead total $750,000; not confirmed by a higher-tier source. Checked: no post-YC Form D matching the founders; no funding statement on website (11 pages) or YC page. LinkedIn/X/Crunchbase need a logged-in browser.",2026-09-30T19:58:07Z,,,,,,https://www.unsiloed.ai/,B2B,Early,2,Yes,3,,,3,0,0,https://www.unsiloed.ai/careers,Founding Software Engineer - Backend and Infrastructure; Founding ML Researcher; Founding GTM Lead
sf-tensor,SF Tensor,Fall 2025,No evidence found,,,,,,,,,,,,,,,,,,Checked: no post-YC Form D matching the founders; no funding statement on website (3 pages) or YC page. LinkedIn/X/Crunchbase need a logged-in browser.,2026-09-30T19:58:33Z,,,,,,https://sf-tensor.com,B2B,Early,6,Yes,0,,,0,,,,
answerthis,AnswerThis,Fall 2025,No evidence found,,,,,,,,,,,,,,,,,,Checked: no post-YC Form D matching the founders; no funding statement on website (2 pages) or YC page. LinkedIn/X/Crunchbase need a logged-in browser.,2026-09-30T19:58:06Z,,,,,,https://answerthis.io/,Consumer,Early,6,Yes,0,,,0,,,,
alder,Alder,Fall 2025,No evidence found,,,,,,,,,,,,,,,,,,Checked: no post-YC Form D matching the founders; no funding statement on website (3 pages) or YC page. LinkedIn/X/Crunchbase need a logged-in browser.,2026-09-30T19:58:42Z,,,,,,https://meetalder.com/,B2B,Early,2,Yes,0,,,0,,,,
lakonia,Lakonia,Fall 2025,No evidence found,,,,,,,,,,,,,,,,,,Checked: no post-YC Form D matching the founders; no funding statement on website (0 pages) or YC page. LinkedIn/X/Crunchbase need a logged-in browser.,2026-09-30T19:58:05Z,,,,,,https://lakonia.us.com,Government,Early,2,No,0,,,0,,,,
sellraze,SellRaze,Fall 2025,No evidence found,,,,,,,,,,,,,,,,,,"Manual review: $560K pre-seed announced on the changelog dated June 3, 2024, before the Fall 2025 batch, so it is pre-YC. No post-YC Form D or announcement found.",2026-09-30T19:58:32Z,,,,,,https://sellraze.com,Consumer,Early,6,No,0,,,0,,,,
clerked,Clerked,Fall 2025,No evidence found,,,,,,,,,,,,,,,,,,Checked: no post-YC Form D matching the founders; no funding statement on website (2 pages) or YC page. LinkedIn/X/Crunchbase need a logged-in browser.,2026-09-30T19:58:11Z,,,,,,https://clerked.ai,B2B,Early,3,No,0,,,0,,,,
semble,Semble,Fall 2025,No evidence found,,,,,,,,,,,,,,,,,,Checked: no post-YC Form D matching the founders; no funding statement on website (10 pages) or YC page. LinkedIn/X/Crunchbase need a logged-in browser.,2026-09-30T19:58:10Z,,,,,,https://www.sembleai.com,B2B,Early,14,Yes,0,,,0,,,,
flick,Flick,Fall 2025,Yes,6000000,Seed,2026-06-15,,4,Press (linked from YC company page),https://www.businessinsider.com/ai-filmmaking-startup-flick-lands-yc-seed-funding-pitch-deck-2026-5,AI Filmmaking Startup Flick Lands $6M Seed Funding: Pitch Deck - Business Insider,,,,,,,,,Medium,No matching post-YC Form D found.,2026-09-30T19:58:27Z,2026-06-15,6000000,Press (linked from YC company page),6000000,Yes,https://flick.art,Consumer,Early,2,Yes,5,,,5,0,0,https://flick.art/careers,Senior/Staff Frontend Engineer; GTM Intern; Senior Full-stack Engineer; AI Filmmaking YouTuber & Educator (Youtube); AI Creative Intern
hillclimb,hillclimb,Fall 2025,No evidence found,,,,,,,,,,,,,,,,,,Checked: no post-YC Form D matching the founders; no funding statement on website (1 pages) or YC page. LinkedIn/X/Crunchbase need a logged-in browser.,2026-09-30T19:58:18Z,,,,,,https://hillclimb.com,B2B,Early,4,No,0,,,0,,,,
atlasgrid,AtlasGrid,Fall 2025,No evidence found,,,,,,,,,,,,,,,,,,Checked: no post-YC Form D matching the founders; no funding statement on website (1 pages) or YC page. LinkedIn/X/Crunchbase need a logged-in browser.,2026-09-30T19:59:09Z,,,,,,https://atlasgrid.ai,B2B,Early,6,No,0,,,0,,,,
wardstone,Wardstone,Fall 2025,No evidence found,,,,,,,,,,,,,,,,,,Checked: no post-YC Form D matching the founders; no funding statement on website (1 pages) or YC page. LinkedIn/X/Crunchbase need a logged-in browser.,2026-09-30T19:58:16Z,,,,,,https://www.wardstone.us,Industrials,Early,8,Yes,0,,,0,,,,
nessie,Nessie,Fall 2025,No evidence found,,,,,,,,,,,,,,,,,,Checked: no post-YC Form D matching the founders; no funding statement on website (4 pages) or YC page. LinkedIn/X/Crunchbase need a logged-in browser.,2026-09-30T19:58:20Z,,,,,,https://nessielabs.com/,B2B,Early,3,Yes,0,,,0,,,,
hypercubic,Hypercubic,Fall 2025,Yes,5300000,,,,2,Company website,https://www.hypercubic.ai,Hypercubic Raises $5.3M to Build the Future of Mainframe Modernization.,,,,,,,,,High,Round date not stated on the source page; assumed post-YC because it is presented as current news. No matching post-YC Form D found.,2026-09-30T19:58:21Z,2026-08-18,5300000,https://www.hypercubic.ai (date printed near the quote),5300000,Yes,https://www.hypercubic.ai/,B2B,Early,3,Yes,4,ashby,2,4,1,0,,Founder's Associate; Founding Enterprise Sales
cranston-ai,Cranston AI,Fall 2025,No evidence found,,,,,,,,,,,,,,,,,,Checked: no post-YC Form D matching the founders; no funding statement on website (3 pages) or YC page. LinkedIn/X/Crunchbase need a logged-in browser.,2026-09-30T19:58:55Z,,,,,,https://www.cranston.ai,B2B,Early,2,No,0,,,0,,,,
trelium,Trelium,Fall 2025,No evidence found,,,,,,,,,,,,,,,,,,Checked: no post-YC Form D matching the founders; no funding statement on website (5 pages) or YC page. LinkedIn/X/Crunchbase need a logged-in browser.,2026-09-30T19:58:23Z,,,,,,https://www.trelium.com,B2B,Early,6,Yes,0,,,0,,,,
veria-labs,Veria Labs,Fall 2025,Yes,3200000,Seed,,,2,Company website,https://verialabs.com/blog/,"Feb 9, 2026 Announcing our $3.2M Seed Round We spun out of the #1 hacking team in the US and raised a $3.2M seed",,,,,,,,,High,Round date not stated on the source page; assumed post-YC because it is presented as current news. No matching post-YC Form D found.,2026-09-30T19:58:24Z,2026-02-09,3200000,https://verialabs.com/blog/ (date printed near the quote),3200000,Yes,https://verialabs.com,B2B,Early,3,No,0,,,0,0,0,,
minro,Minro,Fall 2025,No evidence found,,,,,,,,,,,,,,,,,,Checked: no post-YC Form D matching the founders; no funding statement on website (1 pages) or YC page. LinkedIn/X/Crunchbase need a logged-in browser.,2026-09-30T19:58:24Z,,,,,,https://minro.com/,B2B,Early,2,No,0,,,0,,,,
tell-if-ai,Tell if AI,Fall 2025,No evidence found,,,,,,,,,,,,,,,,,,Checked: no post-YC Form D matching the founders; no funding statement on website (1 pages) or YC page. LinkedIn/X/Crunchbase need a logged-in browser.,2026-09-30T19:58:26Z,,,,,,https://tellif.ai,B2B,Early,2,No,0,,,0,,,,
bron,Bron,Fall 2025,No evidence found,,,,,,,,,,,,,,,,,,Checked: no post-YC Form D matching the founders; no funding statement on website (1 pages) or YC page. LinkedIn/X/Crunchbase need a logged-in browser.,2026-09-30T19:58:33Z,,,,,,https://apps.apple.com/app/apple-store/id6761323087?pt=128695024&ct=anish&mt=,Consumer,Early,2,No,0,,,0,,,,
koyal,Koyal,Fall 2025,No evidence found,,,,,,,,,,,,,,,,,,Checked: no post-YC Form D matching the founders; no funding statement on website (10 pages) or YC page. LinkedIn/X/Crunchbase need a logged-in browser.,2026-09-30T19:58:28Z,,,,,,https://koyal.ai,Consumer,Early,5,Yes,0,,,0,,,,
kaigo-health,Kaigo Health,Fall 2025,No evidence found,,,,,,,,,,,,,,,,,,Checked: no post-YC Form D matching the founders; no funding statement on website (1 pages) or YC page. LinkedIn/X/Crunchbase need a logged-in browser.,2026-09-30T19:58:30Z,,,,,,https://www.kaigohealth.ai/,Healthcare,Early,3,No,0,,,0,,,,
norra,Norra,Fall 2025,No evidence found,,,,,,,,,,,,,,,,,,Checked: no post-YC Form D matching the founders; no funding statement on website (4 pages) or YC page. LinkedIn/X/Crunchbase need a logged-in browser.,2026-09-30T19:58:35Z,,,,,,https://www.norra.io,Healthcare,Early,3,No,0,,,0,,,,
soren,Soren,Fall 2025,No evidence found,,,,,,,,,,,,,,,,,,Checked: no post-YC Form D matching the founders; no funding statement on website (2 pages) or YC page. LinkedIn/X/Crunchbase need a logged-in browser.,2026-09-30T19:58:34Z,,,,,,https://usesoren.com,B2B,Early,,Yes,0,,,0,,,,
lunavo,Lunavo,Fall 2025,No evidence found,,,,,,,,,,,,,,,,,,Checked: no post-YC Form D matching the founders; no funding statement on website (10 pages) or YC page. LinkedIn/X/Crunchbase need a logged-in browser. National register for DE not checked.,2026-09-30T19:58:39Z,,,,,,https://lunavo.ai,B2B,Early,2,No,0,,,0,,,,
daridev,dari.dev,Fall 2025,No evidence found,,,,,,,,,,,,,,,,,,Checked: no post-YC Form D matching the founders; no funding statement on website (1 pages) or YC page. LinkedIn/X/Crunchbase need a logged-in browser.,2026-09-30T19:58:33Z,,,,,,https://dari.dev,B2B,Early,2,No,0,,,0,,,,
the-context-company,The Context Company,Fall 2025,No evidence found,,,,,,,,,,,,,,,,,,Checked: no post-YC Form D matching the founders; no funding statement on website (10 pages) or YC page. LinkedIn/X/Crunchbase need a logged-in browser.,2026-09-30T19:58:46Z,,,,,,https://www.thecontextcompany.com,B2B,Early,2,No,0,,,0,,,,
sorce,Sorce,Fall 2025,No evidence found,,,,,,,,,,,,,,,,,,Checked: no post-YC Form D matching the founders; no funding statement on website (2 pages) or YC page. LinkedIn/X/Crunchbase need a logged-in browser.,2026-09-30T19:59:00Z,,,,,,https://sorce.jobs,B2B,Early,6,Yes,0,,,0,,,,
caddy,Caddy,Fall 2025,No evidence found,,,,,,,,,,,,,,,,,,Checked: no post-YC Form D matching the founders; no funding statement on website (3 pages) or YC page. LinkedIn/X/Crunchbase need a logged-in browser.,2026-09-30T19:58:38Z,,,,,,https://caddy.app/,B2B,Early,5,No,0,,,0,,,,
locus,Locus,Fall 2025,No evidence found,,,,,,,,,,,,,,,,,,Checked: no post-YC Form D matching the founders; no funding statement on website (4 pages) or YC page. LinkedIn/X/Crunchbase need a logged-in browser.,2026-09-30T19:58:41Z,,,,,,https://paywithlocus.com,B2B,Early,2,No,0,,,0,,,,
deeptrace,Deeptrace,Fall 2025,Yes,5000000,Seed,,,2,Company website,https://deeptrace.com,Deeptrace announces $5M Seed Round .,,,,,,,,,High,Round date not stated on the source page; assumed post-YC because it is presented as current news. No matching post-YC Form D found.,2026-09-30T19:58:58Z,,,,5000000,Yes,https://deeptrace.com/,B2B,Early,4,Yes,1,,,1,0,0,,Founding Engineer
aspect-inc,Aspect,Fall 2025,No evidence found,,,,,,,,,,,,,,,,,,Checked: no post-YC Form D matching the founders; no funding statement on website (3 pages) or YC page. LinkedIn/X/Crunchbase need a logged-in browser.,2026-09-30T19:58:59Z,,,,,,https://aspect.inc,B2B,Early,3,Yes,0,,,0,,,,
scoop,Scoop,Fall 2025,No evidence found,,,,,,,,,,,,,,,,,,Checked: no post-YC Form D matching the founders; no funding statement on website (1 pages) or YC page. LinkedIn/X/Crunchbase need a logged-in browser.,2026-09-30T19:58:41Z,,,,,,https://scooplabs.ai,B2B,Early,2,No,0,,,0,,,,
hyperspell,Hyperspell,Fall 2025,No evidence found,,,,,,,,,,,,,,,,,,Checked: no post-YC Form D matching the founders; no funding statement on website (2 pages) or YC page. LinkedIn/X/Crunchbase need a logged-in browser.,2026-09-30T19:59:28Z,,,,,,https://hyperspell.com,B2B,Early,8,Yes,0,,,0,,,,
gpt,Nexus,Fall 2025,Yes,4300000,Seed,,,2,Company website,https://agent.nexus/blog/nexus-raises-4-3m-seed-shipping-cue,Nexus Agent Raises $4.3M Seed Led by General Catalyst | Cue Launch | Nexus Agent .,,,,,,,,,High,Round date not stated on the source page; assumed post-YC because it is presented as current news. No matching post-YC Form D found.,2026-09-30T19:58:47Z,,,,4300000,Yes,https://agent.nexus,B2B,Early,2,No,0,greenhouse,1,1,0,0,,Technical Support Representative Night shift
zavo,Zavo,Fall 2025,No evidence found,,,,,,,,,,,,,,,,,,Checked: no post-YC Form D matching the founders; no funding statement on website (1 pages) or YC page. LinkedIn/X/Crunchbase need a logged-in browser. Companies House ZAVO LTD (14543620): no SH01 allotments listed.,2026-09-30T19:58:46Z,,,,,,https://zavo.ai,B2B,Early,8,No,0,,,0,,,,
movedot,MOVEdot,Fall 2025,No evidence found,,,,,,,,,,,,,,,,,,Checked: no post-YC Form D matching the founders; no funding statement on website (10 pages) or YC page. LinkedIn/X/Crunchbase need a logged-in browser.,2026-09-30T19:58:51Z,,,,,,https://www.movedot.ai/,B2B,Early,10,No,0,,,0,,,,
brickwise,Brickwise,Fall 2025,No evidence found,,,,,,,,,,,,,,,,,,Checked: no post-YC Form D matching the founders; no funding statement on website (5 pages) or YC page. LinkedIn/X/Crunchbase need a logged-in browser. Companies House BRICKWISE LABS LTD (16963059): no SH01 allotments listed.,2026-09-30T19:58:51Z,,,,,,https://www.brickwiseai.com,Real Estate and Construction,Early,2,Yes,0,,,0,,,,
parse-bot,Parse,Fall 2025,No evidence found,,,,,,,,,,,,,,,,,,Checked: no post-YC Form D matching the founders; no funding statement on website (2 pages) or YC page. LinkedIn/X/Crunchbase need a logged-in browser.,2026-09-30T19:58:50Z,,,,,,https://parse.bot,B2B,Early,4,No,0,,,0,,,,
structured-ai,Structured AI,Fall 2025,Yes,4200000,Seed,,FCVC,2,Company website,https://getstructured.ai/blog/,"$4.2M seed round led by FCVC, bringing total funding to $5M, to build an AI design reviewer that catches code, coordination, and QA/QC issues",,,,,,,,,High,Manual review: $4.2M seed led by FCVC; site says total funding is $5M including earlier money.,2026-09-30T19:59:17Z,2026-06-11,4200000,https://getstructured.ai/blog/ (date printed near the quote),4200000,Yes,https://www.getstructured.ai/,Real Estate and Construction,Early,11,Yes,2,,,2,0,0,,Founding Engineer; Founding Account Executive 
uplane,Uplane,Fall 2025,Yes,4500000,,2026-04-15,,4,Press (linked from YC company page),https://www.businessinsider.com/pitch-deck-uplane-raised-funding-to-replace-marketing-agencies-ai-2026-4,Pitch Deck: Uplane Raised $4.5 Million to Replace Marketers With AI - Business Insider,,,,,,,,,Medium,No matching post-YC Form D found.,2026-09-30T19:58:53Z,2026-04-15,4500000,Press (linked from YC company page),4500000,Yes,https://uplane.com,B2B,Early,26,Yes,4,ashby,16,16,0,13,https://uplane.com/careers/,AI Marketing Strategist Intern; AI Marketing Strategist; AI Marketing Strategist Intern; AI Marketing Strategist; Working Student Content Creation - Remote / Berlin (German Speaking); AI-Native Landing Page Designer; AI-Native Landing Page Designer; AI-Native Video Producer; AI-Native Video Producer; AI-Native Static Ad Designer
aircaps,AirCaps,Fall 2025,No evidence found,,,,,,,,,,,,,,,,,,Checked: no post-YC Form D matching the founders; no funding statement on website (1 pages) or YC page. LinkedIn/X/Crunchbase need a logged-in browser.,2026-09-30T19:59:45Z,,,,,,https://aircaps.com,Consumer,Early,5,Yes,0,,,0,,,,
brickanta,Brickanta,Fall 2025,Yes,8000000,,,,2,YC company/launch page,https://www.ycombinator.com/companies/brickanta,"Brickanta has raised $8 million from leading AI, construction, and real estate investors behind companies like OpenAI/ChatGPT, Airbnb, Klarna, Spotify, and Plangrid-Autodesk, as well",,,,,,,,,High,Round date not stated on the source page; assumed post-YC because it is presented as current news. No matching post-YC Form D found.,2026-09-30T19:58:57Z,,,,8000000,Yes,https://www.brickanta.com,B2B,Early,25,Yes,12,,,12,0,0,,"Business Intern - Summer 2027; Construction Engineer - Bygg / Entreprenadingenjör (Swedish) ; Software / AI Engineering; Open Application - if you’re a builder, reach out; GTM Engineer - build the bridge between product and revenue; Business Developer ; Construction Evaluation Engineer - Part-Time; Forward Deployed Engineer; Account Executive; Developer Intern - Summer 2027"
semiotic,Semiotic,Fall 2025,No evidence found,,,,,,,,,,,,,,,,,,Checked: no post-YC Form D matching the founders; no funding statement on website (0 pages) or YC page. LinkedIn/X/Crunchbase need a logged-in browser.,2026-09-30T19:59:12Z,,,,,,http://semiotic.com,B2B,Early,3,No,0,,,0,,,,
lapis,Lapis,Fall 2025,No evidence found,,,,,,,,,,,,,,,,,,Checked: no post-YC Form D matching the founders; no funding statement on website (2 pages) or YC page. LinkedIn/X/Crunchbase need a logged-in browser.,2026-09-30T19:58:55Z,,,,,,https://www.trylapis.com/,B2B,Early,5,No,0,,,0,,,,
efference,Efference,Fall 2025,No evidence found,,,,,,,,,,,,,,,,,,Checked: no post-YC Form D matching the founders; no funding statement on website (1 pages) or YC page. LinkedIn/X/Crunchbase need a logged-in browser.,2026-09-30T19:58:56Z,,,,,,https://efference.ai,Industrials,Early,12,No,0,,,0,,,,
digipals,Digipals,Fall 2025,No evidence found,,,,,,,,,,,,,,,,,,Checked: no post-YC Form D matching the founders; no funding statement on website (10 pages) or YC page. LinkedIn/X/Crunchbase need a logged-in browser.,2026-09-30T19:58:59Z,,,,,,https://www.digipals.app/,Consumer,Early,3,Yes,0,,,0,,,,
mixy,Mixy,Fall 2025,No evidence found,,,,,,,,,,,,,,,,,,Checked: no post-YC Form D matching the founders; no funding statement on website (1 pages) or YC page. LinkedIn/X/Crunchbase need a logged-in browser.,2026-09-30T19:58:59Z,,,,,,https://usemixy.com,Consumer,Early,2,No,0,,,0,,,,
fernstone,Fernstone,Fall 2025,No evidence found,,,,,,,,,,,,,,,,,,Checked: no post-YC Form D matching the founders; no funding statement on website (3 pages) or YC page. LinkedIn/X/Crunchbase need a logged-in browser.,2026-09-30T19:59:03Z,,,,,,https://www.fernstone.com,Fintech,Early,5,Yes,0,,,0,,,,
null-labs,Null Labs,Fall 2025,No evidence found,,,,,,,,,,,,,,,,,,Checked: no post-YC Form D matching the founders; no funding statement on website (2 pages) or YC page. LinkedIn/X/Crunchbase need a logged-in browser.,2026-09-30T19:59:01Z,,,,,,https://n0labs.com,Industrials,Early,2,No,0,,,0,,,,
parametric,Parametric,Fall 2025,No evidence found,,,,,,,,,,,,,,,,,,Checked: no post-YC Form D matching the founders; no funding statement on website (1 pages) or YC page. LinkedIn/X/Crunchbase need a logged-in browser.,2026-09-30T19:59:12Z,,,,,,https://parametric.company/,Industrials,Early,7,Yes,0,,,0,,,,
prox,Prox,Fall 2025,No evidence found,,,,,,,,,,,,,,,,,,Checked: no post-YC Form D matching the founders; no funding statement on website (2 pages) or YC page. LinkedIn/X/Crunchbase need a logged-in browser.,2026-09-30T19:59:04Z,,,,,,https://useprox.com,B2B,Early,7,Yes,0,,,0,,,,
autonomous-technologies-group,Autonomous Technologies Group,Fall 2025,Yes,15000000,Pre-seed,2026-01-08,Garry Tan / YC Alumni Fund (per What A Startup),4,press article (Pulse 2.0),https://pulse2.com/autonomous-technologies-group-15-million/,"The company said it has raised $15 million in pre-seed funding, backed by investors including",,,,,,,,,Medium,"Web search review: Founders Dillon Erb and Daniel Kobran match. What A Startup (2026-01-13) says it was 'led by Y Combinator CEO Garry Tan and other top VC firms'. Jan 2026 is after F25 start (Sep 2025). Unclear if YC $500K is inside the $15M. Tracxn lead total $15,000,000; not confirmed by a higher-tier source. Checked: no post-YC Form D matching the founders; no funding statement on website (1 pages) or YC page. LinkedIn/X/Crunchbase need a logged-in browser.",2026-09-30T19:59:07Z,2026-01-08,15000000,press article (Pulse 2.0),15000000,Yes,https://becomeautonomous.com/,Fintech,Early,8,Yes,9,,,9,0,0,,"Member of Technical Staff (Backend); Member of Technical Staff (Full Stack); Member of Technical Staff (Research Engineering); Research Scientist; Member of Technical Staff (iOS); Member of Technical Staff, Quantitative Systems; Product Designer; Member of Technical Staff (Data Platform); Client Director"
fifth-door,Fifth Door,Fall 2025,Yes,20000000,Seed,2025-11-24,"['Garry Tan (Y Combinator)', 'Aydin Senkut (Felicis Ventures)', 'George Bousis (Protagonist Ventures)']",4,press article (GamesBeat),https://gamesbeat.com/fifth-door-raises-20m-for-ai-powered-game-creation/,"Dan Kan, cofounder of autonomous vehicle company Cruise, today announced a $20 million seed round for Fifth Door",,,,,,,,,Medium,"Web search review: GamesBeat: 'The round was led by Garry Tan (Y Combinator), Aydin Senkut (Felicis Ventures), and George Bousis (Protagonist Ventures).' Aydin Senkut's X post confirms Felicis backed it. Announced after the Fall 2025 batch started. Tracxn lead total $20,000,000; not confirmed by a higher-tier source. Checked: no post-YC Form D matching the founders; no funding statement on website (10 pages) or YC page. LinkedIn/X/Crunchbase need a logged-in browser.",2026-09-30T19:59:08Z,2025-11-24,20000000,press article (GamesBeat),20000000,Yes,https://fifthdoor.com,Consumer,Early,3,Yes,1,,,1,0,0,,Front End Engineer
piggy-robotics,Piggy Robotics,Fall 2025,No evidence found,,,,,,,,,,,,,,,,,,Checked: no post-YC Form D matching the founders; no funding statement on website (1 pages) or YC page. LinkedIn/X/Crunchbase need a logged-in browser.,2026-09-30T19:59:04Z,,,,,,https://piggyrobotics.com,Industrials,Early,5,No,0,,,0,,,,
goldbridge,Goldbridge,Fall 2025,No evidence found,,,,,,,,,,,,,,,,,,Checked: no post-YC Form D matching the founders; no funding statement on website (2 pages) or YC page. LinkedIn/X/Crunchbase need a logged-in browser.,2026-09-30T19:59:06Z,,,,,,https://www.goldbridgebanking.com/,Real Estate and Construction,Early,3,No,0,,,0,,,,
mspilot,MSPilot,Fall 2025,No evidence found,,,,,,,,,,,,,,,,,,Checked: no post-YC Form D matching the founders; no funding statement on website (1 pages) or YC page. LinkedIn/X/Crunchbase need a logged-in browser.,2026-09-30T19:59:11Z,,,,,,https://mspilot.io,B2B,Early,3,Yes,0,,,0,,,,
remedy,Remedy,Fall 2025,No evidence found,,,,,,,,,,,,,,,,,,Checked: no post-YC Form D matching the founders; no funding statement on website (0 pages) or YC page. LinkedIn/X/Crunchbase need a logged-in browser.,2026-09-30T19:59:08Z,,,,,,http://www.useremedy.co,Healthcare,Early,2,No,0,,,0,,,,
coasts,Coasts,Fall 2025,No evidence found,,,,,,,,,,,,,,,,,,Checked: no post-YC Form D matching the founders; no funding statement on website (2 pages) or YC page. LinkedIn/X/Crunchbase need a logged-in browser.,2026-09-30T19:59:09Z,,,,,,https://coasts.dev,B2B,Early,2,No,0,,,0,,,,
dome,Dome,Fall 2025,Unclear,,,,,5,"Tracxn (lead only, from input)",,,,,,,,,,,Low,"Web search review: Seed date and investors not given, so post_yc left null (likely between Sep 2025 and Feb 2026). Co-founders Kunal Roy and Kurush Dubash confirmed. Polymarket acquired Dome in Feb 2026. Tracxn lead total $5,200,000; not confirmed by a higher-tier source. Checked: no post-YC Form D matching the founders; no funding statement on website (10 pages) or YC page. LinkedIn/X/Crunchbase need a logged-in browser.",2026-09-30T19:59:10Z,,,,,,https://domeapi.io,B2B,Early,2,No,0,,,0,0,0,,
rovr,Rovr,Fall 2025,No evidence found,,,,,,,,,,,,,,,,,,Checked: no post-YC Form D matching the founders; no funding statement on website (0 pages) or YC page. LinkedIn/X/Crunchbase need a logged-in browser.,2026-09-30T19:59:12Z,,,,,,https://www.withrovr.com/,B2B,Early,3,No,0,,,0,,,,
sylvian,Sylvian,Fall 2025,No evidence found,,,,,,,,,,,,,,,,,,Checked: no post-YC Form D matching the founders; no funding statement on website (0 pages) or YC page. LinkedIn/X/Crunchbase need a logged-in browser.,2026-09-30T20:00:00Z,,,,,,https://sylvian.ai,B2B,Early,2,No,0,,,0,,,,
f2,F2,Summer 2025,Yes,24000000,Seed,,HighlandX,2,Company website,https://f2.ai/blog,"Today, we’re announcing $24 million in total equity funding, including a $14 million seed round led by HighlandX, alongside the launch of Adam, an",,,,,,,,,High,Round date not stated on the source page; assumed post-YC because it is presented as current news. No matching post-YC Form D found.,2026-09-30T19:59:19Z,2026-06-10,24000000,https://f2.ai/blog (date printed near the quote),24000000,Yes,http://f2.ai,B2B,Early,15,Yes,3,ashby,9,9,3,1,,"AI Deployment Strategist; Business Development Representative, Private Equity/Private Credit; Head of Security ; Enterprise Account Executive; Staff Software Engineer; Forward Deployed Engineer; Partnerships Lead; Staff Product Designer; Senior Software Engineer"
nox-metals,Nox Metals,Summer 2025,Yes,11500000,Seed,2026-06-14,,2,Company website,https://noxmetals.co/blog/nox-metals-seed-round,NOX METALS Raises an $11.5M Seed Round to Reindustrialize America,,,,,,,,,High,No matching post-YC Form D found.,2026-09-30T19:59:55Z,2026-06-14,11500000,Company website,11500000,Yes,https://noxmetals.co/,Industrials,Early,35,Yes,6,ashby,18,18,3,1,,Plant Manager ; Manufacturing Operations Engineer ; ML Engineer; Software Engineer; Factory Technician - Weekday 1st Shift; Senior Operations ; Factory Technician - Weekend 1st Shift; Quality Coordinator; Factory Shift Lead - Weekend 1st Shift; Factory Shift Lead - Weekend 2nd Shift
blue,Blue,Summer 2025,No evidence found,,,,,,,,,,,,,,,,,,Checked: no post-YC Form D matching the founders; no funding statement on website (1 pages) or YC page. LinkedIn/X/Crunchbase need a logged-in browser.,2026-09-30T19:59:13Z,,,,,,https://heyblue.com/,Consumer,Early,6,No,0,,,0,,,,
paloma,Paloma,Summer 2025,No evidence found,,,,,,,,,,,,,,,,,,Checked: no post-YC Form D matching the founders; no funding statement on website (1 pages) or YC page. LinkedIn/X/Crunchbase need a logged-in browser.,2026-09-30T19:59:14Z,,,,,,https://getpaloma.ai/,B2B,Early,3,No,0,,,0,,,,
uplift-ai,Uplift AI,Summer 2025,Yes,3500000,Seed,2026-01-30,Y Combinator; Indus Valley Capital,4,press (Dawn),https://www.dawn.com/news/1969895,$3.5 million in funding,,,,,,,,,Medium,"Web search review: Dawn article dated 2026-01-30. Founders Hammad Malik and Zaid Qureshi match. Other press says the $3.5M seed was 'led by Y Combinator' with Indus Valley Capital, Pioneer Fund, Conjunction and Moment Ventures, so it likely includes YC's $500K. Quote is short because the fetch tool returned only this fragment verbatim. Batch S25. Tracxn lead total $3,500,000; not confirmed by a higher-tier source. Checked: no post-YC Form D matching the founders; no funding statement on website (1 pages) or YC page. LinkedIn/X/Crunchbase need a logged-in browser.",2026-09-30T19:59:17Z,2026-01-30,3500000,press (Dawn),3500000,Yes,https://upliftai.org/,B2B,Early,3,No,0,,,0,0,0,,
realroots,RealRoots,Summer 2025,No evidence found,,,,,,,,,,,,,,,,,,Checked: no post-YC Form D matching the founders; no funding statement on website (1 pages) or YC page. LinkedIn/X/Crunchbase need a logged-in browser.,2026-09-30T19:59:14Z,,,,,,http://www.realroots.com,Consumer,Early,7,No,0,,,0,,,,
luminal,Luminal,Summer 2025,Yes,5300000,,2025-11-17,,4,Press (linked from YC company page),https://techcrunch.com/2025/11/17/luminal-raises-5-3-million-to-build-a-better-gpu-code-framework/,Luminal raises $5.3 million to build a better GPU code framework | TechCrunch,,,,,,,,,Medium,No matching post-YC Form D found.,2026-09-30T19:59:30Z,2025-11-17,5300000,Press (linked from YC company page),5300000,Yes,https://luminal.com,B2B,Growth,7,Yes,3,,,3,0,0,https://www.luminal.com/careers,Compiler Engineer; Cloud Inference Engineer; Senior Compiler Engineer
freya,Freya,Summer 2025,Yes,3500000,Seed,2025-11-05,,4,press article (AIN),https://en.ain.ua/2025/11/05/freya-raises-35m/,"announces a $3.5 million seed round, with participation from Y Combinator, Rebel Fund, 212 VC, N1 Tech, BD Partners, and several angel investors.",,,,,,,,,Medium,"Web search review: Founders Tunga Bayrak and Tomas Nepala. Article says the round closed shortly after YC Demo Day. No lead named. YC is a participant, so YC $500K may be included. Tracxn $3.5M. Tracxn lead total $3,500,000; not confirmed by a higher-tier source. Checked: no post-YC Form D matching the founders; no funding statement on website (10 pages) or YC page. LinkedIn/X/Crunchbase need a logged-in browser. National register for TR not checked.",2026-09-30T19:59:41Z,2025-11-05,3500000,press article (AIN),3500000,Yes,https://freyavoice.ai/,Fintech,Early,14,Yes,1,,,1,0,0,https://www.freyavoice.ai/careers,DevOps Enginer
burnt,burnt,Summer 2025,Yes,3800000,Seed,2025-10-01,['Penny Jar Capital'],4,press article (FoodNavigator),https://www.foodnavigator.com/Article/2025/10/01/burnt-raises-38m-to-modernize-the-food-supply-chain-with-agentic-ai/,"The round was led by Penny Jar Capital, with participation from Scribble Ventures, Formation VC and a group of angels",,,,,,,,,Medium,"Web search review: Same article: 'has raised $3.8 million in seed funding'. Founders Joseph Jacob, Rhea Karimpanal and Chandru Shanmugasundaram match. The Tracxn lead of $4.3M likely adds the YC money. Tracxn lead total $4,300,000; not confirmed by a higher-tier source. Checked: no post-YC Form D matching the founders; no funding statement on website (3 pages) or YC page. LinkedIn/X/Crunchbase need a logged-in browser.",2026-09-30T19:59:21Z,2025-10-01,3800000,press article (FoodNavigator),3800000,Yes,https://getburnt.ai/,B2B,Early,3,Yes,1,greenhouse,8,8,2,0,https://www.getburnt.ai/careers,Cult Leader; Developer Relations Engineer (DevRel) - APAC; Ecosystem Growth; General Application; Head of Design; High-Functioning Psychopath (Front End); Project Manager - Marketing; Senior Protocol Engineer
avent,Avent,Summer 2025,No evidence found,,,,,,,,,,,,,,,,,,Checked: no post-YC Form D matching the founders; no funding statement on website (4 pages) or YC page. LinkedIn/X/Crunchbase need a logged-in browser.,2026-09-30T19:59:17Z,,,,,,https://www.aventindustrial.com,B2B,Early,5,Yes,0,,,0,,,,
ruvo,Ruvo,Summer 2025,Yes,4600000,Seed,2026-02-09,1confirmation,4,press article (LatamList),https://latamlist.com/ruvo-raises-4-6m-seed-round/,Brazilian fintech Ruvo raised a $4.6M seed round led by 1confirmation.,,,,,,,,,Medium,"Web search review: Others: Coinbase Ventures, Rebel Fund, Blast, Neer Ventures, First Check Ventures, Mission Street Capital. Article date is 2026-02-09. CEO Alec Howard quoted. Tracxn $5.1M ~ $4.6M + YC. Tracxn lead total $5,100,000; not confirmed by a higher-tier source. Checked: no post-YC Form D matching the founders; no funding statement on website (2 pages) or YC page. LinkedIn/X/Crunchbase need a logged-in browser. National register for BR not checked.",2026-09-30T19:59:18Z,2026-02-09,4600000,press article (LatamList),4600000,Yes,https://ruvo.com/,Fintech,Early,11,No,0,,,0,0,0,,
veritus,Veritus,Summer 2025,Yes,10100000,Seed,2026-02-05,Crosslink Capital; Threshold Ventures,3,lead investor news page (reprint of FinTech Futures exclusive),https://www.crosslinkcapital.com/news/exclusive-veritus-raises-10-1m-seed-funding-to-power-voice-first-ai-agents-for-lenders/,US fintech start-up Veritus has raised $10.1 million in seed funding,,,,,,,,,Medium,"Web search review: Page confirms YC S25 and founders March, Schlesinger and Stein. Finovate 2026 says $12M raised in total and a Series A is being raised. Tracxn lead total $10,100,000; not confirmed by a higher-tier source. Checked: no post-YC Form D matching the founders; no funding statement on website (4 pages) or YC page. LinkedIn/X/Crunchbase need a logged-in browser.",2026-09-30T19:59:25Z,2026-02-05,10100000,lead investor news page (reprint of FinTech Futures exclusive),10100000,Yes,https://www.veritus.com,Fintech,Early,10,Yes,4,ashby,3,4,1,0,https://veritus.com/careers/,Member of Technical Staff; Founding Account Executive; Customer Success Manager (Growth)
outrove,Sapien,Summer 2025,No evidence found,,,,,,,,,,,,,,,,,,Checked: no post-YC Form D matching the founders; no funding statement on website (2 pages) or YC page. LinkedIn/X/Crunchbase need a logged-in browser.,2026-09-30T20:00:02Z,,,,,,https://www.asksapien.ai/,B2B,Early,2,No,0,,,0,,,,
noso-labs,NOSO LABS,Summer 2025,No evidence found,,,,,,,,,,,,,,,,,,Checked: no post-YC Form D matching the founders; no funding statement on website (10 pages) or YC page. LinkedIn/X/Crunchbase need a logged-in browser.,2026-09-30T19:59:22Z,,,,,,https://noso.so,Industrials,Early,6,Yes,0,,,0,,,,
vulcan-technologies,Vulcan Technologies,Summer 2025,Yes,11000000,,2025-10-09,,4,Press (linked from YC company page),https://www.axios.com/pro/enterprise-software-deals/2025/10/09/vulcan-technologies-11-million-seed-govtech,Vulcan Technologies raises $11M to navigate regulations,,,,,,,,,Medium,No matching post-YC Form D found.,2026-09-30T19:59:22Z,2025-10-09,11000000,Press (linked from YC company page),11000000,Yes,https://vulcan.ai/,B2B,Early,17,Yes,4,,,4,0,0,https://vulcan.ai/jobs,Deployed Agent Orchestrator; SDR / BDR; Security Engineer; Security Compliance Lead
geo-ai,Bizzy AI,Summer 2025,No evidence found,,,,,,,,,,,,,,,,,,Checked: no post-YC Form D matching the founders; no funding statement on website (1 pages) or YC page. LinkedIn/X/Crunchbase need a logged-in browser.,2026-09-30T19:59:22Z,,,,,,https://www.usebizzy.com/,B2B,Early,,No,0,,,0,,,,
spotlight-realty,Spotlight Realty,Summer 2025,No evidence found,,,,,,,,,,,,,,,,,,Checked: no post-YC Form D matching the founders; no funding statement on website (9 pages) or YC page. LinkedIn/X/Crunchbase need a logged-in browser.,2026-09-30T19:59:31Z,,,,,,https://www.spotlight.realty,Real Estate and Construction,Early,4,No,0,,,0,,,,
interfere,Interfere,Summer 2025,No evidence found,,,,,,,,,,,,,,,,,,Checked: no post-YC Form D matching the founders; no funding statement on website (6 pages) or YC page. LinkedIn/X/Crunchbase need a logged-in browser.,2026-09-30T19:59:36Z,,,,,,https://interfere.com,B2B,Early,8,Yes,0,,,0,,,,
munify,Munify,Summer 2025,Yes,4500000,Seed,,,2,Company website,https://www.munify.ai/,"Munify recently closed a $4.5 million seed round from Y Combinator, White Star Capital, Byld, Rebel Fund and DCG..",,,,,,,,,High,Round date not stated on the source page; assumed post-YC because it is presented as current news. No matching post-YC Form D found.,2026-09-30T19:59:33Z,2025-12-27,4500000,https://www.munify.ai/ (date printed near the quote),4500000,Yes,https://munify.ai,Fintech,Early,4,No,0,,,0,0,0,,
rowflow,RowFlow,Summer 2025,No evidence found,,,,,,,,,,,,,,,,,,Checked: no post-YC Form D matching the founders; no funding statement on website (10 pages) or YC page. LinkedIn/X/Crunchbase need a logged-in browser.,2026-09-30T19:59:27Z,,,,,,https://rowflow.ai,B2B,Early,2,No,0,,,0,,,,
duranium,Duranium,Summer 2025,No evidence found,,,,,,,,,,,,,,,,,,Checked: no post-YC Form D matching the founders; no funding statement on website (1 pages) or YC page. LinkedIn/X/Crunchbase need a logged-in browser.,2026-09-30T19:59:31Z,,,,,,https://www.duranium.co/,Industrials,Early,12,No,0,,,0,,,,
perspectives-health,Perspectives Health,Summer 2025,No evidence found,,,,,,,,,,,,,,,,,,Checked: no post-YC Form D matching the founders; no funding statement on website (3 pages) or YC page. LinkedIn/X/Crunchbase need a logged-in browser.,2026-09-30T19:59:35Z,,,,,,https://perspectiveshealth.ai/,Healthcare,Early,5,No,0,,,0,,,,
modelence,Modelence,Summer 2025,Yes,3850000,SAFE (per Form D; stage not stated),2025-05-23,,1,SEC Form D/A,https://www.sec.gov/Archives/edgar/data/2071552/000207155225000005/primary_doc.xml,totalAmountSold: 3850000; totalOfferingAmount: 3850000; dateOfFirstSale: 2025-05-23,0002071552,0002071552-25-000005,3850000,3850000,2025-05-23,Other; Other: Simple Agreement for Future Equity (SAFE),22,"Modelence, Inc.",High,"First sale is close to batch start, so the Form D total may include YC's $500K.",2026-09-30T19:59:33Z,2025-05-23,3850000,SEC Form D 0002071552-25-000005,3850000,Yes,https://modelence.com,B2B,Early,3,No,0,,,0,0,0,,
magnetic,Magnetic,Summer 2025,No evidence found,,,,,,,,,,,,,,,,,,Checked: no post-YC Form D matching the founders; no funding statement on website (10 pages) or YC page. LinkedIn/X/Crunchbase need a logged-in browser.,2026-09-30T19:59:34Z,,,,,,https://www.magnetictax.com,B2B,Early,10,Yes,0,,,0,,,,
fleetline,Fleetline,Summer 2025,No evidence found,,,,,,,,,,,,,,,,,,Checked: no post-YC Form D matching the founders; no funding statement on website (7 pages) or YC page. LinkedIn/X/Crunchbase need a logged-in browser.,2026-09-30T20:00:41Z,,,,,,https://fleetline.ai,B2B,Early,11,Yes,0,,,0,,,,
clodo,CLODO,Summer 2025,No evidence found,,,,,,,,,,,,,,,,,,Checked: no post-YC Form D matching the founders; no funding statement on website (1 pages) or YC page. LinkedIn/X/Crunchbase need a logged-in browser.,2026-09-30T19:59:36Z,,,,,,https://clodo.ai,B2B,Early,2,No,0,,,0,,,,
stagewise,stagewise,Summer 2025,No evidence found,,,,,,,,,,,,,,,,,,Checked: no post-YC Form D matching the founders; no funding statement on website (5 pages) or YC page. LinkedIn/X/Crunchbase need a logged-in browser.,2026-09-30T19:59:43Z,,,,,,https://stagewise.io,B2B,Early,2,Yes,0,,,0,,,,
flywheel-ai,Flywheel AI,Summer 2025,No evidence found,,,,,,,,,,,,,,,,,,Checked: no post-YC Form D matching the founders; no funding statement on website (1 pages) or YC page. LinkedIn/X/Crunchbase need a logged-in browser.,2026-09-30T19:59:39Z,,,,,,https://useflywheel.ai/,Industrials,Early,2,No,0,,,0,,,,
juxta,Juxta,Summer 2025,No evidence found,,,,,,,,,,,,,,,,,,Checked: no post-YC Form D matching the founders; no funding statement on website (3 pages) or YC page. LinkedIn/X/Crunchbase need a logged-in browser.,2026-09-30T19:59:42Z,,,,,,https://juxta.com,B2B,Early,,Yes,0,,,0,,,,
okibi,Okibi,Summer 2025,No evidence found,,,,,,,,,,,,,,,,,,Checked: no post-YC Form D matching the founders; no funding statement on website (8 pages) or YC page. LinkedIn/X/Crunchbase need a logged-in browser.,2026-09-30T20:00:17Z,,,,,,https://okibi.ai,B2B,Early,2,No,0,,,0,,,,
rebulk,Rebulk,Summer 2025,No evidence found,,,,,,,,,,,,,,,,,,Checked: no post-YC Form D matching the founders; no funding statement on website (4 pages) or YC page. LinkedIn/X/Crunchbase need a logged-in browser.,2026-09-30T19:59:53Z,,,,,,https://www.rebulk.com,B2B,Early,3,No,0,,,0,,,,
kernel,KERNEL,Summer 2025,Yes,22000000,,2025-10-09,,4,Press (linked from YC company page),https://blog.onkernel.com/series-a-announcement/,We’ve raised $22m to scale our browser infrastructure platform for AI agents,,,,,,,,,Medium,No matching post-YC Form D found.,2026-09-30T19:59:41Z,2025-10-09,22000000,Press (linked from YC company page),22000000,Yes,https://www.kernel.sh,B2B,Growth,22,No,0,ashby,11,11,3,1,,Founding Product Designer; Business Development Representative; Enterprise Account Manager; Talent Acquisition Partner (GTM); Commercial Associate; Senior Solutions Engineer; Client Delivery Lead; Implementation Lead; AI Ops Engineer (Product); Product Marketing Lead
reacher,Reacher,Summer 2025,No evidence found,,,,,,,,,,,,,,,,,,Checked: no post-YC Form D matching the founders; no funding statement on website (5 pages) or YC page. LinkedIn/X/Crunchbase need a logged-in browser.,2026-09-30T20:00:11Z,,,,,,https://reacherapp.com/,B2B,Early,10,Yes,0,,,0,,,,
certus-ai,Certus AI,Summer 2025,No evidence found,,,,,,,,,,,,,,,,,,Checked: no post-YC Form D matching the founders; no funding statement on website (2 pages) or YC page. LinkedIn/X/Crunchbase need a logged-in browser.,2026-09-30T19:59:45Z,,,,,,https://www.certus-ai.com/,B2B,Early,8,No,0,,,0,,,,
hera-video,Hera,Summer 2025,No evidence found,,,,,,,,,,,,,,,,,,Checked: no post-YC Form D matching the founders; no funding statement on website (10 pages) or YC page. LinkedIn/X/Crunchbase need a logged-in browser. National register for DE not checked.,2026-09-30T19:59:48Z,,,,,,https://hera.video/,B2B,Early,5,Yes,0,,,0,,,,
notte,Notte,Summer 2025,Unclear,,Pre-Seed,2025-07-18,,4,press article (Vestbee),https://www.vestbee.com/insights/articles/notte-secures-2-5-m,"has secured $2.5 million in a pre-seed funding round. Additionally, the firm will join the Y Combinator Summer 2025 batch.",,,,,,,,,Low,"Manual review: $2.5M pre-seed reported Jul 2025 (Vestbee) says Notte 'will join' YC, so the round likely closed before the Summer 2025 batch. Not counted as post-YC without a close date.",2026-09-30T20:00:07Z,2025-07-18,2500000,https://www.vestbee.com/insights/articles/notte-secures-2-5-m,2500000,,https://www.notte.cc/,B2B,Early,5,No,0,,,0,0,0,https://www.notte.cc/,
pally,Pally,Summer 2025,No evidence found,,,,,,,,,,,,,,,,,,Checked: no post-YC Form D matching the founders; no funding statement on website (2 pages) or YC page. LinkedIn/X/Crunchbase need a logged-in browser.,2026-09-30T19:59:47Z,,,,,,https://pally.com,B2B,Early,2,No,0,,,0,,,,
locata,Locata,Summer 2025,No evidence found,,,,,,,,,,,,,,,,,,Checked: no post-YC Form D matching the founders; no funding statement on website (3 pages) or YC page. LinkedIn/X/Crunchbase need a logged-in browser.,2026-09-30T19:59:52Z,,,,,,https://www.locatahealth.com/,Healthcare,Early,4,Yes,0,,,0,,,,
pleom,Pleom,Summer 2025,No evidence found,,,,,,,,,,,,,,,,,,Checked: no post-YC Form D matching the founders; no funding statement on website (1 pages) or YC page. LinkedIn/X/Crunchbase need a logged-in browser.,2026-09-30T19:59:49Z,,,,,,https://pleom.com,B2B,Early,,No,0,,,0,,,,
convexia,Convexia,Summer 2025,No evidence found,,,,,,,,,,,,,,,,,,Checked: no post-YC Form D matching the founders; no funding statement on website (1 pages) or YC page. LinkedIn/X/Crunchbase need a logged-in browser.,2026-09-30T19:59:55Z,,,,,,https://convexia.bio,Healthcare,Early,4,No,0,,,0,,,,
sigmanticai,SigmanticAI,Summer 2025,No evidence found,,,,,,,,,,,,,,,,,,Checked: no post-YC Form D matching the founders; no funding statement on website (1 pages) or YC page. LinkedIn/X/Crunchbase need a logged-in browser.,2026-09-30T19:59:51Z,,,,,,https://www.sigmanticai.com,B2B,Early,2,No,0,,,0,,,,
sira,Sira,Summer 2025,Yes,3400000,,,,2,Company website,https://sira.team,Sira Raises $3.4M to Transform HR for Deskless Hourly Teams.,,,,,,,,,High,Round date not stated on the source page; assumed post-YC because it is presented as current news. No matching post-YC Form D found.,2026-09-30T20:00:45Z,2025-12-17,3400000,https://sira.team (date printed near the quote),3400000,Yes,https://sira.team,B2B,Early,4,Yes,2,,,2,0,0,,Founding Engineer; Founding Customer & Product Success Manager
f4-industries,F4 Industries,Summer 2025,No evidence found,,,,,,,,,,,,,,,,,,Checked: no post-YC Form D matching the founders; no funding statement on website (10 pages) or YC page. LinkedIn/X/Crunchbase need a logged-in browser.,2026-09-30T20:00:08Z,,,,,,https://f4.dev/,Industrials,Early,5,No,0,,,0,,,,
quotain,Quotain,Summer 2025,No evidence found,,,,,,,,,,,,,,,,,,Checked: no post-YC Form D matching the founders; no funding statement on website (4 pages) or YC page. LinkedIn/X/Crunchbase need a logged-in browser.,2026-09-30T20:00:00Z,,,,,,https://quotain.com,B2B,Early,2,No,0,,,0,,,,
altur,Altur,Summer 2025,No evidence found,,,,,,,,,,,,,,,,,,Checked: no post-YC Form D matching the founders; no funding statement on website (3 pages) or YC page. LinkedIn/X/Crunchbase need a logged-in browser. National register for MX not checked.,2026-09-30T20:00:14Z,,,,,,https://altur.io,B2B,Early,5,No,0,,,0,,,,
pares-ai,PARES AI,Summer 2025,No evidence found,,,,,,,,,,,,,,,,,,Checked: no post-YC Form D matching the founders; no funding statement on website (10 pages) or YC page. LinkedIn/X/Crunchbase need a logged-in browser.,2026-09-30T20:00:02Z,,,,,,https://www.pares.ai/,Real Estate and Construction,Early,3,No,0,,,0,,,,
avelis-health,Avelis Health,Summer 2025,No evidence found,,,,,,,,,,,,,,,,,,Checked: no post-YC Form D matching the founders; no funding statement on website (1 pages) or YC page. LinkedIn/X/Crunchbase need a logged-in browser.,2026-09-30T20:00:02Z,,,,,,https://avelishealth.com,Healthcare,Early,3,No,0,,,0,,,,
nautilus,Nautilus,Summer 2025,No evidence found,,,,,,,,,,,,,,,,,,Checked: no post-YC Form D matching the founders; no funding statement on website (4 pages) or YC page. LinkedIn/X/Crunchbase need a logged-in browser.,2026-09-30T20:00:28Z,,,,,,https://nautilus.co,B2B,Early,4,Yes,0,,,0,,,,
humoniq,Humoniq,Summer 2025,No evidence found,,,,,,,,,,,,,,,,,,Checked: no post-YC Form D matching the founders; no funding statement on website (1 pages) or YC page. LinkedIn/X/Crunchbase need a logged-in browser.,2026-09-30T20:00:44Z,,,,,,https://humoniq.ai,B2B,Early,5,No,0,,,0,,,,
maximal,Maximal,Summer 2025,No evidence found,,,,,,,,,,,,,,,,,,Checked: no post-YC Form D matching the founders; no funding statement on website (3 pages) or YC page. LinkedIn/X/Crunchbase need a logged-in browser.,2026-09-30T20:00:06Z,,,,,,https://www.trymaximal.com,B2B,Early,3,No,0,,,0,,,,
idler,idler,Summer 2025,Yes,9000000,Seed,2026-08-19,['Paradigm'],4,press article (Runtime Wire),https://runtimewire.com/article/idler-launches-ai-data-lab-9m-paradigm-seed,Idler also disclosed a $9M seed round led by Paradigm investors Alpin Yukseloglu (@0xalpo) and Frankie (@FrankieIsLost).,,,,,,,,,Medium,"Web search review: round_date is the public announcement date (Wed 2026-08-19). The article says a Cornell bulletin dated 2025-12-16 already mentioned the $9M seed, so the round probably closed about Dec 2025, which is still after the Summer 2025 batch started. Founders Nalu Concepcion, Ivan Chub and Tony Goss match. Other participants per search: YC, Long Journey Ventures. The Tracxn lead of $9.5M likely adds the Y Tracxn lead total $9,500,000; not confirmed by a higher-tier source. Checked: no post-YC Form D matching the founders; no funding statement on website (3 pages) or YC page. LinkedIn/X/Crunchbase need a logged-in browser.",2026-09-30T20:00:08Z,2026-08-19,9000000,press article (Runtime Wire),9000000,Yes,https://idler.ai/,B2B,Early,12,Yes,5,ashby,5,5,3,1,https://idler.ai/careers,Software Engineer; Special Projects Operator; Forward Deployed Engineer; Design Engineer; Research Scientist
floot,Floot,Summer 2025,No evidence found,,,,,,,,,,,,,,,,,,Checked: no post-YC Form D matching the founders; no funding statement on website (10 pages) or YC page. LinkedIn/X/Crunchbase need a logged-in browser.,2026-09-30T20:00:11Z,,,,,,https://floot.com,B2B,Early,4,Yes,0,,,0,,,,
alara,Alara,Summer 2025,No evidence found,,,,,,,,,,,,,,,,,,Checked: no post-YC Form D matching the founders; no funding statement on website (0 pages) or YC page. LinkedIn/X/Crunchbase need a logged-in browser.,2026-09-30T20:00:22Z,,,,,,http://alaradental.com,B2B,Early,,No,0,,,0,,,,
socratix-ai,Socratix AI,Summer 2025,Yes,4100000,,,,2,Company website,https://getsocratix.ai,Socratix AI Raises $4.1M to Empower Fraud Fighters with AI.,,,,,,,,,High,Round date not stated on the source page; assumed post-YC because it is presented as current news. No matching post-YC Form D found.,2026-09-30T20:00:12Z,2025-11-28,4100000,https://getsocratix.ai (date printed near the quote),4100000,Yes,https://getsocratix.ai,B2B,Early,5,Yes,1,,,1,0,0,,"Member of Technical Staff, AI Agents"
minimal-ai,Minimal AI,Summer 2025,No evidence found,,,,,,,,,,,,,,,,,,Checked: no post-YC Form D matching the founders; no funding statement on website (1 pages) or YC page. LinkedIn/X/Crunchbase need a logged-in browser. National register for NL not checked.,2026-09-30T20:00:53Z,,,,,,https://gominimal.ai/,B2B,Early,3,No,0,,,0,,,,
risely-ai,Risely AI,Summer 2025,No evidence found,,,,,,,,,,,,,,,,,,Checked: no post-YC Form D matching the founders; no funding statement on website (4 pages) or YC page. LinkedIn/X/Crunchbase need a logged-in browser.,2026-09-30T20:00:15Z,,,,,,https://www.risely.ai/,Education,Early,8,No,0,,,0,,,,
omnara,Omnara,Summer 2025,No evidence found,,,,,,,,,,,,,,,,,,Checked: no post-YC Form D matching the founders; no funding statement on website (2 pages) or YC page. LinkedIn/X/Crunchbase need a logged-in browser.,2026-09-30T20:00:19Z,,,,,,https://omnara.com,B2B,Early,4,No,0,,,0,,,,
knowlify,Knowlify,Summer 2025,No evidence found,,,,,,,,,,,,,,,,,,Checked: no post-YC Form D matching the founders; no funding statement on website (9 pages) or YC page. LinkedIn/X/Crunchbase need a logged-in browser.,2026-09-30T20:00:18Z,,,,,,https://www.knowlify.com/,B2B,Early,6,No,0,,,0,,,,
autosana,Autosana,Summer 2025,No evidence found,,,,,,,,,,,,,,,,,,Checked: no post-YC Form D matching the founders; no funding statement on website (10 pages) or YC page. LinkedIn/X/Crunchbase need a logged-in browser.,2026-09-30T20:00:21Z,,,,,,https://autosana.ai,B2B,Early,5,No,0,,,0,,,,
procindex,ProcIndex,Summer 2025,No evidence found,,,,,,,,,,,,,,,,,,Checked: no post-YC Form D matching the founders; no funding statement on website (6 pages) or YC page. LinkedIn/X/Crunchbase need a logged-in browser.,2026-09-30T20:00:31Z,,,,,,https://procindex.com/,B2B,Early,4,Yes,0,,,0,,,,
iron-grid,Iron Grid,Summer 2025,No evidence found,,,,,,,,,,,,,,,,,,Checked: no post-YC Form D matching the founders; no funding statement on website (3 pages) or YC page. LinkedIn/X/Crunchbase need a logged-in browser.,2026-09-30T20:00:23Z,,,,,,https://getirongrid.com/,Industrials,Early,2,No,0,,,0,,,,
finto-de,Finto,Summer 2025,Yes,3400000,Seed,2026-07-08,,4,press article (Tech.eu),https://tech.eu/2026/07/08/y-combinator-backed-german-startup-finto-raises-34m-says-chose-munich-over-the-valley/,$3.4m seed round,,,,,,,,,Medium,"Web search review: Investors are Y Combinator, Gradient, and Lightspeed; no lead named. CEO Jonas Morgner, CTO Linus Boehm, and CPO Lorenz Neuner confirmed. Unclear whether $3.4M includes YC's investment. The date is the article date. Tracxn lead total $3,900,000; not confirmed by a higher-tier source. Checked: no post-YC Form D matching the founders; no funding statement on website (3 pages) or YC page. LinkedIn/X/Crunchbase need a logged-in browser. National register for DE not checked.",2026-09-30T20:00:21Z,2026-07-08,3400000,press article (Tech.eu),3400000,Yes,https://www.gofinto.com/,B2B,Early,10,Yes,2,ashby,7,7,3,0,,SAP Integration Architect; Solution Engineer; Product Engineer; Founders Associate Intern; Tech Lead; Founders Associate; Entrepreneur in Residence
motives,Motives,Summer 2025,No evidence found,,,,,,,,,,,,,,,,,,Checked: no post-YC Form D matching the founders; no funding statement on website (2 pages) or YC page. LinkedIn/X/Crunchbase need a logged-in browser.,2026-09-30T20:00:23Z,,,,,,https://motives.ai/,B2B,Early,,No,0,,,0,,,,
relling,Relling,Summer 2025,No evidence found,,,,,,,,,,,,,,,,,,Checked: no post-YC Form D matching the founders; no funding statement on website (3 pages) or YC page. LinkedIn/X/Crunchbase need a logged-in browser.,2026-09-30T20:00:26Z,,,,,,https://relling.co,B2B,Early,,Yes,0,,,0,,,,
char,Char,Summer 2025,No evidence found,,,,,,,,,,,,,,,,,,Checked: no post-YC Form D matching the founders; no funding statement on website (3 pages) or YC page. LinkedIn/X/Crunchbase need a logged-in browser. National register for KR not checked.,2026-09-30T20:00:26Z,,,,,,https://char.com,B2B,Early,3,No,0,,,0,,,,
manufact,Manufact,Summer 2025,Yes,6300000,,,,2,Company website,https://manufact.com/blog/seed-announcement,Manufact Raises $6.3M to Build MCP Cloud | Manufact .,,,,,,,,,High,Round date not stated on the source page; assumed post-YC because it is presented as current news. No matching post-YC Form D found.,2026-09-30T20:00:27Z,,,,6300000,Yes,https://manufact.com,B2B,Early,5,Yes,4,,,4,0,0,https://www.ycombinator.com/companies/manufact/jobs,Developer Advocate & Partnerships (DevRel); Senior Infrastructure Engineer; Sales Development Representative (SDR); Founding Software Engineer (Product / MCP) 
novaflow,Novaflow,Summer 2025,No evidence found,,,,,,,,,,,,,,,,,,Checked: no post-YC Form D matching the founders; no funding statement on website (2 pages) or YC page. LinkedIn/X/Crunchbase need a logged-in browser.,2026-09-30T20:00:27Z,,,,,,https://www.novaflow.ai,Healthcare,Early,4,Yes,0,,,0,,,,
perseus-defense,Perseus Defense,Summer 2025,No evidence found,,,,,,,,,,,,,,,,,,Checked: no post-YC Form D matching the founders; no funding statement on website (1 pages) or YC page. LinkedIn/X/Crunchbase need a logged-in browser.,2026-09-30T20:00:29Z,,,,,,https://perseusdefense.com,Industrials,Early,3,Yes,0,,,0,,,,
phases,Phases,Summer 2025,No evidence found,,,,,,,,,,,,,,,,,,Checked: no post-YC Form D matching the founders; no funding statement on website (1 pages) or YC page. LinkedIn/X/Crunchbase need a logged-in browser.,2026-09-30T20:00:29Z,,,,,,https://phases.ai,Industrials,Early,3,No,0,,,0,,,,
solva,Solva,Summer 2025,No evidence found,,,,,,,,,,,,,,,,,,Checked: no post-YC Form D matching the founders; no funding statement on website (5 pages) or YC page. LinkedIn/X/Crunchbase need a logged-in browser.,2026-09-30T20:00:37Z,,,,,,https://solvatechnology.com,Fintech,Early,15,Yes,0,,,0,,,,
albacore-inc,Albacore Inc.,Summer 2025,Yes,6500000,Seed,2025-10-16,,4,Press (linked from YC company page),https://www.tectonicdefense.com/exclusive-yc-backed-albacore-swims-into-6-5m-seed-round/,Exclusive: YC-Backed Albacore Swims Into $6.5M Seed Round,,,,,,,,,Medium,No matching post-YC Form D found.,2026-09-30T20:00:31Z,2025-10-16,6500000,Press (linked from YC company page),6500000,Yes,https://www.albacore.inc,Industrials,Early,18,No,0,,,0,0,0,https://www.albacore.inc/careers,
physical-turing,Physical Turing,Summer 2025,No evidence found,,,,,,,,,,,,,,,,,,Checked: no post-YC Form D matching the founders; no funding statement on website (2 pages) or YC page. LinkedIn/X/Crunchbase need a logged-in browser.,2026-09-30T20:01:17Z,,,,,,https://physicalturing.ai/,Industrials,Early,2,No,0,,,0,,,,
twentytwo,TwentyTwo,Summer 2025,No evidence found,,,,,,,,,,,,,,,,,,Checked: no post-YC Form D matching the founders; no funding statement on website (0 pages) or YC page. LinkedIn/X/Crunchbase need a logged-in browser.,2026-09-30T20:01:18Z,,,,,,https://twentytwo.bio/,Healthcare,Early,3,No,0,,,0,,,,
mimos,Mimos,Summer 2025,No evidence found,,,,,,,,,,,,,,,,,,Checked: no post-YC Form D matching the founders; no funding statement on website (3 pages) or YC page. LinkedIn/X/Crunchbase need a logged-in browser.,2026-09-30T20:00:32Z,,,,,,https://www.trymimos.com/,B2B,Early,2,No,0,,,0,,,,
nozomio,Nozomio,Summer 2025,Yes,6200000,Seed,,CRV,2,Company website,https://www.nozomio.com/about,"We raised a $6.2M seed led by CRV, backed by BoxGroup, LocalGlobe, Y Combinator, Paul Graham, Gokul Rajaram, the CTO of Spotify, the creator",,,,,,,,,High,Round date not stated on the source page; assumed post-YC because it is presented as current news. Other stated figure: $6 Million (https://www.businessinsider.com/nozomio-high-school-dropout-y-combinator-6-million-seed-2025-9). No matching post-YC Form D found.,2026-09-30T20:00:33Z,,,,6200000,Yes,https://www.nozomio.com/,Consumer,Early,3,Yes,4,,,4,0,0,https://www.nozomio.com/careers,Founding Member of Technical Staff; Founding Member of Marketing Staff; Short-Form Content Creator; Founding Growth
vibeflow,VibeFlow,Summer 2025,Unclear,,Pre-Seed,2025-09-20,,4,Press,https://aiworld.eu/story/vibeflow-secures-500k-pre-seed-funding-for-full-stack-app-platform,Vibeflow secures $500K pre-seed funding for full-stack app platform / AI World,,,,,,,,,Low,"Manual review: press says Vibeflow secured a $500K pre-seed (Sep 2025). That matches YC's standard $500K deal and is probably YC's own investment, not a round beyond it.",2026-09-30T20:00:35Z,,,,,,https://vibeflow.ai/,B2B,Early,3,No,0,,,0,0,0,https://vibeflow.ai/careers,
comena,Comena,Summer 2025,No evidence found,,,,,,,,,,,,,,,,,,Checked: no post-YC Form D matching the founders; no funding statement on website (1 pages) or YC page. LinkedIn/X/Crunchbase need a logged-in browser. National register for DE not checked.,2026-09-30T20:00:37Z,,,,,,https://comena.ai,B2B,Early,8,Yes,0,,,0,,,,
normal,Normal,Summer 2025,No evidence found,,,,,,,,,,,,,,,,,,Checked: no post-YC Form D matching the founders; no funding statement on website (1 pages) or YC page. LinkedIn/X/Crunchbase need a logged-in browser.,2026-09-30T20:00:42Z,,,,,,https://www.normalfactory.com/,Industrials,Early,2,No,0,,,0,,,,
ghosteye,GhostEye,Summer 2025,No evidence found,,,,,,,,,,,,,,,,,,Checked: no post-YC Form D matching the founders; no funding statement on website (3 pages) or YC page. LinkedIn/X/Crunchbase need a logged-in browser.,2026-09-30T20:00:39Z,,,,,,https://ghosteye.ai,B2B,Early,6,No,0,,,0,,,,
channel3,Channel3,Summer 2025,Yes,6000000,,2025-12-10,,2,Company website,https://trychannel3.com/blog/channel3-raises-6m,Channel3 raises $6M to build a database of every product on the internet - Channel3 Blog,,,,,,,,,High,No matching post-YC Form D found.,2026-09-30T20:00:42Z,2025-12-10,6000000,Company website,6000000,Yes,https://trychannel3.com,B2B,Early,5,Yes,1,,,1,0,0,,Backend Engineer
epicenter,Epicenter,Summer 2025,No evidence found,,,,,,,,,,,,,,,,,,Checked: no post-YC Form D matching the founders; no funding statement on website (2 pages) or YC page. LinkedIn/X/Crunchbase need a logged-in browser.,2026-09-30T20:00:41Z,,,,,,https://epicenter.so,Consumer,Early,1,No,0,,,0,,,,
costream,Costream,Summer 2025,No evidence found,,,,,,,,,,,,,,,,,,Checked: no post-YC Form D matching the founders; no funding statement on website (1 pages) or YC page. LinkedIn/X/Crunchbase need a logged-in browser.,2026-09-30T20:00:42Z,,,,,,https://www.costream.ai,Consumer,Early,8,No,0,,,0,,,,
embedder,Embedder,Summer 2025,No evidence found,,,,,,,,,,,,,,,,,,Checked: no post-YC Form D matching the founders; no funding statement on website (3 pages) or YC page. LinkedIn/X/Crunchbase need a logged-in browser.,2026-09-30T20:00:47Z,,,,,,https://www.embedder.com,B2B,Early,6,No,0,,,0,,,,
flai,Flai,Summer 2025,Yes,6000000,Seed,,,2,Company website,https://www.useflai.com/blog/flai-seed-funding-toyota-ventures,"for the automotive industry, has extended its seed round to $6 million.",,,,,,,,,High,Round date not stated on the source page; assumed post-YC because it is presented as current news. Other stated figure: $4.5M (https://www.useflai.com/blog/seed-announcement). No matching post-YC Form D found.,2026-09-30T20:00:46Z,,,,6000000,Yes,https://www.useflai.com/,Industrials,Growth,35,Yes,1,ashby,5,5,0,0,,"BDR ; Head of Marketing; Customer Success Manager - San Francisco; Regional Account Executive, Indiana & Ohio; Regional Account Executive, Washington & Oregon"
b12-labs,b12 Labs,Summer 2025,No evidence found,,,,,,,,,,,,,,,,,,Checked: no post-YC Form D matching the founders; no funding statement on website (3 pages) or YC page. LinkedIn/X/Crunchbase need a logged-in browser.,2026-09-30T20:00:46Z,,,,,,https://b12-labs.com/,Healthcare,Early,3,Yes,0,,,0,,,,
fulcrum,Fulcrum,Summer 2025,No evidence found,,,,,,,,,,,,,,,,,,Checked: no post-YC Form D matching the founders; no funding statement on website (1 pages) or YC page. LinkedIn/X/Crunchbase need a logged-in browser.,2026-09-30T20:00:49Z,,,,,,https://fulcrumresearch.ai,B2B,Early,2,No,0,,,0,,,,
trace-so,Trace,Summer 2025,Yes,3000000,,2026-02-25,,4,Press (linked from YC company page),https://techcrunch.com/2026/02/26/trace-raises-3-million-to-solve-the-agent-adoption-problem/,Trace raises $3M to solve the AI agent adoption problem in enterprise | TechCrunch,,,,,,,,,Medium,No matching post-YC Form D found.,2026-09-30T20:00:46Z,2026-02-25,3000000,Press (linked from YC company page),3000000,Yes,https://www.trace.so/,B2B,Early,3,No,0,,,0,0,0,,
onestop,OneStop,Summer 2025,No evidence found,,,,,,,,,,,,,,,,,,Checked: no post-YC Form D matching the founders; no funding statement on website (1 pages) or YC page. LinkedIn/X/Crunchbase need a logged-in browser.,2026-09-30T20:00:51Z,,,,,,https://www.askonestop.com,Consumer,Early,2,Yes,0,,,0,,,,
ironledger-ai,IronLedger.ai,Summer 2025,No evidence found,,,,,,,,,,,,,,,,,,Checked: no post-YC Form D matching the founders; no funding statement on website (3 pages) or YC page. LinkedIn/X/Crunchbase need a logged-in browser.,2026-09-30T20:00:49Z,,,,,,https://ironledger.ai,Real Estate and Construction,Early,,Yes,0,,,0,,,,
doe,Doe,Summer 2025,No evidence found,,,,,,,,,,,,,,,,,,Checked: no post-YC Form D matching the founders; no funding statement on website (2 pages) or YC page. LinkedIn/X/Crunchbase need a logged-in browser.,2026-09-30T20:00:49Z,,,,,,https://doe.so/,B2B,Early,4,No,0,,,0,,,,
theora,Theora,Summer 2025,No evidence found,,,,,,,,,,,,,,,,,,Checked: no post-YC Form D matching the founders; no funding statement on website (1 pages) or YC page. LinkedIn/X/Crunchbase need a logged-in browser.,2026-09-30T20:00:49Z,,,,,,https://www.theorahq.com,B2B,Early,3,No,0,,,0,,,,
conviction,Conviction,Summer 2025,No evidence found,,,,,,,,,,,,,,,,,,Checked: no post-YC Form D matching the founders; no funding statement on website (7 pages) or YC page. LinkedIn/X/Crunchbase need a logged-in browser.,2026-09-30T20:01:25Z,,,,,,https://convictiontrade.ai,Fintech,Early,3,Yes,0,,,0,,,,
riverbank,Riverbank,Summer 2025,No evidence found,,,,,,,,,,,,,,,,,,Checked: no post-YC Form D matching the founders; no funding statement on website (10 pages) or YC page. LinkedIn/X/Crunchbase need a logged-in browser.,2026-09-30T20:00:51Z,,,,,,https://www.riverbank.sh/,B2B,Early,1,No,0,,,0,,,,
kalinda,Kalinda,Summer 2025,Yes,692000,Equity (per Form D; stage not stated),2026-04-06,,1,SEC Form D,https://www.sec.gov/Archives/edgar/data/2088907/000208890726000001/primary_doc.xml,totalAmountSold: 692000; totalOfferingAmount: 1000000; dateOfFirstSale: 2026-04-06,0002088907,0002088907-26-000001,692000,1000000,2026-04-06,Equity,9,"Kalinda, Inc.",High,,2026-09-30T20:00:52Z,2026-04-06,692000,SEC Form D 0002088907-26-000001,692000,Yes,https://www.kalinda.ai/,B2B,Early,2,Yes,1,,,1,0,0,,Founding Software Engineer
stellon-labs,Stellon Labs,Summer 2025,No evidence found,,,,,,,,,,,,,,,,,,Checked: no post-YC Form D matching the founders; no funding statement on website (10 pages) or YC page. LinkedIn/X/Crunchbase need a logged-in browser.,2026-09-30T20:00:51Z,,,,,,https://stellonlabs.com/,B2B,Early,2,No,0,,,0,,,,
bootloop,BootLoop,Summer 2025,No evidence found,,,,,,,,,,,,,,,,,,Checked: no post-YC Form D matching the founders; no funding statement on website (4 pages) or YC page. LinkedIn/X/Crunchbase need a logged-in browser.,2026-09-30T20:00:53Z,,,,,,https://bootloop.ai/,B2B,Early,3,Yes,0,,,0,,,,
panoptive,Panoptive,Summer 2025,No evidence found,,,,,,,,,,,,,,,,,,Checked: no post-YC Form D matching the founders; no funding statement on website (3 pages) or YC page. LinkedIn/X/Crunchbase need a logged-in browser.,2026-09-30T20:00:57Z,,,,,,https://www.panoptive.com,B2B,Early,2,No,0,,,0,,,,
cocreate,cocreate,Summer 2025,No evidence found,,,,,,,,,,,,,,,,,,Checked: no post-YC Form D matching the founders; no funding statement on website (3 pages) or YC page. LinkedIn/X/Crunchbase need a logged-in browser.,2026-09-30T20:01:11Z,,,,,,https://cocreate.so,Consumer,Early,10,No,0,,,0,,,,
slashy,Slashy,Summer 2025,No evidence found,,,,,,,,,,,,,,,,,,Checked: no post-YC Form D matching the founders; no funding statement on website (14 pages) or YC page. LinkedIn/X/Crunchbase need a logged-in browser.,2026-09-30T20:00:56Z,,,,,,https://www.slashy.com/,B2B,Early,3,No,0,,,0,,,,
wedge,Wedge,Summer 2025,No evidence found,,,,,,,,,,,,,,,,,,Checked: no post-YC Form D matching the founders; no funding statement on website (1 pages) or YC page. LinkedIn/X/Crunchbase need a logged-in browser.,2026-09-30T20:00:58Z,,,,,,https://www.wedge.health,Healthcare,Early,2,Yes,0,,,0,,,,
careswift,CareSwift,Summer 2025,No evidence found,,,,,,,,,,,,,,,,,,Checked: no post-YC Form D matching the founders; no funding statement on website (2 pages) or YC page. LinkedIn/X/Crunchbase need a logged-in browser.,2026-09-30T20:01:02Z,,,,,,https://www.careswift.com/,Healthcare,Early,2,Yes,0,,,0,,,,
pangolin,Pangolin,Summer 2025,No evidence found,,,,,,,,,,,,,,,,,,Checked: no post-YC Form D matching the founders; no funding statement on website (4 pages) or YC page. LinkedIn/X/Crunchbase need a logged-in browser.,2026-09-30T20:01:03Z,,,,,,https://pangolin.net,B2B,Early,3,Yes,0,,,0,,,,
kestroll,Kestroll,Summer 2025,No evidence found,,,,,,,,,,,,,,,,,,Checked: no post-YC Form D matching the founders; no funding statement on website (1 pages) or YC page. LinkedIn/X/Crunchbase need a logged-in browser.,2026-09-30T20:00:57Z,,,,,,https://www.kestroll.com/,Consumer,Early,2,No,0,,,0,,,,
tesora,Tesora,Summer 2025,No evidence found,,,,,,,,,,,,,,,,,,Checked: no post-YC Form D matching the founders; no funding statement on website (10 pages) or YC page. LinkedIn/X/Crunchbase need a logged-in browser.,2026-09-30T20:00:57Z,,,,,,https://tesora.ai,Fintech,Early,5,Yes,0,,,0,,,,
deepaware-ai-robotics-center-of-silicon-valley,DeepAware AI (Robotics Center of Silicon Valley),Summer 2025,No evidence found,,,,,,,,,,,,,,,,,,Checked: no post-YC Form D matching the founders; no funding statement on website (10 pages) or YC page. LinkedIn/X/Crunchbase need a logged-in browser.,2026-09-30T20:01:13Z,,,,,,https://roboticscenter.ai/,Industrials,Early,4,Yes,0,,,0,,,,
stockline,Stockline,Summer 2025,No evidence found,,,,,,,,,,,,,,,,,,Checked: no post-YC Form D matching the founders; no funding statement on website (2 pages) or YC page. LinkedIn/X/Crunchbase need a logged-in browser. National register for FR not checked.,2026-09-30T20:01:02Z,,,,,,https://stockline.ai,B2B,Early,2,No,0,,,0,,,,
magnitude,Magnitude,Summer 2025,No evidence found,,,,,,,,,,,,,,,,,,Checked: no post-YC Form D matching the founders; no funding statement on website (2 pages) or YC page. LinkedIn/X/Crunchbase need a logged-in browser.,2026-09-30T20:01:45Z,,,,,,https://magnitude.dev,B2B,Early,2,No,0,,,0,,,,
proliferate,Proliferate,Summer 2025,No evidence found,,,,,,,,,,,,,,,,,,Checked: no post-YC Form D matching the founders; no funding statement on website (5 pages) or YC page. LinkedIn/X/Crunchbase need a logged-in browser.,2026-09-30T20:01:59Z,,,,,,https://proliferate.com?utm_source=yc&utm_medium=referral&utm_campaign=profile,B2B,Early,,Yes,0,,,0,,,,
deepgrove,DeepGrove,Summer 2025,No evidence found,,,,,,,,,,,,,,,,,,Checked: no post-YC Form D matching the founders; no funding statement on website (1 pages) or YC page. LinkedIn/X/Crunchbase need a logged-in browser.,2026-09-30T20:01:02Z,,,,,,https://deepgrove.ai,B2B,Early,3,Yes,0,,,0,,,,
frizzle,Frizzle,Summer 2025,No evidence found,,,,,,,,,,,,,,,,,,Checked: no post-YC Form D matching the founders; no funding statement on website (2 pages) or YC page. LinkedIn/X/Crunchbase need a logged-in browser.,2026-09-30T20:01:03Z,,,,,,https://www.frizzle.com,Education,Early,2,No,0,,,0,,,,
ondeck-ai,OnDeck AI,Summer 2025,No evidence found,,,,,,,,,,,,,,,,,,Checked: no post-YC Form D matching the founders; no funding statement on website (2 pages) or YC page. LinkedIn/X/Crunchbase need a logged-in browser. National register for CA not checked.,2026-09-30T20:01:08Z,,,,,,https://www.ondeckai.com,B2B,Early,7,Yes,0,,,0,,,,
alter,Alter,Summer 2025,No evidence found,,,,,,,,,,,,,,,,,,Checked: no post-YC Form D matching the founders; no funding statement on website (4 pages) or YC page. LinkedIn/X/Crunchbase need a logged-in browser.,2026-09-30T20:01:07Z,,,,,,https://alterauth.com,B2B,Early,2,No,0,,,0,,,,
imprezia,Imprezia,Summer 2025,No evidence found,,,,,,,,,,,,,,,,,,Checked: no post-YC Form D matching the founders; no funding statement on website (4 pages) or YC page. LinkedIn/X/Crunchbase need a logged-in browser.,2026-09-30T20:01:11Z,,,,,,https://imprezia.ai,B2B,Early,4,Yes,0,,,0,,,,
lilac,Lilac,Summer 2025,No evidence found,,,,,,,,,,,,,,,,,,Checked: no post-YC Form D matching the founders; no funding statement on website (10 pages) or YC page. LinkedIn/X/Crunchbase need a logged-in browser.,2026-09-30T20:01:09Z,,,,,,https://getlilac.com,B2B,Early,4,No,0,,,0,,,,
tryjanet,Janet AI,Summer 2025,Yes,2225000,Equity (per Form D; stage not stated),2025-06-18,,1,SEC Form D,https://www.sec.gov/Archives/edgar/data/2147912/000214791226000001/primary_doc.xml,totalAmountSold: 2225000; totalOfferingAmount: 2225000; dateOfFirstSale: 2025-06-18,0002147912,0002147912-26-000001,2225000,2225000,2025-06-18,Equity,10,"Janet AI, Inc.",High,"First sale is close to batch start, so the Form D total may include YC's $500K.",2026-09-30T20:01:07Z,2025-06-18,2225000,SEC Form D 0002147912-26-000001,2225000,Yes,https://janet.ai,B2B,Early,5,No,0,,,0,0,0,,
cyberdesk,Cyberdesk,Summer 2025,No evidence found,,,,,,,,,,,,,,,,,,Checked: no post-YC Form D matching the founders; no funding statement on website (6 pages) or YC page. LinkedIn/X/Crunchbase need a logged-in browser.,2026-09-30T20:01:14Z,,,,,,https://www.cyberdesk.io,B2B,Early,2,No,0,,,0,,,,
panels,Panels,Summer 2025,No evidence found,,,,,,,,,,,,,,,,,,Checked: no post-YC Form D matching the founders; no funding statement on website (1 pages) or YC page. LinkedIn/X/Crunchbase need a logged-in browser.,2026-09-30T20:01:12Z,,,,,,https://www.usepanels.com/,B2B,Early,1,Yes,0,,,0,,,,
wafer,Wafer,Summer 2025,Yes,40000000,Series A,,,2,Company website,https://www.wafer.ai,Wafer | Continual Inference Wafer raises $40M in Series A funding Learn more .,,,,,,,,,High,Round date not stated on the source page; assumed post-YC because it is presented as current news. No matching post-YC Form D found.,2026-09-30T20:01:15Z,,,,40000000,Yes,https://www.wafer.ai,B2B,Growth,15,No,0,ashby,2,2,1,0,,Member of Technical Staff; Founding Growth
orange-slice,Orange Slice,Summer 2025,Yes,5300000,Seed,,,2,Company website,https://www.orangeslice.ai/,We raised $5.3M in seed funding → Orange Slice .,,,,,,,,,High,Round date not stated on the source page; assumed post-YC because it is presented as current news. No matching post-YC Form D found.,2026-09-30T20:01:18Z,,,,5300000,Yes,https://orangeslice.ai,B2B,Early,2,Yes,1,,,1,0,0,,Founding Engineer
monarcha,Monarcha,Summer 2025,Yes,1600000,Seed,,,2,Company website,https://monarcha.ai/blog,Monarcha Raises $1.6M Seed Round Backed by Y Combinator.,,,,,,,,,High,Round date not stated on the source page; assumed post-YC because it is presented as current news. No matching post-YC Form D found.,2026-09-30T20:01:17Z,2025-12-15,1600000,https://monarcha.ai/blog (date printed near the quote),1600000,Yes,https://monarcha.ai,B2B,Early,2,No,0,,,0,0,0,,
lotas,Lotas,Summer 2025,No evidence found,,,,,,,,,,,,,,,,,,Checked: no post-YC Form D matching the founders; no funding statement on website (2 pages) or YC page. LinkedIn/X/Crunchbase need a logged-in browser.,2026-09-30T20:01:19Z,,,,,,https://www.lotas.ai,B2B,Early,2,No,0,,,0,,,,
design-arena,Design Arena,Summer 2025,No evidence found,,,,,,,,,,,,,,,,,,Checked: no post-YC Form D matching the founders; no funding statement on website (6 pages) or YC page. LinkedIn/X/Crunchbase need a logged-in browser.,2026-09-30T20:01:17Z,,,,,,https://www.designarena.ai/,Consumer,Early,3,No,0,,,0,,,,
effigov,EffiGov,Summer 2025,No evidence found,,,,,,,,,,,,,,,,,,Checked: no post-YC Form D matching the founders; no funding statement on website (7 pages) or YC page. LinkedIn/X/Crunchbase need a logged-in browser.,2026-09-30T20:01:46Z,,,,,,https://effigov.com,Government,Early,3,Yes,0,,,0,,,,
bitrig,Bitrig,Summer 2025,No evidence found,,,,,,,,,,,,,,,,,,Checked: no post-YC Form D matching the founders; no funding statement on website (4 pages) or YC page. LinkedIn/X/Crunchbase need a logged-in browser.,2026-09-30T20:01:19Z,,,,,,https://bitrig.com,B2B,Early,3,No,0,,,0,,,,
lark,Lark,Summer 2025,No evidence found,,,,,,,,,,,,,,,,,,Checked: no post-YC Form D matching the founders; no funding statement on website (2 pages) or YC page. LinkedIn/X/Crunchbase need a logged-in browser.,2026-09-30T20:01:19Z,,,,,,https://getlark.ai/,B2B,Early,5,No,0,,,0,,,,
topological,Topological,Summer 2025,No evidence found,,,,,,,,,,,,,,,,,,Checked: no post-YC Form D matching the founders; no funding statement on website (1 pages) or YC page. LinkedIn/X/Crunchbase need a logged-in browser.,2026-09-30T20:01:20Z,,,,,,https://www.topological.com,B2B,Early,2,No,0,,,0,,,,
datafruit,Datafruit,Summer 2025,No evidence found,,,,,,,,,,,,,,,,,,Checked: no post-YC Form D matching the founders; no funding statement on website (1 pages) or YC page. LinkedIn/X/Crunchbase need a logged-in browser.,2026-09-30T20:02:15Z,,,,,,https://datafruit.ai/,B2B,Early,2,No,0,,,0,,,,
contextfort,ContextFort,Summer 2025,No evidence found,,,,,,,,,,,,,,,,,,Checked: no post-YC Form D matching the founders; no funding statement on website (3 pages) or YC page. LinkedIn/X/Crunchbase need a logged-in browser.,2026-09-30T20:01:22Z,,,,,,https://contextfort.ai/,B2B,Early,2,No,0,,,0,,,,
llm-stats,LLM Stats,Summer 2025,No evidence found,,,,,,,,,,,,,,,,,,Checked: no post-YC Form D matching the founders; no funding statement on website (2 pages) or YC page. LinkedIn/X/Crunchbase need a logged-in browser.,2026-09-30T20:01:27Z,,,,,,https://llm-stats.com,B2B,Early,2,No,0,,,0,,,,
verne-robotics,Verne Robotics,Summer 2025,No evidence found,,,,,,,,,,,,,,,,,,Checked: no post-YC Form D matching the founders; no funding statement on website (1 pages) or YC page. LinkedIn/X/Crunchbase need a logged-in browser.,2026-09-30T20:01:27Z,,,,,,https://vernerobotics.com/,Industrials,Early,7,Yes,0,,,0,,,,
playgent,Playgent,Summer 2025,No evidence found,,,,,,,,,,,,,,,,,,Checked: no post-YC Form D matching the founders; no funding statement on website (2 pages) or YC page. LinkedIn/X/Crunchbase need a logged-in browser.,2026-09-30T20:01:39Z,,,,,,https://useplaygent.com,Healthcare,Early,2,No,0,,,0,,,,
liva-ai,Liva AI,Summer 2025,No evidence found,,,,,,,,,,,,,,,,,,Checked: no post-YC Form D matching the founders; no funding statement on website (10 pages) or YC page. LinkedIn/X/Crunchbase need a logged-in browser.,2026-09-30T20:01:24Z,,,,,,https://www.theliva.ai,B2B,Early,6,No,0,,,0,,,,
shor,Shor,Summer 2025,No evidence found,,,,,,,,,,,,,,,,,,Checked: no post-YC Form D matching the founders; no funding statement on website (2 pages) or YC page. LinkedIn/X/Crunchbase need a logged-in browser.,2026-09-30T20:01:24Z,,,,,,https://shorpay.com,Fintech,Early,4,No,0,,,0,,,,
golpo,Golpo,Summer 2025,Yes,4100000,Seed,,,2,Company website,https://video.golpoai.com/about,"Soon after, we raised a $4.1M seed round and launched publicly..",,,,,,,,,High,Round date not stated on the source page; assumed post-YC because it is presented as current news. Other stated figure: $4M (https://www.businessinsider.com/golpo-brothers-quit-stanford-raised-4m-ai-startup-y-combinator-2025-10). No matching post-YC Form D found.,2026-09-30T20:01:26Z,,,,4100000,Yes,https://video.golpoai.com/,B2B,Early,7,No,0,,,0,0,0,,
args,args,Summer 2025,No evidence found,,,,,,,,,,,,,,,,,,Checked: no post-YC Form D matching the founders; no funding statement on website (10 pages) or YC page. LinkedIn/X/Crunchbase need a logged-in browser.,2026-09-30T20:01:29Z,,,,,,https://args.io/,B2B,Early,2,No,0,,,0,,,,
lanesurf,Lanesurf,Summer 2025,No evidence found,,,,,,,,,,,,,,,,,,Checked: no post-YC Form D matching the founders; no funding statement on website (3 pages) or YC page. LinkedIn/X/Crunchbase need a logged-in browser.,2026-09-30T20:01:30Z,,,,,,https://www.lanesurf.com/,B2B,Early,11,Yes,0,,,0,,,,
astor,Astor,Summer 2025,Yes,5000000,Seed,,,2,Company website,https://www.astor.app/,Astor raises $5M seed round to reinvent personal investing .,,,,,,,,,High,Round date not stated on the source page; assumed post-YC because it is presented as current news. No matching post-YC Form D found.,2026-09-30T20:01:33Z,,,,5000000,Yes,https://astor.app/,Fintech,Early,5,No,0,,,0,0,0,,
blank-bio,Blank Bio,Summer 2025,Yes,7200000,Seed,2026-05,,4,press (The SaaS News),https://www.thesaasnews.com/news/blank-bio-raises-7-2m-seed/,Blank Bio raises $7.2M in seed funding,,,,,,,,,Medium,"Web search review: SaaS News dated 2026-05-19. No lead named. Investors: Define Ventures, Leonis Capital, Nova Threshold, Ripple Ventures, SignalFire, YC. Founders Hsu, Fradkin and Shi match. GenomeWeb returned 403. Batch S25. Tracxn lead total $7,200,000; not confirmed by a higher-tier source. Checked: no post-YC Form D matching the founders; no funding statement on website (2 pages) or YC page. LinkedIn/X/Crunchbase need a logged-in browser.",2026-09-30T20:02:05Z,2026-05-01,7200000,press (The SaaS News),7200000,Yes,http://blank.bio/,Healthcare,Early,6,No,0,,,0,0,0,,
truthsystems,truthsystems,Summer 2025,Yes,4000000,,,,2,Company website,https://www.truthsystems.ai,We raised $4M to build trust infrastructure for AI.,,,,,,,,,High,Round date not stated on the source page; assumed post-YC because it is presented as current news. No matching post-YC Form D found.,2026-09-30T20:01:31Z,,,,4000000,Yes,https://www.truthsystems.ai,B2B,Early,6,Yes,0,,,0,0,0,,
agentmail,AgentMail,Summer 2025,Yes,6000000,Seed,,,2,Company website,https://www.agentmail.to/,We raised $6M in Seed Funding Read more .,,,,,,,,,High,"Unverified Form D by same-named person: Qolab, Inc. 0002024359-26-000003 sold 44147466 (first sale 2026-06-30, Madison); likely a different person. Round date not stated on the source page; assumed post-YC because it is presented as current news. No matching post-YC Form D found.",2026-09-30T20:02:15Z,,,,6000000,Yes,https://agentmail.to,B2B,Early,10,Yes,6,ashby,6,6,6,0,https://www.agentmail.to/careers,"Founding Engineer; Senior Engineer, Backend/Infra; GTM Engineer; Founding GTM & Operations Lead; Founding PLG & Community Lead; Agent Experience Engineer"
traceroot-ai,TraceRoot.AI,Summer 2025,No evidence found,,,,,,,,,,,,,,,,,,Checked: no post-YC Form D matching the founders; no funding statement on website (11 pages) or YC page. LinkedIn/X/Crunchbase need a logged-in browser.,2026-09-30T20:01:31Z,,,,,,https://traceroot.ai,B2B,Early,4,Yes,0,,,0,,,,
halluminate,Halluminate,Summer 2025,No evidence found,,,,,,,,,,,,,,,,,,Checked: no post-YC Form D matching the founders; no funding statement on website (1 pages) or YC page. LinkedIn/X/Crunchbase need a logged-in browser.,2026-09-30T20:02:19Z,,,,,,https://halluminate.ai/,B2B,Early,5,Yes,0,,,0,,,,
mangodesk,MangoDesk,Summer 2025,No evidence found,,,,,,,,,,,,,,,,,,Checked: no post-YC Form D matching the founders; no funding statement on website (10 pages) or YC page. LinkedIn/X/Crunchbase need a logged-in browser.,2026-09-30T20:01:34Z,,,,,,https://www.mangodesk.com/,B2B,Early,2,Yes,0,,,0,,,,
the-prompting-company,The Prompting Company,Summer 2025,Yes,6500000,,,,2,Company website,https://promptingcompany.com/,"We raised $6.5M from Peak XV,.",,,,,,,,,High,Round date not stated on the source page; assumed post-YC because it is presented as current news. No matching post-YC Form D found.,2026-09-30T20:01:39Z,,,,6500000,Yes,https://www.promptingcompany.com,B2B,Early,7,Yes,5,,,5,0,0,,Fullstack Engineer; Founding Account Executive; Forward Deployed Engineer; Founding GTM; Founding Ops
acrely,Acrely,Summer 2025,No evidence found,,,,,,,,,,,,,,,,,,Checked: no post-YC Form D matching the founders; no funding statement on website (1 pages) or YC page. LinkedIn/X/Crunchbase need a logged-in browser.,2026-09-30T20:01:42Z,,,,,,https://www.acrely.ai,B2B,Early,6,No,0,,,0,,,,
dedalus-labs,Dedalus Labs,Summer 2025,Yes,11000000,,,,2,Company website,https://www.dedaluslabs.ai/blog,We raised $11M to redefine how developers build AI agents.,,,,,,,,,High,Round date not stated on the source page; assumed post-YC because it is presented as current news. No matching post-YC Form D found.,2026-09-30T20:01:40Z,2026-01-19,11000000,https://www.dedaluslabs.ai/blog (date printed near the quote),11000000,Yes,https://www.dedaluslabs.ai/,B2B,Early,8,Yes,8,ashby,8,8,7,0,https://www.dedaluslabs.ai/careers,"Distributed Systems Engineer; Systems Engineer Intern; Systems Engineer; Design Engineer; Design Engineer Intern; Infrastructure Engineer Intern; Product Manager Intern; Software Engineer, Infrastructure & Performance"
closera,Closera,Summer 2025,No evidence found,,,,,,,,,,,,,,,,,,Checked: no post-YC Form D matching the founders; no funding statement on website (1 pages) or YC page. LinkedIn/X/Crunchbase need a logged-in browser.,2026-09-30T20:01:40Z,,,,,,https://closera.com,B2B,Early,2,No,0,,,0,,,,
meteor,Meteor,Summer 2025,No evidence found,,,,,,,,,,,,,,,,,,Checked: no post-YC Form D matching the founders; no funding statement on website (2 pages) or YC page. LinkedIn/X/Crunchbase need a logged-in browser.,2026-09-30T20:02:04Z,,,,,,https://browse.dev,Consumer,Early,2,No,0,,,0,,,,
getasap,GETASAP,Summer 2025,Unclear,,,,,5,"Tracxn (lead only, from input)",,,,,,,,,,,Low,"Web search review: Round date unknown, so post_yc undetermined. FoundersToday ('GetASAP ASIA raises $3.45M', led by General Catalyst and Y Combinator, with Ritual Capital and Pioneer Fund) matches Tracxn $3.45M but returned 503, so it is not quoted. If YC co-led, the total probably includes YC's $500K. Singularity Capital portfolio page confirms backing from General Catalyst, YC, Pioneer Fund but gives no amount. Tracxn lead total $3,450,000; not confirmed by a higher-tier source. Checked: no post-YC Form D matching the founders; no funding statement on website (2 pages) or YC page. LinkedIn/X/Crunchbase need a logged-in browser.",2026-09-30T20:01:43Z,,,,,,https://www.getasap.us,B2B,Early,30,Yes,1,,,1,0,0,,GTM Intern
adaptional,Adaptional,Summer 2025,No evidence found,,,,,,,,,,,,,,,,,,"Unverified Form D by same-named person: Spekt, Inc. 0002112188-26-000001 sold 90 (first sale 2026-01-08, Sacramento); likely a different person. Checked: no post-YC Form D matching the founders; no funding statement on website (2 pages) or YC page. LinkedIn/X/Crunchbase need a logged-in browser.",2026-09-30T20:01:44Z,,,,,,https://www.adaptional.com/,B2B,Early,,Yes,0,,,0,,,,
pingo,Pingo,Summer 2025,No evidence found,,,,,,,,,,,,,,,,,,Checked: no post-YC Form D matching the founders; no funding statement on website (3 pages) or YC page. LinkedIn/X/Crunchbase need a logged-in browser.,2026-09-30T20:02:04Z,,,,,,https://pingo.ai,Consumer,Early,5,No,0,,,0,,,,
preseen,Preseen,Summer 2025,No evidence found,,,,,,,,,,,,,,,,,,Checked: no post-YC Form D matching the founders; no funding statement on website (2 pages) or YC page. LinkedIn/X/Crunchbase need a logged-in browser.,2026-09-30T20:01:45Z,,,,,,https://preseen.com,B2B,Early,1,No,0,,,0,,,,
synthetic-society,Synthetic Society,Summer 2025,No evidence found,,,,,,,,,,,,,,,,,,Checked: no post-YC Form D matching the founders; no funding statement on website (4 pages) or YC page. LinkedIn/X/Crunchbase need a logged-in browser.,2026-09-30T20:01:48Z,,,,,,https://syntheticsociety.ai/,B2B,Early,2,Yes,0,,,0,,,,
cactus-compute,Cactus Compute,Summer 2025,No evidence found,,,,,,,,,,,,,,,,,,Checked: no post-YC Form D matching the founders; no funding statement on website (2 pages) or YC page. LinkedIn/X/Crunchbase need a logged-in browser.,2026-09-30T20:01:47Z,,,,,,https://www.cactuscompute.com/,B2B,Early,8,No,0,,,0,,,,
nixo,Nixo,Summer 2025,No evidence found,,,,,,,,,,,,,,,,,,Checked: no post-YC Form D matching the founders; no funding statement on website (10 pages) or YC page. LinkedIn/X/Crunchbase need a logged-in browser.,2026-09-30T20:01:52Z,,,,,,https://withnixo.com/,B2B,Early,6,Yes,0,,,0,,,,
serafis,Serafis,Summer 2025,No evidence found,,,,,,,,,,,,,,,,,,Checked: no post-YC Form D matching the founders; no funding statement on website (1 pages) or YC page. LinkedIn/X/Crunchbase need a logged-in browser.,2026-09-30T20:01:52Z,,,,,,https://serafis.ai,B2B,Early,4,No,0,,,0,,,,
wayline,Wayline,Summer 2025,No evidence found,,,,,,,,,,,,,,,,,,Checked: no post-YC Form D matching the founders; no funding statement on website (2 pages) or YC page. LinkedIn/X/Crunchbase need a logged-in browser.,2026-09-30T20:01:56Z,,,,,,https://wayline.com,Real Estate and Construction,Early,5,Yes,0,,,0,,,,
ambral,Ambral,Summer 2025,No evidence found,,,,,,,,,,,,,,,,,,Checked: no post-YC Form D matching the founders; no funding statement on website (1 pages) or YC page. LinkedIn/X/Crunchbase need a logged-in browser.,2026-09-30T20:01:51Z,,,,,,https://www.ambral.com/,B2B,Early,4,Yes,0,,,0,,,,
monte,Monte,Summer 2025,No evidence found,,,,,,,,,,,,,,,,,,Checked: no post-YC Form D matching the founders; no funding statement on website (1 pages) or YC page. LinkedIn/X/Crunchbase need a logged-in browser.,2026-09-30T20:01:52Z,,,,,,https://trymonte.ai,B2B,Early,3,No,0,,,0,,,,
autumn,Autumn,Summer 2025,No evidence found,,,,,,,,,,,,,,,,,,Checked: no post-YC Form D matching the founders; no funding statement on website (4 pages) or YC page. LinkedIn/X/Crunchbase need a logged-in browser.,2026-09-30T20:01:56Z,,,,,,https://useautumn.com,B2B,Early,5,Yes,0,,,0,,,,
stormy,Stormy,Summer 2025,Yes,1700000,,,,2,Company website,https://stormy.ai/blog,Stormy raises $1.7M to build the command layer for physical operations.,,,,,,,,,High,Round date not stated on the source page; assumed post-YC because it is presented as current news. No matching post-YC Form D found.,2026-09-30T20:02:10Z,2026-09-29,1700000,https://stormy.ai/blog (date printed near the quote),1700000,Yes,https://stormy.ai,B2B,Early,5,No,0,,,0,0,0,,
opennote,Opennote,Summer 2025,Yes,850000,,2025-07-09,,4,Press (linked from YC company page),https://betakit.com/opennote-raises-850000-usd-secures-y-combinator-spot-for-edtech-platform/,"Opennote raises $850,000 USD, secures Y Combinator spot for edtech platform | BetaKit",,,,,,,,,Medium,No matching post-YC Form D found.,2026-09-30T20:02:42Z,2025-07-09,850000,Press (linked from YC company page),850000,Yes,https://opennote.com,Consumer,Early,3,No,0,ashby,2,2,0,0,https://www.opennote.com/,UGC Creator; Campus Ambassador
metis,Metis,Summer 2025,No evidence found,,,,,,,,,,,,,,,,,,Checked: no post-YC Form D matching the founders; no funding statement on website (1 pages) or YC page. LinkedIn/X/Crunchbase need a logged-in browser.,2026-09-30T20:02:00Z,,,,,,https://withmetis.ai,B2B,Early,13,No,0,,,0,,,,
nexa-labs,Nexa Labs,Summer 2025,No evidence found,,,,,,,,,,,,,,,,,,Checked: no post-YC Form D matching the founders; no funding statement on website (1 pages) or YC page. LinkedIn/X/Crunchbase need a logged-in browser.,2026-09-30T20:02:00Z,,,,,,https://nexa.farm/,Industrials,Early,3,No,0,,,0,,,,
tectoai,TectoAI,Summer 2025,No evidence found,,,,,,,,,,,,,,,,,,Checked: no post-YC Form D matching the founders; no funding statement on website (0 pages) or YC page. LinkedIn/X/Crunchbase need a logged-in browser.,2026-09-30T20:02:00Z,,,,,,https://www.tecto.ai/,B2B,Early,2,No,0,,,0,,,,
nuntius,Nuntius,Summer 2025,No evidence found,,,,,,,,,,,,,,,,,,Checked: no post-YC Form D matching the founders; no funding statement on website (1 pages) or YC page. LinkedIn/X/Crunchbase need a logged-in browser.,2026-09-30T20:02:03Z,,,,,,https://www.nuntius.ai,B2B,Early,2,No,0,,,0,,,,
cohesive,Cohesive,Spring 2025,No evidence found,,,,,,,,,,,,,,,,,,Checked: no post-YC Form D matching the founders; no funding statement on website (3 pages) or YC page. LinkedIn/X/Crunchbase need a logged-in browser.,2026-09-30T20:02:03Z,,,,,,https://getcohesiveai.com,B2B,Early,2,No,0,,,0,,,,
docket,Docket,Spring 2025,No evidence found,,,,,,,,,,,,,,,,,,Checked: no post-YC Form D matching the founders; no funding statement on website (2 pages) or YC page. LinkedIn/X/Crunchbase need a logged-in browser.,2026-09-30T20:02:08Z,,,,,,https://docketqa.com,B2B,Early,2,No,0,,,0,,,,
sureform,Sureform,Spring 2025,No evidence found,,,,,,,,,,,,,,,,,,Checked: no post-YC Form D matching the founders; no funding statement on website (2 pages) or YC page. LinkedIn/X/Crunchbase need a logged-in browser.,2026-09-30T20:02:05Z,,,,,,https://www.sureformhq.com/,B2B,Early,2,No,0,,,0,,,,
foundation-industries,Foundation Industries,Spring 2025,No evidence found,,,,,,,,,,,,,,,,,,Checked: no post-YC Form D matching the founders; no funding statement on website (2 pages) or YC page. LinkedIn/X/Crunchbase need a logged-in browser.,2026-09-30T20:02:06Z,,,,,,https://www.foundation-industries.com/,Industrials,Early,5,Yes,0,,,0,,,,
godela,Godela,Spring 2025,No evidence found,,,,,,,,,,,,,,,,,,Checked: no post-YC Form D matching the founders; no funding statement on website (1 pages) or YC page. LinkedIn/X/Crunchbase need a logged-in browser.,2026-09-30T20:02:09Z,,,,,,http://godela.ai,B2B,Early,10,Yes,0,,,0,,,,
aegis,Aegis,Spring 2025,No evidence found,,,,,,,,,,,,,,,,,,Checked: no post-YC Form D matching the founders; no funding statement on website (1 pages) or YC page. LinkedIn/X/Crunchbase need a logged-in browser.,2026-09-30T20:02:07Z,,,,,,https://aegishealth.us/,Healthcare,Early,3,No,0,,,0,,,,
cascade-space,Cascade Space,Spring 2025,Yes,5900000,Seed,2025-07-24,,2,company press release (Business Wire via Yahoo Finance),https://finance.yahoo.com/news/cascade-space-announces-5-9m-160000656.html,"Cascade Space, the platform for end-to-end communication system design, test, and operation, today announced that it has raised $5.9 million in seed funding.",,,,,,,,,High,"Web search review: Dateline: SAN FRANCISCO, July 24, 2025. No lead named. Participants include Nova Threshold, Undeterred Capital, Y Combinator, Night Capital and others. CEO Jacob Portukalian is quoted. It is unclear whether the $5.9M includes YC's money; it matches the Tracxn lead. Tracxn lead total $5,900,000; not confirmed by a higher-tier source. Checked: no post-YC Form D matching the founders; no funding statement on website (2 pages) or YC page. LinkedIn/X/Crunchbase need a logged-in browser.",2026-09-30T20:03:05Z,2025-07-24,5900000,company press release (Business Wire via Yahoo Finance),5900000,Yes,https://cascadespace.com,Industrials,Early,7,Yes,1,,,1,0,0,https://www.cascadespace.com/careers/,Senior Mechanical Engineer
bond,Bond,Spring 2025,No evidence found,,,,,,,,,,,,,,,,,,Checked: no post-YC Form D matching the founders; no funding statement on website (3 pages) or YC page. LinkedIn/X/Crunchbase need a logged-in browser.,2026-09-30T20:02:10Z,,,,,,https://www.bondapp.io/,B2B,Early,3,Yes,0,,,0,,,,
blueshoe,Blueshoe,Spring 2025,No evidence found,,,,,,,,,,,,,,,,,,Checked: no post-YC Form D matching the founders; no funding statement on website (1 pages) or YC page. LinkedIn/X/Crunchbase need a logged-in browser.,2026-09-30T20:03:03Z,,,,,,https://blueshoe.com,B2B,Early,2,No,0,,,0,,,,
sieveai,sieve,Spring 2025,No evidence found,,,,,,,,,,,,,,,,,,Checked: no post-YC Form D matching the founders; no funding statement on website (8 pages) or YC page. LinkedIn/X/Crunchbase need a logged-in browser.,2026-09-30T20:02:47Z,,,,,,https://usesieve.com/,B2B,Early,2,No,0,,,0,,,,
airweave,Airweave,Spring 2025,Yes,6000000,Seed,2025-07-03,,2,Company website,https://airweave.ai/blog/seed-round,Airweave Raises $6M Seed Round - Airweave - Turn Apps Into Agent-Ready Knowledge,,,,,,,,,High,No matching post-YC Form D found.,2026-09-30T20:02:12Z,2025-07-03,6000000,Company website,6000000,Yes,https://airweave.ai,B2B,Early,7,Yes,5,,,5,0,0,https://airweave.ai/careers,"Founding Software Engineer, Full Stack; Founding Software Engineer, Data Infrastructure; Founding Software Engineer, Data Infrastructure; Founding Software Engineer, Full Stack; Founding Forward Deployed Engineer"
theorem-2,Theorem,Spring 2025,No evidence found,,,,,,,,,,,,,,,,,,Checked: no post-YC Form D matching the founders; no funding statement on website (10 pages) or YC page. LinkedIn/X/Crunchbase need a logged-in browser.,2026-09-30T20:02:12Z,,,,,,https://theorem.dev,B2B,Early,4,Yes,0,,,0,,,,
text-ai,Text.ai,Spring 2025,No evidence found,,,,,,,,,,,,,,,,,,Checked: no post-YC Form D matching the founders; no funding statement on website (2 pages) or YC page. LinkedIn/X/Crunchbase need a logged-in browser.,2026-09-30T20:02:13Z,,,,,,https://www.text.ai/,Consumer,Early,4,Yes,0,,,0,,,,
starsling,StarSling,Spring 2025,Yes,3000000,,,,2,Company website,https://starsling.dev,We raised $3M for agent-native runners Read the post → → .,,,,,,,,,High,Round date not stated on the source page; assumed post-YC because it is presented as current news. No matching post-YC Form D found.,2026-09-30T20:02:36Z,,,,3000000,Yes,https://starsling.dev/,B2B,Early,3,No,0,,,0,0,0,,
wavedash,Wavedash,Spring 2025,No evidence found,,,,,,,,,,,,,,,,,,Checked: no post-YC Form D matching the founders; no funding statement on website (1 pages) or YC page. LinkedIn/X/Crunchbase need a logged-in browser.,2026-09-30T20:02:16Z,,,,,,https://wavedash.com,Consumer,Early,3,No,0,,,0,,,,
oncactus,Cactus,Spring 2025,Yes,7000000,Seed,2025-11-24,Wellington Management (Wellington Access Ventures),4,press article (The AI Insider),https://theaiinsider.tech/2025/11/24/cactus-raises-7m-seed-round-to-launch-ai-copilot-for-home-service-businesses/,Cactus raised $7 million in seed funding,,,,,,,,,Medium,"Web search review: Others: Y Combinator, Pelion Venture Partners, Rebel Fund. Founders Ajith Govind and Avinash Joshi confirmed. The date is the article date. The company press release (kitv.com syndication) returned 429. Tracxn lead total $7,500,000; not confirmed by a higher-tier source. Checked: no post-YC Form D matching the founders; no funding statement on website (3 pages) or YC page. LinkedIn/X/Crunchbase need a logged-in browser.",2026-09-30T20:02:19Z,2025-11-24,7000000,press article (The AI Insider),7000000,Yes,https://oncactus.com,B2B,Early,2,No,0,,,0,0,0,,
vision-lab,Vision Lab,Spring 2025,Yes,6000000,,2026-06-15,,2,Company website,https://thevisionlab.ai/articles/seed-2026,Vision lab raises $6m to bring real-world factory data to robotics foundation models · vision lab,,,,,,,,,High,No matching post-YC Form D found.,2026-09-30T20:02:48Z,2026-06-15,6000000,Company website,6000000,Yes,https://thevisionlab.ai/,Industrials,Early,11,No,0,,,0,0,0,https://thevisionlab.ai/careers,
code-four,Code Four,Spring 2025,Yes,2600000,Seed,,,2,Company website,https://www.codefour.us/blog,Code Four Raises a $2.6 million Seed Round to Build the Future of Computer Vision and AI Systems for Public Safety.,,,,,,,,,High,Round date not stated on the source page; assumed post-YC because it is presented as current news. No matching post-YC Form D found.,2026-09-30T20:02:21Z,2025-06-30,2600000,https://www.codefour.us/blog (date printed near the quote),2600000,Yes,https://codefour.us/,Government,Early,3,Yes,2,,,2,0,0,,Founding Fullstack Software Engineer; Account Executive
lumari,Lumari,Spring 2025,No evidence found,,,,,,,,,,,,,,,,,,Checked: no post-YC Form D matching the founders; no funding statement on website (4 pages) or YC page. LinkedIn/X/Crunchbase need a logged-in browser.,2026-09-30T20:02:23Z,,,,,,https://www.lumari.ai/,B2B,Early,5,Yes,0,,,0,,,,
mlop,mlop,Spring 2025,No evidence found,,,,,,,,,,,,,,,,,,Checked: no post-YC Form D matching the founders; no funding statement on website (1 pages) or YC page. LinkedIn/X/Crunchbase need a logged-in browser.,2026-09-30T20:02:20Z,,,,,,https://mlop.ai,B2B,Early,2,No,0,,,0,,,,
den,Den,Spring 2025,No evidence found,,,,,,,,,,,,,,,,,,"Unverified Form D by same-named person: Incite Inc 0002033443-25-000003 sold 1100000 (first sale 2025-05-20, Los Angeles); likely a different person. Checked: no post-YC Form D matching the founders; no funding statement on website (2 pages) or YC page. LinkedIn/X/Crunchbase need a logged-in browser.",2026-09-30T20:02:21Z,,,,,,https://getden.io,B2B,Early,2,No,0,,,0,,,,
cotool,Cotool,Spring 2025,Yes,7400000,Seed,,Andreessen Horowitz,2,Company website,https://www.cotool.ai/blog,Cotool announces $7.4m seed round led by Andreessen Horowitz to build the AI Operating System for security teams.,,,,,,,,,High,Round date not stated on the source page; assumed post-YC because it is presented as current news. No matching post-YC Form D found.,2026-09-30T20:02:27Z,2026-04-15,7400000,https://www.cotool.ai/blog (date printed near the quote),7400000,Yes,https://cotool.ai,B2B,Early,4,No,0,,,0,0,0,,
pelica,Pelica,Spring 2025,Yes,2500000,,,,2,Company website,https://www.pelica.com/careers,We have raised $2.5M..,,,,,,,,,High,Round date not stated on the source page; assumed post-YC because it is presented as current news. No matching post-YC Form D found.,2026-09-30T20:02:23Z,,,,2500000,Yes,https://www.pelica.com/,Healthcare,Early,5,No,0,,,0,0,0,,
nimbic-ai,Nimbic AI,Spring 2025,No evidence found,,,,,,,,,,,,,,,,,,Checked: no post-YC Form D matching the founders; no funding statement on website (2 pages) or YC page. LinkedIn/X/Crunchbase need a logged-in browser.,2026-09-30T20:02:24Z,,,,,,https://nimbic-ai.com,B2B,Early,3,No,0,,,0,,,,
moby-analytics,Moby Analytics,Spring 2025,No evidence found,,,,,,,,,,,,,,,,,,Checked: no post-YC Form D matching the founders; no funding statement on website (10 pages) or YC page. LinkedIn/X/Crunchbase need a logged-in browser. National register for FR not checked.,2026-09-30T20:02:28Z,,,,,,https://www.mobyanalytics.com/,B2B,Early,4,No,0,,,0,,,,
rimba,Rimba,Spring 2025,No evidence found,,,,,,,,,,,,,,,,,,Checked: no post-YC Form D matching the founders; no funding statement on website (2 pages) or YC page. LinkedIn/X/Crunchbase need a logged-in browser.,2026-09-30T20:02:44Z,,,,,,https://rimba.ai,Industrials,Early,4,No,0,,,0,,,,
adentris,Adentris,Spring 2025,Yes,1800000,,,,2,Company website,https://blog.adentris.com/tag/news/,"Adentris, a Y Combinator-Backed Startup, Raises $1.8M in VC Funding to Transform Medical Documentation Compliance With AI .",,,,,,,,,High,Round date not stated on the source page; assumed post-YC because it is presented as current news. No matching post-YC Form D found.,2026-09-30T20:02:28Z,2025-09-12,1800000,https://blog.adentris.com/tag/news/ (date printed near the quote),1800000,Yes,https://www.adentris.com,Healthcare,Early,5,Yes,3,,,3,0,0,https://www.adentris.com/careers,"Founding Engineer, AI RCM Healthcare Platform (NestJS, Next.js); Director of Product, RCM Services, Healthcare; Clinical Product Manager, Healthcare AI"
probo,Probo,Spring 2025,No evidence found,,,,,,,,,,,,,,,,,,Checked: no post-YC Form D matching the founders; no funding statement on website (10 pages) or YC page. LinkedIn/X/Crunchbase need a logged-in browser.,2026-09-30T20:02:27Z,,,,,,https://www.probo.com?utm_source=yc-bookface,B2B,Early,6,No,0,,,0,,,,
mindfort,MindFort,Spring 2025,Yes,3000000,Seed,,,2,Company website,https://www.mindfort.ai/blog/seed-announcement,Announcing Our $3M+ Seed Round | MindFort Blog .,,,,,,,,,High,Round date not stated on the source page; assumed post-YC because it is presented as current news. No matching post-YC Form D found.,2026-09-30T20:02:46Z,,,,3000000,Yes,https://mindfort.ai/?utm_source=ycombinator&utm_medium=referral&utm_campaign=yc,B2B,Early,6,Yes,2,,,2,0,0,https://www.mindfort.ai/?utm_source=ycombinator&utm_medium=referral&utm_campaign=yc/careers,Software Engineer ; AI Researcher
chrt,chrt,Spring 2025,Yes,1453000,OptionToAcquire (per Form D; stage not stated),2026-01-14,,1,SEC Form D,https://www.sec.gov/Archives/edgar/data/2107747/000210774726000001/primary_doc.xml,totalAmountSold: 1453000; totalOfferingAmount: Indefinite; dateOfFirstSale: 2026-01-14,0002107747,0002107747-26-000001,1453000,Indefinite,2026-01-14,OptionToAcquire,32,"CHRT, Inc.",High,,2026-09-30T20:02:31Z,2026-01-14,1453000,SEC Form D 0002107747-26-000001,1453000,Yes,https://chrt.com,B2B,Early,5,No,0,,,0,0,0,https://chrt.com/careers,
lapel,Lapel,Spring 2025,No evidence found,,,,,,,,,,,,,,,,,,Checked: no post-YC Form D matching the founders; no funding statement on website (3 pages) or YC page. LinkedIn/X/Crunchbase need a logged-in browser.,2026-09-30T20:02:31Z,,,,,,https://lapel.com/,B2B,Early,15,No,0,,,0,,,,
mesmer,Mesmer,Spring 2025,No evidence found,,,,,,,,,,,,,,,,,,Checked: no post-YC Form D matching the founders; no funding statement on website (2 pages) or YC page. LinkedIn/X/Crunchbase need a logged-in browser. National register for DE not checked.,2026-09-30T20:02:31Z,,,,,,https://mesmer.co,B2B,Early,7,Yes,0,,,0,,,,
naive,Naïve,Spring 2025,Yes,28500000,,2026-08-06,,4,Press (linked from YC company page),https://techcrunch.com/2026/08/06/naive-raises-28-5m-to-automate-the-grunt-work-of-setting-up-and-running-a-company/,Naïve raises $28.5M to automate the grunt work of setting up and running a company | TechCrunch,,,,,,,,,Medium,No matching post-YC Form D found.,2026-09-30T20:02:33Z,2026-08-06,28500000,Press (linked from YC company page),28500000,Yes,https://usenaive.ai,B2B,Early,8,Yes,5,,,5,0,0,,Founding Growth Engineer; Founding Product Engineer; Founding Member of Technical Staff — RL; Founding Member of Techincal Staff - Agents; Growth Engineer Intern
kairos,Kairos,Spring 2025,No evidence found,,,,,,,,,,,,,,,,,,Checked: no post-YC Form D matching the founders; no funding statement on website (1 pages) or YC page. LinkedIn/X/Crunchbase need a logged-in browser.,2026-09-30T20:02:57Z,,,,,,https://www.withkairos.co/,B2B,Early,3,No,0,,,0,,,,
hemut,Hemut,Spring 2025,No evidence found,,,,,,,,,,,,,,,,,,Checked: no post-YC Form D matching the founders; no funding statement on website (4 pages) or YC page. LinkedIn/X/Crunchbase need a logged-in browser.,2026-09-30T20:02:39Z,,,,,,https://www.hemut.com/,B2B,Early,3,Yes,0,,,0,,,,
orchid-ai,Orchid,Spring 2025,No evidence found,,,,,,,,,,,,,,,,,,Checked: no post-YC Form D matching the founders; no funding statement on website (3 pages) or YC page. LinkedIn/X/Crunchbase need a logged-in browser.,2026-09-30T20:02:36Z,,,,,,https://orchid.ai,B2B,Early,3,No,0,,,0,,,,
valuemate,ValueMate,Spring 2025,No evidence found,,,,,,,,,,,,,,,,,,Checked: no post-YC Form D matching the founders; no funding statement on website (5 pages) or YC page. LinkedIn/X/Crunchbase need a logged-in browser.,2026-09-30T20:02:41Z,,,,,,https://valuemate.ai,B2B,Early,2,No,0,,,0,,,,
bramante,Bramante,Spring 2025,No evidence found,,,,,,,,,,,,,,,,,,Checked: no post-YC Form D matching the founders; no funding statement on website (3 pages) or YC page. LinkedIn/X/Crunchbase need a logged-in browser.,2026-09-30T20:02:46Z,,,,,,https://www.bramantebio.com,Industrials,Early,2,No,0,,,0,,,,
cashew-labs,Cashew Labs,Spring 2025,No evidence found,,,,,,,,,,,,,,,,,,Checked: no post-YC Form D matching the founders; no funding statement on website (0 pages) or YC page. LinkedIn/X/Crunchbase need a logged-in browser.,2026-09-30T20:02:39Z,,,,,,https://cashew-labs.com/,B2B,Early,2,No,0,,,0,,,,
scalar-field,Scalar Field,Spring 2025,Unclear,,,,,2,Company website (about),https://scalarfield.io/about,"We raised an $11.5M Series A in 2024 from Union Square Ventures, Nat Friedman and Daniel Gross",,,,,,,,,Low,"Manual review: about page says an $11.5M Series A was raised in 2024, before the Spring 2025 batch, so it is pre-YC. No post-YC round found.",2026-09-30T20:02:46Z,,,,,,https://www.scalarfield.io/,Fintech,Early,3,Yes,1,,,1,0,0,,"Digital Native Community, Social & Creator Growth Internship"
eloquent-ai,Eloquent AI,Spring 2025,Yes,7400000,,2025-12-09,,2,Company website,https://www.eloquentai.co/fundraising,Eloquent AI raises $7.4m to bring AI operators to financial services,,,,,,,,,High,No matching post-YC Form D found.,2026-09-30T20:02:45Z,2025-12-09,7400000,Company website,7400000,Yes,https://www.eloquentai.co/,B2B,Early,5,Yes,9,ashby,13,13,9,6,https://www.eloquentai.co/careers,"AI Engineer, London; AI Engineer, Platform; Software Engineer, Front-End; AI Engineer, Multimodal LLMs; AI Engineer, Agent; AI Engineer, AIOps & Infrastructure; Senior Software Engineer, Full-Stack; Eloquent AI Fellowship Program; Product Designer; Agent Deployment Manager"
morphoai,MorphoAI,Spring 2025,No evidence found,,,,,,,,,,,,,,,,,,Checked: no post-YC Form D matching the founders; no funding statement on website (1 pages) or YC page. LinkedIn/X/Crunchbase need a logged-in browser.,2026-09-30T20:02:50Z,,,,,,https://morpho.ai/,Industrials,Early,7,Yes,0,,,0,,,,
vassar-robotics,Vassar Robotics,Spring 2025,No evidence found,,,,,,,,,,,,,,,,,,Checked: no post-YC Form D matching the founders; no funding statement on website (1 pages) or YC page. LinkedIn/X/Crunchbase need a logged-in browser.,2026-09-30T20:02:49Z,,,,,,https://www.vassarrobotics.com,Consumer,Early,3,No,0,,,0,,,,
boost-robotics,Boost Robotics,Spring 2025,No evidence found,,,,,,,,,,,,,,,,,,Checked: no post-YC Form D matching the founders; no funding statement on website (1 pages) or YC page. LinkedIn/X/Crunchbase need a logged-in browser.,2026-09-30T20:02:48Z,,,,,,https://www.boostrobotics.ai,Industrials,Early,2,No,0,,,0,,,,
sygaldry-technologies,Sygaldry Technologies,Spring 2025,Yes,139034650,Equity (per Form D; stage not stated),2026-03-05,,1,SEC Form D,https://www.sec.gov/Archives/edgar/data/2125374/000094787126000430/primary_doc.xml,totalAmountSold: 139034650; totalOfferingAmount: 139034650; dateOfFirstSale: 2026-03-05,0002125374,0000947871-26-000430,139034650,139034650,2026-03-05,Equity,165,"Sygaldry Technologies, Inc.",High,,2026-09-30T20:02:52Z,2026-03-05,139034650,SEC Form D 0000947871-26-000430,139034650,Yes,https://www.sygaldry.com,Industrials,Growth,,Yes,2,ashby,16,16,3,4,,"Open Application; Quantum Error Correction Theorist; Experimental Quantum Physicist; Head of System Architecture, Frontier AI Hardware; Research Scientist - Frontier AI/ML & Quantum Algorithms; Head of Modeling & Simulation, Frontier AI Hardware; Quantum Algorithm Engineer; Business Development & Partnerships; Senior Quantum Architect; Applied AI Scientist, Technology Partnerships (Senior/Principal)"
paraquery,ParaQuery,Spring 2025,No evidence found,,,,,,,,,,,,,,,,,,Checked: no post-YC Form D matching the founders; no funding statement on website (1 pages) or YC page. LinkedIn/X/Crunchbase need a logged-in browser.,2026-09-30T20:03:14Z,,,,,,https://paraquery.com,B2B,Early,1,No,0,,,0,,,,
klavis-ai,Klavis AI,Spring 2025,No evidence found,,,,,,,,,,,,,,,,,,Checked: no post-YC Form D matching the founders; no funding statement on website (2 pages) or YC page. LinkedIn/X/Crunchbase need a logged-in browser.,2026-09-30T20:02:50Z,,,,,,https://www.klavis.ai/,B2B,Early,3,Yes,0,,,0,,,,
third-chair,Third Chair,Spring 2025,No evidence found,,,,,,,,,,,,,,,,,,Checked: no post-YC Form D matching the founders; no funding statement on website (6 pages) or YC page. LinkedIn/X/Crunchbase need a logged-in browser.,2026-09-30T20:02:52Z,,,,,,https://usethirdchair.com,B2B,Early,8,Yes,0,,,0,,,,
vesence,Vesence,Spring 2025,Yes,9000000,Seed,2025-10-28,,2,Company website,https://www.vesence.com/blog/seed-round-announcement,Vesence Raises $9M Seed Round | Vesence,,,,,,,,,High,No matching post-YC Form D found.,2026-09-30T20:03:01Z,2025-10-28,9000000,Company website,9000000,Yes,https://vesence.com,B2B,Early,10,Yes,2,,,2,0,0,https://www.vesence.com/careers,Founding BDR (Business Development Representative); Founding GTM
nodi-energy,NODI Energy,Spring 2025,No evidence found,,,,,,,,,,,,,,,,,,Checked: no post-YC Form D matching the founders; no funding statement on website (3 pages) or YC page. LinkedIn/X/Crunchbase need a logged-in browser.,2026-09-30T20:02:52Z,,,,,,https://www.nodienergy.com,Industrials,Early,2,No,0,,,0,,,,
cartpole,Cartpole,Spring 2025,No evidence found,,,,,,,,,,,,,,,,,,Checked: no post-YC Form D matching the founders; no funding statement on website (1 pages) or YC page. LinkedIn/X/Crunchbase need a logged-in browser.,2026-09-30T20:02:52Z,,,,,,https://cartpole.com,B2B,Early,2,No,0,,,0,,,,
alkali,Alkali,Spring 2025,No evidence found,,,,,,,,,,,,,,,,,,"Unverified Form D by same-named person: Matic Robots, Inc. 0001231919-25-000150 sold 77317154 (first sale 2025-07-29, Mountain View); likely a different person. Checked: no post-YC Form D matching the founders; no funding statement on website (3 pages) or YC page. LinkedIn/X/Crunchbase need a logged-in browser.",2026-09-30T20:02:58Z,,,,,,https://alkali.engineering,B2B,Early,2,Yes,0,,,0,,,,
human-behavior,Human Behavior,Spring 2025,Yes,5000000,,,General Catalyst,2,Company website,https://www.humanbehavior.co/blog,"We raised $5M led by General Catalyst, with Y Combinator and Paul Graham.",,,,,,,,,High,Round date not stated on the source page; assumed post-YC because it is presented as current news. No matching post-YC Form D found.,2026-09-30T20:02:59Z,2025-09-03,5000000,https://www.humanbehavior.co/blog (date printed near the quote),5000000,Yes,https://www.humanbehavior.co/,B2B,Early,3,No,0,,,0,0,0,https://www.humanbehavior.co/careers,
qualgent,QualGent,Spring 2025,No evidence found,,,,,,,,,,,,,,,,,,Checked: no post-YC Form D matching the founders; no funding statement on website (3 pages) or YC page. LinkedIn/X/Crunchbase need a logged-in browser.,2026-09-30T20:02:56Z,,,,,,https://www.qualgent.ai,B2B,Early,10,Yes,0,,,0,,,,
novoflow,Novoflow,Spring 2025,Yes,3000000,,2025-11-03,,4,Press (linked from YC company page),https://www.businessinsider.com/novoflow-pitch-deck-y-combinator-founders-raised-3-million-2025-10,Pitch Deck: Novoflow Founders Raised $3 Million Out of Y Combinator - Business Insider,,,,,,,,,Medium,No matching post-YC Form D found.,2026-09-30T20:03:00Z,2025-11-03,3000000,Press (linked from YC company page),3000000,Yes,https://www.novoflow.io/,Healthcare,Early,6,Yes,4,,,4,0,0,,Founding Software Engineer; Account Executive; Founding Prompt/Context Engineer; Founding DevOps Engineer
theta,Theta,Spring 2025,No evidence found,,,,,,,,,,,,,,,,,,Checked: no post-YC Form D matching the founders; no funding statement on website (3 pages) or YC page. LinkedIn/X/Crunchbase need a logged-in browser.,2026-09-30T20:02:57Z,,,,,,https://thetasoftware.com,B2B,Early,7,No,0,,,0,,,,
irbc,IRBC,Spring 2025,Yes,6000000,,2025-07-24,,4,Press (linked from YC company page),https://www.businessinsider.com/video-call-tool-lyra-pitch-deck-y-combinator-seed-round-2025-7,Video Calling Tool Lyra Raised $6 Million From YC and 468 Capital - Business Insider,,,,,,,,,Medium,"Manual review: Business Insider article linked from IRBC's YC page covers Lyra, apparently IRBC's former name. $6M from YC and 468 Capital. Verify the rename.",2026-09-30T20:03:29Z,2025-07-24,6000000,Press (linked from YC company page),6000000,Yes,https://irbc.com/,Fintech,Early,3,No,0,,,0,0,0,,
anana,Anana,Spring 2025,No evidence found,,,,,,,,,,,,,,,,,,Checked: no post-YC Form D matching the founders; no funding statement on website (4 pages) or YC page. LinkedIn/X/Crunchbase need a logged-in browser.,2026-09-30T20:02:59Z,,,,,,https://getanana.com,B2B,Early,2,No,0,,,0,,,,
throxy,throxy,Spring 2025,No evidence found,,,,,,,,,,,,,,,,,,"Checked: no post-YC Form D matching the founders; no funding statement on website (1 pages) or YC page. LinkedIn/X/Crunchbase need a logged-in browser. Companies House THROXY LTD (15078234): 2 SH01 allotment filing(s), latest 14 Jun 2025: Statement of capital following an allotment of shares on 19 May 2025 GBP 27.5176 ANNOTATION Clarification a second filed",2026-09-30T20:02:59Z,,,,,,https://throxy.com/,B2B,Early,55,Yes,0,,,0,,,,
lucis,Lucis,Spring 2025,Yes,20000000,Series A,2026-05-26,,4,Press (linked from YC company page),https://tech.eu/2026/05/26/lucis-raises-20m-series-a-to-expand-ai-driven-preventive-healthcare-platform/,Lucis raises $20M Series A to expand AI-driven preventive healthcare platform - Tech.eu,,,,,,,,,Medium,Other stated figure: $8.5M (https://tech.eu/2025/12/16/lucis-closes-85m-seed-round-for-preventive-healthcare-in-europe/). No matching post-YC Form D found.,2026-09-30T20:03:04Z,2026-05-26,20000000,Press (linked from YC company page),20000000,Yes,https://www.lucis.life,Healthcare,Growth,17,Yes,4,ashby,13,13,4,1,https://www.lucis.life/careers,Customer Care Team Lead; Senior founding designer; Platform engineering; Founders associate; AI engineer; CTO right-hand; Medical Ops Lead; Finance ops & strategy; EA / workplace manager; Core platform growth engineering
flott-hq,Flott HQ,Spring 2025,No evidence found,,,,,,,,,,,,,,,,,,Checked: no post-YC Form D matching the founders; no funding statement on website (2 pages) or YC page. LinkedIn/X/Crunchbase need a logged-in browser. National register for FR not checked.,2026-09-30T20:03:46Z,,,,,,https://www.flotthq.com,B2B,Early,2,No,0,,,0,,,,
crimson,Crimson,Spring 2025,Yes,2500000,Seed,,,2,Company website,https://www.crimson.law/blog,News | Crimson raises $2.5m seed round Crimson raises $2.5m seed round and expands in US .,,,,,,,,,High,"Round date not stated on the source page; assumed post-YC because it is presented as current news. No matching post-YC Form D found. Companies House CRIMSON LEGALTECH INC. (UK) (FC042285): no SH01 allotments listed. Companies House CRIMSON LEGALTECH LTD (15968263): 1 SH01 allotment filing(s), latest 27 Nov 2024: Statement of capital following an allotment of shares on 26 November 2024 GBP 300",2026-09-30T20:03:05Z,2026-05-28,2500000,https://www.crimson.law/blog (date printed near the quote),2500000,Yes,https://crimson.law,B2B,Early,6,No,0,,,0,0,0,https://www.crimson.law/careers,
casco,Casco,Spring 2025,No evidence found,,,,,,,,,,,,,,,,,,Checked: no post-YC Form D matching the founders; no funding statement on website (5 pages) or YC page. LinkedIn/X/Crunchbase need a logged-in browser.,2026-09-30T20:03:12Z,,,,,,https://casco.com,B2B,Early,10,Yes,0,,,0,,,,
nomi,Nomi,Spring 2025,No evidence found,,,,,,,,,,,,,,,,,,Checked: no post-YC Form D matching the founders; no funding statement on website (11 pages) or YC page. LinkedIn/X/Crunchbase need a logged-in browser. National register for FR not checked.,2026-09-30T20:03:05Z,,,,,,https://www.nomi.so,B2B,Early,5,No,0,,,0,,,,
morphik,Morphik,Spring 2025,No evidence found,,,,,,,,,,,,,,,,,,Checked: no post-YC Form D matching the founders; no funding statement on website (1 pages) or YC page. LinkedIn/X/Crunchbase need a logged-in browser.,2026-09-30T20:03:47Z,,,,,,https://morphik.ai,B2B,Early,2,No,0,,,0,,,,
runrl,RunRL,Spring 2025,No evidence found,,,,,,,,,,,,,,,,,,Checked: no post-YC Form D matching the founders; no funding statement on website (10 pages) or YC page. LinkedIn/X/Crunchbase need a logged-in browser.,2026-09-30T20:03:04Z,,,,,,https://runrl.com,B2B,Early,2,No,0,,,0,,,,
ticket-wallet,Ticket Wallet,Spring 2025,No evidence found,,,,,,,,,,,,,,,,,,Checked: no post-YC Form D matching the founders; no funding statement on website (10 pages) or YC page. LinkedIn/X/Crunchbase need a logged-in browser.,2026-09-30T20:03:10Z,,,,,,https://www.ticketwallet.com,B2B,Early,20,No,0,,,0,,,,
kaizen,Kaizen,Spring 2025,Yes,8500000,,,,4,Press (linked from YC company page),https://www.ycombinator.com/companies/kaizen/jobs,"We've raised $8.5M from leading investors including Joe Lonsdale's 8VC, Y Combinator, Eric Schmidt's Innovation Endeavors, Jeff Dean (Google's Chief Scientist), Matteo Franceschetti (CEO",,,,,,,,,Medium,"Unverified Form D by same-named person: Gameplan First LLC 0002058790-25-000001 sold 0 (first sale yetToOccur, Chicago); likely a different person. Unverified Form D by same-named person: JASTLabs Corp 0002131485-26-000001 sold 0 (first sale yetToOccur, Richmond Hill); likely a different person. Round date not stated on the source page; assumed post-YC because it is presented as current news. No matching post-YC Form D found.",2026-09-30T20:03:15Z,,,,8500000,Yes,https://kaizenautomation.com,B2B,Early,6,Yes,1,,,1,0,0,https://www.ycombinator.com/companies/kaizen/jobs,Founding Deployment Strategist
habit,HABIT,Spring 2025,No evidence found,,,,,,,,,,,,,,,,,,Checked: no post-YC Form D matching the founders; no funding statement on website (1 pages) or YC page. LinkedIn/X/Crunchbase need a logged-in browser.,2026-09-30T20:03:08Z,,,,,,https://habit.inc,B2B,Early,,No,0,,,0,,,,
clidey,Clidey,Spring 2025,No evidence found,,,,,,,,,,,,,,,,,,Checked: no post-YC Form D matching the founders; no funding statement on website (10 pages) or YC page. LinkedIn/X/Crunchbase need a logged-in browser.,2026-09-30T20:03:13Z,,,,,,https://clidey.com,B2B,Early,5,No,0,,,0,,,,
opusense-ai,Opusense AI,Spring 2025,No evidence found,,,,,,,,,,,,,,,,,,Checked: no post-YC Form D matching the founders; no funding statement on website (8 pages) or YC page. LinkedIn/X/Crunchbase need a logged-in browser. National register for CA not checked.,2026-09-30T20:03:36Z,,,,,,https://www.opusense.com/,Real Estate and Construction,Early,2,Yes,0,,,0,,,,
labric,Labric,Spring 2025,No evidence found,,,,,,,,,,,,,,,,,,Checked: no post-YC Form D matching the founders; no funding statement on website (4 pages) or YC page. LinkedIn/X/Crunchbase need a logged-in browser.,2026-09-30T20:03:12Z,,,,,,https://labric.co,B2B,Early,6,No,0,,,0,,,,
photonium,Photonium,Spring 2025,No evidence found,,,,,,,,,,,,,,,,,,Checked: no post-YC Form D matching the founders; no funding statement on website (10 pages) or YC page. LinkedIn/X/Crunchbase need a logged-in browser.,2026-09-30T20:03:09Z,,,,,,https://www.photoniumoptics.com/,B2B,Early,5,Yes,0,,,0,,,,
sixtyfour,Sixtyfour,Spring 2025,No evidence found,,,,,,,,,,,,,,,,,,"Unverified Form D by same-named person: Atomic Data Sciences, Inc. 0002096328-25-000001 sold 3000000 (first sale 2025-10-21, Boston); likely a different person. Checked: no post-YC Form D matching the founders; no funding statement on website (8 pages) or YC page. LinkedIn/X/Crunchbase need a logged-in browser.",2026-09-30T20:03:34Z,,,,,,https://www.sixtyfour.ai/,B2B,Early,12,Yes,0,,,0,,,,
tegore,Tegore,Spring 2025,No evidence found,,,,,,,,,,,,,,,,,,Checked: no post-YC Form D matching the founders; no funding statement on website (1 pages) or YC page. LinkedIn/X/Crunchbase need a logged-in browser.,2026-09-30T20:03:43Z,,,,,,https://tegore.ai/,Education,Early,1,No,0,,,0,,,,
freesolo,Freesolo,Spring 2025,No evidence found,,,,,,,,,,,,,,,,,,Checked: no post-YC Form D matching the founders; no funding statement on website (2 pages) or YC page. LinkedIn/X/Crunchbase need a logged-in browser.,2026-09-30T20:03:13Z,,,,,,https://freesolo.co,B2B,Early,4,No,0,,,0,,,,
combinely,Combinely,Spring 2025,No evidence found,,,,,,,,,,,,,,,,,,Checked: no post-YC Form D matching the founders; no funding statement on website (5 pages) or YC page. LinkedIn/X/Crunchbase need a logged-in browser. Companies House COMBINELY LTD (15218555): no SH01 allotments listed.,2026-09-30T20:03:39Z,,,,,,https://combinely.ai,B2B,Early,8,No,0,,,0,,,,
voiceos,VoiceOS,Spring 2025,No evidence found,,,,,,,,,,,,,,,,,,Checked: no post-YC Form D matching the founders; no funding statement on website (5 pages) or YC page. LinkedIn/X/Crunchbase need a logged-in browser.,2026-09-30T20:03:20Z,,,,,,https://voiceos.com,Consumer,Early,2,Yes,0,,,0,,,,
chiron,Chiron,Spring 2025,No evidence found,,,,,,,,,,,,,,,,,,Checked: no post-YC Form D matching the founders; no funding statement on website (0 pages) or YC page. LinkedIn/X/Crunchbase need a logged-in browser.,2026-09-30T20:03:29Z,,,,,,https://projectchiron.org,Education,Early,2,No,0,,,0,,,,
jeevy-fabrication,Jeevy Fabrication,Spring 2025,No evidence found,,,,,,,,,,,,,,,,,,Checked: no post-YC Form D matching the founders; no funding statement on website (3 pages) or YC page. LinkedIn/X/Crunchbase need a logged-in browser.,2026-09-30T20:03:17Z,,,,,,https://www.jeevyfabrication.com/,B2B,Growth,3,Yes,0,,,0,,,,
trapeze,Trapeze,Spring 2025,No evidence found,,,,,,,,,,,,,,,,,,Checked: no post-YC Form D matching the founders; no funding statement on website (9 pages) or YC page. LinkedIn/X/Crunchbase need a logged-in browser.,2026-09-30T20:03:29Z,,,,,,https://www.trapezehealth.com,Healthcare,Early,2,No,0,,,0,,,,
tinfoil,Tinfoil,Spring 2025,No evidence found,,,,,,,,,,,,,,,,,,Checked: no post-YC Form D matching the founders; no funding statement on website (2 pages) or YC page. LinkedIn/X/Crunchbase need a logged-in browser.,2026-09-30T20:03:30Z,,,,,,https://tinfoil.sh,B2B,Early,5,No,0,,,0,,,,
paper-instruments,Paper Instruments,Spring 2025,No evidence found,,,,,,,,,,,,,,,,,,Checked: no post-YC Form D matching the founders; no funding statement on website (2 pages) or YC page. LinkedIn/X/Crunchbase need a logged-in browser.,2026-09-30T20:03:21Z,,,,,,https://www.paperinstruments.com/,B2B,Early,3,No,0,,,0,,,,
refresh,Refresh,Spring 2025,No evidence found,,,,,,,,,,,,,,,,,,Checked: no post-YC Form D matching the founders; no funding statement on website (5 pages) or YC page. LinkedIn/X/Crunchbase need a logged-in browser.,2026-09-30T20:03:24Z,,,,,,https://www.refresh.dev,B2B,Early,8,No,0,,,0,,,,
parsewise,Parsewise,Spring 2025,No evidence found,,,,,,,,,,,,,,,,,,Checked: no post-YC Form D matching the founders; no funding statement on website (4 pages) or YC page. LinkedIn/X/Crunchbase need a logged-in browser.,2026-09-30T20:03:40Z,,,,,,https://parsewise.ai,B2B,Early,6,Yes,0,,,0,,,,
better-auth,Better Auth,Spring 2025,Yes,5000000,Seed,,,2,Company website,https://better-auth.com/blog,Announcing our $5M seed round.,,,,,,,,,High,Round date not stated on the source page; assumed post-YC because it is presented as current news. No matching post-YC Form D found.,2026-09-30T20:03:29Z,2025-07-19,5000000,https://better-auth.com/blog (date printed near the quote),5000000,Yes,https://better-auth.com/,B2B,Early,4,No,0,,,0,0,0,,
kestral,Kestral,Spring 2025,No evidence found,,,,,,,,,,,,,,,,,,Checked: no post-YC Form D matching the founders; no funding statement on website (10 pages) or YC page. LinkedIn/X/Crunchbase need a logged-in browser.,2026-09-30T20:03:33Z,,,,,,https://kestral.ai,B2B,Early,3,No,0,,,0,,,,
attune,Attune,Spring 2025,No evidence found,,,,,,,,,,,,,,,,,,Checked: no post-YC Form D matching the founders; no funding statement on website (1 pages) or YC page. LinkedIn/X/Crunchbase need a logged-in browser.,2026-09-30T20:04:42Z,,,,,,https://attunehq.com,B2B,Early,3,Yes,0,,,0,,,,
pgdog,PgDog,Spring 2025,Yes,5500000,Seed,,,2,Company website,https://pgdog.dev,PgDog - Horizontal scaling for PostgreSQL We raised a $5.5M seed round.,,,,,,,,,High,Round date not stated on the source page; assumed post-YC because it is presented as current news. No matching post-YC Form D found.,2026-09-30T20:03:34Z,,,,5500000,Yes,https://pgdog.dev,B2B,Early,3,Yes,1,,,1,0,0,https://pgdog.dev/careers,Founding Software Engineer
mbodi-ai,Mbodi AI,Spring 2025,No evidence found,,,,,,,,,,,,,,,,,,Checked: no post-YC Form D matching the founders; no funding statement on website (2 pages) or YC page. LinkedIn/X/Crunchbase need a logged-in browser.,2026-09-30T20:03:34Z,,,,,,https://www.mbodi.ai/,Industrials,Early,6,Yes,0,,,0,,,,
units,Units,Spring 2025,No evidence found,,,,,,,,,,,,,,,,,,Checked: no post-YC Form D matching the founders; no funding statement on website (3 pages) or YC page. LinkedIn/X/Crunchbase need a logged-in browser.,2026-09-30T20:03:54Z,,,,,,https://units.school,Education,Early,1,No,0,,,0,,,,
youlearn,YouLearn,Spring 2025,No evidence found,,,,,,,,,,,,,,,,,,Checked: no post-YC Form D matching the founders; no funding statement on website (2 pages) or YC page. LinkedIn/X/Crunchbase need a logged-in browser.,2026-09-30T20:03:37Z,,,,,,https://www.youlearn.ai/,Education,Early,4,No,0,,,0,,,,
stratify,stratify,Spring 2025,No evidence found,,,,,,,,,,,,,,,,,,Checked: no post-YC Form D matching the founders; no funding statement on website (3 pages) or YC page. LinkedIn/X/Crunchbase need a logged-in browser.,2026-09-30T20:03:37Z,,,,,,https://www.trystratify.com,B2B,Early,2,No,0,,,0,,,,
sim,Sim,Spring 2025,Yes,7000000,Series A,,Standard Capital,4,Press (linked from YC company page),https://www.sim.ai:443/blog,We’re excited to share that Sim has raised a $7M Series A led by Standard Capital to accelerate our vision for agentic workflows..,,,,,,,,,Medium,Round date not stated on the source page; assumed post-YC because it is presented as current news. No matching post-YC Form D found.,2026-09-30T20:03:42Z,2025-12-12,7000000,https://www.sim.ai:443/blog (date printed near the quote),7000000,Yes,https://sim.ai,B2B,Early,10,Yes,5,ashby,5,5,5,0,https://www.sim.ai:443/careers,"Founding Sales; Founding Design Engineer; Software Engineer, Agent Harness; Founding Marketing; Forward Deployed Engineer"
clarm,Clarm,Spring 2025,No evidence found,,,,,,,,,,,,,,,,,,Checked: no post-YC Form D matching the founders; no funding statement on website (5 pages) or YC page. LinkedIn/X/Crunchbase need a logged-in browser. National register for CH not checked.,2026-09-30T20:03:42Z,,,,,,https://www.clarm.com,B2B,Early,2,No,0,,,0,,,,
beluga,Beluga,Spring 2025,No evidence found,,,,,,,,,,,,,,,,,,Checked: no post-YC Form D matching the founders; no funding statement on website (8 pages) or YC page. LinkedIn/X/Crunchbase need a logged-in browser.,2026-09-30T20:04:05Z,,,,,,https://www.trybeluga.ai/,B2B,Early,3,No,0,,,0,,,,
kaelio,Kaelio,Spring 2025,No evidence found,,,,,,,,,,,,,,,,,,Checked: no post-YC Form D matching the founders; no funding statement on website (3 pages) or YC page. LinkedIn/X/Crunchbase need a logged-in browser.,2026-09-30T20:04:34Z,,,,,,https://kaelio.com/,B2B,Early,8,No,0,,,0,,,,
method,Method,Spring 2025,No evidence found,,,,,,,,,,,,,,,,,,Checked: no post-YC Form D matching the founders; no funding statement on website (2 pages) or YC page. LinkedIn/X/Crunchbase need a logged-in browser.,2026-09-30T20:03:42Z,,,,,,https://withmethod.ai/,B2B,Early,1,No,0,,,0,,,,
zeon-systems,Zeon Systems,Spring 2025,No evidence found,,,,,,,,,,,,,,,,,,Checked: no post-YC Form D matching the founders; no funding statement on website (3 pages) or YC page. LinkedIn/X/Crunchbase need a logged-in browser.,2026-09-30T20:03:44Z,,,,,,https://www.zeonsystems.ai/,Industrials,Early,5,No,0,,,0,,,,
the-robot-learning-company,The Robot Learning Company,Spring 2025,No evidence found,,,,,,,,,,,,,,,,,,Checked: no post-YC Form D matching the founders; no funding statement on website (1 pages) or YC page. LinkedIn/X/Crunchbase need a logged-in browser. National register for DE not checked.,2026-09-30T20:03:57Z,,,,,,https://www.robot-learning.co/,Industrials,Early,1,No,0,,,0,,,,
helixdb,HelixDB,Spring 2025,No evidence found,,,,,,,,,,,,,,,,,,Checked: no post-YC Form D matching the founders; no funding statement on website (8 pages) or YC page. LinkedIn/X/Crunchbase need a logged-in browser.,2026-09-30T20:04:09Z,,,,,,https://helix-db.com,B2B,Early,6,No,0,,,0,,,,
feyn,Feyn,Spring 2025,No evidence found,,,,,,,,,,,,,,,,,,Checked: no post-YC Form D matching the founders; no funding statement on website (2 pages) or YC page. LinkedIn/X/Crunchbase need a logged-in browser.,2026-09-30T20:03:47Z,,,,,,https://www.usefeyn.com,B2B,Early,3,No,0,,,0,,,,
almond-2,Almond,Spring 2025,No evidence found,,,,,,,,,,,,,,,,,,Checked: no post-YC Form D matching the founders; no funding statement on website (2 pages) or YC page. LinkedIn/X/Crunchbase need a logged-in browser.,2026-09-30T20:04:29Z,,,,,,https://almond.bot/,Industrials,Early,6,Yes,0,,,0,,,,
claim-health,Claim Health,Spring 2025,Yes,4400000,Seed,,,2,Company website,https://www.claimhealth.com/blog/announcing-our-4-4m-seed-round,Announcing our $4.4m Seed Round .,,,,,,,,,High,Round date not stated on the source page; assumed post-YC because it is presented as current news. No matching post-YC Form D found.,2026-09-30T20:03:47Z,,,,4400000,Yes,https://www.claimhealth.com,Healthcare,Early,6,Yes,7,ashby,9,9,2,0,,Full Stack Engineer; Operations Associate; Forward Deployed Engineer; Visual Design Intern; Content Marketing Intern; Prior Authorization Specialist; Clinical QA Nurse (RN); Customer Success Manager; Clinical Operations Specialist
capacitive,Capacitive,Spring 2025,No evidence found,,,,,,,,,,,,,,,,,,Checked: no post-YC Form D matching the founders; no funding statement on website (1 pages) or YC page. LinkedIn/X/Crunchbase need a logged-in browser.,2026-09-30T20:04:26Z,,,,,,https://capacitive.ai/,B2B,Early,2,No,0,,,0,,,,
acolite,Acolite,Spring 2025,No evidence found,,,,,,,,,,,,,,,,,,Checked: no post-YC Form D matching the founders; no funding statement on website (2 pages) or YC page. LinkedIn/X/Crunchbase need a logged-in browser.,2026-09-30T20:04:30Z,,,,,,https://acolite.ai,Fintech,Early,3,No,0,,,0,,,,
ralo,Ralo,Spring 2025,Yes,2900000,,,,2,Company website,https://www.ralo.com,We raised $2.9M to make mortgages actually affordable.,,,,,,,,,High,Round date not stated on the source page; assumed post-YC because it is presented as current news. No matching post-YC Form D found.,2026-09-30T20:04:05Z,2026-06-18,2900000,https://www.ralo.com (date printed near the quote),2900000,Yes,https://www.ralo.com/,Fintech,Early,2,Yes,1,,,1,0,0,https://www.ralo.com/careers,Loan Officer Engineer
auctor,Auctor,Spring 2025,Yes,20000000,Seed + Series A (combined),2026-04-15,Sequoia Capital,4,company press release (GlobeNewswire via Manila Times),https://www.manilatimes.net/2026/04/15/tmt-newswire/globenewswire/auctor-raises-20m-led-by-sequoia-capital-to-build-the-ai-system-of-action-for-the-enterprise-software-implementation-market/2321042,"Auctor has raised a total of $20 million, including a Series A led by Sequoia Capital",,,,,,,,,Medium,"Web search review: Company press release, but fetched from a news syndicator. Axios describes it as a combined seed and Series A. Other investors: M12, HubSpot Ventures, Workday Ventures, OneStream, YC, Tercera, Dig. Founders Sun, Blackburn and Ng-Thow-Hing match. Batch X25. Tracxn lead total $20,000,000; not confirmed by a higher-tier source. Checked: no post-YC Form D matching the founders; no funding statement on website (3 pages) or YC page. LinkedIn/X/Crunchbase need a logged-in browser.",2026-09-30T20:03:55Z,2026-04-15,20000000,company press release (GlobeNewswire via Manila Times),20000000,Yes,https://getauctor.com,B2B,Early,30,Yes,5,ashby,12,12,8,1,https://www.getauctor.com/careers,"Software Engineer; Software Engineering Intern; Product Designer; Forward Deployed Engineer; Senior Software Engineer, Backend; Founding Account Executive; Software Engineer, Applied AI; Product Manager; Founding Product Operations Manager; Senior Software Engineer, Product "
neoncoral,neoncoral,Spring 2025,No evidence found,,,,,,,,,,,,,,,,,,Checked: no post-YC Form D matching the founders; no funding statement on website (1 pages) or YC page. LinkedIn/X/Crunchbase need a logged-in browser.,2026-09-30T20:03:49Z,,,,,,http://neoncoral.inc,Consumer,Early,1,No,0,,,0,,,,
synthio-labs,Synthio Labs,Spring 2025,Yes,5000000,Seed,2025-11,Elevation Capital,2,company blog,https://synthiolabs.com/blog/announcing-our-5m-seed-fundraise-led-by-elevation-capital,"This round was led by Elevation Capital, with participation from 1984 Ventures, Peak XV Partners, Y Combinator, and strategic angels",,,,,,,,,High,"Web search review: Blog says 'We have raised $5 million in seed funding' but shows no date. Month comes from Inc42 X post (2025-11-19) and FinSMEs (Nov 2025). After X25/Spring 2025 start (Apr 2025). Tracxn $5.5M is likely $5M + YC $500K. Tracxn lead total $5,500,000; not confirmed by a higher-tier source. Checked: no post-YC Form D matching the founders; no funding statement on website (2 pages) or YC page. LinkedIn/X/Crunchbase need a logged-in browser.",2026-09-30T20:03:53Z,2025-11-01,5000000,company blog,5000000,Yes,https://synthiolabs.com/,Healthcare,Early,29,Yes,6,,,6,0,0,https://synthiolabs.com/careers,Software Engineer - AI; Forward Deployed Engineer - Product; Forward Deployed Engineer - Tech; GTM / Growth Lead; Other; Head of Business Development & Partnerships
cua,Cua,Spring 2025,No evidence found,,,,,,,,,,,,,,,,,,Checked: no post-YC Form D matching the founders; no funding statement on website (11 pages) or YC page. LinkedIn/X/Crunchbase need a logged-in browser.,2026-09-30T20:04:28Z,,,,,,https://cua.ai,B2B,Early,3,Yes,0,,,0,,,,
minerva,Minerva,Spring 2025,No evidence found,,,,,,,,,,,,,,,,,,Checked: no post-YC Form D matching the founders; no funding statement on website (0 pages) or YC page. LinkedIn/X/Crunchbase need a logged-in browser.,2026-09-30T20:04:20Z,,,,,,https://joinminerva.ai,B2B,Early,5,No,0,,,0,,,,
groundcontrol,GroundControl,Spring 2025,Yes,2000000,SAFE (per Form D; stage not stated),2025-06-11,,1,SEC Form D,https://www.sec.gov/Archives/edgar/data/2066628/000206662825000003/primary_doc.xml,totalAmountSold: 2000000; totalOfferingAmount: 2000000; dateOfFirstSale: 2025-06-11,0002066628,0002066628-25-000003,2000000,2000000,2025-06-11,SecurityToBeAcquired; Other; Other: SAFE,3,"Ground Control Software, Inc.",High,yc deal like Form D 0002066628-25-000004: sold 500000 first sale 2025-04-11,2026-09-30T20:04:02Z,2025-06-11,2000000,SEC Form D 0002066628-25-000003,2000000,Yes,https://rungroundcontrol.com/,Industrials,Early,8,Yes,1,,,1,0,0,,Account Executive
avallon-ai,Avallon AI,Spring 2025,Yes,4662000,Seed (OptionToAcquire; SecurityToBeAcquired per Form D),2025-03-12,,1,SEC Form D,https://www.sec.gov/Archives/edgar/data/2083254/000208325425000001/primary_doc.xml,totalAmountSold: 4662000; totalOfferingAmount: 4662000; dateOfFirstSale: 2025-03-12,0002083254,0002083254-25-000001,4662000,4662000,2025-03-12,OptionToAcquire; SecurityToBeAcquired,7,"Avallon Labs, Inc.",High,"First sale is close to batch start, so the Form D total may include YC's $500K.",2026-09-30T20:04:00Z,2025-03-12,4662000,SEC Form D 0002083254-25-000001,4662000,Yes,https://www.avallon.ai/,Fintech,Early,7,Yes,3,ashby,2,3,2,0,,Forward Deployed Engineer; Founding Software Engineer
cubic,cubic,Spring 2025,No evidence found,,,,,,,,,,,,,,,,,,Checked: no post-YC Form D matching the founders; no funding statement on website (5 pages) or YC page. LinkedIn/X/Crunchbase need a logged-in browser.,2026-09-30T20:04:09Z,,,,,,https://cubic.dev/,B2B,Early,6,Yes,0,,,0,,,,
golf,Golf,Spring 2025,No evidence found,,,,,,,,,,,,,,,,,,Checked: no post-YC Form D matching the founders; no funding statement on website (1 pages) or YC page. LinkedIn/X/Crunchbase need a logged-in browser.,2026-09-30T20:04:09Z,,,,,,https://golf.dev/,B2B,Early,1,No,0,,,0,,,,
bitboard,BitBoard,Spring 2025,No evidence found,,,,,,,,,,,,,,,,,,Checked: no post-YC Form D matching the founders; no funding statement on website (2 pages) or YC page. LinkedIn/X/Crunchbase need a logged-in browser.,2026-09-30T20:04:10Z,,,,,,https://bitboard.work,B2B,Early,2,No,0,,,0,,,,
nao-labs,nao Labs,Spring 2025,No evidence found,,,,,,,,,,,,,,,,,,Checked: no post-YC Form D matching the founders; no funding statement on website (10 pages) or YC page. LinkedIn/X/Crunchbase need a logged-in browser. National register for FR not checked.,2026-09-30T20:04:15Z,,,,,,https://getnao.io/,B2B,Early,2,Yes,0,,,0,,,,
vybe,Vybe,Spring 2025,Yes,10000000,Seed,,,2,Company website,https://www.vybe.build/blog,Vybe Raises $10M Seed Round Led by First Round Capital.,,,,,,,,,High,Round date not stated on the source page; assumed post-YC because it is presented as current news. No matching post-YC Form D found.,2026-09-30T20:04:16Z,2026-03-16,10000000,https://www.vybe.build/blog (date printed near the quote),10000000,Yes,https://www.vybe.build,B2B,Early,8,No,0,,,0,0,0,https://www.vybe.build/careers,
aravolta,Aravolta,Spring 2025,No evidence found,,,,,,,,,,,,,,,,,,Checked: no post-YC Form D matching the founders; no funding statement on website (7 pages) or YC page. LinkedIn/X/Crunchbase need a logged-in browser.,2026-09-30T20:04:17Z,,,,,,https://www.aravolta.com/,B2B,Early,4,Yes,0,,,0,,,,
kashikoi,Kashikoi,Spring 2025,No evidence found,,,,,,,,,,,,,,,,,,Checked: no post-YC Form D matching the founders; no funding statement on website (1 pages) or YC page. LinkedIn/X/Crunchbase need a logged-in browser.,2026-09-30T20:04:13Z,,,,,,https://www.getkashikoi.com,B2B,Early,2,No,0,,,0,,,,
plexe,Plexe,Spring 2025,Unclear,,,,,5,"Tracxn (lead only, from input)",,,,,,,,,,,Low,"Web search review: The only fetchable page is a directory, so this is a lead only. Search snippets (Dealroom/RefreshMiami news feed, 403 when fetched) say Plexe, co-founded by Vaibhav Dubey and Marcello De Bernardi and backed by YC, raised $2.1M seed. No date, no investors beyond YC, and no press or company source found; American Bazaar (2025-05-28) mentions no amount. post_yc unknown, and $2.1M may include YC's $50 Tracxn lead total $2,600,000; not confirmed by a higher-tier source. Checked: no post-YC Form D matching the founders; no funding statement on website (2 pages) or YC page. LinkedIn/X/Crunchbase need a logged-in browser. Companies House PLEXE AI LTD (16210488): no SH01 allotments listed. Companies House PLEXE LTD (16361092): no SH01 allotments listed.",2026-09-30T20:04:14Z,,,,,,https://plexe.ai,B2B,Early,2,Yes,1,,,1,0,0,https://plexe.ai/careers,Forward Deployed Engineer
frekil,Frekil,Spring 2025,No evidence found,,,,,,,,,,,,,,,,,,Checked: no post-YC Form D matching the founders; no funding statement on website (2 pages) or YC page. LinkedIn/X/Crunchbase need a logged-in browser.,2026-09-30T20:04:23Z,,,,,,https://www.frekil.com,Healthcare,Early,2,No,0,,,0,,,,
chestnut,Chestnut,Spring 2025,No evidence found,,,,,,,,,,,,,,,,,,"Unverified Form D by same-named person: Distinct Technologies, Inc. 0002023504-25-000003 sold 12608 (first sale 2025-09-09, Southport); likely a different person. Checked: no post-YC Form D matching the founders; no funding statement on website (0 pages) or YC page. LinkedIn/X/Crunchbase need a logged-in browser.",2026-09-30T20:04:20Z,,,,,,https://chestnutmortgage.com/,Fintech,Early,2,Yes,0,,,0,,,,
qfex,QFEX,Spring 2025,Yes,9500000,Seed,2026-03-05,General Catalyst,4,press article (FinTech Global),https://fintech.global/2026/03/05/qfex-launches-with-9-5m-seed-round-to-disrupt-global-trading/,"closed a $9.5m seed funding round led by General Catalyst, with participation from Y Combinator and Paul Graham.",,,,,,,,,Medium,"Web search review: Valued at $95M. Founders Annanay Kapila and Joshua Wharton confirmed. UK outlets report GBP 7m for the same round. Tracxn lead total $9,500,000; not confirmed by a higher-tier source. Checked: no post-YC Form D matching the founders; no funding statement on website (10 pages) or YC page. LinkedIn/X/Crunchbase need a logged-in browser. Companies House QFEX INTERNATIONAL LTD. (16449272): no SH01 allotments listed.",2026-09-30T20:04:23Z,2026-03-05,9500000,press article (FinTech Global),9500000,Yes,https://qfex.com,Fintech,Early,14,Yes,2,,,2,0,0,,Research Engineer; Backend Engineer
atlog,Atlog,Spring 2025,No evidence found,,,,,,,,,,,,,,,,,,Checked: no post-YC Form D matching the founders; no funding statement on website (1 pages) or YC page. LinkedIn/X/Crunchbase need a logged-in browser.,2026-09-30T20:04:22Z,,,,,,https://atlog.ai,B2B,Early,2,Yes,0,,,0,,,,
waffle,Waffle,Spring 2025,No evidence found,,,,,,,,,,,,,,,,,,Checked: no post-YC Form D matching the founders; no funding statement on website (1 pages) or YC page. LinkedIn/X/Crunchbase need a logged-in browser.,2026-09-30T20:04:25Z,,,,,,https://www.waffle.ai,Consumer,Early,2,No,0,,,0,,,,
partcl,Partcl,Spring 2025,No evidence found,,,,,,,,,,,,,,,,,,Checked: no post-YC Form D matching the founders; no funding statement on website (3 pages) or YC page. LinkedIn/X/Crunchbase need a logged-in browser.,2026-09-30T20:04:23Z,,,,,,https://partcl.com/,B2B,Early,,Yes,0,,,0,,,,
aviro,Aviro,Spring 2025,No evidence found,,,,,,,,,,,,,,,,,,Checked: no post-YC Form D matching the founders; no funding statement on website (1 pages) or YC page. LinkedIn/X/Crunchbase need a logged-in browser.,2026-09-30T20:04:24Z,,,,,,https://www.aviro.ai/,B2B,Early,2,No,0,,,0,,,,
willow,Willow,Spring 2025,Yes,4200000,Seed,2025-07-15,BoxGroup,4,press (The SaaS News),https://www.thesaasnews.com/news/willow-voice-raises-4-2m-seed/,"Willow Voice, an AI dictation startup based in the United States, has raised $4.2 million in seed funding.",,,,,,,,,Medium,"Web search review: SaaS News shows 2026-08-23, but the round was announced 2025-07-15: founder X post ID 1945185671054024828 decodes to that date, and AIBase (https://www.aibase.com/news/19710) is dated 2025-07-16. The X post itself could not be fetched (402). Goodwater, Burst and Liquid 2 participated. Guo later cited $4.5M total. Batch X25. Tracxn lead total $5,000,000; not confirmed by a higher-tier source. Checked: no post-YC Form D matching the founders; no funding statement on website (4 pages) or YC page. LinkedIn/X/Crunchbase need a logged-in browser.",2026-09-30T20:04:26Z,2025-07-15,4200000,press (The SaaS News),4200000,Yes,https://willowvoice.com/,Consumer,Early,7,Yes,4,,,4,0,0,https://willowvoice.com/careers,Founding Growth & Content Lead; Founding Account Executive; Product Designer; ML Engineer 
atum-works,Atum Works,Spring 2025,No evidence found,,,,,,,,,,,,,,,,,,Checked: no post-YC Form D matching the founders; no funding statement on website (1 pages) or YC page. LinkedIn/X/Crunchbase need a logged-in browser.,2026-09-30T20:04:28Z,,,,,,https://atum.works/,Industrials,Early,3,No,0,,,0,,,,
leeroo,Leeroo,Spring 2025,No evidence found,,,,,,,,,,,,,,,,,,Checked: no post-YC Form D matching the founders; no funding statement on website (9 pages) or YC page. LinkedIn/X/Crunchbase need a logged-in browser. Companies House LEEROO AI LTD (15776011): no SH01 allotments listed. Companies House LEEROO LTD (15572702): no SH01 allotments listed.,2026-09-30T20:04:31Z,,,,,,https://www.leeroo.com/,B2B,Early,3,Yes,0,,,0,,,,
bitpatrol,BitPatrol,Spring 2025,No evidence found,,,,,,,,,,,,,,,,,,Checked: no post-YC Form D matching the founders; no funding statement on website (1 pages) or YC page. LinkedIn/X/Crunchbase need a logged-in browser.,2026-09-30T20:04:32Z,,,,,,https://www.bitpatrol.io/,B2B,Early,1,No,0,,,0,,,,
propolis,Propolis,Spring 2025,No evidence found,,,,,,,,,,,,,,,,,,"Unverified Form D by same-named person: Liminal Strategy, Inc. 0002044739-25-000002 sold 8499925 (first sale 2025-04-07, New York); likely a different person. Checked: no post-YC Form D matching the founders; no funding statement on website (0 pages) or YC page. LinkedIn/X/Crunchbase need a logged-in browser.",2026-09-30T20:04:27Z,,,,,,https://propolis.tech/,B2B,Early,2,No,0,,,0,,,,
kirana-ai,Kirana AI,Spring 2025,No evidence found,,,,,,,,,,,,,,,,,,Checked: no post-YC Form D matching the founders; no funding statement on website (0 pages) or YC page. LinkedIn/X/Crunchbase need a logged-in browser.,2026-09-30T20:04:31Z,,,,,,https://www.kirana-ai.com,B2B,Early,2,No,0,,,0,,,,
galen-ai,Galen AI,Spring 2025,No evidence found,,,,,,,,,,,,,,,,,,Checked: no post-YC Form D matching the founders; no funding statement on website (0 pages) or YC page. LinkedIn/X/Crunchbase need a logged-in browser.,2026-09-30T20:04:31Z,,,,,,https://www.galenai.com/,Healthcare,Early,2,No,0,,,0,,,,
blaxel,Blaxel,Spring 2025,Yes,7300000,Seed,,First Round,2,Company website,https://blaxel.ai/blog,Blaxel raises $7.3M seed round led by First Round to build cloud infrastructure for the AI agent economy .,,,,,,,,,High,Round date not stated on the source page; assumed post-YC because it is presented as current news. No matching post-YC Form D found.,2026-09-30T20:04:32Z,,,,7300000,Yes,https://blaxel.ai,B2B,Early,12,No,0,ashby,0,0,0,0,https://jobs.ashbyhq.com/blaxel,
caucus,Caucus,Spring 2025,No evidence found,,,,,,,,,,,,,,,,,,Checked: no post-YC Form D matching the founders; no funding statement on website (1 pages) or YC page. LinkedIn/X/Crunchbase need a logged-in browser.,2026-09-30T20:04:31Z,,,,,,https://www.usecaucus.com/,Government,Early,3,No,0,,,0,,,,
percival,Percival,Spring 2025,No evidence found,,,,,,,,,,,,,,,,,,Checked: no post-YC Form D matching the founders; no funding statement on website (1 pages) or YC page. LinkedIn/X/Crunchbase need a logged-in browser.,2026-09-30T20:04:32Z,,,,,,https://percy.tech,B2B,Early,3,No,0,,,0,,,,
kanava-ai,Kanava AI,Spring 2025,No evidence found,,,,,,,,,,,,,,,,,,Checked: no post-YC Form D matching the founders; no funding statement on website (10 pages) or YC page. LinkedIn/X/Crunchbase need a logged-in browser.,2026-09-30T20:04:33Z,,,,,,https://kanava.ai/,B2B,Early,2,No,0,,,0,,,,
red-barn-robotics,Red Barn Robotics,Winter 2025,No evidence found,,,,,,,,,,,,,,,,,,Checked: no post-YC Form D matching the founders; no funding statement on website (1 pages) or YC page. LinkedIn/X/Crunchbase need a logged-in browser.,2026-09-30T20:04:34Z,,,,,,https://www.redbarnrobotics.com,Industrials,Early,5,No,0,,,0,,,,
mentra,Mentra,Winter 2025,Yes,8000000,,2025-07-01,,4,Press (linked from YC company page),https://www.forbes.com/sites/charliefink/2025/07/01/mentra-raises-8-million-to-launch-open-source-os-for-smart-glasses/,Mentra Raises $8 Million To Launch Open-Source OS For Smart Glasses,,,,,,,,,Medium,No matching post-YC Form D found.,2026-09-30T20:04:43Z,2025-07-01,8000000,Press (linked from YC company page),8000000,Yes,https://mentra.glass,Consumer,Early,12,Yes,1,,,1,0,0,https://mentraglass.com/careers,Business Operations and Finance Lead
blindpay,BlindPay,Winter 2025,Yes,3300000,Seed,,,2,Company website,https://blindpay.com/blog,"Aug 1, 2025 BlindPay Raises $3.3M Seed Round.",,,,,,,,,High,Round date not stated on the source page; assumed post-YC because it is presented as current news. No matching post-YC Form D found.,2026-09-30T20:04:40Z,2025-08-01,3300000,https://blindpay.com/blog (date printed near the quote),3300000,Yes,https://blindpay.com/,Fintech,Early,9,No,0,,,0,0,0,https://blindpay.com/careers,
vantel,Vantel,Winter 2025,No evidence found,,,,,,,,,,,,,,,,,,Checked: no post-YC Form D matching the founders; no funding statement on website (7 pages) or YC page. LinkedIn/X/Crunchbase need a logged-in browser. National register for SE not checked.,2026-09-30T20:04:39Z,,,,,,https://vantel.com/,Fintech,Early,5,No,0,,,0,,,,
fira,Fira,Winter 2025,No evidence found,,,,,,,,,,,,,,,,,,Checked: no post-YC Form D matching the founders; no funding statement on website (2 pages) or YC page. LinkedIn/X/Crunchbase need a logged-in browser.,2026-09-30T20:04:40Z,,,,,,https://firaresearch.com/,B2B,Early,4,No,0,,,0,,,,
assistant-ui,assistant-ui,Winter 2025,No evidence found,,,,,,,,,,,,,,,,,,Checked: no post-YC Form D matching the founders; no funding statement on website (4 pages) or YC page. LinkedIn/X/Crunchbase need a logged-in browser.,2026-09-30T20:04:42Z,,,,,,https://assistant-ui.com,B2B,Early,3,No,0,,,0,,,,
artifact-2,Artifact,Winter 2025,Yes,3500000,,,,2,YC company/launch page,https://www.ycombinator.com/companies/artifact-2,"→ Manufacturing → Integration → Test → Sustainment We've raised $3.5M to build an integrated, verifiable AI copilot with an intuitive UI that reflects",,,,,,,,,High,Round date not stated on the source page; assumed post-YC because it is presented as current news. No matching post-YC Form D found.,2026-09-30T20:05:09Z,,,,3500000,Yes,https://www.artifact.engineer/,B2B,Early,4,Yes,5,,,5,0,0,https://www.artifact.engineer/careers,Forward-Deployed Software Engineer; Senior Software Engineer; Software Engineer; Electrical Systems Engineer; Avionics Engineer
axal,Axal,Winter 2025,No evidence found,,,,,,,,,,,,,,,,,,Checked: no post-YC Form D matching the founders; no funding statement on website (1 pages) or YC page. LinkedIn/X/Crunchbase need a logged-in browser.,2026-09-30T20:04:39Z,,,,,,https://www.axal.ai/,Industrials,Early,3,No,0,,,0,,,,
thirdlayer,Thirdlayer,Winter 2025,No evidence found,,,,,,,,,,,,,,,,,,Checked: no post-YC Form D matching the founders; no funding statement on website (2 pages) or YC page. LinkedIn/X/Crunchbase need a logged-in browser.,2026-09-30T20:05:11Z,,,,,,https://thirdlayer.inc,B2B,Early,2,Yes,0,,,0,,,,
trainloop,TrainLoop,Winter 2025,No evidence found,,,,,,,,,,,,,,,,,,Checked: no post-YC Form D matching the founders; no funding statement on website (1 pages) or YC page. LinkedIn/X/Crunchbase need a logged-in browser.,2026-09-30T20:04:43Z,,,,,,http://trainloop.ai,B2B,Early,6,No,0,,,0,,,,
sammy-labs,SAMMY Labs,Winter 2025,No evidence found,,,,,,,,,,,,,,,,,,Checked: no post-YC Form D matching the founders; no funding statement on website (3 pages) or YC page. LinkedIn/X/Crunchbase need a logged-in browser.,2026-09-30T20:04:59Z,,,,,,https://www.sammylabs.com,B2B,Early,10,Yes,0,,,0,,,,
instinct-space,Instinct Space,Winter 2025,No evidence found,,,,,,,,,,,,,,,,,,Checked: no post-YC Form D matching the founders; no funding statement on website (5 pages) or YC page. LinkedIn/X/Crunchbase need a logged-in browser. Companies House INSTINCT SPACE LIMITED (16201058): no SH01 allotments listed.,2026-09-30T20:04:39Z,,,,,,https://www.instinct-space.com/,Industrials,Early,5,No,0,,,0,,,,
mercura,Mercura,Winter 2025,Yes,2100000,Seed,2025-12-29,TQ Ventures; SignalFire; Y Combinator,4,press article (Startbase),https://www.startbase.com/news/ki-startup-mercura-sammelt-ueber-21-millionen-us-dollar-ein/,The Munich-based AI company Mercura has raised more than 2.1 million US dollars in an oversubscribed seed round.,,,,,,,,,Medium,"Web search review: Amount is 'more than' $2.1M (Munich Startup, 2026-01-07: 'mehr als 1,8 Millionen Euro (2,1 Millionen Dollar)'). Founders Lukas Bock, Stefan Zheng, Sean Sdahl match. YC is a co-lead, so the figure may include YC's $500K. Announced after W25 start (Jan 2025). Tracxn $2.6M. Tracxn lead total $2,600,000; not confirmed by a higher-tier source. Checked: no post-YC Form D matching the founders; no funding statement on website (4 pages) or YC page. LinkedIn/X/Crunchbase need a logged-in browser. National register for DE not checked.",2026-09-30T20:04:43Z,2025-12-29,2100000,press article (Startbase),2100000,Yes,https://www.mercura.ai,B2B,Early,20,Yes,11,ashby,10,11,6,1,,(Senior) Fullstack Engineer; (Senior) AI/LLM Engineer; Business Development Representative (BDR); Account Executive; Customer Success Manager; Design Engineer; Staff Engineer; Solution Engineer; Forward Deployed Engineer (DACH); Founders Associate Intern (Ops & Marketing)
codevisor,Codevisor,Winter 2025,No evidence found,,,,,,,,,,,,,,,,,,Checked: no post-YC Form D matching the founders; no funding statement on website (1 pages) or YC page. LinkedIn/X/Crunchbase need a logged-in browser.,2026-09-30T20:04:47Z,,,,,,https://www.codevisor.dev,B2B,Early,2,No,0,,,0,,,,
cedar,Cedar,Winter 2025,Yes,3000000,Seed,,,2,Company website,https://mail.cedarcopilot.com/blog,Announcing our $3 million seed round.,,,,,,,,,High,Round date not stated on the source page; assumed post-YC because it is presented as current news. No matching post-YC Form D found.,2026-09-30T20:04:44Z,2026-05-28,3000000,https://mail.cedarcopilot.com/blog (date printed near the quote),3000000,Yes,https://mail.cedarcopilot.com/,B2B,Early,2,No,0,ashby,3,3,1,0,,Cedar Home Advisor; Head of Transaction Support and Admin; Mid Level Front End Engineer
browser-use,Browser Use,Winter 2025,Yes,17000000,,,,2,Company website,https://browser-use.com/posts,We Raised $17M to Build the Future of Web for Agents.,,,,,,,,,High,Round date not stated on the source page; assumed post-YC because it is presented as current news. No matching post-YC Form D found.,2026-09-30T20:04:58Z,2025-03-22,17000000,https://browser-use.com/posts (date printed near the quote),17000000,Yes,https://browser-use.com,B2B,Early,7,Yes,5,,,5,0,0,https://browser-use.com/careers,Summer Software Engineering Intern (now and Summer 2026); Software Engineer; Infra god; Founding Forward-Deployed Engineer; Founding Engineer (ex-YC founders only)
tamlabs,TamLabs,Winter 2025,No evidence found,,,,,,,,,,,,,,,,,,Checked: no post-YC Form D matching the founders; no funding statement on website (1 pages) or YC page. LinkedIn/X/Crunchbase need a logged-in browser.,2026-09-30T20:04:49Z,,,,,,https://tamlabs.ai,B2B,Early,2,No,0,,,0,,,,
ergo,Ergo,Winter 2025,No evidence found,,,,,,,,,,,,,,,,,,Checked: no post-YC Form D matching the founders; no funding statement on website (6 pages) or YC page. LinkedIn/X/Crunchbase need a logged-in browser.,2026-09-30T20:04:46Z,,,,,,https://joinergo.com,B2B,Early,,Yes,0,,,0,,,,
copycat-ai,CopyCat AI,Winter 2025,No evidence found,,,,,,,,,,,,,,,,,,Checked: no post-YC Form D matching the founders; no funding statement on website (3 pages) or YC page. LinkedIn/X/Crunchbase need a logged-in browser.,2026-09-30T20:04:49Z,,,,,,https://runcopycat.com,Fintech,Early,2,Yes,0,,,0,,,,
paratus-health,Paratus Health,Winter 2025,No evidence found,,,,,,,,,,,,,,,,,,Checked: no post-YC Form D matching the founders; no funding statement on website (1 pages) or YC page. LinkedIn/X/Crunchbase need a logged-in browser.,2026-09-30T20:04:51Z,,,,,,https://paratushealth.com/,Healthcare,Early,2,No,0,,,0,,,,
butter,Butter,Winter 2025,No evidence found,,,,,,,,,,,,,,,,,,Checked: no post-YC Form D matching the founders; no funding statement on website (1 pages) or YC page. LinkedIn/X/Crunchbase need a logged-in browser.,2026-09-30T20:05:02Z,,,,,,https://butter.dev,B2B,Early,2,No,0,,,0,,,,
bluebook,Bluebook,Winter 2025,Yes,3000000,Pre-Seed,2025-02-13,,4,Press (linked from YC company page),https://www.cpapracticeadvisor.com/2025/02/13/bluebook-raises-3m-to-build-ai-agents-for-accounting-firms-with-pre-seed-led-by-eqt-ventures/156006/,Bluebook Raises $3M to Build AI Agents for Accounting Firms with Pre-Seed Led by EQT Ventures - CPA Practice Advisor,,,,,,,,,Medium,No matching post-YC Form D found.,2026-09-30T20:04:47Z,2025-02-13,3000000,Press (linked from YC company page),3000000,Yes,https://getbluebook.com,B2B,Early,4,No,0,,,0,0,0,,
dalus,Dalus,Winter 2025,No evidence found,,,,,,,,,,,,,,,,,,Checked: no post-YC Form D matching the founders; no funding statement on website (4 pages) or YC page. LinkedIn/X/Crunchbase need a logged-in browser.,2026-09-30T20:04:48Z,,,,,,https://dalus.io,B2B,Early,3,Yes,0,,,0,,,,
roark,Roark,Winter 2025,No evidence found,,,,,,,,,,,,,,,,,,Checked: no post-YC Form D matching the founders; no funding statement on website (6 pages) or YC page. LinkedIn/X/Crunchbase need a logged-in browser.,2026-09-30T20:04:54Z,,,,,,https://roark.ai,B2B,Early,3,No,0,,,0,,,,
rebolt,Rebolt,Winter 2025,No evidence found,,,,,,,,,,,,,,,,,,"Unverified Form D by same-named person: Nomadar Corp. 0001493152-25-025553 sold 250000 (first sale 2025-10-31, Marshall); likely a different person. Unverified Form D by same-named person: Nomadar Corp. 0001493152-25-025552 sold 2260558 (first sale 2025-11-20, Marshall); likely a different person. Unverified Form D by same-named person: Nomadar Corp. 0001493152-26-014345 sold 3770278 (first sale 2026-02-27, Marshall); likely a different person. Unverified Form D by same-named person: Nomadar Corp. 0001493152-26-014343 sold 90002 (first sale 2026-03-27, Marshall); likely a different person. Checked: no post-YC Form D matching the founders; no funding statement on website (9 pages) or YC page. LinkedIn/X/Crunchbase need a logged-in browser.",2026-09-30T20:05:25Z,,,,,,https://rebolt.ai,B2B,Early,3,Yes,0,,,0,,,,
spott,Spott,Winter 2025,Yes,24200000,Series A,,Balderton Capital,2,Company website,https://spott.io/press,"in 2024 and backed by Y Combinator, Spott has raised $24.2M, including a $21M Series A led by Balderton Capital, and has offices in",,,,,,,,,High,Round date not stated on the source page; assumed post-YC because it is presented as current news. No matching post-YC Form D found.,2026-09-30T20:04:56Z,,,,24200000,Yes,https://spott.io,B2B,Growth,50,Yes,2,,,2,0,0,https://spott.io/careers,BDR; Customer Success Manager
woz,Woz,Winter 2025,No evidence found,,,,,,,,,,,,,,,,,,Checked: no post-YC Form D matching the founders; no funding statement on website (3 pages) or YC page. LinkedIn/X/Crunchbase need a logged-in browser.,2026-09-30T20:04:52Z,,,,,,https://www.wozcode.com/,B2B,Early,8,Yes,0,,,0,,,,
proception-inc,Proception Inc,Winter 2025,Yes,11000000,Seed,,,2,YC company/launch page,https://www.ycombinator.com/companies/proception-inc,"## Shipping This Week Proception has raised **$11 million in seed funding** led by **First Round Capital**, with participation from **Y Combinator** and **BoxGroup**.",,,,,,,,,High,Round date not stated on the source page; assumed post-YC because it is presented as current news. No matching post-YC Form D found.,2026-09-30T20:05:39Z,,,,11000000,Yes,https://proception.ai/,Industrials,Early,10,Yes,1,,,1,0,0,,Robotics Technician (Assembly & Testing)
corsair,Corsair,Winter 2025,No evidence found,,,,,,,,,,,,,,,,,,Checked: no post-YC Form D matching the founders; no funding statement on website (2 pages) or YC page. LinkedIn/X/Crunchbase need a logged-in browser.,2026-09-30T20:05:15Z,,,,,,https://www.corsair.dev,B2B,Early,2,No,0,,,0,,,,
wildcard,Wildcard,Winter 2025,No evidence found,,,,,,,,,,,,,,,,,,Checked: no post-YC Form D matching the founders; no funding statement on website (5 pages) or YC page. LinkedIn/X/Crunchbase need a logged-in browser.,2026-09-30T20:04:55Z,,,,,,https://wild-card.ai,B2B,Early,,Yes,0,,,0,,,,
permitify,Permitify,Winter 2025,No evidence found,,,,,,,,,,,,,,,,,,Checked: no post-YC Form D matching the founders; no funding statement on website (1 pages) or YC page. LinkedIn/X/Crunchbase need a logged-in browser.,2026-09-30T20:05:39Z,,,,,,https://permitify.com,Real Estate and Construction,Early,2,No,0,,,0,,,,
reditus-space,Reditus Space,Winter 2025,Yes,7100000,Seed,2025-12-01,,4,press article (Hypepotamus),https://hypepotamus.com/startup-news/reditus-space-microgravity-as-a-service-funding/,"This week, Reditus announced the close of its $7.1 million seed round. Though there was not a traditional lead investor",,,,,,,,,Medium,"Web search review: Hypepotamus article dated 2025-12-02. SpaceNews says the announcement was 2025-12-01. Larger investors: Y Combinator and Antler. The Tracxn lead of $7.6M likely adds the YC money. Tracxn lead total $7,600,000; not confirmed by a higher-tier source. Checked: no post-YC Form D matching the founders; no funding statement on website (5 pages) or YC page. LinkedIn/X/Crunchbase need a logged-in browser.",2026-09-30T20:04:59Z,2025-12-01,7100000,press article (Hypepotamus),7100000,Yes,https://www.reditus.space/,Industrials,Early,12,Yes,4,,,4,0,0,https://www.reditus.space/careers,Avionics Engineer; Thermal Structures Engineer; Senior Mechanical Engineer; Senior Aerothermal Engineer
optifye-ai,Optifye.ai,Winter 2025,No evidence found,,,,,,,,,,,,,,,,,,Checked: no post-YC Form D matching the founders; no funding statement on website (1 pages) or YC page. LinkedIn/X/Crunchbase need a logged-in browser. National register for IN not checked.,2026-09-30T20:04:59Z,,,,,,https://www.optifye.ai,B2B,Early,8,Yes,0,,,0,,,,
pinch,Pinch,Winter 2025,No evidence found,,,,,,,,,,,,,,,,,,Checked: no post-YC Form D matching the founders; no funding statement on website (3 pages) or YC page. LinkedIn/X/Crunchbase need a logged-in browser. National register for ES not checked.,2026-09-30T20:05:19Z,,,,,,https://startpinch.com,B2B,Early,3,No,0,,,0,,,,
retrofit,Retrofit,Winter 2025,No evidence found,,,,,,,,,,,,,,,,,,Checked: no post-YC Form D matching the founders; no funding statement on website (1 pages) or YC page. LinkedIn/X/Crunchbase need a logged-in browser.,2026-09-30T20:05:01Z,,,,,,https://www.retrofit.shop/,Consumer,Early,2,No,0,,,0,,,,
archon,Archon,Winter 2025,No evidence found,,,,,,,,,,,,,,,,,,Checked: no post-YC Form D matching the founders; no funding statement on website (1 pages) or YC page. LinkedIn/X/Crunchbase need a logged-in browser.,2026-09-30T20:05:02Z,,,,,,https://archon.inc,Government,Early,3,Yes,0,,,0,,,,
forge-automation,Forge Automation,Winter 2025,Unclear,,,,,5,"Tracxn (lead only, from input)",,,0002017605,,,,,,,Forge Automation Corp.,Low,"Web search review: Searched 'Forge Automation Toronto Timothy Seto raises' and 'Forge Automation CNC seed funding YC W25'. Only aggregators turned up: $635K total (YC plus angels Decacorn, Olive Tree, Pioneer Fund). No primary or press source for a round beyond YC. Tracxn lead total $635,000; not confirmed by a higher-tier source. pre yc Form D 0001727689-24-000038: sold 135000 first sale 2024-03-22 Checked: no post-YC Form D matching the founders; no funding statement on website (10 pages) or YC page. LinkedIn/X/Crunchbase need a logged-in browser. National register for CA not checked.",2026-09-30T20:05:12Z,,,,,,https://www.forgeautomation.ca,Industrials,Early,21,Yes,1,,,1,0,0,,Manufacturing Software Engineer
mastra,Mastra,Winter 2025,Yes,36164297,Equity (per Form D; stage not stated),2026-03-02,Spark Capital,1,SEC Form D,https://www.sec.gov/Archives/edgar/data/2126990/000212699026000001/primary_doc.xml,totalAmountSold: 36164297; totalOfferingAmount: 36164297; dateOfFirstSale: 2026-03-02,0002126990,0002126990-26-000001,36164297,36164297,2026-03-02,Equity,157,"Kepler Software, Inc.",High,"Legal name differs from brand; matched on related person(s) Abhi Aiyer, Sam Bhagwat, Shane Thomas, issuer in San Francisco, CA. Form D clarification: Total amount sold includes the conversion of $16,164,300.00 in SAFEs. Tier 2 source states $22M (https://mastra.ai/blog/series-a); Form D figure kept.",2026-09-30T20:05:07Z,2026-03-02,36164297,SEC Form D 0002126990-26-000001,36164297,Yes,https://mastra.ai,B2B,Early,30,No,0,ashby,1,1,1,0,https://mastra.ai/careers,Customer Engineer
afterquery,AfterQuery,Winter 2025,Yes,30000000,Series A,2026-04-09,Altos Ventures,4,press (Built In SF),https://www.builtinsf.com/articles/afterquery-raises-30m-series-a-20260413,"This raise, spearheaded by Altos Ventures, values AfterQuery at $300 million.",,,,,,,,,Medium,"Web search review: Built In SF also says 'a $30 million round of Series A funding'. Announced 2026-04-09 per the BusinessWire release, which returned 403. $300M valuation. Tracxn's ~$30.5M = $30M + YC $500K. Batch W25. Tracxn lead total $30,499,997; not confirmed by a higher-tier source. Checked: no post-YC Form D matching the founders; no funding statement on website (3 pages) or YC page. LinkedIn/X/Crunchbase need a logged-in browser.",2026-09-30T20:05:07Z,2026-04-09,30000000,press (Built In SF),30000000,Yes,https://afterquery.com,B2B,Growth,30,Yes,11,ashby,38,38,10,10,https://www.afterquery.com/careers,Strategic Projects Lead; Growth Associate; Software Engineer - Platform/Applied AI ; AI/ML Research Intern; Software Engineering Intern; Software Engineer - Platform Infrastructure; Strategic Projects Lead - Coding; Strategic Projects Associate - Coding; Marketing Lead; Business Operations Generalist
misprint,Misprint,Winter 2025,No evidence found,,,,,,,,,,,,,,,,,,Checked: no post-YC Form D matching the founders; no funding statement on website (4 pages) or YC page. LinkedIn/X/Crunchbase need a logged-in browser.,2026-09-30T20:05:19Z,,,,,,https://www.misprint.com,Consumer,Early,4,Yes,0,,,0,,,,
fuse-ai,Fuse AI,Winter 2025,No evidence found,,,,,,,,,,,,,,,,,,Checked: no post-YC Form D matching the founders; no funding statement on website (3 pages) or YC page. LinkedIn/X/Crunchbase need a logged-in browser.,2026-09-30T20:05:06Z,,,,,,https://fuseai.com/,B2B,Early,12,Yes,0,,,0,,,,
miyagi-labs,Miyagi Labs,Winter 2025,No evidence found,,,,,,,,,,,,,,,,,,Checked: no post-YC Form D matching the founders; no funding statement on website (3 pages) or YC page. LinkedIn/X/Crunchbase need a logged-in browser.,2026-09-30T20:05:13Z,,,,,,https://miyagilabs.ai,Education,Early,2,No,0,,,0,,,,
artificial-societies,Artificial Societies,Winter 2025,Yes,5300000,Seed,,,2,Company website,https://societies.ai/publications,Artificial Societies Raises Its $5.3M Seed Round.,,,,,,,,,High,"Round date not stated on the source page; assumed post-YC because it is presented as current news. No matching post-YC Form D found. Companies House ARTIFICIAL SOCIETIES LTD (15963818): 1 SH01 allotment filing(s), latest 20 Nov 2024: Statement of capital following an allotment of shares on 11 November 2024 USD 0.04",2026-09-30T20:05:14Z,,,,5300000,Yes,https://societies.ai,B2B,Early,18,No,0,,,0,0,0,https://societies.ai/company#open-positions,
openintake,OpenIntake,Winter 2025,No evidence found,,,,,,,,,,,,,,,,,,Checked: no post-YC Form D matching the founders; no funding statement on website (10 pages) or YC page. LinkedIn/X/Crunchbase need a logged-in browser.,2026-09-30T20:05:12Z,,,,,,https://www.openintake.ai/,B2B,Early,2,No,0,,,0,,,,
peppr-ai,Peppr AI,Winter 2025,No evidence found,,,,,,,,,,,,,,,,,,Checked: no post-YC Form D matching the founders; no funding statement on website (1 pages) or YC page. LinkedIn/X/Crunchbase need a logged-in browser.,2026-09-30T20:05:13Z,,,,,,https://www.usepeppr.ai/,B2B,Early,4,Yes,0,,,0,,,,
infinite,Infinite,Winter 2025,No evidence found,,,,,,,,,,,,,,,,,,Checked: no post-YC Form D matching the founders; no funding statement on website (11 pages) or YC page. LinkedIn/X/Crunchbase need a logged-in browser.,2026-09-30T20:05:19Z,,,,,,https://infinite.net,Fintech,Early,4,Yes,0,,,0,,,,
sennu-ai,Sennu AI,Winter 2025,No evidence found,,,,,,,,,,,,,,,,,,Checked: no post-YC Form D matching the founders; no funding statement on website (10 pages) or YC page. LinkedIn/X/Crunchbase need a logged-in browser.,2026-09-30T20:05:15Z,,,,,,https://www.sennu.ai,B2B,Early,2,No,0,,,0,,,,
orbital-operations,Orbital Operations,Winter 2025,Yes,8800000,,,,2,Company website,https://www.orbitalops.tech,Orbital Operations Raises $8.8M to Build High-Thrust Vehicle for Satellite Defense .,0002054774,,,,,,,Orbital Operations Inc,High,yc deal like Form D 0002054774-25-000001: sold 519500 first sale 2025-01-16 Round date not stated on the source page; assumed post-YC because it is presented as current news. No matching post-YC Form D found.,2026-09-30T20:05:20Z,,,,8800000,Yes,https://www.orbitalops.tech/,Industrials,Early,10,Yes,5,greenhouse,5,5,4,0,,Avionics Mechanical Engineer; Rockstar; Spring 2027 Internship - Engineering; Structures Design Engineer; Turbomachinery Mechanical Design Engineer
mesh-2,Mesh,Winter 2025,No evidence found,,,,,,,,,,,,,,,,,,Checked: no post-YC Form D matching the founders; no funding statement on website (2 pages) or YC page. LinkedIn/X/Crunchbase need a logged-in browser.,2026-09-30T20:05:18Z,,,,,,http://www.usemesh.com,B2B,Early,3,Yes,0,,,0,,,,
outlit,Outlit,Winter 2025,No evidence found,,,,,,,,,,,,,,,,,,Checked: no post-YC Form D matching the founders; no funding statement on website (1 pages) or YC page. LinkedIn/X/Crunchbase need a logged-in browser.,2026-09-30T20:06:32Z,,,,,,https://outlit.ai/,B2B,Early,3,No,0,,,0,,,,
harper,Harper,Winter 2025,Yes,47000000,,,,2,Company website,https://www.harperinsure.com,that works for you Skip to main content We've raised $47 Million We've raised $47 Million to build the future of commercial insurance.,,,,,,,,,High,Round date not stated on the source page; assumed post-YC because it is presented as current news. No matching post-YC Form D found.,2026-09-30T20:05:20Z,,,,47000000,Yes,https://www.harperinsure.com/,Fintech,Growth,25,Yes,14,ashby,35,35,4,2,,"Field Marketing & Partnerships Associate; Performance Marketing & Paid Acquisition Lead; Future AI Founder; Recruiting Lead; Special Projects Lead; Senior Commercial Underwriter, Underwriting Intelligence; Customer Intake Specialist; Business Operations Associate; Sales Development Representative, AI-Native; Product Manager"
calltree,Calltree,Winter 2025,No evidence found,,,,,,,,,,,,,,,,,,Checked: no post-YC Form D matching the founders; no funding statement on website (1 pages) or YC page. LinkedIn/X/Crunchbase need a logged-in browser.,2026-09-30T20:05:26Z,,,,,,https://calltree.ai,B2B,Early,14,Yes,0,,,0,,,,
nitrode,Nitrode,Winter 2025,Unclear,,,,,5,"Tracxn (lead only, from input)",,,,,,,,,,,Low,"Web search review: Searched 'Nitrode raises seed', 'Nitrode game engine funding', founder Ben Kim. Only aggregators (Extruct, Tracxn, PitchBook, Crunchbase) found: a $500K seed on 2025-03-12 (YC, Rebel Fund) and a second round on 2025-06-12 with 7 investors, $2.3M total, no amount given. No company, investor or press source found. F4 fund page has no round details. Tracxn lead total $2,300,000; not confirmed by a higher-tier source. Checked: no post-YC Form D matching the founders; no funding statement on website (2 pages) or YC page. LinkedIn/X/Crunchbase need a logged-in browser.",2026-09-30T20:05:20Z,,,,,,https://www.nitrode.com,B2B,Early,8,Yes,4,,,4,0,0,,Member of Technical Staff (Post-Training) ; Member of Technical Staff (Evals); Full-Stack Engineer; Game Developer 
karsa,Karsa,Winter 2025,No evidence found,,,,,,,,,,,,,,,,,,Checked: no post-YC Form D matching the founders; no funding statement on website (1 pages) or YC page. LinkedIn/X/Crunchbase need a logged-in browser.,2026-09-30T20:05:22Z,,,,,,https://gokarsa.com/,Fintech,Early,2,No,0,,,0,,,,
exla,Exla,Winter 2025,No evidence found,,,,,,,,,,,,,,,,,,Checked: no post-YC Form D matching the founders; no funding statement on website (1 pages) or YC page. LinkedIn/X/Crunchbase need a logged-in browser.,2026-09-30T20:05:47Z,,,,,,https://exla.ai/,B2B,Early,2,No,0,,,0,,,,
confident-ai,Confident AI,Winter 2025,No evidence found,,,,,,,,,,,,,,,,,,Checked: no post-YC Form D matching the founders; no funding statement on website (2 pages) or YC page. LinkedIn/X/Crunchbase need a logged-in browser.,2026-09-30T20:05:45Z,,,,,,https://confident-ai.com,B2B,Early,7,Yes,0,,,0,,,,
riviera,Riviera,Winter 2025,No evidence found,,,,,,,,,,,,,,,,,,Checked: no post-YC Form D matching the founders; no funding statement on website (1 pages) or YC page. LinkedIn/X/Crunchbase need a logged-in browser.,2026-09-30T20:05:24Z,,,,,,https://www.withriviera.com,B2B,Early,2,No,0,,,0,,,,
waypoint-transit,Waypoint Transit,Winter 2025,No evidence found,,,,,,,,,,,,,,,,,,Checked: no post-YC Form D matching the founders; no funding statement on website (1 pages) or YC page. LinkedIn/X/Crunchbase need a logged-in browser.,2026-09-30T20:05:27Z,,,,,,https://waypointtransit.com,Government,Early,2,No,0,,,0,,,,
bystreet,Bystreet,Winter 2025,No evidence found,,,,,,,,,,,,,,,,,,Checked: no post-YC Form D matching the founders; no funding statement on website (1 pages) or YC page. LinkedIn/X/Crunchbase need a logged-in browser.,2026-09-30T20:05:25Z,,,,,,http://www.bystreet.com,B2B,Early,4,No,0,,,0,,,,
agentin-ai,Agentin AI,Winter 2025,No evidence found,,,,,,,,,,,,,,,,,,Checked: no post-YC Form D matching the founders; no funding statement on website (3 pages) or YC page. LinkedIn/X/Crunchbase need a logged-in browser.,2026-09-30T20:05:28Z,,,,,,https://www.agentin.ai,B2B,Early,2,No,0,,,0,,,,
rejot,ReJot,Winter 2025,No evidence found,,,,,,,,,,,,,,,,,,Checked: no post-YC Form D matching the founders; no funding statement on website (3 pages) or YC page. LinkedIn/X/Crunchbase need a logged-in browser. National register for NL not checked.,2026-09-30T20:05:27Z,,,,,,https://rejot.dev,B2B,Early,2,No,0,,,0,,,,
general-trajectory,General Trajectory,Winter 2025,No evidence found,,,,,,,,,,,,,,,,,,Checked: no post-YC Form D matching the founders; no funding statement on website (10 pages) or YC page. LinkedIn/X/Crunchbase need a logged-in browser.,2026-09-30T20:05:27Z,,,,,,https://www.generaltrajectory.com/,Industrials,Early,1,No,0,,,0,,,,
solidroad,Solidroad,Winter 2025,Yes,31952560,Series A (Equity per Form D),2026-03-16,Hedosophia,1,SEC Form D,https://www.sec.gov/Archives/edgar/data/2126127/000212612726000001/primary_doc.xml,totalAmountSold: 31952560; totalOfferingAmount: 34977546; dateOfFirstSale: 2026-03-16,0002126127,0002126127-26-000001,31952560,34977546,2026-03-16,Equity; SecurityToBeAcquired,43,SOLIDROAD INC.,High,"Form D clarification: Total amount sold includes $7,791,961.68 of converted indebtedness. Tier 2 source states $25M (https://solidroad.com/careers); Form D figure kept.",2026-09-30T20:05:28Z,2026-03-16,31952560,SEC Form D 0002126127-26-000001,31952560,Yes,https://solidroad.com,B2B,Growth,6,Yes,1,ashby,7,7,5,0,,Senior Software Engineer; Account Executive; Senior Product Engineer; Founding Product Designer; Staff Product Engineer; Staff Software Engineer; Business Development Representative
trata,Trata,Winter 2025,No evidence found,,,,,,,,,,,,,,,,,,Checked: no post-YC Form D matching the founders; no funding statement on website (2 pages) or YC page. LinkedIn/X/Crunchbase need a logged-in browser.,2026-09-30T20:05:53Z,,,,,,https://www.trytrata.com/,B2B,Early,6,Yes,0,,,0,,,,
candor,Candor,Winter 2025,No evidence found,,,,,,,,,,,,,,,,,,Checked: no post-YC Form D matching the founders; no funding statement on website (0 pages) or YC page. LinkedIn/X/Crunchbase need a logged-in browser.,2026-09-30T20:05:30Z,,,,,,https://www.usecandor.ai,Government,Early,2,No,0,,,0,,,,
lucidic-ai,Lucidic AI,Winter 2025,No evidence found,,,,,,,,,,,,,,,,,,Checked: no post-YC Form D matching the founders; no funding statement on website (2 pages) or YC page. LinkedIn/X/Crunchbase need a logged-in browser.,2026-09-30T20:05:31Z,,,,,,https://lucidic.ai,B2B,Early,,No,0,,,0,,,,
mundo-ai,Mundo AI,Winter 2025,Yes,20000000,Series A,2026-09-02,['GreatPoint Ventures'],4,press article (Techcouver),https://techcouver.com/2026/09/02/mundo-raises-20m-to-help-ai-perceive-the-real-world/,"The financing was led by GreatPoint Ventures, with participation from Y Combinator, Next Frontier Ventures, and E12 Ventures.",,,,,,,,,Medium,"Web search review: $20M Series A, article dated 2026-09-02. Same article: 'Together with a previously unannounced $4 million seed round, the investment brings Mundo's total funding to $24 million.' The seed's date and investors are not given. Founders Jason Liao, Naijide Anwaer, Garreth Lee and Kenneth Wu match. The Tracxn lead of $24.5M is about the total. Tracxn lead total $24,500,000; not confirmed by a higher-tier source. Checked: no post-YC Form D matching the founders; no funding statement on website (2 pages) or YC page. LinkedIn/X/Crunchbase need a logged-in browser. National register for CA not checked.",2026-09-30T20:05:31Z,2026-09-02,20000000,press article (Techcouver),20000000,Yes,https://mundoai.world,B2B,Growth,30,No,0,ashby,3,3,0,0,https://mundoai.world/careers/,Operations Manager; Product Manager; Member of Technical Staff
g-lnk,G LNK,Winter 2025,No evidence found,,,,,,,,,,,,,,,,,,Checked: no post-YC Form D matching the founders; no funding statement on website (1 pages) or YC page. LinkedIn/X/Crunchbase need a logged-in browser.,2026-09-30T20:05:33Z,,,,,,https://glnkco.com/,B2B,Early,2,No,0,,,0,,,,
liquid-compute,Liquid Compute,Winter 2025,Yes,15000000,Seed,,Chemistry and Firstmark.,2,YC company/launch page,https://www.ycombinator.com/companies/liquid-compute,"Commoditizes Intelligence Today, Liquid Compute emerges from stealth with a $15 million seed round co-led by Chemistry and Firstmark.",,,,,,,,,High,Round date not stated on the source page; assumed post-YC because it is presented as current news. No matching post-YC Form D found.,2026-09-30T20:05:34Z,,,,15000000,Yes,https://www.liquidcompute.com,Fintech,Early,5,Yes,1,,,1,0,0,https://liquidcompute.com/careers,Head of GTM
athenahq,AthenaHQ,Winter 2025,Yes,2200000,Seed,2025-06-17,,4,press article (AI Journal),https://aijourn.com/athena-raises-2-2m-to-build-worlds-fastest-generative-optimization-platform/,a $2.2 million seed round,,,,,,,,,Medium,"Web search review: Backers: Y Combinator, FCVC, Red Bike Capital, Amino Capital, and angels Eli Schwartz and Ashley Stirrup; no lead named. Founders Andrew Yan and Alan Yao confirmed. The date is the article date. Tracxn lead total $2,700,000; not confirmed by a higher-tier source. Checked: no post-YC Form D matching the founders; no funding statement on website (6 pages) or YC page. LinkedIn/X/Crunchbase need a logged-in browser.",2026-09-30T20:05:41Z,2025-06-17,2200000,press article (AI Journal),2200000,Yes,https://www.athenahq.ai,B2B,Early,12,Yes,6,ashby,4,6,4,0,https://athenahq.ai/careers,Product Engineer; Growth Engineer; Founding Growth Marketer; Founding Product Marketer
lopus,Lopus,Winter 2025,No evidence found,,,,,,,,,,,,,,,,,,Checked: no post-YC Form D matching the founders; no funding statement on website (1 pages) or YC page. LinkedIn/X/Crunchbase need a logged-in browser.,2026-09-30T20:05:34Z,,,,,,https://lopus.ai,B2B,Early,2,No,0,,,0,,,,
cenote,Cenote,Winter 2025,No evidence found,,,,,,,,,,,,,,,,,,Checked: no post-YC Form D matching the founders; no funding statement on website (10 pages) or YC page. LinkedIn/X/Crunchbase need a logged-in browser.,2026-09-30T20:05:37Z,,,,,,https://www.joincenote.com/,B2B,Early,2,No,0,,,0,,,,
harbera,Harbera,Winter 2025,No evidence found,,,,,,,,,,,,,,,,,,Checked: no post-YC Form D matching the founders; no funding statement on website (2 pages) or YC page. LinkedIn/X/Crunchbase need a logged-in browser.,2026-09-30T20:05:36Z,,,,,,https://harbera.com/,Healthcare,Early,2,No,0,,,0,,,,
stillwind,Stillwind,Winter 2025,No evidence found,,,,,,,,,,,,,,,,,,Checked: no post-YC Form D matching the founders; no funding statement on website (5 pages) or YC page. LinkedIn/X/Crunchbase need a logged-in browser. National register for CH not checked.,2026-09-30T20:05:42Z,,,,,,https://stillwind.ai,B2B,Early,3,No,0,,,0,,,,
bindwell,Bindwell,Winter 2025,Yes,6000000,,,,2,Company website,https://bindwell.ai/en-us,Defeating pests with AI Bindwell raises $6M Introducing APPT .,,,,,,,,,High,Round date not stated on the source page; assumed post-YC because it is presented as current news. No matching post-YC Form D found.,2026-09-30T20:06:34Z,,,,6000000,Yes,https://www.bindwell.ai/,Industrials,Early,13,No,0,,,0,0,0,https://bindwell.ai/en-us/#careers,
pickle-2,Pickle,Winter 2025,No evidence found,,,,,,,,,,,,,,,,,,Checked: no post-YC Form D matching the founders; no funding statement on website (10 pages) or YC page. LinkedIn/X/Crunchbase need a logged-in browser.,2026-09-30T20:05:38Z,,,,,,https://www.pickle.com,Consumer,Early,15,No,0,,,0,,,,
lucid,Lucid,Winter 2025,No evidence found,,,,,,,,,,,,,,,,,,Checked: no post-YC Form D matching the founders; no funding statement on website (0 pages) or YC page. LinkedIn/X/Crunchbase need a logged-in browser.,2026-09-30T20:06:14Z,,,,,,https://lucid.ai,Consumer,Early,3,Yes,0,,,0,,,,
macadamia,Macadamia,Winter 2025,No evidence found,,,,,,,,,,,,,,,,,,Checked: no post-YC Form D matching the founders; no funding statement on website (1 pages) or YC page. LinkedIn/X/Crunchbase need a logged-in browser. National register for BE not checked.,2026-09-30T20:05:40Z,,,,,,https://macadamialabs.com,B2B,Early,2,Yes,0,,,0,,,,
asteroid,Asteroid,Winter 2025,Unclear,,,,,5,"Tracxn (lead only, from input)",,,,,,,,,,,Low,"Web search review: Searched 'Asteroid AI browser agents raises David Mlcoch', 'asteroid.ai raises seed Joe Hewett', 'Asteroid YC W25 seed round'. Only aggregators turned up (Crunchbase, Tracxn, Sacra), showing a ~$500K pre-seed/seed in Mar-Apr 2025 (YC, EF, angels). No announcement of a larger round. Beware name collision with an unrelated Solana 'asteroid' project. Tracxn lead total $750,000; not confirmed by a higher-tier source. Checked: no post-YC Form D matching the founders; no funding statement on website (5 pages) or YC page. LinkedIn/X/Crunchbase need a logged-in browser.",2026-09-30T20:05:42Z,,,,,,https://asteroid.ai,B2B,Early,8,No,0,,,0,0,0,https://asteroid.ai/careers/,
gale,Gale,Winter 2025,Yes,2700000,Seed,2025-05-30,Axiom Partners,4,press article (Business Insider via Yahoo Finance),https://finance.yahoo.com/news/yc-backed-startup-wants-speed-125835370.html,"The startup's seed round was led by Axiom Partners, with participation from Pioneer Fund, 468 Capital, Elevation Capital, and Y Combinator.",,,,,,,,,Medium,"Web search review: Same article: 'has raised $2.7 million in seed funding'. Founders Rahul Gudise, Rishabh Sambare, Haokun Qin match. Tier-3 corroboration: Axiom Partners blog (2025-05-30) says 'Today, we're announcing our investment in Gale' but gives no amount (https://axiompartners.vc/blog/ai-for-the-real-world-how-gale-is-transforming-immigration/). YC participated, so YC money may be included. Tracxn $2.7M. Tracxn lead total $2,700,000; not confirmed by a higher-tier source. Checked: no post-YC Form D matching the founders; no funding statement on website (0 pages) or YC page. LinkedIn/X/Crunchbase need a logged-in browser.",2026-09-30T20:05:43Z,2025-05-30,2700000,press article (Business Insider via Yahoo Finance),2700000,Yes,https://galevisa.com,B2B,Early,3,No,0,,,0,0,0,,
pave-robotics,Pave Robotics,Winter 2025,No evidence found,,,,,,,,,,,,,,,,,,Checked: no post-YC Form D matching the founders; no funding statement on website (10 pages) or YC page. LinkedIn/X/Crunchbase need a logged-in browser.,2026-09-30T20:05:47Z,,,,,,https://pave-robotics.com,Industrials,Early,3,No,0,,,0,,,,
pax-markets,PAX Markets,Winter 2025,No evidence found,,,,,,,,,,,,,,,,,,Checked: no post-YC Form D matching the founders; no funding statement on website (2 pages) or YC page. LinkedIn/X/Crunchbase need a logged-in browser.,2026-09-30T20:05:50Z,,,,,,https://pax.markets/,Fintech,Early,6,Yes,0,,,0,,,,
olive,Olive,Winter 2025,Yes,2100000,Seed,,,2,Company website,https://fromolive.com,🫒 We‘ve raised a $2.1M seed round learn more >> .,,,,,,,,,High,Round date not stated on the source page; assumed post-YC because it is presented as current news. No matching post-YC Form D found.,2026-09-30T20:05:46Z,2025-04-02,2100000,https://fromolive.com (date printed near the quote),2100000,Yes,https://fromolive.com,B2B,Growth,2,No,0,,,0,0,0,https://fromolive.com/careers,
hud,HUD,Winter 2025,No evidence found,,,,,,,,,,,,,,,,,,Checked: no post-YC Form D matching the founders; no funding statement on website (0 pages) or YC page. LinkedIn/X/Crunchbase need a logged-in browser.,2026-09-30T20:05:46Z,,,,,,https://www.hud.ai,B2B,Early,15,Yes,0,,,0,,,,
finbar,finbar,Winter 2025,No evidence found,,,,,,,,,,,,,,,,,,Checked: no post-YC Form D matching the founders; no funding statement on website (3 pages) or YC page. LinkedIn/X/Crunchbase need a logged-in browser.,2026-09-30T20:05:48Z,,,,,,https://finbar.com,Fintech,Early,4,No,0,,,0,,,,
cuckoo-labs,Cuckoo Labs,Winter 2025,No evidence found,,,,,,,,,,,,,,,,,,Checked: no post-YC Form D matching the founders; no funding statement on website (4 pages) or YC page. LinkedIn/X/Crunchbase need a logged-in browser. National register for KR not checked.,2026-09-30T20:05:50Z,,,,,,https://www.cuckoo.so/,B2B,Early,2,No,0,,,0,,,,
mecha-health,Mecha Health,Winter 2025,Yes,4100000,Seed,2025-11-03,,2,Company website,https://www.mecha-health.ai/blog/Mecha-raises-seed,Mecha Health Raises $4.1M Seed Round,,,,,,,,,High,No matching post-YC Form D found.,2026-09-30T20:05:49Z,2025-11-03,4100000,Company website,4100000,Yes,https://www.mecha-health.ai/,Healthcare,Early,4,No,0,,,0,0,0,,
10x,10x,Winter 2025,No evidence found,,,,,,,,,,,,,,,,,,Checked: no post-YC Form D matching the founders; no funding statement on website (2 pages) or YC page. LinkedIn/X/Crunchbase need a logged-in browser.,2026-09-30T20:05:50Z,,,,,,https://www.10xdental.com/,Healthcare,Early,3,Yes,0,,,0,,,,
healthkey,HealthKey,Winter 2025,No evidence found,,,,,,,,,,,,,,,,,,Checked: no post-YC Form D matching the founders; no funding statement on website (3 pages) or YC page. LinkedIn/X/Crunchbase need a logged-in browser.,2026-09-30T20:05:52Z,,,,,,https://gethealthkey.com/,Healthcare,Early,10,No,0,,,0,,,,
operand,Operand,Winter 2025,No evidence found,,,,,,,,,,,,,,,,,,Checked: no post-YC Form D matching the founders; no funding statement on website (10 pages) or YC page. LinkedIn/X/Crunchbase need a logged-in browser.,2026-09-30T20:05:52Z,,,,,,https://www.operand.com/,B2B,Growth,8,No,0,,,0,,,,
osmosis,Osmosis,Winter 2025,No evidence found,,,,,,,,,,,,,,,,,,Checked: no post-YC Form D matching the founders; no funding statement on website (4 pages) or YC page. LinkedIn/X/Crunchbase need a logged-in browser.,2026-09-30T20:05:53Z,,,,,,https://osmosis.ai/,B2B,Early,6,Yes,0,,,0,,,,
swerve,Swerve,Winter 2025,No evidence found,,,,,,,,,,,,,,,,,,Checked: no post-YC Form D matching the founders; no funding statement on website (2 pages) or YC page. LinkedIn/X/Crunchbase need a logged-in browser.,2026-09-30T20:05:52Z,,,,,,https://www.getswerve.com/,Consumer,Early,2,No,0,,,0,,,,
cifrato,Cifrato,Winter 2025,Yes,1000000,Seed,2026-03-26,,4,press article (LatamList),https://latamlist.com/cifrato-raises-over-1m-to-automate-accounting-processes-with-ai/,"raised over $1M in a seed round backed by Y Combinator, Fen Ventures, Decelera Ventures, and Kuiper.",,,,,,,,,Medium,"Web search review: The amount is 'over $1M' (a lower bound, not exact); it may include YC's $500K. Article dated 2026-03-26. No lead named. Founders Juan Pisco and Yerson Cacua; W25 batch confirmed. Tracxn lead total $1,000,000; not confirmed by a higher-tier source. Checked: no post-YC Form D matching the founders; no funding statement on website (2 pages) or YC page. LinkedIn/X/Crunchbase need a logged-in browser. National register for CO not checked.",2026-09-30T20:05:57Z,2026-03-26,1000000,press article (LatamList),1000000,Yes,https://cifrato.ai,B2B,Early,17,No,0,,,0,0,0,,
oki,Oki,Winter 2025,No evidence found,,,,,,,,,,,,,,,,,,Checked: no post-YC Form D matching the founders; no funding statement on website (1 pages) or YC page. LinkedIn/X/Crunchbase need a logged-in browser.,2026-09-30T20:06:14Z,,,,,,https://okihome.ai,Consumer,Early,6,No,0,,,0,,,,
bezel,Bezel,Winter 2025,No evidence found,,,,,,,,,,,,,,,,,,Checked: no post-YC Form D matching the founders; no funding statement on website (1 pages) or YC page. LinkedIn/X/Crunchbase need a logged-in browser.,2026-09-30T20:05:54Z,,,,,,https://www.trybezel.com/,B2B,Early,1,No,0,,,0,,,,
cardamon,Cardamon,Winter 2025,No evidence found,,,,,,,,,,,,,,,,,,Checked: no post-YC Form D matching the founders; no funding statement on website (9 pages) or YC page. LinkedIn/X/Crunchbase need a logged-in browser. Companies House CARDAMON LTD (16183595): no SH01 allotments listed.,2026-09-30T20:06:03Z,,,,,,https://cardamon.ai/,B2B,Early,11,No,0,,,0,,,,
amby-health,Amby Health,Winter 2025,No evidence found,,,,,,,,,,,,,,,,,,Checked: no post-YC Form D matching the founders; no funding statement on website (1 pages) or YC page. LinkedIn/X/Crunchbase need a logged-in browser.,2026-09-30T20:06:45Z,,,,,,https://tryamby.com,Healthcare,Early,2,No,0,,,0,,,,
trim,Trim,Winter 2025,No evidence found,,,,,,,,,,,,,,,,,,Checked: no post-YC Form D matching the founders; no funding statement on website (2 pages) or YC page. LinkedIn/X/Crunchbase need a logged-in browser.,2026-09-30T20:06:02Z,,,,,,https://trimresearch.com,B2B,Early,3,No,0,,,0,,,,
tergle,Tergle,Winter 2025,No evidence found,,,,,,,,,,,,,,,,,,Checked: no post-YC Form D matching the founders; no funding statement on website (1 pages) or YC page. LinkedIn/X/Crunchbase need a logged-in browser.,2026-09-30T20:05:56Z,,,,,,https://tergle.com,B2B,Early,,No,0,,,0,,,,
rally-3,Rally,Winter 2025,No evidence found,,,,,,,,,,,,,,,,,,Checked: no post-YC Form D matching the founders; no funding statement on website (0 pages) or YC page. LinkedIn/X/Crunchbase need a logged-in browser. National register for DE not checked.,2026-09-30T20:05:56Z,,,,,,https://www.getrally.com/,Fintech,Early,5,No,0,,,0,,,,
adam,Adam,Winter 2025,Yes,4100000,Seed,,TQ Ventures.,2,Company website,https://adam.new/blog,"Announcing Adam’s $4.1m seed round, led by TQ Ventures.",,,,,,,,,High,Round date not stated on the source page; assumed post-YC because it is presented as current news. No matching post-YC Form D found.,2026-09-30T20:06:07Z,,,,4100000,Yes,https://adam.new/,B2B,Early,4,Yes,4,,,4,0,0,https://adam.new/careers,Residency (Fall 2026); Founding Research Engineer; Founding Engineer; Forward Deployed Mechanical Engineer
inversion-semiconductor,Inversion Semiconductor,Winter 2025,Unclear,,,,,5,"Tracxn (lead only, from input)",,,,,,,,,,,Low,"Web search review: No equity round beyond YC's $500K found (aggregators show only the $500K from YC, 500 Global and 500 Falcons, Mar 2025). Search snippets say a $750K DOE Genesis Mission Phase I award (grant, not equity; HPCwire 2026-07-30). It likely explains Tracxn's $750K, but the HPCwire fetch returned 403, so it is not quoted. Tracxn lead total $750,000; not confirmed by a higher-tier source. Checked: no post-YC Form D matching the founders; no funding statement on website (1 pages) or YC page. LinkedIn/X/Crunchbase need a logged-in browser.",2026-09-30T20:05:58Z,,,,,,https://www.inversionsemi.com,Industrials,Early,9,No,0,,,0,0,0,,
carecycle,careCycle,Winter 2025,No evidence found,,,,,,,,,,,,,,,,,,Checked: no post-YC Form D matching the founders; no funding statement on website (4 pages) or YC page. LinkedIn/X/Crunchbase need a logged-in browser.,2026-09-30T20:06:59Z,,,,,,https://www.careCycle.ai,B2B,Early,5,No,0,,,0,,,,
deployparagon,Paragon,Winter 2025,No evidence found,,,,,,,,,,,,,,,,,,Checked: no post-YC Form D matching the founders; no funding statement on website (3 pages) or YC page. LinkedIn/X/Crunchbase need a logged-in browser.,2026-09-30T20:06:00Z,,,,,,https://www.runparagon.com,B2B,Early,2,Yes,0,,,0,,,,
salespatriot,SalesPatriot,Winter 2025,Yes,5000000,,2025-10-28,,2,Company website,https://salespatriot.com/blog/5-million-seed-funding,We've raised $5M and we're hiring,,,,,,,,,High,No matching post-YC Form D found.,2026-09-30T20:06:04Z,2025-10-28,5000000,Company website,5000000,Yes,https://www.salespatriot.com/,B2B,Early,15,Yes,4,ashby,5,5,3,0,https://salespatriot.com/careers,Full Stack Engineer (Warsaw); Full Stack Engineer (San Francisco) ; Field Business Development Representative; Forward Deployed Engineer; Account Executive
maive,Maive,Winter 2025,No evidence found,,,,,,,,,,,,,,,,,,Checked: no post-YC Form D matching the founders; no funding statement on website (0 pages) or YC page. LinkedIn/X/Crunchbase need a logged-in browser.,2026-09-30T20:06:25Z,,,,,,https://maive.ai,B2B,Early,2,No,0,,,0,,,,
weave-3,Weave,Winter 2025,Yes,13500000,,2026-07-28,,4,Press (linked from YC company page),https://www.businessinsider.com/weave-funding-tokenmaxxing-startup-y-combinator-ai-coding-spend-developers-2026-7,A YC Startup That Wants to Kill Tokenmaxxing Just Raised $13.5 Million - Business Insider,,,,,,,,,Medium,"Unverified Form D by same-named person: Spyglass - 610 West Holdings, LLC 0000950138-25-000001 sold 48200000 (first sale 2025-01-07, New York); likely a different person. Unverified Form D by same-named person: Spyglass - Decatur East Holdings, LLC 0000950138-25-000013 sold 48490000 (first sale 2025-06-13, New York); likely a different person. No matching post-YC Form D found.",2026-09-30T20:06:04Z,2026-07-28,13500000,Press (linked from YC company page),13500000,Yes,https://weaveos.com,B2B,Early,16,Yes,11,ashby,12,12,11,2,,Founding ML Engineer; Founding Product Engineer; Founding AI Engineer; Founding Design Engineer; Forward Deployed Engineer; Founding GTM Engineer; Founding Account Executive; Founding Marketer; Growth Engineer; Field CTO
caseflood-ai,Caseflood.ai,Winter 2025,Yes,3200000,Seed,2025-07-30,Acquisition.com (ACQ Ventures),4,company press release (GlobeNewswire),https://www.globenewswire.com/news-release/2025/07/30/3124182/0/en/Caseflood-ai-Raises-3-2M-As-The-First-Legal-AI-Intake-Team-That-Closes.html,"announced today they have raised $3.2M from investors including Acquisition.com, Y Combinator, Rebel Fund, Four Cities Capital",,,,,,,,,Medium,"Web search review: Release lists investors but no formal lead; Acquisition.com is named first. Founder Ethan Hilton matches. The $3.2M includes YC. Tracxn's $3.7M may double-count YC's $500K. Batch W25. Tracxn lead total $3,700,000; not confirmed by a higher-tier source. Checked: no post-YC Form D matching the founders; no funding statement on website (2 pages) or YC page. LinkedIn/X/Crunchbase need a logged-in browser.",2026-09-30T20:06:22Z,2025-07-30,3200000,company press release (GlobeNewswire),3200000,Yes,https://caseflood.ai,B2B,Early,2,No,0,,,0,0,0,,
elip-ai,Elip AI,Winter 2025,No evidence found,,,,,,,,,,,,,,,,,,Checked: no post-YC Form D matching the founders; no funding statement on website (3 pages) or YC page. LinkedIn/X/Crunchbase need a logged-in browser.,2026-09-30T20:06:10Z,,,,,,https://www.tryelip.ai/,B2B,Early,4,No,0,,,0,,,,
trava,Trava,Winter 2025,No evidence found,,,,,,,,,,,,,,,,,,Checked: no post-YC Form D matching the founders; no funding statement on website (1 pages) or YC page. LinkedIn/X/Crunchbase need a logged-in browser.,2026-09-30T20:06:07Z,,,,,,https://www.usetrava.com/,B2B,Early,1,No,0,,,0,,,,
maritime-fusion,Maritime Fusion,Winter 2025,Yes,4500000,,,,2,Company website,https://www.maritimefusion.com/blog,"Y Combinator-backed Maritime Fusion Raises $4.5M From Trucks VC, Paul Graham.",,,,,,,,,High,Round date not stated on the source page; assumed post-YC because it is presented as current news. No matching post-YC Form D found.,2026-09-30T20:06:13Z,2025-12-24,4500000,https://www.maritimefusion.com/blog (date printed near the quote),4500000,Yes,https://maritimefusion.com,Industrials,Early,6,Yes,4,,,4,0,0,, Member of Technical Staff - R&D Engineering; Member of Technical Staff - Plasma Physics; R&D Technician; Business Development & Strategic Partnerships Lead
a0-dev,a0.dev,Winter 2025,No evidence found,,,,,,,,,,,,,,,,,,Checked: no post-YC Form D matching the founders; no funding statement on website (2 pages) or YC page. LinkedIn/X/Crunchbase need a logged-in browser.,2026-09-30T20:06:41Z,,,,,,https://a0.dev,B2B,Early,3,Yes,0,,,0,,,,
a1zap-by-a1base,A1Zap by A1Base,Winter 2025,No evidence found,,,,,,,,,,,,,,,,,,Checked: no post-YC Form D matching the founders; no funding statement on website (10 pages) or YC page. LinkedIn/X/Crunchbase need a logged-in browser.,2026-09-30T20:06:13Z,,,,,,https://www.a1zap.com/,B2B,Early,2,No,0,,,0,,,,
verbiflow,Verbiflow,Winter 2025,No evidence found,,,,,,,,,,,,,,,,,,Checked: no post-YC Form D matching the founders; no funding statement on website (5 pages) or YC page. LinkedIn/X/Crunchbase need a logged-in browser.,2026-09-30T20:06:13Z,,,,,,https://verbiflow.com,B2B,Early,2,No,0,,,0,,,,
toothy-ai,Toothy AI,Winter 2025,No evidence found,,,,,,,,,,,,,,,,,,Checked: no post-YC Form D matching the founders; no funding statement on website (10 pages) or YC page. LinkedIn/X/Crunchbase need a logged-in browser.,2026-09-30T20:06:20Z,,,,,,https://www.toothy.ai/,Healthcare,Early,15,Yes,0,,,0,,,,
rocketable,Rocketable,Winter 2025,No evidence found,,,,,,,,,,,,,,,,,,Checked: no post-YC Form D matching the founders; no funding statement on website (10 pages) or YC page. LinkedIn/X/Crunchbase need a logged-in browser.,2026-09-30T20:06:17Z,,,,,,https://www.rocketable.com,B2B,Early,2,No,0,,,0,,,,
contrario,Contrario,Winter 2025,Yes,2300000,Seed,2026-05-20,Nexus Venture Partners,4,press article (Pulse 2.0),https://pulse2.com/contrario-2-3-million-funding/,"closed a $2.3 million seed funding round led by Nexus Venture Partners, with participation from Inventum Ventures and Goodwater Capital.",,,,,,,,,Medium,"Web search review: Founders Arya Marwaha and Aditya Sood match. Company launch release on Yahoo Finance has the same figures. Tracxn $2.8M is likely $2.3M + YC $500K. Tracxn lead total $2,800,000; not confirmed by a higher-tier source. Checked: no post-YC Form D matching the founders; no funding statement on website (4 pages) or YC page. LinkedIn/X/Crunchbase need a logged-in browser.",2026-09-30T20:06:22Z,2026-05-20,2300000,press article (Pulse 2.0),2300000,Yes,https://contrario.ai,B2B,Early,20,Yes,1,,,1,0,0,https://www.contrario.ai/careers,BizOps
ovlo,Ovlo,Winter 2025,No evidence found,,,,,,,,,,,,,,,,,,Checked: no post-YC Form D matching the founders; no funding statement on website (10 pages) or YC page. LinkedIn/X/Crunchbase need a logged-in browser. National register for AE not checked.,2026-09-30T20:06:18Z,,,,,,https://ovlo.ai,B2B,Early,2,No,0,,,0,,,,
dexto,Dexto,Winter 2025,No evidence found,,,,,,,,,,,,,,,,,,Checked: no post-YC Form D matching the founders; no funding statement on website (11 pages) or YC page. LinkedIn/X/Crunchbase need a logged-in browser.,2026-09-30T20:06:19Z,,,,,,https://www.dexto.ai/,B2B,Early,2,No,0,,,0,,,,
superglue,superglue,Winter 2025,No evidence found,,,,,,,,,,,,,,,,,,Checked: no post-YC Form D matching the founders; no funding statement on website (5 pages) or YC page. LinkedIn/X/Crunchbase need a logged-in browser. National register for DE not checked.,2026-09-30T20:06:26Z,,,,,,https://superglue.ai/,B2B,Early,6,No,0,,,0,,,,
conntour,Conntour,Winter 2025,Yes,7000000,Seed,2026-03-26,,4,press article (TechCrunch),https://techcrunch.com/2026/03/26/conntour-raises-7m-from-general-catalyst-yc-to-build-an-ai-search-engine-for-security-video-systems/,"The startup recently raised a $7 million seed round from General Catalyst, Y Combinator, SV Angel, and Liquid 2 Ventures.",,,,,,,,,Medium,"Web search review: TechCrunch dated 2026-03-26. No lead stated; General Catalyst is named first. Menlo Times (Mar 30) press release confirms $7M seed from the same investors. CEO Matan Goldner matches. The Tracxn lead of $7.5M likely adds the YC money. Tracxn lead total $7,500,000; not confirmed by a higher-tier source. Checked: no post-YC Form D matching the founders; no funding statement on website (10 pages) or YC page. LinkedIn/X/Crunchbase need a logged-in browser. National register for IL not checked.",2026-09-30T20:06:23Z,2026-03-26,7000000,press article (TechCrunch),7000000,Yes,https://www.conntour.com/,Industrials,Early,15,No,0,,,0,0,0,https://www.conntour.com/careers,
closure,Closure,Winter 2025,No evidence found,,,,,,,,,,,,,,,,,,Checked: no post-YC Form D matching the founders; no funding statement on website (5 pages) or YC page. LinkedIn/X/Crunchbase need a logged-in browser.,2026-09-30T20:06:30Z,,,,,,https://closure-intel.com/,Government,Early,11,Yes,0,,,0,,,,
promptless,Promptless,Winter 2025,No evidence found,,,,,,,,,,,,,,,,,,Checked: no post-YC Form D matching the founders; no funding statement on website (3 pages) or YC page. LinkedIn/X/Crunchbase need a logged-in browser.,2026-09-30T20:06:25Z,,,,,,https://promptless.ai/,B2B,Early,5,Yes,0,,,0,,,,
scout-4,Scout,Winter 2025,No evidence found,,,,,,,,,,,,,,,,,,Checked: no post-YC Form D matching the founders; no funding statement on website (1 pages) or YC page. LinkedIn/X/Crunchbase need a logged-in browser.,2026-09-30T20:06:26Z,,,,,,https://scoutforschools.com/,Education,Early,8,Yes,0,,,0,,,,
subtrace,Subtrace,Winter 2025,No evidence found,,,,,,,,,,,,,,,,,,Checked: no post-YC Form D matching the founders; no funding statement on website (2 pages) or YC page. LinkedIn/X/Crunchbase need a logged-in browser.,2026-09-30T20:06:27Z,,,,,,https://subtrace.dev,B2B,Early,2,No,0,,,0,,,,
vocality-health,Vocality Health,Winter 2025,No evidence found,,,,,,,,,,,,,,,,,,Checked: no post-YC Form D matching the founders; no funding statement on website (1 pages) or YC page. LinkedIn/X/Crunchbase need a logged-in browser.,2026-09-30T20:06:28Z,,,,,,https://www.vocalityhealth.com,Healthcare,Early,2,No,0,,,0,,,,
astro,Astro,Winter 2025,No evidence found,,,,,,,,,,,,,,,,,,Checked: no post-YC Form D matching the founders; no funding statement on website (10 pages) or YC page. LinkedIn/X/Crunchbase need a logged-in browser.,2026-09-30T20:06:33Z,,,,,,https://www.astroenergy.ai/,Industrials,Early,1,No,0,,,0,,,,
dartboard,Dartboard,Winter 2025,No evidence found,,,,,,,,,,,,,,,,,,Checked: no post-YC Form D matching the founders; no funding statement on website (1 pages) or YC page. LinkedIn/X/Crunchbase need a logged-in browser.,2026-09-30T20:06:40Z,,,,,,https://dartboard.ai,Industrials,Early,2,No,0,,,0,,,,
karoo,Karoo,Winter 2025,No evidence found,,,,,,,,,,,,,,,,,,Checked: no post-YC Form D matching the founders; no funding statement on website (2 pages) or YC page. LinkedIn/X/Crunchbase need a logged-in browser. National register for CA not checked.,2026-09-30T20:06:29Z,,,,,,https://www.karoo.ca,Fintech,Early,3,No,0,,,0,,,,
awen,awen,Winter 2025,No evidence found,,,,,,,,,,,,,,,,,,Checked: no post-YC Form D matching the founders; no funding statement on website (9 pages) or YC page. LinkedIn/X/Crunchbase need a logged-in browser. National register for FR not checked.,2026-09-30T20:06:34Z,,,,,,https://www.awen.ai/,B2B,Early,6,No,0,,,0,,,,
dotwave,.Wave,Winter 2025,No evidence found,,,,,,,,,,,,,,,,,,Checked: no post-YC Form D matching the founders; no funding statement on website (1 pages) or YC page. LinkedIn/X/Crunchbase need a logged-in browser. National register for FR not checked.,2026-09-30T20:06:34Z,,,,,,https://dotwave.ai/,B2B,Early,2,No,0,,,0,,,,
alice-tech,Alice.tech,Winter 2025,Yes,4800000,,2025-05-07,,4,Press (linked from YC company page),https://www.businessinsider.com/pitch-deck-alice-tech-funding-ai-edtech-2025-5,Pitch Deck: Alice.Tech Raises $4.8 Million for AI Edtech Platform - Business Insider,,,,,,,,,Medium,No matching post-YC Form D found.,2026-09-30T20:06:41Z,2025-05-07,4800000,Press (linked from YC company page),4800000,Yes,https://www.alice.tech/,Education,Early,5,No,0,,,0,0,0,https://alice.tech/,
stamp,Stamp,Winter 2025,No evidence found,,,,,,,,,,,,,,,,,,Checked: no post-YC Form D matching the founders; no funding statement on website (2 pages) or YC page. LinkedIn/X/Crunchbase need a logged-in browser.,2026-09-30T20:06:33Z,,,,,,https://www.stampmail.ai/,B2B,Early,1,No,0,,,0,,,,
splash-inc,Splash Inc.,Winter 2025,No evidence found,,,,,,,,,,,,,,,,,,Checked: no post-YC Form D matching the founders; no funding statement on website (1 pages) or YC page. LinkedIn/X/Crunchbase need a logged-in browser.,2026-09-30T20:06:34Z,,,,,,https://splash9.com/,Industrials,Early,9,Yes,0,,,0,,,,
bud,Bud,Winter 2025,No evidence found,,,,,,,,,,,,,,,,,,Checked: no post-YC Form D matching the founders; no funding statement on website (0 pages) or YC page. LinkedIn/X/Crunchbase need a logged-in browser.,2026-09-30T20:06:48Z,,,,,,https://bud.app/,B2B,Early,6,No,0,,,0,,,,
axiom,Axiom,Winter 2025,No evidence found,,,,,,,,,,,,,,,,,,Checked: no post-YC Form D matching the founders; no funding statement on website (0 pages) or YC page. LinkedIn/X/Crunchbase need a logged-in browser.,2026-09-30T20:06:36Z,,,,,,https://axiom.trade,Fintech,Early,2,Yes,0,,,0,,,,
steinmetz,Steinmetz,Winter 2025,No evidence found,,,,,,,,,,,,,,,,,,Checked: no post-YC Form D matching the founders; no funding statement on website (4 pages) or YC page. LinkedIn/X/Crunchbase need a logged-in browser.,2026-09-30T20:06:37Z,,,,,,https://steinmetzmotors.com/,Industrials,Early,5,Yes,0,,,0,,,,
subimage,SubImage,Winter 2025,Yes,4200000,,2025-10-21,,2,Company website,https://www.subimage.io/blog/funding/,We've raised $4.2M,,,,,,,,,High,No matching post-YC Form D found.,2026-09-30T20:06:43Z,2025-10-21,4200000,Company website,4200000,Yes,https://subimage.io,B2B,Early,4,Yes,1,,,1,0,0,https://www.subimage.io/careers/,Founding Engineer
hey-telo,Hey Telo,Winter 2025,No evidence found,,,,,,,,,,,,,,,,,,Checked: no post-YC Form D matching the founders; no funding statement on website (2 pages) or YC page. LinkedIn/X/Crunchbase need a logged-in browser. National register for DE not checked.,2026-09-30T20:06:39Z,,,,,,https://www.heytelo.com,B2B,Early,2,Yes,0,,,0,,,,
praxim,Praxim,Winter 2025,No evidence found,,,,,,,,,,,,,,,,,,Checked: no post-YC Form D matching the founders; no funding statement on website (1 pages) or YC page. LinkedIn/X/Crunchbase need a logged-in browser.,2026-09-30T20:06:54Z,,,,,,https://www.praxim.ai/,B2B,Early,2,No,0,,,0,,,,
excellence-learning,Excellence Learning,Winter 2025,No evidence found,,,,,,,,,,,,,,,,,,Checked: no post-YC Form D matching the founders; no funding statement on website (1 pages) or YC page. LinkedIn/X/Crunchbase need a logged-in browser.,2026-09-30T20:06:39Z,,,,,,https://excellence-ai.com/,Education,Early,4,No,0,,,0,,,,
tweeksio,Tweeks.io,Winter 2025,No evidence found,,,,,,,,,,,,,,,,,,Checked: no post-YC Form D matching the founders; no funding statement on website (8 pages) or YC page. LinkedIn/X/Crunchbase need a logged-in browser.,2026-09-30T20:07:04Z,,,,,,https://tweeks.io,B2B,Early,2,No,0,,,0,,,,
flowtel,Flowtel,Winter 2025,No evidence found,,,,,,,,,,,,,,,,,,Checked: no post-YC Form D matching the founders; no funding statement on website (10 pages) or YC page. LinkedIn/X/Crunchbase need a logged-in browser.,2026-09-30T20:06:45Z,,,,,,https://flowtel.ai,B2B,Early,5,Yes,0,,,0,,,,
leaping-ai,Leaping AI,Winter 2025,Yes,4700000,,2025-08-20,,4,Press (linked from YC company page),https://www.businessinsider.com/leaping-ai-raised-millions-silicon-valley-struggled-in-germany-2025-8,"Leaping AI Raised $4.7 Million in Silicon Valley, Struggled in Germany - Business Insider",,,,,,,,,Medium,No matching post-YC Form D found.,2026-09-30T20:06:45Z,2025-08-20,4700000,Press (linked from YC company page),4700000,Yes,https://www.leapingai.com,B2B,Early,13,Yes,2,,,2,0,0,,Tech Lead ($220K+ base salary); AI Deployment Strategist
vetnio,Vetnio,Winter 2025,No evidence found,,,,,,,,,,,,,,,,,,Checked: no post-YC Form D matching the founders; no funding statement on website (4 pages) or YC page. LinkedIn/X/Crunchbase need a logged-in browser. National register for SE not checked.,2026-09-30T20:06:53Z,,,,,,https://vetnio.com/,B2B,Early,6,No,0,,,0,,,,
bild-ai,Bild AI,Winter 2025,Yes,3100000,,2025-07-03,,4,Press (linked from YC company page),https://www.businessinsider.com/ai-startup-bild-3-million-seed-affordable-housing-2025-6,AI Startup Bild Raises $3.1 Million for More Affordable Housing - Business Insider,,,,,,,,,Medium,No matching post-YC Form D found.,2026-09-30T20:06:46Z,2025-07-03,3100000,Press (linked from YC company page),3100000,Yes,https://www.bild.ai,Real Estate and Construction,Early,9,Yes,3,ashby,4,4,3,2,https://jobs.ashbyhq.com/bild-ai,Founding AI Engineer; Founding Product Engineer; AI/SWE Intern; Customer Success Manager
outship,Outship,Winter 2025,No evidence found,,,,,,,,,,,,,,,,,,"Unverified Form D by same-named person: Stride Development Public Benefit Corp 0002091703-25-000001 sold 613 (first sale 2025-09-30, Fargo); likely a different person. Checked: no post-YC Form D matching the founders; no funding statement on website (1 pages) or YC page. LinkedIn/X/Crunchbase need a logged-in browser.",2026-09-30T20:06:45Z,,,,,,https://outship.ai,B2B,Early,3,No,0,,,0,,,,
revise-robotics,Revise Robotics,Winter 2025,Yes,3617975,Equity (per Form D; stage not stated),2025-02-21,,1,SEC Form D,https://www.sec.gov/Archives/edgar/data/2069529/000206952925000001/primary_doc.xml,totalAmountSold: 3617975; totalOfferingAmount: 3617975; dateOfFirstSale: 2025-02-21,0002069529,0002069529-25-000001,3617975,3617975,2025-02-21,Equity; OptionToAcquire; SecurityToBeAcquired,34,"Revise Robotics, Inc.",High,"First sale is close to batch start, so the Form D total may include YC's $500K.",2026-09-30T20:06:46Z,2025-02-21,3617975,SEC Form D 0002069529-25-000001,3617975,Yes,https://www.reviserobotics.com/,Industrials,Early,3,Yes,2,ashby,2,2,1,0,,Business Development Intern – Summer/Fall 2026; Engineering Intern — Summer/Fall 2026
enhanced-radar,Enhanced Radar,Winter 2025,Yes,7000000,,,,2,Company website,https://www.enhancedradar.com,Enhanced Radar Raises $7 Million To Accelerate Growth.,,,,,,,,,High,Round date not stated on the source page; assumed post-YC because it is presented as current news. No matching post-YC Form D found.,2026-09-30T20:06:47Z,2026-05-12,7000000,https://www.enhancedradar.com (date printed near the quote),7000000,Yes,https://www.enhancedradar.com/,Industrials,Early,2,Yes,1,,,1,0,0,,All roles
edexia,Edexia,Winter 2025,No evidence found,,,,,,,,,,,,,,,,,,Checked: no post-YC Form D matching the founders; no funding statement on website (2 pages) or YC page. LinkedIn/X/Crunchbase need a logged-in browser. National register for AU not checked.,2026-09-30T20:07:24Z,,,,,,https://www.edexia.com/,Education,Early,4,Yes,0,,,0,,,,
quantstruct,Quantstruct,Winter 2025,No evidence found,,,,,,,,,,,,,,,,,,Checked: no post-YC Form D matching the founders; no funding statement on website (1 pages) or YC page. LinkedIn/X/Crunchbase need a logged-in browser.,2026-09-30T20:06:49Z,,,,,,https://quantstruct.com,B2B,Early,2,No,0,,,0,,,,
invo,Invo,Winter 2025,No evidence found,,,,,,,,,,,,,,,,,,Checked: no post-YC Form D matching the founders; no funding statement on website (1 pages) or YC page. LinkedIn/X/Crunchbase need a logged-in browser.,2026-09-30T20:06:49Z,,,,,,https://www.tryinvo.com/,B2B,Early,1,No,0,,,0,,,,
onlook,Onlook,Winter 2025,No evidence found,,,,,,,,,,,,,,,,,,Checked: no post-YC Form D matching the founders; no funding statement on website (1 pages) or YC page. LinkedIn/X/Crunchbase need a logged-in browser.,2026-09-30T20:07:33Z,,,,,,https://onlook.com/,B2B,Early,4,Yes,0,,,0,,,,
delineate,Delineate,Winter 2025,No evidence found,,,,,,,,,,,,,,,,,,Checked: no post-YC Form D matching the founders; no funding statement on website (1 pages) or YC page. LinkedIn/X/Crunchbase need a logged-in browser.,2026-09-30T20:06:54Z,,,,,,https://delineate.pro/,B2B,Early,20,No,0,,,0,,,,
exin-therapeutics,Exin Therapeutics,Winter 2025,Yes,2162300,OptionToAcquire; SecurityToBeAcquired (per Form D; stage not stated),2024-11-18,,1,SEC Form D,https://www.sec.gov/Archives/edgar/data/2109179/000210917926000001/primary_doc.xml,totalAmountSold: 2162300; totalOfferingAmount: 2162300; dateOfFirstSale: 2024-11-18,0002109179,0002109179-26-000001,2162300,2162300,2024-11-18,OptionToAcquire; SecurityToBeAcquired,28,"Exin Therapeutics, Inc.",High,"First sale is close to batch start, so the Form D total may include YC's $500K.",2026-09-30T20:06:51Z,2024-11-18,2162300,SEC Form D 0002109179-26-000001,2162300,Yes,https://www.exintherapeutics.com/,Healthcare,Early,9,No,0,,,0,0,0,https://www.exintherapeutics.com/careers,
uncommon-therapeutics,Uncommon Therapeutics,Winter 2025,No evidence found,,,,,,,,,,,,,,,,,,Checked: no post-YC Form D matching the founders; no funding statement on website (1 pages) or YC page. LinkedIn/X/Crunchbase need a logged-in browser.,2026-09-30T20:06:55Z,,,,,,https://uncommontherapeutics.com,Healthcare,Early,2,No,0,,,0,,,,
youshift,YouShift,Winter 2025,No evidence found,,,,,,,,,,,,,,,,,,Checked: no post-YC Form D matching the founders; no funding statement on website (2 pages) or YC page. LinkedIn/X/Crunchbase need a logged-in browser.,2026-09-30T20:06:59Z,,,,,,https://www.you-shift.com/,B2B,Early,10,Yes,0,,,0,,,,
overstand-labs,Overstand Labs,Winter 2025,Unclear,,,,,5,"Tracxn (lead only, from input)",,,,,,,,,,,Low,"Web search review: Searched 'Overstand Labs raises Mihir Patil Derrick Cheng' and 'Overstand Labs funding seed round'. Aggregators show only a $500K pre-seed (YC, Unpopular Ventures) around Sep 2024, which is pre-batch. No source for a post-YC round. Tracxn lead total $1,000,000; not confirmed by a higher-tier source. Checked: no post-YC Form D matching the founders; no funding statement on website (2 pages) or YC page. LinkedIn/X/Crunchbase need a logged-in browser.",2026-09-30T20:07:32Z,,,,,,https://overstandlabs.com,B2B,Early,4,No,0,,,0,0,0,https://overstandlabs.com/,
tensorpool,TensorPool,Winter 2025,No evidence found,,,,,,,,,,,,,,,,,,Checked: no post-YC Form D matching the founders; no funding statement on website (2 pages) or YC page. LinkedIn/X/Crunchbase need a logged-in browser.,2026-09-30T20:06:53Z,,,,,,https://tensorpool.dev,B2B,Early,3,No,0,,,0,,,,
zeroentropy,ZeroEntropy,Winter 2025,Yes,4200000,Seed,,,2,Company website,https://www.zeroentropy.dev/articles/zeroentropy-raises-4-2m-seed-round-to-make-ai-retrieval-truly-intelligent/,"This funding brings our total raised capital to approximately $4.4M, empowering us to accelerate our mission to revolutionize how AI retrieves and understands information.",,,,,,,,,High,Manual review: $4.2M seed round (URL slug and announcement); site says total raised is about $4.4M.,2026-09-30T20:07:02Z,,,,4200000,Yes,https://www.zeroentropy.dev,B2B,Early,6,No,0,,,0,0,0,https://www.zeroentropy.dev/,
egress-health,Egress Health,Winter 2025,No evidence found,,,,,,,,,,,,,,,,,,Checked: no post-YC Form D matching the founders; no funding statement on website (0 pages) or YC page. LinkedIn/X/Crunchbase need a logged-in browser.,2026-09-30T20:07:02Z,,,,,,https://tryegress.com,Healthcare,Early,2,No,0,,,0,,,,
altrina,Altrina,Winter 2025,No evidence found,,,,,,,,,,,,,,,,,,Checked: no post-YC Form D matching the founders; no funding statement on website (1 pages) or YC page. LinkedIn/X/Crunchbase need a logged-in browser.,2026-09-30T20:07:21Z,,,,,,https://altrina.com,B2B,Early,4,No,0,,,0,,,,
sublingual,Sublingual,Winter 2025,No evidence found,,,,,,,,,,,,,,,,,,Checked: no post-YC Form D matching the founders; no funding statement on website (1 pages) or YC page. LinkedIn/X/Crunchbase need a logged-in browser.,2026-09-30T20:06:57Z,,,,,,https://sublingual.ai/,B2B,Early,2,No,0,,,0,,,,
asha-health,Asha Health,Fall 2024,No evidence found,,,,,,,,,,,,,,,,,,Checked: no post-YC Form D matching the founders; no funding statement on website (1 pages) or YC page. LinkedIn/X/Crunchbase need a logged-in browser.,2026-09-30T20:07:01Z,,,,,,https://asha.health,Healthcare,Early,9,Yes,0,,,0,,,,
apolink,Apolink,Fall 2024,Yes,4300000,Seed,2025-07-11,,4,press (TechCrunch),https://techcrunch.com/2025/07/11/yc-backed-apolink-by-19-year-old-bags-4-3m-to-build-24-7-connectivity-for-leo-satellites,has raised $4.3 million in an 'oversubscribed' seed round at a $45 million post-money valuation,,,,,,,,,Medium,"Web search review: No lead named. Backers: YC, 468 Capital, Unshackled Ventures, Rebel Fund, Maiora Ventures, angels. Founder Onkar Singh Batra matches. Batch F24 (Sep 2024), so the Jul 2025 round is post-YC. Tracxn lead total $4,300,000; not confirmed by a higher-tier source. Checked: no post-YC Form D matching the founders; no funding statement on website (4 pages) or YC page. LinkedIn/X/Crunchbase need a logged-in browser.",2026-09-30T20:06:59Z,2025-07-11,4300000,press (TechCrunch),4300000,Yes,https://apolink.space,Industrials,Early,7,Yes,4,ashby,4,4,2,0,https://jobs.ashbyhq.com/apolink,Internship General App; General Application ; Chief Engineer (Optical Comms); Astrodynamics Lead (Founding Role)
humanlayer,HumanLayer,Fall 2024,No evidence found,,,,,,,,,,,,,,,,,,Checked: no post-YC Form D matching the founders; no funding statement on website (1 pages) or YC page. LinkedIn/X/Crunchbase need a logged-in browser.,2026-09-30T20:07:09Z,,,,,,https://humanlayer.com,B2B,Early,2,Yes,0,,,0,,,,
loombotic,Loombotic,Fall 2024,No evidence found,,,,,,,,,,,,,,,,,,Checked: no post-YC Form D matching the founders; no funding statement on website (10 pages) or YC page. LinkedIn/X/Crunchbase need a logged-in browser. National register for CA not checked.,2026-09-30T20:07:04Z,,,,,,https://www.loombotic.com,Industrials,Early,25,No,0,,,0,,,,
roundabout-technologies,Roundabout Technologies,Fall 2024,No evidence found,,,,,,,,,,,,,,,,,,Checked: no post-YC Form D matching the founders; no funding statement on website (10 pages) or YC page. LinkedIn/X/Crunchbase need a logged-in browser.,2026-09-30T20:07:06Z,,,,,,https://roundabout.tech,Government,Early,5,No,0,,,0,,,,
synth-3,Synth,Fall 2024,No evidence found,,,,,,,,,,,,,,,,,,Checked: no post-YC Form D matching the founders; no funding statement on website (11 pages) or YC page. LinkedIn/X/Crunchbase need a logged-in browser.,2026-09-30T20:07:07Z,,,,,,https://www.usesynth.ai,B2B,Early,2,No,0,,,0,,,,
careforce,Careforce,Fall 2024,No evidence found,,,,,,,,,,,,,,,,,,Checked: no post-YC Form D matching the founders; no funding statement on website (3 pages) or YC page. LinkedIn/X/Crunchbase need a logged-in browser.,2026-09-30T20:07:05Z,,,,,,https://careforce.ai/,Healthcare,Early,9,Yes,0,,,0,,,,
canvas,Canvas,Fall 2024,No evidence found,,,,,,,,,,,,,,,,,,Checked: no post-YC Form D matching the founders; no funding statement on website (3 pages) or YC page. LinkedIn/X/Crunchbase need a logged-in browser.,2026-09-30T20:07:06Z,,,,,,https://www.canvas.inc/,B2B,Early,3,No,0,,,0,,,,
ember,Ember,Fall 2024,Yes,4300000,Seed,2025-11-19,Nexus Venture Partners,2,company website announcement,https://www.embercopilot.ai/nexus-venture-partners-leads-4-3m-seed-funding-in-healthcare-ai-startup-ember,today announced a $4.3M seed funding round with investors including Nexus Venture Partners and Y Combinator participating.,,,,,,,,,High,"Web search review: Headline: 'Nexus Venture Partners Leads $4.3M Seed Funding'. CEO Charlene Wang. After F24 start (Sep 2024). Tracxn $4.8M is likely $4.3M + YC $500K. Tracxn lead total $4,800,000; not confirmed by a higher-tier source. Checked: no post-YC Form D matching the founders; no funding statement on website (8 pages) or YC page. LinkedIn/X/Crunchbase need a logged-in browser.",2026-09-30T20:07:10Z,2025-11-19,4300000,company website announcement,4300000,Yes,https://www.embercopilot.ai,Healthcare,Early,25,Yes,4,ashby,6,6,1,0,https://www.embercopilot.ai/careers,Agent Operations Associate ; Founding Engineer; Growth Marketer; Healthcare Account Executive (Mid-Market); Healthcare SDR; Agent Product Manager
relvy-ai,Relvy AI,Fall 2024,No evidence found,,,,,,,,,,,,,,,,,,Checked: no post-YC Form D matching the founders; no funding statement on website (10 pages) or YC page. LinkedIn/X/Crunchbase need a logged-in browser.,2026-09-30T20:07:08Z,,,,,,https://www.relvy.ai,B2B,Early,3,No,0,,,0,,,,
freestyle-ai,Freestyle,Fall 2024,Yes,2000000,,,,2,Company website,https://freestyle.ai/blog,We've raised $2M to free the world from email..,,,,,,,,,High,Round date not stated on the source page; assumed post-YC because it is presented as current news. No matching post-YC Form D found.,2026-09-30T20:07:52Z,2025-02-12,2000000,https://freestyle.ai/blog (date printed near the quote),2000000,Yes,https://www.freestyle.ai,Consumer,Early,3,No,0,,,0,0,0,https://freestyle.ai/careers,
laminar-com,Laminar,Fall 2024,Yes,7200000,,2025-08-20,,4,Press (linked from YC company page),https://techcrunch.com/2025/08/20/sre-ai-launches-to-automate-complex-enterprise-workflows/,Y Combinator alum SRE.ai raises $7.2M for DevOps AI agents | TechCrunch,,,,,,,,,Medium,Manual review: TechCrunch article linked from Laminar's YC page covers SRE.ai; Laminar appears to be the renamed SRE.ai. Verify the rename.,2026-09-30T20:07:16Z,2025-08-20,7200000,Press (linked from YC company page),7200000,Yes,https://laminar.com,B2B,Early,15,Yes,3,ashby,3,3,0,0,https://www.laminar.com/careers,Member of Technical Staff; Laminar | Technical Intern; Laminar | Intern
ryvn,Ryvn,Fall 2024,No evidence found,,,,,,,,,,,,,,,,,,Checked: no post-YC Form D matching the founders; no funding statement on website (5 pages) or YC page. LinkedIn/X/Crunchbase need a logged-in browser.,2026-09-30T20:07:11Z,,,,,,https://ryvn.ai,B2B,Early,5,Yes,0,,,0,,,,
melder,Melder,Fall 2024,No evidence found,,,,,,,,,,,,,,,,,,Checked: no post-YC Form D matching the founders; no funding statement on website (2 pages) or YC page. LinkedIn/X/Crunchbase need a logged-in browser.,2026-09-30T20:07:11Z,,,,,,https://melder.io,B2B,Early,2,No,0,,,0,,,,
vaya,Vaya,Fall 2024,No evidence found,,,,,,,,,,,,,,,,,,Checked: no post-YC Form D matching the founders; no funding statement on website (10 pages) or YC page. LinkedIn/X/Crunchbase need a logged-in browser.,2026-09-30T20:07:17Z,,,,,,https://flyvaya.com,Consumer,Early,2,No,0,,,0,,,,
x1,x1,Fall 2024,No evidence found,,,,,,,,,,,,,,,,,,Checked: no post-YC Form D matching the founders; no funding statement on website (0 pages) or YC page. LinkedIn/X/Crunchbase need a logged-in browser.,2026-09-30T20:07:11Z,,,,,,https://x1.new/,Consumer,Early,5,Yes,0,,,0,,,,
forerunner-ai,Forerunner AI,Fall 2024,No evidence found,,,,,,,,,,,,,,,,,,Checked: no post-YC Form D matching the founders; no funding statement on website (0 pages) or YC page. LinkedIn/X/Crunchbase need a logged-in browser.,2026-09-30T20:07:52Z,,,,,,https://tryforerunner.com,Industrials,Early,2,No,0,,,0,,,,
futureclinic,FutureClinic,Fall 2024,No evidence found,,,,,,,,,,,,,,,,,,Checked: no post-YC Form D matching the founders; no funding statement on website (3 pages) or YC page. LinkedIn/X/Crunchbase need a logged-in browser.,2026-09-30T20:07:22Z,,,,,,https://www.futureclinic.com,Healthcare,Early,4,No,0,,,0,,,,
struct-ai,Struct,Fall 2024,No evidence found,,,,,,,,,,,,,,,,,,Checked: no post-YC Form D matching the founders; no funding statement on website (3 pages) or YC page. LinkedIn/X/Crunchbase need a logged-in browser.,2026-09-30T20:07:15Z,,,,,,https://struct.ai,B2B,Early,3,No,0,,,0,,,,
surge,Surge,Fall 2024,No evidence found,,,,,,,,,,,,,,,,,,Checked: no post-YC Form D matching the founders; no funding statement on website (5 pages) or YC page. LinkedIn/X/Crunchbase need a logged-in browser.,2026-09-30T20:07:15Z,,,,,,https://surge.app,B2B,Early,3,No,0,,,0,,,,
sunset,Sunset,Fall 2024,No evidence found,,,,,,,,,,,,,,,,,,Checked: no post-YC Form D matching the founders; no funding statement on website (8 pages) or YC page. LinkedIn/X/Crunchbase need a logged-in browser.,2026-09-30T20:07:18Z,,,,,,https://www.hellosunset.com/,Fintech,Early,5,No,0,,,0,,,,
archilabs,ArchiLabs,Fall 2024,No evidence found,,,,,,,,,,,,,,,,,,Checked: no post-YC Form D matching the founders; no funding statement on website (1 pages) or YC page. LinkedIn/X/Crunchbase need a logged-in browser.,2026-09-30T20:07:23Z,,,,,,https://archilabs.ai,Real Estate and Construction,Early,3,Yes,0,,,0,,,,
revi,Revi,Fall 2024,No evidence found,,,,,,,,,,,,,,,,,,Checked: no post-YC Form D matching the founders; no funding statement on website (1 pages) or YC page. LinkedIn/X/Crunchbase need a logged-in browser.,2026-09-30T20:07:19Z,,,,,,https://www.revi.ai/,B2B,Early,2,No,0,,,0,,,,
metreecs,Metreecs,Fall 2024,Yes,2700000,Seed,2025-10,,3,investor announcement (Monte Carlo Capital),https://montecarlocap.com/new-fund-investment-metreecs/,"We invested in Metreecs's $2.7 million Seed round with participation from Y Combinator, Founders Future, Kima Ventures, Bpifrance",,,,,,,,,Medium,"Web search review: Investor post dated 2025-10-08. Maddyness (2025-10-02) reports 'lever 2,7 millions de dollars' from Monte Carlo Capital, Founders Future, Kima Ventures, Bpifrance and Y Combinator. No lead named. The Tracxn lead of $3.67M likely adds the YC money or uses an FX conversion. Tracxn lead total $3,667,046; not confirmed by a higher-tier source. Checked: no post-YC Form D matching the founders; no funding statement on website (4 pages) or YC page. LinkedIn/X/Crunchbase need a logged-in browser. National register for FR not checked.",2026-09-30T20:07:21Z,2025-10-01,2700000,investor announcement (Monte Carlo Capital),2700000,Yes,https://www.metreecs.com,B2B,Early,6,No,0,,,0,0,0,,
diffusion-studio,Diffusion Studio,Fall 2024,No evidence found,,,,,,,,,,,,,,,,,,Checked: no post-YC Form D matching the founders; no funding statement on website (2 pages) or YC page. LinkedIn/X/Crunchbase need a logged-in browser. National register for DE not checked.,2026-09-30T20:07:20Z,,,,,,https://diffusion.studio/,Consumer,Early,2,No,0,,,0,,,,
kilvin,Kilvin,Fall 2024,No evidence found,,,,,,,,,,,,,,,,,,Checked: no post-YC Form D matching the founders; no funding statement on website (2 pages) or YC page. LinkedIn/X/Crunchbase need a logged-in browser.,2026-09-30T20:07:22Z,,,,,,https://www.kilvin.ai,B2B,Early,3,Yes,0,,,0,,,,
alex,Alex,Fall 2024,Yes,5300000,Seed,2025-08,,4,press article (36Kr EU),https://eu.36kr.com/en/p/3452053049595265,"In August 2025, Alex announced the completion of a seed - round financing of $5.3 million",,,,,,,,,Medium,"Web search review: No investors named. Founder Daniel Edrisian and YC F24 confirmed. The company blog (alexcodes.app/blog) has no funding post, and TechCrunch (team joined OpenAI, Sep 2025) gives no amount. Tracxn $20M is not supported. Tracxn lead total $20,000,000; not confirmed by a higher-tier source. Checked: no post-YC Form D matching the founders; no funding statement on website (5 pages) or YC page. LinkedIn/X/Crunchbase need a logged-in browser.",2026-09-30T20:07:30Z,2025-08-01,5300000,press article (36Kr EU),5300000,Yes,https://alexcodes.app,B2B,Early,3,Yes,1,,,1,0,0,,Founding Engineer
innate,Innate,Fall 2024,No evidence found,,,,,,,,,,,,,,,,,,Checked: no post-YC Form D matching the founders; no funding statement on website (3 pages) or YC page. LinkedIn/X/Crunchbase need a logged-in browser.,2026-09-30T20:07:29Z,,,,,,https://innate.bot,Consumer,Early,7,Yes,0,,,0,,,,
capy,Capy,Fall 2024,No evidence found,,,,,,,,,,,,,,,,,,Checked: no post-YC Form D matching the founders; no funding statement on website (9 pages) or YC page. LinkedIn/X/Crunchbase need a logged-in browser.,2026-09-30T20:07:27Z,,,,,,https://capy.ai,B2B,Early,6,Yes,0,,,0,,,,
consus,Consus,Fall 2024,No evidence found,,,,,,,,,,,,,,,,,,Checked: no post-YC Form D matching the founders; no funding statement on website (3 pages) or YC page. LinkedIn/X/Crunchbase need a logged-in browser.,2026-09-30T20:07:31Z,,,,,,https://www.consus.io,Industrials,Early,1,Yes,0,,,0,,,,
collectwise,CollectWise,Fall 2024,No evidence found,,,,,,,,,,,,,,,,,,Checked: no post-YC Form D matching the founders; no funding statement on website (1 pages) or YC page. LinkedIn/X/Crunchbase need a logged-in browser.,2026-09-30T20:07:29Z,,,,,,https://collectwise.com/,Fintech,Early,12,Yes,0,,,0,,,,
origami-2,Origami,Fall 2024,Yes,2000000,Seed,2025-01-24,,4,Press (linked from YC company page),https://venturebeat.com/ai/y-combinators-hottest-startup-origami-agents-secures-2m-seed-round-to-supercharge-sales-teams-with-ai/,"Y Combinator’s hottest startup, Origami Agents, secures $2M seed round to supercharge sales teams with AI | VentureBeat",,,,,,,,,Medium,No matching post-YC Form D found.,2026-09-30T20:07:32Z,2025-01-24,2000000,Press (linked from YC company page),2000000,Yes,https://origami.chat/,B2B,Early,10,No,0,,,0,0,0,https://origami.chat/careers,
fresco,Fresco,Fall 2024,No evidence found,,,,,,,,,,,,,,,,,,Checked: no post-YC Form D matching the founders; no funding statement on website (1 pages) or YC page. LinkedIn/X/Crunchbase need a logged-in browser.,2026-09-30T20:07:32Z,,,,,,https://fresco-ai.com/,Real Estate and Construction,Early,2,Yes,0,,,0,,,,
permitportal,PermitPortal,Fall 2024,No evidence found,,,,,,,,,,,,,,,,,,Checked: no post-YC Form D matching the founders; no funding statement on website (8 pages) or YC page. LinkedIn/X/Crunchbase need a logged-in browser.,2026-09-30T20:08:12Z,,,,,,https://permitportalapp.com/,Real Estate and Construction,Early,2,Yes,0,,,0,,,,
gecko-security,Gecko Security,Fall 2024,No evidence found,,,,,,,,,,,,,,,,,,Checked: no post-YC Form D matching the founders; no funding statement on website (4 pages) or YC page. LinkedIn/X/Crunchbase need a logged-in browser. Companies House GECKO SECURITY UK LTD (16033676): no SH01 allotments listed.,2026-09-30T20:07:31Z,,,,,,https://gecko.security,B2B,Early,2,No,0,,,0,,,,
dexter,Dexter,Fall 2024,No evidence found,,,,,,,,,,,,,,,,,,Checked: no post-YC Form D matching the founders; no funding statement on website (0 pages) or YC page. LinkedIn/X/Crunchbase need a logged-in browser. National register for DE not checked.,2026-09-30T20:07:34Z,,,,,,https://www.getdexter.co/,B2B,Early,3,No,0,,,0,,,,
moonshine,Moonshine,Fall 2024,No evidence found,,,,,,,,,,,,,,,,,,Checked: no post-YC Form D matching the founders; no funding statement on website (1 pages) or YC page. LinkedIn/X/Crunchbase need a logged-in browser.,2026-09-30T20:08:08Z,,,,,,https://usemoonshine.com,B2B,Early,2,No,0,,,0,,,,
abundant,Abundant,Fall 2024,No evidence found,,,,,,,,,,,,,,,,,,Checked: no post-YC Form D matching the founders; no funding statement on website (1 pages) or YC page. LinkedIn/X/Crunchbase need a logged-in browser.,2026-09-30T20:07:54Z,,,,,,https://www.abundant.ai/,B2B,Early,7,Yes,0,,,0,,,,
autocomputer,AutoComputer,Fall 2024,No evidence found,,,,,,,,,,,,,,,,,,Checked: no post-YC Form D matching the founders; no funding statement on website (0 pages) or YC page. LinkedIn/X/Crunchbase need a logged-in browser.,2026-09-30T20:07:34Z,,,,,,https://www.autocomputer.ai/,B2B,Early,2,No,0,,,0,,,,
crustdata,Crustdata,Fall 2024,Yes,6000000,Seed,2025-10-23,,2,Company website,https://crustdata.com/blog/crustdata-closes-6m-seed-round,Crustdata closes $6M seed round,,,,,,,,,High,No matching post-YC Form D found.,2026-09-30T20:07:36Z,2025-10-23,6000000,Company website,6000000,Yes,https://crustdata.com,B2B,Early,30,Yes,7,,,7,0,0,https://crustdata.com/careers,Founding Product Engineer; Senior Data Platform Engineer; Founding Forward Deployed Engineer; Software Engineering Intern (Forward Deployed) | Summer 2026 ; Founding ML Engineer; Founding ML Engineer (India); ML Engineer Intern | Summer 2026
tiny,Tiny,Fall 2024,No evidence found,,,,,,,,,,,,,,,,,,Checked: no post-YC Form D matching the founders; no funding statement on website (9 pages) or YC page. LinkedIn/X/Crunchbase need a logged-in browser. National register for SG not checked.,2026-09-30T20:07:59Z,,,,,,https://andtiny.com,B2B,Early,3,No,0,,,0,,,,
vly-ai-2,vly.ai,Fall 2024,No evidence found,,,,,,,,,,,,,,,,,,Checked: no post-YC Form D matching the founders; no funding statement on website (2 pages) or YC page. LinkedIn/X/Crunchbase need a logged-in browser.,2026-09-30T20:07:59Z,,,,,,https://vly.ai,B2B,Early,3,No,0,,,0,,,,
pearson-labs,Pearson Labs,Fall 2024,No evidence found,,,,,,,,,,,,,,,,,,"Unverified Form D by same-named person: Retreat Development LLC 0002146848-26-000001 sold 0 (first sale yetToOccur, Lafayette); likely a different person. Checked: no post-YC Form D matching the founders; no funding statement on website (1 pages) or YC page. LinkedIn/X/Crunchbase need a logged-in browser.",2026-09-30T20:07:38Z,,,,,,http://www.pearsonlabs.ai,B2B,Early,2,No,0,,,0,,,,
stewdio,Stewdio,Fall 2024,No evidence found,,,,,,,,,,,,,,,,,,Checked: no post-YC Form D matching the founders; no funding statement on website (1 pages) or YC page. LinkedIn/X/Crunchbase need a logged-in browser.,2026-09-30T20:07:39Z,,,,,,https://www.stewdio.ai,Consumer,Early,2,No,0,,,0,,,,
beglaubigtde,Beglaubigt.de,Fall 2024,No evidence found,,,,,,,,,,,,,,,,,,Checked: no post-YC Form D matching the founders; no funding statement on website (3 pages) or YC page. LinkedIn/X/Crunchbase need a logged-in browser. National register for DE not checked.,2026-09-30T20:07:59Z,,,,,,https://beglaubigt.de/en-us,B2B,Early,15,Yes,0,,,0,,,,
unusual,Unusual,Fall 2024,Yes,3600000,Seed,2026-01,BoxGroup; Long Journey Ventures; Y Combinator,2,company blog,https://www.unusual.ai/blog/unusual-raises-3.6m-to-help-brands-change-how-ai-talks-about-them,"led by BoxGroup, Long Journey Ventures, Y Combinator",,,,,,,,,High,"Web search review: Blog headline: 'Unusual raises $3.6 million seed round'. Blog dated 2026-01-06; GlobeNewswire release dated 2026-01-05. Founders Will Jack and Keller Maloney match. The $3.6M includes YC. Tracxn's $4.1M = $3.6M + $500K, likely double-counting YC. Batch F24. Tracxn lead total $4,100,000; not confirmed by a higher-tier source. Checked: no post-YC Form D matching the founders; no funding statement on website (6 pages) or YC page. LinkedIn/X/Crunchbase need a logged-in browser.",2026-09-30T20:07:42Z,2026-01-01,3600000,company blog,3600000,Yes,https://unusual.ai,B2B,Early,4,Yes,2,lever,10,10,6,3,,"AI Engineer - Unusual Ventures; Chief Executive Officer - Stealth Startup; Founding Account Executive - Roboto AI; Founding Growth Lead; Operating Partner - Founder Services & Platform; Principal AI Engineer -Enfi; Product Marketing Manager; Senior Portfolio Analytics & Investment Associate; Staff/Senior Software Engineer, Agent Engineering (Helios); Staff/Senior Software Engineer, Document Intelligence & Data Infrastructure (Helios)"
withcharm,Charm,Fall 2024,No evidence found,,,,,,,,,,,,,,,,,,Checked: no post-YC Form D matching the founders; no funding statement on website (0 pages) or YC page. LinkedIn/X/Crunchbase need a logged-in browser.,2026-09-30T20:07:39Z,,,,,,https://charm.cash/,Consumer,Early,1,No,0,,,0,,,,
hybrd,HYBRD,Fall 2024,No evidence found,,,,,,,,,,,,,,,,,,Checked: no post-YC Form D matching the founders; no funding statement on website (2 pages) or YC page. LinkedIn/X/Crunchbase need a logged-in browser.,2026-09-30T20:08:02Z,,,,,,https://www.hybrd.com/,Consumer,Early,5,No,0,,,0,,,,
freebuff,Freebuff,Fall 2024,No evidence found,,,,,,,,,,,,,,,,,,Checked: no post-YC Form D matching the founders; no funding statement on website (3 pages) or YC page. LinkedIn/X/Crunchbase need a logged-in browser.,2026-09-30T20:07:43Z,,,,,,https://freebuff.com,B2B,Early,4,Yes,0,,,0,,,,
karmen,Karmen,Fall 2024,No evidence found,,,,,,,,,,,,,,,,,,Checked: no post-YC Form D matching the founders; no funding statement on website (1 pages) or YC page. LinkedIn/X/Crunchbase need a logged-in browser.,2026-09-30T20:07:48Z,,,,,,https://www.karmenai.com,Real Estate and Construction,Early,2,No,0,,,0,,,,
lingodotdev,Lingo.dev,Fall 2024,Yes,4200000,,,,2,YC company/launch page,https://www.ycombinator.com/companies/lingodotdev,"Lingo.dev is SOC 2 Type II compliant, and has raised $4.2M from Y Combinator, Initialized Capital, and the founders of Supabase and Dependabot to",,,,,,,,,High,Round date not stated on the source page; assumed post-YC because it is presented as current news. No matching post-YC Form D found.,2026-09-30T20:08:03Z,,,,4200000,Yes,https://lingo.dev,B2B,Early,7,Yes,1,ashby,3,3,2,0,https://lingo.dev/en/careers,Senior Fullstack Engineer; Open Application – Ex-Founder; Senior Content Engineer
sphinx,Sphinx,Fall 2024,Yes,7100000,Seed,2026-02-17,Cherry Ventures,2,company blog,https://sphinxhq.com/blog-posts/sphinx-raises-7-1m-to-build-every-financial-institutions-last-compliance-hire,"our $7.1M seed round, led by Cherry Ventures with participation from Y Combinator",,,,,,,,,High,"Web search review: Date comes from the Business Wire release (20260217). Blog shows 'Last updated June 25, 2026'. Signed Alex & Chris, which matches founders Berkovic and Wust. Tracxn $7.6M is likely $7.1M + YC $500K. Tracxn lead total $7,599,999; not confirmed by a higher-tier source. Checked: no post-YC Form D matching the founders; no funding statement on website (5 pages) or YC page. LinkedIn/X/Crunchbase need a logged-in browser.",2026-09-30T20:07:47Z,2026-02-17,7100000,company blog,7100000,Yes,https://sphinxhq.com/,Fintech,Early,14,No,0,ashby,8,8,3,0,https://sphinxhq.com/careers,GTM; Member of Technical Staff; Forward Deployed Engineer; Compliance Lead; Chief of Staff; Founding Sales; Head of Content; Product Engineer
luthor,Luthor,Fall 2024,No evidence found,,,,,,,,,,,,,,,,,,Checked: no post-YC Form D matching the founders; no funding statement on website (3 pages) or YC page. LinkedIn/X/Crunchbase need a logged-in browser.,2026-09-30T20:07:55Z,,,,,,https://luthor.ai,B2B,Early,3,Yes,0,,,0,,,,
keye,Keye,Fall 2024,Yes,5000000,,,,2,Company website,https://www.keye.co/blog,"We raised $5M from Sorenson Capital, General Catalyst, Y Combinator, and angels from Shopify and InVision to fix a problem we knew too well.",,,,,,,,,High,Round date not stated on the source page; assumed post-YC because it is presented as current news. No matching post-YC Form D found.,2026-09-30T20:07:54Z,2025-07-29,5000000,https://www.keye.co/blog (date printed near the quote),5000000,Yes,https://www.keye.co,Fintech,Early,3,Yes,2,,,2,0,0,,Founding Private Equity Strategist ; Software Engineer (Remote)
riskcube,RiskCube,Fall 2024,No evidence found,,,,,,,,,,,,,,,,,,Checked: no post-YC Form D matching the founders; no funding statement on website (6 pages) or YC page. LinkedIn/X/Crunchbase need a logged-in browser.,2026-09-30T20:07:57Z,,,,,,https://riskcube.com,Fintech,Early,3,No,0,,,0,,,,
ctgt,CTGT,Fall 2024,Yes,8000000,Seed,,,2,YC company/launch page,https://www.ycombinator.com/companies/ctgt,"Backed by an $8M seed round from Gradient Ventures (Google), General Catalyst, and Y Combinator, CTGT is currently deployed with Fortune 500 companies, including",,,,,,,,,High,Round date not stated on the source page; assumed post-YC because it is presented as current news. Other stated figure: $7 Million (https://www.businessinsider.com/y-combinator-startup-ctgt-raises-seed-funding-round-gradient-ventures-2025-2). No matching post-YC Form D found.,2026-09-30T20:07:57Z,,,,8000000,Yes,https://www.ctgt.ai/,B2B,Early,10,Yes,6,ashby,3,6,3,1,,Machine Learning Engineer: LLM Interpretability & Systems; Senior Software Engineer; Software Engineering Intern (Summer 2027)
general-learning,General Learning,Fall 2024,Yes,3400000,,2025-03-14,,4,Press (linked from YC company page),https://www.revisiondojo.com/fundraise,RevisionDojo (formerly StudyDojo) raises $3.4M to supercharge AI-first learning | RevisionDojo,,,,,,,,,Medium,Manual review: RevisionDojo (formerly StudyDojo) announcement linked from General Learning's own site; General Learning appears to be the renamed company.,2026-09-30T20:08:02Z,2025-03-14,3400000,Press (linked from YC company page),3400000,Yes,https://generallearning.com,Education,Early,35,No,0,,,0,0,0,https://www.generallearning.com/careers,
issen,ISSEN,Fall 2024,No evidence found,,,,,,,,,,,,,,,,,,Checked: no post-YC Form D matching the founders; no funding statement on website (13 pages) or YC page. LinkedIn/X/Crunchbase need a logged-in browser.,2026-09-30T20:08:03Z,,,,,,https://issen.com,Consumer,Early,1,No,0,,,0,,,,
attimet,attimet,Fall 2024,No evidence found,,,,,,,,,,,,,,,,,,Checked: no post-YC Form D matching the founders; no funding statement on website (1 pages) or YC page. LinkedIn/X/Crunchbase need a logged-in browser.,2026-09-30T20:07:59Z,,,,,,https://attimet.com/,Fintech,Early,3,Yes,0,,,0,,,,
smooth,Smooth,Fall 2024,No evidence found,,,,,,,,,,,,,,,,,,Checked: no post-YC Form D matching the founders; no funding statement on website (0 pages) or YC page. LinkedIn/X/Crunchbase need a logged-in browser.,2026-09-30T20:09:03Z,,,,,,https://smooth.sh,B2B,Early,2,Yes,0,,,0,,,,
reticular,Reticular,Fall 2024,No evidence found,,,,,,,,,,,,,,,,,,Checked: no post-YC Form D matching the founders; no funding statement on website (2 pages) or YC page. LinkedIn/X/Crunchbase need a logged-in browser.,2026-09-30T20:08:02Z,,,,,,https://reticular.com,Healthcare,Early,2,No,0,,,0,,,,
astrix-health,Matcha,Fall 2024,No evidence found,,,,,,,,,,,,,,,,,,Checked: no post-YC Form D matching the founders; no funding statement on website (0 pages) or YC page. LinkedIn/X/Crunchbase need a logged-in browser.,2026-09-30T20:08:02Z,,,,,,https://www.matcha-health.com,Healthcare,Early,2,No,0,,,0,,,,
endstack,Endstack,Fall 2024,No evidence found,,,,,,,,,,,,,,,,,,Checked: no post-YC Form D matching the founders; no funding statement on website (1 pages) or YC page. LinkedIn/X/Crunchbase need a logged-in browser.,2026-09-30T20:08:22Z,,,,,,https://www.endstack.com,B2B,Early,2,No,0,,,0,,,,
archil,Archil,Fall 2024,Yes,18000000,Series A,,Standard Capital,2,Company website,https://archil.com/about,"Backed by Archil has raised $18M in funding, including an $11M Series A led by Standard Capital, with backing from Felicis, Y Combinator, General",,,,,,,,,High,Round date not stated on the source page; assumed post-YC because it is presented as current news. No matching post-YC Form D found.,2026-09-30T20:08:53Z,,,,18000000,Yes,https://archil.com,B2B,Growth,11,No,0,ashby,2,2,2,0,,Distributed Systems Engineer; Sr. Distributed Systems Engineer
sandra-ai,Sandra AI,Fall 2024,No evidence found,,,,,,,,,,,,,,,,,,Checked: no post-YC Form D matching the founders; no funding statement on website (4 pages) or YC page. LinkedIn/X/Crunchbase need a logged-in browser. National register for FR not checked.,2026-09-30T20:08:07Z,,,,,,https://www.sandra-ai.com,B2B,Early,3,No,0,,,0,,,,
vespper,Vespper,Fall 2024,No evidence found,,,,,,,,,,,,,,,,,,Checked: no post-YC Form D matching the founders; no funding statement on website (9 pages) or YC page. LinkedIn/X/Crunchbase need a logged-in browser.,2026-09-30T20:08:31Z,,,,,,https://vespper.com/?utm_source=ycombinator.com,B2B,Early,2,No,0,,,0,,,,
vortexify,Vortexify,Fall 2024,No evidence found,,,,,,,,,,,,,,,,,,Checked: no post-YC Form D matching the founders; no funding statement on website (3 pages) or YC page. LinkedIn/X/Crunchbase need a logged-in browser.,2026-09-30T20:08:13Z,,,,,,https://www.vortexify.ai,B2B,Early,2,No,0,,,0,,,,
revyl,Revyl,Fall 2024,Yes,1100000,Pre-seed,2024-10-28,['Panache Ventures'],4,press article (BetaKit),https://betakit.com/canadian-founded-yc-backed-revyl-closes-1-5-million-cad-to-help-companies-catch-bugs-with-ai/,Revyl has closed $1.1 million USD ($1.5 million CAD) in pre-seeding financing,,,,,,,,,Medium,"Web search review: BetaKit dated 2024-10-28. The source itself states the USD figure (CAD 1.5M). Led by Panache Ventures with Feld Ventures, Y Combinator and angels. Founders Landseer Enga and Anam Hira match. Announced after the Fall 2024 batch started. It is unclear whether YC's money is part of the $1.1M. The Tracxn lead of $1.6M does not match. Tracxn lead total $1,600,000; not confirmed by a higher-tier source. Checked: no post-YC Form D matching the founders; no funding statement on website (10 pages) or YC page. LinkedIn/X/Crunchbase need a logged-in browser.",2026-09-30T20:08:10Z,2024-10-28,1100000,press article (BetaKit),1100000,Yes,https://www.revyl.com,B2B,Early,16,Yes,4,,,4,0,0,https://revyl.com/careers,Engineering Intern; GTM Intern; Staff Infrastructure Engineer — Device Cloud; Software Engineer
raycaster,Raycaster,Fall 2024,No evidence found,,,,,,,,,,,,,,,,,,Checked: no post-YC Form D matching the founders; no funding statement on website (1 pages) or YC page. LinkedIn/X/Crunchbase need a logged-in browser.,2026-09-30T20:08:12Z,,,,,,https://eval.raycaster.ai,Healthcare,Early,6,Yes,0,,,0,,,,
lightscreen-ai,Lightscreen AI,Fall 2024,No evidence found,,,,,,,,,,,,,,,,,,Checked: no post-YC Form D matching the founders; no funding statement on website (2 pages) or YC page. LinkedIn/X/Crunchbase need a logged-in browser.,2026-09-30T20:08:07Z,,,,,,https://lightscreen.ai,B2B,Early,2,No,0,,,0,,,,
afternoon-co,Afternoon.co,Fall 2024,Yes,2000000,,2025-07-24,,2,Company website,https://www.afternoon.co/blog/pre-seed-announcement,Afternoon.co Raises $2M to Reimagine the Back Office Stack for Founders | Afternoon Blog,,,,,,,,,High,No matching post-YC Form D found.,2026-09-30T20:08:31Z,2025-07-24,2000000,Company website,2000000,Yes,https://afternoon.co,B2B,Early,4,No,0,,,0,0,0,,
rulebase,Rulebase,Fall 2024,Yes,2100000,,,,2,Company website,https://blog.rulebase.co/,Announcing our $2.1M funding round.,,,,,,,,,High,Round date not stated on the source page; assumed post-YC because it is presented as current news. No matching post-YC Form D found.,2026-09-30T20:08:21Z,2025-09-21,2100000,https://blog.rulebase.co/ (date printed near the quote),2100000,Yes,https://rulebase.co,B2B,Early,4,Yes,2,,,2,0,0,https://rulebase.co/careers,Member of Technical Staff; Founding GTM Lead
healthspark,HealthSpark,Fall 2024,No evidence found,,,,,,,,,,,,,,,,,,Checked: no post-YC Form D matching the founders; no funding statement on website (2 pages) or YC page. LinkedIn/X/Crunchbase need a logged-in browser.,2026-09-30T20:09:15Z,,,,,,https://www.joinhealthspark.com,Healthcare,Early,1,No,0,,,0,,,,
openbenchmarks,Openbenchmarks,Fall 2024,No evidence found,,,,,,,,,,,,,,,,,,Checked: no post-YC Form D matching the founders; no funding statement on website (8 pages) or YC page. LinkedIn/X/Crunchbase need a logged-in browser.,2026-09-30T20:08:35Z,,,,,,https://openbenchmarks.com,B2B,Early,4,Yes,0,,,0,,,,
darkgrade,Darkgrade,Fall 2024,No evidence found,,,,,,,,,,,,,,,,,,Checked: no post-YC Form D matching the founders; no funding statement on website (1 pages) or YC page. LinkedIn/X/Crunchbase need a logged-in browser.,2026-09-30T20:08:13Z,,,,,,https://darkgrade.com,B2B,Early,1,No,0,,,0,,,,
getcho,Getcho,Fall 2024,No evidence found,,,,,,,,,,,,,,,,,,Checked: no post-YC Form D matching the founders; no funding statement on website (1 pages) or YC page. LinkedIn/X/Crunchbase need a logged-in browser.,2026-09-30T20:08:15Z,,,,,,https://getcho.app/,B2B,Early,3,No,0,,,0,,,,
candle,Candle,Fall 2024,No evidence found,,,,,,,,,,,,,,,,,,Checked: no post-YC Form D matching the founders; no funding statement on website (3 pages) or YC page. LinkedIn/X/Crunchbase need a logged-in browser.,2026-09-30T20:08:17Z,,,,,,https://www.trycandle.app/,Consumer,Early,2,Yes,0,,,0,,,,
moonset-health,Moonset Health,Fall 2024,No evidence found,,,,,,,,,,,,,,,,,,Checked: no post-YC Form D matching the founders; no funding statement on website (3 pages) or YC page. LinkedIn/X/Crunchbase need a logged-in browser.,2026-09-30T20:08:16Z,,,,,,https://www.moonsethealth.com/,B2B,Early,6,Yes,0,,,0,,,,
durate,Durate,Fall 2024,No evidence found,,,,,,,,,,,,,,,,,,Checked: no post-YC Form D matching the founders; no funding statement on website (4 pages) or YC page. LinkedIn/X/Crunchbase need a logged-in browser.,2026-09-30T20:08:18Z,,,,,,https://www.durate.com/,Healthcare,Early,2,No,0,,,0,,,,
crouton,Crouton,Fall 2024,No evidence found,,,,,,,,,,,,,,,,,,Checked: no post-YC Form D matching the founders; no funding statement on website (3 pages) or YC page. LinkedIn/X/Crunchbase need a logged-in browser.,2026-09-30T20:08:19Z,,,,,,https://usecrouton.com,B2B,Early,4,No,0,,,0,,,,
streamable,Streamable,Fall 2024,No evidence found,,,,,,,,,,,,,,,,,,Checked: no post-YC Form D matching the founders; no funding statement on website (2 pages) or YC page. LinkedIn/X/Crunchbase need a logged-in browser.,2026-09-30T20:08:21Z,,,,,,https://streamable.run,Consumer,Early,4,Yes,0,,,0,,,,
symphony,Symphony,Fall 2024,No evidence found,,,,,,,,,,,,,,,,,,Checked: no post-YC Form D matching the founders; no funding statement on website (2 pages) or YC page. LinkedIn/X/Crunchbase need a logged-in browser.,2026-09-30T20:08:55Z,,,,,,https://getsymphony.co,B2B,Early,5,No,0,,,0,,,,
telli,telli,Fall 2024,Yes,15000000,Seed,,,2,Company website,https://www.telli.com/articles/telli-raises-seed-round-to-build-ai-customer-operations,"Today, we are announcing our $15M seed round led by redalpine with participation from strategic investors, Mutschler, and key angels like Marc Bitzer (CEO",,,,,,,,,High,Round date not stated on the source page; assumed post-YC because it is presented as current news. No matching post-YC Form D found.,2026-09-30T20:08:38Z,,,,15000000,Yes,https://telli.com,B2B,Early,25,Yes,21,ashby,21,21,7,1,https://www.telli.com/careers,"Engineering, All; Product Designer; Workplace and People Operations Manager; Internship - GTM; Business Development Representative; Deployment Strategist; Success Engineer; Internship - Success Architect; Internship - Deployment Strategist; Founding GTM Lead - UK"
avora,Avora,Fall 2024,Yes,2300000,,,,2,Company website,https://getavora.ai/careers,"We’ve raised $2.3M from CRV, Y Combinator, and healthcare industry leaders..",,,,,,,,,High,Round date not stated on the source page; assumed post-YC because it is presented as current news. No matching post-YC Form D found.,2026-09-30T20:08:27Z,,,,2300000,Yes,https://www.getavora.ai,Healthcare,Early,4,Yes,3,,,3,0,0,https://getavora.ai/careers,Founding Product Engineer; Founding Customer Experience Lead; Founding Growth Lead
galini,Galini,Fall 2024,No evidence found,,,,,,,,,,,,,,,,,,Checked: no post-YC Form D matching the founders; no funding statement on website (10 pages) or YC page. LinkedIn/X/Crunchbase need a logged-in browser.,2026-09-30T20:08:25Z,,,,,,https://www.galini.ai/,B2B,Early,2,No,0,,,0,,,,
riveter,Riveter,Fall 2024,No evidence found,,,,,,,,,,,,,,,,,,Checked: no post-YC Form D matching the founders; no funding statement on website (4 pages) or YC page. LinkedIn/X/Crunchbase need a logged-in browser.,2026-09-30T20:08:25Z,,,,,,https://www.riveterhq.com/,B2B,Early,2,No,0,,,0,,,,
fixa,fixa,Fall 2024,No evidence found,,,,,,,,,,,,,,,,,,Checked: no post-YC Form D matching the founders; no funding statement on website (2 pages) or YC page. LinkedIn/X/Crunchbase need a logged-in browser.,2026-09-30T20:08:32Z,,,,,,https://www.fixa.dev,B2B,Early,2,No,0,,,0,,,,
variant,Variant,Fall 2024,No evidence found,,,,,,,,,,,,,,,,,,Checked: no post-YC Form D matching the founders; no funding statement on website (10 pages) or YC page. LinkedIn/X/Crunchbase need a logged-in browser.,2026-09-30T20:08:34Z,,,,,,https://variant.com,B2B,Early,5,Yes,0,,,0,,,,
gander,Gander,Fall 2024,No evidence found,,,,,,,,,,,,,,,,,,Checked: no post-YC Form D matching the founders; no funding statement on website (0 pages) or YC page. LinkedIn/X/Crunchbase need a logged-in browser.,2026-09-30T20:08:28Z,,,,,,https://usegander.com,B2B,Early,7,No,0,,,0,,,,
curo,Curo,Fall 2024,No evidence found,,,,,,,,,,,,,,,,,,Checked: no post-YC Form D matching the founders; no funding statement on website (1 pages) or YC page. LinkedIn/X/Crunchbase need a logged-in browser.,2026-09-30T20:08:31Z,,,,,,https://www.curocharging.com/,Industrials,Early,10,No,0,,,0,,,,
supercontrast,supercontrast,Fall 2024,No evidence found,,,,,,,,,,,,,,,,,,Checked: no post-YC Form D matching the founders; no funding statement on website (0 pages) or YC page. LinkedIn/X/Crunchbase need a logged-in browser.,2026-09-30T20:08:31Z,,,,,,https://supercontrast.com/,B2B,Early,2,No,0,,,0,,,,
gait,Gait,Fall 2024,No evidence found,,,,,,,,,,,,,,,,,,Checked: no post-YC Form D matching the founders; no funding statement on website (0 pages) or YC page. LinkedIn/X/Crunchbase need a logged-in browser.,2026-09-30T20:08:33Z,,,,,,https://getgait.com,B2B,Early,2,No,0,,,0,,,,
zeroframe,Zeroframe,Fall 2024,No evidence found,,,,,,,,,,,,,,,,,,Checked: no post-YC Form D matching the founders; no funding statement on website (0 pages) or YC page. LinkedIn/X/Crunchbase need a logged-in browser.,2026-09-30T20:08:35Z,,,,,,https://zeroframe.ai,B2B,Early,2,No,0,,,0,,,,
