company_id,company,batch,raised_post_yc,post_yc_amount_usd,round_type,round_date,lead_investors,source_tier,source_type,source_url,source_quote,sec_cik,sec_accession,sec_total_amount_sold,sec_total_offering_amount,sec_date_first_sale,sec_security_type,sec_investor_count,legal_name,confidence,notes,checked_at
opentag,OpenTag,Summer 2026,No evidence found,,,,,,,,,,,,,,,,,,Checked: no post-YC Form D matching the founders; no funding statement on website (5 pages) or YC page. LinkedIn/X/Crunchbase need a logged-in browser.,2026-09-30T19:47:46Z
conifer,Conifer,Summer 2026,No evidence found,,,,,,,,,,,,,,,,,,Checked: no post-YC Form D matching the founders; no funding statement on website (2 pages) or YC page. LinkedIn/X/Crunchbase need a logged-in browser.,2026-09-30T19:47:35Z
experiential-labs,Experiential Labs,Summer 2026,No evidence found,,,,,,,,,,,,,,,,,,Checked: no post-YC Form D matching the founders; no funding statement on website (3 pages) or YC page. LinkedIn/X/Crunchbase need a logged-in browser.,2026-09-30T19:47:50Z
edviro,Edviro,Summer 2026,No evidence found,,,,,,,,,,,,,,,,,,Checked: no post-YC Form D matching the founders; no funding statement on website (2 pages) or YC page. LinkedIn/X/Crunchbase need a logged-in browser.,2026-09-30T19:47:35Z
coarena,CoArena,Summer 2026,No evidence found,,,,,,,,,,,,,,,,,,Checked: no post-YC Form D matching the founders; no funding statement on website (3 pages) or YC page. LinkedIn/X/Crunchbase need a logged-in browser.,2026-09-30T19:47:39Z
caution,Caution,Summer 2026,No evidence found,,,,,,,,,,,,,,,,,,Checked: no post-YC Form D matching the founders; no funding statement on website (2 pages) or YC page. LinkedIn/X/Crunchbase need a logged-in browser. National register for KY not checked.,2026-09-30T19:47:37Z
magma,Magma,Summer 2026,No evidence found,,,,,,,,,,,,,,,,,,Checked: no post-YC Form D matching the founders; no funding statement on website (2 pages) or YC page. LinkedIn/X/Crunchbase need a logged-in browser.,2026-09-30T19:47:37Z
atomarine,Atomarine,Summer 2026,No evidence found,,,,,,,,,,,,,,,,,,Checked: no post-YC Form D matching the founders; no funding statement on website (1 pages) or YC page. LinkedIn/X/Crunchbase need a logged-in browser.,2026-09-30T19:47:37Z
billow-ai-labs,Billow AI Labs,Summer 2026,No evidence found,,,,,,,,,,,,,,,,,,Checked: no post-YC Form D matching the founders; no funding statement on website (4 pages) or YC page. LinkedIn/X/Crunchbase need a logged-in browser.,2026-09-30T19:47:57Z
hardware-intelligence,hardware intelligence,Summer 2026,No evidence found,,,,,,,,,,,,,,,,,,Checked: no post-YC Form D matching the founders; no funding statement on website (1 pages) or YC page. LinkedIn/X/Crunchbase need a logged-in browser.,2026-09-30T19:47:38Z
osseus,Osseus,Summer 2026,No evidence found,,,,,,,,,,,,,,,,,,Checked: no post-YC Form D matching the founders; no funding statement on website (1 pages) or YC page. LinkedIn/X/Crunchbase need a logged-in browser.,2026-09-30T19:47:42Z
allia-health,Allia Health,Summer 2026,No evidence found,,,,,,,,,,,,,,,,,,Checked: no post-YC Form D matching the founders; no funding statement on website (3 pages) or YC page. LinkedIn/X/Crunchbase need a logged-in browser.,2026-09-30T19:47:39Z
salem-robotics-inc,Salem Robotics Inc,Summer 2026,Yes,1819500,SAFE (per Form D; stage not stated),2026-05-13,,1,SEC Form D,https://www.sec.gov/Archives/edgar/data/2134746/000213474626000002/primary_doc.xml,totalAmountSold: 1819500; totalOfferingAmount: 5100000; dateOfFirstSale: 2026-05-13,0002134746,0002134746-26-000002,1819500,5100000,2026-05-13,Other; Other: Simple Agreement for Future Equity,5,"Salem Robotics, Inc.",High,"First sale is close to batch start, so the Form D total may include YC's $500K.",2026-09-30T19:47:42Z
robocurve,Robocurve,Summer 2026,Yes,10000000,,,,2,Company website,https://robocurve.org,Robocurve raises $10M to independently evaluate frontier AI in the physical world RoboHarm: Do Frontier Robot Policies Refuse Unsafe Instructions?,,,,,,,,,High,Round date not stated on the source page; assumed post-YC because it is presented as current news. No matching post-YC Form D found.,2026-09-30T19:47:42Z
hiloop,hiloop,Summer 2026,No evidence found,,,,,,,,,,,,,,,,,,Checked: no post-YC Form D matching the founders; no funding statement on website (4 pages) or YC page. LinkedIn/X/Crunchbase need a logged-in browser.,2026-09-30T19:47:43Z
cuebench,CueBench,Summer 2026,No evidence found,,,,,,,,,,,,,,,,,,Checked: no post-YC Form D matching the founders; no funding statement on website (2 pages) or YC page. LinkedIn/X/Crunchbase need a logged-in browser.,2026-09-30T19:47:41Z
dawn-industries,Dawn Industries,Summer 2026,No evidence found,,,,,,,,,,,,,,,,,,Checked: no post-YC Form D matching the founders; no funding statement on website (5 pages) or YC page. LinkedIn/X/Crunchbase need a logged-in browser.,2026-09-30T19:47:44Z
nex,Nex,Summer 2026,No evidence found,,,,,,,,,,,,,,,,,,Checked: no post-YC Form D matching the founders; no funding statement on website (2 pages) or YC page. LinkedIn/X/Crunchbase need a logged-in browser.,2026-09-30T19:47:42Z
onecli,OneCLI,Summer 2026,No evidence found,,,,,,,,,,,,,,,,,,Checked: no post-YC Form D matching the founders; no funding statement on website (2 pages) or YC page. LinkedIn/X/Crunchbase need a logged-in browser.,2026-09-30T19:47:44Z
vernius-systems-inc,"Vernius Systems, Inc.",Summer 2026,No evidence found,,,,,,,,,,,,,,,,,,Checked: no post-YC Form D matching the founders; no funding statement on website (1 pages) or YC page. LinkedIn/X/Crunchbase need a logged-in browser.,2026-09-30T19:47:44Z
wondering,Wondering,Summer 2026,No evidence found,,,,,,,,,,,,,,,,,,Checked: no post-YC Form D matching the founders; no funding statement on website (10 pages) or YC page. LinkedIn/X/Crunchbase need a logged-in browser.,2026-09-30T19:47:45Z
tracer,Tracer,Summer 2026,No evidence found,,,,,,,,,,,,,,,,,,Checked: no post-YC Form D matching the founders; no funding statement on website (3 pages) or YC page. LinkedIn/X/Crunchbase need a logged-in browser.,2026-09-30T19:47:46Z
avoca-systems,Avoca Systems,Summer 2026,No evidence found,,,,,,,,,,,,,,,,,,Checked: no post-YC Form D matching the founders; no funding statement on website (1 pages) or YC page. LinkedIn/X/Crunchbase need a logged-in browser.,2026-09-30T19:48:31Z
subvysion,SubVysion,Summer 2026,No evidence found,,,,,,,,,0002123212,,,,,,,"SubVysion, Inc.",,pre yc Form D 0002123212-26-000001: sold 355000 first sale 2026-02-27 Checked: no post-YC Form D matching the founders; no funding statement on website (1 pages) or YC page. LinkedIn/X/Crunchbase need a logged-in browser.,2026-09-30T19:47:46Z
ethos-space-resources,Ethos Space Resources,Summer 2026,No evidence found,,,,,,,,,,,,,,,,,,Checked: no post-YC Form D matching the founders; no funding statement on website (3 pages) or YC page. LinkedIn/X/Crunchbase need a logged-in browser.,2026-09-30T19:47:58Z
spaceflow-technologies-inc,"SpaceFlow Technologies, Inc.",Summer 2026,Unclear,,,,,5,"Tracxn (lead only, from input)",,,,,,,,,,,Low,"Tracxn lead total $1,000,000; not confirmed by a higher-tier source. Checked: no post-YC Form D matching the founders; no funding statement on website (2 pages) or YC page. LinkedIn/X/Crunchbase need a logged-in browser.",2026-09-30T19:47:48Z
petrarch,Petrarch,Summer 2026,No evidence found,,,,,,,,,,,,,,,,,,Checked: no post-YC Form D matching the founders; no funding statement on website (10 pages) or YC page. LinkedIn/X/Crunchbase need a logged-in browser.,2026-09-30T19:47:48Z
locke,Locke,Summer 2026,No evidence found,,,,,,,,,,,,,,,,,,Checked: no post-YC Form D matching the founders; no funding statement on website (2 pages) or YC page. LinkedIn/X/Crunchbase need a logged-in browser.,2026-09-30T19:47:50Z
florin,Florin,Summer 2026,No evidence found,,,,,,,,,,,,,,,,,,Checked: no post-YC Form D matching the founders; no funding statement on website (1 pages) or YC page. LinkedIn/X/Crunchbase need a logged-in browser.,2026-09-30T19:48:09Z
earendil-robotics,Earendil Robotics,Summer 2026,No evidence found,,,,,,,,,,,,,,,,,,Checked: no post-YC Form D matching the founders; no funding statement on website (2 pages) or YC page. LinkedIn/X/Crunchbase need a logged-in browser.,2026-09-30T19:47:49Z
hebbian-robotics,Hebbian Robotics,Summer 2026,No evidence found,,,,,,,,,,,,,,,,,,Checked: no post-YC Form D matching the founders; no funding statement on website (2 pages) or YC page. LinkedIn/X/Crunchbase need a logged-in browser.,2026-09-30T19:47:50Z
princeps,PRINCEPS,Summer 2026,No evidence found,,,,,,,,,,,,,,,,,,Checked: no post-YC Form D matching the founders; no funding statement on website (2 pages) or YC page. LinkedIn/X/Crunchbase need a logged-in browser.,2026-09-30T19:49:26Z
hop-aero,Hop Aero,Summer 2026,No evidence found,,,,,,,,,,,,,,,,,,Checked: no post-YC Form D matching the founders; no funding statement on website (1 pages) or YC page. LinkedIn/X/Crunchbase need a logged-in browser.,2026-09-30T19:47:52Z
openrelay,OpenRelay,Summer 2026,No evidence found,,,,,,,,,,,,,,,,,,Checked: no post-YC Form D matching the founders; no funding statement on website (8 pages) or YC page. LinkedIn/X/Crunchbase need a logged-in browser.,2026-09-30T19:47:56Z
dock,Dock,Summer 2026,No evidence found,,,,,,,,,,,,,,,,,,Checked: no post-YC Form D matching the founders; no funding statement on website (5 pages) or YC page. LinkedIn/X/Crunchbase need a logged-in browser.,2026-09-30T19:47:52Z
verdict-machine,Verdict Machine,Summer 2026,No evidence found,,,,,,,,,,,,,,,,,,Checked: no post-YC Form D matching the founders; no funding statement on website (10 pages) or YC page. LinkedIn/X/Crunchbase need a logged-in browser. National register for IL not checked.,2026-09-30T19:47:54Z
tovenai,TovenAI,Summer 2026,No evidence found,,,,,,,,,,,,,,,,,,Checked: no post-YC Form D matching the founders; no funding statement on website (1 pages) or YC page. LinkedIn/X/Crunchbase need a logged-in browser.,2026-09-30T19:47:56Z
hyperprobe,HyperProbe,Summer 2026,No evidence found,,,,,,,,,,,,,,,,,,Checked: no post-YC Form D matching the founders; no funding statement on website (1 pages) or YC page. LinkedIn/X/Crunchbase need a logged-in browser.,2026-09-30T19:48:37Z
grip,Grip,Summer 2026,No evidence found,,,,,,,,,,,,,,,,,,Checked: no post-YC Form D matching the founders; no funding statement on website (1 pages) or YC page. LinkedIn/X/Crunchbase need a logged-in browser. National register for CH not checked.,2026-09-30T19:47:55Z
skymerse,Skymerse,Summer 2026,No evidence found,,,,,,,,,,,,,,,,,,Checked: no post-YC Form D matching the founders; no funding statement on website (3 pages) or YC page. LinkedIn/X/Crunchbase need a logged-in browser.,2026-09-30T19:48:01Z
hubble-ai,Hubble,Summer 2026,No evidence found,,,,,,,,,,,,,,,,,,Checked: no post-YC Form D matching the founders; no funding statement on website (4 pages) or YC page. LinkedIn/X/Crunchbase need a logged-in browser.,2026-09-30T19:47:57Z
palisade,Palisade,Summer 2026,No evidence found,,,,,,,,,,,,,,,,,,Checked: no post-YC Form D matching the founders; no funding statement on website (1 pages) or YC page. LinkedIn/X/Crunchbase need a logged-in browser.,2026-09-30T19:48:01Z
83-sciences,83 Sciences,Summer 2026,No evidence found,,,,,,,,,,,,,,,,,,Checked: no post-YC Form D matching the founders; no funding statement on website (2 pages) or YC page. LinkedIn/X/Crunchbase need a logged-in browser.,2026-09-30T19:47:59Z
chromie,Chromie,Summer 2026,No evidence found,,,,,,,,,,,,,,,,,,Checked: no post-YC Form D matching the founders; no funding statement on website (3 pages) or YC page. LinkedIn/X/Crunchbase need a logged-in browser.,2026-09-30T19:48:08Z
lamb-labs,Lamb Labs,Summer 2026,No evidence found,,,,,,,,,,,,,,,,,,Checked: no post-YC Form D matching the founders; no funding statement on website (1 pages) or YC page. LinkedIn/X/Crunchbase need a logged-in browser.,2026-09-30T19:48:01Z
shiraz-ai,Shiraz AI,Summer 2026,No evidence found,,,,,,,,,,,,,,,,,,Checked: no post-YC Form D matching the founders; no funding statement on website (2 pages) or YC page. LinkedIn/X/Crunchbase need a logged-in browser.,2026-09-30T19:48:02Z
mireye,Mireye,Summer 2026,Yes,1009995,Equity (per Form D; stage not stated),2026-09-15,,1,SEC Form D,https://www.sec.gov/Archives/edgar/data/2157072/000215707226000001/primary_doc.xml,totalAmountSold: 1009995; totalOfferingAmount: 3259994; dateOfFirstSale: 2026-09-15,0002157072,0002157072-26-000001,1009995,3259994,2026-09-15,Equity,15,Mireye Inc.,High,,2026-09-30T19:48:33Z
touchy,Touchy,Summer 2026,No evidence found,,,,,,,,,,,,,,,,,,Checked: no post-YC Form D matching the founders; no funding statement on website (10 pages) or YC page. LinkedIn/X/Crunchbase need a logged-in browser.,2026-09-30T19:48:02Z
derya,Derya,Summer 2026,No evidence found,,,,,,,,,,,,,,,,,,Checked: no post-YC Form D matching the founders; no funding statement on website (1 pages) or YC page. LinkedIn/X/Crunchbase need a logged-in browser.,2026-09-30T19:48:05Z
pennant,Pennant,Summer 2026,No evidence found,,,,,,,,,,,,,,,,,,Checked: no post-YC Form D matching the founders; no funding statement on website (2 pages) or YC page. LinkedIn/X/Crunchbase need a logged-in browser.,2026-09-30T19:48:06Z
decawork,Decawork,Summer 2026,No evidence found,,,,,,,,,,,,,,,,,,Checked: no post-YC Form D matching the founders; no funding statement on website (3 pages) or YC page. LinkedIn/X/Crunchbase need a logged-in browser.,2026-09-30T19:48:05Z
carsignal,CarSignal,Summer 2026,No evidence found,,,,,,,,,,,,,,,,,,Checked: no post-YC Form D matching the founders; no funding statement on website (1 pages) or YC page. LinkedIn/X/Crunchbase need a logged-in browser.,2026-09-30T19:48:28Z
axelrod,Axelrod,Summer 2026,No evidence found,,,,,,,,,,,,,,,,,,Checked: no post-YC Form D matching the founders; no funding statement on website (1 pages) or YC page. LinkedIn/X/Crunchbase need a logged-in browser.,2026-09-30T19:48:06Z
levocred-ai,Levocred AI,Summer 2026,No evidence found,,,,,,,,,,,,,,,,,,Checked: no post-YC Form D matching the founders; no funding statement on website (1 pages) or YC page. LinkedIn/X/Crunchbase need a logged-in browser.,2026-09-30T19:48:50Z
praxis-robotics,Praxis Robotics,Summer 2026,No evidence found,,,,,,,,,,,,,,,,,,Checked: no post-YC Form D matching the founders; no funding statement on website (1 pages) or YC page. LinkedIn/X/Crunchbase need a logged-in browser.,2026-09-30T19:48:10Z
care-gp,Care GP,Summer 2026,No evidence found,,,,,,,,,,,,,,,,,,Checked: no post-YC Form D matching the founders; no funding statement on website (1 pages) or YC page. LinkedIn/X/Crunchbase need a logged-in browser. National register for AU not checked.,2026-09-30T19:48:14Z
radley,Radley,Summer 2026,No evidence found,,,,,,,,,,,,,,,,,,Checked: no post-YC Form D matching the founders; no funding statement on website (10 pages) or YC page. LinkedIn/X/Crunchbase need a logged-in browser.,2026-09-30T19:48:09Z
agnost-ai,Agnost AI,Summer 2026,No evidence found,,,,,,,,,,,,,,,,,,Checked: no post-YC Form D matching the founders; no funding statement on website (2 pages) or YC page. LinkedIn/X/Crunchbase need a logged-in browser.,2026-09-30T19:48:11Z
agentcard,Agentcard,Summer 2026,No evidence found,,,,,,,,,,,,,,,,,,Checked: no post-YC Form D matching the founders; no funding statement on website (7 pages) or YC page. LinkedIn/X/Crunchbase need a logged-in browser.,2026-09-30T19:48:16Z
provenmetal,ProvenMetal,Summer 2026,No evidence found,,,,,,,,,,,,,,,,,,Checked: no post-YC Form D matching the founders; no funding statement on website (4 pages) or YC page. LinkedIn/X/Crunchbase need a logged-in browser.,2026-09-30T19:48:12Z
gamgee,Gamgee,Summer 2026,No evidence found,,,,,,,,,,,,,,,,,,Checked: no post-YC Form D matching the founders; no funding statement on website (1 pages) or YC page. LinkedIn/X/Crunchbase need a logged-in browser.,2026-09-30T19:48:18Z
inkbox,Inkbox,Summer 2026,No evidence found,,,,,,,,,,,,,,,,,,Checked: no post-YC Form D matching the founders; no funding statement on website (3 pages) or YC page. LinkedIn/X/Crunchbase need a logged-in browser.,2026-09-30T19:48:15Z
cosmic-robotics,Cosmic Robotics,Summer 2026,Unclear,,,,,5,"Tracxn (lead only, from input)",,,,,,,,,,,Low,"Tracxn lead total $4,350,000; not confirmed by a higher-tier source. Checked: no post-YC Form D matching the founders; no funding statement on website (2 pages) or YC page. LinkedIn/X/Crunchbase need a logged-in browser.",2026-09-30T19:48:14Z
markov,Markov,Summer 2026,No evidence found,,,,,,,,,,,,,,,,,,Checked: no post-YC Form D matching the founders; no funding statement on website (2 pages) or YC page. LinkedIn/X/Crunchbase need a logged-in browser.,2026-09-30T19:48:16Z
familiar,Familiar,Summer 2026,No evidence found,,,,,,,,,,,,,,,,,,Checked: no post-YC Form D matching the founders; no funding statement on website (2 pages) or YC page. LinkedIn/X/Crunchbase need a logged-in browser. National register for CA not checked.,2026-09-30T19:48:21Z
lumeria,Lumeria,Summer 2026,No evidence found,,,,,,,,,,,,,,,,,,Checked: no post-YC Form D matching the founders; no funding statement on website (6 pages) or YC page. LinkedIn/X/Crunchbase need a logged-in browser.,2026-09-30T19:48:39Z
marengo,Marengo,Summer 2026,No evidence found,,,,,,,,,,,,,,,,,,Checked: no post-YC Form D matching the founders; no funding statement on website (1 pages) or YC page. LinkedIn/X/Crunchbase need a logged-in browser.,2026-09-30T19:48:19Z
ronanrx-inc,RonanRx Inc.,Summer 2026,No evidence found,,,,,,,,,,,,,,,,,,Checked: no post-YC Form D matching the founders; no funding statement on website (3 pages) or YC page. LinkedIn/X/Crunchbase need a logged-in browser.,2026-09-30T19:48:21Z
waybill,Waybill,Summer 2026,No evidence found,,,,,,,,,,,,,,,,,,Checked: no post-YC Form D matching the founders; no funding statement on website (1 pages) or YC page. LinkedIn/X/Crunchbase need a logged-in browser. National register for IN not checked.,2026-09-30T19:48:25Z
executor,Executor,Summer 2026,No evidence found,,,,,,,,,,,,,,,,,,Checked: no post-YC Form D matching the founders; no funding statement on website (10 pages) or YC page. LinkedIn/X/Crunchbase need a logged-in browser.,2026-09-30T19:48:27Z
last-accounting-company,Last Accounting Company,Summer 2026,No evidence found,,,,,,,,,,,,,,,,,,Checked: no post-YC Form D matching the founders; no funding statement on website (2 pages) or YC page. LinkedIn/X/Crunchbase need a logged-in browser. National register for FI not checked.,2026-09-30T19:48:22Z
pacific,Pacific,Summer 2026,No evidence found,,,,,,,,,,,,,,,,,,Checked: no post-YC Form D matching the founders; no funding statement on website (4 pages) or YC page. LinkedIn/X/Crunchbase need a logged-in browser.,2026-09-30T19:48:51Z
luca-iq,Luca IQ,Summer 2026,No evidence found,,,,,,,,,,,,,,,,,,Checked: no post-YC Form D matching the founders; no funding statement on website (10 pages) or YC page. LinkedIn/X/Crunchbase need a logged-in browser.,2026-09-30T19:48:26Z
financial-datasets,Financial Datasets,Summer 2026,No evidence found,,,,,,,,,,,,,,,,,,Checked: no post-YC Form D matching the founders; no funding statement on website (1 pages) or YC page. LinkedIn/X/Crunchbase need a logged-in browser.,2026-09-30T19:48:29Z
trynearby,TryNearby,Summer 2026,No evidence found,,,,,,,,,,,,,,,,,,Checked: no post-YC Form D matching the founders; no funding statement on website (10 pages) or YC page. LinkedIn/X/Crunchbase need a logged-in browser.,2026-09-30T19:48:28Z
computable,Computable,Summer 2026,No evidence found,,,,,,,,,,,,,,,,,,Checked: no post-YC Form D matching the founders; no funding statement on website (0 pages) or YC page. LinkedIn/X/Crunchbase need a logged-in browser.,2026-09-30T19:49:03Z
denta,Denta,Summer 2026,No evidence found,,,,,,,,,,,,,,,,,,Checked: no post-YC Form D matching the founders; no funding statement on website (0 pages) or YC page. LinkedIn/X/Crunchbase need a logged-in browser.,2026-09-30T19:49:34Z
isengard-industries-inc,Isengard Industries Inc,Summer 2026,No evidence found,,,,,,,,,,,,,,,,,,Checked: no post-YC Form D matching the founders; no funding statement on website (1 pages) or YC page. LinkedIn/X/Crunchbase need a logged-in browser.,2026-09-30T19:48:34Z
ekho-labs,Ekho Labs,Summer 2026,No evidence found,,,,,,,,,,,,,,,,,,Checked: no post-YC Form D matching the founders; no funding statement on website (10 pages) or YC page. LinkedIn/X/Crunchbase need a logged-in browser.,2026-09-30T19:48:31Z
moving-atoms,Moving Atoms,Summer 2026,No evidence found,,,,,,,,,,,,,,,,,,Checked: no post-YC Form D matching the founders; no funding statement on website (6 pages) or YC page. LinkedIn/X/Crunchbase need a logged-in browser.,2026-09-30T19:48:37Z
vestris,Vestris,Summer 2026,No evidence found,,,,,,,,,,,,,,,,,,Checked: no post-YC Form D matching the founders; no funding statement on website (1 pages) or YC page. LinkedIn/X/Crunchbase need a logged-in browser.,2026-09-30T19:48:32Z
ultrasonium,Ultrasonium,Summer 2026,No evidence found,,,,,,,,,,,,,,,,,,Checked: no post-YC Form D matching the founders; no funding statement on website (2 pages) or YC page. LinkedIn/X/Crunchbase need a logged-in browser.,2026-09-30T19:48:37Z
arbital,Arbital,Summer 2026,No evidence found,,,,,,,,,,,,,,,,,,Checked: no post-YC Form D matching the founders; no funding statement on website (2 pages) or YC page. LinkedIn/X/Crunchbase need a logged-in browser.,2026-09-30T19:48:39Z
pokerclubhub,PokerClubHub,Summer 2026,No evidence found,,,,,,,,,,,,,,,,,,Checked: no post-YC Form D matching the founders; no funding statement on website (1 pages) or YC page. LinkedIn/X/Crunchbase need a logged-in browser. National register for CR not checked.,2026-09-30T19:48:43Z
neuron-industries,Neuron Industries,Summer 2026,No evidence found,,,,,,,,,,,,,,,,,,Checked: no post-YC Form D matching the founders; no funding statement on website (1 pages) or YC page. LinkedIn/X/Crunchbase need a logged-in browser.,2026-09-30T19:48:37Z
neuromorphic,Neuromorphic,Summer 2026,No evidence found,,,,,,,,,,,,,,,,,,Checked: no post-YC Form D matching the founders; no funding statement on website (2 pages) or YC page. LinkedIn/X/Crunchbase need a logged-in browser.,2026-09-30T19:48:38Z
lato,LATO,Summer 2026,No evidence found,,,,,,,,,,,,,,,,,,Checked: no post-YC Form D matching the founders; no funding statement on website (2 pages) or YC page. LinkedIn/X/Crunchbase need a logged-in browser.,2026-09-30T19:48:38Z
risklytics,Risklytics,Summer 2026,No evidence found,,,,,,,,,,,,,,,,,,Checked: no post-YC Form D matching the founders; no funding statement on website (6 pages) or YC page. LinkedIn/X/Crunchbase need a logged-in browser.,2026-09-30T19:48:47Z
daqstra,Daqstra,Summer 2026,No evidence found,,,,,,,,,,,,,,,,,,Checked: no post-YC Form D matching the founders; no funding statement on website (3 pages) or YC page. LinkedIn/X/Crunchbase need a logged-in browser.,2026-09-30T19:48:42Z
tenor,Tenor,Summer 2026,No evidence found,,,,,,,,,,,,,,,,,,Checked: no post-YC Form D matching the founders; no funding statement on website (3 pages) or YC page. LinkedIn/X/Crunchbase need a logged-in browser.,2026-09-30T19:48:42Z
qlo,Qlo,Summer 2026,No evidence found,,,,,,,,,,,,,,,,,,Checked: no post-YC Form D matching the founders; no funding statement on website (3 pages) or YC page. LinkedIn/X/Crunchbase need a logged-in browser.,2026-09-30T19:48:42Z
fabraix,Fabraix,Summer 2026,No evidence found,,,,,,,,,,,,,,,,,,Checked: no post-YC Form D matching the founders; no funding statement on website (10 pages) or YC page. LinkedIn/X/Crunchbase need a logged-in browser.,2026-09-30T19:48:42Z
omanta,Omanta,Summer 2026,No evidence found,,,,,,,,,,,,,,,,,,Checked: no post-YC Form D matching the founders; no funding statement on website (1 pages) or YC page. LinkedIn/X/Crunchbase need a logged-in browser.,2026-09-30T19:48:43Z
rational,Rational,Summer 2026,No evidence found,,,,,,,,,,,,,,,,,,Checked: no post-YC Form D matching the founders; no funding statement on website (5 pages) or YC page. LinkedIn/X/Crunchbase need a logged-in browser.,2026-09-30T19:48:49Z
aktoria-robotics,Aktoria Robotics,Summer 2026,No evidence found,,,,,,,,,,,,,,,,,,Checked: no post-YC Form D matching the founders; no funding statement on website (2 pages) or YC page. LinkedIn/X/Crunchbase need a logged-in browser.,2026-09-30T19:48:43Z
vendo,Vendo,Summer 2026,No evidence found,,,,,,,,,,,,,,,,,,Checked: no post-YC Form D matching the founders; no funding statement on website (4 pages) or YC page. LinkedIn/X/Crunchbase need a logged-in browser.,2026-09-30T19:48:46Z
akon-labs,Akon Labs,Summer 2026,No evidence found,,,,,,,,,,,,,,,,,,Checked: no post-YC Form D matching the founders; no funding statement on website (2 pages) or YC page. LinkedIn/X/Crunchbase need a logged-in browser.,2026-09-30T19:49:01Z
click,Click,Summer 2026,No evidence found,,,,,,,,,,,,,,,,,,Checked: no post-YC Form D matching the founders; no funding statement on website (1 pages) or YC page. LinkedIn/X/Crunchbase need a logged-in browser.,2026-09-30T19:49:07Z
whitespace,Whitespace,Summer 2026,No evidence found,,,,,,,,,,,,,,,,,,Checked: no post-YC Form D matching the founders; no funding statement on website (1 pages) or YC page. LinkedIn/X/Crunchbase need a logged-in browser.,2026-09-30T19:49:01Z
almanac,Almanac,Summer 2026,No evidence found,,,,,,,,,,,,,,,,,,Checked: no post-YC Form D matching the founders; no funding statement on website (9 pages) or YC page. LinkedIn/X/Crunchbase need a logged-in browser.,2026-09-30T19:49:20Z
tarebio,TareBio,Summer 2026,No evidence found,,,,,,,,,,,,,,,,,,Checked: no post-YC Form D matching the founders; no funding statement on website (1 pages) or YC page. LinkedIn/X/Crunchbase need a logged-in browser.,2026-09-30T19:48:47Z
greypoint-industries,Greypoint Industries,Summer 2026,No evidence found,,,,,,,,,,,,,,,,,,Checked: no post-YC Form D matching the founders; no funding statement on website (10 pages) or YC page. LinkedIn/X/Crunchbase need a logged-in browser.,2026-09-30T19:48:51Z
hilstart,Hilstart,Summer 2026,Yes,1080000,SAFE (per Form D; stage not stated),2026-07-13,,1,SEC Form D,https://www.sec.gov/Archives/edgar/data/2147638/000214763826000001/primary_doc.xml,totalAmountSold: 1080000; totalOfferingAmount: 1500000; dateOfFirstSale: 2026-07-13,0002147638,0002147638-26-000001,1080000,1500000,2026-07-13,Other; Other: Simple Agreement for Future Equity,3,"HILstart, Inc.",High,"yc deal like Form D 0002147638-26-000002: sold 500000 first sale 2026-08-11 First sale is close to batch start, so the Form D total may include YC's $500K.",2026-09-30T19:48:50Z
aerogen-systems,Aerogen Systems,Summer 2026,No evidence found,,,,,,,,,,,,,,,,,,Checked: no post-YC Form D matching the founders; no funding statement on website (2 pages) or YC page. LinkedIn/X/Crunchbase need a logged-in browser.,2026-09-30T19:48:52Z
graphify-labs,Graphify Labs,Summer 2026,No evidence found,,,,,,,,,,,,,,,,,,Checked: no post-YC Form D matching the founders; no funding statement on website (6 pages) or YC page. LinkedIn/X/Crunchbase need a logged-in browser.,2026-09-30T19:48:55Z
ooak-data,Ooak Data,Summer 2026,No evidence found,,,,,,,,,,,,,,,,,,Checked: no post-YC Form D matching the founders; no funding statement on website (2 pages) or YC page. LinkedIn/X/Crunchbase need a logged-in browser.,2026-09-30T19:48:52Z
nori,Nori,Fall 2025,No evidence found,,,,,,,,,,,,,,,,,,Checked: no post-YC Form D matching the founders; no funding statement on website (4 pages) or YC page. LinkedIn/X/Crunchbase need a logged-in browser.,2026-09-30T19:48:56Z
6thsense,6thSense,Summer 2026,Unclear,,,,,5,"Tracxn (lead only, from input)",,,,,,,,,,,Low,"Tracxn lead total $658,115; not confirmed by a higher-tier source. Checked: no post-YC Form D matching the founders; no funding statement on website (10 pages) or YC page. LinkedIn/X/Crunchbase need a logged-in browser.",2026-09-30T19:48:54Z
bloomy,Bloomy,Summer 2026,No evidence found,,,,,,,,,,,,,,,,,,Checked: no post-YC Form D matching the founders; no funding statement on website (2 pages) or YC page. LinkedIn/X/Crunchbase need a logged-in browser.,2026-09-30T19:49:01Z
machine0,machine0,Summer 2026,No evidence found,,,,,,,,,,,,,,,,,,Checked: no post-YC Form D matching the founders; no funding statement on website (2 pages) or YC page. LinkedIn/X/Crunchbase need a logged-in browser.,2026-09-30T19:48:57Z
talentpluto,Pluto,Summer 2026,No evidence found,,,,,,,,,,,,,,,,,,Checked: no post-YC Form D matching the founders; no funding statement on website (1 pages) or YC page. LinkedIn/X/Crunchbase need a logged-in browser.,2026-09-30T19:48:56Z
flowmanual,FlowManual,Summer 2026,No evidence found,,,,,,,,,,,,,,,,,,Checked: no post-YC Form D matching the founders; no funding statement on website (10 pages) or YC page. LinkedIn/X/Crunchbase need a logged-in browser.,2026-09-30T19:49:03Z
elite,Elite,Summer 2026,No evidence found,,,,,,,,,,,,,,,,,,Checked: no post-YC Form D matching the founders; no funding statement on website (1 pages) or YC page. LinkedIn/X/Crunchbase need a logged-in browser.,2026-09-30T19:48:59Z
peer,Peer,Summer 2026,No evidence found,,,,,,,,,,,,,,,,,,Checked: no post-YC Form D matching the founders; no funding statement on website (1 pages) or YC page. LinkedIn/X/Crunchbase need a logged-in browser.,2026-09-30T19:49:42Z
molagri,Molagri,Summer 2026,No evidence found,,,,,,,,,,,,,,,,,,Checked: no post-YC Form D matching the founders; no funding statement on website (1 pages) or YC page. LinkedIn/X/Crunchbase need a logged-in browser. National register for CA not checked.,2026-09-30T19:49:00Z
cerenovus,Cerenovus,Summer 2026,No evidence found,,,,,,,,,,,,,,,,,,Checked: no post-YC Form D matching the founders; no funding statement on website (5 pages) or YC page. LinkedIn/X/Crunchbase need a logged-in browser.,2026-09-30T19:49:02Z
agency-tool-company,Agency Tool Company,Summer 2026,No evidence found,,,,,,,,,,,,,,,,,,Checked: no post-YC Form D matching the founders; no funding statement on website (4 pages) or YC page. LinkedIn/X/Crunchbase need a logged-in browser.,2026-09-30T19:49:06Z
standard-machines,Standard Machines,Summer 2026,No evidence found,,,,,,,,,,,,,,,,,,Checked: no post-YC Form D matching the founders; no funding statement on website (3 pages) or YC page. LinkedIn/X/Crunchbase need a logged-in browser.,2026-09-30T19:49:08Z
edotenv,EdotEnv,Summer 2026,No evidence found,,,,,,,,,,,,,,,,,,Checked: no post-YC Form D matching the founders; no funding statement on website (1 pages) or YC page. LinkedIn/X/Crunchbase need a logged-in browser.,2026-09-30T19:49:07Z
traceforce,Traceforce,Summer 2026,No evidence found,,,,,,,,,,,,,,,,,,Checked: no post-YC Form D matching the founders; no funding statement on website (1 pages) or YC page. LinkedIn/X/Crunchbase need a logged-in browser.,2026-09-30T19:49:05Z
tarifflo-inc,Tarifflo Inc.,Summer 2026,No evidence found,,,,,,,,,,,,,,,,,,Checked: no post-YC Form D matching the founders; no funding statement on website (2 pages) or YC page. LinkedIn/X/Crunchbase need a logged-in browser.,2026-09-30T19:49:06Z
callbook-ai,Callbook AI,Summer 2026,No evidence found,,,,,,,,,,,,,,,,,,Checked: no post-YC Form D matching the founders; no funding statement on website (3 pages) or YC page. LinkedIn/X/Crunchbase need a logged-in browser.,2026-09-30T19:49:15Z
alkera-ai,Alkera AI,Summer 2026,No evidence found,,,,,,,,,,,,,,,,,,Checked: no post-YC Form D matching the founders; no funding statement on website (1 pages) or YC page. LinkedIn/X/Crunchbase need a logged-in browser.,2026-09-30T19:49:16Z
rasyn,Rasyn,Summer 2026,No evidence found,,,,,,,,,,,,,,,,,,Checked: no post-YC Form D matching the founders; no funding statement on website (0 pages) or YC page. LinkedIn/X/Crunchbase need a logged-in browser.,2026-09-30T19:49:48Z
manifold-2,Manifold,Summer 2026,No evidence found,,,,,,,,,,,,,,,,,,Checked: no post-YC Form D matching the founders; no funding statement on website (1 pages) or YC page. LinkedIn/X/Crunchbase need a logged-in browser.,2026-09-30T19:49:09Z
screenpipe,screenpipe,Summer 2026,No evidence found,,,,,,,,,,,,,,,,,,Checked: no post-YC Form D matching the founders; no funding statement on website (9 pages) or YC page. LinkedIn/X/Crunchbase need a logged-in browser.,2026-09-30T19:49:43Z
spectre-intelligence,Spectre Intelligence,Summer 2026,No evidence found,,,,,,,,,,,,,,,,,,Checked: no post-YC Form D matching the founders; no funding statement on website (1 pages) or YC page. LinkedIn/X/Crunchbase need a logged-in browser.,2026-09-30T19:49:11Z
zaplar,Zaplar,Summer 2026,No evidence found,,,,,,,,,,,,,,,,,,Checked: no post-YC Form D matching the founders; no funding statement on website (4 pages) or YC page. LinkedIn/X/Crunchbase need a logged-in browser. National register for SE not checked.,2026-09-30T19:49:11Z
prodigy-research,Prodigy Research,Summer 2026,No evidence found,,,,,,,,,,,,,,,,,,Checked: no post-YC Form D matching the founders; no funding statement on website (1 pages) or YC page. LinkedIn/X/Crunchbase need a logged-in browser.,2026-09-30T19:49:12Z
touchmark,Touchmark,Summer 2026,No evidence found,,,,,,,,,,,,,,,,,,Checked: no post-YC Form D matching the founders; no funding statement on website (1 pages) or YC page. LinkedIn/X/Crunchbase need a logged-in browser.,2026-09-30T19:49:14Z
exosat,Exosat,Summer 2026,No evidence found,,,,,,,,,,,,,,,,,,Checked: no post-YC Form D matching the founders; no funding statement on website (2 pages) or YC page. LinkedIn/X/Crunchbase need a logged-in browser. National register for SG not checked.,2026-09-30T19:49:13Z
codag,Codag,Summer 2026,No evidence found,,,,,,,,,,,,,,,,,,Checked: no post-YC Form D matching the founders; no funding statement on website (2 pages) or YC page. LinkedIn/X/Crunchbase need a logged-in browser.,2026-09-30T19:49:15Z
contextdev,Context.dev,Summer 2026,No evidence found,,,,,,,,,,,,,,,,,,Checked: no post-YC Form D matching the founders; no funding statement on website (1 pages) or YC page. LinkedIn/X/Crunchbase need a logged-in browser.,2026-09-30T19:49:57Z
glen,Glen,Summer 2026,No evidence found,,,,,,,,,,,,,,,,,,Checked: no post-YC Form D matching the founders; no funding statement on website (2 pages) or YC page. LinkedIn/X/Crunchbase need a logged-in browser.,2026-09-30T19:49:16Z
stoa,Stoa,Summer 2026,No evidence found,,,,,,,,,,,,,,,,,,Checked: no post-YC Form D matching the founders; no funding statement on website (3 pages) or YC page. LinkedIn/X/Crunchbase need a logged-in browser.,2026-09-30T19:49:18Z
joinmarble,Marble,Summer 2026,No evidence found,,,,,,,,,,,,,,,,,,Checked: no post-YC Form D matching the founders; no funding statement on website (3 pages) or YC page. LinkedIn/X/Crunchbase need a logged-in browser.,2026-09-30T19:49:17Z
audun,Audun,Summer 2026,No evidence found,,,,,,,,,,,,,,,,,,Checked: no post-YC Form D matching the founders; no funding statement on website (2 pages) or YC page. LinkedIn/X/Crunchbase need a logged-in browser. National register for NO not checked.,2026-09-30T19:49:21Z
grocalo,Grocalo,Summer 2026,No evidence found,,,,,,,,,,,,,,,,,,Checked: no post-YC Form D matching the founders; no funding statement on website (10 pages) or YC page. LinkedIn/X/Crunchbase need a logged-in browser.,2026-09-30T19:49:19Z
ai-coach,COACH,Summer 2026,No evidence found,,,,,,,,,,,,,,,,,,Checked: no post-YC Form D matching the founders; no funding statement on website (1 pages) or YC page. LinkedIn/X/Crunchbase need a logged-in browser.,2026-09-30T19:49:19Z
deepreach-inc,DeepReach Inc.,Summer 2026,No evidence found,,,,,,,,,,,,,,,,,,Checked: no post-YC Form D matching the founders; no funding statement on website (10 pages) or YC page. LinkedIn/X/Crunchbase need a logged-in browser.,2026-09-30T19:49:32Z
mochi,Mochi,Summer 2026,No evidence found,,,,,,,,,,,,,,,,,,Checked: no post-YC Form D matching the founders; no funding statement on website (7 pages) or YC page. LinkedIn/X/Crunchbase need a logged-in browser.,2026-09-30T19:49:24Z
alloovium,Alloovium,Summer 2026,No evidence found,,,,,,,,,,,,,,,,,,Checked: no post-YC Form D matching the founders; no funding statement on website (8 pages) or YC page. LinkedIn/X/Crunchbase need a logged-in browser.,2026-09-30T19:49:30Z
dialogus,Dialogus,Summer 2026,No evidence found,,,,,,,,,,,,,,,,,,Checked: no post-YC Form D matching the founders; no funding statement on website (4 pages) or YC page. LinkedIn/X/Crunchbase need a logged-in browser.,2026-09-30T19:49:24Z
mosaic-2,Mosaic,Winter 2025,Yes,3800000,,2026-04-07,,2,Company website,https://mosaic.so/blog/mosaic-seed-round-announcement,Mosaic Raises $3.8M to Build Video Editing Agents | Mosaic Blog,,,,,,,,,High,No matching post-YC Form D found.,2026-09-30T19:49:24Z
bizmark,Bizmark,Summer 2026,No evidence found,,,,,,,,,,,,,,,,,,Checked: no post-YC Form D matching the founders; no funding statement on website (10 pages) or YC page. LinkedIn/X/Crunchbase need a logged-in browser.,2026-09-30T19:49:25Z
riften,Riften,Summer 2026,No evidence found,,,,,,,,,,,,,,,,,,Checked: no post-YC Form D matching the founders; no funding statement on website (5 pages) or YC page. LinkedIn/X/Crunchbase need a logged-in browser.,2026-09-30T19:49:25Z
realpact,RealPact,Summer 2026,No evidence found,,,,,,,,,,,,,,,,,,Checked: no post-YC Form D matching the founders; no funding statement on website (2 pages) or YC page. LinkedIn/X/Crunchbase need a logged-in browser.,2026-09-30T19:49:28Z
guild,GUILD,Summer 2026,No evidence found,,,,,,,,,,,,,,,,,,Checked: no post-YC Form D matching the founders; no funding statement on website (2 pages) or YC page. LinkedIn/X/Crunchbase need a logged-in browser.,2026-09-30T19:49:29Z
floracene,Floracene,Summer 2026,No evidence found,,,,,,,,,,,,,,,,,,Checked: no post-YC Form D matching the founders; no funding statement on website (1 pages) or YC page. LinkedIn/X/Crunchbase need a logged-in browser.,2026-09-30T19:49:28Z
rise-reforming,Rise Reforming,Summer 2026,Unclear,,Pre-Seed,,,2,Company website,https://www.rise-reforming.com/home,"Pre-seed round of funding closed ($650k) towards completing proof-of-concept, filing process IP, and finalizing our plans for the pilot plant.",,,,,,,,,Low,"Manual review: site says a $650K pre-seed round closed, with no date. Likely pre-YC (Summer 2026 batch); not counted as post-YC without a date.",2026-09-30T19:49:31Z
instaplay,Instaplay,Summer 2026,No evidence found,,,,,,,,,,,,,,,,,,Checked: no post-YC Form D matching the founders; no funding statement on website (4 pages) or YC page. LinkedIn/X/Crunchbase need a logged-in browser.,2026-09-30T19:49:33Z
verdant,Verdant,Summer 2026,No evidence found,,,,,,,,,,,,,,,,,,Checked: no post-YC Form D matching the founders; no funding statement on website (2 pages) or YC page. LinkedIn/X/Crunchbase need a logged-in browser.,2026-09-30T19:49:51Z
impact-drones,IMPACT Drones,Summer 2026,No evidence found,,,,,,,,,,,,,,,,,,Checked: no post-YC Form D matching the founders; no funding statement on website (1 pages) or YC page. LinkedIn/X/Crunchbase need a logged-in browser.,2026-09-30T19:49:52Z
insurf,Insurf,Summer 2026,No evidence found,,,,,,,,,,,,,,,,,,Checked: no post-YC Form D matching the founders; no funding statement on website (3 pages) or YC page. LinkedIn/X/Crunchbase need a logged-in browser.,2026-09-30T19:49:34Z
jcode,Jcode,Summer 2026,No evidence found,,,,,,,,,,,,,,,,,,Checked: no post-YC Form D matching the founders; no funding statement on website (10 pages) or YC page. LinkedIn/X/Crunchbase need a logged-in browser.,2026-09-30T19:49:36Z
lemonlime,LemonLime,Summer 2026,No evidence found,,,,,,,,,,,,,,,,,,Checked: no post-YC Form D matching the founders; no funding statement on website (6 pages) or YC page. LinkedIn/X/Crunchbase need a logged-in browser.,2026-09-30T19:49:39Z
gutgutgoose,Gutgutgoose,Summer 2026,No evidence found,,,,,,,,,,,,,,,,,,Checked: no post-YC Form D matching the founders; no funding statement on website (2 pages) or YC page. LinkedIn/X/Crunchbase need a logged-in browser.,2026-09-30T19:49:37Z
speko,Speko,Summer 2026,No evidence found,,,,,,,,,,,,,,,,,,Checked: no post-YC Form D matching the founders; no funding statement on website (10 pages) or YC page. LinkedIn/X/Crunchbase need a logged-in browser.,2026-09-30T19:49:38Z
synapse-semiconductor,Synapse Semiconductor,Summer 2026,No evidence found,,,,,,,,,,,,,,,,,,Checked: no post-YC Form D matching the founders; no funding statement on website (2 pages) or YC page. LinkedIn/X/Crunchbase need a logged-in browser.,2026-09-30T19:49:42Z
orchestra,Orchestra,Summer 2026,No evidence found,,,,,,,,,,,,,,,,,,Checked: no post-YC Form D matching the founders; no funding statement on website (2 pages) or YC page. LinkedIn/X/Crunchbase need a logged-in browser.,2026-09-30T19:49:58Z
prized,Prized,Summer 2026,No evidence found,,,,,,,,,,,,,,,,,,Checked: no post-YC Form D matching the founders; no funding statement on website (2 pages) or YC page. LinkedIn/X/Crunchbase need a logged-in browser.,2026-09-30T19:49:40Z
studio,Studio,Summer 2026,No evidence found,,,,,,,,,,,,,,,,,,Checked: no post-YC Form D matching the founders; no funding statement on website (1 pages) or YC page. LinkedIn/X/Crunchbase need a logged-in browser.,2026-09-30T19:49:44Z
bernard,Bernard,Summer 2026,No evidence found,,,,,,,,,,,,,,,,,,Checked: no post-YC Form D matching the founders; no funding statement on website (1 pages) or YC page. LinkedIn/X/Crunchbase need a logged-in browser.,2026-09-30T19:49:42Z
musicarena,MusicArena,Summer 2026,No evidence found,,,,,,,,,,,,,,,,,,Checked: no post-YC Form D matching the founders; no funding statement on website (10 pages) or YC page. LinkedIn/X/Crunchbase need a logged-in browser.,2026-09-30T19:49:43Z
maingen,Maingen,Summer 2026,No evidence found,,,,,,,,,,,,,,,,,,Checked: no post-YC Form D matching the founders; no funding statement on website (1 pages) or YC page. LinkedIn/X/Crunchbase need a logged-in browser.,2026-09-30T19:50:04Z
enact,Enact,Summer 2026,No evidence found,,,,,,,,,,,,,,,,,,Checked: no post-YC Form D matching the founders; no funding statement on website (1 pages) or YC page. LinkedIn/X/Crunchbase need a logged-in browser.,2026-09-30T19:49:46Z
rex-inc,Rex,Summer 2026,No evidence found,,,,,,,,,,,,,,,,,,Checked: no post-YC Form D matching the founders; no funding statement on website (3 pages) or YC page. LinkedIn/X/Crunchbase need a logged-in browser.,2026-09-30T19:49:46Z
zomma,Zomma,Summer 2026,No evidence found,,,,,,,,,,,,,,,,,,Checked: no post-YC Form D matching the founders; no funding statement on website (7 pages) or YC page. LinkedIn/X/Crunchbase need a logged-in browser.,2026-09-30T19:50:22Z
nebusec,NebuSec,Summer 2026,No evidence found,,,,,,,,,,,,,,,,,,Checked: no post-YC Form D matching the founders; no funding statement on website (3 pages) or YC page. LinkedIn/X/Crunchbase need a logged-in browser.,2026-09-30T19:49:48Z
kara,Kara,Summer 2026,No evidence found,,,,,,,,,,,,,,,,,,Checked: no post-YC Form D matching the founders; no funding statement on website (1 pages) or YC page. LinkedIn/X/Crunchbase need a logged-in browser.,2026-09-30T19:49:52Z
trope,Trope,Summer 2026,No evidence found,,,,,,,,,,,,,,,,,,Checked: no post-YC Form D matching the founders; no funding statement on website (2 pages) or YC page. LinkedIn/X/Crunchbase need a logged-in browser.,2026-09-30T19:49:49Z
parasma,Parasma,Summer 2026,No evidence found,,,,,,,,,,,,,,,,,,Checked: no post-YC Form D matching the founders; no funding statement on website (4 pages) or YC page. LinkedIn/X/Crunchbase need a logged-in browser.,2026-09-30T19:49:50Z
belvedir,Belvedir,Summer 2026,No evidence found,,,,,,,,,,,,,,,,,,Checked: no post-YC Form D matching the founders; no funding statement on website (1 pages) or YC page. LinkedIn/X/Crunchbase need a logged-in browser.,2026-09-30T19:50:38Z
shielded,Shielded,Summer 2026,No evidence found,,,,,,,,,,,,,,,,,,Checked: no post-YC Form D matching the founders; no funding statement on website (1 pages) or YC page. LinkedIn/X/Crunchbase need a logged-in browser.,2026-09-30T19:49:51Z
olam-labs,Olam Labs,Summer 2026,No evidence found,,,,,,,,,,,,,,,,,,Checked: no post-YC Form D matching the founders; no funding statement on website (2 pages) or YC page. LinkedIn/X/Crunchbase need a logged-in browser.,2026-09-30T19:49:54Z
egoist-machines,Egoist Machines,Summer 2026,No evidence found,,,,,,,,,,,,,,,,,,Checked: no post-YC Form D matching the founders; no funding statement on website (2 pages) or YC page. LinkedIn/X/Crunchbase need a logged-in browser.,2026-09-30T19:50:14Z
mass-magnetics,Mass Magnetics,Summer 2026,No evidence found,,,,,,,,,,,,,,,,,,Checked: no post-YC Form D matching the founders; no funding statement on website (1 pages) or YC page. LinkedIn/X/Crunchbase need a logged-in browser.,2026-09-30T19:49:53Z
perceptron-ml,Perceptron ML,Summer 2026,No evidence found,,,,,,,,,,,,,,,,,,Checked: no post-YC Form D matching the founders; no funding statement on website (10 pages) or YC page. LinkedIn/X/Crunchbase need a logged-in browser.,2026-09-30T19:49:55Z
erinys,Erinys,Summer 2026,No evidence found,,,,,,,,,,,,,,,,,,Checked: no post-YC Form D matching the founders; no funding statement on website (1 pages) or YC page. LinkedIn/X/Crunchbase need a logged-in browser.,2026-09-30T19:49:56Z
manufacturingintelligence,HERA,Summer 2026,No evidence found,,,,,,,,,,,,,,,,,,Checked: no post-YC Form D matching the founders; no funding statement on website (2 pages) or YC page. LinkedIn/X/Crunchbase need a logged-in browser.,2026-09-30T19:49:56Z
donkey,Donkey,Summer 2026,No evidence found,,,,,,,,,,,,,,,,,,Checked: no post-YC Form D matching the founders; no funding statement on website (1 pages) or YC page. LinkedIn/X/Crunchbase need a logged-in browser.,2026-09-30T19:49:56Z
moonshot-computer,Moonshot,Summer 2026,No evidence found,,,,,,,,,,,,,,,,,,Checked: no post-YC Form D matching the founders; no funding statement on website (3 pages) or YC page. LinkedIn/X/Crunchbase need a logged-in browser.,2026-09-30T19:50:21Z
hoplite,Hoplite,Summer 2026,No evidence found,,,,,,,,,,,,,,,,,,Checked: no post-YC Form D matching the founders; no funding statement on website (12 pages) or YC page. LinkedIn/X/Crunchbase need a logged-in browser.,2026-09-30T19:50:04Z
pango,Pango,Summer 2026,No evidence found,,,,,,,,,,,,,,,,,,Checked: no post-YC Form D matching the founders; no funding statement on website (4 pages) or YC page. LinkedIn/X/Crunchbase need a logged-in browser.,2026-09-30T19:50:00Z
tash,tash,Summer 2026,No evidence found,,,,,,,,,,,,,,,,,,Checked: no post-YC Form D matching the founders; no funding statement on website (1 pages) or YC page. LinkedIn/X/Crunchbase need a logged-in browser.,2026-09-30T19:50:03Z
torus,Torus,Summer 2026,No evidence found,,,,,,,,,0002150951,,,,,,,Torus Intelligence Inc.,,yc deal like Form D 0002150951-26-000001: sold 150000 first sale 2026-08-07 Checked: no post-YC Form D matching the founders; no funding statement on website (2 pages) or YC page. LinkedIn/X/Crunchbase need a logged-in browser.,2026-09-30T19:50:00Z
kebra,Kebra,Summer 2026,No evidence found,,,,,,,,,,,,,,,,,,Checked: no post-YC Form D matching the founders; no funding statement on website (1 pages) or YC page. LinkedIn/X/Crunchbase need a logged-in browser.,2026-09-30T19:50:24Z
gitcafe,GitCafe,Summer 2026,No evidence found,,,,,,,,,,,,,,,,,,Checked: no post-YC Form D matching the founders; no funding statement on website (1 pages) or YC page. LinkedIn/X/Crunchbase need a logged-in browser.,2026-09-30T19:50:01Z
edgerun,Edgerun,Summer 2026,No evidence found,,,,,,,,,,,,,,,,,,Checked: no post-YC Form D matching the founders; no funding statement on website (2 pages) or YC page. LinkedIn/X/Crunchbase need a logged-in browser.,2026-09-30T19:50:05Z
rindler,Rindler,Summer 2026,No evidence found,,,,,,,,,,,,,,,,,,Checked: no post-YC Form D matching the founders; no funding statement on website (2 pages) or YC page. LinkedIn/X/Crunchbase need a logged-in browser.,2026-09-30T19:50:04Z
proprio-robotics,Proprio Robotics,Summer 2026,No evidence found,,,,,,,,,,,,,,,,,,Checked: no post-YC Form D matching the founders; no funding statement on website (1 pages) or YC page. LinkedIn/X/Crunchbase need a logged-in browser.,2026-09-30T19:50:04Z
amorphic-labs,Amorphic Labs,Summer 2026,No evidence found,,,,,,,,,,,,,,,,,,Checked: no post-YC Form D matching the founders; no funding statement on website (2 pages) or YC page. LinkedIn/X/Crunchbase need a logged-in browser.,2026-09-30T19:50:09Z
rekursivai,rekursiv.ai,Summer 2026,No evidence found,,,,,,,,,,,,,,,,,,Checked: no post-YC Form D matching the founders; no funding statement on website (2 pages) or YC page. LinkedIn/X/Crunchbase need a logged-in browser.,2026-09-30T19:50:07Z
trident,Trident,Summer 2026,No evidence found,,,,,,,,,,,,,,,,,,Checked: no post-YC Form D matching the founders; no funding statement on website (4 pages) or YC page. LinkedIn/X/Crunchbase need a logged-in browser.,2026-09-30T19:50:08Z
atlas-discovery,Atlas Discovery,Summer 2026,No evidence found,,,,,,,,,,,,,,,,,,Checked: no post-YC Form D matching the founders; no funding statement on website (3 pages) or YC page. LinkedIn/X/Crunchbase need a logged-in browser.,2026-09-30T19:50:09Z
mentlio,Mentlio,Summer 2026,No evidence found,,,,,,,,,,,,,,,,,,Checked: no post-YC Form D matching the founders; no funding statement on website (8 pages) or YC page. LinkedIn/X/Crunchbase need a logged-in browser.,2026-09-30T19:50:31Z
textsidekick,Sidekick,Summer 2026,No evidence found,,,,,,,,,,,,,,,,,,Checked: no post-YC Form D matching the founders; no funding statement on website (3 pages) or YC page. LinkedIn/X/Crunchbase need a logged-in browser.,2026-09-30T19:50:12Z
wondertx,WonderTx,Summer 2026,No evidence found,,,,,,,,,,,,,,,,,,Checked: no post-YC Form D matching the founders; no funding statement on website (2 pages) or YC page. LinkedIn/X/Crunchbase need a logged-in browser.,2026-09-30T19:50:11Z
marker,Marker,Summer 2026,No evidence found,,,,,,,,,,,,,,,,,,Checked: no post-YC Form D matching the founders; no funding statement on website (1 pages) or YC page. LinkedIn/X/Crunchbase need a logged-in browser.,2026-09-30T19:50:11Z
palette-2,Palette,Summer 2026,No evidence found,,,,,,,,,,,,,,,,,,Checked: no post-YC Form D matching the founders; no funding statement on website (4 pages) or YC page. LinkedIn/X/Crunchbase need a logged-in browser.,2026-09-30T19:50:13Z
most-robotic,Most Robotic,Summer 2026,No evidence found,,,,,,,,,,,,,,,,,,Checked: no post-YC Form D matching the founders; no funding statement on website (1 pages) or YC page. LinkedIn/X/Crunchbase need a logged-in browser.,2026-09-30T19:50:13Z
illume-labs,Illume Labs,Summer 2026,No evidence found,,,,,,,,,,,,,,,,,,Checked: no post-YC Form D matching the founders; no funding statement on website (10 pages) or YC page. LinkedIn/X/Crunchbase need a logged-in browser.,2026-09-30T19:50:13Z
litmus-hiring,Litmus,Summer 2026,No evidence found,,,,,,,,,,,,,,,,,,Checked: no post-YC Form D matching the founders; no funding statement on website (2 pages) or YC page. LinkedIn/X/Crunchbase need a logged-in browser.,2026-09-30T19:50:58Z
openvector,OpenVector,Summer 2026,No evidence found,,,,,,,,,,,,,,,,,,Checked: no post-YC Form D matching the founders; no funding statement on website (2 pages) or YC page. LinkedIn/X/Crunchbase need a logged-in browser.,2026-09-30T19:50:18Z
applied-electrodynamics-inc,"Applied Electrodynamics, Inc.",Summer 2026,No evidence found,,,,,,,,,,,,,,,,,,Checked: no post-YC Form D matching the founders; no funding statement on website (1 pages) or YC page. LinkedIn/X/Crunchbase need a logged-in browser.,2026-09-30T19:50:20Z
dipole-labs,Dipole Labs,Summer 2026,No evidence found,,,,,,,,,,,,,,,,,,Checked: no post-YC Form D matching the founders; no funding statement on website (3 pages) or YC page. LinkedIn/X/Crunchbase need a logged-in browser.,2026-09-30T19:50:24Z
poth-labs,Poth Labs,Summer 2026,No evidence found,,,,,,,,,,,,,,,,,,Checked: no post-YC Form D matching the founders; no funding statement on website (5 pages) or YC page. LinkedIn/X/Crunchbase need a logged-in browser.,2026-09-30T19:50:20Z
cova,Cova,Summer 2026,No evidence found,,,,,,,,,,,,,,,,,,Checked: no post-YC Form D matching the founders; no funding statement on website (2 pages) or YC page. LinkedIn/X/Crunchbase need a logged-in browser.,2026-09-30T19:50:21Z
control-seat,Control Seat,Summer 2026,No evidence found,,,,,,,,,,,,,,,,,,Checked: no post-YC Form D matching the founders; no funding statement on website (8 pages) or YC page. LinkedIn/X/Crunchbase need a logged-in browser.,2026-09-30T19:50:24Z
tsenta,Tsenta,Summer 2026,No evidence found,,,,,,,,,,,,,,,,,,Checked: no post-YC Form D matching the founders; no funding statement on website (3 pages) or YC page. LinkedIn/X/Crunchbase need a logged-in browser.,2026-09-30T19:50:34Z
dream,Dream,Summer 2026,No evidence found,,,,,,,,,,,,,,,,,,Checked: no post-YC Form D matching the founders; no funding statement on website (1 pages) or YC page. LinkedIn/X/Crunchbase need a logged-in browser.,2026-09-30T19:50:24Z
atlia,Atlia,Summer 2026,No evidence found,,,,,,,,,,,,,,,,,,Checked: no post-YC Form D matching the founders; no funding statement on website (3 pages) or YC page. LinkedIn/X/Crunchbase need a logged-in browser.,2026-09-30T19:50:26Z
meteoric,Meteoric,Summer 2026,No evidence found,,,,,,,,,,,,,,,,,,Checked: no post-YC Form D matching the founders; no funding statement on website (1 pages) or YC page. LinkedIn/X/Crunchbase need a logged-in browser.,2026-09-30T19:50:24Z
ekpa,Ekpa,Summer 2026,No evidence found,,,,,,,,,,,,,,,,,,Checked: no post-YC Form D matching the founders; no funding statement on website (1 pages) or YC page. LinkedIn/X/Crunchbase need a logged-in browser.,2026-09-30T19:50:26Z
libra-robotics,Libra Robotics,Summer 2026,No evidence found,,,,,,,,,,,,,,,,,,Checked: no post-YC Form D matching the founders; no funding statement on website (2 pages) or YC page. LinkedIn/X/Crunchbase need a logged-in browser.,2026-09-30T19:50:26Z
datoric,Datoric,Summer 2026,No evidence found,,,,,,,,,,,,,,,,,,Checked: no post-YC Form D matching the founders; no funding statement on website (4 pages) or YC page. LinkedIn/X/Crunchbase need a logged-in browser.,2026-09-30T19:50:28Z
archal,Archal,Summer 2026,No evidence found,,,,,,,,,,,,,,,,,,Checked: no post-YC Form D matching the founders; no funding statement on website (1 pages) or YC page. LinkedIn/X/Crunchbase need a logged-in browser.,2026-09-30T19:51:03Z
assemble,Assemble,Summer 2026,No evidence found,,,,,,,,,,,,,,,,,,Checked: no post-YC Form D matching the founders; no funding statement on website (3 pages) or YC page. LinkedIn/X/Crunchbase need a logged-in browser.,2026-09-30T19:50:29Z
rapidfolio,Rapidfolio,Summer 2026,No evidence found,,,,,,,,,,,,,,,,,,Checked: no post-YC Form D matching the founders; no funding statement on website (3 pages) or YC page. LinkedIn/X/Crunchbase need a logged-in browser.,2026-09-30T19:50:29Z
prescience-inc,"Prescience, Inc.",Summer 2026,No evidence found,,,,,,,,,,,,,,,,,,Checked: no post-YC Form D matching the founders; no funding statement on website (3 pages) or YC page. LinkedIn/X/Crunchbase need a logged-in browser.,2026-09-30T19:50:29Z
onetriangle,OneTriangle,Summer 2026,No evidence found,,,,,,,,,,,,,,,,,,Checked: no post-YC Form D matching the founders; no funding statement on website (5 pages) or YC page. LinkedIn/X/Crunchbase need a logged-in browser.,2026-09-30T19:50:29Z
waddle-labs,Waddle Labs,Summer 2026,No evidence found,,,,,,,,,,,,,,,,,,Checked: no post-YC Form D matching the founders; no funding statement on website (1 pages) or YC page. LinkedIn/X/Crunchbase need a logged-in browser.,2026-09-30T19:50:30Z
frontier-computing,Frontier Computing,Summer 2026,No evidence found,,,,,,,,,,,,,,,,,,Checked: no post-YC Form D matching the founders; no funding statement on website (10 pages) or YC page. LinkedIn/X/Crunchbase need a logged-in browser. Companies House FRONTIER COMPUTING LTD (17255584): no SH01 allotments listed.,2026-09-30T19:50:31Z
sunflower,Sunflower,Summer 2026,No evidence found,,,,,,,,,,,,,,,,,,Checked: no post-YC Form D matching the founders; no funding statement on website (1 pages) or YC page. LinkedIn/X/Crunchbase need a logged-in browser.,2026-09-30T19:50:32Z
tensr,Tensr,Summer 2026,No evidence found,,,,,,,,,,,,,,,,,,Checked: no post-YC Form D matching the founders; no funding statement on website (3 pages) or YC page. LinkedIn/X/Crunchbase need a logged-in browser.,2026-09-30T19:51:07Z
evergrove,Evergrove,Summer 2026,No evidence found,,,,,,,,,,,,,,,,,,Checked: no post-YC Form D matching the founders; no funding statement on website (1 pages) or YC page. LinkedIn/X/Crunchbase need a logged-in browser.,2026-09-30T19:50:54Z
os3,OS3,Summer 2026,No evidence found,,,,,,,,,,,,,,,,,,Checked: no post-YC Form D matching the founders; no funding statement on website (2 pages) or YC page. LinkedIn/X/Crunchbase need a logged-in browser.,2026-09-30T19:51:15Z
induction-labs,Induction Labs,Summer 2026,No evidence found,,,,,,,,,,,,,,,,,,Checked: no post-YC Form D matching the founders; no funding statement on website (2 pages) or YC page. LinkedIn/X/Crunchbase need a logged-in browser.,2026-09-30T19:50:57Z
withasync,Async,Summer 2026,No evidence found,,,,,,,,,,,,,,,,,,Checked: no post-YC Form D matching the founders; no funding statement on website (3 pages) or YC page. LinkedIn/X/Crunchbase need a logged-in browser.,2026-09-30T19:50:57Z
baud,Baud,Summer 2026,No evidence found,,,,,,,,,,,,,,,,,,Checked: no post-YC Form D matching the founders; no funding statement on website (1 pages) or YC page. LinkedIn/X/Crunchbase need a logged-in browser.,2026-09-30T19:50:34Z
akkari,Akkari,Spring 2026,No evidence found,,,,,,,,,,,,,,,,,,Checked: no post-YC Form D matching the founders; no funding statement on website (1 pages) or YC page. LinkedIn/X/Crunchbase need a logged-in browser.,2026-09-30T19:50:35Z
heyclicky,HeyClicky,Spring 2026,No evidence found,,,,,,,,,,,,,,,,,,Checked: no post-YC Form D matching the founders; no funding statement on website (5 pages) or YC page. LinkedIn/X/Crunchbase need a logged-in browser.,2026-09-30T19:51:00Z
gbrain,GBrain,Spring 2026,No evidence found,,,,,,,,,,,,,,,,,,Checked: no post-YC Form D matching the founders; no funding statement on website (4 pages) or YC page. LinkedIn/X/Crunchbase need a logged-in browser.,2026-09-30T19:50:38Z
huscarl,Huscarl,Spring 2026,No evidence found,,,,,,,,,,,,,,,,,,Checked: no post-YC Form D matching the founders; no funding statement on website (1 pages) or YC page. LinkedIn/X/Crunchbase need a logged-in browser.,2026-09-30T19:51:46Z
thomas,Thomas,Spring 2026,No evidence found,,,,,,,,,,,,,,,,,,Checked: no post-YC Form D matching the founders; no funding statement on website (10 pages) or YC page. LinkedIn/X/Crunchbase need a logged-in browser.,2026-09-30T19:50:38Z
cohesion,Cohesion,Spring 2026,No evidence found,,,,,,,,,,,,,,,,,,Checked: no post-YC Form D matching the founders; no funding statement on website (10 pages) or YC page. LinkedIn/X/Crunchbase need a logged-in browser.,2026-09-30T19:50:42Z
maquoketa-research,Maquoketa Research,Spring 2026,No evidence found,,,,,,,,,,,,,,,,,,Checked: no post-YC Form D matching the founders; no funding statement on website (1 pages) or YC page. LinkedIn/X/Crunchbase need a logged-in browser.,2026-09-30T19:50:43Z
intelligence-factory,Intelligence Factory,Spring 2026,No evidence found,,,,,,,,,,,,,,,,,,Checked: no post-YC Form D matching the founders; no funding statement on website (2 pages) or YC page. LinkedIn/X/Crunchbase need a logged-in browser.,2026-09-30T19:50:45Z
clawvisor,Clawvisor,Spring 2026,No evidence found,,,,,,,,,,,,,,,,,,Checked: no post-YC Form D matching the founders; no funding statement on website (6 pages) or YC page. LinkedIn/X/Crunchbase need a logged-in browser.,2026-09-30T19:50:48Z
framewise-health,Framewise Health,Spring 2026,No evidence found,,,,,,,,,,,,,,,,,,Checked: no post-YC Form D matching the founders; no funding statement on website (3 pages) or YC page. LinkedIn/X/Crunchbase need a logged-in browser.,2026-09-30T19:51:01Z
arctic-health,Arctic Health,Spring 2026,No evidence found,,,,,,,,,,,,,,,,,,Checked: no post-YC Form D matching the founders; no funding statement on website (3 pages) or YC page. LinkedIn/X/Crunchbase need a logged-in browser.,2026-09-30T19:52:55Z
enjamb-labs,Enjamb Labs,Spring 2026,Unclear,,,,,5,"Tracxn (lead only, from input)",,,,,,,,,,,Low,"Tracxn lead total $650,000; not confirmed by a higher-tier source. Checked: no post-YC Form D matching the founders; no funding statement on website (6 pages) or YC page. LinkedIn/X/Crunchbase need a logged-in browser.",2026-09-30T19:50:53Z
hyper-4,Hyper,Spring 2026,No evidence found,,,,,,,,,,,,,,,,,,Checked: no post-YC Form D matching the founders; no funding statement on website (10 pages) or YC page. LinkedIn/X/Crunchbase need a logged-in browser.,2026-09-30T19:50:54Z
insforge-instacloud,InsForge (InstaCloud),Spring 2026,Unclear,,,,,5,"Tracxn (lead only, from input)",,,,,,,,,,,Low,"Tracxn lead total $2,000,000; not confirmed by a higher-tier source. Checked: no post-YC Form D matching the founders; no funding statement on website (4 pages) or YC page. LinkedIn/X/Crunchbase need a logged-in browser.",2026-09-30T19:51:18Z
reasonblocks,ReasonBlocks,Spring 2026,No evidence found,,,,,,,,,,,,,,,,,,Checked: no post-YC Form D matching the founders; no funding statement on website (10 pages) or YC page. LinkedIn/X/Crunchbase need a logged-in browser.,2026-09-30T19:50:58Z
modern,Modern,Spring 2026,No evidence found,,,,,,,,,,,,,,,,,,Checked: no post-YC Form D matching the founders; no funding statement on website (5 pages) or YC page. LinkedIn/X/Crunchbase need a logged-in browser. National register for AU not checked.,2026-09-30T19:51:07Z
panacea,Panacea,Spring 2026,No evidence found,,,,,,,,,,,,,,,,,,Checked: no post-YC Form D matching the founders; no funding statement on website (1 pages) or YC page. LinkedIn/X/Crunchbase need a logged-in browser.,2026-09-30T19:51:00Z
centralcoms,CentralComs,Spring 2026,No evidence found,,,,,,,,,,,,,,,,,,Checked: no post-YC Form D matching the founders; no funding statement on website (1 pages) or YC page. LinkedIn/X/Crunchbase need a logged-in browser.,2026-09-30T19:51:56Z
kugelaudio,KugelAudio,Spring 2026,No evidence found,,,,,,,,,,,,,,,,,,Checked: no post-YC Form D matching the founders; no funding statement on website (3 pages) or YC page. LinkedIn/X/Crunchbase need a logged-in browser. National register for DE not checked.,2026-09-30T19:51:10Z
klaimee,Klaimee,Spring 2026,No evidence found,,,,,,,,,,,,,,,,,,Checked: no post-YC Form D matching the founders; no funding statement on website (3 pages) or YC page. LinkedIn/X/Crunchbase need a logged-in browser.,2026-09-30T19:51:03Z
flowscope,flowscope,Spring 2026,Yes,3800000,Seed,,,2,Company website,https://www.flowscope.com/blog,flowscope raises $3.8M seed round.,,,,,,,,,High,Round date not stated on the source page; assumed post-YC because it is presented as current news. No matching post-YC Form D found.,2026-09-30T19:51:09Z
pumpgtm,PumpGTM,Spring 2026,No evidence found,,,,,,,,,,,,,,,,,,Checked: no post-YC Form D matching the founders; no funding statement on website (6 pages) or YC page. LinkedIn/X/Crunchbase need a logged-in browser.,2026-09-30T19:51:06Z
arlo-industries,Arlo Industries,Spring 2026,No evidence found,,,,,,,,,,,,,,,,,,Checked: no post-YC Form D matching the founders; no funding statement on website (4 pages) or YC page. LinkedIn/X/Crunchbase need a logged-in browser.,2026-09-30T19:51:05Z
astraea,Astraea,Spring 2026,No evidence found,,,,,,,,,,,,,,,,,,Checked: no post-YC Form D matching the founders; no funding statement on website (2 pages) or YC page. LinkedIn/X/Crunchbase need a logged-in browser.,2026-09-30T19:51:11Z
lattice-health,Lattice Health,Spring 2026,No evidence found,,,,,,,,,,,,,,,,,,Checked: no post-YC Form D matching the founders; no funding statement on website (1 pages) or YC page. LinkedIn/X/Crunchbase need a logged-in browser.,2026-09-30T19:51:07Z
manicule,Manicule,Spring 2026,No evidence found,,,,,,,,,,,,,,,,,,Checked: no post-YC Form D matching the founders; no funding statement on website (2 pages) or YC page. LinkedIn/X/Crunchbase need a logged-in browser.,2026-09-30T19:51:09Z
avea-robotics,Avea Robotics,Spring 2026,No evidence found,,,,,,,,,,,,,,,,,,Checked: no post-YC Form D matching the founders; no funding statement on website (1 pages) or YC page. LinkedIn/X/Crunchbase need a logged-in browser.,2026-09-30T19:51:10Z
mochatrade,Mochatrade,Spring 2026,Yes,1158000,Equity (per Form D; stage not stated),2026-03-16,,1,SEC Form D/A,https://www.sec.gov/Archives/edgar/data/2125343/000212534326000002/primary_doc.xml,totalAmountSold: 1158000; totalOfferingAmount: 6000000; dateOfFirstSale: 2026-03-16,0002125343,0002125343-26-000002,1158000,6000000,2026-03-16,Equity; OptionToAcquire; SecurityToBeAcquired,12,MeadowCX Inc.,High,"Legal name differs from brand; matched on related person(s) Chetan Manda, Parth Maheshwari, Utkarsh Sinha, issuer in San Francisco, CA. First sale is close to batch start, so the Form D total may include YC's $500K.",2026-09-30T19:51:13Z
asendia-ai,Asendia AI,Spring 2026,No evidence found,,,,,,,,,,,,,,,,,,Checked: no post-YC Form D matching the founders; no funding statement on website (2 pages) or YC page. LinkedIn/X/Crunchbase need a logged-in browser.,2026-09-30T19:51:12Z
revnu,Revnu,Spring 2026,No evidence found,,,,,,,,,,,,,,,,,,Checked: no post-YC Form D matching the founders; no funding statement on website (4 pages) or YC page. LinkedIn/X/Crunchbase need a logged-in browser.,2026-09-30T19:51:13Z
uno-wallet,Uno Wallet,Spring 2026,No evidence found,,,,,,,,,,,,,,,,,,Checked: no post-YC Form D matching the founders; no funding statement on website (10 pages) or YC page. LinkedIn/X/Crunchbase need a logged-in browser.,2026-09-30T19:51:13Z
arden,Arden,Spring 2026,Yes,3700000,,,,2,Company website,https://ardentech.ai,Arden raises $3.7M to transform financial services → .,,,,,,,,,High,Round date not stated on the source page; assumed post-YC because it is presented as current news. No matching post-YC Form D found.,2026-09-30T19:51:14Z
agentphone,AgentPhone,Spring 2026,No evidence found,,,,,,,,,,,,,,,,,,Checked: no post-YC Form D matching the founders; no funding statement on website (10 pages) or YC page. LinkedIn/X/Crunchbase need a logged-in browser.,2026-09-30T19:51:14Z
gravy,Gravy,Spring 2026,No evidence found,,,,,,,,,,,,,,,,,,Checked: no post-YC Form D matching the founders; no funding statement on website (1 pages) or YC page. LinkedIn/X/Crunchbase need a logged-in browser.,2026-09-30T19:51:14Z
kinect,Kinect,Spring 2026,No evidence found,,,,,,,,,,,,,,,,,,Checked: no post-YC Form D matching the founders; no funding statement on website (5 pages) or YC page. LinkedIn/X/Crunchbase need a logged-in browser.,2026-09-30T19:51:20Z
runtime,Runtime,Spring 2026,No evidence found,,,,,,,,,,,,,,,,,,Checked: no post-YC Form D matching the founders; no funding statement on website (9 pages) or YC page. LinkedIn/X/Crunchbase need a logged-in browser.,2026-09-30T19:51:22Z
youart,YouArt,Spring 2026,No evidence found,,,,,,,,,,,,,,,,,,Checked: no post-YC Form D matching the founders; no funding statement on website (8 pages) or YC page. LinkedIn/X/Crunchbase need a logged-in browser.,2026-09-30T19:51:24Z
expanse,Expanse,Spring 2026,Yes,5300000,Seed,,Crane Venture Partners,2,Company website,https://expanse.sh/blog/expanse-raises-5-3m-seed,"Today we're announcing a $5.3M seed round for Expanse, led by Crane Venture Partners, with PXN Ventures and angel investors including former DeepMind researchers",,,,,,,,,High,Round date not stated on the source page; assumed post-YC because it is presented as current news. No matching post-YC Form D found. Companies House EXPANSE LABS LIMITED (17154261): no SH01 allotments listed. Companies House EXPANSE COMPUTE LTD (SC863811): no SH01 allotments listed.,2026-09-30T19:51:22Z
characterquilt,CharacterQuilt,Spring 2026,Yes,9795824,Equity (per Form D; stage not stated),2026-08-03,,1,SEC Form D,https://www.sec.gov/Archives/edgar/data/2152374/000215237426000001/primary_doc.xml,totalAmountSold: 9795824; totalOfferingAmount: 10000000; dateOfFirstSale: 2026-08-03,0002152374,0002152374-26-000001,9795824,10000000,2026-08-03,Equity,36,"Innabox, Inc.",High,"Legal name differs from brand; matched on related person(s) Bhairav Mehta, Clint Burgess, issuer in Matawan, NJ.",2026-09-30T19:51:19Z
pentagon,Pentagon,Spring 2026,No evidence found,,,,,,,,,,,,,,,,,,Checked: no post-YC Form D matching the founders; no funding statement on website (1 pages) or YC page. LinkedIn/X/Crunchbase need a logged-in browser.,2026-09-30T19:51:18Z
arzana,Arzana,Spring 2026,Yes,4300000,Seed,,,2,Company website,https://www.arzana.com,Arzana raises $4.3M seed round → .,,,,,,,,,High,Round date not stated on the source page; assumed post-YC because it is presented as current news. No matching post-YC Form D found.,2026-09-30T19:51:23Z
auxos,Auxos,Spring 2026,No evidence found,,,,,,,,,,,,,,,,,,Checked: no post-YC Form D matching the founders; no funding statement on website (2 pages) or YC page. LinkedIn/X/Crunchbase need a logged-in browser.,2026-09-30T19:51:23Z
projectx,ProjectX,Spring 2026,No evidence found,,,,,,,,,,,,,,,,,,Checked: no post-YC Form D matching the founders; no funding statement on website (1 pages) or YC page. LinkedIn/X/Crunchbase need a logged-in browser.,2026-09-30T19:51:24Z
tolmo,Tolmo,Spring 2026,Unclear,,,,,5,"Tracxn (lead only, from input)",,,,,,,,,,,Low,"Tracxn lead total $22,000,000; not confirmed by a higher-tier source. Checked: no post-YC Form D matching the founders; no funding statement on website (4 pages) or YC page. LinkedIn/X/Crunchbase need a logged-in browser.",2026-09-30T19:51:30Z
openwork,OpenWork,Spring 2026,No evidence found,,,,,,,,,,,,,,,,,,Checked: no post-YC Form D matching the founders; no funding statement on website (2 pages) or YC page. LinkedIn/X/Crunchbase need a logged-in browser.,2026-09-30T19:51:23Z
apollo-atomics-inc,"Apollo Atomics, Inc.",Spring 2026,Unclear,,,,,5,"Tracxn (lead only, from input)",,,,,,,,,,,Low,"Tracxn lead total $31,500,000; not confirmed by a higher-tier source. Checked: no post-YC Form D matching the founders; no funding statement on website (1 pages) or YC page. LinkedIn/X/Crunchbase need a logged-in browser.",2026-09-30T19:51:26Z
general-aviation,General Aviation,Spring 2026,No evidence found,,,,,,,,,,,,,,,,,,Checked: no post-YC Form D matching the founders; no funding statement on website (2 pages) or YC page. LinkedIn/X/Crunchbase need a logged-in browser.,2026-09-30T19:51:27Z
openprose,OpenProse,Spring 2026,No evidence found,,,,,,,,,,,,,,,,,,Checked: no post-YC Form D matching the founders; no funding statement on website (1 pages) or YC page. LinkedIn/X/Crunchbase need a logged-in browser.,2026-09-30T19:51:27Z
asterlab,Aster,Spring 2026,No evidence found,,,,,,,,,,,,,,,,,,Checked: no post-YC Form D matching the founders; no funding statement on website (2 pages) or YC page. LinkedIn/X/Crunchbase need a logged-in browser.,2026-09-30T19:51:27Z
amboras,Amboras,Spring 2026,No evidence found,,,,,,,,,,,,,,,,,,Checked: no post-YC Form D matching the founders; no funding statement on website (5 pages) or YC page. LinkedIn/X/Crunchbase need a logged-in browser.,2026-09-30T19:52:11Z
hessian,Hessian,Spring 2026,No evidence found,,,,,,,,,,,,,,,,,,Checked: no post-YC Form D matching the founders; no funding statement on website (10 pages) or YC page. LinkedIn/X/Crunchbase need a logged-in browser.,2026-09-30T19:51:46Z
raspire,RASPIRE,Spring 2026,No evidence found,,,,,,,,,,,,,,,,,,Checked: no post-YC Form D matching the founders; no funding statement on website (10 pages) or YC page. LinkedIn/X/Crunchbase need a logged-in browser.,2026-09-30T19:51:28Z
plena-health,Plena Health,Spring 2026,No evidence found,,,,,,,,,,,,,,,,,,Checked: no post-YC Form D matching the founders; no funding statement on website (10 pages) or YC page. LinkedIn/X/Crunchbase need a logged-in browser.,2026-09-30T19:51:28Z
testerarmy,TesterArmy,Spring 2026,Unclear,,,,,5,"Tracxn (lead only, from input)",,,,,,,,,,,Low,"Tracxn lead total $1,700,000; not confirmed by a higher-tier source. Checked: no post-YC Form D matching the founders; no funding statement on website (2 pages) or YC page. LinkedIn/X/Crunchbase need a logged-in browser. National register for PL not checked.",2026-09-30T19:51:50Z
eden-robotics,Eden Robotics,Spring 2026,No evidence found,,,,,,,,,,,,,,,,,,Checked: no post-YC Form D matching the founders; no funding statement on website (4 pages) or YC page. LinkedIn/X/Crunchbase need a logged-in browser.,2026-09-30T19:51:34Z
foaster,Foaster,Spring 2026,No evidence found,,,,,,,,,,,,,,,,,,Checked: no post-YC Form D matching the founders; no funding statement on website (3 pages) or YC page. LinkedIn/X/Crunchbase need a logged-in browser.,2026-09-30T19:51:31Z
aquashield,AquaShield,Spring 2026,No evidence found,,,,,,,,,,,,,,,,,,Checked: no post-YC Form D matching the founders; no funding statement on website (1 pages) or YC page. LinkedIn/X/Crunchbase need a logged-in browser.,2026-09-30T19:51:31Z
ornadyne,Ornadyne,Spring 2026,No evidence found,,,,,,,,,,,,,,,,,,Checked: no post-YC Form D matching the founders; no funding statement on website (10 pages) or YC page. LinkedIn/X/Crunchbase need a logged-in browser.,2026-09-30T19:51:31Z
anoria,ANORIA,Spring 2026,No evidence found,,,,,,,,,,,,,,,,,,Checked: no post-YC Form D matching the founders; no funding statement on website (1 pages) or YC page. LinkedIn/X/Crunchbase need a logged-in browser.,2026-09-30T19:51:32Z
abinitio-bio,AbInitio Bio,Spring 2026,No evidence found,,,,,,,,,,,,,,,,,,Checked: no post-YC Form D matching the founders; no funding statement on website (1 pages) or YC page. LinkedIn/X/Crunchbase need a logged-in browser.,2026-09-30T19:51:33Z
memory-store,Memory Store,Spring 2026,No evidence found,,,,,,,,,,,,,,,,,,Checked: no post-YC Form D matching the founders; no funding statement on website (2 pages) or YC page. LinkedIn/X/Crunchbase need a logged-in browser.,2026-09-30T19:51:35Z
saudara-ai,Saudara AI,Spring 2026,No evidence found,,,,,,,,,,,,,,,,,,Checked: no post-YC Form D matching the founders; no funding statement on website (10 pages) or YC page. LinkedIn/X/Crunchbase need a logged-in browser.,2026-09-30T19:51:34Z
pops,Pops,Spring 2026,No evidence found,,,,,,,,,,,,,,,,,,Checked: no post-YC Form D matching the founders; no funding statement on website (2 pages) or YC page. LinkedIn/X/Crunchbase need a logged-in browser.,2026-09-30T19:51:36Z
silmaril,Silmaril,Spring 2026,No evidence found,,,,,,,,,,,,,,,,,,Checked: no post-YC Form D matching the founders; no funding statement on website (1 pages) or YC page. LinkedIn/X/Crunchbase need a logged-in browser.,2026-09-30T19:51:58Z
biostack-platforms,BioStack Platforms,Spring 2026,No evidence found,,,,,,,,,,,,,,,,,,Checked: no post-YC Form D matching the founders; no funding statement on website (4 pages) or YC page. LinkedIn/X/Crunchbase need a logged-in browser.,2026-09-30T19:51:36Z
ardent,Ardent,Spring 2026,No evidence found,,,,,,,,,,,,,,,,,,Checked: no post-YC Form D matching the founders; no funding statement on website (1 pages) or YC page. LinkedIn/X/Crunchbase need a logged-in browser.,2026-09-30T19:51:39Z
kuli,Kuli,Spring 2026,No evidence found,,,,,,,,,,,,,,,,,,Checked: no post-YC Form D matching the founders; no funding statement on website (10 pages) or YC page. LinkedIn/X/Crunchbase need a logged-in browser. National register for FR not checked.,2026-09-30T19:51:37Z
wato,Wato,Spring 2026,No evidence found,,,,,,,,,,,,,,,,,,Checked: no post-YC Form D matching the founders; no funding statement on website (1 pages) or YC page. LinkedIn/X/Crunchbase need a logged-in browser.,2026-09-30T19:51:37Z
tasklet-2,Tasklet,Spring 2026,Yes,,,,,2,Company website (careers),https://tasklet.ai/careers,recent funding round was raised with a valuation cap of $500M,,,,,,,,,Medium,"Manual review: careers page confirms a recent funding round but states only the valuation cap ($500M), not the amount. Amount unknown.",2026-09-30T19:51:38Z
chronicle-labs,Chronicle Labs,Spring 2026,No evidence found,,,,,,,,,,,,,,,,,,Checked: no post-YC Form D matching the founders; no funding statement on website (2 pages) or YC page. LinkedIn/X/Crunchbase need a logged-in browser.,2026-09-30T19:51:39Z
walter,Walter,Spring 2026,No evidence found,,,,,,,,,,,,,,,,,,Checked: no post-YC Form D matching the founders; no funding statement on website (10 pages) or YC page. LinkedIn/X/Crunchbase need a logged-in browser.,2026-09-30T19:51:40Z
aseon-labs,Aseon Labs,Spring 2026,No evidence found,,,,,,,,,,,,,,,,,,"Manual review: the only $ figure on the YC page ($600M raised) refers to a founder's previous company (TIER-Dott), not Aseon Labs. No post-YC Form D; no funding statement on site.",2026-09-30T19:51:43Z
soria,Soria,Spring 2026,No evidence found,,,,,,,,,,,,,,,,,,Checked: no post-YC Form D matching the founders; no funding statement on website (10 pages) or YC page. LinkedIn/X/Crunchbase need a logged-in browser.,2026-09-30T19:51:42Z
armature,Armature,Spring 2026,No evidence found,,,,,,,,,,,,,,,,,,Checked: no post-YC Form D matching the founders; no funding statement on website (4 pages) or YC page. LinkedIn/X/Crunchbase need a logged-in browser. National register for FR not checked.,2026-09-30T19:51:42Z
plan0-ai,PLAN0 AI,Spring 2026,No evidence found,,,,,,,,,,,,,,,,,,Checked: no post-YC Form D matching the founders; no funding statement on website (10 pages) or YC page. LinkedIn/X/Crunchbase need a logged-in browser.,2026-09-30T19:51:43Z
zibra-labs,Zibra Labs,Spring 2026,No evidence found,,,,,,,,,,,,,,,,,,Checked: no post-YC Form D matching the founders; no funding statement on website (2 pages) or YC page. LinkedIn/X/Crunchbase need a logged-in browser.,2026-09-30T19:51:44Z
reason-machines,Reason Machines,Spring 2026,No evidence found,,,,,,,,,,,,,,,,,,Checked: no post-YC Form D matching the founders; no funding statement on website (9 pages) or YC page. LinkedIn/X/Crunchbase need a logged-in browser.,2026-09-30T19:51:45Z
valctrl,ValCtrl,Spring 2026,No evidence found,,,,,,,,,,,,,,,,,,Checked: no post-YC Form D matching the founders; no funding statement on website (10 pages) or YC page. LinkedIn/X/Crunchbase need a logged-in browser.,2026-09-30T19:51:44Z
general-instinct,General Instinct,Spring 2026,No evidence found,,,,,,,,,,,,,,,,,,Checked: no post-YC Form D matching the founders; no funding statement on website (10 pages) or YC page. LinkedIn/X/Crunchbase need a logged-in browser.,2026-09-30T19:51:46Z
tdaycom,tday.com,Spring 2026,No evidence found,,,,,,,,,,,,,,,,,,Checked: no post-YC Form D matching the founders; no funding statement on website (5 pages) or YC page. LinkedIn/X/Crunchbase need a logged-in browser.,2026-09-30T19:51:49Z
e1o,E1O,Spring 2026,No evidence found,,,,,,,,,,,,,,,,,,Checked: no post-YC Form D matching the founders; no funding statement on website (1 pages) or YC page. LinkedIn/X/Crunchbase need a logged-in browser.,2026-09-30T19:51:47Z
minicor,Minicor,Spring 2026,No evidence found,,,,,,,,,,,,,,,,,,Checked: no post-YC Form D matching the founders; no funding statement on website (2 pages) or YC page. LinkedIn/X/Crunchbase need a logged-in browser.,2026-09-30T19:52:31Z
masterpiece,Masterpiece,Spring 2026,No evidence found,,,,,,,,,,,,,,,,,,Checked: no post-YC Form D matching the founders; no funding statement on website (1 pages) or YC page. LinkedIn/X/Crunchbase need a logged-in browser.,2026-09-30T19:51:51Z
river-markets,River Markets,Spring 2026,Yes,8500000,Seed,,Haun Ventures,2,Company website,https://www.rivermarkets.com,River Markets | Prime Brokerage for Prediction Markets Announcing our $8.5M seed round led by Haun Ventures .,,,,,,,,,High,Round date not stated on the source page; assumed post-YC because it is presented as current news. No matching post-YC Form D found.,2026-09-30T19:51:48Z
smol-machines,smol machines,Spring 2026,No evidence found,,,,,,,,,,,,,,,,,,Checked: no post-YC Form D matching the founders; no funding statement on website (1 pages) or YC page. LinkedIn/X/Crunchbase need a logged-in browser.,2026-09-30T19:51:50Z
allowance,Allowance,Spring 2026,No evidence found,,,,,,,,,,,,,,,,,,Checked: no post-YC Form D matching the founders; no funding statement on website (3 pages) or YC page. LinkedIn/X/Crunchbase need a logged-in browser.,2026-09-30T19:51:50Z
runharbor,Harbor,Spring 2026,No evidence found,,,,,,,,,,,,,,,,,,Checked: no post-YC Form D matching the founders; no funding statement on website (4 pages) or YC page. LinkedIn/X/Crunchbase need a logged-in browser.,2026-09-30T19:51:52Z
alchemize,Alchemize,Spring 2026,No evidence found,,,,,,,,,,,,,,,,,,Checked: no post-YC Form D matching the founders; no funding statement on website (10 pages) or YC page. LinkedIn/X/Crunchbase need a logged-in browser.,2026-09-30T19:51:50Z
complir,Complir,Spring 2026,Yes,11000000,Seed,,,2,Company website,https://www.complir.io/,We've raised an $11M seed round to make product compliance effortless.,,,,,,,,,High,Round date not stated on the source page; assumed post-YC because it is presented as current news. No matching post-YC Form D found.,2026-09-30T19:52:03Z
aice,AICE,Spring 2026,No evidence found,,,,,,,,,,,,,,,,,,Checked: no post-YC Form D matching the founders; no funding statement on website (3 pages) or YC page. LinkedIn/X/Crunchbase need a logged-in browser. National register for FR not checked.,2026-09-30T19:51:55Z
infera,Infera,Spring 2026,No evidence found,,,,,,,,,,,,,,,,,,Checked: no post-YC Form D matching the founders; no funding statement on website (3 pages) or YC page. LinkedIn/X/Crunchbase need a logged-in browser.,2026-09-30T19:51:55Z
mount,Mount,Spring 2026,No evidence found,,,,,,,,,,,,,,,,,,Checked: no post-YC Form D matching the founders; no funding statement on website (2 pages) or YC page. LinkedIn/X/Crunchbase need a logged-in browser.,2026-09-30T19:51:55Z
parrot,Parrot,Fall 2025,No evidence found,,,,,,,,,,,,,,,,,,Checked: no post-YC Form D matching the founders; no funding statement on website (12 pages) or YC page. LinkedIn/X/Crunchbase need a logged-in browser.,2026-09-30T19:51:56Z
result,Result,Spring 2026,No evidence found,,,,,,,,,,,,,,,,,,Checked: no post-YC Form D matching the founders; no funding statement on website (4 pages) or YC page. LinkedIn/X/Crunchbase need a logged-in browser.,2026-09-30T19:51:57Z
lumius,Lumius,Spring 2026,No evidence found,,,,,,,,,,,,,,,,,,Checked: no post-YC Form D matching the founders; no funding statement on website (4 pages) or YC page. LinkedIn/X/Crunchbase need a logged-in browser.,2026-09-30T19:52:03Z
adialante,Adialante,Spring 2026,No evidence found,,,,,,,,,,,,,,,,,,Checked: no post-YC Form D matching the founders; no funding statement on website (2 pages) or YC page. LinkedIn/X/Crunchbase need a logged-in browser.,2026-09-30T19:52:02Z
savant,Savant,Spring 2026,No evidence found,,,,,,,,,,,,,,,,,,Checked: no post-YC Form D matching the founders; no funding statement on website (1 pages) or YC page. LinkedIn/X/Crunchbase need a logged-in browser.,2026-09-30T19:52:02Z
keyframe-labs,Keyframe Labs,Spring 2026,No evidence found,,,,,,,,,,,,,,,,,,Checked: no post-YC Form D matching the founders; no funding statement on website (3 pages) or YC page. LinkedIn/X/Crunchbase need a logged-in browser.,2026-09-30T19:51:59Z
voquill,Voquill,Spring 2026,No evidence found,,,,,,,,,,,,,,,,,,Checked: no post-YC Form D matching the founders; no funding statement on website (2 pages) or YC page. LinkedIn/X/Crunchbase need a logged-in browser.,2026-09-30T19:52:00Z
ontora,Ontora,Spring 2026,No evidence found,,,,,,,,,,,,,,,,,,Checked: no post-YC Form D matching the founders; no funding statement on website (2 pages) or YC page. LinkedIn/X/Crunchbase need a logged-in browser. National register for DE not checked.,2026-09-30T19:52:25Z
napkin-math,Napkin Math,Spring 2026,No evidence found,,,,,,,,,,,,,,,,,,Checked: no post-YC Form D matching the founders; no funding statement on website (2 pages) or YC page. LinkedIn/X/Crunchbase need a logged-in browser.,2026-09-30T19:52:01Z
gojiberry-ai,Gojiberry AI,Spring 2026,No evidence found,,,,,,,,,,,,,,,,,,Checked: no post-YC Form D matching the founders; no funding statement on website (2 pages) or YC page. LinkedIn/X/Crunchbase need a logged-in browser. National register for FR not checked.,2026-09-30T19:52:05Z
lab0,Lab0,Spring 2026,No evidence found,,,,,,,,,,,,,,,,,,Checked: no post-YC Form D matching the founders; no funding statement on website (1 pages) or YC page. LinkedIn/X/Crunchbase need a logged-in browser.,2026-09-30T19:52:03Z
bentolabs-ai,BentoLabs AI,Spring 2026,No evidence found,,,,,,,,,,,,,,,,,,Checked: no post-YC Form D matching the founders; no funding statement on website (2 pages) or YC page. LinkedIn/X/Crunchbase need a logged-in browser. National register for IN not checked.,2026-09-30T19:52:14Z
lamina-labs,Lamina Labs,Spring 2026,No evidence found,,,,,,,,,,,,,,,,,,Checked: no post-YC Form D matching the founders; no funding statement on website (1 pages) or YC page. LinkedIn/X/Crunchbase need a logged-in browser.,2026-09-30T19:52:19Z
kimpton,Kimpton,Spring 2026,No evidence found,,,,,,,,,,,,,,,,,,"Manual review: the only $ figure on the YC page ($35M) describes a founder's family office, not a raise by Kimpton. No post-YC Form D; no funding statement on site.",2026-09-30T19:52:30Z
stablebrowse,StableBrowse,Spring 2026,No evidence found,,,,,,,,,,,,,,,,,,Checked: no post-YC Form D matching the founders; no funding statement on website (2 pages) or YC page. LinkedIn/X/Crunchbase need a logged-in browser.,2026-09-30T19:52:07Z
taiga,Taiga,Spring 2026,No evidence found,,,,,,,,,,,,,,,,,,Checked: no post-YC Form D matching the founders; no funding statement on website (3 pages) or YC page. LinkedIn/X/Crunchbase need a logged-in browser.,2026-09-30T19:52:07Z
pairio,Pairio,Spring 2026,No evidence found,,,,,,,,,,,,,,,,,,Checked: no post-YC Form D matching the founders; no funding statement on website (3 pages) or YC page. LinkedIn/X/Crunchbase need a logged-in browser. National register for DE not checked.,2026-09-30T19:52:07Z
callab-ai,Callab AI,Spring 2026,No evidence found,,,,,,,,,,,,,,,,,,Checked: no post-YC Form D matching the founders; no funding statement on website (3 pages) or YC page. LinkedIn/X/Crunchbase need a logged-in browser.,2026-09-30T19:52:08Z
synphony,Synphony,Spring 2026,No evidence found,,,,,,,,,,,,,,,,,,Checked: no post-YC Form D matching the founders; no funding statement on website (10 pages) or YC page. LinkedIn/X/Crunchbase need a logged-in browser.,2026-09-30T19:52:08Z
dreach,Dreach,Spring 2026,No evidence found,,,,,,,,,,,,,,,,,,Checked: no post-YC Form D matching the founders; no funding statement on website (3 pages) or YC page. LinkedIn/X/Crunchbase need a logged-in browser.,2026-09-30T19:52:10Z
arga-labs,Arga Labs,Spring 2026,Yes,10000000,Seed,,General Catalyst Twins Slack Messages,2,Company website,https://www.argalabs.com,"Arga Labs | Real-world sandboxes for testing agents Announcing our $10M seed round led by General Catalyst Twins Slack Messages, channels, users, and permissions",,,,,,,,,High,Round date not stated on the source page; assumed post-YC because it is presented as current news. No matching post-YC Form D found.,2026-09-30T19:52:10Z
andco,Andco,Spring 2026,Yes,4800000,Seed,,,2,Company website,https://www.useandco.com/blog/announcing-our-seed-fundraise,"Today, we’re announcing Andco’s $4.8 million seed round , backed by Y Combinator and Robinhood, with participation from the founders of LangChain, Care.com, Fountain,",,,,,,,,,High,Round date not stated on the source page; assumed post-YC because it is presented as current news. No matching post-YC Form D found.,2026-09-30T19:52:14Z
rentahuman,RentAHuman,Spring 2026,No evidence found,,,,,,,,,,,,,,,,,,Checked: no post-YC Form D matching the founders; no funding statement on website (9 pages) or YC page. LinkedIn/X/Crunchbase need a logged-in browser.,2026-09-30T19:52:26Z
instaagent,InstaAgent,Spring 2026,No evidence found,,,,,,,,,,,,,,,,,,Checked: no post-YC Form D matching the founders; no funding statement on website (1 pages) or YC page. LinkedIn/X/Crunchbase need a logged-in browser.,2026-09-30T19:52:12Z
antinuous,Antinuous,Spring 2026,No evidence found,,,,,,,,,,,,,,,,,,Checked: no post-YC Form D matching the founders; no funding statement on website (1 pages) or YC page. LinkedIn/X/Crunchbase need a logged-in browser.,2026-09-30T19:52:15Z
sherpa,Sherpa,Spring 2026,No evidence found,,,,,,,,,,,,,,,,,,Checked: no post-YC Form D matching the founders; no funding statement on website (2 pages) or YC page. LinkedIn/X/Crunchbase need a logged-in browser.,2026-09-30T19:52:15Z
userlens,Userlens,Spring 2026,No evidence found,,,,,,,,,,,,,,,,,,Checked: no post-YC Form D matching the founders; no funding statement on website (3 pages) or YC page. LinkedIn/X/Crunchbase need a logged-in browser.,2026-09-30T19:52:14Z
transload,transload,Spring 2026,No evidence found,,,,,,,,,,,,,,,,,,Checked: no post-YC Form D matching the founders; no funding statement on website (0 pages) or YC page. LinkedIn/X/Crunchbase need a logged-in browser. National register for DE not checked.,2026-09-30T19:52:17Z
standout,Standout,Spring 2026,No evidence found,,,,,,,,,,,,,,,,,,Checked: no post-YC Form D matching the founders; no funding statement on website (9 pages) or YC page. LinkedIn/X/Crunchbase need a logged-in browser.,2026-09-30T19:52:21Z
shotwellai,shotwell.ai,Spring 2026,No evidence found,,,,,,,,,,,,,,,,,,Checked: no post-YC Form D matching the founders; no funding statement on website (2 pages) or YC page. LinkedIn/X/Crunchbase need a logged-in browser.,2026-09-30T19:52:19Z
madrone,Madrone,Spring 2026,No evidence found,,,,,,,,,,,,,,,,,,Checked: no post-YC Form D matching the founders; no funding statement on website (1 pages) or YC page. LinkedIn/X/Crunchbase need a logged-in browser.,2026-09-30T19:52:22Z
pavoot,Pavoot,Spring 2026,No evidence found,,,,,,,,,,,,,,,,,,Checked: no post-YC Form D matching the founders; no funding statement on website (2 pages) or YC page. LinkedIn/X/Crunchbase need a logged-in browser.,2026-09-30T19:52:21Z
qomplement,qomplement,Spring 2026,No evidence found,,,,,,,,,,,,,,,,,,Checked: no post-YC Form D matching the founders; no funding statement on website (3 pages) or YC page. LinkedIn/X/Crunchbase need a logged-in browser.,2026-09-30T19:52:22Z
deep-interactions,Deep Interactions,Spring 2026,No evidence found,,,,,,,,,,,,,,,,,,Checked: no post-YC Form D matching the founders; no funding statement on website (1 pages) or YC page. LinkedIn/X/Crunchbase need a logged-in browser.,2026-09-30T19:52:23Z
kelai,KelAI,Spring 2026,Yes,4975000,OptionToAcquire; SecurityToBeAcquired (per Form D; stage not stated),2026-04-07,,1,SEC Form D,https://www.sec.gov/Archives/edgar/data/2145665/000214566526000001/primary_doc.xml,totalAmountSold: 4975000; totalOfferingAmount: 4975000; dateOfFirstSale: 2026-04-07,0002145665,0002145665-26-000001,4975000,4975000,2026-04-07,OptionToAcquire; SecurityToBeAcquired,14,"KelAI Tech, Inc.",High,"First sale is close to batch start, so the Form D total may include YC's $500K.",2026-09-30T19:52:21Z
hevn-inc,"HEVN, inc",Spring 2026,No evidence found,,,,,,,,,,,,,,,,,,Checked: no post-YC Form D matching the founders; no funding statement on website (6 pages) or YC page. LinkedIn/X/Crunchbase need a logged-in browser.,2026-09-30T19:52:25Z
wealor,Wealor,Spring 2026,No evidence found,,,,,,,,,,,,,,,,,,Checked: no post-YC Form D matching the founders; no funding statement on website (9 pages) or YC page. LinkedIn/X/Crunchbase need a logged-in browser. National register for FR not checked.,2026-09-30T19:52:26Z
elyra,Elyra,Spring 2026,No evidence found,,,,,,,,,,,,,,,,,,Checked: no post-YC Form D matching the founders; no funding statement on website (3 pages) or YC page. LinkedIn/X/Crunchbase need a logged-in browser. National register for SE not checked.,2026-09-30T19:52:24Z
interfaze,Interfaze,Spring 2026,No evidence found,,,,,,,,,,,,,,,,,,Checked: no post-YC Form D matching the founders; no funding statement on website (5 pages) or YC page. LinkedIn/X/Crunchbase need a logged-in browser.,2026-09-30T19:52:38Z
zolvo,Zolvo,Spring 2026,No evidence found,,,,,,,,,,,,,,,,,,Checked: no post-YC Form D matching the founders; no funding statement on website (16 pages) or YC page. LinkedIn/X/Crunchbase need a logged-in browser.,2026-09-30T19:52:28Z
juno-chat,Juno,Spring 2026,No evidence found,,,,,,,,,,,,,,,,,,Checked: no post-YC Form D matching the founders; no funding statement on website (2 pages) or YC page. LinkedIn/X/Crunchbase need a logged-in browser.,2026-09-30T19:52:26Z
kinro,Kinro,Spring 2026,No evidence found,,,,,,,,,,,,,,,,,,Checked: no post-YC Form D matching the founders; no funding statement on website (6 pages) or YC page. LinkedIn/X/Crunchbase need a logged-in browser.,2026-09-30T19:52:30Z
govguard,GovGuard,Spring 2026,No evidence found,,,,,,,,,,,,,,,,,,Checked: no post-YC Form D matching the founders; no funding statement on website (9 pages) or YC page. LinkedIn/X/Crunchbase need a logged-in browser.,2026-09-30T19:52:31Z
superlog,Superlog,Spring 2026,No evidence found,,,,,,,,,,,,,,,,,,Checked: no post-YC Form D matching the founders; no funding statement on website (12 pages) or YC page. LinkedIn/X/Crunchbase need a logged-in browser. National register for FR not checked.,2026-09-30T19:52:32Z
limrun,Limrun,Spring 2026,No evidence found,,,,,,,,,,,,,,,,,,Checked: no post-YC Form D matching the founders; no funding statement on website (2 pages) or YC page. LinkedIn/X/Crunchbase need a logged-in browser.,2026-09-30T19:52:32Z
light-anchor,Light Anchor,Spring 2026,No evidence found,,,,,,,,,,,,,,,,,,Checked: no post-YC Form D matching the founders; no funding statement on website (3 pages) or YC page. LinkedIn/X/Crunchbase need a logged-in browser. National register for KR not checked.,2026-09-30T19:52:30Z
hub,Hub,Spring 2026,Unclear,,,,,5,"Tracxn (lead only, from input)",,,,,,,,,,,Low,"Tracxn lead total $1,700,000; not confirmed by a higher-tier source. Checked: no post-YC Form D matching the founders; no funding statement on website (1 pages) or YC page. LinkedIn/X/Crunchbase need a logged-in browser.",2026-09-30T19:52:34Z
tenet-industries,Tenet Industries,Spring 2026,No evidence found,,,,,,,,,,,,,,,,,,Checked: no post-YC Form D matching the founders; no funding statement on website (1 pages) or YC page. LinkedIn/X/Crunchbase need a logged-in browser. National register for SE not checked.,2026-09-30T19:52:38Z
atrisa,Atrisa,Spring 2026,No evidence found,,,,,,,,,,,,,,,,,,Checked: no post-YC Form D matching the founders; no funding statement on website (1 pages) or YC page. LinkedIn/X/Crunchbase need a logged-in browser.,2026-09-30T19:52:31Z
trellistech,Trellis,Spring 2026,No evidence found,,,,,,,,,,,,,,,,,,Checked: no post-YC Form D matching the founders; no funding statement on website (4 pages) or YC page. LinkedIn/X/Crunchbase need a logged-in browser.,2026-09-30T19:52:38Z
dayjob,Dayjob,Spring 2026,No evidence found,,,,,,,,,,,,,,,,,,Checked: no post-YC Form D matching the founders; no funding statement on website (1 pages) or YC page. LinkedIn/X/Crunchbase need a logged-in browser.,2026-09-30T19:52:38Z
inloop-robotics,InLoop Robotics,Spring 2026,No evidence found,,,,,,,,,,,,,,,,,,Checked: no post-YC Form D matching the founders; no funding statement on website (1 pages) or YC page. LinkedIn/X/Crunchbase need a logged-in browser. National register for DE not checked.,2026-09-30T19:52:37Z
zenbu-2,Zenbu,Spring 2026,No evidence found,,,,,,,,,,,,,,,,,,Checked: no post-YC Form D matching the founders; no funding statement on website (1 pages) or YC page. LinkedIn/X/Crunchbase need a logged-in browser.,2026-09-30T19:52:34Z
andustry,Andustry,Spring 2026,No evidence found,,,,,,,,,,,,,,,,,,Checked: no post-YC Form D matching the founders; no funding statement on website (2 pages) or YC page. LinkedIn/X/Crunchbase need a logged-in browser.,2026-09-30T19:52:39Z
nine-fives,Nine Fives,Spring 2026,No evidence found,,,,,,,,,,,,,,,,,,Checked: no post-YC Form D matching the founders; no funding statement on website (1 pages) or YC page. LinkedIn/X/Crunchbase need a logged-in browser.,2026-09-30T19:52:37Z
chert,Chert,Spring 2026,No evidence found,,,,,,,,,,,,,,,,,,Checked: no post-YC Form D matching the founders; no funding statement on website (5 pages) or YC page. LinkedIn/X/Crunchbase need a logged-in browser.,2026-09-30T19:52:38Z
saffron,Saffron,Spring 2026,No evidence found,,,,,,,,,,,,,,,,,,Checked: no post-YC Form D matching the founders; no funding statement on website (3 pages) or YC page. LinkedIn/X/Crunchbase need a logged-in browser.,2026-09-30T19:52:37Z
discovered-materials,Discovered Materials,Spring 2026,Yes,9000000,Seed,,Lightspeed,2,Company website,https://discoveredmaterials.com,"We are backed by a $9M seed round led by Lightspeed, with participation from Y Combinator and Peak XV, and angels like Paul Graham,",,,,,,,,,High,Round date not stated on the source page; assumed post-YC because it is presented as current news. No matching post-YC Form D found.,2026-09-30T19:52:38Z
lightsprint,LightSprint,Spring 2026,No evidence found,,,,,,,,,,,,,,,,,,Checked: no post-YC Form D matching the founders; no funding statement on website (4 pages) or YC page. LinkedIn/X/Crunchbase need a logged-in browser.,2026-09-30T19:52:41Z
twolabs,Twolabs,Spring 2026,No evidence found,,,,,,,,,,,,,,,,,,Checked: no post-YC Form D matching the founders; no funding statement on website (1 pages) or YC page. LinkedIn/X/Crunchbase need a logged-in browser.,2026-09-30T19:52:39Z
scope,Scope,Spring 2026,No evidence found,,,,,,,,,,,,,,,,,,Checked: no post-YC Form D matching the founders; no funding statement on website (2 pages) or YC page. LinkedIn/X/Crunchbase need a logged-in browser.,2026-09-30T19:52:44Z
hexa,Hexa,Spring 2026,No evidence found,,,,,,,,,,,,,,,,,,Checked: no post-YC Form D matching the founders; no funding statement on website (3 pages) or YC page. LinkedIn/X/Crunchbase need a logged-in browser.,2026-09-30T19:52:42Z
rudus,Rudus,Spring 2026,No evidence found,,,,,,,,,,,,,,,,,,Checked: no post-YC Form D matching the founders; no funding statement on website (1 pages) or YC page. LinkedIn/X/Crunchbase need a logged-in browser.,2026-09-30T19:52:46Z
replicas,Replicas,Spring 2026,No evidence found,,,,,,,,,,,,,,,,,,Checked: no post-YC Form D matching the founders; no funding statement on website (2 pages) or YC page. LinkedIn/X/Crunchbase need a logged-in browser.,2026-09-30T19:52:41Z
totalis,Totalis,Spring 2026,No evidence found,,,,,,,,,,,,,,,,,,Checked: no post-YC Form D matching the founders; no funding statement on website (3 pages) or YC page. LinkedIn/X/Crunchbase need a logged-in browser.,2026-09-30T19:52:42Z
multiplier,Multiplier,Spring 2026,Yes,3978000,Seed (OptionToAcquire; SecurityToBeAcquired per Form D),2026-03-17,Lux Capital,1,SEC Form D,https://www.sec.gov/Archives/edgar/data/2140890/000214089026000001/primary_doc.xml,totalAmountSold: 3978000; totalOfferingAmount: 3978000; dateOfFirstSale: 2026-03-17,0002140890,0002140890-26-000001,3978000,3978000,2026-03-17,OptionToAcquire; SecurityToBeAcquired,57,"WithAI Research, Inc.",High,"Legal name differs from brand; matched on related person(s) Benjamin Finch, Ian McInnis, issuer in New York, NY. First sale is close to batch start, so the Form D total may include YC's $500K. Tier 2 source states $6 million (https://www.multiplier.ai/blog/announcing-our-6m-seed); Form D figure kept.",2026-09-30T19:53:25Z
memoir,Memoir,Spring 2026,No evidence found,,,,,,,,,,,,,,,,,,Checked: no post-YC Form D matching the founders; no funding statement on website (1 pages) or YC page. LinkedIn/X/Crunchbase need a logged-in browser.,2026-09-30T19:52:44Z
perfectbit-inc,"PerfectBit, Inc.",Spring 2026,No evidence found,,,,,,,,,,,,,,,,,,Checked: no post-YC Form D matching the founders; no funding statement on website (10 pages) or YC page. LinkedIn/X/Crunchbase need a logged-in browser.,2026-09-30T19:52:46Z
stage,Stage,Spring 2026,No evidence found,,,,,,,,,,,,,,,,,,Checked: no post-YC Form D matching the founders; no funding statement on website (3 pages) or YC page. LinkedIn/X/Crunchbase need a logged-in browser.,2026-09-30T19:52:47Z
standard-signal,Standard Signal,Spring 2026,No evidence found,,,,,,,,,,,,,,,,,,Checked: no post-YC Form D matching the founders; no funding statement on website (3 pages) or YC page. LinkedIn/X/Crunchbase need a logged-in browser.,2026-09-30T19:52:45Z
primitive,primitive,Spring 2026,No evidence found,,,,,,,,,,,,,,,,,,Checked: no post-YC Form D matching the founders; no funding statement on website (4 pages) or YC page. LinkedIn/X/Crunchbase need a logged-in browser.,2026-09-30T19:52:49Z
korso,Korso,Spring 2026,No evidence found,,,,,,,,,,,,,,,,,,Checked: no post-YC Form D matching the founders; no funding statement on website (2 pages) or YC page. LinkedIn/X/Crunchbase need a logged-in browser.,2026-09-30T19:52:45Z
klarify,Klarify,Spring 2026,No evidence found,,,,,,,,,,,,,,,,,,Checked: no post-YC Form D matching the founders; no funding statement on website (3 pages) or YC page. LinkedIn/X/Crunchbase need a logged-in browser.,2026-09-30T19:52:47Z
surtr-defense-systems,Surtr Defense Systems,Spring 2026,Yes,5000000,Seed,2026-07-07,,4,Press (linked from YC company page),https://www.tectonicdefense.com/exclusive-surtr-raises-5m-seed-for-c-uas-integration/,Exclusive: Surtr Raises $5M Seed for C-UAS Integration,,,,,,,,,Medium,No matching post-YC Form D found.,2026-09-30T19:52:47Z
hedge,Hedge,Spring 2026,No evidence found,,,,,,,,,,,,,,,,,,Checked: no post-YC Form D matching the founders; no funding statement on website (3 pages) or YC page. LinkedIn/X/Crunchbase need a logged-in browser.,2026-09-30T19:52:46Z
dispatch,Dispatch,Spring 2026,No evidence found,,,,,,,,,,,,,,,,,,Checked: no post-YC Form D matching the founders; no funding statement on website (2 pages) or YC page. LinkedIn/X/Crunchbase need a logged-in browser.,2026-09-30T19:52:47Z
bloom-4,Bloom,Spring 2025,Unclear,,,,,5,"Tracxn (lead only, from input)",,,,,,,,,,,Low,"Tracxn lead total $3,400,000; not confirmed by a higher-tier source. Checked: no post-YC Form D matching the founders; no funding statement on website (3 pages) or YC page. LinkedIn/X/Crunchbase need a logged-in browser.",2026-09-30T19:52:51Z
regbase,Regbase,Spring 2026,No evidence found,,,,,,,,,,,,,,,,,,Checked: no post-YC Form D matching the founders; no funding statement on website (9 pages) or YC page. LinkedIn/X/Crunchbase need a logged-in browser.,2026-09-30T19:53:12Z
inth,Inth,Spring 2026,Unclear,,,,,5,"Tracxn (lead only, from input)",,,,,,,,,,,Low,"Tracxn lead total $1,200,000; not confirmed by a higher-tier source. Checked: no post-YC Form D matching the founders; no funding statement on website (7 pages) or YC page. LinkedIn/X/Crunchbase need a logged-in browser.",2026-09-30T19:54:09Z
superset,Superset,Spring 2026,Yes,11500089,Equity (per Form D; stage not stated),2026-07-31,,1,SEC Form D,https://www.sec.gov/Archives/edgar/data/2150111/000215011126000001/primary_doc.xml,totalAmountSold: 11500089; totalOfferingAmount: 11500089; dateOfFirstSale: 2026-07-31,0002150111,0002150111-26-000001,11500089,11500089,2026-07-31,Equity,35,Superset Inc.,High,,2026-09-30T19:53:02Z
netter,Netter,Spring 2026,No evidence found,,,,,,,,,,,,,,,,,,Checked: no post-YC Form D matching the founders; no funding statement on website (1 pages) or YC page. LinkedIn/X/Crunchbase need a logged-in browser. National register for FR not checked.,2026-09-30T19:52:54Z
sazabi,Sazabi,Spring 2026,Yes,8000000,Seed,,,2,Company website,https://www.sazabi.com/blog,Announcing Our $8M Seed Round and Open Beta.,,,,,,,,,High,Round date not stated on the source page; assumed post-YC because it is presented as current news. No matching post-YC Form D found.,2026-09-30T19:52:53Z
9-mothers-corporation,9 Mothers,Spring 2026,No evidence found,,,,,,,,,,,,,,,,,,Checked: no post-YC Form D matching the founders; no funding statement on website (3 pages) or YC page. LinkedIn/X/Crunchbase need a logged-in browser.,2026-09-30T19:52:52Z
drafted,Drafted,Spring 2026,Yes,17500000,,,,2,YC company/launch page,https://www.ycombinator.com/companies/drafted,"Since starting 10 months ago, we've raised $17.5M from YC, Buckley Ventures, Patrick Collison, Bill Clerico, Ben Silbermann, Jack Altman, Samsung NEXT, Starship Ventures,",,,,,,,,,High,Round date not stated on the source page; assumed post-YC because it is presented as current news. Other stated figure: $16M (https://www.businessinsider.com/drafted-16m-funding-reshape-home-design-with-ai-2026-5). No matching post-YC Form D found.,2026-09-30T19:52:56Z
cignara,Cignara,Spring 2026,No evidence found,,,,,,,,,,,,,,,,,,Checked: no post-YC Form D matching the founders; no funding statement on website (2 pages) or YC page. LinkedIn/X/Crunchbase need a logged-in browser.,2026-09-30T19:52:52Z
fuchsia,Fuchsia,Spring 2026,No evidence found,,,,,,,,,,,,,,,,,,Checked: no post-YC Form D matching the founders; no funding statement on website (2 pages) or YC page. LinkedIn/X/Crunchbase need a logged-in browser.,2026-09-30T19:52:53Z
imperfect,Imperfect,Spring 2026,No evidence found,,,,,,,,,,,,,,,,,,Checked: no post-YC Form D matching the founders; no funding statement on website (2 pages) or YC page. LinkedIn/X/Crunchbase need a logged-in browser.,2026-09-30T19:52:54Z
clara-2,Clara,Spring 2026,Yes,12000000,Pre-Seed,,,2,Company website,https://askclara.com/,"Clara raises $12M pre-seed, joins Y Combinator Read more Read more .",,,,,,,,,High,"Manual review: $12M pre-seed announced together with joining YC; may include YC's $500K, and the round may partly predate the batch.",2026-09-30T19:53:40Z
linzumi,Linzumi,Spring 2026,No evidence found,,,,,,,,,,,,,,,,,,Checked: no post-YC Form D matching the founders; no funding statement on website (2 pages) or YC page. LinkedIn/X/Crunchbase need a logged-in browser.,2026-09-30T19:52:59Z
advanced-metal-research,Advanced Metal Research,Spring 2026,No evidence found,,,,,,,,,,,,,,,,,,Checked: no post-YC Form D matching the founders; no funding statement on website (10 pages) or YC page. LinkedIn/X/Crunchbase need a logged-in browser.,2026-09-30T19:52:56Z
ploy,Ploy,Spring 2026,Yes,26571989,Seed (Equity per Form D),2026-05-05,,1,SEC Form D,https://www.sec.gov/Archives/edgar/data/2136625/000213662526000001/primary_doc.xml,totalAmountSold: 26571989; totalOfferingAmount: 26571989; dateOfFirstSale: 2026-05-05,0002136625,0002136625-26-000001,26571989,26571989,2026-05-05,Equity,11,"Ploy, Inc.",High,"First sale is close to batch start, so the Form D total may include YC's $500K. Form D clarification: Includes $11,572,000 of securities issued upon conversion and cancellation of outstanding SAFEs.",2026-09-30T19:53:00Z
takecareos,TakeCareOS,Spring 2026,No evidence found,,,,,,,,,,,,,,,,,,Checked: no post-YC Form D matching the founders; no funding statement on website (10 pages) or YC page. LinkedIn/X/Crunchbase need a logged-in browser. National register for AU not checked.,2026-09-30T19:52:58Z
prism,Prism,Spring 2025,No evidence found,,,,,,,,,,,,,,,,,,Checked: no post-YC Form D matching the founders; no funding statement on website (2 pages) or YC page. LinkedIn/X/Crunchbase need a logged-in browser.,2026-09-30T19:52:57Z
finaldose,FinalDose,Spring 2026,No evidence found,,,,,,,,,,,,,,,,,,Checked: no post-YC Form D matching the founders; no funding statement on website (2 pages) or YC page. LinkedIn/X/Crunchbase need a logged-in browser.,2026-09-30T19:53:04Z
smartbase,Smartbase,Spring 2026,No evidence found,,,,,,,,,,,,,,,,,,Checked: no post-YC Form D matching the founders; no funding statement on website (0 pages) or YC page. LinkedIn/X/Crunchbase need a logged-in browser.,2026-09-30T19:52:58Z
foresight,Foresight,Spring 2026,No evidence found,,,,,,,,,,,,,,,,,,Checked: no post-YC Form D matching the founders; no funding statement on website (10 pages) or YC page. LinkedIn/X/Crunchbase need a logged-in browser.,2026-09-30T19:53:01Z
miso-labs,Miso Labs,Spring 2026,No evidence found,,,,,,,,,,,,,,,,,,Checked: no post-YC Form D matching the founders; no funding statement on website (4 pages) or YC page. LinkedIn/X/Crunchbase need a logged-in browser.,2026-09-30T19:53:05Z
humwork,Humwork,Spring 2026,No evidence found,,,,,,,,,,,,,,,,,,Checked: no post-YC Form D matching the founders; no funding statement on website (1 pages) or YC page. LinkedIn/X/Crunchbase need a logged-in browser.,2026-09-30T19:53:22Z
autostep,Autostep,Spring 2026,No evidence found,,,,,,,,,,,,,,,,,,Checked: no post-YC Form D matching the founders; no funding statement on website (1 pages) or YC page. LinkedIn/X/Crunchbase need a logged-in browser.,2026-09-30T19:53:37Z
jo,jo,Spring 2026,No evidence found,,,,,,,,,,,,,,,,,,Checked: no post-YC Form D matching the founders; no funding statement on website (2 pages) or YC page. LinkedIn/X/Crunchbase need a logged-in browser.,2026-09-30T19:53:05Z
prototypingio,Prototyping.io,Spring 2026,No evidence found,,,,,,,,,,,,,,,,,,Checked: no post-YC Form D matching the founders; no funding statement on website (0 pages) or YC page. LinkedIn/X/Crunchbase need a logged-in browser.,2026-09-30T19:53:44Z
oddpool,Oddpool,Spring 2026,Unclear,,,,,5,"Tracxn (lead only, from input)",,,,,,,,,,,Low,"Tracxn lead total $3,500,000; not confirmed by a higher-tier source. Checked: no post-YC Form D matching the founders; no funding statement on website (1 pages) or YC page. LinkedIn/X/Crunchbase need a logged-in browser.",2026-09-30T19:53:17Z
trycardinal-ai,Cardinal,Winter 2026,No evidence found,,,,,,,,,,,,,,,,,,Checked: no post-YC Form D matching the founders; no funding statement on website (2 pages) or YC page. LinkedIn/X/Crunchbase need a logged-in browser.,2026-09-30T19:53:09Z
wideframe,Wideframe,Winter 2026,No evidence found,,,,,,,,,,,,,,,,,,Checked: no post-YC Form D matching the founders; no funding statement on website (11 pages) or YC page. LinkedIn/X/Crunchbase need a logged-in browser.,2026-09-30T19:53:12Z
martini,Martini,Winter 2026,No evidence found,,,,,,,,,,,,,,,,,,Checked: no post-YC Form D matching the founders; no funding statement on website (9 pages) or YC page. LinkedIn/X/Crunchbase need a logged-in browser.,2026-09-30T19:53:31Z
condor-energy,Condor Energy,Winter 2026,No evidence found,,,,,,,,,,,,,,,,,,Checked: no post-YC Form D matching the founders; no funding statement on website (1 pages) or YC page. LinkedIn/X/Crunchbase need a logged-in browser. National register for FR not checked.,2026-09-30T19:53:12Z
remix-3,Remix,Winter 2026,No evidence found,,,,,,,,,,,,,,,,,,Checked: no post-YC Form D matching the founders; no funding statement on website (10 pages) or YC page. LinkedIn/X/Crunchbase need a logged-in browser.,2026-09-30T19:53:15Z
shofo,Shofo,Winter 2026,No evidence found,,,,,,,,,,,,,,,,,,Checked: no post-YC Form D matching the founders; no funding statement on website (1 pages) or YC page. LinkedIn/X/Crunchbase need a logged-in browser.,2026-09-30T19:53:42Z
wayco,Wayco,Winter 2026,No evidence found,,,,,,,,,,,,,,,,,,Checked: no post-YC Form D matching the founders; no funding statement on website (1 pages) or YC page. LinkedIn/X/Crunchbase need a logged-in browser.,2026-09-30T19:53:15Z
unifold,Unifold,Winter 2026,No evidence found,,,,,,,,,,,,,,,,,,Checked: no post-YC Form D matching the founders; no funding statement on website (6 pages) or YC page. LinkedIn/X/Crunchbase need a logged-in browser.,2026-09-30T19:53:19Z
carrot-labs,Carrot Labs,Winter 2026,No evidence found,,,,,,,,,,,,,,,,,,Checked: no post-YC Form D matching the founders; no funding statement on website (4 pages) or YC page. LinkedIn/X/Crunchbase need a logged-in browser.,2026-09-30T19:53:20Z
aurorin-cad,Aurorin CAD,Winter 2026,No evidence found,,,,,,,,,,,,,,,,,,Checked: no post-YC Form D matching the founders; no funding statement on website (3 pages) or YC page. LinkedIn/X/Crunchbase need a logged-in browser.,2026-09-30T19:53:37Z
fixture,Fixture,Winter 2026,No evidence found,,,,,,,,,,,,,,,,,,Checked: no post-YC Form D matching the founders; no funding statement on website (1 pages) or YC page. LinkedIn/X/Crunchbase need a logged-in browser.,2026-09-30T19:53:41Z
daivin,DAIVIN!,Winter 2026,No evidence found,,,,,,,,,,,,,,,,,,Checked: no post-YC Form D matching the founders; no funding statement on website (2 pages) or YC page. LinkedIn/X/Crunchbase need a logged-in browser.,2026-09-30T19:53:23Z
brumby,Brumby (Formerly GrazeMate),Winter 2026,Yes,1200000,,2026-01-13,,4,Press (linked from YC company page),https://www.forbes.com.au/news/innovation/grazemate-raises-1-2-million-19-year-old-ceo-cattle-mustering/,GrazeMate Raises $1.2 Million As 19-Year-Old CEO Automates Cattle Mustering,0002127563,,,,,,,"GRAZEMATE, INC.",Medium,yc deal like Form D 0002127563-26-000001: sold 156500 first sale 2026-03-10 No matching post-YC Form D found.,2026-09-30T19:53:22Z
origami-robotics,Origami Robotics,Winter 2026,No evidence found,,,,,,,,,,,,,,,,,,Checked: no post-YC Form D matching the founders; no funding statement on website (10 pages) or YC page. LinkedIn/X/Crunchbase need a logged-in browser.,2026-09-30T19:53:26Z
ossus,Ossus,Winter 2026,No evidence found,,,,,,,,,,,,,,,,,,Checked: no post-YC Form D matching the founders; no funding statement on website (2 pages) or YC page. LinkedIn/X/Crunchbase need a logged-in browser.,2026-09-30T19:53:27Z
rubric-ai,Rubric AI,Winter 2026,No evidence found,,,,,,,,,,,,,,,,,,Checked: no post-YC Form D matching the founders; no funding statement on website (0 pages) or YC page. LinkedIn/X/Crunchbase need a logged-in browser.,2026-09-30T19:53:24Z
zymbly,Zymbly,Winter 2026,No evidence found,,,,,,,,,,,,,,,,,,"Checked: no post-YC Form D matching the founders; no funding statement on website (1 pages) or YC page. LinkedIn/X/Crunchbase need a logged-in browser. Companies House ZYMBLY LTD (16187087): 1 SH01 allotment filing(s), latest 18 Dec 2025: Statement of capital following an allotment of shares on 26 November 2025 GBP 3",2026-09-30T19:53:28Z
tensortest,TensorTest,Winter 2026,No evidence found,,,,,,,,,,,,,,,,,,Checked: no post-YC Form D matching the founders; no funding statement on website (1 pages) or YC page. LinkedIn/X/Crunchbase need a logged-in browser.,2026-09-30T19:53:32Z
polymorph,Polymorph,Winter 2026,No evidence found,,,,,,,,,,,,,,,,,,Checked: no post-YC Form D matching the founders; no funding statement on website (1 pages) or YC page. LinkedIn/X/Crunchbase need a logged-in browser.,2026-09-30T19:53:42Z
khotan,Khotan (formerly Pollinate),Winter 2026,No evidence found,,,,,,,,,,,,,,,,,,Checked: no post-YC Form D matching the founders; no funding statement on website (3 pages) or YC page. LinkedIn/X/Crunchbase need a logged-in browser.,2026-09-30T19:53:32Z
spotpay,SpotPay,Winter 2026,No evidence found,,,,,,,,,,,,,,,,,,Checked: no post-YC Form D matching the founders; no funding statement on website (1 pages) or YC page. LinkedIn/X/Crunchbase need a logged-in browser.,2026-09-30T19:53:32Z
voygr,VOYGR,Winter 2026,No evidence found,,,,,,,,,,,,,,,,,,Checked: no post-YC Form D matching the founders; no funding statement on website (1 pages) or YC page. LinkedIn/X/Crunchbase need a logged-in browser.,2026-09-30T19:53:35Z
mochacare,MochaCare,Winter 2026,No evidence found,,,,,,,,,,,,,,,,,,Checked: no post-YC Form D matching the founders; no funding statement on website (2 pages) or YC page. LinkedIn/X/Crunchbase need a logged-in browser.,2026-09-30T19:53:36Z
vela,Vela,Winter 2026,No evidence found,,,,,,,,,,,,,,,,,,Checked: no post-YC Form D matching the founders; no funding statement on website (5 pages) or YC page. LinkedIn/X/Crunchbase need a logged-in browser.,2026-09-30T19:53:40Z
veriad,Veriad,Winter 2026,No evidence found,,,,,,,,,,,,,,,,,,Checked: no post-YC Form D matching the founders; no funding statement on website (2 pages) or YC page. LinkedIn/X/Crunchbase need a logged-in browser. Companies House VERIAD LTD (17029772): no SH01 allotments listed.,2026-09-30T19:53:59Z
talking-computers,Talking Computers,Winter 2026,No evidence found,,,,,,,,,,,,,,,,,,Checked: no post-YC Form D matching the founders; no funding statement on website (1 pages) or YC page. LinkedIn/X/Crunchbase need a logged-in browser. National register for CA not checked.,2026-09-30T19:53:44Z
copperlane,Copperlane,Winter 2026,Yes,4100000,Seed,,TQ Ventures.,2,Company website,https://www.copperlane.ai,Copperlane closes $4.1M Seed led by TQ Ventures.,,,,,,,,,High,Round date not stated on the source page; assumed post-YC because it is presented as current news. No matching post-YC Form D found.,2026-09-30T19:53:41Z
canary,Canary,Winter 2026,No evidence found,,,,,,,,,,,,,,,,,,Checked: no post-YC Form D matching the founders; no funding statement on website (10 pages) or YC page. LinkedIn/X/Crunchbase need a logged-in browser.,2026-09-30T19:53:45Z
grade,Grade,Winter 2026,No evidence found,,,,,,,,,,,,,,,,,,Checked: no post-YC Form D matching the founders; no funding statement on website (2 pages) or YC page. LinkedIn/X/Crunchbase need a logged-in browser.,2026-09-30T19:53:47Z
sila,Sila,Winter 2026,No evidence found,,,,,,,,,,,,,,,,,,Checked: no post-YC Form D matching the founders; no funding statement on website (3 pages) or YC page. LinkedIn/X/Crunchbase need a logged-in browser.,2026-09-30T19:53:46Z
maven,Maven,Winter 2026,No evidence found,,,,,,,,,,,,,,,,,,Checked: no post-YC Form D matching the founders; no funding statement on website (1 pages) or YC page. LinkedIn/X/Crunchbase need a logged-in browser.,2026-09-30T19:53:44Z
moda,Moda,Winter 2026,No evidence found,,,,,,,,,,,,,,,,,,Checked: no post-YC Form D matching the founders; no funding statement on website (7 pages) or YC page. LinkedIn/X/Crunchbase need a logged-in browser.,2026-09-30T19:53:46Z
the-token-company,The Token Company,Winter 2026,No evidence found,,,,,,,,,,,,,,,,,,Checked: no post-YC Form D matching the founders; no funding statement on website (3 pages) or YC page. LinkedIn/X/Crunchbase need a logged-in browser.,2026-09-30T19:53:57Z
beesafe-ai,BeeSafe AI,Winter 2026,No evidence found,,,,,,,,,,,,,,,,,,Checked: no post-YC Form D matching the founders; no funding statement on website (1 pages) or YC page. LinkedIn/X/Crunchbase need a logged-in browser.,2026-09-30T19:54:13Z
fed10,Fed10,Winter 2026,No evidence found,,,,,,,,,,,,,,,,,,Checked: no post-YC Form D matching the founders; no funding statement on website (10 pages) or YC page. LinkedIn/X/Crunchbase need a logged-in browser.,2026-09-30T19:53:46Z
squid,Squid,Winter 2026,No evidence found,,,,,,,,,,,,,,,,,,Checked: no post-YC Form D matching the founders; no funding statement on website (3 pages) or YC page. LinkedIn/X/Crunchbase need a logged-in browser. Companies House SQUID LABS LTD (16925657): no SH01 allotments listed.,2026-09-30T19:53:52Z
turnstone,Turnstone,Winter 2026,No evidence found,,,,,,,,,,,,,,,,,,Checked: no post-YC Form D matching the founders; no funding statement on website (0 pages) or YC page. LinkedIn/X/Crunchbase need a logged-in browser.,2026-09-30T19:54:28Z
foreman,Foreman,Winter 2026,No evidence found,,,,,,,,,,,,,,,,,,Checked: no post-YC Form D matching the founders; no funding statement on website (2 pages) or YC page. LinkedIn/X/Crunchbase need a logged-in browser.,2026-09-30T19:53:53Z
booko,Booko,Winter 2026,No evidence found,,,,,,,,,,,,,,,,,,Checked: no post-YC Form D matching the founders; no funding statement on website (1 pages) or YC page. LinkedIn/X/Crunchbase need a logged-in browser.,2026-09-30T19:53:52Z
corelayer,Corelayer,Winter 2026,No evidence found,,,,,,,,,,,,,,,,,,Checked: no post-YC Form D matching the founders; no funding statement on website (10 pages) or YC page. LinkedIn/X/Crunchbase need a logged-in browser.,2026-09-30T19:53:53Z
general-legal,General Legal,Winter 2026,Unclear,,,,,5,"Tracxn (lead only, from input)",,,,,,,,,,,Low,"Tracxn lead total $12,000,000; not confirmed by a higher-tier source. Checked: no post-YC Form D matching the founders; no funding statement on website (4 pages) or YC page. LinkedIn/X/Crunchbase need a logged-in browser.",2026-09-30T19:53:51Z
fort,Fort,Winter 2026,No evidence found,,,,,,,,,,,,,,,,,,Checked: no post-YC Form D matching the founders; no funding statement on website (3 pages) or YC page. LinkedIn/X/Crunchbase need a logged-in browser.,2026-09-30T19:54:12Z
getbalance,Balance,Winter 2026,Yes,4700000,,,,2,Company website,https://getbalance.ai/about,Balance has raised $4.7M.,,,,,,,,,High,Round date not stated on the source page; assumed post-YC because it is presented as current news. No matching post-YC Form D found. Companies House BALANCE TECHNOLOGIES LTD (16998135): no SH01 allotments listed.,2026-09-30T19:53:51Z
chasi,Chasi,Winter 2026,No evidence found,,,,,,,,,,,,,,,,,,Checked: no post-YC Form D matching the founders; no funding statement on website (2 pages) or YC page. LinkedIn/X/Crunchbase need a logged-in browser.,2026-09-30T19:53:56Z
remy-ai,Remy AI,Winter 2026,No evidence found,,,,,,,,,,,,,,,,,,Checked: no post-YC Form D matching the founders; no funding statement on website (1 pages) or YC page. LinkedIn/X/Crunchbase need a logged-in browser.,2026-09-30T19:53:55Z
anchorhead,Anchorhead,Winter 2026,No evidence found,,,,,,,,,,,,,,,,,,Checked: no post-YC Form D matching the founders; no funding statement on website (1 pages) or YC page. LinkedIn/X/Crunchbase need a logged-in browser.,2026-09-30T19:53:56Z
o11,o11,Winter 2026,No evidence found,,,,,,,,,,,,,,,,,,Checked: no post-YC Form D matching the founders; no funding statement on website (3 pages) or YC page. LinkedIn/X/Crunchbase need a logged-in browser.,2026-09-30T19:53:59Z
doomersion,Doomersion,Winter 2026,No evidence found,,,,,,,,,,,,,,,,,,Checked: no post-YC Form D matching the founders; no funding statement on website (2 pages) or YC page. LinkedIn/X/Crunchbase need a logged-in browser.,2026-09-30T19:53:57Z
sequence-markets,Sequence Markets,Winter 2026,No evidence found,,,,,,,,,,,,,,,,,,Checked: no post-YC Form D matching the founders; no funding statement on website (2 pages) or YC page. LinkedIn/X/Crunchbase need a logged-in browser. National register for CA not checked.,2026-09-30T19:53:59Z
ditto-biosciences,Ditto Biosciences,Winter 2026,No evidence found,,,,,,,,,,,,,,,,,,Checked: no post-YC Form D matching the founders; no funding statement on website (2 pages) or YC page. LinkedIn/X/Crunchbase need a logged-in browser.,2026-09-30T19:54:31Z
servo7,Servo7,Winter 2026,No evidence found,,,,,,,,,,,,,,,,,,Checked: no post-YC Form D matching the founders; no funding statement on website (4 pages) or YC page. LinkedIn/X/Crunchbase need a logged-in browser. National register for NL not checked.,2026-09-30T19:54:02Z
voxel-energy,Voxel Energy,Winter 2026,No evidence found,,,,,,,,,,,,,,,,,,Checked: no post-YC Form D matching the founders; no funding statement on website (1 pages) or YC page. LinkedIn/X/Crunchbase need a logged-in browser.,2026-09-30T19:54:04Z
polymath,Polymath,Winter 2026,No evidence found,,,,,,,,,,,,,,,,,,Checked: no post-YC Form D matching the founders; no funding statement on website (3 pages) or YC page. LinkedIn/X/Crunchbase need a logged-in browser.,2026-09-30T19:54:01Z
bubble-lab,Bubble Lab,Winter 2026,No evidence found,,,,,,,,,,,,,,,,,,Checked: no post-YC Form D matching the founders; no funding statement on website (1 pages) or YC page. LinkedIn/X/Crunchbase need a logged-in browser.,2026-09-30T19:54:01Z
pocket,Pocket,Winter 2026,Yes,11000000,,2026-06-29,,4,Press (linked from YC company page),https://techcrunch.com/2026/06/29/pocket-raises-11m-in-bet-on-rising-demand-for-ai-note-taking-devices/,Pocket raises $11M in bet on rising demand for AI note-taking devices | TechCrunch,,,,,,,,,Medium,No matching post-YC Form D found.,2026-09-30T19:54:04Z
byteport,Byteport,Winter 2026,No evidence found,,,,,,,,,,,,,,,,,,Checked: no post-YC Form D matching the founders; no funding statement on website (2 pages) or YC page. LinkedIn/X/Crunchbase need a logged-in browser.,2026-09-30T19:54:05Z
constellation-space,Constellation Space,Winter 2026,No evidence found,,,,,,,,,,,,,,,,,,Checked: no post-YC Form D matching the founders; no funding statement on website (3 pages) or YC page. LinkedIn/X/Crunchbase need a logged-in browser.,2026-09-30T19:54:06Z
axionorbital-space,AxionOrbital Space,Winter 2026,No evidence found,,,,,,,,,,,,,,,,,,Checked: no post-YC Form D matching the founders; no funding statement on website (9 pages) or YC page. LinkedIn/X/Crunchbase need a logged-in browser.,2026-09-30T19:54:24Z
oximy,Oximy,Winter 2026,No evidence found,,,,,,,,,,,,,,,,,,Checked: no post-YC Form D matching the founders; no funding statement on website (2 pages) or YC page. LinkedIn/X/Crunchbase need a logged-in browser.,2026-09-30T19:54:29Z
caretta,Caretta,Winter 2026,Yes,1300000,Pre-Seed,,,2,Company website,https://www.caretta.so/blog,Company 18 December 2025 Caretta launches with $1.3m Pre-Seed and Y Combinator We raised our pre-seed to build organisational intelligence that gives every sales,,,,,,,,,High,Round date not stated on the source page; assumed post-YC because it is presented as current news. No matching post-YC Form D found.,2026-09-30T19:54:07Z
samora-ai,Samora AI,Winter 2026,No evidence found,,,,,,,,,,,,,,,,,,Checked: no post-YC Form D matching the founders; no funding statement on website (10 pages) or YC page. LinkedIn/X/Crunchbase need a logged-in browser.,2026-09-30T19:54:22Z
human-archive,Human Archive,Winter 2026,Unclear,,,,,5,"Tracxn (lead only, from input)",,,,,,,,,,,Low,"Tracxn lead total $8,700,000; not confirmed by a higher-tier source. Checked: no post-YC Form D matching the founders; no funding statement on website (2 pages) or YC page. LinkedIn/X/Crunchbase need a logged-in browser.",2026-09-30T19:54:09Z
forum,Forum,Winter 2026,No evidence found,,,,,,,,,,,,,,,,,,"Unverified Form D by same-named person: 1511 Monroe St, LLC 0002147937-26-000001 sold 600000 (first sale 2026-07-20, Madison); likely a different person. Checked: no post-YC Form D matching the founders; no funding statement on website (10 pages) or YC page. LinkedIn/X/Crunchbase need a logged-in browser.",2026-09-30T19:54:09Z
sitefire,Sitefire,Winter 2026,No evidence found,,,,,,,,,,,,,,,,,,Checked: no post-YC Form D matching the founders; no funding statement on website (2 pages) or YC page. LinkedIn/X/Crunchbase need a logged-in browser. National register for DE not checked.,2026-09-30T19:54:10Z
robby,Robby,Winter 2026,No evidence found,,,,,,,,,,,,,,,,,,Checked: no post-YC Form D matching the founders; no funding statement on website (5 pages) or YC page. LinkedIn/X/Crunchbase need a logged-in browser.,2026-09-30T19:54:14Z
ressl-ai,Ressl AI,Winter 2026,Unclear,,,,,5,"Tracxn (lead only, from input)",,,,,,,,,,,Low,"Tracxn lead total $750,000; not confirmed by a higher-tier source. Checked: no post-YC Form D matching the founders; no funding statement on website (1 pages) or YC page. LinkedIn/X/Crunchbase need a logged-in browser. National register for IN not checked.",2026-09-30T19:54:32Z
emdash,Emdash,Winter 2026,No evidence found,,,,,,,,,,,,,,,,,,Checked: no post-YC Form D matching the founders; no funding statement on website (3 pages) or YC page. LinkedIn/X/Crunchbase need a logged-in browser.,2026-09-30T19:54:25Z
inventoryquant,InventoryQuant,Winter 2026,No evidence found,,,,,,,,,,,,,,,,,,Checked: no post-YC Form D matching the founders; no funding statement on website (1 pages) or YC page. LinkedIn/X/Crunchbase need a logged-in browser.,2026-09-30T19:54:14Z
congruent,Congruent,Winter 2026,No evidence found,,,,,,,,,,,,,,,,,,Checked: no post-YC Form D matching the founders; no funding statement on website (1 pages) or YC page. LinkedIn/X/Crunchbase need a logged-in browser.,2026-09-30T19:54:14Z
usereframe,Reframe,Winter 2026,No evidence found,,,,,,,,,,,,,,,,,,Checked: no post-YC Form D matching the founders; no funding statement on website (5 pages) or YC page. LinkedIn/X/Crunchbase need a logged-in browser.,2026-09-30T19:55:31Z
valence,Valence,Winter 2026,No evidence found,,,,,,,,,,,,,,,,,,Checked: no post-YC Form D matching the founders; no funding statement on website (3 pages) or YC page. LinkedIn/X/Crunchbase need a logged-in browser.,2026-09-30T19:54:39Z
approxima,Approxima,Winter 2026,No evidence found,,,,,,,,,,,,,,,,,,Checked: no post-YC Form D matching the founders; no funding statement on website (1 pages) or YC page. LinkedIn/X/Crunchbase need a logged-in browser. National register for CA not checked.,2026-09-30T19:54:22Z
traverse,Traverse,Winter 2026,No evidence found,,,,,,,,,,,,,,,,,,Checked: no post-YC Form D matching the founders; no funding statement on website (4 pages) or YC page. LinkedIn/X/Crunchbase need a logged-in browser.,2026-09-30T19:54:18Z
revion,Revion,Winter 2026,No evidence found,,,,,,,,,,,,,,,,,,Checked: no post-YC Form D matching the founders; no funding statement on website (9 pages) or YC page. LinkedIn/X/Crunchbase need a logged-in browser.,2026-09-30T19:54:40Z
maywood,Maywood,Winter 2026,No evidence found,,,,,,,,,,,,,,,,,,Checked: no post-YC Form D matching the founders; no funding statement on website (8 pages) or YC page. LinkedIn/X/Crunchbase need a logged-in browser.,2026-09-30T19:54:29Z
fenrock-ai,Fenrock AI,Winter 2026,No evidence found,,,,,,,,,,,,,,,,,,Checked: no post-YC Form D matching the founders; no funding statement on website (1 pages) or YC page. LinkedIn/X/Crunchbase need a logged-in browser.,2026-09-30T19:54:40Z
end-close,End Close,Winter 2026,No evidence found,,,,,,,,,,,,,,,,,,Checked: no post-YC Form D matching the founders; no funding statement on website (2 pages) or YC page. LinkedIn/X/Crunchbase need a logged-in browser.,2026-09-30T19:55:53Z
chamber,Chamber,Winter 2026,No evidence found,,,,,,,,,,,,,,,,,,Checked: no post-YC Form D matching the founders; no funding statement on website (2 pages) or YC page. LinkedIn/X/Crunchbase need a logged-in browser.,2026-09-30T19:54:47Z
patientdeskai,Patientdesk.ai,Winter 2026,Yes,3800000,,,,2,Company website,https://www.patientdesk.ai/,Y We raised $3.8M to modernize dentistry Read more → Scheduling Scheduling.,,,,,,,,,High,Round date not stated on the source page; assumed post-YC because it is presented as current news. No matching post-YC Form D found.,2026-09-30T19:54:35Z
visibl-semiconductors,Visibl Semiconductors,Winter 2026,No evidence found,,,,,,,,,,,,,,,,,,Checked: no post-YC Form D matching the founders; no funding statement on website (2 pages) or YC page. LinkedIn/X/Crunchbase need a logged-in browser.,2026-09-30T19:54:54Z
synthetic-sciences,Synthetic Sciences,Winter 2026,No evidence found,,,,,,,,,,,,,,,,,,Checked: no post-YC Form D matching the founders; no funding statement on website (1 pages) or YC page. LinkedIn/X/Crunchbase need a logged-in browser.,2026-09-30T19:55:00Z
seeing-systems,Seeing Systems,Winter 2026,No evidence found,,,,,,,,,,,,,,,,,,Checked: no post-YC Form D matching the founders; no funding statement on website (1 pages) or YC page. LinkedIn/X/Crunchbase need a logged-in browser. Companies House SEEING SYSTEMS EUROPE LIMITED (17017240): no SH01 allotments listed. Companies House SEEING SYSTEMS LTD (15941215): no SH01 allotments listed.,2026-09-30T19:54:40Z
jinba,Jinba,Winter 2026,No evidence found,,,,,,,,,,,,,,,,,,Checked: no post-YC Form D matching the founders; no funding statement on website (3 pages) or YC page. LinkedIn/X/Crunchbase need a logged-in browser.,2026-09-30T19:54:44Z
cardboard,Cardboard,Winter 2026,No evidence found,,,,,,,,,,,,,,,,,,Checked: no post-YC Form D matching the founders; no funding statement on website (4 pages) or YC page. LinkedIn/X/Crunchbase need a logged-in browser. National register for IN not checked.,2026-09-30T19:54:39Z
prana-health,Prana,Winter 2026,No evidence found,,,,,,,,,,,,,,,,,,Checked: no post-YC Form D matching the founders; no funding statement on website (1 pages) or YC page. LinkedIn/X/Crunchbase need a logged-in browser.,2026-09-30T19:55:05Z
rhizome-ai,Rhizome AI,Winter 2026,No evidence found,,,,,,,,,0002101297,,,,,,,"Rhizome AI, Inc",,yc deal like Form D 0002101297-26-000001: sold 85000 first sale 2025-11-19 Checked: no post-YC Form D matching the founders; no funding statement on website (11 pages) or YC page. LinkedIn/X/Crunchbase need a logged-in browser.,2026-09-30T19:54:45Z
pax-historia,Pax Historia,Winter 2026,No evidence found,,,,,,,,,,,,,,,,,,Checked: no post-YC Form D matching the founders; no funding statement on website (1 pages) or YC page. LinkedIn/X/Crunchbase need a logged-in browser.,2026-09-30T19:55:05Z
parameter,Parameter,Winter 2026,No evidence found,,,,,,,,,,,,,,,,,,Checked: no post-YC Form D matching the founders; no funding statement on website (9 pages) or YC page. LinkedIn/X/Crunchbase need a logged-in browser.,2026-09-30T19:55:08Z
laurence,Laurence,Winter 2026,Yes,5800000,,,,2,Company website,https://www.laurence.com/resources?channel=blog,Laurence raises $5.8 million to automate performance marketing.,,,,,,,,,High,Round date not stated on the source page; assumed post-YC because it is presented as current news. No matching post-YC Form D found.,2026-09-30T19:55:08Z
terminal-use,Terminal Use,Winter 2026,No evidence found,,,,,,,,,,,,,,,,,,Checked: no post-YC Form D matching the founders; no funding statement on website (1 pages) or YC page. LinkedIn/X/Crunchbase need a logged-in browser.,2026-09-30T19:54:44Z
overshoot,Overshoot,Winter 2026,No evidence found,,,,,,,,,,,,,,,,,,Checked: no post-YC Form D matching the founders; no funding statement on website (1 pages) or YC page. LinkedIn/X/Crunchbase need a logged-in browser.,2026-09-30T19:55:17Z
cajal-technologies,Cajal,Winter 2026,No evidence found,,,,,,,,,,,,,,,,,,Checked: no post-YC Form D matching the founders; no funding statement on website (3 pages) or YC page. LinkedIn/X/Crunchbase need a logged-in browser.,2026-09-30T19:55:26Z
proximitty,Proximitty,Winter 2026,No evidence found,,,,,,,,,,,,,,,,,,Checked: no post-YC Form D matching the founders; no funding statement on website (3 pages) or YC page. LinkedIn/X/Crunchbase need a logged-in browser.,2026-09-30T19:55:16Z
instinct-xyz,Instinct,Winter 2026,No evidence found,,,,,,,,,,,,,,,,,,Checked: no post-YC Form D matching the founders; no funding statement on website (1 pages) or YC page. LinkedIn/X/Crunchbase need a logged-in browser.,2026-09-30T19:54:51Z
stilta,Stilta,Winter 2026,Yes,10259219,Equity (per Form D; stage not stated),2026-05-07,Andreessen Horowitz,1,SEC Form D,https://www.sec.gov/Archives/edgar/data/2135209/000213520926000001/primary_doc.xml,totalAmountSold: 10259219; totalOfferingAmount: 10259219; dateOfFirstSale: 2026-05-07,0002135209,0002135209-26-000001,10259219,10259219,2026-05-07,Equity,54,"Stilta IP, Inc.",High,,2026-09-30T19:54:55Z
unisson,Unisson,Winter 2026,No evidence found,,,,,,,,,,,,,,,,,,Checked: no post-YC Form D matching the founders; no funding statement on website (1 pages) or YC page. LinkedIn/X/Crunchbase need a logged-in browser.,2026-09-30T19:54:58Z
brownie,IncidentFox,Winter 2026,No evidence found,,,,,,,,,,,,,,,,,,Checked: no post-YC Form D matching the founders; no funding statement on website (2 pages) or YC page. LinkedIn/X/Crunchbase need a logged-in browser.,2026-09-30T19:55:02Z
compresr,Compresr,Winter 2026,No evidence found,,,,,,,,,,,,,,,,,,Checked: no post-YC Form D matching the founders; no funding statement on website (6 pages) or YC page. LinkedIn/X/Crunchbase need a logged-in browser.,2026-09-30T19:55:02Z
opalite-health,Opalite Health,Winter 2026,No evidence found,,,,,,,,,,,,,,,,,,Checked: no post-YC Form D matching the founders; no funding statement on website (4 pages) or YC page. LinkedIn/X/Crunchbase need a logged-in browser.,2026-09-30T19:55:05Z
confluence-labs,Confluence Labs,Winter 2026,No evidence found,,,,,,,,,,,,,,,,,,Checked: no post-YC Form D matching the founders; no funding statement on website (1 pages) or YC page. LinkedIn/X/Crunchbase need a logged-in browser.,2026-09-30T19:55:09Z
mango-medical-inc,Mango Medical,Winter 2026,No evidence found,,,,,,,,,,,,,,,,,,Checked: no post-YC Form D matching the founders; no funding statement on website (10 pages) or YC page. LinkedIn/X/Crunchbase need a logged-in browser.,2026-09-30T19:55:10Z
sponge,Sponge,Winter 2026,No evidence found,,,,,,,,,,,,,,,,,,Checked: no post-YC Form D matching the founders; no funding statement on website (3 pages) or YC page. LinkedIn/X/Crunchbase need a logged-in browser.,2026-09-30T19:55:10Z
terranox-ai,Terranox AI,Winter 2026,No evidence found,,,,,,,,,,,,,,,,,,Checked: no post-YC Form D matching the founders; no funding statement on website (10 pages) or YC page. LinkedIn/X/Crunchbase need a logged-in browser.,2026-09-30T19:55:10Z
ventura,Ventura,Winter 2026,No evidence found,,,,,,,,,,,,,,,,,,Checked: no post-YC Form D matching the founders; no funding statement on website (3 pages) or YC page. LinkedIn/X/Crunchbase need a logged-in browser.,2026-09-30T19:55:15Z
orthogonal,Orthogonal,Winter 2026,Yes,4300000,,,Pantera Capital Read,2,Company website,https://www.orthogonal.com/,Skip to content 🎉 We raised $4.3M led by Pantera Capital Read more → .,,,,,,,,,High,Round date not stated on the source page; assumed post-YC because it is presented as current news. No matching post-YC Form D found.,2026-09-30T19:55:17Z
perfectly,Perfectly,Winter 2026,No evidence found,,,,,,,,,,,,,,,,,,Checked: no post-YC Form D matching the founders; no funding statement on website (1 pages) or YC page. LinkedIn/X/Crunchbase need a logged-in browser.,2026-09-30T19:55:12Z
fern-bot,Fern,Winter 2026,No evidence found,,,,,,,,,,,,,,,,,,Checked: no post-YC Form D matching the founders; no funding statement on website (2 pages) or YC page. LinkedIn/X/Crunchbase need a logged-in browser.,2026-09-30T19:55:15Z
sparkles,Sparkles,Winter 2026,Yes,3500000,,,,2,Company website,https://sparkles.dev/careers,"We raised $3.5M, backed by Y Combinator, Moonfire Ventures, and angels from OpenAI, Anthropic, a16z, General Catalyst, Cloudflare, and others..",,,,,,,,,High,Round date not stated on the source page; assumed post-YC because it is presented as current news. No matching post-YC Form D found.,2026-09-30T19:55:14Z
eigenpal,EigenPal,Winter 2026,No evidence found,,,,,,,,,,,,,,,,,,Checked: no post-YC Form D matching the founders; no funding statement on website (2 pages) or YC page. LinkedIn/X/Crunchbase need a logged-in browser.,2026-09-30T19:55:34Z
salus,Salus,Winter 2026,No evidence found,,,,,,,,,,,,,,,,,,Checked: no post-YC Form D matching the founders; no funding statement on website (3 pages) or YC page. LinkedIn/X/Crunchbase need a logged-in browser.,2026-09-30T19:55:56Z
moritz,Moritz,Winter 2026,Yes,9000000,,,,2,Company website,https://www.moritzlegal.com/,MORITZ RAISES $9M.,,,,,,,,,High,Round date not stated on the source page; assumed post-YC because it is presented as current news. No matching post-YC Form D found.,2026-09-30T19:55:21Z
ramain,RamAIn,Winter 2026,No evidence found,,,,,,,,,,,,,,,,,,Checked: no post-YC Form D matching the founders; no funding statement on website (10 pages) or YC page. LinkedIn/X/Crunchbase need a logged-in browser.,2026-09-30T19:55:20Z
milliray,Milliray,Winter 2026,No evidence found,,,,,,,,,,,,,,,,,,Checked: no post-YC Form D matching the founders; no funding statement on website (1 pages) or YC page. LinkedIn/X/Crunchbase need a logged-in browser.,2026-09-30T19:55:21Z
beyond-reach-labs,Beyond Reach Labs,Winter 2026,Yes,10000000,Seed,,,2,Company website,https://www.beyondreachlabs.com/news/,"Beyond Reach Labs Raises $10M Seed, Moves to NYC.",,,,,,,,,High,Round date not stated on the source page; assumed post-YC because it is presented as current news. No matching post-YC Form D found.,2026-09-30T19:55:21Z
octapulse,OctaPulse,Winter 2026,No evidence found,,,,,,,,,,,,,,,,,,Checked: no post-YC Form D matching the founders; no funding statement on website (10 pages) or YC page. LinkedIn/X/Crunchbase need a logged-in browser.,2026-09-30T19:55:20Z
codewisp,CodeWisp,Winter 2026,No evidence found,,,,,,,,,,,,,,,,,,Checked: no post-YC Form D matching the founders; no funding statement on website (2 pages) or YC page. LinkedIn/X/Crunchbase need a logged-in browser.,2026-09-30T19:55:24Z
ashr,Ashr,Winter 2026,No evidence found,,,,,,,,,,,,,,,,,,Checked: no post-YC Form D matching the founders; no funding statement on website (2 pages) or YC page. LinkedIn/X/Crunchbase need a logged-in browser.,2026-09-30T19:55:23Z
aemon,Aemon,Winter 2026,No evidence found,,,,,,,,,,,,,,,,,,Checked: no post-YC Form D matching the founders; no funding statement on website (1 pages) or YC page. LinkedIn/X/Crunchbase need a logged-in browser.,2026-09-30T19:55:28Z
luel,Luel,Winter 2026,Yes,31200000,Seed,,General Catalyst and Lightspeed,2,Company website,https://www.luel.ai/blog/luel-seed-31m-general-catalyst-lightspeed,Luel raises $31.2M seed round led by General Catalyst and Lightspeed to build the global ground truth infrastructure for human data | Luel .,,,,,,,,,High,Round date not stated on the source page; assumed post-YC because it is presented as current news. No matching post-YC Form D found.,2026-09-30T19:55:27Z
scheduling-wizard,Scheduling Wizard,Winter 2026,No evidence found,,,,,,,,,,,,,,,,,,Checked: no post-YC Form D matching the founders; no funding statement on website (1 pages) or YC page. LinkedIn/X/Crunchbase need a logged-in browser.,2026-09-30T19:55:45Z
robodock,RoboDock,Winter 2026,No evidence found,,,,,,,,,,,,,,,,,,Checked: no post-YC Form D matching the founders; no funding statement on website (1 pages) or YC page. LinkedIn/X/Crunchbase need a logged-in browser.,2026-09-30T19:55:28Z
skillsync,Skillsync,Winter 2026,No evidence found,,,,,,,,,,,,,,,,,,Checked: no post-YC Form D matching the founders; no funding statement on website (2 pages) or YC page. LinkedIn/X/Crunchbase need a logged-in browser.,2026-09-30T19:55:26Z
mousecat,MouseCat,Winter 2026,No evidence found,,,,,,,,,,,,,,,,,,Checked: no post-YC Form D matching the founders; no funding statement on website (4 pages) or YC page. LinkedIn/X/Crunchbase need a logged-in browser.,2026-09-30T19:55:28Z
zatanna,Zatanna,Winter 2026,No evidence found,,,,,,,,,,,,,,,,,,Checked: no post-YC Form D matching the founders; no funding statement on website (9 pages) or YC page. LinkedIn/X/Crunchbase need a logged-in browser.,2026-09-30T19:55:32Z
autositu,AutoSitu,Winter 2026,No evidence found,,,,,,,,,,,,,,,,,,Checked: no post-YC Form D matching the founders; no funding statement on website (4 pages) or YC page. LinkedIn/X/Crunchbase need a logged-in browser.,2026-09-30T19:55:29Z
verdex,Verdex,Winter 2026,No evidence found,,,,,,,,,,,,,,,,,,Checked: no post-YC Form D matching the founders; no funding statement on website (1 pages) or YC page. LinkedIn/X/Crunchbase need a logged-in browser.,2026-09-30T19:55:30Z
cumulus-labs,Cumulus Labs,Winter 2026,No evidence found,,,,,,,,,,,,,,,,,,Checked: no post-YC Form D matching the founders; no funding statement on website (3 pages) or YC page. LinkedIn/X/Crunchbase need a logged-in browser.,2026-09-30T19:55:31Z
tepali,Tepali,Winter 2026,No evidence found,,,,,,,,,,,,,,,,,,Checked: no post-YC Form D matching the founders; no funding statement on website (3 pages) or YC page. LinkedIn/X/Crunchbase need a logged-in browser.,2026-09-30T19:55:55Z
palus-finance,Palus Finance,Winter 2026,No evidence found,,,,,,,,,,,,,,,,,,Checked: no post-YC Form D matching the founders; no funding statement on website (6 pages) or YC page. LinkedIn/X/Crunchbase need a logged-in browser.,2026-09-30T19:56:09Z
21st,21st,Winter 2026,No evidence found,,,,,,,,,,,,,,,,,,Checked: no post-YC Form D matching the founders; no funding statement on website (9 pages) or YC page. LinkedIn/X/Crunchbase need a logged-in browser.,2026-09-30T19:55:42Z
avoice,Avoice,Winter 2026,No evidence found,,,,,,,,,,,,,,,,,,Checked: no post-YC Form D matching the founders; no funding statement on website (4 pages) or YC page. LinkedIn/X/Crunchbase need a logged-in browser.,2026-09-30T19:55:37Z
zerosettle,ZeroSettle,Winter 2026,No evidence found,,,,,,,,,,,,,,,,,,Checked: no post-YC Form D matching the founders; no funding statement on website (2 pages) or YC page. LinkedIn/X/Crunchbase need a logged-in browser.,2026-09-30T19:55:36Z
devfast,/dev/fast,Winter 2026,No evidence found,,,,,,,,,,,,,,,,,,Checked: no post-YC Form D matching the founders; no funding statement on website (3 pages) or YC page. LinkedIn/X/Crunchbase need a logged-in browser.,2026-09-30T19:55:36Z
openspec,OpenSpec,Winter 2026,No evidence found,,,,,,,,,,,,,,,,,,Checked: no post-YC Form D matching the founders; no funding statement on website (3 pages) or YC page. LinkedIn/X/Crunchbase need a logged-in browser. National register for AU not checked.,2026-09-30T19:55:38Z
pirislabs,Piris Labs,Winter 2026,No evidence found,,,,,,,,,,,,,,,,,,Checked: no post-YC Form D matching the founders; no funding statement on website (10 pages) or YC page. LinkedIn/X/Crunchbase need a logged-in browser.,2026-09-30T19:55:36Z
celltype,CellType,Winter 2026,No evidence found,,,,,,,,,,,,,,,,,,Checked: no post-YC Form D matching the founders; no funding statement on website (8 pages) or YC page. LinkedIn/X/Crunchbase need a logged-in browser.,2026-09-30T19:55:44Z
burt,Burt,Winter 2026,No evidence found,,,,,,,,,,,,,,,,,,Checked: no post-YC Form D matching the founders; no funding statement on website (1 pages) or YC page. LinkedIn/X/Crunchbase need a logged-in browser.,2026-09-30T19:55:40Z
envariant,Envariant,Winter 2026,No evidence found,,,,,,,,,,,,,,,,,,Checked: no post-YC Form D matching the founders; no funding statement on website (10 pages) or YC page. LinkedIn/X/Crunchbase need a logged-in browser.,2026-09-30T19:55:40Z
cascade,Cascade,Winter 2026,No evidence found,,,,,,,,,,,,,,,,,,Checked: no post-YC Form D matching the founders; no funding statement on website (0 pages) or YC page. LinkedIn/X/Crunchbase need a logged-in browser.,2026-09-30T19:55:40Z
beacon-health,Beacon Health,Winter 2026,No evidence found,,,,,,,,,,,,,,,,,,Checked: no post-YC Form D matching the founders; no funding statement on website (2 pages) or YC page. LinkedIn/X/Crunchbase need a logged-in browser.,2026-09-30T19:55:43Z
strand-ai,Strand AI,Winter 2026,No evidence found,,,,,,,,,,,,,,,,,,Checked: no post-YC Form D matching the founders; no funding statement on website (3 pages) or YC page. LinkedIn/X/Crunchbase need a logged-in browser.,2026-09-30T19:55:43Z
baseframe,BaseFrame,Winter 2026,No evidence found,,,,,,,,,,,,,,,,,,Checked: no post-YC Form D matching the founders; no funding statement on website (0 pages) or YC page. LinkedIn/X/Crunchbase need a logged-in browser.,2026-09-30T19:55:42Z
protent,Protent,Winter 2026,No evidence found,,,,,,,,,,,,,,,,,,Checked: no post-YC Form D matching the founders; no funding statement on website (9 pages) or YC page. LinkedIn/X/Crunchbase need a logged-in browser.,2026-09-30T19:56:07Z
cofia,Cofia,Winter 2026,No evidence found,,,,,,,,,,,,,,,,,,Checked: no post-YC Form D matching the founders; no funding statement on website (10 pages) or YC page. LinkedIn/X/Crunchbase need a logged-in browser.,2026-09-30T19:55:45Z
legalos,LegalOS,Winter 2026,No evidence found,,,,,,,,,,,,,,,,,,Checked: no post-YC Form D matching the founders; no funding statement on website (6 pages) or YC page. LinkedIn/X/Crunchbase need a logged-in browser.,2026-09-30T19:55:47Z
sentrial,Sentrial,Winter 2026,No evidence found,,,,,,,,,,,,,,,,,,Checked: no post-YC Form D matching the founders; no funding statement on website (7 pages) or YC page. LinkedIn/X/Crunchbase need a logged-in browser.,2026-09-30T19:56:42Z
10x-science,10x Science,Winter 2026,Unclear,,,,,5,"Tracxn (lead only, from input)",,,,,,,,,,,Low,"Tracxn lead total $5,300,000; not confirmed by a higher-tier source. Checked: no post-YC Form D matching the founders; no funding statement on website (9 pages) or YC page. LinkedIn/X/Crunchbase need a logged-in browser.",2026-09-30T19:55:47Z
rev1,REV1,Winter 2026,No evidence found,,,,,,,,,,,,,,,,,,Checked: no post-YC Form D matching the founders; no funding statement on website (1 pages) or YC page. LinkedIn/X/Crunchbase need a logged-in browser.,2026-09-30T19:55:48Z
shortkit,shortkit,Winter 2026,No evidence found,,,,,,,,,,,,,,,,,,Checked: no post-YC Form D matching the founders; no funding statement on website (3 pages) or YC page. LinkedIn/X/Crunchbase need a logged-in browser.,2026-09-30T19:55:49Z
asimov,Asimov,Winter 2026,No evidence found,,,,,,,,,,,,,,,,,,Checked: no post-YC Form D matching the founders; no funding statement on website (1 pages) or YC page. LinkedIn/X/Crunchbase need a logged-in browser.,2026-09-30T19:55:48Z
lexius,Lexius,Winter 2026,No evidence found,,,,,,,,,,,,,,,,,,Checked: no post-YC Form D matching the founders; no funding statement on website (2 pages) or YC page. LinkedIn/X/Crunchbase need a logged-in browser.,2026-09-30T19:55:55Z
axis-2,Axis,Winter 2026,No evidence found,,,,,,,,,,,,,,,,,,Checked: no post-YC Form D matching the founders; no funding statement on website (10 pages) or YC page. LinkedIn/X/Crunchbase need a logged-in browser.,2026-09-30T19:55:51Z
mirabelle,Mirabelle,Winter 2026,No evidence found,,,,,,,,,,,,,,,,,,Checked: no post-YC Form D matching the founders; no funding statement on website (1 pages) or YC page. LinkedIn/X/Crunchbase need a logged-in browser. National register for FR not checked.,2026-09-30T19:55:51Z
docura-health,Docura Health,Winter 2026,No evidence found,,,,,,,,,,,,,,,,,,Checked: no post-YC Form D matching the founders; no funding statement on website (1 pages) or YC page. LinkedIn/X/Crunchbase need a logged-in browser.,2026-09-30T19:55:51Z
lance,Lance,Winter 2026,Yes,5000000,Seed,,,2,Company website,https://www.lance.live/news/announcing-our-seed-round,"Lance has raised $5M in seed funding to build AI agents that run hotel operations — backed by Y Combinator and SV Angel, with",,,,,,,,,High,Round date not stated on the source page; assumed post-YC because it is presented as current news. No matching post-YC Form D found.,2026-09-30T19:55:54Z
runanywhere,RunAnywhere,Winter 2026,No evidence found,,,,,,,,,0002092245,,,,,,,"RunAnywhere, Inc.",,pre yc Form D 0002092245-25-000001: sold 10000 first sale 2025-09-25 Checked: no post-YC Form D matching the founders; no funding statement on website (6 pages) or YC page. LinkedIn/X/Crunchbase need a logged-in browser.,2026-09-30T19:55:54Z
lucent,Lucent,Winter 2026,No evidence found,,,,,,,,,,,,,,,,,,"Manual review: $2M raise reported Oct 2025 (Women's Agenda), before the Winter 2026 batch, so pre-YC. No post-YC source found.",2026-09-30T19:56:06Z
ruma-care,Ruma Care,Winter 2026,No evidence found,,,,,,,,,,,,,,,,,,Checked: no post-YC Form D matching the founders; no funding statement on website (1 pages) or YC page. LinkedIn/X/Crunchbase need a logged-in browser.,2026-09-30T19:55:55Z
klaus-ai,Klaus AI,Winter 2026,No evidence found,,,,,,,,,,,,,,,,,,Checked: no post-YC Form D matching the founders; no funding statement on website (1 pages) or YC page. LinkedIn/X/Crunchbase need a logged-in browser.,2026-09-30T19:55:55Z
kita,Kita,Winter 2026,Yes,4500000,,,BoxGroup.,2,Company website,https://www.kita.ai,News Kita raised $4.5M led by BoxGroup.,,,,,,,,,High,Round date not stated on the source page; assumed post-YC because it is presented as current news. No matching post-YC Form D found.,2026-09-30T19:55:57Z
quotient-labs,Quotient Labs,Winter 2026,No evidence found,,,,,,,,,,,,,,,,,,Checked: no post-YC Form D matching the founders; no funding statement on website (2 pages) or YC page. LinkedIn/X/Crunchbase need a logged-in browser.,2026-09-30T19:56:28Z
one-robot,One Robot,Winter 2026,No evidence found,,,,,,,,,,,,,,,,,,Checked: no post-YC Form D matching the founders; no funding statement on website (1 pages) or YC page. LinkedIn/X/Crunchbase need a logged-in browser.,2026-09-30T19:56:19Z
didit,Didit,Winter 2026,Yes,7500000,Seed,2026-05-26,,2,Company website,https://didit.me/blog/didit-7-5m-seed-infrastructure-identity-fraud/,"Didit Raises $7.5M Seed, Infrastructure for Identity and Fraud",,,,,,,,,High,No matching post-YC Form D found.,2026-09-30T19:56:09Z
panta,Panta,Winter 2026,Yes,5200000,Seed,,,2,Company website,https://pantainsure.com,& Manufacturing Skip to main content Company news Panta raises $5.2M seed round · Read the announcement .,,,,,,,,,High,Round date not stated on the source page; assumed post-YC because it is presented as current news. No matching post-YC Form D found.,2026-09-30T19:56:01Z
payna,Payna,Winter 2026,No evidence found,,,,,,,,,,,,,,,,,,Checked: no post-YC Form D matching the founders; no funding statement on website (4 pages) or YC page. LinkedIn/X/Crunchbase need a logged-in browser.,2026-09-30T19:56:20Z
origin-bio,Origin,Winter 2026,No evidence found,,,,,,,,,,,,,,,,,,Checked: no post-YC Form D matching the founders; no funding statement on website (1 pages) or YC page. LinkedIn/X/Crunchbase need a logged-in browser.,2026-09-30T19:56:00Z
hlabs,Hlabs,Winter 2026,No evidence found,,,,,,,,,,,,,,,,,,Checked: no post-YC Form D matching the founders; no funding statement on website (10 pages) or YC page. LinkedIn/X/Crunchbase need a logged-in browser.,2026-09-30T19:56:01Z
eos-ai,Eos AI,Winter 2026,No evidence found,,,,,,,,,,,,,,,,,,Checked: no post-YC Form D matching the founders; no funding statement on website (1 pages) or YC page. LinkedIn/X/Crunchbase need a logged-in browser.,2026-09-30T19:56:02Z
valgo,Valgo,Winter 2026,No evidence found,,,,,,,,,,,,,,,,,,Checked: no post-YC Form D matching the founders; no funding statement on website (3 pages) or YC page. LinkedIn/X/Crunchbase need a logged-in browser.,2026-09-30T19:56:05Z
arc-prize-foundation,ARC Prize Foundation,Winter 2026,No evidence found,,,,,,,,,,,,,,,,,,Checked: no post-YC Form D matching the founders; no funding statement on website (8 pages) or YC page. LinkedIn/X/Crunchbase need a logged-in browser.,2026-09-30T19:56:07Z
corvera,Corvera,Winter 2026,Yes,6200000,,,,2,YC company/launch page,https://www.ycombinator.com/companies/corvera,"To date, we’ve raised $6.2M and are backed by YC, firstminute capital, 6 Degrees Capital, 20VC, Rebel Fund, Duke Capital Partners, and more.",,,,,,,,,High,Round date not stated on the source page; assumed post-YC because it is presented as current news. No matching post-YC Form D found.,2026-09-30T19:56:18Z
fullseam,FullSeam,Winter 2026,No evidence found,,,,,,,,,,,,,,,,,,Checked: no post-YC Form D matching the founders; no funding statement on website (3 pages) or YC page. LinkedIn/X/Crunchbase need a logged-in browser.,2026-09-30T19:56:26Z
catchback-cards,CatchBack Cards,Winter 2026,Unclear,,,,,5,"Tracxn (lead only, from input)",,,,,,,,,,,Low,"Tracxn lead total $8,300,000; not confirmed by a higher-tier source. Checked: no post-YC Form D matching the founders; no funding statement on website (3 pages) or YC page. LinkedIn/X/Crunchbase need a logged-in browser.",2026-09-30T19:56:49Z
mantis,Mantis,Winter 2026,Yes,4824999,Equity (per Form D; stage not stated),2025-11-17,,1,SEC Form D,https://www.sec.gov/Archives/edgar/data/2099347/000209934725000001/primary_doc.xml,totalAmountSold: 4824999; totalOfferingAmount: 5500000; dateOfFirstSale: 2025-11-17,0002099347,0002099347-25-000001,4824999,5500000,2025-11-17,Equity,5,Mantis Biotechnology Corp,High,"First sale is close to batch start, so the Form D total may include YC's $500K.",2026-09-30T19:56:10Z
haladir,Haladir,Winter 2026,Yes,4300000,Seed,,,2,Company website,https://www.haladir.com/blog,"April 29, 2026 Announcing our $4.3M-to-date Seed Round to Build Operational Superintelligence Read .",,,,,,,,,High,Round date not stated on the source page; assumed post-YC because it is presented as current news. No matching post-YC Form D found.,2026-09-30T19:56:12Z
claimglide,ClaimGlide,Winter 2026,No evidence found,,,,,,,,,,,,,,,,,,Checked: no post-YC Form D matching the founders; no funding statement on website (4 pages) or YC page. LinkedIn/X/Crunchbase need a logged-in browser.,2026-09-30T19:56:13Z
inviscid-ai,Inviscid AI,Winter 2026,No evidence found,,,,,,,,,,,,,,,,,,Checked: no post-YC Form D matching the founders; no funding statement on website (1 pages) or YC page. LinkedIn/X/Crunchbase need a logged-in browser. National register for SG not checked.,2026-09-30T19:56:16Z
ndea-com,Ndea,Winter 2026,No evidence found,,,,,,,,,,,,,,,,,,Checked: no post-YC Form D matching the founders; no funding statement on website (2 pages) or YC page. LinkedIn/X/Crunchbase need a logged-in browser.,2026-09-30T19:56:12Z
crosslayer-labs,Crosslayer Labs,Winter 2026,No evidence found,,,,,,,,,,,,,,,,,,Checked: no post-YC Form D matching the founders; no funding statement on website (3 pages) or YC page. LinkedIn/X/Crunchbase need a logged-in browser.,2026-09-30T19:56:14Z
voltair,Voltair,Winter 2026,No evidence found,,,,,,,,,,,,,,,,,,Checked: no post-YC Form D matching the founders; no funding statement on website (1 pages) or YC page. LinkedIn/X/Crunchbase need a logged-in browser.,2026-09-30T19:56:18Z
vector-legal,Vector Legal,Winter 2026,Unclear,,,,,5,"Tracxn (lead only, from input)",,,,,,,,,,,Low,"Tracxn lead total $5,690,000; not confirmed by a higher-tier source. Checked: no post-YC Form D matching the founders; no funding statement on website (9 pages) or YC page. LinkedIn/X/Crunchbase need a logged-in browser.",2026-09-30T19:56:24Z
generalastro,General Astronautics,Winter 2026,No evidence found,,,,,,,,,,,,,,,,,,Checked: no post-YC Form D matching the founders; no funding statement on website (1 pages) or YC page. LinkedIn/X/Crunchbase need a logged-in browser.,2026-09-30T19:56:18Z
oxus,Oxus,Winter 2026,No evidence found,,,,,,,,,,,,,,,,,,Checked: no post-YC Form D matching the founders; no funding statement on website (3 pages) or YC page. LinkedIn/X/Crunchbase need a logged-in browser.,2026-09-30T19:56:20Z
captain,Captain,Winter 2026,No evidence found,,,,,,,,,,,,,,,,,,Checked: no post-YC Form D matching the founders; no funding statement on website (3 pages) or YC page. LinkedIn/X/Crunchbase need a logged-in browser.,2026-09-30T19:56:22Z
agentic-fabriq,Agentic Fabriq,Winter 2026,No evidence found,,,,,,,,,,,,,,,,,,Checked: no post-YC Form D matching the founders; no funding statement on website (3 pages) or YC page. LinkedIn/X/Crunchbase need a logged-in browser.,2026-09-30T19:56:22Z
travo,Travo,Winter 2026,No evidence found,,,,,,,,,,,,,,,,,,Checked: no post-YC Form D matching the founders; no funding statement on website (2 pages) or YC page. LinkedIn/X/Crunchbase need a logged-in browser.,2026-09-30T19:56:43Z
velum-labs,Velum Labs,Winter 2026,No evidence found,,,,,,,,,,,,,,,,,,Checked: no post-YC Form D matching the founders; no funding statement on website (1 pages) or YC page. LinkedIn/X/Crunchbase need a logged-in browser.,2026-09-30T19:57:05Z
alt-x,Alt-X,Winter 2026,No evidence found,,,,,,,,,,,,,,,,,,Checked: no post-YC Form D matching the founders; no funding statement on website (8 pages) or YC page. LinkedIn/X/Crunchbase need a logged-in browser.,2026-09-30T19:56:57Z
button-computer,Button Computer,Winter 2026,No evidence found,,,,,,,,,,,,,,,,,,Checked: no post-YC Form D matching the founders; no funding statement on website (1 pages) or YC page. LinkedIn/X/Crunchbase need a logged-in browser.,2026-09-30T19:56:25Z
pollen,Pollen,Winter 2026,No evidence found,,,,,,,,,,,,,,,,,,Checked: no post-YC Form D matching the founders; no funding statement on website (5 pages) or YC page. LinkedIn/X/Crunchbase need a logged-in browser.,2026-09-30T19:57:17Z
autumn-ai,Autumn AI,Winter 2026,No evidence found,,,,,,,,,,,,,,,,,,Checked: no post-YC Form D matching the founders; no funding statement on website (1 pages) or YC page. LinkedIn/X/Crunchbase need a logged-in browser.,2026-09-30T19:56:47Z
overdrive-health,Overdrive Health,Winter 2026,No evidence found,,,,,,,,,,,,,,,,,,Checked: no post-YC Form D matching the founders; no funding statement on website (1 pages) or YC page. LinkedIn/X/Crunchbase need a logged-in browser.,2026-09-30T19:57:14Z
signals,Signals,Winter 2026,No evidence found,,,,,,,,,,,,,,,,,,Checked: no post-YC Form D matching the founders; no funding statement on website (4 pages) or YC page. LinkedIn/X/Crunchbase need a logged-in browser.,2026-09-30T19:56:29Z
galactic-resource-utilization-space-inc-gru-space,"Galactic Resource Utilization Space, Inc. (GRU Space)",Winter 2026,No evidence found,,,,,,,,,,,,,,,,,,Checked: no post-YC Form D matching the founders; no funding statement on website (4 pages) or YC page. LinkedIn/X/Crunchbase need a logged-in browser.,2026-09-30T19:56:32Z
bidflow,Bidflow,Winter 2026,No evidence found,,,,,,,,,,,,,,,,,,Checked: no post-YC Form D matching the founders; no funding statement on website (1 pages) or YC page. LinkedIn/X/Crunchbase need a logged-in browser.,2026-09-30T19:56:49Z
menza,Menza,Winter 2026,No evidence found,,,,,,,,,,,,,,,,,,Checked: no post-YC Form D matching the founders; no funding statement on website (0 pages) or YC page. LinkedIn/X/Crunchbase need a logged-in browser.,2026-09-30T19:56:31Z
mendral,Mendral,Winter 2026,No evidence found,,,,,,,,,,,,,,,,,,Checked: no post-YC Form D matching the founders; no funding statement on website (8 pages) or YC page. LinkedIn/X/Crunchbase need a logged-in browser.,2026-09-30T19:56:34Z
q2q,Q2Q,Winter 2026,No evidence found,,,,,,,,,,,,,,,,,,Checked: no post-YC Form D matching the founders; no funding statement on website (2 pages) or YC page. LinkedIn/X/Crunchbase need a logged-in browser.,2026-09-30T19:56:35Z
kyten-technologies,Kyten Technologies,Winter 2026,No evidence found,,,,,,,,,,,,,,,,,,Checked: no post-YC Form D matching the founders; no funding statement on website (0 pages) or YC page. LinkedIn/X/Crunchbase need a logged-in browser.,2026-09-30T19:56:37Z
zephyr-fusion,Zephyr Fusion,Fall 2025,No evidence found,,,,,,,,,,,,,,,,,,Checked: no post-YC Form D matching the founders; no funding statement on website (1 pages) or YC page. LinkedIn/X/Crunchbase need a logged-in browser.,2026-09-30T19:56:41Z
mayflower,Mayflower,Fall 2025,No evidence found,,,,,,,,,,,,,,,,,,Checked: no post-YC Form D matching the founders; no funding statement on website (1 pages) or YC page. LinkedIn/X/Crunchbase need a logged-in browser.,2026-09-30T19:56:58Z
item,item,Fall 2025,No evidence found,,,,,,,,,,,,,,,,,,Checked: no post-YC Form D matching the founders; no funding statement on website (1 pages) or YC page. LinkedIn/X/Crunchbase need a logged-in browser.,2026-09-30T19:57:03Z
rivet-design,Rivet,Fall 2025,No evidence found,,,,,,,,,,,,,,,,,,Checked: no post-YC Form D matching the founders; no funding statement on website (10 pages) or YC page. LinkedIn/X/Crunchbase need a logged-in browser.,2026-09-30T19:56:46Z
openroll,Openroll,Fall 2025,No evidence found,,,,,,,,,,,,,,,,,,Checked: no post-YC Form D matching the founders; no funding statement on website (3 pages) or YC page. LinkedIn/X/Crunchbase need a logged-in browser. National register for SE not checked.,2026-09-30T19:56:46Z
amika,Amika,Fall 2025,No evidence found,,,,,,,,,,,,,,,,,,Checked: no post-YC Form D matching the founders; no funding statement on website (3 pages) or YC page. LinkedIn/X/Crunchbase need a logged-in browser.,2026-09-30T19:56:47Z
specific-labs,Specific Labs,Fall 2025,No evidence found,,,,,,,,,,,,,,,,,,Checked: no post-YC Form D matching the founders; no funding statement on website (2 pages) or YC page. LinkedIn/X/Crunchbase need a logged-in browser.,2026-09-30T19:56:49Z
moss,Moss,Fall 2025,No evidence found,,,,,,,,,,,,,,,,,,Checked: no post-YC Form D matching the founders; no funding statement on website (3 pages) or YC page. LinkedIn/X/Crunchbase need a logged-in browser.,2026-09-30T19:56:54Z
zarna,Zarna,Fall 2025,No evidence found,,,,,,,,,,,,,,,,,,Checked: no post-YC Form D matching the founders; no funding statement on website (5 pages) or YC page. LinkedIn/X/Crunchbase need a logged-in browser.,2026-09-30T19:56:52Z
markit,MarkIt,Fall 2025,No evidence found,,,,,,,,,,,,,,,,,,Checked: no post-YC Form D matching the founders; no funding statement on website (1 pages) or YC page. LinkedIn/X/Crunchbase need a logged-in browser.,2026-09-30T19:56:55Z
clicks-health,Clicks Health,Fall 2025,No evidence found,,,,,,,,,,,,,,,,,,Checked: no post-YC Form D matching the founders; no funding statement on website (6 pages) or YC page. LinkedIn/X/Crunchbase need a logged-in browser.,2026-09-30T19:56:53Z
fastshot,Fastshot,Fall 2025,No evidence found,,,,,,,,,,,,,,,,,,Checked: no post-YC Form D matching the founders; no funding statement on website (15 pages) or YC page. LinkedIn/X/Crunchbase need a logged-in browser. National register for GR not checked.,2026-09-30T19:57:02Z
antigen,Antigen,Fall 2025,No evidence found,,,,,,,,,,,,,,,,,,Checked: no post-YC Form D matching the founders; no funding statement on website (6 pages) or YC page. LinkedIn/X/Crunchbase need a logged-in browser.,2026-09-30T19:56:55Z
lunabill,LunaBill,Fall 2025,No evidence found,,,,,,,,,,,,,,,,,,Checked: no post-YC Form D matching the founders; no funding statement on website (4 pages) or YC page. LinkedIn/X/Crunchbase need a logged-in browser.,2026-09-30T19:57:01Z
axial,Axial,Fall 2025,No evidence found,,,,,,,,,,,,,,,,,,Checked: no post-YC Form D matching the founders; no funding statement on website (1 pages) or YC page. LinkedIn/X/Crunchbase need a logged-in browser.,2026-09-30T19:56:57Z
velvet,Velvet,Fall 2025,No evidence found,,,,,,,,,,,,,,,,,,Checked: no post-YC Form D matching the founders; no funding statement on website (1 pages) or YC page. LinkedIn/X/Crunchbase need a logged-in browser.,2026-09-30T19:57:09Z
diligencesquared-inc,DiligenceSquared,Fall 2025,Yes,5405000,OptionToAcquire (per Form D; stage not stated),2025-10-08,,1,SEC Form D,https://www.sec.gov/Archives/edgar/data/2100275/000210027525000001/primary_doc.xml,totalAmountSold: 5405000; totalOfferingAmount: 5500000; dateOfFirstSale: 2025-10-08,0002100275,0002100275-25-000001,5405000,5500000,2025-10-08,OptionToAcquire,15,DiligenceSquared Inc.,High,"First sale is close to batch start, so the Form D total may include YC's $500K.",2026-09-30T19:57:33Z
amera,Amera,Fall 2025,No evidence found,,,,,,,,,,,,,,,,,,Checked: no post-YC Form D matching the founders; no funding statement on website (7 pages) or YC page. LinkedIn/X/Crunchbase need a logged-in browser.,2026-09-30T19:57:03Z
forge-robotics,Forge Robotics,Fall 2025,No evidence found,,,,,,,,,,,,,,,,,,Checked: no post-YC Form D matching the founders; no funding statement on website (2 pages) or YC page. LinkedIn/X/Crunchbase need a logged-in browser.,2026-09-30T19:57:02Z
bluma,Bluma,Fall 2025,No evidence found,,,,,,,,,,,,,,,,,,Checked: no post-YC Form D matching the founders; no funding statement on website (10 pages) or YC page. LinkedIn/X/Crunchbase need a logged-in browser.,2026-09-30T19:57:02Z
lightberry,Lightberry,Fall 2025,No evidence found,,,,,,,,,,,,,,,,,,Checked: no post-YC Form D matching the founders; no funding statement on website (2 pages) or YC page. LinkedIn/X/Crunchbase need a logged-in browser.,2026-09-30T19:57:02Z
the-hog,The Hog,Fall 2025,No evidence found,,,,,,,,,,,,,,,,,,Checked: no post-YC Form D matching the founders; no funding statement on website (4 pages) or YC page. LinkedIn/X/Crunchbase need a logged-in browser.,2026-09-30T19:57:05Z
layers,Layers,Fall 2025,No evidence found,,,,,,,,,,,,,,,,,,Checked: no post-YC Form D matching the founders; no funding statement on website (1 pages) or YC page. LinkedIn/X/Crunchbase need a logged-in browser.,2026-09-30T19:57:06Z
boom-ai,Boom AI,Fall 2025,No evidence found,,,,,,,,,,,,,,,,,,Checked: no post-YC Form D matching the founders; no funding statement on website (3 pages) or YC page. LinkedIn/X/Crunchbase need a logged-in browser. National register for MX not checked.,2026-09-30T19:57:29Z
freeport-markets,Freeport Markets,Fall 2025,No evidence found,,,,,,,,,,,,,,,,,,Checked: no post-YC Form D matching the founders; no funding statement on website (1 pages) or YC page. LinkedIn/X/Crunchbase need a logged-in browser.,2026-09-30T19:57:38Z
miniswap,Miniswap,Fall 2025,Unclear,,,,,5,"Tracxn (lead only, from input)",,,,,,,,,,,Low,"Tracxn lead total $3,500,000; not confirmed by a higher-tier source. Checked: no post-YC Form D matching the founders; no funding statement on website (3 pages) or YC page. LinkedIn/X/Crunchbase need a logged-in browser.",2026-09-30T19:57:08Z
rovi-health,Rovi Health,Fall 2025,No evidence found,,,,,,,,,,,,,,,,,,Checked: no post-YC Form D matching the founders; no funding statement on website (2 pages) or YC page. LinkedIn/X/Crunchbase need a logged-in browser.,2026-09-30T19:57:07Z
madethis,MadeThis,Fall 2025,No evidence found,,,,,,,,,,,,,,,,,,Checked: no post-YC Form D matching the founders; no funding statement on website (3 pages) or YC page. LinkedIn/X/Crunchbase need a logged-in browser.,2026-09-30T19:57:11Z
jarmin,Jarmin,Fall 2025,No evidence found,,,,,,,,,,,,,,,,,,Checked: no post-YC Form D matching the founders; no funding statement on website (5 pages) or YC page. LinkedIn/X/Crunchbase need a logged-in browser.,2026-09-30T19:57:20Z
exonic,Exonic,Fall 2025,No evidence found,,,,,,,,,,,,,,,,,,Checked: no post-YC Form D matching the founders; no funding statement on website (10 pages) or YC page. LinkedIn/X/Crunchbase need a logged-in browser.,2026-09-30T19:57:12Z
uselemma,Lemma,Fall 2025,No evidence found,,,,,,,,,,,,,,,,,,Checked: no post-YC Form D matching the founders; no funding statement on website (4 pages) or YC page. LinkedIn/X/Crunchbase need a logged-in browser.,2026-09-30T19:57:11Z
perseus,Perseus,Fall 2025,No evidence found,,,,,,,,,,,,,,,,,,Checked: no post-YC Form D matching the founders; no funding statement on website (5 pages) or YC page. LinkedIn/X/Crunchbase need a logged-in browser. National register for IN not checked.,2026-09-30T19:57:12Z
karumi,Karumi,Fall 2025,No evidence found,,,,,,,,,,,,,,,,,,Checked: no post-YC Form D matching the founders; no funding statement on website (4 pages) or YC page. LinkedIn/X/Crunchbase need a logged-in browser.,2026-09-30T19:57:16Z
icarus,Icarus,Fall 2025,No evidence found,,,,,,,,,,,,,,,,,,Checked: no post-YC Form D matching the founders; no funding statement on website (2 pages) or YC page. LinkedIn/X/Crunchbase need a logged-in browser.,2026-09-30T19:57:14Z
savahq,Sava,Fall 2025,No evidence found,,,,,,,,,,,,,,,,,,Checked: no post-YC Form D matching the founders; no funding statement on website (1 pages) or YC page. LinkedIn/X/Crunchbase need a logged-in browser.,2026-09-30T19:57:14Z
denki,Denki,Fall 2025,Unclear,,,,,5,"Tracxn (lead only, from input)",,,,,,,,,,,Low,"Tracxn lead total $4,600,000; not confirmed by a higher-tier source. Checked: no post-YC Form D matching the founders; no funding statement on website (3 pages) or YC page. LinkedIn/X/Crunchbase need a logged-in browser.",2026-09-30T19:57:16Z
metorial,Metorial,Fall 2025,No evidence found,,,,,,,,,,,,,,,,,,Checked: no post-YC Form D matching the founders; no funding statement on website (6 pages) or YC page. LinkedIn/X/Crunchbase need a logged-in browser. National register for AT not checked.,2026-09-30T19:57:17Z
kalpa-labs,Kalpa Labs,Fall 2025,No evidence found,,,,,,,,,,,,,,,,,,Checked: no post-YC Form D matching the founders; no funding statement on website (1 pages) or YC page. LinkedIn/X/Crunchbase need a logged-in browser.,2026-09-30T19:57:18Z
absurd,Absurd,Fall 2025,No evidence found,,,,,,,,,,,,,,,,,,Checked: no post-YC Form D matching the founders; no funding statement on website (2 pages) or YC page. LinkedIn/X/Crunchbase need a logged-in browser.,2026-09-30T19:57:47Z
clad-labs,Clad Labs,Fall 2025,No evidence found,,,,,,,,,,,,,,,,,,Checked: no post-YC Form D matching the founders; no funding statement on website (6 pages) or YC page. LinkedIn/X/Crunchbase need a logged-in browser.,2026-09-30T19:58:27Z
automax-ai,Automax.ai,Fall 2025,No evidence found,,,,,,,,,,,,,,,,,,Checked: no post-YC Form D matching the founders; no funding statement on website (4 pages) or YC page. LinkedIn/X/Crunchbase need a logged-in browser.,2026-09-30T19:57:29Z
specific,Specific,Fall 2025,No evidence found,,,,,,,,,,,,,,,,,,Checked: no post-YC Form D matching the founders; no funding statement on website (5 pages) or YC page. LinkedIn/X/Crunchbase need a logged-in browser. National register for SE not checked.,2026-09-30T19:57:20Z
relaw,Relaw,Fall 2025,No evidence found,,,,,,,,,,,,,,,,,,Checked: no post-YC Form D matching the founders; no funding statement on website (5 pages) or YC page. LinkedIn/X/Crunchbase need a logged-in browser.,2026-09-30T19:57:41Z
usenarrative,Narrative,Fall 2025,No evidence found,,,,,,,,,,,,,,,,,,Checked: no post-YC Form D matching the founders; no funding statement on website (2 pages) or YC page. LinkedIn/X/Crunchbase need a logged-in browser.,2026-09-30T19:58:06Z
crunched,Crunched,Fall 2025,Unclear,,,,,5,"Tracxn (lead only, from input)",,,,,,,,,,,Low,"Tracxn lead total $6,500,000; not confirmed by a higher-tier source. Checked: no post-YC Form D matching the founders; no funding statement on website (10 pages) or YC page. LinkedIn/X/Crunchbase need a logged-in browser. National register for NO not checked.",2026-09-30T19:57:24Z
lua-global-inc,Lua Global Inc,Fall 2025,Unclear,,,,,5,"Tracxn (lead only, from input)",,,,,,,,,,,Low,"Tracxn lead total $6,300,000; not confirmed by a higher-tier source. Checked: no post-YC Form D matching the founders; no funding statement on website (2 pages) or YC page. LinkedIn/X/Crunchbase need a logged-in browser.",2026-09-30T19:57:26Z
philon,Philon,Fall 2025,No evidence found,,,,,,,,,,,,,,,,,,Checked: no post-YC Form D matching the founders; no funding statement on website (10 pages) or YC page. LinkedIn/X/Crunchbase need a logged-in browser.,2026-09-30T19:57:24Z
sourcebot,Sourcebot,Fall 2025,No evidence found,,,,,,,,,,,,,,,,,,Checked: no post-YC Form D matching the founders; no funding statement on website (3 pages) or YC page. LinkedIn/X/Crunchbase need a logged-in browser.,2026-09-30T19:57:24Z
zalos,Zalos,Fall 2025,Yes,3600000,,2026-03-24,,4,Press (linked from YC company page),https://www.forbes.com/sites/ilonalimonta-volkova/2026/03/24/zalos-raises-36m-to-bring-computer-agents-to-the-cfos-office/,Zalos Raises $3.6M To Bring Computer Agents To The CFO's Office,,,,,,,,,Medium,No matching post-YC Form D found. Companies House ZALOS AI LTD (16202720): no SH01 allotments listed.,2026-09-30T19:57:28Z
aside,Aside,Fall 2025,No evidence found,,,,,,,,,,,,,,,,,,Checked: no post-YC Form D matching the founders; no funding statement on website (3 pages) or YC page. LinkedIn/X/Crunchbase need a logged-in browser.,2026-09-30T19:57:29Z
scott-ai,Scott AI,Fall 2025,No evidence found,,,,,,,,,,,,,,,,,,Checked: no post-YC Form D matching the founders; no funding statement on website (1 pages) or YC page. LinkedIn/X/Crunchbase need a logged-in browser.,2026-09-30T19:57:28Z
everest,Everest,Fall 2025,No evidence found,,,,,,,,,,,,,,,,,,Checked: no post-YC Form D matching the founders; no funding statement on website (10 pages) or YC page. LinkedIn/X/Crunchbase need a logged-in browser.,2026-09-30T19:57:32Z
expected-parrot,Expected Parrot,Fall 2025,No evidence found,,,,,,,,,,,,,,,,,,"Unverified Form D by same-named person: Innovus Power, Inc. 0002030358-26-000001 sold 881563 (first sale 2026-03-27, San Jose); likely a different person. Checked: no post-YC Form D matching the founders; no funding statement on website (10 pages) or YC page. LinkedIn/X/Crunchbase need a logged-in browser.",2026-09-30T19:57:32Z
imagine-ai,Imagine AI,Fall 2025,No evidence found,,,,,,,,,,,,,,,,,,Checked: no post-YC Form D matching the founders; no funding statement on website (0 pages) or YC page. LinkedIn/X/Crunchbase need a logged-in browser.,2026-09-30T19:58:48Z
anto-biosciences,Anto Biosciences,Fall 2025,No evidence found,,,,,,,,,,,,,,,,,,Checked: no post-YC Form D matching the founders; no funding statement on website (1 pages) or YC page. LinkedIn/X/Crunchbase need a logged-in browser.,2026-09-30T19:57:37Z
patent-watch,Patent Watch,Fall 2025,No evidence found,,,,,,,,,,,,,,,,,,Checked: no post-YC Form D matching the founders; no funding statement on website (1 pages) or YC page. LinkedIn/X/Crunchbase need a logged-in browser.,2026-09-30T19:58:13Z
s2-dev,s2.dev,Fall 2025,Yes,5500000,,,,2,Company website,https://s2.dev/blog/ga,This brings our total capital raised to $5.5M ..,,,,,,,,,High,Round date not stated on the source page; assumed post-YC because it is presented as current news. Other stated figure: $3.85M (https://s2.dev/blog/ga). No matching post-YC Form D found.,2026-09-30T19:57:35Z
tornyol,Tornyol,Fall 2025,No evidence found,,,,,,,,,,,,,,,,,,Checked: no post-YC Form D matching the founders; no funding statement on website (10 pages) or YC page. LinkedIn/X/Crunchbase need a logged-in browser. National register for FR not checked.,2026-09-30T19:57:35Z
nucleo,Nucleo,Fall 2025,No evidence found,,,,,,,,,,,,,,,,,,Checked: no post-YC Form D matching the founders; no funding statement on website (1 pages) or YC page. LinkedIn/X/Crunchbase need a logged-in browser.,2026-09-30T19:57:36Z
leadbay,Leadbay,Fall 2025,Unclear,,,,,5,"Tracxn (lead only, from input)",,,,,,,,,,,Low,"Tracxn lead total $4,800,000; not confirmed by a higher-tier source. Checked: no post-YC Form D matching the founders; no funding statement on website (2 pages) or YC page. LinkedIn/X/Crunchbase need a logged-in browser.",2026-09-30T19:57:39Z
pixley-ai,Pixley AI,Fall 2025,No evidence found,,,,,,,,,,,,,,,,,,Checked: no post-YC Form D matching the founders; no funding statement on website (3 pages) or YC page. LinkedIn/X/Crunchbase need a logged-in browser.,2026-09-30T19:57:43Z
cortex-ai,Cortex AI,Fall 2025,Unclear,,,,,5,"Tracxn (lead only, from input)",,,,,,,,,,,Low,"Tracxn lead total $6,000,000; not confirmed by a higher-tier source. Checked: no post-YC Form D matching the founders; no funding statement on website (2 pages) or YC page. LinkedIn/X/Crunchbase need a logged-in browser.",2026-09-30T19:57:42Z
radiusbrowser,Radius,Fall 2025,No evidence found,,,,,,,,,,,,,,,,,,Checked: no post-YC Form D matching the founders; no funding statement on website (1 pages) or YC page. LinkedIn/X/Crunchbase need a logged-in browser.,2026-09-30T19:57:59Z
darwin,Darwin,Fall 2025,No evidence found,,,,,,,,,,,,,,,,,,Checked: no post-YC Form D matching the founders; no funding statement on website (2 pages) or YC page. LinkedIn/X/Crunchbase need a logged-in browser.,2026-09-30T19:57:41Z
paceline-bio,Paceline Bio,Fall 2025,No evidence found,,,,,,,,,,,,,,,,,,Checked: no post-YC Form D matching the founders; no funding statement on website (2 pages) or YC page. LinkedIn/X/Crunchbase need a logged-in browser.,2026-09-30T19:57:42Z
casey,Casey,Fall 2025,No evidence found,,,,,,,,,,,,,,,,,,Checked: no post-YC Form D matching the founders; no funding statement on website (1 pages) or YC page. LinkedIn/X/Crunchbase need a logged-in browser.,2026-09-30T19:57:44Z
selfin,Selfin,Fall 2025,No evidence found,,,,,,,,,,,,,,,,,,Checked: no post-YC Form D matching the founders; no funding statement on website (0 pages) or YC page. LinkedIn/X/Crunchbase need a logged-in browser.,2026-09-30T19:58:16Z
compyle,Compyle,Fall 2025,No evidence found,,,,,,,,,,,,,,,,,,Checked: no post-YC Form D matching the founders; no funding statement on website (0 pages) or YC page. LinkedIn/X/Crunchbase need a logged-in browser.,2026-09-30T19:58:15Z
lexi,Lexi,Fall 2025,No evidence found,,,,,,,,,,,,,,,,,,Checked: no post-YC Form D matching the founders; no funding statement on website (6 pages) or YC page. LinkedIn/X/Crunchbase need a logged-in browser.,2026-09-30T19:57:51Z
codyco,Codyco,Fall 2025,No evidence found,,,,,,,,,,,,,,,,,,Checked: no post-YC Form D matching the founders; no funding statement on website (3 pages) or YC page. LinkedIn/X/Crunchbase need a logged-in browser. National register for DE not checked.,2026-09-30T19:57:50Z
complydo,ComplyDo,Fall 2025,No evidence found,,,,,,,,,,,,,,,,,,Checked: no post-YC Form D matching the founders; no funding statement on website (3 pages) or YC page. LinkedIn/X/Crunchbase need a logged-in browser. National register for DE not checked.,2026-09-30T19:57:48Z
bravi,Bravi,Fall 2025,No evidence found,,,,,,,,,,,,,,,,,,Checked: no post-YC Form D matching the founders; no funding statement on website (3 pages) or YC page. LinkedIn/X/Crunchbase need a logged-in browser.,2026-09-30T19:57:48Z
redapto,Redapto,Fall 2025,No evidence found,,,,,,,,,,,,,,,,,,Checked: no post-YC Form D matching the founders; no funding statement on website (2 pages) or YC page. LinkedIn/X/Crunchbase need a logged-in browser.,2026-09-30T19:57:51Z
helonic,Helonic,Fall 2025,No evidence found,,,,,,,,,,,,,,,,,,Checked: no post-YC Form D matching the founders; no funding statement on website (6 pages) or YC page. LinkedIn/X/Crunchbase need a logged-in browser.,2026-09-30T19:57:52Z
aleph-lab,Aleph Lab,Fall 2025,No evidence found,,,,,,,,,,,,,,,,,,Checked: no post-YC Form D matching the founders; no funding statement on website (1 pages) or YC page. LinkedIn/X/Crunchbase need a logged-in browser.,2026-09-30T19:57:55Z
logical,Logical,Fall 2025,Unclear,,,,,5,"Tracxn (lead only, from input)",,,,,,,,,,,Low,"Tracxn lead total $939,797; not confirmed by a higher-tier source. Checked: no post-YC Form D matching the founders; no funding statement on website (10 pages) or YC page. LinkedIn/X/Crunchbase need a logged-in browser.",2026-09-30T19:57:55Z
kestrel-ai,Kestrel AI,Fall 2025,No evidence found,,,,,,,,,,,,,,,,,,Checked: no post-YC Form D matching the founders; no funding statement on website (9 pages) or YC page. LinkedIn/X/Crunchbase need a logged-in browser.,2026-09-30T19:57:56Z
logosguard,LogosGuard,Fall 2025,No evidence found,,,,,,,,,,,,,,,,,,Checked: no post-YC Form D matching the founders; no funding statement on website (2 pages) or YC page. LinkedIn/X/Crunchbase need a logged-in browser.,2026-09-30T19:57:57Z
sciloop,Sciloop,Fall 2025,No evidence found,,,,,,,,,,,,,,,,,,Checked: no post-YC Form D matching the founders; no funding statement on website (1 pages) or YC page. LinkedIn/X/Crunchbase need a logged-in browser.,2026-09-30T19:58:50Z
multifactor,Multifactor,Fall 2025,No evidence found,,,,,,,,,,,,,,,,,,Checked: no post-YC Form D matching the founders; no funding statement on website (3 pages) or YC page. LinkedIn/X/Crunchbase need a logged-in browser.,2026-09-30T19:57:59Z
allus-ai,Allus AI,Fall 2025,No evidence found,,,,,,,,,,,,,,,,,,Checked: no post-YC Form D matching the founders; no funding statement on website (2 pages) or YC page. LinkedIn/X/Crunchbase need a logged-in browser.,2026-09-30T19:58:03Z
unsiloed-ai,Unsiloed AI,Fall 2025,Unclear,,,,,5,"Tracxn (lead only, from input)",,,,,,,,,,,Low,"Tracxn lead total $750,000; not confirmed by a higher-tier source. Checked: no post-YC Form D matching the founders; no funding statement on website (11 pages) or YC page. LinkedIn/X/Crunchbase need a logged-in browser.",2026-09-30T19:58:07Z
sf-tensor,SF Tensor,Fall 2025,No evidence found,,,,,,,,,,,,,,,,,,Checked: no post-YC Form D matching the founders; no funding statement on website (3 pages) or YC page. LinkedIn/X/Crunchbase need a logged-in browser.,2026-09-30T19:58:33Z
answerthis,AnswerThis,Fall 2025,No evidence found,,,,,,,,,,,,,,,,,,Checked: no post-YC Form D matching the founders; no funding statement on website (2 pages) or YC page. LinkedIn/X/Crunchbase need a logged-in browser.,2026-09-30T19:58:06Z
alder,Alder,Fall 2025,No evidence found,,,,,,,,,,,,,,,,,,Checked: no post-YC Form D matching the founders; no funding statement on website (3 pages) or YC page. LinkedIn/X/Crunchbase need a logged-in browser.,2026-09-30T19:58:42Z
lakonia,Lakonia,Fall 2025,No evidence found,,,,,,,,,,,,,,,,,,Checked: no post-YC Form D matching the founders; no funding statement on website (0 pages) or YC page. LinkedIn/X/Crunchbase need a logged-in browser.,2026-09-30T19:58:05Z
sellraze,SellRaze,Fall 2025,No evidence found,,,,,,,,,,,,,,,,,,"Manual review: $560K pre-seed announced on the changelog dated June 3, 2024, before the Fall 2025 batch, so it is pre-YC. No post-YC Form D or announcement found.",2026-09-30T19:58:32Z
clerked,Clerked,Fall 2025,No evidence found,,,,,,,,,,,,,,,,,,Checked: no post-YC Form D matching the founders; no funding statement on website (2 pages) or YC page. LinkedIn/X/Crunchbase need a logged-in browser.,2026-09-30T19:58:11Z
semble,Semble,Fall 2025,No evidence found,,,,,,,,,,,,,,,,,,Checked: no post-YC Form D matching the founders; no funding statement on website (10 pages) or YC page. LinkedIn/X/Crunchbase need a logged-in browser.,2026-09-30T19:58:10Z
flick,Flick,Fall 2025,Yes,6000000,Seed,2026-06-15,,4,Press (linked from YC company page),https://www.businessinsider.com/ai-filmmaking-startup-flick-lands-yc-seed-funding-pitch-deck-2026-5,AI Filmmaking Startup Flick Lands $6M Seed Funding: Pitch Deck - Business Insider,,,,,,,,,Medium,No matching post-YC Form D found.,2026-09-30T19:58:27Z
hillclimb,hillclimb,Fall 2025,No evidence found,,,,,,,,,,,,,,,,,,Checked: no post-YC Form D matching the founders; no funding statement on website (1 pages) or YC page. LinkedIn/X/Crunchbase need a logged-in browser.,2026-09-30T19:58:18Z
atlasgrid,AtlasGrid,Fall 2025,No evidence found,,,,,,,,,,,,,,,,,,Checked: no post-YC Form D matching the founders; no funding statement on website (1 pages) or YC page. LinkedIn/X/Crunchbase need a logged-in browser.,2026-09-30T19:59:09Z
wardstone,Wardstone,Fall 2025,No evidence found,,,,,,,,,,,,,,,,,,Checked: no post-YC Form D matching the founders; no funding statement on website (1 pages) or YC page. LinkedIn/X/Crunchbase need a logged-in browser.,2026-09-30T19:58:16Z
nessie,Nessie,Fall 2025,No evidence found,,,,,,,,,,,,,,,,,,Checked: no post-YC Form D matching the founders; no funding statement on website (4 pages) or YC page. LinkedIn/X/Crunchbase need a logged-in browser.,2026-09-30T19:58:20Z
hypercubic,Hypercubic,Fall 2025,Yes,5300000,,,,2,Company website,https://www.hypercubic.ai,Hypercubic Raises $5.3M to Build the Future of Mainframe Modernization.,,,,,,,,,High,Round date not stated on the source page; assumed post-YC because it is presented as current news. No matching post-YC Form D found.,2026-09-30T19:58:21Z
cranston-ai,Cranston AI,Fall 2025,No evidence found,,,,,,,,,,,,,,,,,,Checked: no post-YC Form D matching the founders; no funding statement on website (3 pages) or YC page. LinkedIn/X/Crunchbase need a logged-in browser.,2026-09-30T19:58:55Z
trelium,Trelium,Fall 2025,No evidence found,,,,,,,,,,,,,,,,,,Checked: no post-YC Form D matching the founders; no funding statement on website (5 pages) or YC page. LinkedIn/X/Crunchbase need a logged-in browser.,2026-09-30T19:58:23Z
veria-labs,Veria Labs,Fall 2025,Yes,3200000,Seed,,,2,Company website,https://verialabs.com/blog/,"Feb 9, 2026 Announcing our $3.2M Seed Round We spun out of the #1 hacking team in the US and raised a $3.2M seed",,,,,,,,,High,Round date not stated on the source page; assumed post-YC because it is presented as current news. No matching post-YC Form D found.,2026-09-30T19:58:24Z
minro,Minro,Fall 2025,No evidence found,,,,,,,,,,,,,,,,,,Checked: no post-YC Form D matching the founders; no funding statement on website (1 pages) or YC page. LinkedIn/X/Crunchbase need a logged-in browser.,2026-09-30T19:58:24Z
tell-if-ai,Tell if AI,Fall 2025,No evidence found,,,,,,,,,,,,,,,,,,Checked: no post-YC Form D matching the founders; no funding statement on website (1 pages) or YC page. LinkedIn/X/Crunchbase need a logged-in browser.,2026-09-30T19:58:26Z
bron,Bron,Fall 2025,No evidence found,,,,,,,,,,,,,,,,,,Checked: no post-YC Form D matching the founders; no funding statement on website (1 pages) or YC page. LinkedIn/X/Crunchbase need a logged-in browser.,2026-09-30T19:58:33Z
koyal,Koyal,Fall 2025,No evidence found,,,,,,,,,,,,,,,,,,Checked: no post-YC Form D matching the founders; no funding statement on website (10 pages) or YC page. LinkedIn/X/Crunchbase need a logged-in browser.,2026-09-30T19:58:28Z
kaigo-health,Kaigo Health,Fall 2025,No evidence found,,,,,,,,,,,,,,,,,,Checked: no post-YC Form D matching the founders; no funding statement on website (1 pages) or YC page. LinkedIn/X/Crunchbase need a logged-in browser.,2026-09-30T19:58:30Z
norra,Norra,Fall 2025,No evidence found,,,,,,,,,,,,,,,,,,Checked: no post-YC Form D matching the founders; no funding statement on website (4 pages) or YC page. LinkedIn/X/Crunchbase need a logged-in browser.,2026-09-30T19:58:35Z
soren,Soren,Fall 2025,No evidence found,,,,,,,,,,,,,,,,,,Checked: no post-YC Form D matching the founders; no funding statement on website (2 pages) or YC page. LinkedIn/X/Crunchbase need a logged-in browser.,2026-09-30T19:58:34Z
lunavo,Lunavo,Fall 2025,No evidence found,,,,,,,,,,,,,,,,,,Checked: no post-YC Form D matching the founders; no funding statement on website (10 pages) or YC page. LinkedIn/X/Crunchbase need a logged-in browser. National register for DE not checked.,2026-09-30T19:58:39Z
daridev,dari.dev,Fall 2025,No evidence found,,,,,,,,,,,,,,,,,,Checked: no post-YC Form D matching the founders; no funding statement on website (1 pages) or YC page. LinkedIn/X/Crunchbase need a logged-in browser.,2026-09-30T19:58:33Z
the-context-company,The Context Company,Fall 2025,No evidence found,,,,,,,,,,,,,,,,,,Checked: no post-YC Form D matching the founders; no funding statement on website (10 pages) or YC page. LinkedIn/X/Crunchbase need a logged-in browser.,2026-09-30T19:58:46Z
sorce,Sorce,Fall 2025,No evidence found,,,,,,,,,,,,,,,,,,Checked: no post-YC Form D matching the founders; no funding statement on website (2 pages) or YC page. LinkedIn/X/Crunchbase need a logged-in browser.,2026-09-30T19:59:00Z
caddy,Caddy,Fall 2025,No evidence found,,,,,,,,,,,,,,,,,,Checked: no post-YC Form D matching the founders; no funding statement on website (3 pages) or YC page. LinkedIn/X/Crunchbase need a logged-in browser.,2026-09-30T19:58:38Z
locus,Locus,Fall 2025,No evidence found,,,,,,,,,,,,,,,,,,Checked: no post-YC Form D matching the founders; no funding statement on website (4 pages) or YC page. LinkedIn/X/Crunchbase need a logged-in browser.,2026-09-30T19:58:41Z
deeptrace,Deeptrace,Fall 2025,Yes,5000000,Seed,,,2,Company website,https://deeptrace.com,Deeptrace announces $5M Seed Round .,,,,,,,,,High,Round date not stated on the source page; assumed post-YC because it is presented as current news. No matching post-YC Form D found.,2026-09-30T19:58:58Z
aspect-inc,Aspect,Fall 2025,No evidence found,,,,,,,,,,,,,,,,,,Checked: no post-YC Form D matching the founders; no funding statement on website (3 pages) or YC page. LinkedIn/X/Crunchbase need a logged-in browser.,2026-09-30T19:58:59Z
scoop,Scoop,Fall 2025,No evidence found,,,,,,,,,,,,,,,,,,Checked: no post-YC Form D matching the founders; no funding statement on website (1 pages) or YC page. LinkedIn/X/Crunchbase need a logged-in browser.,2026-09-30T19:58:41Z
hyperspell,Hyperspell,Fall 2025,No evidence found,,,,,,,,,,,,,,,,,,Checked: no post-YC Form D matching the founders; no funding statement on website (2 pages) or YC page. LinkedIn/X/Crunchbase need a logged-in browser.,2026-09-30T19:59:28Z
gpt,Nexus,Fall 2025,Yes,4300000,Seed,,,2,Company website,https://agent.nexus/blog/nexus-raises-4-3m-seed-shipping-cue,Nexus Agent Raises $4.3M Seed Led by General Catalyst | Cue Launch | Nexus Agent .,,,,,,,,,High,Round date not stated on the source page; assumed post-YC because it is presented as current news. No matching post-YC Form D found.,2026-09-30T19:58:47Z
zavo,Zavo,Fall 2025,No evidence found,,,,,,,,,,,,,,,,,,Checked: no post-YC Form D matching the founders; no funding statement on website (1 pages) or YC page. LinkedIn/X/Crunchbase need a logged-in browser. Companies House ZAVO LTD (14543620): no SH01 allotments listed.,2026-09-30T19:58:46Z
movedot,MOVEdot,Fall 2025,No evidence found,,,,,,,,,,,,,,,,,,Checked: no post-YC Form D matching the founders; no funding statement on website (10 pages) or YC page. LinkedIn/X/Crunchbase need a logged-in browser.,2026-09-30T19:58:51Z
brickwise,Brickwise,Fall 2025,No evidence found,,,,,,,,,,,,,,,,,,Checked: no post-YC Form D matching the founders; no funding statement on website (5 pages) or YC page. LinkedIn/X/Crunchbase need a logged-in browser. Companies House BRICKWISE LABS LTD (16963059): no SH01 allotments listed.,2026-09-30T19:58:51Z
parse-bot,Parse,Fall 2025,No evidence found,,,,,,,,,,,,,,,,,,Checked: no post-YC Form D matching the founders; no funding statement on website (2 pages) or YC page. LinkedIn/X/Crunchbase need a logged-in browser.,2026-09-30T19:58:50Z
structured-ai,Structured AI,Fall 2025,Yes,4200000,Seed,,FCVC,2,Company website,https://getstructured.ai/blog/,"$4.2M seed round led by FCVC, bringing total funding to $5M, to build an AI design reviewer that catches code, coordination, and QA/QC issues",,,,,,,,,High,Manual review: $4.2M seed led by FCVC; site says total funding is $5M including earlier money.,2026-09-30T19:59:17Z
uplane,Uplane,Fall 2025,Yes,4500000,,2026-04-15,,4,Press (linked from YC company page),https://www.businessinsider.com/pitch-deck-uplane-raised-funding-to-replace-marketing-agencies-ai-2026-4,Pitch Deck: Uplane Raised $4.5 Million to Replace Marketers With AI - Business Insider,,,,,,,,,Medium,No matching post-YC Form D found.,2026-09-30T19:58:53Z
aircaps,AirCaps,Fall 2025,No evidence found,,,,,,,,,,,,,,,,,,Checked: no post-YC Form D matching the founders; no funding statement on website (1 pages) or YC page. LinkedIn/X/Crunchbase need a logged-in browser.,2026-09-30T19:59:45Z
brickanta,Brickanta,Fall 2025,Yes,8000000,,,,2,YC company/launch page,https://www.ycombinator.com/companies/brickanta,"Brickanta has raised $8 million from leading AI, construction, and real estate investors behind companies like OpenAI/ChatGPT, Airbnb, Klarna, Spotify, and Plangrid-Autodesk, as well",,,,,,,,,High,Round date not stated on the source page; assumed post-YC because it is presented as current news. No matching post-YC Form D found.,2026-09-30T19:58:57Z
semiotic,Semiotic,Fall 2025,No evidence found,,,,,,,,,,,,,,,,,,Checked: no post-YC Form D matching the founders; no funding statement on website (0 pages) or YC page. LinkedIn/X/Crunchbase need a logged-in browser.,2026-09-30T19:59:12Z
lapis,Lapis,Fall 2025,No evidence found,,,,,,,,,,,,,,,,,,Checked: no post-YC Form D matching the founders; no funding statement on website (2 pages) or YC page. LinkedIn/X/Crunchbase need a logged-in browser.,2026-09-30T19:58:55Z
efference,Efference,Fall 2025,No evidence found,,,,,,,,,,,,,,,,,,Checked: no post-YC Form D matching the founders; no funding statement on website (1 pages) or YC page. LinkedIn/X/Crunchbase need a logged-in browser.,2026-09-30T19:58:56Z
digipals,Digipals,Fall 2025,No evidence found,,,,,,,,,,,,,,,,,,Checked: no post-YC Form D matching the founders; no funding statement on website (10 pages) or YC page. LinkedIn/X/Crunchbase need a logged-in browser.,2026-09-30T19:58:59Z
mixy,Mixy,Fall 2025,No evidence found,,,,,,,,,,,,,,,,,,Checked: no post-YC Form D matching the founders; no funding statement on website (1 pages) or YC page. LinkedIn/X/Crunchbase need a logged-in browser.,2026-09-30T19:58:59Z
fernstone,Fernstone,Fall 2025,No evidence found,,,,,,,,,,,,,,,,,,Checked: no post-YC Form D matching the founders; no funding statement on website (3 pages) or YC page. LinkedIn/X/Crunchbase need a logged-in browser.,2026-09-30T19:59:03Z
null-labs,Null Labs,Fall 2025,No evidence found,,,,,,,,,,,,,,,,,,Checked: no post-YC Form D matching the founders; no funding statement on website (2 pages) or YC page. LinkedIn/X/Crunchbase need a logged-in browser.,2026-09-30T19:59:01Z
parametric,Parametric,Fall 2025,No evidence found,,,,,,,,,,,,,,,,,,Checked: no post-YC Form D matching the founders; no funding statement on website (1 pages) or YC page. LinkedIn/X/Crunchbase need a logged-in browser.,2026-09-30T19:59:12Z
prox,Prox,Fall 2025,No evidence found,,,,,,,,,,,,,,,,,,Checked: no post-YC Form D matching the founders; no funding statement on website (2 pages) or YC page. LinkedIn/X/Crunchbase need a logged-in browser.,2026-09-30T19:59:04Z
autonomous-technologies-group,Autonomous Technologies Group,Fall 2025,Unclear,,,,,5,"Tracxn (lead only, from input)",,,,,,,,,,,Low,"Tracxn lead total $15,000,000; not confirmed by a higher-tier source. Checked: no post-YC Form D matching the founders; no funding statement on website (1 pages) or YC page. LinkedIn/X/Crunchbase need a logged-in browser.",2026-09-30T19:59:07Z
fifth-door,Fifth Door,Fall 2025,Unclear,,,,,5,"Tracxn (lead only, from input)",,,,,,,,,,,Low,"Tracxn lead total $20,000,000; not confirmed by a higher-tier source. Checked: no post-YC Form D matching the founders; no funding statement on website (10 pages) or YC page. LinkedIn/X/Crunchbase need a logged-in browser.",2026-09-30T19:59:08Z
piggy-robotics,Piggy Robotics,Fall 2025,No evidence found,,,,,,,,,,,,,,,,,,Checked: no post-YC Form D matching the founders; no funding statement on website (1 pages) or YC page. LinkedIn/X/Crunchbase need a logged-in browser.,2026-09-30T19:59:04Z
goldbridge,Goldbridge,Fall 2025,No evidence found,,,,,,,,,,,,,,,,,,Checked: no post-YC Form D matching the founders; no funding statement on website (2 pages) or YC page. LinkedIn/X/Crunchbase need a logged-in browser.,2026-09-30T19:59:06Z
mspilot,MSPilot,Fall 2025,No evidence found,,,,,,,,,,,,,,,,,,Checked: no post-YC Form D matching the founders; no funding statement on website (1 pages) or YC page. LinkedIn/X/Crunchbase need a logged-in browser.,2026-09-30T19:59:11Z
remedy,Remedy,Fall 2025,No evidence found,,,,,,,,,,,,,,,,,,Checked: no post-YC Form D matching the founders; no funding statement on website (0 pages) or YC page. LinkedIn/X/Crunchbase need a logged-in browser.,2026-09-30T19:59:08Z
coasts,Coasts,Fall 2025,No evidence found,,,,,,,,,,,,,,,,,,Checked: no post-YC Form D matching the founders; no funding statement on website (2 pages) or YC page. LinkedIn/X/Crunchbase need a logged-in browser.,2026-09-30T19:59:09Z
dome,Dome,Fall 2025,Unclear,,,,,5,"Tracxn (lead only, from input)",,,,,,,,,,,Low,"Tracxn lead total $5,200,000; not confirmed by a higher-tier source. Checked: no post-YC Form D matching the founders; no funding statement on website (10 pages) or YC page. LinkedIn/X/Crunchbase need a logged-in browser.",2026-09-30T19:59:10Z
rovr,Rovr,Fall 2025,No evidence found,,,,,,,,,,,,,,,,,,Checked: no post-YC Form D matching the founders; no funding statement on website (0 pages) or YC page. LinkedIn/X/Crunchbase need a logged-in browser.,2026-09-30T19:59:12Z
sylvian,Sylvian,Fall 2025,No evidence found,,,,,,,,,,,,,,,,,,Checked: no post-YC Form D matching the founders; no funding statement on website (0 pages) or YC page. LinkedIn/X/Crunchbase need a logged-in browser.,2026-09-30T20:00:00Z
f2,F2,Summer 2025,Yes,24000000,Seed,,HighlandX,2,Company website,https://f2.ai/blog,"Today, we’re announcing $24 million in total equity funding, including a $14 million seed round led by HighlandX, alongside the launch of Adam, an",,,,,,,,,High,Round date not stated on the source page; assumed post-YC because it is presented as current news. No matching post-YC Form D found.,2026-09-30T19:59:19Z
nox-metals,Nox Metals,Summer 2025,Yes,11500000,Seed,2026-06-14,,2,Company website,https://noxmetals.co/blog/nox-metals-seed-round,NOX METALS Raises an $11.5M Seed Round to Reindustrialize America,,,,,,,,,High,No matching post-YC Form D found.,2026-09-30T19:59:55Z
blue,Blue,Summer 2025,No evidence found,,,,,,,,,,,,,,,,,,Checked: no post-YC Form D matching the founders; no funding statement on website (1 pages) or YC page. LinkedIn/X/Crunchbase need a logged-in browser.,2026-09-30T19:59:13Z
paloma,Paloma,Summer 2025,No evidence found,,,,,,,,,,,,,,,,,,Checked: no post-YC Form D matching the founders; no funding statement on website (1 pages) or YC page. LinkedIn/X/Crunchbase need a logged-in browser.,2026-09-30T19:59:14Z
uplift-ai,Uplift AI,Summer 2025,Unclear,,,,,5,"Tracxn (lead only, from input)",,,,,,,,,,,Low,"Tracxn lead total $3,500,000; not confirmed by a higher-tier source. Checked: no post-YC Form D matching the founders; no funding statement on website (1 pages) or YC page. LinkedIn/X/Crunchbase need a logged-in browser.",2026-09-30T19:59:17Z
realroots,RealRoots,Summer 2025,No evidence found,,,,,,,,,,,,,,,,,,Checked: no post-YC Form D matching the founders; no funding statement on website (1 pages) or YC page. LinkedIn/X/Crunchbase need a logged-in browser.,2026-09-30T19:59:14Z
luminal,Luminal,Summer 2025,Yes,5300000,,2025-11-17,,4,Press (linked from YC company page),https://techcrunch.com/2025/11/17/luminal-raises-5-3-million-to-build-a-better-gpu-code-framework/,Luminal raises $5.3 million to build a better GPU code framework | TechCrunch,,,,,,,,,Medium,No matching post-YC Form D found.,2026-09-30T19:59:30Z
freya,Freya,Summer 2025,Unclear,,,,,5,"Tracxn (lead only, from input)",,,,,,,,,,,Low,"Tracxn lead total $3,500,000; not confirmed by a higher-tier source. Checked: no post-YC Form D matching the founders; no funding statement on website (10 pages) or YC page. LinkedIn/X/Crunchbase need a logged-in browser. National register for TR not checked.",2026-09-30T19:59:41Z
burnt,burnt,Summer 2025,Unclear,,,,,5,"Tracxn (lead only, from input)",,,,,,,,,,,Low,"Tracxn lead total $4,300,000; not confirmed by a higher-tier source. Checked: no post-YC Form D matching the founders; no funding statement on website (3 pages) or YC page. LinkedIn/X/Crunchbase need a logged-in browser.",2026-09-30T19:59:21Z
avent,Avent,Summer 2025,No evidence found,,,,,,,,,,,,,,,,,,Checked: no post-YC Form D matching the founders; no funding statement on website (4 pages) or YC page. LinkedIn/X/Crunchbase need a logged-in browser.,2026-09-30T19:59:17Z
ruvo,Ruvo,Summer 2025,Unclear,,,,,5,"Tracxn (lead only, from input)",,,,,,,,,,,Low,"Tracxn lead total $5,100,000; not confirmed by a higher-tier source. Checked: no post-YC Form D matching the founders; no funding statement on website (2 pages) or YC page. LinkedIn/X/Crunchbase need a logged-in browser. National register for BR not checked.",2026-09-30T19:59:18Z
veritus,Veritus,Summer 2025,Unclear,,,,,5,"Tracxn (lead only, from input)",,,,,,,,,,,Low,"Tracxn lead total $10,100,000; not confirmed by a higher-tier source. Checked: no post-YC Form D matching the founders; no funding statement on website (4 pages) or YC page. LinkedIn/X/Crunchbase need a logged-in browser.",2026-09-30T19:59:25Z
outrove,Sapien,Summer 2025,No evidence found,,,,,,,,,,,,,,,,,,Checked: no post-YC Form D matching the founders; no funding statement on website (2 pages) or YC page. LinkedIn/X/Crunchbase need a logged-in browser.,2026-09-30T20:00:02Z
noso-labs,NOSO LABS,Summer 2025,No evidence found,,,,,,,,,,,,,,,,,,Checked: no post-YC Form D matching the founders; no funding statement on website (10 pages) or YC page. LinkedIn/X/Crunchbase need a logged-in browser.,2026-09-30T19:59:22Z
vulcan-technologies,Vulcan Technologies,Summer 2025,Yes,11000000,,2025-10-09,,4,Press (linked from YC company page),https://www.axios.com/pro/enterprise-software-deals/2025/10/09/vulcan-technologies-11-million-seed-govtech,Vulcan Technologies raises $11M to navigate regulations,,,,,,,,,Medium,No matching post-YC Form D found.,2026-09-30T19:59:22Z
geo-ai,Bizzy AI,Summer 2025,No evidence found,,,,,,,,,,,,,,,,,,Checked: no post-YC Form D matching the founders; no funding statement on website (1 pages) or YC page. LinkedIn/X/Crunchbase need a logged-in browser.,2026-09-30T19:59:22Z
spotlight-realty,Spotlight Realty,Summer 2025,No evidence found,,,,,,,,,,,,,,,,,,Checked: no post-YC Form D matching the founders; no funding statement on website (9 pages) or YC page. LinkedIn/X/Crunchbase need a logged-in browser.,2026-09-30T19:59:31Z
interfere,Interfere,Summer 2025,No evidence found,,,,,,,,,,,,,,,,,,Checked: no post-YC Form D matching the founders; no funding statement on website (6 pages) or YC page. LinkedIn/X/Crunchbase need a logged-in browser.,2026-09-30T19:59:36Z
munify,Munify,Summer 2025,Yes,4500000,Seed,,,2,Company website,https://www.munify.ai/,"Munify recently closed a $4.5 million seed round from Y Combinator, White Star Capital, Byld, Rebel Fund and DCG..",,,,,,,,,High,Round date not stated on the source page; assumed post-YC because it is presented as current news. No matching post-YC Form D found.,2026-09-30T19:59:33Z
rowflow,RowFlow,Summer 2025,No evidence found,,,,,,,,,,,,,,,,,,Checked: no post-YC Form D matching the founders; no funding statement on website (10 pages) or YC page. LinkedIn/X/Crunchbase need a logged-in browser.,2026-09-30T19:59:27Z
duranium,Duranium,Summer 2025,No evidence found,,,,,,,,,,,,,,,,,,Checked: no post-YC Form D matching the founders; no funding statement on website (1 pages) or YC page. LinkedIn/X/Crunchbase need a logged-in browser.,2026-09-30T19:59:31Z
perspectives-health,Perspectives Health,Summer 2025,No evidence found,,,,,,,,,,,,,,,,,,Checked: no post-YC Form D matching the founders; no funding statement on website (3 pages) or YC page. LinkedIn/X/Crunchbase need a logged-in browser.,2026-09-30T19:59:35Z
modelence,Modelence,Summer 2025,Yes,3850000,SAFE (per Form D; stage not stated),2025-05-23,,1,SEC Form D/A,https://www.sec.gov/Archives/edgar/data/2071552/000207155225000005/primary_doc.xml,totalAmountSold: 3850000; totalOfferingAmount: 3850000; dateOfFirstSale: 2025-05-23,0002071552,0002071552-25-000005,3850000,3850000,2025-05-23,Other; Other: Simple Agreement for Future Equity (SAFE),22,"Modelence, Inc.",High,"First sale is close to batch start, so the Form D total may include YC's $500K.",2026-09-30T19:59:33Z
magnetic,Magnetic,Summer 2025,No evidence found,,,,,,,,,,,,,,,,,,Checked: no post-YC Form D matching the founders; no funding statement on website (10 pages) or YC page. LinkedIn/X/Crunchbase need a logged-in browser.,2026-09-30T19:59:34Z
fleetline,Fleetline,Summer 2025,No evidence found,,,,,,,,,,,,,,,,,,Checked: no post-YC Form D matching the founders; no funding statement on website (7 pages) or YC page. LinkedIn/X/Crunchbase need a logged-in browser.,2026-09-30T20:00:41Z
clodo,CLODO,Summer 2025,No evidence found,,,,,,,,,,,,,,,,,,Checked: no post-YC Form D matching the founders; no funding statement on website (1 pages) or YC page. LinkedIn/X/Crunchbase need a logged-in browser.,2026-09-30T19:59:36Z
stagewise,stagewise,Summer 2025,No evidence found,,,,,,,,,,,,,,,,,,Checked: no post-YC Form D matching the founders; no funding statement on website (5 pages) or YC page. LinkedIn/X/Crunchbase need a logged-in browser.,2026-09-30T19:59:43Z
flywheel-ai,Flywheel AI,Summer 2025,No evidence found,,,,,,,,,,,,,,,,,,Checked: no post-YC Form D matching the founders; no funding statement on website (1 pages) or YC page. LinkedIn/X/Crunchbase need a logged-in browser.,2026-09-30T19:59:39Z
juxta,Juxta,Summer 2025,No evidence found,,,,,,,,,,,,,,,,,,Checked: no post-YC Form D matching the founders; no funding statement on website (3 pages) or YC page. LinkedIn/X/Crunchbase need a logged-in browser.,2026-09-30T19:59:42Z
okibi,Okibi,Summer 2025,No evidence found,,,,,,,,,,,,,,,,,,Checked: no post-YC Form D matching the founders; no funding statement on website (8 pages) or YC page. LinkedIn/X/Crunchbase need a logged-in browser.,2026-09-30T20:00:17Z
rebulk,Rebulk,Summer 2025,No evidence found,,,,,,,,,,,,,,,,,,Checked: no post-YC Form D matching the founders; no funding statement on website (4 pages) or YC page. LinkedIn/X/Crunchbase need a logged-in browser.,2026-09-30T19:59:53Z
kernel,KERNEL,Summer 2025,Yes,22000000,,2025-10-09,,4,Press (linked from YC company page),https://blog.onkernel.com/series-a-announcement/,We’ve raised $22m to scale our browser infrastructure platform for AI agents,,,,,,,,,Medium,No matching post-YC Form D found.,2026-09-30T19:59:41Z
reacher,Reacher,Summer 2025,No evidence found,,,,,,,,,,,,,,,,,,Checked: no post-YC Form D matching the founders; no funding statement on website (5 pages) or YC page. LinkedIn/X/Crunchbase need a logged-in browser.,2026-09-30T20:00:11Z
certus-ai,Certus AI,Summer 2025,No evidence found,,,,,,,,,,,,,,,,,,Checked: no post-YC Form D matching the founders; no funding statement on website (2 pages) or YC page. LinkedIn/X/Crunchbase need a logged-in browser.,2026-09-30T19:59:45Z
hera-video,Hera,Summer 2025,No evidence found,,,,,,,,,,,,,,,,,,Checked: no post-YC Form D matching the founders; no funding statement on website (10 pages) or YC page. LinkedIn/X/Crunchbase need a logged-in browser. National register for DE not checked.,2026-09-30T19:59:48Z
notte,Notte,Summer 2025,Unclear,,,,,5,"Tracxn (lead only, from input)",,,,,,,,,,,Low,"Tracxn lead total $3,000,000; not confirmed by a higher-tier source. Checked: no post-YC Form D matching the founders; no funding statement on website (4 pages) or YC page. LinkedIn/X/Crunchbase need a logged-in browser.",2026-09-30T20:00:07Z
pally,Pally,Summer 2025,No evidence found,,,,,,,,,,,,,,,,,,Checked: no post-YC Form D matching the founders; no funding statement on website (2 pages) or YC page. LinkedIn/X/Crunchbase need a logged-in browser.,2026-09-30T19:59:47Z
locata,Locata,Summer 2025,No evidence found,,,,,,,,,,,,,,,,,,Checked: no post-YC Form D matching the founders; no funding statement on website (3 pages) or YC page. LinkedIn/X/Crunchbase need a logged-in browser.,2026-09-30T19:59:52Z
pleom,Pleom,Summer 2025,No evidence found,,,,,,,,,,,,,,,,,,Checked: no post-YC Form D matching the founders; no funding statement on website (1 pages) or YC page. LinkedIn/X/Crunchbase need a logged-in browser.,2026-09-30T19:59:49Z
convexia,Convexia,Summer 2025,No evidence found,,,,,,,,,,,,,,,,,,Checked: no post-YC Form D matching the founders; no funding statement on website (1 pages) or YC page. LinkedIn/X/Crunchbase need a logged-in browser.,2026-09-30T19:59:55Z
sigmanticai,SigmanticAI,Summer 2025,No evidence found,,,,,,,,,,,,,,,,,,Checked: no post-YC Form D matching the founders; no funding statement on website (1 pages) or YC page. LinkedIn/X/Crunchbase need a logged-in browser.,2026-09-30T19:59:51Z
sira,Sira,Summer 2025,Yes,3400000,,,,2,Company website,https://sira.team,Sira Raises $3.4M to Transform HR for Deskless Hourly Teams.,,,,,,,,,High,Round date not stated on the source page; assumed post-YC because it is presented as current news. No matching post-YC Form D found.,2026-09-30T20:00:45Z
f4-industries,F4 Industries,Summer 2025,No evidence found,,,,,,,,,,,,,,,,,,Checked: no post-YC Form D matching the founders; no funding statement on website (10 pages) or YC page. LinkedIn/X/Crunchbase need a logged-in browser.,2026-09-30T20:00:08Z
quotain,Quotain,Summer 2025,No evidence found,,,,,,,,,,,,,,,,,,Checked: no post-YC Form D matching the founders; no funding statement on website (4 pages) or YC page. LinkedIn/X/Crunchbase need a logged-in browser.,2026-09-30T20:00:00Z
altur,Altur,Summer 2025,No evidence found,,,,,,,,,,,,,,,,,,Checked: no post-YC Form D matching the founders; no funding statement on website (3 pages) or YC page. LinkedIn/X/Crunchbase need a logged-in browser. National register for MX not checked.,2026-09-30T20:00:14Z
pares-ai,PARES AI,Summer 2025,No evidence found,,,,,,,,,,,,,,,,,,Checked: no post-YC Form D matching the founders; no funding statement on website (10 pages) or YC page. LinkedIn/X/Crunchbase need a logged-in browser.,2026-09-30T20:00:02Z
avelis-health,Avelis Health,Summer 2025,No evidence found,,,,,,,,,,,,,,,,,,Checked: no post-YC Form D matching the founders; no funding statement on website (1 pages) or YC page. LinkedIn/X/Crunchbase need a logged-in browser.,2026-09-30T20:00:02Z
nautilus,Nautilus,Summer 2025,No evidence found,,,,,,,,,,,,,,,,,,Checked: no post-YC Form D matching the founders; no funding statement on website (4 pages) or YC page. LinkedIn/X/Crunchbase need a logged-in browser.,2026-09-30T20:00:28Z
humoniq,Humoniq,Summer 2025,No evidence found,,,,,,,,,,,,,,,,,,Checked: no post-YC Form D matching the founders; no funding statement on website (1 pages) or YC page. LinkedIn/X/Crunchbase need a logged-in browser.,2026-09-30T20:00:44Z
maximal,Maximal,Summer 2025,No evidence found,,,,,,,,,,,,,,,,,,Checked: no post-YC Form D matching the founders; no funding statement on website (3 pages) or YC page. LinkedIn/X/Crunchbase need a logged-in browser.,2026-09-30T20:00:06Z
idler,idler,Summer 2025,Unclear,,,,,5,"Tracxn (lead only, from input)",,,,,,,,,,,Low,"Tracxn lead total $9,500,000; not confirmed by a higher-tier source. Checked: no post-YC Form D matching the founders; no funding statement on website (3 pages) or YC page. LinkedIn/X/Crunchbase need a logged-in browser.",2026-09-30T20:00:08Z
floot,Floot,Summer 2025,No evidence found,,,,,,,,,,,,,,,,,,Checked: no post-YC Form D matching the founders; no funding statement on website (10 pages) or YC page. LinkedIn/X/Crunchbase need a logged-in browser.,2026-09-30T20:00:11Z
alara,Alara,Summer 2025,No evidence found,,,,,,,,,,,,,,,,,,Checked: no post-YC Form D matching the founders; no funding statement on website (0 pages) or YC page. LinkedIn/X/Crunchbase need a logged-in browser.,2026-09-30T20:00:22Z
socratix-ai,Socratix AI,Summer 2025,Yes,4100000,,,,2,Company website,https://getsocratix.ai,Socratix AI Raises $4.1M to Empower Fraud Fighters with AI.,,,,,,,,,High,Round date not stated on the source page; assumed post-YC because it is presented as current news. No matching post-YC Form D found.,2026-09-30T20:00:12Z
minimal-ai,Minimal AI,Summer 2025,No evidence found,,,,,,,,,,,,,,,,,,Checked: no post-YC Form D matching the founders; no funding statement on website (1 pages) or YC page. LinkedIn/X/Crunchbase need a logged-in browser. National register for NL not checked.,2026-09-30T20:00:53Z
risely-ai,Risely AI,Summer 2025,No evidence found,,,,,,,,,,,,,,,,,,Checked: no post-YC Form D matching the founders; no funding statement on website (4 pages) or YC page. LinkedIn/X/Crunchbase need a logged-in browser.,2026-09-30T20:00:15Z
omnara,Omnara,Summer 2025,No evidence found,,,,,,,,,,,,,,,,,,Checked: no post-YC Form D matching the founders; no funding statement on website (2 pages) or YC page. LinkedIn/X/Crunchbase need a logged-in browser.,2026-09-30T20:00:19Z
knowlify,Knowlify,Summer 2025,No evidence found,,,,,,,,,,,,,,,,,,Checked: no post-YC Form D matching the founders; no funding statement on website (9 pages) or YC page. LinkedIn/X/Crunchbase need a logged-in browser.,2026-09-30T20:00:18Z
autosana,Autosana,Summer 2025,No evidence found,,,,,,,,,,,,,,,,,,Checked: no post-YC Form D matching the founders; no funding statement on website (10 pages) or YC page. LinkedIn/X/Crunchbase need a logged-in browser.,2026-09-30T20:00:21Z
procindex,ProcIndex,Summer 2025,No evidence found,,,,,,,,,,,,,,,,,,Checked: no post-YC Form D matching the founders; no funding statement on website (6 pages) or YC page. LinkedIn/X/Crunchbase need a logged-in browser.,2026-09-30T20:00:31Z
iron-grid,Iron Grid,Summer 2025,No evidence found,,,,,,,,,,,,,,,,,,Checked: no post-YC Form D matching the founders; no funding statement on website (3 pages) or YC page. LinkedIn/X/Crunchbase need a logged-in browser.,2026-09-30T20:00:23Z
finto-de,Finto,Summer 2025,Unclear,,,,,5,"Tracxn (lead only, from input)",,,,,,,,,,,Low,"Tracxn lead total $3,900,000; not confirmed by a higher-tier source. Checked: no post-YC Form D matching the founders; no funding statement on website (3 pages) or YC page. LinkedIn/X/Crunchbase need a logged-in browser. National register for DE not checked.",2026-09-30T20:00:21Z
motives,Motives,Summer 2025,No evidence found,,,,,,,,,,,,,,,,,,Checked: no post-YC Form D matching the founders; no funding statement on website (2 pages) or YC page. LinkedIn/X/Crunchbase need a logged-in browser.,2026-09-30T20:00:23Z
relling,Relling,Summer 2025,No evidence found,,,,,,,,,,,,,,,,,,Checked: no post-YC Form D matching the founders; no funding statement on website (3 pages) or YC page. LinkedIn/X/Crunchbase need a logged-in browser.,2026-09-30T20:00:26Z
char,Char,Summer 2025,No evidence found,,,,,,,,,,,,,,,,,,Checked: no post-YC Form D matching the founders; no funding statement on website (3 pages) or YC page. LinkedIn/X/Crunchbase need a logged-in browser. National register for KR not checked.,2026-09-30T20:00:26Z
manufact,Manufact,Summer 2025,Yes,6300000,,,,2,Company website,https://manufact.com/blog/seed-announcement,Manufact Raises $6.3M to Build MCP Cloud | Manufact .,,,,,,,,,High,Round date not stated on the source page; assumed post-YC because it is presented as current news. No matching post-YC Form D found.,2026-09-30T20:00:27Z
novaflow,Novaflow,Summer 2025,No evidence found,,,,,,,,,,,,,,,,,,Checked: no post-YC Form D matching the founders; no funding statement on website (2 pages) or YC page. LinkedIn/X/Crunchbase need a logged-in browser.,2026-09-30T20:00:27Z
perseus-defense,Perseus Defense,Summer 2025,No evidence found,,,,,,,,,,,,,,,,,,Checked: no post-YC Form D matching the founders; no funding statement on website (1 pages) or YC page. LinkedIn/X/Crunchbase need a logged-in browser.,2026-09-30T20:00:29Z
phases,Phases,Summer 2025,No evidence found,,,,,,,,,,,,,,,,,,Checked: no post-YC Form D matching the founders; no funding statement on website (1 pages) or YC page. LinkedIn/X/Crunchbase need a logged-in browser.,2026-09-30T20:00:29Z
solva,Solva,Summer 2025,No evidence found,,,,,,,,,,,,,,,,,,Checked: no post-YC Form D matching the founders; no funding statement on website (5 pages) or YC page. LinkedIn/X/Crunchbase need a logged-in browser.,2026-09-30T20:00:37Z
albacore-inc,Albacore Inc.,Summer 2025,Yes,6500000,Seed,2025-10-16,,4,Press (linked from YC company page),https://www.tectonicdefense.com/exclusive-yc-backed-albacore-swims-into-6-5m-seed-round/,Exclusive: YC-Backed Albacore Swims Into $6.5M Seed Round,,,,,,,,,Medium,No matching post-YC Form D found.,2026-09-30T20:00:31Z
physical-turing,Physical Turing,Summer 2025,No evidence found,,,,,,,,,,,,,,,,,,Checked: no post-YC Form D matching the founders; no funding statement on website (2 pages) or YC page. LinkedIn/X/Crunchbase need a logged-in browser.,2026-09-30T20:01:17Z
twentytwo,TwentyTwo,Summer 2025,No evidence found,,,,,,,,,,,,,,,,,,Checked: no post-YC Form D matching the founders; no funding statement on website (0 pages) or YC page. LinkedIn/X/Crunchbase need a logged-in browser.,2026-09-30T20:01:18Z
mimos,Mimos,Summer 2025,No evidence found,,,,,,,,,,,,,,,,,,Checked: no post-YC Form D matching the founders; no funding statement on website (3 pages) or YC page. LinkedIn/X/Crunchbase need a logged-in browser.,2026-09-30T20:00:32Z
nozomio,Nozomio,Summer 2025,Yes,6200000,Seed,,CRV,2,Company website,https://www.nozomio.com/about,"We raised a $6.2M seed led by CRV, backed by BoxGroup, LocalGlobe, Y Combinator, Paul Graham, Gokul Rajaram, the CTO of Spotify, the creator",,,,,,,,,High,Round date not stated on the source page; assumed post-YC because it is presented as current news. Other stated figure: $6 Million (https://www.businessinsider.com/nozomio-high-school-dropout-y-combinator-6-million-seed-2025-9). No matching post-YC Form D found.,2026-09-30T20:00:33Z
vibeflow,VibeFlow,Summer 2025,Unclear,,Pre-Seed,2025-09-20,,4,Press,https://aiworld.eu/story/vibeflow-secures-500k-pre-seed-funding-for-full-stack-app-platform,Vibeflow secures $500K pre-seed funding for full-stack app platform / AI World,,,,,,,,,Low,"Manual review: press says Vibeflow secured a $500K pre-seed (Sep 2025). That matches YC's standard $500K deal and is probably YC's own investment, not a round beyond it.",2026-09-30T20:00:35Z
comena,Comena,Summer 2025,No evidence found,,,,,,,,,,,,,,,,,,Checked: no post-YC Form D matching the founders; no funding statement on website (1 pages) or YC page. LinkedIn/X/Crunchbase need a logged-in browser. National register for DE not checked.,2026-09-30T20:00:37Z
normal,Normal,Summer 2025,No evidence found,,,,,,,,,,,,,,,,,,Checked: no post-YC Form D matching the founders; no funding statement on website (1 pages) or YC page. LinkedIn/X/Crunchbase need a logged-in browser.,2026-09-30T20:00:42Z
ghosteye,GhostEye,Summer 2025,No evidence found,,,,,,,,,,,,,,,,,,Checked: no post-YC Form D matching the founders; no funding statement on website (3 pages) or YC page. LinkedIn/X/Crunchbase need a logged-in browser.,2026-09-30T20:00:39Z
channel3,Channel3,Summer 2025,Yes,6000000,,2025-12-10,,2,Company website,https://trychannel3.com/blog/channel3-raises-6m,Channel3 raises $6M to build a database of every product on the internet - Channel3 Blog,,,,,,,,,High,No matching post-YC Form D found.,2026-09-30T20:00:42Z
epicenter,Epicenter,Summer 2025,No evidence found,,,,,,,,,,,,,,,,,,Checked: no post-YC Form D matching the founders; no funding statement on website (2 pages) or YC page. LinkedIn/X/Crunchbase need a logged-in browser.,2026-09-30T20:00:41Z
costream,Costream,Summer 2025,No evidence found,,,,,,,,,,,,,,,,,,Checked: no post-YC Form D matching the founders; no funding statement on website (1 pages) or YC page. LinkedIn/X/Crunchbase need a logged-in browser.,2026-09-30T20:00:42Z
embedder,Embedder,Summer 2025,No evidence found,,,,,,,,,,,,,,,,,,Checked: no post-YC Form D matching the founders; no funding statement on website (3 pages) or YC page. LinkedIn/X/Crunchbase need a logged-in browser.,2026-09-30T20:00:47Z
flai,Flai,Summer 2025,Yes,6000000,Seed,,,2,Company website,https://www.useflai.com/blog/flai-seed-funding-toyota-ventures,"for the automotive industry, has extended its seed round to $6 million.",,,,,,,,,High,Round date not stated on the source page; assumed post-YC because it is presented as current news. Other stated figure: $4.5M (https://www.useflai.com/blog/seed-announcement). No matching post-YC Form D found.,2026-09-30T20:00:46Z
b12-labs,b12 Labs,Summer 2025,No evidence found,,,,,,,,,,,,,,,,,,Checked: no post-YC Form D matching the founders; no funding statement on website (3 pages) or YC page. LinkedIn/X/Crunchbase need a logged-in browser.,2026-09-30T20:00:46Z
fulcrum,Fulcrum,Summer 2025,No evidence found,,,,,,,,,,,,,,,,,,Checked: no post-YC Form D matching the founders; no funding statement on website (1 pages) or YC page. LinkedIn/X/Crunchbase need a logged-in browser.,2026-09-30T20:00:49Z
trace-so,Trace,Summer 2025,Yes,3000000,,2026-02-25,,4,Press (linked from YC company page),https://techcrunch.com/2026/02/26/trace-raises-3-million-to-solve-the-agent-adoption-problem/,Trace raises $3M to solve the AI agent adoption problem in enterprise | TechCrunch,,,,,,,,,Medium,No matching post-YC Form D found.,2026-09-30T20:00:46Z
onestop,OneStop,Summer 2025,No evidence found,,,,,,,,,,,,,,,,,,Checked: no post-YC Form D matching the founders; no funding statement on website (1 pages) or YC page. LinkedIn/X/Crunchbase need a logged-in browser.,2026-09-30T20:00:51Z
ironledger-ai,IronLedger.ai,Summer 2025,No evidence found,,,,,,,,,,,,,,,,,,Checked: no post-YC Form D matching the founders; no funding statement on website (3 pages) or YC page. LinkedIn/X/Crunchbase need a logged-in browser.,2026-09-30T20:00:49Z
doe,Doe,Summer 2025,No evidence found,,,,,,,,,,,,,,,,,,Checked: no post-YC Form D matching the founders; no funding statement on website (2 pages) or YC page. LinkedIn/X/Crunchbase need a logged-in browser.,2026-09-30T20:00:49Z
theora,Theora,Summer 2025,No evidence found,,,,,,,,,,,,,,,,,,Checked: no post-YC Form D matching the founders; no funding statement on website (1 pages) or YC page. LinkedIn/X/Crunchbase need a logged-in browser.,2026-09-30T20:00:49Z
conviction,Conviction,Summer 2025,No evidence found,,,,,,,,,,,,,,,,,,Checked: no post-YC Form D matching the founders; no funding statement on website (7 pages) or YC page. LinkedIn/X/Crunchbase need a logged-in browser.,2026-09-30T20:01:25Z
riverbank,Riverbank,Summer 2025,No evidence found,,,,,,,,,,,,,,,,,,Checked: no post-YC Form D matching the founders; no funding statement on website (10 pages) or YC page. LinkedIn/X/Crunchbase need a logged-in browser.,2026-09-30T20:00:51Z
kalinda,Kalinda,Summer 2025,Yes,692000,Equity (per Form D; stage not stated),2026-04-06,,1,SEC Form D,https://www.sec.gov/Archives/edgar/data/2088907/000208890726000001/primary_doc.xml,totalAmountSold: 692000; totalOfferingAmount: 1000000; dateOfFirstSale: 2026-04-06,0002088907,0002088907-26-000001,692000,1000000,2026-04-06,Equity,9,"Kalinda, Inc.",High,,2026-09-30T20:00:52Z
stellon-labs,Stellon Labs,Summer 2025,No evidence found,,,,,,,,,,,,,,,,,,Checked: no post-YC Form D matching the founders; no funding statement on website (10 pages) or YC page. LinkedIn/X/Crunchbase need a logged-in browser.,2026-09-30T20:00:51Z
bootloop,BootLoop,Summer 2025,No evidence found,,,,,,,,,,,,,,,,,,Checked: no post-YC Form D matching the founders; no funding statement on website (4 pages) or YC page. LinkedIn/X/Crunchbase need a logged-in browser.,2026-09-30T20:00:53Z
panoptive,Panoptive,Summer 2025,No evidence found,,,,,,,,,,,,,,,,,,Checked: no post-YC Form D matching the founders; no funding statement on website (3 pages) or YC page. LinkedIn/X/Crunchbase need a logged-in browser.,2026-09-30T20:00:57Z
cocreate,cocreate,Summer 2025,No evidence found,,,,,,,,,,,,,,,,,,Checked: no post-YC Form D matching the founders; no funding statement on website (3 pages) or YC page. LinkedIn/X/Crunchbase need a logged-in browser.,2026-09-30T20:01:11Z
slashy,Slashy,Summer 2025,No evidence found,,,,,,,,,,,,,,,,,,Checked: no post-YC Form D matching the founders; no funding statement on website (14 pages) or YC page. LinkedIn/X/Crunchbase need a logged-in browser.,2026-09-30T20:00:56Z
wedge,Wedge,Summer 2025,No evidence found,,,,,,,,,,,,,,,,,,Checked: no post-YC Form D matching the founders; no funding statement on website (1 pages) or YC page. LinkedIn/X/Crunchbase need a logged-in browser.,2026-09-30T20:00:58Z
careswift,CareSwift,Summer 2025,No evidence found,,,,,,,,,,,,,,,,,,Checked: no post-YC Form D matching the founders; no funding statement on website (2 pages) or YC page. LinkedIn/X/Crunchbase need a logged-in browser.,2026-09-30T20:01:02Z
pangolin,Pangolin,Summer 2025,No evidence found,,,,,,,,,,,,,,,,,,Checked: no post-YC Form D matching the founders; no funding statement on website (4 pages) or YC page. LinkedIn/X/Crunchbase need a logged-in browser.,2026-09-30T20:01:03Z
kestroll,Kestroll,Summer 2025,No evidence found,,,,,,,,,,,,,,,,,,Checked: no post-YC Form D matching the founders; no funding statement on website (1 pages) or YC page. LinkedIn/X/Crunchbase need a logged-in browser.,2026-09-30T20:00:57Z
tesora,Tesora,Summer 2025,No evidence found,,,,,,,,,,,,,,,,,,Checked: no post-YC Form D matching the founders; no funding statement on website (10 pages) or YC page. LinkedIn/X/Crunchbase need a logged-in browser.,2026-09-30T20:00:57Z
deepaware-ai-robotics-center-of-silicon-valley,DeepAware AI (Robotics Center of Silicon Valley),Summer 2025,No evidence found,,,,,,,,,,,,,,,,,,Checked: no post-YC Form D matching the founders; no funding statement on website (10 pages) or YC page. LinkedIn/X/Crunchbase need a logged-in browser.,2026-09-30T20:01:13Z
stockline,Stockline,Summer 2025,No evidence found,,,,,,,,,,,,,,,,,,Checked: no post-YC Form D matching the founders; no funding statement on website (2 pages) or YC page. LinkedIn/X/Crunchbase need a logged-in browser. National register for FR not checked.,2026-09-30T20:01:02Z
magnitude,Magnitude,Summer 2025,No evidence found,,,,,,,,,,,,,,,,,,Checked: no post-YC Form D matching the founders; no funding statement on website (2 pages) or YC page. LinkedIn/X/Crunchbase need a logged-in browser.,2026-09-30T20:01:45Z
proliferate,Proliferate,Summer 2025,No evidence found,,,,,,,,,,,,,,,,,,Checked: no post-YC Form D matching the founders; no funding statement on website (5 pages) or YC page. LinkedIn/X/Crunchbase need a logged-in browser.,2026-09-30T20:01:59Z
deepgrove,DeepGrove,Summer 2025,No evidence found,,,,,,,,,,,,,,,,,,Checked: no post-YC Form D matching the founders; no funding statement on website (1 pages) or YC page. LinkedIn/X/Crunchbase need a logged-in browser.,2026-09-30T20:01:02Z
frizzle,Frizzle,Summer 2025,No evidence found,,,,,,,,,,,,,,,,,,Checked: no post-YC Form D matching the founders; no funding statement on website (2 pages) or YC page. LinkedIn/X/Crunchbase need a logged-in browser.,2026-09-30T20:01:03Z
ondeck-ai,OnDeck AI,Summer 2025,No evidence found,,,,,,,,,,,,,,,,,,Checked: no post-YC Form D matching the founders; no funding statement on website (2 pages) or YC page. LinkedIn/X/Crunchbase need a logged-in browser. National register for CA not checked.,2026-09-30T20:01:08Z
alter,Alter,Summer 2025,No evidence found,,,,,,,,,,,,,,,,,,Checked: no post-YC Form D matching the founders; no funding statement on website (4 pages) or YC page. LinkedIn/X/Crunchbase need a logged-in browser.,2026-09-30T20:01:07Z
imprezia,Imprezia,Summer 2025,No evidence found,,,,,,,,,,,,,,,,,,Checked: no post-YC Form D matching the founders; no funding statement on website (4 pages) or YC page. LinkedIn/X/Crunchbase need a logged-in browser.,2026-09-30T20:01:11Z
lilac,Lilac,Summer 2025,No evidence found,,,,,,,,,,,,,,,,,,Checked: no post-YC Form D matching the founders; no funding statement on website (10 pages) or YC page. LinkedIn/X/Crunchbase need a logged-in browser.,2026-09-30T20:01:09Z
tryjanet,Janet AI,Summer 2025,Yes,2225000,Equity (per Form D; stage not stated),2025-06-18,,1,SEC Form D,https://www.sec.gov/Archives/edgar/data/2147912/000214791226000001/primary_doc.xml,totalAmountSold: 2225000; totalOfferingAmount: 2225000; dateOfFirstSale: 2025-06-18,0002147912,0002147912-26-000001,2225000,2225000,2025-06-18,Equity,10,"Janet AI, Inc.",High,"First sale is close to batch start, so the Form D total may include YC's $500K.",2026-09-30T20:01:07Z
cyberdesk,Cyberdesk,Summer 2025,No evidence found,,,,,,,,,,,,,,,,,,Checked: no post-YC Form D matching the founders; no funding statement on website (6 pages) or YC page. LinkedIn/X/Crunchbase need a logged-in browser.,2026-09-30T20:01:14Z
panels,Panels,Summer 2025,No evidence found,,,,,,,,,,,,,,,,,,Checked: no post-YC Form D matching the founders; no funding statement on website (1 pages) or YC page. LinkedIn/X/Crunchbase need a logged-in browser.,2026-09-30T20:01:12Z
wafer,Wafer,Summer 2025,Yes,40000000,Series A,,,2,Company website,https://www.wafer.ai,Wafer | Continual Inference Wafer raises $40M in Series A funding Learn more .,,,,,,,,,High,Round date not stated on the source page; assumed post-YC because it is presented as current news. No matching post-YC Form D found.,2026-09-30T20:01:15Z
orange-slice,Orange Slice,Summer 2025,Yes,5300000,Seed,,,2,Company website,https://www.orangeslice.ai/,We raised $5.3M in seed funding → Orange Slice .,,,,,,,,,High,Round date not stated on the source page; assumed post-YC because it is presented as current news. No matching post-YC Form D found.,2026-09-30T20:01:18Z
monarcha,Monarcha,Summer 2025,Yes,1600000,Seed,,,2,Company website,https://monarcha.ai/blog,Monarcha Raises $1.6M Seed Round Backed by Y Combinator.,,,,,,,,,High,Round date not stated on the source page; assumed post-YC because it is presented as current news. No matching post-YC Form D found.,2026-09-30T20:01:17Z
lotas,Lotas,Summer 2025,No evidence found,,,,,,,,,,,,,,,,,,Checked: no post-YC Form D matching the founders; no funding statement on website (2 pages) or YC page. LinkedIn/X/Crunchbase need a logged-in browser.,2026-09-30T20:01:19Z
design-arena,Design Arena,Summer 2025,No evidence found,,,,,,,,,,,,,,,,,,Checked: no post-YC Form D matching the founders; no funding statement on website (6 pages) or YC page. LinkedIn/X/Crunchbase need a logged-in browser.,2026-09-30T20:01:17Z
effigov,EffiGov,Summer 2025,No evidence found,,,,,,,,,,,,,,,,,,Checked: no post-YC Form D matching the founders; no funding statement on website (7 pages) or YC page. LinkedIn/X/Crunchbase need a logged-in browser.,2026-09-30T20:01:46Z
bitrig,Bitrig,Summer 2025,No evidence found,,,,,,,,,,,,,,,,,,Checked: no post-YC Form D matching the founders; no funding statement on website (4 pages) or YC page. LinkedIn/X/Crunchbase need a logged-in browser.,2026-09-30T20:01:19Z
lark,Lark,Summer 2025,No evidence found,,,,,,,,,,,,,,,,,,Checked: no post-YC Form D matching the founders; no funding statement on website (2 pages) or YC page. LinkedIn/X/Crunchbase need a logged-in browser.,2026-09-30T20:01:19Z
topological,Topological,Summer 2025,No evidence found,,,,,,,,,,,,,,,,,,Checked: no post-YC Form D matching the founders; no funding statement on website (1 pages) or YC page. LinkedIn/X/Crunchbase need a logged-in browser.,2026-09-30T20:01:20Z
datafruit,Datafruit,Summer 2025,No evidence found,,,,,,,,,,,,,,,,,,Checked: no post-YC Form D matching the founders; no funding statement on website (1 pages) or YC page. LinkedIn/X/Crunchbase need a logged-in browser.,2026-09-30T20:02:15Z
contextfort,ContextFort,Summer 2025,No evidence found,,,,,,,,,,,,,,,,,,Checked: no post-YC Form D matching the founders; no funding statement on website (3 pages) or YC page. LinkedIn/X/Crunchbase need a logged-in browser.,2026-09-30T20:01:22Z
llm-stats,LLM Stats,Summer 2025,No evidence found,,,,,,,,,,,,,,,,,,Checked: no post-YC Form D matching the founders; no funding statement on website (2 pages) or YC page. LinkedIn/X/Crunchbase need a logged-in browser.,2026-09-30T20:01:27Z
verne-robotics,Verne Robotics,Summer 2025,No evidence found,,,,,,,,,,,,,,,,,,Checked: no post-YC Form D matching the founders; no funding statement on website (1 pages) or YC page. LinkedIn/X/Crunchbase need a logged-in browser.,2026-09-30T20:01:27Z
playgent,Playgent,Summer 2025,No evidence found,,,,,,,,,,,,,,,,,,Checked: no post-YC Form D matching the founders; no funding statement on website (2 pages) or YC page. LinkedIn/X/Crunchbase need a logged-in browser.,2026-09-30T20:01:39Z
liva-ai,Liva AI,Summer 2025,No evidence found,,,,,,,,,,,,,,,,,,Checked: no post-YC Form D matching the founders; no funding statement on website (10 pages) or YC page. LinkedIn/X/Crunchbase need a logged-in browser.,2026-09-30T20:01:24Z
shor,Shor,Summer 2025,No evidence found,,,,,,,,,,,,,,,,,,Checked: no post-YC Form D matching the founders; no funding statement on website (2 pages) or YC page. LinkedIn/X/Crunchbase need a logged-in browser.,2026-09-30T20:01:24Z
golpo,Golpo,Summer 2025,Yes,4100000,Seed,,,2,Company website,https://video.golpoai.com/about,"Soon after, we raised a $4.1M seed round and launched publicly..",,,,,,,,,High,Round date not stated on the source page; assumed post-YC because it is presented as current news. Other stated figure: $4M (https://www.businessinsider.com/golpo-brothers-quit-stanford-raised-4m-ai-startup-y-combinator-2025-10). No matching post-YC Form D found.,2026-09-30T20:01:26Z
args,args,Summer 2025,No evidence found,,,,,,,,,,,,,,,,,,Checked: no post-YC Form D matching the founders; no funding statement on website (10 pages) or YC page. LinkedIn/X/Crunchbase need a logged-in browser.,2026-09-30T20:01:29Z
lanesurf,Lanesurf,Summer 2025,No evidence found,,,,,,,,,,,,,,,,,,Checked: no post-YC Form D matching the founders; no funding statement on website (3 pages) or YC page. LinkedIn/X/Crunchbase need a logged-in browser.,2026-09-30T20:01:30Z
astor,Astor,Summer 2025,Yes,5000000,Seed,,,2,Company website,https://www.astor.app/,Astor raises $5M seed round to reinvent personal investing .,,,,,,,,,High,Round date not stated on the source page; assumed post-YC because it is presented as current news. No matching post-YC Form D found.,2026-09-30T20:01:33Z
blank-bio,Blank Bio,Summer 2025,Unclear,,,,,5,"Tracxn (lead only, from input)",,,,,,,,,,,Low,"Tracxn lead total $7,200,000; not confirmed by a higher-tier source. Checked: no post-YC Form D matching the founders; no funding statement on website (2 pages) or YC page. LinkedIn/X/Crunchbase need a logged-in browser.",2026-09-30T20:02:05Z
truthsystems,truthsystems,Summer 2025,Yes,4000000,,,,2,Company website,https://www.truthsystems.ai,We raised $4M to build trust infrastructure for AI.,,,,,,,,,High,Round date not stated on the source page; assumed post-YC because it is presented as current news. No matching post-YC Form D found.,2026-09-30T20:01:31Z
agentmail,AgentMail,Summer 2025,Yes,6000000,Seed,,,2,Company website,https://www.agentmail.to/,We raised $6M in Seed Funding Read more .,,,,,,,,,High,"Unverified Form D by same-named person: Qolab, Inc. 0002024359-26-000003 sold 44147466 (first sale 2026-06-30, Madison); likely a different person. Round date not stated on the source page; assumed post-YC because it is presented as current news. No matching post-YC Form D found.",2026-09-30T20:02:15Z
traceroot-ai,TraceRoot.AI,Summer 2025,No evidence found,,,,,,,,,,,,,,,,,,Checked: no post-YC Form D matching the founders; no funding statement on website (11 pages) or YC page. LinkedIn/X/Crunchbase need a logged-in browser.,2026-09-30T20:01:31Z
halluminate,Halluminate,Summer 2025,No evidence found,,,,,,,,,,,,,,,,,,Checked: no post-YC Form D matching the founders; no funding statement on website (1 pages) or YC page. LinkedIn/X/Crunchbase need a logged-in browser.,2026-09-30T20:02:19Z
mangodesk,MangoDesk,Summer 2025,No evidence found,,,,,,,,,,,,,,,,,,Checked: no post-YC Form D matching the founders; no funding statement on website (10 pages) or YC page. LinkedIn/X/Crunchbase need a logged-in browser.,2026-09-30T20:01:34Z
the-prompting-company,The Prompting Company,Summer 2025,Yes,6500000,,,,2,Company website,https://promptingcompany.com/,"We raised $6.5M from Peak XV,.",,,,,,,,,High,Round date not stated on the source page; assumed post-YC because it is presented as current news. No matching post-YC Form D found.,2026-09-30T20:01:39Z
acrely,Acrely,Summer 2025,No evidence found,,,,,,,,,,,,,,,,,,Checked: no post-YC Form D matching the founders; no funding statement on website (1 pages) or YC page. LinkedIn/X/Crunchbase need a logged-in browser.,2026-09-30T20:01:42Z
dedalus-labs,Dedalus Labs,Summer 2025,Yes,11000000,,,,2,Company website,https://www.dedaluslabs.ai/blog,We raised $11M to redefine how developers build AI agents.,,,,,,,,,High,Round date not stated on the source page; assumed post-YC because it is presented as current news. No matching post-YC Form D found.,2026-09-30T20:01:40Z
closera,Closera,Summer 2025,No evidence found,,,,,,,,,,,,,,,,,,Checked: no post-YC Form D matching the founders; no funding statement on website (1 pages) or YC page. LinkedIn/X/Crunchbase need a logged-in browser.,2026-09-30T20:01:40Z
meteor,Meteor,Summer 2025,No evidence found,,,,,,,,,,,,,,,,,,Checked: no post-YC Form D matching the founders; no funding statement on website (2 pages) or YC page. LinkedIn/X/Crunchbase need a logged-in browser.,2026-09-30T20:02:04Z
getasap,GETASAP,Summer 2025,Unclear,,,,,5,"Tracxn (lead only, from input)",,,,,,,,,,,Low,"Tracxn lead total $3,450,000; not confirmed by a higher-tier source. Checked: no post-YC Form D matching the founders; no funding statement on website (2 pages) or YC page. LinkedIn/X/Crunchbase need a logged-in browser.",2026-09-30T20:01:43Z
adaptional,Adaptional,Summer 2025,No evidence found,,,,,,,,,,,,,,,,,,"Unverified Form D by same-named person: Spekt, Inc. 0002112188-26-000001 sold 90 (first sale 2026-01-08, Sacramento); likely a different person. Checked: no post-YC Form D matching the founders; no funding statement on website (2 pages) or YC page. LinkedIn/X/Crunchbase need a logged-in browser.",2026-09-30T20:01:44Z
pingo,Pingo,Summer 2025,No evidence found,,,,,,,,,,,,,,,,,,Checked: no post-YC Form D matching the founders; no funding statement on website (3 pages) or YC page. LinkedIn/X/Crunchbase need a logged-in browser.,2026-09-30T20:02:04Z
preseen,Preseen,Summer 2025,No evidence found,,,,,,,,,,,,,,,,,,Checked: no post-YC Form D matching the founders; no funding statement on website (2 pages) or YC page. LinkedIn/X/Crunchbase need a logged-in browser.,2026-09-30T20:01:45Z
synthetic-society,Synthetic Society,Summer 2025,No evidence found,,,,,,,,,,,,,,,,,,Checked: no post-YC Form D matching the founders; no funding statement on website (4 pages) or YC page. LinkedIn/X/Crunchbase need a logged-in browser.,2026-09-30T20:01:48Z
cactus-compute,Cactus Compute,Summer 2025,No evidence found,,,,,,,,,,,,,,,,,,Checked: no post-YC Form D matching the founders; no funding statement on website (2 pages) or YC page. LinkedIn/X/Crunchbase need a logged-in browser.,2026-09-30T20:01:47Z
nixo,Nixo,Summer 2025,No evidence found,,,,,,,,,,,,,,,,,,Checked: no post-YC Form D matching the founders; no funding statement on website (10 pages) or YC page. LinkedIn/X/Crunchbase need a logged-in browser.,2026-09-30T20:01:52Z
serafis,Serafis,Summer 2025,No evidence found,,,,,,,,,,,,,,,,,,Checked: no post-YC Form D matching the founders; no funding statement on website (1 pages) or YC page. LinkedIn/X/Crunchbase need a logged-in browser.,2026-09-30T20:01:52Z
wayline,Wayline,Summer 2025,No evidence found,,,,,,,,,,,,,,,,,,Checked: no post-YC Form D matching the founders; no funding statement on website (2 pages) or YC page. LinkedIn/X/Crunchbase need a logged-in browser.,2026-09-30T20:01:56Z
ambral,Ambral,Summer 2025,No evidence found,,,,,,,,,,,,,,,,,,Checked: no post-YC Form D matching the founders; no funding statement on website (1 pages) or YC page. LinkedIn/X/Crunchbase need a logged-in browser.,2026-09-30T20:01:51Z
monte,Monte,Summer 2025,No evidence found,,,,,,,,,,,,,,,,,,Checked: no post-YC Form D matching the founders; no funding statement on website (1 pages) or YC page. LinkedIn/X/Crunchbase need a logged-in browser.,2026-09-30T20:01:52Z
autumn,Autumn,Summer 2025,No evidence found,,,,,,,,,,,,,,,,,,Checked: no post-YC Form D matching the founders; no funding statement on website (4 pages) or YC page. LinkedIn/X/Crunchbase need a logged-in browser.,2026-09-30T20:01:56Z
stormy,Stormy,Summer 2025,Yes,1700000,,,,2,Company website,https://stormy.ai/blog,Stormy raises $1.7M to build the command layer for physical operations.,,,,,,,,,High,Round date not stated on the source page; assumed post-YC because it is presented as current news. No matching post-YC Form D found.,2026-09-30T20:02:10Z
opennote,Opennote,Summer 2025,Yes,850000,,2025-07-09,,4,Press (linked from YC company page),https://betakit.com/opennote-raises-850000-usd-secures-y-combinator-spot-for-edtech-platform/,"Opennote raises $850,000 USD, secures Y Combinator spot for edtech platform | BetaKit",,,,,,,,,Medium,No matching post-YC Form D found.,2026-09-30T20:02:42Z
metis,Metis,Summer 2025,No evidence found,,,,,,,,,,,,,,,,,,Checked: no post-YC Form D matching the founders; no funding statement on website (1 pages) or YC page. LinkedIn/X/Crunchbase need a logged-in browser.,2026-09-30T20:02:00Z
nexa-labs,Nexa Labs,Summer 2025,No evidence found,,,,,,,,,,,,,,,,,,Checked: no post-YC Form D matching the founders; no funding statement on website (1 pages) or YC page. LinkedIn/X/Crunchbase need a logged-in browser.,2026-09-30T20:02:00Z
tectoai,TectoAI,Summer 2025,No evidence found,,,,,,,,,,,,,,,,,,Checked: no post-YC Form D matching the founders; no funding statement on website (0 pages) or YC page. LinkedIn/X/Crunchbase need a logged-in browser.,2026-09-30T20:02:00Z
nuntius,Nuntius,Summer 2025,No evidence found,,,,,,,,,,,,,,,,,,Checked: no post-YC Form D matching the founders; no funding statement on website (1 pages) or YC page. LinkedIn/X/Crunchbase need a logged-in browser.,2026-09-30T20:02:03Z
cohesive,Cohesive,Spring 2025,No evidence found,,,,,,,,,,,,,,,,,,Checked: no post-YC Form D matching the founders; no funding statement on website (3 pages) or YC page. LinkedIn/X/Crunchbase need a logged-in browser.,2026-09-30T20:02:03Z
docket,Docket,Spring 2025,No evidence found,,,,,,,,,,,,,,,,,,Checked: no post-YC Form D matching the founders; no funding statement on website (2 pages) or YC page. LinkedIn/X/Crunchbase need a logged-in browser.,2026-09-30T20:02:08Z
sureform,Sureform,Spring 2025,No evidence found,,,,,,,,,,,,,,,,,,Checked: no post-YC Form D matching the founders; no funding statement on website (2 pages) or YC page. LinkedIn/X/Crunchbase need a logged-in browser.,2026-09-30T20:02:05Z
foundation-industries,Foundation Industries,Spring 2025,No evidence found,,,,,,,,,,,,,,,,,,Checked: no post-YC Form D matching the founders; no funding statement on website (2 pages) or YC page. LinkedIn/X/Crunchbase need a logged-in browser.,2026-09-30T20:02:06Z
godela,Godela,Spring 2025,No evidence found,,,,,,,,,,,,,,,,,,Checked: no post-YC Form D matching the founders; no funding statement on website (1 pages) or YC page. LinkedIn/X/Crunchbase need a logged-in browser.,2026-09-30T20:02:09Z
aegis,Aegis,Spring 2025,No evidence found,,,,,,,,,,,,,,,,,,Checked: no post-YC Form D matching the founders; no funding statement on website (1 pages) or YC page. LinkedIn/X/Crunchbase need a logged-in browser.,2026-09-30T20:02:07Z
cascade-space,Cascade Space,Spring 2025,Unclear,,,,,5,"Tracxn (lead only, from input)",,,,,,,,,,,Low,"Tracxn lead total $5,900,000; not confirmed by a higher-tier source. Checked: no post-YC Form D matching the founders; no funding statement on website (2 pages) or YC page. LinkedIn/X/Crunchbase need a logged-in browser.",2026-09-30T20:03:05Z
bond,Bond,Spring 2025,No evidence found,,,,,,,,,,,,,,,,,,Checked: no post-YC Form D matching the founders; no funding statement on website (3 pages) or YC page. LinkedIn/X/Crunchbase need a logged-in browser.,2026-09-30T20:02:10Z
blueshoe,Blueshoe,Spring 2025,No evidence found,,,,,,,,,,,,,,,,,,Checked: no post-YC Form D matching the founders; no funding statement on website (1 pages) or YC page. LinkedIn/X/Crunchbase need a logged-in browser.,2026-09-30T20:03:03Z
sieveai,sieve,Spring 2025,No evidence found,,,,,,,,,,,,,,,,,,Checked: no post-YC Form D matching the founders; no funding statement on website (8 pages) or YC page. LinkedIn/X/Crunchbase need a logged-in browser.,2026-09-30T20:02:47Z
airweave,Airweave,Spring 2025,Yes,6000000,Seed,2025-07-03,,2,Company website,https://airweave.ai/blog/seed-round,Airweave Raises $6M Seed Round - Airweave - Turn Apps Into Agent-Ready Knowledge,,,,,,,,,High,No matching post-YC Form D found.,2026-09-30T20:02:12Z
theorem-2,Theorem,Spring 2025,No evidence found,,,,,,,,,,,,,,,,,,Checked: no post-YC Form D matching the founders; no funding statement on website (10 pages) or YC page. LinkedIn/X/Crunchbase need a logged-in browser.,2026-09-30T20:02:12Z
text-ai,Text.ai,Spring 2025,No evidence found,,,,,,,,,,,,,,,,,,Checked: no post-YC Form D matching the founders; no funding statement on website (2 pages) or YC page. LinkedIn/X/Crunchbase need a logged-in browser.,2026-09-30T20:02:13Z
starsling,StarSling,Spring 2025,Yes,3000000,,,,2,Company website,https://starsling.dev,We raised $3M for agent-native runners Read the post → → .,,,,,,,,,High,Round date not stated on the source page; assumed post-YC because it is presented as current news. No matching post-YC Form D found.,2026-09-30T20:02:36Z
wavedash,Wavedash,Spring 2025,No evidence found,,,,,,,,,,,,,,,,,,Checked: no post-YC Form D matching the founders; no funding statement on website (1 pages) or YC page. LinkedIn/X/Crunchbase need a logged-in browser.,2026-09-30T20:02:16Z
oncactus,Cactus,Spring 2025,Unclear,,,,,5,"Tracxn (lead only, from input)",,,,,,,,,,,Low,"Tracxn lead total $7,500,000; not confirmed by a higher-tier source. Checked: no post-YC Form D matching the founders; no funding statement on website (3 pages) or YC page. LinkedIn/X/Crunchbase need a logged-in browser.",2026-09-30T20:02:19Z
vision-lab,Vision Lab,Spring 2025,Yes,6000000,,2026-06-15,,2,Company website,https://thevisionlab.ai/articles/seed-2026,Vision lab raises $6m to bring real-world factory data to robotics foundation models · vision lab,,,,,,,,,High,No matching post-YC Form D found.,2026-09-30T20:02:48Z
code-four,Code Four,Spring 2025,Yes,2600000,Seed,,,2,Company website,https://www.codefour.us/blog,Code Four Raises a $2.6 million Seed Round to Build the Future of Computer Vision and AI Systems for Public Safety.,,,,,,,,,High,Round date not stated on the source page; assumed post-YC because it is presented as current news. No matching post-YC Form D found.,2026-09-30T20:02:21Z
lumari,Lumari,Spring 2025,No evidence found,,,,,,,,,,,,,,,,,,Checked: no post-YC Form D matching the founders; no funding statement on website (4 pages) or YC page. LinkedIn/X/Crunchbase need a logged-in browser.,2026-09-30T20:02:23Z
mlop,mlop,Spring 2025,No evidence found,,,,,,,,,,,,,,,,,,Checked: no post-YC Form D matching the founders; no funding statement on website (1 pages) or YC page. LinkedIn/X/Crunchbase need a logged-in browser.,2026-09-30T20:02:20Z
den,Den,Spring 2025,No evidence found,,,,,,,,,,,,,,,,,,"Unverified Form D by same-named person: Incite Inc 0002033443-25-000003 sold 1100000 (first sale 2025-05-20, Los Angeles); likely a different person. Checked: no post-YC Form D matching the founders; no funding statement on website (2 pages) or YC page. LinkedIn/X/Crunchbase need a logged-in browser.",2026-09-30T20:02:21Z
cotool,Cotool,Spring 2025,Yes,7400000,Seed,,Andreessen Horowitz,2,Company website,https://www.cotool.ai/blog,Cotool announces $7.4m seed round led by Andreessen Horowitz to build the AI Operating System for security teams.,,,,,,,,,High,Round date not stated on the source page; assumed post-YC because it is presented as current news. No matching post-YC Form D found.,2026-09-30T20:02:27Z
pelica,Pelica,Spring 2025,Yes,2500000,,,,2,Company website,https://www.pelica.com/careers,We have raised $2.5M..,,,,,,,,,High,Round date not stated on the source page; assumed post-YC because it is presented as current news. No matching post-YC Form D found.,2026-09-30T20:02:23Z
nimbic-ai,Nimbic AI,Spring 2025,No evidence found,,,,,,,,,,,,,,,,,,Checked: no post-YC Form D matching the founders; no funding statement on website (2 pages) or YC page. LinkedIn/X/Crunchbase need a logged-in browser.,2026-09-30T20:02:24Z
moby-analytics,Moby Analytics,Spring 2025,No evidence found,,,,,,,,,,,,,,,,,,Checked: no post-YC Form D matching the founders; no funding statement on website (10 pages) or YC page. LinkedIn/X/Crunchbase need a logged-in browser. National register for FR not checked.,2026-09-30T20:02:28Z
rimba,Rimba,Spring 2025,No evidence found,,,,,,,,,,,,,,,,,,Checked: no post-YC Form D matching the founders; no funding statement on website (2 pages) or YC page. LinkedIn/X/Crunchbase need a logged-in browser.,2026-09-30T20:02:44Z
adentris,Adentris,Spring 2025,Yes,1800000,,,,2,Company website,https://blog.adentris.com/tag/news/,"Adentris, a Y Combinator-Backed Startup, Raises $1.8M in VC Funding to Transform Medical Documentation Compliance With AI .",,,,,,,,,High,Round date not stated on the source page; assumed post-YC because it is presented as current news. No matching post-YC Form D found.,2026-09-30T20:02:28Z
probo,Probo,Spring 2025,No evidence found,,,,,,,,,,,,,,,,,,Checked: no post-YC Form D matching the founders; no funding statement on website (10 pages) or YC page. LinkedIn/X/Crunchbase need a logged-in browser.,2026-09-30T20:02:27Z
mindfort,MindFort,Spring 2025,Yes,3000000,Seed,,,2,Company website,https://www.mindfort.ai/blog/seed-announcement,Announcing Our $3M+ Seed Round | MindFort Blog .,,,,,,,,,High,Round date not stated on the source page; assumed post-YC because it is presented as current news. No matching post-YC Form D found.,2026-09-30T20:02:46Z
chrt,chrt,Spring 2025,Yes,1453000,OptionToAcquire (per Form D; stage not stated),2026-01-14,,1,SEC Form D,https://www.sec.gov/Archives/edgar/data/2107747/000210774726000001/primary_doc.xml,totalAmountSold: 1453000; totalOfferingAmount: Indefinite; dateOfFirstSale: 2026-01-14,0002107747,0002107747-26-000001,1453000,Indefinite,2026-01-14,OptionToAcquire,32,"CHRT, Inc.",High,,2026-09-30T20:02:31Z
lapel,Lapel,Spring 2025,No evidence found,,,,,,,,,,,,,,,,,,Checked: no post-YC Form D matching the founders; no funding statement on website (3 pages) or YC page. LinkedIn/X/Crunchbase need a logged-in browser.,2026-09-30T20:02:31Z
mesmer,Mesmer,Spring 2025,No evidence found,,,,,,,,,,,,,,,,,,Checked: no post-YC Form D matching the founders; no funding statement on website (2 pages) or YC page. LinkedIn/X/Crunchbase need a logged-in browser. National register for DE not checked.,2026-09-30T20:02:31Z
naive,Naïve,Spring 2025,Yes,28500000,,2026-08-06,,4,Press (linked from YC company page),https://techcrunch.com/2026/08/06/naive-raises-28-5m-to-automate-the-grunt-work-of-setting-up-and-running-a-company/,Naïve raises $28.5M to automate the grunt work of setting up and running a company | TechCrunch,,,,,,,,,Medium,No matching post-YC Form D found.,2026-09-30T20:02:33Z
kairos,Kairos,Spring 2025,No evidence found,,,,,,,,,,,,,,,,,,Checked: no post-YC Form D matching the founders; no funding statement on website (1 pages) or YC page. LinkedIn/X/Crunchbase need a logged-in browser.,2026-09-30T20:02:57Z
hemut,Hemut,Spring 2025,No evidence found,,,,,,,,,,,,,,,,,,Checked: no post-YC Form D matching the founders; no funding statement on website (4 pages) or YC page. LinkedIn/X/Crunchbase need a logged-in browser.,2026-09-30T20:02:39Z
orchid-ai,Orchid,Spring 2025,No evidence found,,,,,,,,,,,,,,,,,,Checked: no post-YC Form D matching the founders; no funding statement on website (3 pages) or YC page. LinkedIn/X/Crunchbase need a logged-in browser.,2026-09-30T20:02:36Z
valuemate,ValueMate,Spring 2025,No evidence found,,,,,,,,,,,,,,,,,,Checked: no post-YC Form D matching the founders; no funding statement on website (5 pages) or YC page. LinkedIn/X/Crunchbase need a logged-in browser.,2026-09-30T20:02:41Z
bramante,Bramante,Spring 2025,No evidence found,,,,,,,,,,,,,,,,,,Checked: no post-YC Form D matching the founders; no funding statement on website (3 pages) or YC page. LinkedIn/X/Crunchbase need a logged-in browser.,2026-09-30T20:02:46Z
cashew-labs,Cashew Labs,Spring 2025,No evidence found,,,,,,,,,,,,,,,,,,Checked: no post-YC Form D matching the founders; no funding statement on website (0 pages) or YC page. LinkedIn/X/Crunchbase need a logged-in browser.,2026-09-30T20:02:39Z
scalar-field,Scalar Field,Spring 2025,Unclear,,,,,2,Company website (about),https://scalarfield.io/about,"We raised an $11.5M Series A in 2024 from Union Square Ventures, Nat Friedman and Daniel Gross",,,,,,,,,Low,"Manual review: about page says an $11.5M Series A was raised in 2024, before the Spring 2025 batch, so it is pre-YC. No post-YC round found.",2026-09-30T20:02:46Z
eloquent-ai,Eloquent AI,Spring 2025,Yes,7400000,,2025-12-09,,2,Company website,https://www.eloquentai.co/fundraising,Eloquent AI raises $7.4m to bring AI operators to financial services,,,,,,,,,High,No matching post-YC Form D found.,2026-09-30T20:02:45Z
morphoai,MorphoAI,Spring 2025,No evidence found,,,,,,,,,,,,,,,,,,Checked: no post-YC Form D matching the founders; no funding statement on website (1 pages) or YC page. LinkedIn/X/Crunchbase need a logged-in browser.,2026-09-30T20:02:50Z
vassar-robotics,Vassar Robotics,Spring 2025,No evidence found,,,,,,,,,,,,,,,,,,Checked: no post-YC Form D matching the founders; no funding statement on website (1 pages) or YC page. LinkedIn/X/Crunchbase need a logged-in browser.,2026-09-30T20:02:49Z
boost-robotics,Boost Robotics,Spring 2025,No evidence found,,,,,,,,,,,,,,,,,,Checked: no post-YC Form D matching the founders; no funding statement on website (1 pages) or YC page. LinkedIn/X/Crunchbase need a logged-in browser.,2026-09-30T20:02:48Z
sygaldry-technologies,Sygaldry Technologies,Spring 2025,Yes,139034650,Equity (per Form D; stage not stated),2026-03-05,,1,SEC Form D,https://www.sec.gov/Archives/edgar/data/2125374/000094787126000430/primary_doc.xml,totalAmountSold: 139034650; totalOfferingAmount: 139034650; dateOfFirstSale: 2026-03-05,0002125374,0000947871-26-000430,139034650,139034650,2026-03-05,Equity,165,"Sygaldry Technologies, Inc.",High,,2026-09-30T20:02:52Z
paraquery,ParaQuery,Spring 2025,No evidence found,,,,,,,,,,,,,,,,,,Checked: no post-YC Form D matching the founders; no funding statement on website (1 pages) or YC page. LinkedIn/X/Crunchbase need a logged-in browser.,2026-09-30T20:03:14Z
klavis-ai,Klavis AI,Spring 2025,No evidence found,,,,,,,,,,,,,,,,,,Checked: no post-YC Form D matching the founders; no funding statement on website (2 pages) or YC page. LinkedIn/X/Crunchbase need a logged-in browser.,2026-09-30T20:02:50Z
third-chair,Third Chair,Spring 2025,No evidence found,,,,,,,,,,,,,,,,,,Checked: no post-YC Form D matching the founders; no funding statement on website (6 pages) or YC page. LinkedIn/X/Crunchbase need a logged-in browser.,2026-09-30T20:02:52Z
vesence,Vesence,Spring 2025,Yes,9000000,Seed,2025-10-28,,2,Company website,https://www.vesence.com/blog/seed-round-announcement,Vesence Raises $9M Seed Round | Vesence,,,,,,,,,High,No matching post-YC Form D found.,2026-09-30T20:03:01Z
nodi-energy,NODI Energy,Spring 2025,No evidence found,,,,,,,,,,,,,,,,,,Checked: no post-YC Form D matching the founders; no funding statement on website (3 pages) or YC page. LinkedIn/X/Crunchbase need a logged-in browser.,2026-09-30T20:02:52Z
cartpole,Cartpole,Spring 2025,No evidence found,,,,,,,,,,,,,,,,,,Checked: no post-YC Form D matching the founders; no funding statement on website (1 pages) or YC page. LinkedIn/X/Crunchbase need a logged-in browser.,2026-09-30T20:02:52Z
alkali,Alkali,Spring 2025,No evidence found,,,,,,,,,,,,,,,,,,"Unverified Form D by same-named person: Matic Robots, Inc. 0001231919-25-000150 sold 77317154 (first sale 2025-07-29, Mountain View); likely a different person. Checked: no post-YC Form D matching the founders; no funding statement on website (3 pages) or YC page. LinkedIn/X/Crunchbase need a logged-in browser.",2026-09-30T20:02:58Z
human-behavior,Human Behavior,Spring 2025,Yes,5000000,,,General Catalyst,2,Company website,https://www.humanbehavior.co/blog,"We raised $5M led by General Catalyst, with Y Combinator and Paul Graham.",,,,,,,,,High,Round date not stated on the source page; assumed post-YC because it is presented as current news. No matching post-YC Form D found.,2026-09-30T20:02:59Z
qualgent,QualGent,Spring 2025,No evidence found,,,,,,,,,,,,,,,,,,Checked: no post-YC Form D matching the founders; no funding statement on website (3 pages) or YC page. LinkedIn/X/Crunchbase need a logged-in browser.,2026-09-30T20:02:56Z
novoflow,Novoflow,Spring 2025,Yes,3000000,,2025-11-03,,4,Press (linked from YC company page),https://www.businessinsider.com/novoflow-pitch-deck-y-combinator-founders-raised-3-million-2025-10,Pitch Deck: Novoflow Founders Raised $3 Million Out of Y Combinator - Business Insider,,,,,,,,,Medium,No matching post-YC Form D found.,2026-09-30T20:03:00Z
theta,Theta,Spring 2025,No evidence found,,,,,,,,,,,,,,,,,,Checked: no post-YC Form D matching the founders; no funding statement on website (3 pages) or YC page. LinkedIn/X/Crunchbase need a logged-in browser.,2026-09-30T20:02:57Z
irbc,IRBC,Spring 2025,Yes,6000000,,2025-07-24,,4,Press (linked from YC company page),https://www.businessinsider.com/video-call-tool-lyra-pitch-deck-y-combinator-seed-round-2025-7,Video Calling Tool Lyra Raised $6 Million From YC and 468 Capital - Business Insider,,,,,,,,,Medium,"Manual review: Business Insider article linked from IRBC's YC page covers Lyra, apparently IRBC's former name. $6M from YC and 468 Capital. Verify the rename.",2026-09-30T20:03:29Z
anana,Anana,Spring 2025,No evidence found,,,,,,,,,,,,,,,,,,Checked: no post-YC Form D matching the founders; no funding statement on website (4 pages) or YC page. LinkedIn/X/Crunchbase need a logged-in browser.,2026-09-30T20:02:59Z
throxy,throxy,Spring 2025,No evidence found,,,,,,,,,,,,,,,,,,"Checked: no post-YC Form D matching the founders; no funding statement on website (1 pages) or YC page. LinkedIn/X/Crunchbase need a logged-in browser. Companies House THROXY LTD (15078234): 2 SH01 allotment filing(s), latest 14 Jun 2025: Statement of capital following an allotment of shares on 19 May 2025 GBP 27.5176 ANNOTATION Clarification a second filed",2026-09-30T20:02:59Z
lucis,Lucis,Spring 2025,Yes,20000000,Series A,2026-05-26,,4,Press (linked from YC company page),https://tech.eu/2026/05/26/lucis-raises-20m-series-a-to-expand-ai-driven-preventive-healthcare-platform/,Lucis raises $20M Series A to expand AI-driven preventive healthcare platform - Tech.eu,,,,,,,,,Medium,Other stated figure: $8.5M (https://tech.eu/2025/12/16/lucis-closes-85m-seed-round-for-preventive-healthcare-in-europe/). No matching post-YC Form D found.,2026-09-30T20:03:04Z
flott-hq,Flott HQ,Spring 2025,No evidence found,,,,,,,,,,,,,,,,,,Checked: no post-YC Form D matching the founders; no funding statement on website (2 pages) or YC page. LinkedIn/X/Crunchbase need a logged-in browser. National register for FR not checked.,2026-09-30T20:03:46Z
crimson,Crimson,Spring 2025,Yes,2500000,Seed,,,2,Company website,https://www.crimson.law/blog,News | Crimson raises $2.5m seed round Crimson raises $2.5m seed round and expands in US .,,,,,,,,,High,"Round date not stated on the source page; assumed post-YC because it is presented as current news. No matching post-YC Form D found. Companies House CRIMSON LEGALTECH INC. (UK) (FC042285): no SH01 allotments listed. Companies House CRIMSON LEGALTECH LTD (15968263): 1 SH01 allotment filing(s), latest 27 Nov 2024: Statement of capital following an allotment of shares on 26 November 2024 GBP 300",2026-09-30T20:03:05Z
casco,Casco,Spring 2025,No evidence found,,,,,,,,,,,,,,,,,,Checked: no post-YC Form D matching the founders; no funding statement on website (5 pages) or YC page. LinkedIn/X/Crunchbase need a logged-in browser.,2026-09-30T20:03:12Z
nomi,Nomi,Spring 2025,No evidence found,,,,,,,,,,,,,,,,,,Checked: no post-YC Form D matching the founders; no funding statement on website (11 pages) or YC page. LinkedIn/X/Crunchbase need a logged-in browser. National register for FR not checked.,2026-09-30T20:03:05Z
morphik,Morphik,Spring 2025,No evidence found,,,,,,,,,,,,,,,,,,Checked: no post-YC Form D matching the founders; no funding statement on website (1 pages) or YC page. LinkedIn/X/Crunchbase need a logged-in browser.,2026-09-30T20:03:47Z
runrl,RunRL,Spring 2025,No evidence found,,,,,,,,,,,,,,,,,,Checked: no post-YC Form D matching the founders; no funding statement on website (10 pages) or YC page. LinkedIn/X/Crunchbase need a logged-in browser.,2026-09-30T20:03:04Z
ticket-wallet,Ticket Wallet,Spring 2025,No evidence found,,,,,,,,,,,,,,,,,,Checked: no post-YC Form D matching the founders; no funding statement on website (10 pages) or YC page. LinkedIn/X/Crunchbase need a logged-in browser.,2026-09-30T20:03:10Z
kaizen,Kaizen,Spring 2025,Yes,8500000,,,,4,Press (linked from YC company page),https://www.ycombinator.com/companies/kaizen/jobs,"We've raised $8.5M from leading investors including Joe Lonsdale's 8VC, Y Combinator, Eric Schmidt's Innovation Endeavors, Jeff Dean (Google's Chief Scientist), Matteo Franceschetti (CEO",,,,,,,,,Medium,"Unverified Form D by same-named person: Gameplan First LLC 0002058790-25-000001 sold 0 (first sale yetToOccur, Chicago); likely a different person. Unverified Form D by same-named person: JASTLabs Corp 0002131485-26-000001 sold 0 (first sale yetToOccur, Richmond Hill); likely a different person. Round date not stated on the source page; assumed post-YC because it is presented as current news. No matching post-YC Form D found.",2026-09-30T20:03:15Z
habit,HABIT,Spring 2025,No evidence found,,,,,,,,,,,,,,,,,,Checked: no post-YC Form D matching the founders; no funding statement on website (1 pages) or YC page. LinkedIn/X/Crunchbase need a logged-in browser.,2026-09-30T20:03:08Z
clidey,Clidey,Spring 2025,No evidence found,,,,,,,,,,,,,,,,,,Checked: no post-YC Form D matching the founders; no funding statement on website (10 pages) or YC page. LinkedIn/X/Crunchbase need a logged-in browser.,2026-09-30T20:03:13Z
opusense-ai,Opusense AI,Spring 2025,No evidence found,,,,,,,,,,,,,,,,,,Checked: no post-YC Form D matching the founders; no funding statement on website (8 pages) or YC page. LinkedIn/X/Crunchbase need a logged-in browser. National register for CA not checked.,2026-09-30T20:03:36Z
labric,Labric,Spring 2025,No evidence found,,,,,,,,,,,,,,,,,,Checked: no post-YC Form D matching the founders; no funding statement on website (4 pages) or YC page. LinkedIn/X/Crunchbase need a logged-in browser.,2026-09-30T20:03:12Z
photonium,Photonium,Spring 2025,No evidence found,,,,,,,,,,,,,,,,,,Checked: no post-YC Form D matching the founders; no funding statement on website (10 pages) or YC page. LinkedIn/X/Crunchbase need a logged-in browser.,2026-09-30T20:03:09Z
sixtyfour,Sixtyfour,Spring 2025,No evidence found,,,,,,,,,,,,,,,,,,"Unverified Form D by same-named person: Atomic Data Sciences, Inc. 0002096328-25-000001 sold 3000000 (first sale 2025-10-21, Boston); likely a different person. Checked: no post-YC Form D matching the founders; no funding statement on website (8 pages) or YC page. LinkedIn/X/Crunchbase need a logged-in browser.",2026-09-30T20:03:34Z
tegore,Tegore,Spring 2025,No evidence found,,,,,,,,,,,,,,,,,,Checked: no post-YC Form D matching the founders; no funding statement on website (1 pages) or YC page. LinkedIn/X/Crunchbase need a logged-in browser.,2026-09-30T20:03:43Z
freesolo,Freesolo,Spring 2025,No evidence found,,,,,,,,,,,,,,,,,,Checked: no post-YC Form D matching the founders; no funding statement on website (2 pages) or YC page. LinkedIn/X/Crunchbase need a logged-in browser.,2026-09-30T20:03:13Z
combinely,Combinely,Spring 2025,No evidence found,,,,,,,,,,,,,,,,,,Checked: no post-YC Form D matching the founders; no funding statement on website (5 pages) or YC page. LinkedIn/X/Crunchbase need a logged-in browser. Companies House COMBINELY LTD (15218555): no SH01 allotments listed.,2026-09-30T20:03:39Z
voiceos,VoiceOS,Spring 2025,No evidence found,,,,,,,,,,,,,,,,,,Checked: no post-YC Form D matching the founders; no funding statement on website (5 pages) or YC page. LinkedIn/X/Crunchbase need a logged-in browser.,2026-09-30T20:03:20Z
chiron,Chiron,Spring 2025,No evidence found,,,,,,,,,,,,,,,,,,Checked: no post-YC Form D matching the founders; no funding statement on website (0 pages) or YC page. LinkedIn/X/Crunchbase need a logged-in browser.,2026-09-30T20:03:29Z
jeevy-fabrication,Jeevy Fabrication,Spring 2025,No evidence found,,,,,,,,,,,,,,,,,,Checked: no post-YC Form D matching the founders; no funding statement on website (3 pages) or YC page. LinkedIn/X/Crunchbase need a logged-in browser.,2026-09-30T20:03:17Z
trapeze,Trapeze,Spring 2025,No evidence found,,,,,,,,,,,,,,,,,,Checked: no post-YC Form D matching the founders; no funding statement on website (9 pages) or YC page. LinkedIn/X/Crunchbase need a logged-in browser.,2026-09-30T20:03:29Z
tinfoil,Tinfoil,Spring 2025,No evidence found,,,,,,,,,,,,,,,,,,Checked: no post-YC Form D matching the founders; no funding statement on website (2 pages) or YC page. LinkedIn/X/Crunchbase need a logged-in browser.,2026-09-30T20:03:30Z
paper-instruments,Paper Instruments,Spring 2025,No evidence found,,,,,,,,,,,,,,,,,,Checked: no post-YC Form D matching the founders; no funding statement on website (2 pages) or YC page. LinkedIn/X/Crunchbase need a logged-in browser.,2026-09-30T20:03:21Z
refresh,Refresh,Spring 2025,No evidence found,,,,,,,,,,,,,,,,,,Checked: no post-YC Form D matching the founders; no funding statement on website (5 pages) or YC page. LinkedIn/X/Crunchbase need a logged-in browser.,2026-09-30T20:03:24Z
parsewise,Parsewise,Spring 2025,No evidence found,,,,,,,,,,,,,,,,,,Checked: no post-YC Form D matching the founders; no funding statement on website (4 pages) or YC page. LinkedIn/X/Crunchbase need a logged-in browser.,2026-09-30T20:03:40Z
better-auth,Better Auth,Spring 2025,Yes,5000000,Seed,,,2,Company website,https://better-auth.com/blog,Announcing our $5M seed round.,,,,,,,,,High,Round date not stated on the source page; assumed post-YC because it is presented as current news. No matching post-YC Form D found.,2026-09-30T20:03:29Z
kestral,Kestral,Spring 2025,No evidence found,,,,,,,,,,,,,,,,,,Checked: no post-YC Form D matching the founders; no funding statement on website (10 pages) or YC page. LinkedIn/X/Crunchbase need a logged-in browser.,2026-09-30T20:03:33Z
attune,Attune,Spring 2025,No evidence found,,,,,,,,,,,,,,,,,,Checked: no post-YC Form D matching the founders; no funding statement on website (1 pages) or YC page. LinkedIn/X/Crunchbase need a logged-in browser.,2026-09-30T20:04:42Z
pgdog,PgDog,Spring 2025,Yes,5500000,Seed,,,2,Company website,https://pgdog.dev,PgDog - Horizontal scaling for PostgreSQL We raised a $5.5M seed round.,,,,,,,,,High,Round date not stated on the source page; assumed post-YC because it is presented as current news. No matching post-YC Form D found.,2026-09-30T20:03:34Z
mbodi-ai,Mbodi AI,Spring 2025,No evidence found,,,,,,,,,,,,,,,,,,Checked: no post-YC Form D matching the founders; no funding statement on website (2 pages) or YC page. LinkedIn/X/Crunchbase need a logged-in browser.,2026-09-30T20:03:34Z
units,Units,Spring 2025,No evidence found,,,,,,,,,,,,,,,,,,Checked: no post-YC Form D matching the founders; no funding statement on website (3 pages) or YC page. LinkedIn/X/Crunchbase need a logged-in browser.,2026-09-30T20:03:54Z
youlearn,YouLearn,Spring 2025,No evidence found,,,,,,,,,,,,,,,,,,Checked: no post-YC Form D matching the founders; no funding statement on website (2 pages) or YC page. LinkedIn/X/Crunchbase need a logged-in browser.,2026-09-30T20:03:37Z
stratify,stratify,Spring 2025,No evidence found,,,,,,,,,,,,,,,,,,Checked: no post-YC Form D matching the founders; no funding statement on website (3 pages) or YC page. LinkedIn/X/Crunchbase need a logged-in browser.,2026-09-30T20:03:37Z
sim,Sim,Spring 2025,Yes,7000000,Series A,,Standard Capital,4,Press (linked from YC company page),https://www.sim.ai:443/blog,We’re excited to share that Sim has raised a $7M Series A led by Standard Capital to accelerate our vision for agentic workflows..,,,,,,,,,Medium,Round date not stated on the source page; assumed post-YC because it is presented as current news. No matching post-YC Form D found.,2026-09-30T20:03:42Z
clarm,Clarm,Spring 2025,No evidence found,,,,,,,,,,,,,,,,,,Checked: no post-YC Form D matching the founders; no funding statement on website (5 pages) or YC page. LinkedIn/X/Crunchbase need a logged-in browser. National register for CH not checked.,2026-09-30T20:03:42Z
beluga,Beluga,Spring 2025,No evidence found,,,,,,,,,,,,,,,,,,Checked: no post-YC Form D matching the founders; no funding statement on website (8 pages) or YC page. LinkedIn/X/Crunchbase need a logged-in browser.,2026-09-30T20:04:05Z
kaelio,Kaelio,Spring 2025,No evidence found,,,,,,,,,,,,,,,,,,Checked: no post-YC Form D matching the founders; no funding statement on website (3 pages) or YC page. LinkedIn/X/Crunchbase need a logged-in browser.,2026-09-30T20:04:34Z
method,Method,Spring 2025,No evidence found,,,,,,,,,,,,,,,,,,Checked: no post-YC Form D matching the founders; no funding statement on website (2 pages) or YC page. LinkedIn/X/Crunchbase need a logged-in browser.,2026-09-30T20:03:42Z
zeon-systems,Zeon Systems,Spring 2025,No evidence found,,,,,,,,,,,,,,,,,,Checked: no post-YC Form D matching the founders; no funding statement on website (3 pages) or YC page. LinkedIn/X/Crunchbase need a logged-in browser.,2026-09-30T20:03:44Z
the-robot-learning-company,The Robot Learning Company,Spring 2025,No evidence found,,,,,,,,,,,,,,,,,,Checked: no post-YC Form D matching the founders; no funding statement on website (1 pages) or YC page. LinkedIn/X/Crunchbase need a logged-in browser. National register for DE not checked.,2026-09-30T20:03:57Z
helixdb,HelixDB,Spring 2025,No evidence found,,,,,,,,,,,,,,,,,,Checked: no post-YC Form D matching the founders; no funding statement on website (8 pages) or YC page. LinkedIn/X/Crunchbase need a logged-in browser.,2026-09-30T20:04:09Z
feyn,Feyn,Spring 2025,No evidence found,,,,,,,,,,,,,,,,,,Checked: no post-YC Form D matching the founders; no funding statement on website (2 pages) or YC page. LinkedIn/X/Crunchbase need a logged-in browser.,2026-09-30T20:03:47Z
almond-2,Almond,Spring 2025,No evidence found,,,,,,,,,,,,,,,,,,Checked: no post-YC Form D matching the founders; no funding statement on website (2 pages) or YC page. LinkedIn/X/Crunchbase need a logged-in browser.,2026-09-30T20:04:29Z
claim-health,Claim Health,Spring 2025,Yes,4400000,Seed,,,2,Company website,https://www.claimhealth.com/blog/announcing-our-4-4m-seed-round,Announcing our $4.4m Seed Round .,,,,,,,,,High,Round date not stated on the source page; assumed post-YC because it is presented as current news. No matching post-YC Form D found.,2026-09-30T20:03:47Z
capacitive,Capacitive,Spring 2025,No evidence found,,,,,,,,,,,,,,,,,,Checked: no post-YC Form D matching the founders; no funding statement on website (1 pages) or YC page. LinkedIn/X/Crunchbase need a logged-in browser.,2026-09-30T20:04:26Z
acolite,Acolite,Spring 2025,No evidence found,,,,,,,,,,,,,,,,,,Checked: no post-YC Form D matching the founders; no funding statement on website (2 pages) or YC page. LinkedIn/X/Crunchbase need a logged-in browser.,2026-09-30T20:04:30Z
ralo,Ralo,Spring 2025,Yes,2900000,,,,2,Company website,https://www.ralo.com,We raised $2.9M to make mortgages actually affordable.,,,,,,,,,High,Round date not stated on the source page; assumed post-YC because it is presented as current news. No matching post-YC Form D found.,2026-09-30T20:04:05Z
auctor,Auctor,Spring 2025,Unclear,,,,,5,"Tracxn (lead only, from input)",,,,,,,,,,,Low,"Tracxn lead total $20,000,000; not confirmed by a higher-tier source. Checked: no post-YC Form D matching the founders; no funding statement on website (3 pages) or YC page. LinkedIn/X/Crunchbase need a logged-in browser.",2026-09-30T20:03:55Z
neoncoral,neoncoral,Spring 2025,No evidence found,,,,,,,,,,,,,,,,,,Checked: no post-YC Form D matching the founders; no funding statement on website (1 pages) or YC page. LinkedIn/X/Crunchbase need a logged-in browser.,2026-09-30T20:03:49Z
synthio-labs,Synthio Labs,Spring 2025,Unclear,,,,,5,"Tracxn (lead only, from input)",,,,,,,,,,,Low,"Tracxn lead total $5,500,000; not confirmed by a higher-tier source. Checked: no post-YC Form D matching the founders; no funding statement on website (2 pages) or YC page. LinkedIn/X/Crunchbase need a logged-in browser.",2026-09-30T20:03:53Z
cua,Cua,Spring 2025,No evidence found,,,,,,,,,,,,,,,,,,Checked: no post-YC Form D matching the founders; no funding statement on website (11 pages) or YC page. LinkedIn/X/Crunchbase need a logged-in browser.,2026-09-30T20:04:28Z
minerva,Minerva,Spring 2025,No evidence found,,,,,,,,,,,,,,,,,,Checked: no post-YC Form D matching the founders; no funding statement on website (0 pages) or YC page. LinkedIn/X/Crunchbase need a logged-in browser.,2026-09-30T20:04:20Z
groundcontrol,GroundControl,Spring 2025,Yes,2000000,SAFE (per Form D; stage not stated),2025-06-11,,1,SEC Form D,https://www.sec.gov/Archives/edgar/data/2066628/000206662825000003/primary_doc.xml,totalAmountSold: 2000000; totalOfferingAmount: 2000000; dateOfFirstSale: 2025-06-11,0002066628,0002066628-25-000003,2000000,2000000,2025-06-11,SecurityToBeAcquired; Other; Other: SAFE,3,"Ground Control Software, Inc.",High,yc deal like Form D 0002066628-25-000004: sold 500000 first sale 2025-04-11,2026-09-30T20:04:02Z
avallon-ai,Avallon AI,Spring 2025,Yes,4662000,Seed (OptionToAcquire; SecurityToBeAcquired per Form D),2025-03-12,,1,SEC Form D,https://www.sec.gov/Archives/edgar/data/2083254/000208325425000001/primary_doc.xml,totalAmountSold: 4662000; totalOfferingAmount: 4662000; dateOfFirstSale: 2025-03-12,0002083254,0002083254-25-000001,4662000,4662000,2025-03-12,OptionToAcquire; SecurityToBeAcquired,7,"Avallon Labs, Inc.",High,"First sale is close to batch start, so the Form D total may include YC's $500K.",2026-09-30T20:04:00Z
cubic,cubic,Spring 2025,No evidence found,,,,,,,,,,,,,,,,,,Checked: no post-YC Form D matching the founders; no funding statement on website (5 pages) or YC page. LinkedIn/X/Crunchbase need a logged-in browser.,2026-09-30T20:04:09Z
golf,Golf,Spring 2025,No evidence found,,,,,,,,,,,,,,,,,,Checked: no post-YC Form D matching the founders; no funding statement on website (1 pages) or YC page. LinkedIn/X/Crunchbase need a logged-in browser.,2026-09-30T20:04:09Z
bitboard,BitBoard,Spring 2025,No evidence found,,,,,,,,,,,,,,,,,,Checked: no post-YC Form D matching the founders; no funding statement on website (2 pages) or YC page. LinkedIn/X/Crunchbase need a logged-in browser.,2026-09-30T20:04:10Z
nao-labs,nao Labs,Spring 2025,No evidence found,,,,,,,,,,,,,,,,,,Checked: no post-YC Form D matching the founders; no funding statement on website (10 pages) or YC page. LinkedIn/X/Crunchbase need a logged-in browser. National register for FR not checked.,2026-09-30T20:04:15Z
vybe,Vybe,Spring 2025,Yes,10000000,Seed,,,2,Company website,https://www.vybe.build/blog,Vybe Raises $10M Seed Round Led by First Round Capital.,,,,,,,,,High,Round date not stated on the source page; assumed post-YC because it is presented as current news. No matching post-YC Form D found.,2026-09-30T20:04:16Z
aravolta,Aravolta,Spring 2025,No evidence found,,,,,,,,,,,,,,,,,,Checked: no post-YC Form D matching the founders; no funding statement on website (7 pages) or YC page. LinkedIn/X/Crunchbase need a logged-in browser.,2026-09-30T20:04:17Z
kashikoi,Kashikoi,Spring 2025,No evidence found,,,,,,,,,,,,,,,,,,Checked: no post-YC Form D matching the founders; no funding statement on website (1 pages) or YC page. LinkedIn/X/Crunchbase need a logged-in browser.,2026-09-30T20:04:13Z
plexe,Plexe,Spring 2025,Unclear,,,,,5,"Tracxn (lead only, from input)",,,,,,,,,,,Low,"Tracxn lead total $2,600,000; not confirmed by a higher-tier source. Checked: no post-YC Form D matching the founders; no funding statement on website (2 pages) or YC page. LinkedIn/X/Crunchbase need a logged-in browser. Companies House PLEXE AI LTD (16210488): no SH01 allotments listed. Companies House PLEXE LTD (16361092): no SH01 allotments listed.",2026-09-30T20:04:14Z
frekil,Frekil,Spring 2025,No evidence found,,,,,,,,,,,,,,,,,,Checked: no post-YC Form D matching the founders; no funding statement on website (2 pages) or YC page. LinkedIn/X/Crunchbase need a logged-in browser.,2026-09-30T20:04:23Z
chestnut,Chestnut,Spring 2025,No evidence found,,,,,,,,,,,,,,,,,,"Unverified Form D by same-named person: Distinct Technologies, Inc. 0002023504-25-000003 sold 12608 (first sale 2025-09-09, Southport); likely a different person. Checked: no post-YC Form D matching the founders; no funding statement on website (0 pages) or YC page. LinkedIn/X/Crunchbase need a logged-in browser.",2026-09-30T20:04:20Z
qfex,QFEX,Spring 2025,Unclear,,,,,5,"Tracxn (lead only, from input)",,,,,,,,,,,Low,"Tracxn lead total $9,500,000; not confirmed by a higher-tier source. Checked: no post-YC Form D matching the founders; no funding statement on website (10 pages) or YC page. LinkedIn/X/Crunchbase need a logged-in browser. Companies House QFEX INTERNATIONAL LTD. (16449272): no SH01 allotments listed.",2026-09-30T20:04:23Z
atlog,Atlog,Spring 2025,No evidence found,,,,,,,,,,,,,,,,,,Checked: no post-YC Form D matching the founders; no funding statement on website (1 pages) or YC page. LinkedIn/X/Crunchbase need a logged-in browser.,2026-09-30T20:04:22Z
waffle,Waffle,Spring 2025,No evidence found,,,,,,,,,,,,,,,,,,Checked: no post-YC Form D matching the founders; no funding statement on website (1 pages) or YC page. LinkedIn/X/Crunchbase need a logged-in browser.,2026-09-30T20:04:25Z
partcl,Partcl,Spring 2025,No evidence found,,,,,,,,,,,,,,,,,,Checked: no post-YC Form D matching the founders; no funding statement on website (3 pages) or YC page. LinkedIn/X/Crunchbase need a logged-in browser.,2026-09-30T20:04:23Z
aviro,Aviro,Spring 2025,No evidence found,,,,,,,,,,,,,,,,,,Checked: no post-YC Form D matching the founders; no funding statement on website (1 pages) or YC page. LinkedIn/X/Crunchbase need a logged-in browser.,2026-09-30T20:04:24Z
willow,Willow,Spring 2025,Unclear,,,,,5,"Tracxn (lead only, from input)",,,,,,,,,,,Low,"Tracxn lead total $5,000,000; not confirmed by a higher-tier source. Checked: no post-YC Form D matching the founders; no funding statement on website (4 pages) or YC page. LinkedIn/X/Crunchbase need a logged-in browser.",2026-09-30T20:04:26Z
atum-works,Atum Works,Spring 2025,No evidence found,,,,,,,,,,,,,,,,,,Checked: no post-YC Form D matching the founders; no funding statement on website (1 pages) or YC page. LinkedIn/X/Crunchbase need a logged-in browser.,2026-09-30T20:04:28Z
leeroo,Leeroo,Spring 2025,No evidence found,,,,,,,,,,,,,,,,,,Checked: no post-YC Form D matching the founders; no funding statement on website (9 pages) or YC page. LinkedIn/X/Crunchbase need a logged-in browser. Companies House LEEROO AI LTD (15776011): no SH01 allotments listed. Companies House LEEROO LTD (15572702): no SH01 allotments listed.,2026-09-30T20:04:31Z
bitpatrol,BitPatrol,Spring 2025,No evidence found,,,,,,,,,,,,,,,,,,Checked: no post-YC Form D matching the founders; no funding statement on website (1 pages) or YC page. LinkedIn/X/Crunchbase need a logged-in browser.,2026-09-30T20:04:32Z
propolis,Propolis,Spring 2025,No evidence found,,,,,,,,,,,,,,,,,,"Unverified Form D by same-named person: Liminal Strategy, Inc. 0002044739-25-000002 sold 8499925 (first sale 2025-04-07, New York); likely a different person. Checked: no post-YC Form D matching the founders; no funding statement on website (0 pages) or YC page. LinkedIn/X/Crunchbase need a logged-in browser.",2026-09-30T20:04:27Z
kirana-ai,Kirana AI,Spring 2025,No evidence found,,,,,,,,,,,,,,,,,,Checked: no post-YC Form D matching the founders; no funding statement on website (0 pages) or YC page. LinkedIn/X/Crunchbase need a logged-in browser.,2026-09-30T20:04:31Z
galen-ai,Galen AI,Spring 2025,No evidence found,,,,,,,,,,,,,,,,,,Checked: no post-YC Form D matching the founders; no funding statement on website (0 pages) or YC page. LinkedIn/X/Crunchbase need a logged-in browser.,2026-09-30T20:04:31Z
blaxel,Blaxel,Spring 2025,Yes,7300000,Seed,,First Round,2,Company website,https://blaxel.ai/blog,Blaxel raises $7.3M seed round led by First Round to build cloud infrastructure for the AI agent economy .,,,,,,,,,High,Round date not stated on the source page; assumed post-YC because it is presented as current news. No matching post-YC Form D found.,2026-09-30T20:04:32Z
caucus,Caucus,Spring 2025,No evidence found,,,,,,,,,,,,,,,,,,Checked: no post-YC Form D matching the founders; no funding statement on website (1 pages) or YC page. LinkedIn/X/Crunchbase need a logged-in browser.,2026-09-30T20:04:31Z
percival,Percival,Spring 2025,No evidence found,,,,,,,,,,,,,,,,,,Checked: no post-YC Form D matching the founders; no funding statement on website (1 pages) or YC page. LinkedIn/X/Crunchbase need a logged-in browser.,2026-09-30T20:04:32Z
kanava-ai,Kanava AI,Spring 2025,No evidence found,,,,,,,,,,,,,,,,,,Checked: no post-YC Form D matching the founders; no funding statement on website (10 pages) or YC page. LinkedIn/X/Crunchbase need a logged-in browser.,2026-09-30T20:04:33Z
red-barn-robotics,Red Barn Robotics,Winter 2025,No evidence found,,,,,,,,,,,,,,,,,,Checked: no post-YC Form D matching the founders; no funding statement on website (1 pages) or YC page. LinkedIn/X/Crunchbase need a logged-in browser.,2026-09-30T20:04:34Z
mentra,Mentra,Winter 2025,Yes,8000000,,2025-07-01,,4,Press (linked from YC company page),https://www.forbes.com/sites/charliefink/2025/07/01/mentra-raises-8-million-to-launch-open-source-os-for-smart-glasses/,Mentra Raises $8 Million To Launch Open-Source OS For Smart Glasses,,,,,,,,,Medium,No matching post-YC Form D found.,2026-09-30T20:04:43Z
blindpay,BlindPay,Winter 2025,Yes,3300000,Seed,,,2,Company website,https://blindpay.com/blog,"Aug 1, 2025 BlindPay Raises $3.3M Seed Round.",,,,,,,,,High,Round date not stated on the source page; assumed post-YC because it is presented as current news. No matching post-YC Form D found.,2026-09-30T20:04:40Z
vantel,Vantel,Winter 2025,No evidence found,,,,,,,,,,,,,,,,,,Checked: no post-YC Form D matching the founders; no funding statement on website (7 pages) or YC page. LinkedIn/X/Crunchbase need a logged-in browser. National register for SE not checked.,2026-09-30T20:04:39Z
fira,Fira,Winter 2025,No evidence found,,,,,,,,,,,,,,,,,,Checked: no post-YC Form D matching the founders; no funding statement on website (2 pages) or YC page. LinkedIn/X/Crunchbase need a logged-in browser.,2026-09-30T20:04:40Z
assistant-ui,assistant-ui,Winter 2025,No evidence found,,,,,,,,,,,,,,,,,,Checked: no post-YC Form D matching the founders; no funding statement on website (4 pages) or YC page. LinkedIn/X/Crunchbase need a logged-in browser.,2026-09-30T20:04:42Z
artifact-2,Artifact,Winter 2025,Yes,3500000,,,,2,YC company/launch page,https://www.ycombinator.com/companies/artifact-2,"→ Manufacturing → Integration → Test → Sustainment We've raised $3.5M to build an integrated, verifiable AI copilot with an intuitive UI that reflects",,,,,,,,,High,Round date not stated on the source page; assumed post-YC because it is presented as current news. No matching post-YC Form D found.,2026-09-30T20:05:09Z
axal,Axal,Winter 2025,No evidence found,,,,,,,,,,,,,,,,,,Checked: no post-YC Form D matching the founders; no funding statement on website (1 pages) or YC page. LinkedIn/X/Crunchbase need a logged-in browser.,2026-09-30T20:04:39Z
thirdlayer,Thirdlayer,Winter 2025,No evidence found,,,,,,,,,,,,,,,,,,Checked: no post-YC Form D matching the founders; no funding statement on website (2 pages) or YC page. LinkedIn/X/Crunchbase need a logged-in browser.,2026-09-30T20:05:11Z
trainloop,TrainLoop,Winter 2025,No evidence found,,,,,,,,,,,,,,,,,,Checked: no post-YC Form D matching the founders; no funding statement on website (1 pages) or YC page. LinkedIn/X/Crunchbase need a logged-in browser.,2026-09-30T20:04:43Z
sammy-labs,SAMMY Labs,Winter 2025,No evidence found,,,,,,,,,,,,,,,,,,Checked: no post-YC Form D matching the founders; no funding statement on website (3 pages) or YC page. LinkedIn/X/Crunchbase need a logged-in browser.,2026-09-30T20:04:59Z
instinct-space,Instinct Space,Winter 2025,No evidence found,,,,,,,,,,,,,,,,,,Checked: no post-YC Form D matching the founders; no funding statement on website (5 pages) or YC page. LinkedIn/X/Crunchbase need a logged-in browser. Companies House INSTINCT SPACE LIMITED (16201058): no SH01 allotments listed.,2026-09-30T20:04:39Z
mercura,Mercura,Winter 2025,Unclear,,,,,5,"Tracxn (lead only, from input)",,,,,,,,,,,Low,"Tracxn lead total $2,600,000; not confirmed by a higher-tier source. Checked: no post-YC Form D matching the founders; no funding statement on website (4 pages) or YC page. LinkedIn/X/Crunchbase need a logged-in browser. National register for DE not checked.",2026-09-30T20:04:43Z
codevisor,Codevisor,Winter 2025,No evidence found,,,,,,,,,,,,,,,,,,Checked: no post-YC Form D matching the founders; no funding statement on website (1 pages) or YC page. LinkedIn/X/Crunchbase need a logged-in browser.,2026-09-30T20:04:47Z
cedar,Cedar,Winter 2025,Yes,3000000,Seed,,,2,Company website,https://mail.cedarcopilot.com/blog,Announcing our $3 million seed round.,,,,,,,,,High,Round date not stated on the source page; assumed post-YC because it is presented as current news. No matching post-YC Form D found.,2026-09-30T20:04:44Z
browser-use,Browser Use,Winter 2025,Yes,17000000,,,,2,Company website,https://browser-use.com/posts,We Raised $17M to Build the Future of Web for Agents.,,,,,,,,,High,Round date not stated on the source page; assumed post-YC because it is presented as current news. No matching post-YC Form D found.,2026-09-30T20:04:58Z
tamlabs,TamLabs,Winter 2025,No evidence found,,,,,,,,,,,,,,,,,,Checked: no post-YC Form D matching the founders; no funding statement on website (1 pages) or YC page. LinkedIn/X/Crunchbase need a logged-in browser.,2026-09-30T20:04:49Z
ergo,Ergo,Winter 2025,No evidence found,,,,,,,,,,,,,,,,,,Checked: no post-YC Form D matching the founders; no funding statement on website (6 pages) or YC page. LinkedIn/X/Crunchbase need a logged-in browser.,2026-09-30T20:04:46Z
copycat-ai,CopyCat AI,Winter 2025,No evidence found,,,,,,,,,,,,,,,,,,Checked: no post-YC Form D matching the founders; no funding statement on website (3 pages) or YC page. LinkedIn/X/Crunchbase need a logged-in browser.,2026-09-30T20:04:49Z
paratus-health,Paratus Health,Winter 2025,No evidence found,,,,,,,,,,,,,,,,,,Checked: no post-YC Form D matching the founders; no funding statement on website (1 pages) or YC page. LinkedIn/X/Crunchbase need a logged-in browser.,2026-09-30T20:04:51Z
butter,Butter,Winter 2025,No evidence found,,,,,,,,,,,,,,,,,,Checked: no post-YC Form D matching the founders; no funding statement on website (1 pages) or YC page. LinkedIn/X/Crunchbase need a logged-in browser.,2026-09-30T20:05:02Z
bluebook,Bluebook,Winter 2025,Yes,3000000,Pre-Seed,2025-02-13,,4,Press (linked from YC company page),https://www.cpapracticeadvisor.com/2025/02/13/bluebook-raises-3m-to-build-ai-agents-for-accounting-firms-with-pre-seed-led-by-eqt-ventures/156006/,Bluebook Raises $3M to Build AI Agents for Accounting Firms with Pre-Seed Led by EQT Ventures - CPA Practice Advisor,,,,,,,,,Medium,No matching post-YC Form D found.,2026-09-30T20:04:47Z
dalus,Dalus,Winter 2025,No evidence found,,,,,,,,,,,,,,,,,,Checked: no post-YC Form D matching the founders; no funding statement on website (4 pages) or YC page. LinkedIn/X/Crunchbase need a logged-in browser.,2026-09-30T20:04:48Z
roark,Roark,Winter 2025,No evidence found,,,,,,,,,,,,,,,,,,Checked: no post-YC Form D matching the founders; no funding statement on website (6 pages) or YC page. LinkedIn/X/Crunchbase need a logged-in browser.,2026-09-30T20:04:54Z
rebolt,Rebolt,Winter 2025,No evidence found,,,,,,,,,,,,,,,,,,"Unverified Form D by same-named person: Nomadar Corp. 0001493152-25-025553 sold 250000 (first sale 2025-10-31, Marshall); likely a different person. Unverified Form D by same-named person: Nomadar Corp. 0001493152-25-025552 sold 2260558 (first sale 2025-11-20, Marshall); likely a different person. Unverified Form D by same-named person: Nomadar Corp. 0001493152-26-014345 sold 3770278 (first sale 2026-02-27, Marshall); likely a different person. Unverified Form D by same-named person: Nomadar Corp. 0001493152-26-014343 sold 90002 (first sale 2026-03-27, Marshall); likely a different person. Checked: no post-YC Form D matching the founders; no funding statement on website (9 pages) or YC page. LinkedIn/X/Crunchbase need a logged-in browser.",2026-09-30T20:05:25Z
spott,Spott,Winter 2025,Yes,24200000,Series A,,Balderton Capital,2,Company website,https://spott.io/press,"in 2024 and backed by Y Combinator, Spott has raised $24.2M, including a $21M Series A led by Balderton Capital, and has offices in",,,,,,,,,High,Round date not stated on the source page; assumed post-YC because it is presented as current news. No matching post-YC Form D found.,2026-09-30T20:04:56Z
woz,Woz,Winter 2025,No evidence found,,,,,,,,,,,,,,,,,,Checked: no post-YC Form D matching the founders; no funding statement on website (3 pages) or YC page. LinkedIn/X/Crunchbase need a logged-in browser.,2026-09-30T20:04:52Z
proception-inc,Proception Inc,Winter 2025,Yes,11000000,Seed,,,2,YC company/launch page,https://www.ycombinator.com/companies/proception-inc,"## Shipping This Week Proception has raised **$11 million in seed funding** led by **First Round Capital**, with participation from **Y Combinator** and **BoxGroup**.",,,,,,,,,High,Round date not stated on the source page; assumed post-YC because it is presented as current news. No matching post-YC Form D found.,2026-09-30T20:05:39Z
corsair,Corsair,Winter 2025,No evidence found,,,,,,,,,,,,,,,,,,Checked: no post-YC Form D matching the founders; no funding statement on website (2 pages) or YC page. LinkedIn/X/Crunchbase need a logged-in browser.,2026-09-30T20:05:15Z
wildcard,Wildcard,Winter 2025,No evidence found,,,,,,,,,,,,,,,,,,Checked: no post-YC Form D matching the founders; no funding statement on website (5 pages) or YC page. LinkedIn/X/Crunchbase need a logged-in browser.,2026-09-30T20:04:55Z
permitify,Permitify,Winter 2025,No evidence found,,,,,,,,,,,,,,,,,,Checked: no post-YC Form D matching the founders; no funding statement on website (1 pages) or YC page. LinkedIn/X/Crunchbase need a logged-in browser.,2026-09-30T20:05:39Z
reditus-space,Reditus Space,Winter 2025,Unclear,,,,,5,"Tracxn (lead only, from input)",,,,,,,,,,,Low,"Tracxn lead total $7,600,000; not confirmed by a higher-tier source. Checked: no post-YC Form D matching the founders; no funding statement on website (5 pages) or YC page. LinkedIn/X/Crunchbase need a logged-in browser.",2026-09-30T20:04:59Z
optifye-ai,Optifye.ai,Winter 2025,No evidence found,,,,,,,,,,,,,,,,,,Checked: no post-YC Form D matching the founders; no funding statement on website (1 pages) or YC page. LinkedIn/X/Crunchbase need a logged-in browser. National register for IN not checked.,2026-09-30T20:04:59Z
pinch,Pinch,Winter 2025,No evidence found,,,,,,,,,,,,,,,,,,Checked: no post-YC Form D matching the founders; no funding statement on website (3 pages) or YC page. LinkedIn/X/Crunchbase need a logged-in browser. National register for ES not checked.,2026-09-30T20:05:19Z
retrofit,Retrofit,Winter 2025,No evidence found,,,,,,,,,,,,,,,,,,Checked: no post-YC Form D matching the founders; no funding statement on website (1 pages) or YC page. LinkedIn/X/Crunchbase need a logged-in browser.,2026-09-30T20:05:01Z
archon,Archon,Winter 2025,No evidence found,,,,,,,,,,,,,,,,,,Checked: no post-YC Form D matching the founders; no funding statement on website (1 pages) or YC page. LinkedIn/X/Crunchbase need a logged-in browser.,2026-09-30T20:05:02Z
forge-automation,Forge Automation,Winter 2025,Unclear,,,,,5,"Tracxn (lead only, from input)",,,0002017605,,,,,,,Forge Automation Corp.,Low,"Tracxn lead total $635,000; not confirmed by a higher-tier source. pre yc Form D 0001727689-24-000038: sold 135000 first sale 2024-03-22 Checked: no post-YC Form D matching the founders; no funding statement on website (10 pages) or YC page. LinkedIn/X/Crunchbase need a logged-in browser. National register for CA not checked.",2026-09-30T20:05:12Z
mastra,Mastra,Winter 2025,Yes,36164297,Equity (per Form D; stage not stated),2026-03-02,Spark Capital,1,SEC Form D,https://www.sec.gov/Archives/edgar/data/2126990/000212699026000001/primary_doc.xml,totalAmountSold: 36164297; totalOfferingAmount: 36164297; dateOfFirstSale: 2026-03-02,0002126990,0002126990-26-000001,36164297,36164297,2026-03-02,Equity,157,"Kepler Software, Inc.",High,"Legal name differs from brand; matched on related person(s) Abhi Aiyer, Sam Bhagwat, Shane Thomas, issuer in San Francisco, CA. Form D clarification: Total amount sold includes the conversion of $16,164,300.00 in SAFEs. Tier 2 source states $22M (https://mastra.ai/blog/series-a); Form D figure kept.",2026-09-30T20:05:07Z
afterquery,AfterQuery,Winter 2025,Unclear,,,,,5,"Tracxn (lead only, from input)",,,,,,,,,,,Low,"Tracxn lead total $30,499,997; not confirmed by a higher-tier source. Checked: no post-YC Form D matching the founders; no funding statement on website (3 pages) or YC page. LinkedIn/X/Crunchbase need a logged-in browser.",2026-09-30T20:05:07Z
misprint,Misprint,Winter 2025,No evidence found,,,,,,,,,,,,,,,,,,Checked: no post-YC Form D matching the founders; no funding statement on website (4 pages) or YC page. LinkedIn/X/Crunchbase need a logged-in browser.,2026-09-30T20:05:19Z
fuse-ai,Fuse AI,Winter 2025,No evidence found,,,,,,,,,,,,,,,,,,Checked: no post-YC Form D matching the founders; no funding statement on website (3 pages) or YC page. LinkedIn/X/Crunchbase need a logged-in browser.,2026-09-30T20:05:06Z
miyagi-labs,Miyagi Labs,Winter 2025,No evidence found,,,,,,,,,,,,,,,,,,Checked: no post-YC Form D matching the founders; no funding statement on website (3 pages) or YC page. LinkedIn/X/Crunchbase need a logged-in browser.,2026-09-30T20:05:13Z
artificial-societies,Artificial Societies,Winter 2025,Yes,5300000,Seed,,,2,Company website,https://societies.ai/publications,Artificial Societies Raises Its $5.3M Seed Round.,,,,,,,,,High,"Round date not stated on the source page; assumed post-YC because it is presented as current news. No matching post-YC Form D found. Companies House ARTIFICIAL SOCIETIES LTD (15963818): 1 SH01 allotment filing(s), latest 20 Nov 2024: Statement of capital following an allotment of shares on 11 November 2024 USD 0.04",2026-09-30T20:05:14Z
openintake,OpenIntake,Winter 2025,No evidence found,,,,,,,,,,,,,,,,,,Checked: no post-YC Form D matching the founders; no funding statement on website (10 pages) or YC page. LinkedIn/X/Crunchbase need a logged-in browser.,2026-09-30T20:05:12Z
peppr-ai,Peppr AI,Winter 2025,No evidence found,,,,,,,,,,,,,,,,,,Checked: no post-YC Form D matching the founders; no funding statement on website (1 pages) or YC page. LinkedIn/X/Crunchbase need a logged-in browser.,2026-09-30T20:05:13Z
infinite,Infinite,Winter 2025,No evidence found,,,,,,,,,,,,,,,,,,Checked: no post-YC Form D matching the founders; no funding statement on website (11 pages) or YC page. LinkedIn/X/Crunchbase need a logged-in browser.,2026-09-30T20:05:19Z
sennu-ai,Sennu AI,Winter 2025,No evidence found,,,,,,,,,,,,,,,,,,Checked: no post-YC Form D matching the founders; no funding statement on website (10 pages) or YC page. LinkedIn/X/Crunchbase need a logged-in browser.,2026-09-30T20:05:15Z
orbital-operations,Orbital Operations,Winter 2025,Yes,8800000,,,,2,Company website,https://www.orbitalops.tech,Orbital Operations Raises $8.8M to Build High-Thrust Vehicle for Satellite Defense .,0002054774,,,,,,,Orbital Operations Inc,High,yc deal like Form D 0002054774-25-000001: sold 519500 first sale 2025-01-16 Round date not stated on the source page; assumed post-YC because it is presented as current news. No matching post-YC Form D found.,2026-09-30T20:05:20Z
mesh-2,Mesh,Winter 2025,No evidence found,,,,,,,,,,,,,,,,,,Checked: no post-YC Form D matching the founders; no funding statement on website (2 pages) or YC page. LinkedIn/X/Crunchbase need a logged-in browser.,2026-09-30T20:05:18Z
outlit,Outlit,Winter 2025,No evidence found,,,,,,,,,,,,,,,,,,Checked: no post-YC Form D matching the founders; no funding statement on website (1 pages) or YC page. LinkedIn/X/Crunchbase need a logged-in browser.,2026-09-30T20:06:32Z
harper,Harper,Winter 2025,Yes,47000000,,,,2,Company website,https://www.harperinsure.com,that works for you Skip to main content We've raised $47 Million We've raised $47 Million to build the future of commercial insurance.,,,,,,,,,High,Round date not stated on the source page; assumed post-YC because it is presented as current news. No matching post-YC Form D found.,2026-09-30T20:05:20Z
calltree,Calltree,Winter 2025,No evidence found,,,,,,,,,,,,,,,,,,Checked: no post-YC Form D matching the founders; no funding statement on website (1 pages) or YC page. LinkedIn/X/Crunchbase need a logged-in browser.,2026-09-30T20:05:26Z
nitrode,Nitrode,Winter 2025,Unclear,,,,,5,"Tracxn (lead only, from input)",,,,,,,,,,,Low,"Tracxn lead total $2,300,000; not confirmed by a higher-tier source. Checked: no post-YC Form D matching the founders; no funding statement on website (2 pages) or YC page. LinkedIn/X/Crunchbase need a logged-in browser.",2026-09-30T20:05:20Z
karsa,Karsa,Winter 2025,No evidence found,,,,,,,,,,,,,,,,,,Checked: no post-YC Form D matching the founders; no funding statement on website (1 pages) or YC page. LinkedIn/X/Crunchbase need a logged-in browser.,2026-09-30T20:05:22Z
exla,Exla,Winter 2025,No evidence found,,,,,,,,,,,,,,,,,,Checked: no post-YC Form D matching the founders; no funding statement on website (1 pages) or YC page. LinkedIn/X/Crunchbase need a logged-in browser.,2026-09-30T20:05:47Z
confident-ai,Confident AI,Winter 2025,No evidence found,,,,,,,,,,,,,,,,,,Checked: no post-YC Form D matching the founders; no funding statement on website (2 pages) or YC page. LinkedIn/X/Crunchbase need a logged-in browser.,2026-09-30T20:05:45Z
riviera,Riviera,Winter 2025,No evidence found,,,,,,,,,,,,,,,,,,Checked: no post-YC Form D matching the founders; no funding statement on website (1 pages) or YC page. LinkedIn/X/Crunchbase need a logged-in browser.,2026-09-30T20:05:24Z
waypoint-transit,Waypoint Transit,Winter 2025,No evidence found,,,,,,,,,,,,,,,,,,Checked: no post-YC Form D matching the founders; no funding statement on website (1 pages) or YC page. LinkedIn/X/Crunchbase need a logged-in browser.,2026-09-30T20:05:27Z
bystreet,Bystreet,Winter 2025,No evidence found,,,,,,,,,,,,,,,,,,Checked: no post-YC Form D matching the founders; no funding statement on website (1 pages) or YC page. LinkedIn/X/Crunchbase need a logged-in browser.,2026-09-30T20:05:25Z
agentin-ai,Agentin AI,Winter 2025,No evidence found,,,,,,,,,,,,,,,,,,Checked: no post-YC Form D matching the founders; no funding statement on website (3 pages) or YC page. LinkedIn/X/Crunchbase need a logged-in browser.,2026-09-30T20:05:28Z
rejot,ReJot,Winter 2025,No evidence found,,,,,,,,,,,,,,,,,,Checked: no post-YC Form D matching the founders; no funding statement on website (3 pages) or YC page. LinkedIn/X/Crunchbase need a logged-in browser. National register for NL not checked.,2026-09-30T20:05:27Z
general-trajectory,General Trajectory,Winter 2025,No evidence found,,,,,,,,,,,,,,,,,,Checked: no post-YC Form D matching the founders; no funding statement on website (10 pages) or YC page. LinkedIn/X/Crunchbase need a logged-in browser.,2026-09-30T20:05:27Z
solidroad,Solidroad,Winter 2025,Yes,31952560,Series A (Equity per Form D),2026-03-16,Hedosophia,1,SEC Form D,https://www.sec.gov/Archives/edgar/data/2126127/000212612726000001/primary_doc.xml,totalAmountSold: 31952560; totalOfferingAmount: 34977546; dateOfFirstSale: 2026-03-16,0002126127,0002126127-26-000001,31952560,34977546,2026-03-16,Equity; SecurityToBeAcquired,43,SOLIDROAD INC.,High,"Form D clarification: Total amount sold includes $7,791,961.68 of converted indebtedness. Tier 2 source states $25M (https://solidroad.com/careers); Form D figure kept.",2026-09-30T20:05:28Z
trata,Trata,Winter 2025,No evidence found,,,,,,,,,,,,,,,,,,Checked: no post-YC Form D matching the founders; no funding statement on website (2 pages) or YC page. LinkedIn/X/Crunchbase need a logged-in browser.,2026-09-30T20:05:53Z
candor,Candor,Winter 2025,No evidence found,,,,,,,,,,,,,,,,,,Checked: no post-YC Form D matching the founders; no funding statement on website (0 pages) or YC page. LinkedIn/X/Crunchbase need a logged-in browser.,2026-09-30T20:05:30Z
lucidic-ai,Lucidic AI,Winter 2025,No evidence found,,,,,,,,,,,,,,,,,,Checked: no post-YC Form D matching the founders; no funding statement on website (2 pages) or YC page. LinkedIn/X/Crunchbase need a logged-in browser.,2026-09-30T20:05:31Z
mundo-ai,Mundo AI,Winter 2025,Unclear,,,,,5,"Tracxn (lead only, from input)",,,,,,,,,,,Low,"Tracxn lead total $24,500,000; not confirmed by a higher-tier source. Checked: no post-YC Form D matching the founders; no funding statement on website (2 pages) or YC page. LinkedIn/X/Crunchbase need a logged-in browser. National register for CA not checked.",2026-09-30T20:05:31Z
g-lnk,G LNK,Winter 2025,No evidence found,,,,,,,,,,,,,,,,,,Checked: no post-YC Form D matching the founders; no funding statement on website (1 pages) or YC page. LinkedIn/X/Crunchbase need a logged-in browser.,2026-09-30T20:05:33Z
liquid-compute,Liquid Compute,Winter 2025,Yes,15000000,Seed,,Chemistry and Firstmark.,2,YC company/launch page,https://www.ycombinator.com/companies/liquid-compute,"Commoditizes Intelligence Today, Liquid Compute emerges from stealth with a $15 million seed round co-led by Chemistry and Firstmark.",,,,,,,,,High,Round date not stated on the source page; assumed post-YC because it is presented as current news. No matching post-YC Form D found.,2026-09-30T20:05:34Z
athenahq,AthenaHQ,Winter 2025,Unclear,,,,,5,"Tracxn (lead only, from input)",,,,,,,,,,,Low,"Tracxn lead total $2,700,000; not confirmed by a higher-tier source. Checked: no post-YC Form D matching the founders; no funding statement on website (6 pages) or YC page. LinkedIn/X/Crunchbase need a logged-in browser.",2026-09-30T20:05:41Z
lopus,Lopus,Winter 2025,No evidence found,,,,,,,,,,,,,,,,,,Checked: no post-YC Form D matching the founders; no funding statement on website (1 pages) or YC page. LinkedIn/X/Crunchbase need a logged-in browser.,2026-09-30T20:05:34Z
cenote,Cenote,Winter 2025,No evidence found,,,,,,,,,,,,,,,,,,Checked: no post-YC Form D matching the founders; no funding statement on website (10 pages) or YC page. LinkedIn/X/Crunchbase need a logged-in browser.,2026-09-30T20:05:37Z
harbera,Harbera,Winter 2025,No evidence found,,,,,,,,,,,,,,,,,,Checked: no post-YC Form D matching the founders; no funding statement on website (2 pages) or YC page. LinkedIn/X/Crunchbase need a logged-in browser.,2026-09-30T20:05:36Z
stillwind,Stillwind,Winter 2025,No evidence found,,,,,,,,,,,,,,,,,,Checked: no post-YC Form D matching the founders; no funding statement on website (5 pages) or YC page. LinkedIn/X/Crunchbase need a logged-in browser. National register for CH not checked.,2026-09-30T20:05:42Z
bindwell,Bindwell,Winter 2025,Yes,6000000,,,,2,Company website,https://bindwell.ai/en-us,Defeating pests with AI Bindwell raises $6M Introducing APPT .,,,,,,,,,High,Round date not stated on the source page; assumed post-YC because it is presented as current news. No matching post-YC Form D found.,2026-09-30T20:06:34Z
pickle-2,Pickle,Winter 2025,No evidence found,,,,,,,,,,,,,,,,,,Checked: no post-YC Form D matching the founders; no funding statement on website (10 pages) or YC page. LinkedIn/X/Crunchbase need a logged-in browser.,2026-09-30T20:05:38Z
lucid,Lucid,Winter 2025,No evidence found,,,,,,,,,,,,,,,,,,Checked: no post-YC Form D matching the founders; no funding statement on website (0 pages) or YC page. LinkedIn/X/Crunchbase need a logged-in browser.,2026-09-30T20:06:14Z
macadamia,Macadamia,Winter 2025,No evidence found,,,,,,,,,,,,,,,,,,Checked: no post-YC Form D matching the founders; no funding statement on website (1 pages) or YC page. LinkedIn/X/Crunchbase need a logged-in browser. National register for BE not checked.,2026-09-30T20:05:40Z
asteroid,Asteroid,Winter 2025,Unclear,,,,,5,"Tracxn (lead only, from input)",,,,,,,,,,,Low,"Tracxn lead total $750,000; not confirmed by a higher-tier source. Checked: no post-YC Form D matching the founders; no funding statement on website (5 pages) or YC page. LinkedIn/X/Crunchbase need a logged-in browser.",2026-09-30T20:05:42Z
gale,Gale,Winter 2025,Unclear,,,,,5,"Tracxn (lead only, from input)",,,,,,,,,,,Low,"Tracxn lead total $2,700,000; not confirmed by a higher-tier source. Checked: no post-YC Form D matching the founders; no funding statement on website (0 pages) or YC page. LinkedIn/X/Crunchbase need a logged-in browser.",2026-09-30T20:05:43Z
pave-robotics,Pave Robotics,Winter 2025,No evidence found,,,,,,,,,,,,,,,,,,Checked: no post-YC Form D matching the founders; no funding statement on website (10 pages) or YC page. LinkedIn/X/Crunchbase need a logged-in browser.,2026-09-30T20:05:47Z
pax-markets,PAX Markets,Winter 2025,No evidence found,,,,,,,,,,,,,,,,,,Checked: no post-YC Form D matching the founders; no funding statement on website (2 pages) or YC page. LinkedIn/X/Crunchbase need a logged-in browser.,2026-09-30T20:05:50Z
olive,Olive,Winter 2025,Yes,2100000,Seed,,,2,Company website,https://fromolive.com,🫒 We‘ve raised a $2.1M seed round learn more >> .,,,,,,,,,High,Round date not stated on the source page; assumed post-YC because it is presented as current news. No matching post-YC Form D found.,2026-09-30T20:05:46Z
hud,HUD,Winter 2025,No evidence found,,,,,,,,,,,,,,,,,,Checked: no post-YC Form D matching the founders; no funding statement on website (0 pages) or YC page. LinkedIn/X/Crunchbase need a logged-in browser.,2026-09-30T20:05:46Z
finbar,finbar,Winter 2025,No evidence found,,,,,,,,,,,,,,,,,,Checked: no post-YC Form D matching the founders; no funding statement on website (3 pages) or YC page. LinkedIn/X/Crunchbase need a logged-in browser.,2026-09-30T20:05:48Z
cuckoo-labs,Cuckoo Labs,Winter 2025,No evidence found,,,,,,,,,,,,,,,,,,Checked: no post-YC Form D matching the founders; no funding statement on website (4 pages) or YC page. LinkedIn/X/Crunchbase need a logged-in browser. National register for KR not checked.,2026-09-30T20:05:50Z
mecha-health,Mecha Health,Winter 2025,Yes,4100000,Seed,2025-11-03,,2,Company website,https://www.mecha-health.ai/blog/Mecha-raises-seed,Mecha Health Raises $4.1M Seed Round,,,,,,,,,High,No matching post-YC Form D found.,2026-09-30T20:05:49Z
10x,10x,Winter 2025,No evidence found,,,,,,,,,,,,,,,,,,Checked: no post-YC Form D matching the founders; no funding statement on website (2 pages) or YC page. LinkedIn/X/Crunchbase need a logged-in browser.,2026-09-30T20:05:50Z
healthkey,HealthKey,Winter 2025,No evidence found,,,,,,,,,,,,,,,,,,Checked: no post-YC Form D matching the founders; no funding statement on website (3 pages) or YC page. LinkedIn/X/Crunchbase need a logged-in browser.,2026-09-30T20:05:52Z
operand,Operand,Winter 2025,No evidence found,,,,,,,,,,,,,,,,,,Checked: no post-YC Form D matching the founders; no funding statement on website (10 pages) or YC page. LinkedIn/X/Crunchbase need a logged-in browser.,2026-09-30T20:05:52Z
osmosis,Osmosis,Winter 2025,No evidence found,,,,,,,,,,,,,,,,,,Checked: no post-YC Form D matching the founders; no funding statement on website (4 pages) or YC page. LinkedIn/X/Crunchbase need a logged-in browser.,2026-09-30T20:05:53Z
swerve,Swerve,Winter 2025,No evidence found,,,,,,,,,,,,,,,,,,Checked: no post-YC Form D matching the founders; no funding statement on website (2 pages) or YC page. LinkedIn/X/Crunchbase need a logged-in browser.,2026-09-30T20:05:52Z
cifrato,Cifrato,Winter 2025,Unclear,,,,,5,"Tracxn (lead only, from input)",,,,,,,,,,,Low,"Tracxn lead total $1,000,000; not confirmed by a higher-tier source. Checked: no post-YC Form D matching the founders; no funding statement on website (2 pages) or YC page. LinkedIn/X/Crunchbase need a logged-in browser. National register for CO not checked.",2026-09-30T20:05:57Z
oki,Oki,Winter 2025,No evidence found,,,,,,,,,,,,,,,,,,Checked: no post-YC Form D matching the founders; no funding statement on website (1 pages) or YC page. LinkedIn/X/Crunchbase need a logged-in browser.,2026-09-30T20:06:14Z
bezel,Bezel,Winter 2025,No evidence found,,,,,,,,,,,,,,,,,,Checked: no post-YC Form D matching the founders; no funding statement on website (1 pages) or YC page. LinkedIn/X/Crunchbase need a logged-in browser.,2026-09-30T20:05:54Z
cardamon,Cardamon,Winter 2025,No evidence found,,,,,,,,,,,,,,,,,,Checked: no post-YC Form D matching the founders; no funding statement on website (9 pages) or YC page. LinkedIn/X/Crunchbase need a logged-in browser. Companies House CARDAMON LTD (16183595): no SH01 allotments listed.,2026-09-30T20:06:03Z
amby-health,Amby Health,Winter 2025,No evidence found,,,,,,,,,,,,,,,,,,Checked: no post-YC Form D matching the founders; no funding statement on website (1 pages) or YC page. LinkedIn/X/Crunchbase need a logged-in browser.,2026-09-30T20:06:45Z
trim,Trim,Winter 2025,No evidence found,,,,,,,,,,,,,,,,,,Checked: no post-YC Form D matching the founders; no funding statement on website (2 pages) or YC page. LinkedIn/X/Crunchbase need a logged-in browser.,2026-09-30T20:06:02Z
tergle,Tergle,Winter 2025,No evidence found,,,,,,,,,,,,,,,,,,Checked: no post-YC Form D matching the founders; no funding statement on website (1 pages) or YC page. LinkedIn/X/Crunchbase need a logged-in browser.,2026-09-30T20:05:56Z
rally-3,Rally,Winter 2025,No evidence found,,,,,,,,,,,,,,,,,,Checked: no post-YC Form D matching the founders; no funding statement on website (0 pages) or YC page. LinkedIn/X/Crunchbase need a logged-in browser. National register for DE not checked.,2026-09-30T20:05:56Z
adam,Adam,Winter 2025,Yes,4100000,Seed,,TQ Ventures.,2,Company website,https://adam.new/blog,"Announcing Adam’s $4.1m seed round, led by TQ Ventures.",,,,,,,,,High,Round date not stated on the source page; assumed post-YC because it is presented as current news. No matching post-YC Form D found.,2026-09-30T20:06:07Z
inversion-semiconductor,Inversion Semiconductor,Winter 2025,Unclear,,,,,5,"Tracxn (lead only, from input)",,,,,,,,,,,Low,"Tracxn lead total $750,000; not confirmed by a higher-tier source. Checked: no post-YC Form D matching the founders; no funding statement on website (1 pages) or YC page. LinkedIn/X/Crunchbase need a logged-in browser.",2026-09-30T20:05:58Z
carecycle,careCycle,Winter 2025,No evidence found,,,,,,,,,,,,,,,,,,Checked: no post-YC Form D matching the founders; no funding statement on website (4 pages) or YC page. LinkedIn/X/Crunchbase need a logged-in browser.,2026-09-30T20:06:59Z
deployparagon,Paragon,Winter 2025,No evidence found,,,,,,,,,,,,,,,,,,Checked: no post-YC Form D matching the founders; no funding statement on website (3 pages) or YC page. LinkedIn/X/Crunchbase need a logged-in browser.,2026-09-30T20:06:00Z
salespatriot,SalesPatriot,Winter 2025,Yes,5000000,,2025-10-28,,2,Company website,https://salespatriot.com/blog/5-million-seed-funding,We've raised $5M and we're hiring,,,,,,,,,High,No matching post-YC Form D found.,2026-09-30T20:06:04Z
maive,Maive,Winter 2025,No evidence found,,,,,,,,,,,,,,,,,,Checked: no post-YC Form D matching the founders; no funding statement on website (0 pages) or YC page. LinkedIn/X/Crunchbase need a logged-in browser.,2026-09-30T20:06:25Z
weave-3,Weave,Winter 2025,Yes,13500000,,2026-07-28,,4,Press (linked from YC company page),https://www.businessinsider.com/weave-funding-tokenmaxxing-startup-y-combinator-ai-coding-spend-developers-2026-7,A YC Startup That Wants to Kill Tokenmaxxing Just Raised $13.5 Million - Business Insider,,,,,,,,,Medium,"Unverified Form D by same-named person: Spyglass - 610 West Holdings, LLC 0000950138-25-000001 sold 48200000 (first sale 2025-01-07, New York); likely a different person. Unverified Form D by same-named person: Spyglass - Decatur East Holdings, LLC 0000950138-25-000013 sold 48490000 (first sale 2025-06-13, New York); likely a different person. No matching post-YC Form D found.",2026-09-30T20:06:04Z
caseflood-ai,Caseflood.ai,Winter 2025,Unclear,,,,,5,"Tracxn (lead only, from input)",,,,,,,,,,,Low,"Tracxn lead total $3,700,000; not confirmed by a higher-tier source. Checked: no post-YC Form D matching the founders; no funding statement on website (2 pages) or YC page. LinkedIn/X/Crunchbase need a logged-in browser.",2026-09-30T20:06:22Z
elip-ai,Elip AI,Winter 2025,No evidence found,,,,,,,,,,,,,,,,,,Checked: no post-YC Form D matching the founders; no funding statement on website (3 pages) or YC page. LinkedIn/X/Crunchbase need a logged-in browser.,2026-09-30T20:06:10Z
trava,Trava,Winter 2025,No evidence found,,,,,,,,,,,,,,,,,,Checked: no post-YC Form D matching the founders; no funding statement on website (1 pages) or YC page. LinkedIn/X/Crunchbase need a logged-in browser.,2026-09-30T20:06:07Z
maritime-fusion,Maritime Fusion,Winter 2025,Yes,4500000,,,,2,Company website,https://www.maritimefusion.com/blog,"Y Combinator-backed Maritime Fusion Raises $4.5M From Trucks VC, Paul Graham.",,,,,,,,,High,Round date not stated on the source page; assumed post-YC because it is presented as current news. No matching post-YC Form D found.,2026-09-30T20:06:13Z
a0-dev,a0.dev,Winter 2025,No evidence found,,,,,,,,,,,,,,,,,,Checked: no post-YC Form D matching the founders; no funding statement on website (2 pages) or YC page. LinkedIn/X/Crunchbase need a logged-in browser.,2026-09-30T20:06:41Z
a1zap-by-a1base,A1Zap by A1Base,Winter 2025,No evidence found,,,,,,,,,,,,,,,,,,Checked: no post-YC Form D matching the founders; no funding statement on website (10 pages) or YC page. LinkedIn/X/Crunchbase need a logged-in browser.,2026-09-30T20:06:13Z
verbiflow,Verbiflow,Winter 2025,No evidence found,,,,,,,,,,,,,,,,,,Checked: no post-YC Form D matching the founders; no funding statement on website (5 pages) or YC page. LinkedIn/X/Crunchbase need a logged-in browser.,2026-09-30T20:06:13Z
toothy-ai,Toothy AI,Winter 2025,No evidence found,,,,,,,,,,,,,,,,,,Checked: no post-YC Form D matching the founders; no funding statement on website (10 pages) or YC page. LinkedIn/X/Crunchbase need a logged-in browser.,2026-09-30T20:06:20Z
rocketable,Rocketable,Winter 2025,No evidence found,,,,,,,,,,,,,,,,,,Checked: no post-YC Form D matching the founders; no funding statement on website (10 pages) or YC page. LinkedIn/X/Crunchbase need a logged-in browser.,2026-09-30T20:06:17Z
contrario,Contrario,Winter 2025,Unclear,,,,,5,"Tracxn (lead only, from input)",,,,,,,,,,,Low,"Tracxn lead total $2,800,000; not confirmed by a higher-tier source. Checked: no post-YC Form D matching the founders; no funding statement on website (4 pages) or YC page. LinkedIn/X/Crunchbase need a logged-in browser.",2026-09-30T20:06:22Z
ovlo,Ovlo,Winter 2025,No evidence found,,,,,,,,,,,,,,,,,,Checked: no post-YC Form D matching the founders; no funding statement on website (10 pages) or YC page. LinkedIn/X/Crunchbase need a logged-in browser. National register for AE not checked.,2026-09-30T20:06:18Z
dexto,Dexto,Winter 2025,No evidence found,,,,,,,,,,,,,,,,,,Checked: no post-YC Form D matching the founders; no funding statement on website (11 pages) or YC page. LinkedIn/X/Crunchbase need a logged-in browser.,2026-09-30T20:06:19Z
superglue,superglue,Winter 2025,No evidence found,,,,,,,,,,,,,,,,,,Checked: no post-YC Form D matching the founders; no funding statement on website (5 pages) or YC page. LinkedIn/X/Crunchbase need a logged-in browser. National register for DE not checked.,2026-09-30T20:06:26Z
conntour,Conntour,Winter 2025,Unclear,,,,,5,"Tracxn (lead only, from input)",,,,,,,,,,,Low,"Tracxn lead total $7,500,000; not confirmed by a higher-tier source. Checked: no post-YC Form D matching the founders; no funding statement on website (10 pages) or YC page. LinkedIn/X/Crunchbase need a logged-in browser. National register for IL not checked.",2026-09-30T20:06:23Z
closure,Closure,Winter 2025,No evidence found,,,,,,,,,,,,,,,,,,Checked: no post-YC Form D matching the founders; no funding statement on website (5 pages) or YC page. LinkedIn/X/Crunchbase need a logged-in browser.,2026-09-30T20:06:30Z
promptless,Promptless,Winter 2025,No evidence found,,,,,,,,,,,,,,,,,,Checked: no post-YC Form D matching the founders; no funding statement on website (3 pages) or YC page. LinkedIn/X/Crunchbase need a logged-in browser.,2026-09-30T20:06:25Z
scout-4,Scout,Winter 2025,No evidence found,,,,,,,,,,,,,,,,,,Checked: no post-YC Form D matching the founders; no funding statement on website (1 pages) or YC page. LinkedIn/X/Crunchbase need a logged-in browser.,2026-09-30T20:06:26Z
subtrace,Subtrace,Winter 2025,No evidence found,,,,,,,,,,,,,,,,,,Checked: no post-YC Form D matching the founders; no funding statement on website (2 pages) or YC page. LinkedIn/X/Crunchbase need a logged-in browser.,2026-09-30T20:06:27Z
vocality-health,Vocality Health,Winter 2025,No evidence found,,,,,,,,,,,,,,,,,,Checked: no post-YC Form D matching the founders; no funding statement on website (1 pages) or YC page. LinkedIn/X/Crunchbase need a logged-in browser.,2026-09-30T20:06:28Z
astro,Astro,Winter 2025,No evidence found,,,,,,,,,,,,,,,,,,Checked: no post-YC Form D matching the founders; no funding statement on website (10 pages) or YC page. LinkedIn/X/Crunchbase need a logged-in browser.,2026-09-30T20:06:33Z
dartboard,Dartboard,Winter 2025,No evidence found,,,,,,,,,,,,,,,,,,Checked: no post-YC Form D matching the founders; no funding statement on website (1 pages) or YC page. LinkedIn/X/Crunchbase need a logged-in browser.,2026-09-30T20:06:40Z
karoo,Karoo,Winter 2025,No evidence found,,,,,,,,,,,,,,,,,,Checked: no post-YC Form D matching the founders; no funding statement on website (2 pages) or YC page. LinkedIn/X/Crunchbase need a logged-in browser. National register for CA not checked.,2026-09-30T20:06:29Z
awen,awen,Winter 2025,No evidence found,,,,,,,,,,,,,,,,,,Checked: no post-YC Form D matching the founders; no funding statement on website (9 pages) or YC page. LinkedIn/X/Crunchbase need a logged-in browser. National register for FR not checked.,2026-09-30T20:06:34Z
dotwave,.Wave,Winter 2025,No evidence found,,,,,,,,,,,,,,,,,,Checked: no post-YC Form D matching the founders; no funding statement on website (1 pages) or YC page. LinkedIn/X/Crunchbase need a logged-in browser. National register for FR not checked.,2026-09-30T20:06:34Z
alice-tech,Alice.tech,Winter 2025,Yes,4800000,,2025-05-07,,4,Press (linked from YC company page),https://www.businessinsider.com/pitch-deck-alice-tech-funding-ai-edtech-2025-5,Pitch Deck: Alice.Tech Raises $4.8 Million for AI Edtech Platform - Business Insider,,,,,,,,,Medium,No matching post-YC Form D found.,2026-09-30T20:06:41Z
stamp,Stamp,Winter 2025,No evidence found,,,,,,,,,,,,,,,,,,Checked: no post-YC Form D matching the founders; no funding statement on website (2 pages) or YC page. LinkedIn/X/Crunchbase need a logged-in browser.,2026-09-30T20:06:33Z
splash-inc,Splash Inc.,Winter 2025,No evidence found,,,,,,,,,,,,,,,,,,Checked: no post-YC Form D matching the founders; no funding statement on website (1 pages) or YC page. LinkedIn/X/Crunchbase need a logged-in browser.,2026-09-30T20:06:34Z
bud,Bud,Winter 2025,No evidence found,,,,,,,,,,,,,,,,,,Checked: no post-YC Form D matching the founders; no funding statement on website (0 pages) or YC page. LinkedIn/X/Crunchbase need a logged-in browser.,2026-09-30T20:06:48Z
axiom,Axiom,Winter 2025,No evidence found,,,,,,,,,,,,,,,,,,Checked: no post-YC Form D matching the founders; no funding statement on website (0 pages) or YC page. LinkedIn/X/Crunchbase need a logged-in browser.,2026-09-30T20:06:36Z
steinmetz,Steinmetz,Winter 2025,No evidence found,,,,,,,,,,,,,,,,,,Checked: no post-YC Form D matching the founders; no funding statement on website (4 pages) or YC page. LinkedIn/X/Crunchbase need a logged-in browser.,2026-09-30T20:06:37Z
subimage,SubImage,Winter 2025,Yes,4200000,,2025-10-21,,2,Company website,https://www.subimage.io/blog/funding/,We've raised $4.2M,,,,,,,,,High,No matching post-YC Form D found.,2026-09-30T20:06:43Z
hey-telo,Hey Telo,Winter 2025,No evidence found,,,,,,,,,,,,,,,,,,Checked: no post-YC Form D matching the founders; no funding statement on website (2 pages) or YC page. LinkedIn/X/Crunchbase need a logged-in browser. National register for DE not checked.,2026-09-30T20:06:39Z
praxim,Praxim,Winter 2025,No evidence found,,,,,,,,,,,,,,,,,,Checked: no post-YC Form D matching the founders; no funding statement on website (1 pages) or YC page. LinkedIn/X/Crunchbase need a logged-in browser.,2026-09-30T20:06:54Z
excellence-learning,Excellence Learning,Winter 2025,No evidence found,,,,,,,,,,,,,,,,,,Checked: no post-YC Form D matching the founders; no funding statement on website (1 pages) or YC page. LinkedIn/X/Crunchbase need a logged-in browser.,2026-09-30T20:06:39Z
tweeksio,Tweeks.io,Winter 2025,No evidence found,,,,,,,,,,,,,,,,,,Checked: no post-YC Form D matching the founders; no funding statement on website (8 pages) or YC page. LinkedIn/X/Crunchbase need a logged-in browser.,2026-09-30T20:07:04Z
flowtel,Flowtel,Winter 2025,No evidence found,,,,,,,,,,,,,,,,,,Checked: no post-YC Form D matching the founders; no funding statement on website (10 pages) or YC page. LinkedIn/X/Crunchbase need a logged-in browser.,2026-09-30T20:06:45Z
leaping-ai,Leaping AI,Winter 2025,Yes,4700000,,2025-08-20,,4,Press (linked from YC company page),https://www.businessinsider.com/leaping-ai-raised-millions-silicon-valley-struggled-in-germany-2025-8,"Leaping AI Raised $4.7 Million in Silicon Valley, Struggled in Germany - Business Insider",,,,,,,,,Medium,No matching post-YC Form D found.,2026-09-30T20:06:45Z
vetnio,Vetnio,Winter 2025,No evidence found,,,,,,,,,,,,,,,,,,Checked: no post-YC Form D matching the founders; no funding statement on website (4 pages) or YC page. LinkedIn/X/Crunchbase need a logged-in browser. National register for SE not checked.,2026-09-30T20:06:53Z
bild-ai,Bild AI,Winter 2025,Yes,3100000,,2025-07-03,,4,Press (linked from YC company page),https://www.businessinsider.com/ai-startup-bild-3-million-seed-affordable-housing-2025-6,AI Startup Bild Raises $3.1 Million for More Affordable Housing - Business Insider,,,,,,,,,Medium,No matching post-YC Form D found.,2026-09-30T20:06:46Z
outship,Outship,Winter 2025,No evidence found,,,,,,,,,,,,,,,,,,"Unverified Form D by same-named person: Stride Development Public Benefit Corp 0002091703-25-000001 sold 613 (first sale 2025-09-30, Fargo); likely a different person. Checked: no post-YC Form D matching the founders; no funding statement on website (1 pages) or YC page. LinkedIn/X/Crunchbase need a logged-in browser.",2026-09-30T20:06:45Z
revise-robotics,Revise Robotics,Winter 2025,Yes,3617975,Equity (per Form D; stage not stated),2025-02-21,,1,SEC Form D,https://www.sec.gov/Archives/edgar/data/2069529/000206952925000001/primary_doc.xml,totalAmountSold: 3617975; totalOfferingAmount: 3617975; dateOfFirstSale: 2025-02-21,0002069529,0002069529-25-000001,3617975,3617975,2025-02-21,Equity; OptionToAcquire; SecurityToBeAcquired,34,"Revise Robotics, Inc.",High,"First sale is close to batch start, so the Form D total may include YC's $500K.",2026-09-30T20:06:46Z
enhanced-radar,Enhanced Radar,Winter 2025,Yes,7000000,,,,2,Company website,https://www.enhancedradar.com,Enhanced Radar Raises $7 Million To Accelerate Growth.,,,,,,,,,High,Round date not stated on the source page; assumed post-YC because it is presented as current news. No matching post-YC Form D found.,2026-09-30T20:06:47Z
edexia,Edexia,Winter 2025,No evidence found,,,,,,,,,,,,,,,,,,Checked: no post-YC Form D matching the founders; no funding statement on website (2 pages) or YC page. LinkedIn/X/Crunchbase need a logged-in browser. National register for AU not checked.,2026-09-30T20:07:24Z
quantstruct,Quantstruct,Winter 2025,No evidence found,,,,,,,,,,,,,,,,,,Checked: no post-YC Form D matching the founders; no funding statement on website (1 pages) or YC page. LinkedIn/X/Crunchbase need a logged-in browser.,2026-09-30T20:06:49Z
invo,Invo,Winter 2025,No evidence found,,,,,,,,,,,,,,,,,,Checked: no post-YC Form D matching the founders; no funding statement on website (1 pages) or YC page. LinkedIn/X/Crunchbase need a logged-in browser.,2026-09-30T20:06:49Z
onlook,Onlook,Winter 2025,No evidence found,,,,,,,,,,,,,,,,,,Checked: no post-YC Form D matching the founders; no funding statement on website (1 pages) or YC page. LinkedIn/X/Crunchbase need a logged-in browser.,2026-09-30T20:07:33Z
delineate,Delineate,Winter 2025,No evidence found,,,,,,,,,,,,,,,,,,Checked: no post-YC Form D matching the founders; no funding statement on website (1 pages) or YC page. LinkedIn/X/Crunchbase need a logged-in browser.,2026-09-30T20:06:54Z
exin-therapeutics,Exin Therapeutics,Winter 2025,Yes,2162300,OptionToAcquire; SecurityToBeAcquired (per Form D; stage not stated),2024-11-18,,1,SEC Form D,https://www.sec.gov/Archives/edgar/data/2109179/000210917926000001/primary_doc.xml,totalAmountSold: 2162300; totalOfferingAmount: 2162300; dateOfFirstSale: 2024-11-18,0002109179,0002109179-26-000001,2162300,2162300,2024-11-18,OptionToAcquire; SecurityToBeAcquired,28,"Exin Therapeutics, Inc.",High,"First sale is close to batch start, so the Form D total may include YC's $500K.",2026-09-30T20:06:51Z
uncommon-therapeutics,Uncommon Therapeutics,Winter 2025,No evidence found,,,,,,,,,,,,,,,,,,Checked: no post-YC Form D matching the founders; no funding statement on website (1 pages) or YC page. LinkedIn/X/Crunchbase need a logged-in browser.,2026-09-30T20:06:55Z
youshift,YouShift,Winter 2025,No evidence found,,,,,,,,,,,,,,,,,,Checked: no post-YC Form D matching the founders; no funding statement on website (2 pages) or YC page. LinkedIn/X/Crunchbase need a logged-in browser.,2026-09-30T20:06:59Z
overstand-labs,Overstand Labs,Winter 2025,Unclear,,,,,5,"Tracxn (lead only, from input)",,,,,,,,,,,Low,"Tracxn lead total $1,000,000; not confirmed by a higher-tier source. Checked: no post-YC Form D matching the founders; no funding statement on website (2 pages) or YC page. LinkedIn/X/Crunchbase need a logged-in browser.",2026-09-30T20:07:32Z
tensorpool,TensorPool,Winter 2025,No evidence found,,,,,,,,,,,,,,,,,,Checked: no post-YC Form D matching the founders; no funding statement on website (2 pages) or YC page. LinkedIn/X/Crunchbase need a logged-in browser.,2026-09-30T20:06:53Z
zeroentropy,ZeroEntropy,Winter 2025,Yes,4200000,Seed,,,2,Company website,https://www.zeroentropy.dev/articles/zeroentropy-raises-4-2m-seed-round-to-make-ai-retrieval-truly-intelligent/,"This funding brings our total raised capital to approximately $4.4M, empowering us to accelerate our mission to revolutionize how AI retrieves and understands information.",,,,,,,,,High,Manual review: $4.2M seed round (URL slug and announcement); site says total raised is about $4.4M.,2026-09-30T20:07:02Z
egress-health,Egress Health,Winter 2025,No evidence found,,,,,,,,,,,,,,,,,,Checked: no post-YC Form D matching the founders; no funding statement on website (0 pages) or YC page. LinkedIn/X/Crunchbase need a logged-in browser.,2026-09-30T20:07:02Z
altrina,Altrina,Winter 2025,No evidence found,,,,,,,,,,,,,,,,,,Checked: no post-YC Form D matching the founders; no funding statement on website (1 pages) or YC page. LinkedIn/X/Crunchbase need a logged-in browser.,2026-09-30T20:07:21Z
sublingual,Sublingual,Winter 2025,No evidence found,,,,,,,,,,,,,,,,,,Checked: no post-YC Form D matching the founders; no funding statement on website (1 pages) or YC page. LinkedIn/X/Crunchbase need a logged-in browser.,2026-09-30T20:06:57Z
asha-health,Asha Health,Fall 2024,No evidence found,,,,,,,,,,,,,,,,,,Checked: no post-YC Form D matching the founders; no funding statement on website (1 pages) or YC page. LinkedIn/X/Crunchbase need a logged-in browser.,2026-09-30T20:07:01Z
apolink,Apolink,Fall 2024,Unclear,,,,,5,"Tracxn (lead only, from input)",,,,,,,,,,,Low,"Tracxn lead total $4,300,000; not confirmed by a higher-tier source. Checked: no post-YC Form D matching the founders; no funding statement on website (4 pages) or YC page. LinkedIn/X/Crunchbase need a logged-in browser.",2026-09-30T20:06:59Z
humanlayer,HumanLayer,Fall 2024,No evidence found,,,,,,,,,,,,,,,,,,Checked: no post-YC Form D matching the founders; no funding statement on website (1 pages) or YC page. LinkedIn/X/Crunchbase need a logged-in browser.,2026-09-30T20:07:09Z
loombotic,Loombotic,Fall 2024,No evidence found,,,,,,,,,,,,,,,,,,Checked: no post-YC Form D matching the founders; no funding statement on website (10 pages) or YC page. LinkedIn/X/Crunchbase need a logged-in browser. National register for CA not checked.,2026-09-30T20:07:04Z
roundabout-technologies,Roundabout Technologies,Fall 2024,No evidence found,,,,,,,,,,,,,,,,,,Checked: no post-YC Form D matching the founders; no funding statement on website (10 pages) or YC page. LinkedIn/X/Crunchbase need a logged-in browser.,2026-09-30T20:07:06Z
synth-3,Synth,Fall 2024,No evidence found,,,,,,,,,,,,,,,,,,Checked: no post-YC Form D matching the founders; no funding statement on website (11 pages) or YC page. LinkedIn/X/Crunchbase need a logged-in browser.,2026-09-30T20:07:07Z
careforce,Careforce,Fall 2024,No evidence found,,,,,,,,,,,,,,,,,,Checked: no post-YC Form D matching the founders; no funding statement on website (3 pages) or YC page. LinkedIn/X/Crunchbase need a logged-in browser.,2026-09-30T20:07:05Z
canvas,Canvas,Fall 2024,No evidence found,,,,,,,,,,,,,,,,,,Checked: no post-YC Form D matching the founders; no funding statement on website (3 pages) or YC page. LinkedIn/X/Crunchbase need a logged-in browser.,2026-09-30T20:07:06Z
ember,Ember,Fall 2024,Unclear,,,,,5,"Tracxn (lead only, from input)",,,,,,,,,,,Low,"Tracxn lead total $4,800,000; not confirmed by a higher-tier source. Checked: no post-YC Form D matching the founders; no funding statement on website (8 pages) or YC page. LinkedIn/X/Crunchbase need a logged-in browser.",2026-09-30T20:07:10Z
relvy-ai,Relvy AI,Fall 2024,No evidence found,,,,,,,,,,,,,,,,,,Checked: no post-YC Form D matching the founders; no funding statement on website (10 pages) or YC page. LinkedIn/X/Crunchbase need a logged-in browser.,2026-09-30T20:07:08Z
freestyle-ai,Freestyle,Fall 2024,Yes,2000000,,,,2,Company website,https://freestyle.ai/blog,We've raised $2M to free the world from email..,,,,,,,,,High,Round date not stated on the source page; assumed post-YC because it is presented as current news. No matching post-YC Form D found.,2026-09-30T20:07:52Z
laminar-com,Laminar,Fall 2024,Yes,7200000,,2025-08-20,,4,Press (linked from YC company page),https://techcrunch.com/2025/08/20/sre-ai-launches-to-automate-complex-enterprise-workflows/,Y Combinator alum SRE.ai raises $7.2M for DevOps AI agents | TechCrunch,,,,,,,,,Medium,Manual review: TechCrunch article linked from Laminar's YC page covers SRE.ai; Laminar appears to be the renamed SRE.ai. Verify the rename.,2026-09-30T20:07:16Z
ryvn,Ryvn,Fall 2024,No evidence found,,,,,,,,,,,,,,,,,,Checked: no post-YC Form D matching the founders; no funding statement on website (5 pages) or YC page. LinkedIn/X/Crunchbase need a logged-in browser.,2026-09-30T20:07:11Z
melder,Melder,Fall 2024,No evidence found,,,,,,,,,,,,,,,,,,Checked: no post-YC Form D matching the founders; no funding statement on website (2 pages) or YC page. LinkedIn/X/Crunchbase need a logged-in browser.,2026-09-30T20:07:11Z
vaya,Vaya,Fall 2024,No evidence found,,,,,,,,,,,,,,,,,,Checked: no post-YC Form D matching the founders; no funding statement on website (10 pages) or YC page. LinkedIn/X/Crunchbase need a logged-in browser.,2026-09-30T20:07:17Z
x1,x1,Fall 2024,No evidence found,,,,,,,,,,,,,,,,,,Checked: no post-YC Form D matching the founders; no funding statement on website (0 pages) or YC page. LinkedIn/X/Crunchbase need a logged-in browser.,2026-09-30T20:07:11Z
forerunner-ai,Forerunner AI,Fall 2024,No evidence found,,,,,,,,,,,,,,,,,,Checked: no post-YC Form D matching the founders; no funding statement on website (0 pages) or YC page. LinkedIn/X/Crunchbase need a logged-in browser.,2026-09-30T20:07:52Z
futureclinic,FutureClinic,Fall 2024,No evidence found,,,,,,,,,,,,,,,,,,Checked: no post-YC Form D matching the founders; no funding statement on website (3 pages) or YC page. LinkedIn/X/Crunchbase need a logged-in browser.,2026-09-30T20:07:22Z
struct-ai,Struct,Fall 2024,No evidence found,,,,,,,,,,,,,,,,,,Checked: no post-YC Form D matching the founders; no funding statement on website (3 pages) or YC page. LinkedIn/X/Crunchbase need a logged-in browser.,2026-09-30T20:07:15Z
surge,Surge,Fall 2024,No evidence found,,,,,,,,,,,,,,,,,,Checked: no post-YC Form D matching the founders; no funding statement on website (5 pages) or YC page. LinkedIn/X/Crunchbase need a logged-in browser.,2026-09-30T20:07:15Z
sunset,Sunset,Fall 2024,No evidence found,,,,,,,,,,,,,,,,,,Checked: no post-YC Form D matching the founders; no funding statement on website (8 pages) or YC page. LinkedIn/X/Crunchbase need a logged-in browser.,2026-09-30T20:07:18Z
archilabs,ArchiLabs,Fall 2024,No evidence found,,,,,,,,,,,,,,,,,,Checked: no post-YC Form D matching the founders; no funding statement on website (1 pages) or YC page. LinkedIn/X/Crunchbase need a logged-in browser.,2026-09-30T20:07:23Z
revi,Revi,Fall 2024,No evidence found,,,,,,,,,,,,,,,,,,Checked: no post-YC Form D matching the founders; no funding statement on website (1 pages) or YC page. LinkedIn/X/Crunchbase need a logged-in browser.,2026-09-30T20:07:19Z
metreecs,Metreecs,Fall 2024,Unclear,,,,,5,"Tracxn (lead only, from input)",,,,,,,,,,,Low,"Tracxn lead total $3,667,046; not confirmed by a higher-tier source. Checked: no post-YC Form D matching the founders; no funding statement on website (4 pages) or YC page. LinkedIn/X/Crunchbase need a logged-in browser. National register for FR not checked.",2026-09-30T20:07:21Z
diffusion-studio,Diffusion Studio,Fall 2024,No evidence found,,,,,,,,,,,,,,,,,,Checked: no post-YC Form D matching the founders; no funding statement on website (2 pages) or YC page. LinkedIn/X/Crunchbase need a logged-in browser. National register for DE not checked.,2026-09-30T20:07:20Z
kilvin,Kilvin,Fall 2024,No evidence found,,,,,,,,,,,,,,,,,,Checked: no post-YC Form D matching the founders; no funding statement on website (2 pages) or YC page. LinkedIn/X/Crunchbase need a logged-in browser.,2026-09-30T20:07:22Z
alex,Alex,Fall 2024,Unclear,,,,,5,"Tracxn (lead only, from input)",,,,,,,,,,,Low,"Tracxn lead total $20,000,000; not confirmed by a higher-tier source. Checked: no post-YC Form D matching the founders; no funding statement on website (5 pages) or YC page. LinkedIn/X/Crunchbase need a logged-in browser.",2026-09-30T20:07:30Z
innate,Innate,Fall 2024,No evidence found,,,,,,,,,,,,,,,,,,Checked: no post-YC Form D matching the founders; no funding statement on website (3 pages) or YC page. LinkedIn/X/Crunchbase need a logged-in browser.,2026-09-30T20:07:29Z
capy,Capy,Fall 2024,No evidence found,,,,,,,,,,,,,,,,,,Checked: no post-YC Form D matching the founders; no funding statement on website (9 pages) or YC page. LinkedIn/X/Crunchbase need a logged-in browser.,2026-09-30T20:07:27Z
consus,Consus,Fall 2024,No evidence found,,,,,,,,,,,,,,,,,,Checked: no post-YC Form D matching the founders; no funding statement on website (3 pages) or YC page. LinkedIn/X/Crunchbase need a logged-in browser.,2026-09-30T20:07:31Z
collectwise,CollectWise,Fall 2024,No evidence found,,,,,,,,,,,,,,,,,,Checked: no post-YC Form D matching the founders; no funding statement on website (1 pages) or YC page. LinkedIn/X/Crunchbase need a logged-in browser.,2026-09-30T20:07:29Z
origami-2,Origami,Fall 2024,Yes,2000000,Seed,2025-01-24,,4,Press (linked from YC company page),https://venturebeat.com/ai/y-combinators-hottest-startup-origami-agents-secures-2m-seed-round-to-supercharge-sales-teams-with-ai/,"Y Combinator’s hottest startup, Origami Agents, secures $2M seed round to supercharge sales teams with AI | VentureBeat",,,,,,,,,Medium,No matching post-YC Form D found.,2026-09-30T20:07:32Z
fresco,Fresco,Fall 2024,No evidence found,,,,,,,,,,,,,,,,,,Checked: no post-YC Form D matching the founders; no funding statement on website (1 pages) or YC page. LinkedIn/X/Crunchbase need a logged-in browser.,2026-09-30T20:07:32Z
permitportal,PermitPortal,Fall 2024,No evidence found,,,,,,,,,,,,,,,,,,Checked: no post-YC Form D matching the founders; no funding statement on website (8 pages) or YC page. LinkedIn/X/Crunchbase need a logged-in browser.,2026-09-30T20:08:12Z
gecko-security,Gecko Security,Fall 2024,No evidence found,,,,,,,,,,,,,,,,,,Checked: no post-YC Form D matching the founders; no funding statement on website (4 pages) or YC page. LinkedIn/X/Crunchbase need a logged-in browser. Companies House GECKO SECURITY UK LTD (16033676): no SH01 allotments listed.,2026-09-30T20:07:31Z
dexter,Dexter,Fall 2024,No evidence found,,,,,,,,,,,,,,,,,,Checked: no post-YC Form D matching the founders; no funding statement on website (0 pages) or YC page. LinkedIn/X/Crunchbase need a logged-in browser. National register for DE not checked.,2026-09-30T20:07:34Z
moonshine,Moonshine,Fall 2024,No evidence found,,,,,,,,,,,,,,,,,,Checked: no post-YC Form D matching the founders; no funding statement on website (1 pages) or YC page. LinkedIn/X/Crunchbase need a logged-in browser.,2026-09-30T20:08:08Z
abundant,Abundant,Fall 2024,No evidence found,,,,,,,,,,,,,,,,,,Checked: no post-YC Form D matching the founders; no funding statement on website (1 pages) or YC page. LinkedIn/X/Crunchbase need a logged-in browser.,2026-09-30T20:07:54Z
autocomputer,AutoComputer,Fall 2024,No evidence found,,,,,,,,,,,,,,,,,,Checked: no post-YC Form D matching the founders; no funding statement on website (0 pages) or YC page. LinkedIn/X/Crunchbase need a logged-in browser.,2026-09-30T20:07:34Z
crustdata,Crustdata,Fall 2024,Yes,6000000,Seed,2025-10-23,,2,Company website,https://crustdata.com/blog/crustdata-closes-6m-seed-round,Crustdata closes $6M seed round,,,,,,,,,High,No matching post-YC Form D found.,2026-09-30T20:07:36Z
tiny,Tiny,Fall 2024,No evidence found,,,,,,,,,,,,,,,,,,Checked: no post-YC Form D matching the founders; no funding statement on website (9 pages) or YC page. LinkedIn/X/Crunchbase need a logged-in browser. National register for SG not checked.,2026-09-30T20:07:59Z
vly-ai-2,vly.ai,Fall 2024,No evidence found,,,,,,,,,,,,,,,,,,Checked: no post-YC Form D matching the founders; no funding statement on website (2 pages) or YC page. LinkedIn/X/Crunchbase need a logged-in browser.,2026-09-30T20:07:59Z
pearson-labs,Pearson Labs,Fall 2024,No evidence found,,,,,,,,,,,,,,,,,,"Unverified Form D by same-named person: Retreat Development LLC 0002146848-26-000001 sold 0 (first sale yetToOccur, Lafayette); likely a different person. Checked: no post-YC Form D matching the founders; no funding statement on website (1 pages) or YC page. LinkedIn/X/Crunchbase need a logged-in browser.",2026-09-30T20:07:38Z
stewdio,Stewdio,Fall 2024,No evidence found,,,,,,,,,,,,,,,,,,Checked: no post-YC Form D matching the founders; no funding statement on website (1 pages) or YC page. LinkedIn/X/Crunchbase need a logged-in browser.,2026-09-30T20:07:39Z
beglaubigtde,Beglaubigt.de,Fall 2024,No evidence found,,,,,,,,,,,,,,,,,,Checked: no post-YC Form D matching the founders; no funding statement on website (3 pages) or YC page. LinkedIn/X/Crunchbase need a logged-in browser. National register for DE not checked.,2026-09-30T20:07:59Z
unusual,Unusual,Fall 2024,Unclear,,,,,5,"Tracxn (lead only, from input)",,,,,,,,,,,Low,"Tracxn lead total $4,100,000; not confirmed by a higher-tier source. Checked: no post-YC Form D matching the founders; no funding statement on website (6 pages) or YC page. LinkedIn/X/Crunchbase need a logged-in browser.",2026-09-30T20:07:42Z
withcharm,Charm,Fall 2024,No evidence found,,,,,,,,,,,,,,,,,,Checked: no post-YC Form D matching the founders; no funding statement on website (0 pages) or YC page. LinkedIn/X/Crunchbase need a logged-in browser.,2026-09-30T20:07:39Z
hybrd,HYBRD,Fall 2024,No evidence found,,,,,,,,,,,,,,,,,,Checked: no post-YC Form D matching the founders; no funding statement on website (2 pages) or YC page. LinkedIn/X/Crunchbase need a logged-in browser.,2026-09-30T20:08:02Z
freebuff,Freebuff,Fall 2024,No evidence found,,,,,,,,,,,,,,,,,,Checked: no post-YC Form D matching the founders; no funding statement on website (3 pages) or YC page. LinkedIn/X/Crunchbase need a logged-in browser.,2026-09-30T20:07:43Z
karmen,Karmen,Fall 2024,No evidence found,,,,,,,,,,,,,,,,,,Checked: no post-YC Form D matching the founders; no funding statement on website (1 pages) or YC page. LinkedIn/X/Crunchbase need a logged-in browser.,2026-09-30T20:07:48Z
lingodotdev,Lingo.dev,Fall 2024,Yes,4200000,,,,2,YC company/launch page,https://www.ycombinator.com/companies/lingodotdev,"Lingo.dev is SOC 2 Type II compliant, and has raised $4.2M from Y Combinator, Initialized Capital, and the founders of Supabase and Dependabot to",,,,,,,,,High,Round date not stated on the source page; assumed post-YC because it is presented as current news. No matching post-YC Form D found.,2026-09-30T20:08:03Z
sphinx,Sphinx,Fall 2024,Unclear,,,,,5,"Tracxn (lead only, from input)",,,,,,,,,,,Low,"Tracxn lead total $7,599,999; not confirmed by a higher-tier source. Checked: no post-YC Form D matching the founders; no funding statement on website (5 pages) or YC page. LinkedIn/X/Crunchbase need a logged-in browser.",2026-09-30T20:07:47Z
luthor,Luthor,Fall 2024,No evidence found,,,,,,,,,,,,,,,,,,Checked: no post-YC Form D matching the founders; no funding statement on website (3 pages) or YC page. LinkedIn/X/Crunchbase need a logged-in browser.,2026-09-30T20:07:55Z
keye,Keye,Fall 2024,Yes,5000000,,,,2,Company website,https://www.keye.co/blog,"We raised $5M from Sorenson Capital, General Catalyst, Y Combinator, and angels from Shopify and InVision to fix a problem we knew too well.",,,,,,,,,High,Round date not stated on the source page; assumed post-YC because it is presented as current news. No matching post-YC Form D found.,2026-09-30T20:07:54Z
riskcube,RiskCube,Fall 2024,No evidence found,,,,,,,,,,,,,,,,,,Checked: no post-YC Form D matching the founders; no funding statement on website (6 pages) or YC page. LinkedIn/X/Crunchbase need a logged-in browser.,2026-09-30T20:07:57Z
ctgt,CTGT,Fall 2024,Yes,8000000,Seed,,,2,YC company/launch page,https://www.ycombinator.com/companies/ctgt,"Backed by an $8M seed round from Gradient Ventures (Google), General Catalyst, and Y Combinator, CTGT is currently deployed with Fortune 500 companies, including",,,,,,,,,High,Round date not stated on the source page; assumed post-YC because it is presented as current news. Other stated figure: $7 Million (https://www.businessinsider.com/y-combinator-startup-ctgt-raises-seed-funding-round-gradient-ventures-2025-2). No matching post-YC Form D found.,2026-09-30T20:07:57Z
general-learning,General Learning,Fall 2024,Yes,3400000,,2025-03-14,,4,Press (linked from YC company page),https://www.revisiondojo.com/fundraise,RevisionDojo (formerly StudyDojo) raises $3.4M to supercharge AI-first learning | RevisionDojo,,,,,,,,,Medium,Manual review: RevisionDojo (formerly StudyDojo) announcement linked from General Learning's own site; General Learning appears to be the renamed company.,2026-09-30T20:08:02Z
issen,ISSEN,Fall 2024,No evidence found,,,,,,,,,,,,,,,,,,Checked: no post-YC Form D matching the founders; no funding statement on website (13 pages) or YC page. LinkedIn/X/Crunchbase need a logged-in browser.,2026-09-30T20:08:03Z
attimet,attimet,Fall 2024,No evidence found,,,,,,,,,,,,,,,,,,Checked: no post-YC Form D matching the founders; no funding statement on website (1 pages) or YC page. LinkedIn/X/Crunchbase need a logged-in browser.,2026-09-30T20:07:59Z
smooth,Smooth,Fall 2024,No evidence found,,,,,,,,,,,,,,,,,,Checked: no post-YC Form D matching the founders; no funding statement on website (0 pages) or YC page. LinkedIn/X/Crunchbase need a logged-in browser.,2026-09-30T20:09:03Z
reticular,Reticular,Fall 2024,No evidence found,,,,,,,,,,,,,,,,,,Checked: no post-YC Form D matching the founders; no funding statement on website (2 pages) or YC page. LinkedIn/X/Crunchbase need a logged-in browser.,2026-09-30T20:08:02Z
astrix-health,Matcha,Fall 2024,No evidence found,,,,,,,,,,,,,,,,,,Checked: no post-YC Form D matching the founders; no funding statement on website (0 pages) or YC page. LinkedIn/X/Crunchbase need a logged-in browser.,2026-09-30T20:08:02Z
endstack,Endstack,Fall 2024,No evidence found,,,,,,,,,,,,,,,,,,Checked: no post-YC Form D matching the founders; no funding statement on website (1 pages) or YC page. LinkedIn/X/Crunchbase need a logged-in browser.,2026-09-30T20:08:22Z
archil,Archil,Fall 2024,Yes,18000000,Series A,,Standard Capital,2,Company website,https://archil.com/about,"Backed by Archil has raised $18M in funding, including an $11M Series A led by Standard Capital, with backing from Felicis, Y Combinator, General",,,,,,,,,High,Round date not stated on the source page; assumed post-YC because it is presented as current news. No matching post-YC Form D found.,2026-09-30T20:08:53Z
sandra-ai,Sandra AI,Fall 2024,No evidence found,,,,,,,,,,,,,,,,,,Checked: no post-YC Form D matching the founders; no funding statement on website (4 pages) or YC page. LinkedIn/X/Crunchbase need a logged-in browser. National register for FR not checked.,2026-09-30T20:08:07Z
vespper,Vespper,Fall 2024,No evidence found,,,,,,,,,,,,,,,,,,Checked: no post-YC Form D matching the founders; no funding statement on website (9 pages) or YC page. LinkedIn/X/Crunchbase need a logged-in browser.,2026-09-30T20:08:31Z
vortexify,Vortexify,Fall 2024,No evidence found,,,,,,,,,,,,,,,,,,Checked: no post-YC Form D matching the founders; no funding statement on website (3 pages) or YC page. LinkedIn/X/Crunchbase need a logged-in browser.,2026-09-30T20:08:13Z
revyl,Revyl,Fall 2024,Unclear,,,,,5,"Tracxn (lead only, from input)",,,,,,,,,,,Low,"Tracxn lead total $1,600,000; not confirmed by a higher-tier source. Checked: no post-YC Form D matching the founders; no funding statement on website (10 pages) or YC page. LinkedIn/X/Crunchbase need a logged-in browser.",2026-09-30T20:08:10Z
raycaster,Raycaster,Fall 2024,No evidence found,,,,,,,,,,,,,,,,,,Checked: no post-YC Form D matching the founders; no funding statement on website (1 pages) or YC page. LinkedIn/X/Crunchbase need a logged-in browser.,2026-09-30T20:08:12Z
lightscreen-ai,Lightscreen AI,Fall 2024,No evidence found,,,,,,,,,,,,,,,,,,Checked: no post-YC Form D matching the founders; no funding statement on website (2 pages) or YC page. LinkedIn/X/Crunchbase need a logged-in browser.,2026-09-30T20:08:07Z
afternoon-co,Afternoon.co,Fall 2024,Yes,2000000,,2025-07-24,,2,Company website,https://www.afternoon.co/blog/pre-seed-announcement,Afternoon.co Raises $2M to Reimagine the Back Office Stack for Founders | Afternoon Blog,,,,,,,,,High,No matching post-YC Form D found.,2026-09-30T20:08:31Z
rulebase,Rulebase,Fall 2024,Yes,2100000,,,,2,Company website,https://blog.rulebase.co/,Announcing our $2.1M funding round.,,,,,,,,,High,Round date not stated on the source page; assumed post-YC because it is presented as current news. No matching post-YC Form D found.,2026-09-30T20:08:21Z
healthspark,HealthSpark,Fall 2024,No evidence found,,,,,,,,,,,,,,,,,,Checked: no post-YC Form D matching the founders; no funding statement on website (2 pages) or YC page. LinkedIn/X/Crunchbase need a logged-in browser.,2026-09-30T20:09:15Z
openbenchmarks,Openbenchmarks,Fall 2024,No evidence found,,,,,,,,,,,,,,,,,,Checked: no post-YC Form D matching the founders; no funding statement on website (8 pages) or YC page. LinkedIn/X/Crunchbase need a logged-in browser.,2026-09-30T20:08:35Z
darkgrade,Darkgrade,Fall 2024,No evidence found,,,,,,,,,,,,,,,,,,Checked: no post-YC Form D matching the founders; no funding statement on website (1 pages) or YC page. LinkedIn/X/Crunchbase need a logged-in browser.,2026-09-30T20:08:13Z
getcho,Getcho,Fall 2024,No evidence found,,,,,,,,,,,,,,,,,,Checked: no post-YC Form D matching the founders; no funding statement on website (1 pages) or YC page. LinkedIn/X/Crunchbase need a logged-in browser.,2026-09-30T20:08:15Z
candle,Candle,Fall 2024,No evidence found,,,,,,,,,,,,,,,,,,Checked: no post-YC Form D matching the founders; no funding statement on website (3 pages) or YC page. LinkedIn/X/Crunchbase need a logged-in browser.,2026-09-30T20:08:17Z
moonset-health,Moonset Health,Fall 2024,No evidence found,,,,,,,,,,,,,,,,,,Checked: no post-YC Form D matching the founders; no funding statement on website (3 pages) or YC page. LinkedIn/X/Crunchbase need a logged-in browser.,2026-09-30T20:08:16Z
durate,Durate,Fall 2024,No evidence found,,,,,,,,,,,,,,,,,,Checked: no post-YC Form D matching the founders; no funding statement on website (4 pages) or YC page. LinkedIn/X/Crunchbase need a logged-in browser.,2026-09-30T20:08:18Z
crouton,Crouton,Fall 2024,No evidence found,,,,,,,,,,,,,,,,,,Checked: no post-YC Form D matching the founders; no funding statement on website (3 pages) or YC page. LinkedIn/X/Crunchbase need a logged-in browser.,2026-09-30T20:08:19Z
streamable,Streamable,Fall 2024,No evidence found,,,,,,,,,,,,,,,,,,Checked: no post-YC Form D matching the founders; no funding statement on website (2 pages) or YC page. LinkedIn/X/Crunchbase need a logged-in browser.,2026-09-30T20:08:21Z
symphony,Symphony,Fall 2024,No evidence found,,,,,,,,,,,,,,,,,,Checked: no post-YC Form D matching the founders; no funding statement on website (2 pages) or YC page. LinkedIn/X/Crunchbase need a logged-in browser.,2026-09-30T20:08:55Z
telli,telli,Fall 2024,Yes,15000000,Seed,,,2,Company website,https://www.telli.com/articles/telli-raises-seed-round-to-build-ai-customer-operations,"Today, we are announcing our $15M seed round led by redalpine with participation from strategic investors, Mutschler, and key angels like Marc Bitzer (CEO",,,,,,,,,High,Round date not stated on the source page; assumed post-YC because it is presented as current news. No matching post-YC Form D found.,2026-09-30T20:08:38Z
avora,Avora,Fall 2024,Yes,2300000,,,,2,Company website,https://getavora.ai/careers,"We’ve raised $2.3M from CRV, Y Combinator, and healthcare industry leaders..",,,,,,,,,High,Round date not stated on the source page; assumed post-YC because it is presented as current news. No matching post-YC Form D found.,2026-09-30T20:08:27Z
galini,Galini,Fall 2024,No evidence found,,,,,,,,,,,,,,,,,,Checked: no post-YC Form D matching the founders; no funding statement on website (10 pages) or YC page. LinkedIn/X/Crunchbase need a logged-in browser.,2026-09-30T20:08:25Z
riveter,Riveter,Fall 2024,No evidence found,,,,,,,,,,,,,,,,,,Checked: no post-YC Form D matching the founders; no funding statement on website (4 pages) or YC page. LinkedIn/X/Crunchbase need a logged-in browser.,2026-09-30T20:08:25Z
fixa,fixa,Fall 2024,No evidence found,,,,,,,,,,,,,,,,,,Checked: no post-YC Form D matching the founders; no funding statement on website (2 pages) or YC page. LinkedIn/X/Crunchbase need a logged-in browser.,2026-09-30T20:08:32Z
variant,Variant,Fall 2024,No evidence found,,,,,,,,,,,,,,,,,,Checked: no post-YC Form D matching the founders; no funding statement on website (10 pages) or YC page. LinkedIn/X/Crunchbase need a logged-in browser.,2026-09-30T20:08:34Z
gander,Gander,Fall 2024,No evidence found,,,,,,,,,,,,,,,,,,Checked: no post-YC Form D matching the founders; no funding statement on website (0 pages) or YC page. LinkedIn/X/Crunchbase need a logged-in browser.,2026-09-30T20:08:28Z
curo,Curo,Fall 2024,No evidence found,,,,,,,,,,,,,,,,,,Checked: no post-YC Form D matching the founders; no funding statement on website (1 pages) or YC page. LinkedIn/X/Crunchbase need a logged-in browser.,2026-09-30T20:08:31Z
supercontrast,supercontrast,Fall 2024,No evidence found,,,,,,,,,,,,,,,,,,Checked: no post-YC Form D matching the founders; no funding statement on website (0 pages) or YC page. LinkedIn/X/Crunchbase need a logged-in browser.,2026-09-30T20:08:31Z
gait,Gait,Fall 2024,No evidence found,,,,,,,,,,,,,,,,,,Checked: no post-YC Form D matching the founders; no funding statement on website (0 pages) or YC page. LinkedIn/X/Crunchbase need a logged-in browser.,2026-09-30T20:08:33Z
zeroframe,Zeroframe,Fall 2024,No evidence found,,,,,,,,,,,,,,,,,,Checked: no post-YC Form D matching the founders; no funding statement on website (0 pages) or YC page. LinkedIn/X/Crunchbase need a logged-in browser.,2026-09-30T20:08:35Z
