company_id,company,batch,yc_status,website,domain,yc_page,one_liner,location,country,ai_native,company_linkedin,company_x,founders,founder_linkedins,founder_xs,tracxn_total_usd_LEAD_ONLY,in_strict_funnel,team_size,yc_is_hiring,yc_open_jobs,yc_job_titles,yc_stage,industry
scribd,Scribd,Summer 2006,Active,http://scribd.com,scribd.com,https://www.ycombinator.com/companies/scribd,World's largest online library.,"San Francisco, CA, USA",US,,https://www.linkedin.com/company/scribd/,https://twitter.com/Scribd,Jared Friedman,https://linkedin.com/in/jaredfriedman,,,,300,No,0,,Growth,Consumer
blue-frog-gaming,Blue Frog Gaming,Summer 2007,Active,http://bluefroggaming.com,bluefroggaming.com,https://www.ycombinator.com/companies/blue-frog-gaming,,"Akron, OH, USA",US,,,,Matt Maroon,https://www.linkedin.com/in/matthewmaroon,,,,11,No,0,,Growth,Consumer
buxfer,Buxfer,Winter 2007,Active,https://www.buxfer.com,buxfer.com,https://www.ycombinator.com/companies/buxfer,Buxfer helps you make better spending decisions by making it easy to…,"San Francisco, CA, USA; Santa Clara, CA, USA",US,,,https://twitter.com/buxfer,Amit Manjhi; Shashank Pandit,https://www.linkedin.com/in/amitmanjhi/; https://www.linkedin.com/in/shashankpandit,https://twitter.com/amitmanjhi; ,,,1,No,0,,Early,Fintech
virtualmin,Virtualmin,Winter 2007,Active,http://virtualmin.com,virtualmin.com,https://www.ycombinator.com/companies/virtualmin,,"San Francisco, CA, USA; Mountain View, CA, USA",US,,,,Jamie Cameron; Joe Cooper,https://www.linkedin.com/in/jamiecameron2; ,; ,,,2,No,0,,Early,B2B
poll-everywhere,Poll Everywhere,Summer 2008,Active,https://www.polleverywhere.com,polleverywhere.com,https://www.ycombinator.com/companies/poll-everywhere,Interactive meetings and presentations,"San Francisco, CA, USA; Remote",US,,https://www.linkedin.com/company/poll-everywhere-inc.,https://twitter.com/polleverywhere,Jeff Vyduna; Sean Eby; Brad Gessler,https://www.linkedin.com/in/jeffvyduna/; ; https://www.linkedin.com/in/bradgessler/,; ; https://twitter.com/bradgessler,,,70,No,0,,Growth,B2B
ninite,Ninite,Winter 2008,Active,http://ninite.com,ninite.com,https://www.ycombinator.com/companies/ninite,Simple third-party app patching and deployment for Windows.,"San Francisco, CA, USA",US,,,,Sascha Kuzins; Patrick Swieskowski,; ,; ,,,2,No,0,,Growth,B2B
rescuetime,RescueTime,Winter 2008,Active,http://rescuetime.com,rescuetime.com,https://www.ycombinator.com/companies/rescuetime,Take Back Control of your Time,"Seattle, WA, USA; Remote",US,,https://www.linkedin.com/company/rescuetime,https://twitter.com/rescuetime,Brian Fioca,https://www.linkedin.com/in/brianfioca/,https://twitter.com/bfioca,,,15,No,0,,Growth,B2B
mixpanel,Mixpanel,Summer 2009,Active,http://mixpanel.com,mixpanel.com,https://www.ycombinator.com/companies/mixpanel,Mixpanel is event analytics for builders that need answers.,"San Francisco, CA, USA",US,,https://www.linkedin.com/company/mixpanel-inc-/mycompany/,https://twitter.com/mixpanel,Suhail Doshi; Tim Trefren,https://www.linkedin.com/in/suhaildoshi/; https://linkedin.com/in/timtrefren,https://x.com/suhail; https://twitter.com/ttrefren,,,410,No,0,,Growth,B2B
stripe,Stripe,Summer 2009,Active,http://stripe.com,stripe.com,https://www.ycombinator.com/companies/stripe,Economic infrastructure for the internet.,"San Francisco, CA, USA",US,,https://www.linkedin.com/company/stripe/,https://twitter.com/stripe,Patrick Collison; John Collison,https://www.linkedin.com/in/patrickcollison/; https://www.linkedin.com/in/johnbcollison/,https://twitter.com/patrickc; https://twitter.com/collision,,,7000,Yes,3,"Frontend Engineer, Identity; Machine Learning Engineer, Identity; Head of Engineering, Identity Graph",Growth,Fintech
lingt,Lingt,Summer 2009,Active,https://www.lingt.com/,lingt.com,https://www.ycombinator.com/companies/lingt,Lingt provided a web-based platform for learning languages leveraging…,"San Francisco, CA, USA",US,,,,Justin Cannon,,,,,2,No,0,,Early,Education
renthop,RentHop,Summer 2009,Active,http://renthop.com,renthop.com,https://www.ycombinator.com/companies/renthop,Apartment rental marketplace,"New York City, NY, USA; New York, NY, USA",US,,,,Lee C. Lin; Lawrence Zhou,; https://www.linkedin.com/in/lawrence-zhou-93523521,; ,,,9,Yes,3,Taipei Software Engineer; Taipei Full Stack PHP Developer; Taipei Data Engineer,Early,Real Estate and Construction
olark,Olark,Summer 2009,Active,http://olark.com,olark.com,https://www.ycombinator.com/companies/olark,Olark gives you an AI agent that works your marketing funnel 24/7,"San Francisco, CA, USA; Remote",US,,https://www.linkedin.com/company/olark/,https://twitter.com/olark,Ben Congleton; Matt Pizzimenti,https://www.linkedin.com/in/bencongleton; https://www.linkedin.com/in/mjpizz,; ,,,15,No,0,,Early,B2B
directed-edge,Directed Edge,Summer 2009,Active,http://directededge.com,directededge.com,https://www.ycombinator.com/companies/directed-edge,Product recommendations.,"San Francisco, CA, USA",US,,,,Scott Wheeler,,,,,2,No,0,,Early,Consumer
listia,Listia,Summer 2009,Active,http://listia.com,listia.com,https://www.ycombinator.com/companies/listia,Mobile marketplace for trading used goods.,"San Francisco, CA, USA; Campbell, CA, USA; Remote",US,,,https://twitter.com/listia,Gee-Hwan Chuang,https://linkedin.com/in/geechuang,,,,6,No,0,,Growth,Consumer
volantio,Volantio,Winter 2009,Active,http://www.volantio.com,volantio.com,https://www.ycombinator.com/companies/volantio,Post-booking revenue and capacity optimization for airlines…,"Atlanta, GA, USA",US,,,https://twitter.com/volantio,Fenn Bailey; Azim Barodawala,; https://www.linkedin.com/in/azim-barodawala-9230254,; ,,,19,Yes,0,,Growth,B2B
workflowy,WorkFlowy,Summer 2010,Active,http://workflowy.com,workflowy.com,https://www.ycombinator.com/companies/workflowy,WorkFlowy is a better way to manage information. It provides a simple…,"New York City, NY, USA; San Francisco, CA, USA",US,,,,Jesse Patel,,,,,4,No,0,,Early,B2B
indinero,inDinero,Summer 2010,Active,http://indinero.com,indinero.com,https://www.ycombinator.com/companies/indinero,Financial dashboard for businesses.,"San Francisco, CA, USA; Los Angeles, CA, USA; Remote",US,,https://www.linkedin.com/company/indinero/,,Andy Su,https://linkedin.com/in/andydsu,,,,250,No,0,,Growth,B2B
docker,Docker,Summer 2010,Active,http://docker.com,docker.com,https://www.ycombinator.com/companies/docker,Software development platform.,"San Francisco, CA, USA",US,,,,Solomon Hykes,https://www.linkedin.com/in/solomonhykes/,https://twitter.com/solomonstre,,,201,No,0,,Growth,B2B
anylist,AnyList,Summer 2010,Active,https://www.anylist.com,anylist.com,https://www.ycombinator.com/companies/anylist,"One app for stress-free shopping, cooking, and meal planning.","Missoula, MT, USA; Remote",US,,,https://twitter.com/AnyListApp,Jeff Hunter; Jason Marr,https://www.linkedin.com/in/jeffrhunter/; https://www.linkedin.com/in/jmarr,; ,,,3,No,0,,Early,Consumer
demandsphere,DemandSphere,Summer 2010,Active,https://www.demandsphere.com/,demandsphere.com,https://www.ycombinator.com/companies/demandsphere,SEO & Content Marketing Intelligence,"Columbus, OH, USA",US,,https://www.linkedin.com/company/941023/admin/,https://twitter.com/demandsphere,Ray Grieselhuber,https://www.linkedin.com/in/raygrieselhuber/,https://x.com/raygrieselhuber,,,40,No,0,,Early,B2B
recurse-center,Recurse Center,Summer 2010,Active,https://www.recurse.com,recurse.com,https://www.ycombinator.com/companies/recurse-center,The retreat where curious programmers recharge and grow,"New York City, NY, USA",US,,https://www.linkedin.com/company/recurse-center/,https://www.twitter.com/recursecenter,Nicholas Bergson-Shilcock; Sonali Sridhar,https://www.linkedin.com/in/nicholasbs; https://www.linkedin.com/in/jollysonali/,https://www.twitter.com/nicholasbs; ,,,7,No,0,,Early,Education
ownlocal,OwnLocal,Winter 2010,Active,http://ownlocal.com,ownlocal.com,https://www.ycombinator.com/companies/ownlocal,"OwnLocal automates marketing for over 129,000 SMBs through 3,300…","Austin, TX, USA",US,,https://www.linkedin.com/company/ownlocal/,,Lloyd Armbrust; Jason Novek,https://www.linkedin.com/in/lloydarmbrust/; https://www.linkedin.com/in/jnovek,https://x.com/larmbrust; ,,,45,No,0,,Growth,B2B
gocardless,GoCardless,Summer 2011,Active,http://gocardless.com,gocardless.com,https://www.ycombinator.com/companies/gocardless,We’re building the world’s bank payment network.,"London, England, United Kingdom",GB,,https://www.linkedin.com/company/gocardless/,https://twitter.com/GoCardless,Hiroki Takeuchi; Tom Blomfield,https://www.linkedin.com/in/hirokitakeuchi/; https://www.linkedin.com/in/tomblomfield,; https://twitter.com/t_blom,,,900,No,0,,Growth,Fintech
agilemd,AgileMD,Summer 2011,Active,https://agilemd.com,agilemd.com,https://www.ycombinator.com/companies/agilemd,Predictive analytics and clinical pathways for hospitals ,"San Francisco, CA, USA; Remote",US,,https://www.linkedin.com/company/agilemd/,https://twitter.com/agilemd,Borna Safabakhsh,https://www.linkedin.com/in/bornas/,,,,19,Yes,1,Product Manager - Clinical Pathways & Analytics,Growth,Healthcare
quartzy,Quartzy,Summer 2011,Active,https://www.quartzy.com,quartzy.com,https://www.ycombinator.com/companies/quartzy,Marketplace for life science supplies.,"San Francisco, CA, USA; Hayward, CA, USA",US,,https://www.linkedin.com/company/quartzy/,https://twitter.com/Quartzy,Jayant Kulkarni; Adam Regelmann,https://www.linkedin.com/in/jayantekulkarni/; https://www.linkedin.com/in/adam-r-7189a67/,; ,,,100,Yes,3,"Senior Territory Manager, Bay Area; Senior Territory Manager, NYC or Northern NJ; Senior Territory Manager, San Diego",Growth,Healthcare
streak,Streak,Summer 2011,Active,http://streak.com,streak.com,https://www.ycombinator.com/companies/streak,Streak transforms Gmail into a powerful CRM,"San Francisco, CA, USA; Remote",US,,https://www.linkedin.com/company/streak-com,https://twitter.com/Streak,Aleem Mawani,https://www.linkedin.com/in/aleemmawani/,,,,35,Yes,1,Staff UI Engineer,Early,B2B
onesignal,OneSignal,Summer 2011,Active,https://onesignal.com,onesignal.com,https://www.ycombinator.com/companies/onesignal,Engage customers through personalized omni-channel messaging,"San Francisco, CA, USA",US,,https://www.linkedin.com/company/onesignal/,https://twitter.com/onesignal,George Deglin,https://www.linkedin.com/in/gdeglin,https://twitter.com/gdeglin,,,150,Yes,4,"Senior Software Engineer, Journeys Team (Fullstack); Staff Software Engineer, SMS Team (Fullstack); Senior Software Engineer, Email Team; Product Marketing Manager",Growth,B2B
hackerrank,HackerRank,Summer 2011,Active,http://hackerrank.com,hackerrank.com,https://www.ycombinator.com/companies/hackerrank,Change the world to value skills over pedigree,"San Francisco, CA, USA",US,,https://www.linkedin.com/company/hackerrank/,https://twitter.com/hackerrank,Vivek Ravisankar; Harishankaran,https://www.linkedin.com/in/vivekravisankar; ,; ,,,300,Yes,3,"HackerRank (YC S11) | Hiring Senior Software Engineer | Santa Clara CA - Hybrid; Forward Deployed Engineer; Manager, Forward Deployed Engineering",Growth,B2B
apollo,Apollo,Summer 2011,Active,http://apollographql.com/,apollographql.com,https://www.ycombinator.com/companies/apollo,Apollo helps engineering teams accelerate delivery,"San Francisco, CA, USA; Remote",US,,https://www.linkedin.com/company/apollo-graphql/,https://twitter.com/apollographql,Geoff Schmidt; matt debergalis; Nick Martin,https://www.linkedin.com/in/gschmidt/; https://linkedin.com/debergalis; ,http://twitter.com/GeoffQL; https://twitter.com/debergalis; ,,,200,Yes,2,Enterprise Sales Executive - West; Senior Customer Success Engineer,Growth,B2B
vidyard,Vidyard,Summer 2011,Active,http://vidyard.com,vidyard.com,https://www.ycombinator.com/companies/vidyard,Video for business.,"Kitchener, ON, Canada",CA,,https://www.linkedin.com/company/vidyard,https://www.twitter.com/vidyard,Michael Litt; Devon Galloway,https://www.linkedin.com/in/michaellitt/; ,https://twitter.com/michaellitt; ,,,201,No,0,,Growth,B2B
imgix,Imgix,Summer 2011,Active,https://www.imgix.com,imgix.com,https://www.ycombinator.com/companies/imgix,The platform for your visual media.,"San Francisco, CA, USA",US,,https://www.linkedin.com/company/imgix/,https://twitter.com/imgix,Chris Zacharias,https://www.linkedin.com/in/czacharias/,,,,34,No,0,,Growth,B2B
videopixie,Videopixie,Summer 2011,Active,http://videopixie.com,videopixie.com,https://www.ycombinator.com/companies/videopixie,Marketplace for Video Production Services.  We help you hire the best…,"San Francisco, CA, USA",US,,https://www.linkedin.com/company/videopixie/,,Tom Saffell,,,,,11,No,0,,Early,B2B
mixrank,MixRank,Summer 2011,Active,https://mixrank.com,mixrank.com,https://www.ycombinator.com/companies/mixrank,"Data products for sales, marketing, finance, recruiting, and more.","Toronto, ON, Canada; Remote",CA,,https://www.linkedin.com/company/mixrank,,Scott Milliken,https://www.linkedin.com/in/scottamilliken,,,,31,Yes,10,"Software Engineer - Global (Remote); Junior Software Engineer - Remote (Global), Full-Time; Junior Software Engineer — Remote, Mexico; Junior Software Engineer — Remote, Russia; Junior Software Engineer — Remote, Argentina; Junior Software Engineer — Remote, Brazil; Junior Software Engineer — Remote, Colombia; Junior Software Engineer — Remote, Egypt; Junior Software Engineer — Remote, Türkiye; Junior Software Engineer — Remote, Georgia",Early,B2B
leadgenius,LeadGenius,Summer 2011,Active,http://leadgenius.com,leadgenius.com,https://www.ycombinator.com/companies/leadgenius,LeadGenius is an account-based marketing and lead generation…,"San Francisco, CA, USA; Berkeley, CA, USA",US,,,,Anand Kulkarni; Prayag Narula; Philipp Gutheim; Dave Rolnitzky,https://linkedin.com/in/anandpkulkarni/; https://linkedin.com/in/prayagnarula/; https://www.linkedin.com/in/gutheim; https://www.linkedin.com/in/rolnitzky/,; https://twitter.com/prayagn/; ; ,,,50,No,0,,Growth,B2B
sift,Sift,Summer 2011,Active,https://sift.com/,sift.com,https://www.ycombinator.com/companies/sift,The Leader in Digital Trust & Safety,"San Francisco, CA, USA",US,,https://www.linkedin.com/company/getsift/,https://twitter.com/GetSift,Jason Tan,http://www.linkedin.com/in/jas0ntan, https://twitter.com/jasontan,,,,Yes,0,,Growth,B2B
goat-group,GOAT Group,Winter 2011,Active,https://www.goatgroup.com/,goatgroup.com,https://www.ycombinator.com/companies/goat-group,"Platform for the greatest products from the past, present and future.","Los Angeles, CA, USA",US,,https://www.linkedin.com/company/goat-group,https://twitter.com/goatapp,Eddy Lu; Daishin Sugano,https://www.linkedin.com/in/eddylu/; https://www.linkedin.com/in/sensugano,; ,,,1600,Yes,2,Senior Software Engineer; Senior Machine Learning Engineer,Growth,Consumer
storyworth,Storyworth,Winter 2011,Active,https://www.storyworth.com,storyworth.com,https://www.ycombinator.com/companies/storyworth,Record your family stories and print them in beautiful keepsake books.,"Kailua, HI, USA; Stockholm, Stockholm County, Sweden; Remote",US,,https://www.linkedin.com/company/storyworth,https://www.twitter.com/storyworth,Nick Baum,https://www.linkedin.com/in/nickbaum,https://www.twitter.com/nickbaum,,,13,No,0,,Early,Consumer
zerocater,Zerocater,Winter 2011,Active,http://zerocater.com,zerocater.com,https://www.ycombinator.com/companies/zerocater,Zerocater is revolutionizing how companies feed their employees,"Chicago, IL, USA",US,,https://www.linkedin.com/company/zerocater/,https://twitter.com/ZeroCater,Arram Sabeti,https://www.linkedin.com/in/arram-sabeti-10220314/,,,,140,No,0,,Growth,B2B
mino-games,Mino Games,Winter 2011,Active,http://minomonsters.com,minomonsters.com,https://www.ycombinator.com/companies/mino-games,Mobile games company,"San Francisco, CA, USA; Montreal, QC, Canada",US,,,,Josh Buckley,https://www.linkedin.com/in/josh-buckley-7612284/,https://x.com/joshbuckley,,,11,Yes,1,Game Developer,Growth,Consumer
close,Close,Winter 2011,Active,https://close.com,close.com,https://www.ycombinator.com/companies/close,CRM and sales automation tools for startups and SMBs,Remote,,,https://www.linkedin.com/company/close-crm/,https://twitter.com/close,Steli Efti; Anthony Nemitz; Thomas Steinacher,https://www.linkedin.com/in/steliefti; https://www.linkedin.com/in/anthonynemitz/; ,; https://twitter.com/anemitz; ,,,120,No,0,,Early,B2B
tremendous,Tremendous,Winter 2011,Active,https://www.tremendous.com,tremendous.com,https://www.ycombinator.com/companies/tremendous,"How businesses send money to people at scale. Fast, free, global.","New York City, NY, USA; Remote",US,,https://www.linkedin.com/company/tremendous-rewards,https://twitter.com/gotremendous,Nicolas Baum,https://www.linkedin.com/in/nicolasbaum/,,,,150,No,0,,Early,Fintech
you-got-listings-inc,You Got Listings,Winter 2011,Active,http://www.yougotlistings.com,yougotlistings.com,https://www.ycombinator.com/companies/you-got-listings-inc,All-in-one apartment Marketing Platform for brokerages and landlords.,Remote,,,,,Gordon Chen; Yanjun (Yan) Li,; https://www.linkedin.com/in/yanjunli80/,; ,,,3,No,0,,Early,Real Estate and Construction
instapainting,Instapainting,Winter 2011,Active,http://instapainting.com,instapainting.com,https://www.ycombinator.com/companies/instapainting,Custom-made artwork from artists e-commerce marketplace.,"Tokyo, Tokyo, Japan; San Francisco, CA, USA; Remote",JP,,,,Chris Chen,https://www.linkedin.com/in/chris-chen-07882124,,,,2,No,0,,Early,Consumer
acunote,Acunote,Winter 2011,Active,http://acunote.com,acunote.com,https://www.ycombinator.com/companies/acunote,,"San Francisco, CA, USA",US,,https://www.linkedin.com/company/650-health/,,Gleb Arshinov,https://www.linkedin.com/in/gleb-arshinov/,,,,,No,0,,Early,B2B
tumult,Tumult,Winter 2011,Active,https://tumult.com,tumult.com,https://www.ycombinator.com/companies/tumult,Tumult is building the next generation of apps for web design. Our…,"San Francisco, CA, USA",US,,,https://twitter.com/hypeapp,Jonathan Deutsch,https://www.linkedin.com/in/jmfd/,https://twitter.com/jmfd,,,1,No,0,,Early,B2B
talkable,Talkable,Winter 2011,Active,http://talkable.com,talkable.com,https://www.ycombinator.com/companies/talkable,Online store referrals.,"San Francisco, CA, USA",US,,https://www.linkedin.com/company/talkable/,,Allan Grant,https://www.linkedin.com/in/allangrant,,,,76,No,0,,Growth,B2B
singlestore,SingleStore,Winter 2011,Active,https://www.singlestore.com,singlestore.com,https://www.ycombinator.com/companies/singlestore,"The cloud-native, operational database built for speed and scale.","San Francisco, CA, USA",US,,,https://twitter.com/memsql,Eric Frenkiel; Nikita Shamgunov,https://linkedin.com/in/ericfrenkiel; https://www.linkedin.com/in/nikitashamgunov/,; https://twitter.com/nikitashamgunov,,,150,No,0,,Growth,B2B
benchling,Benchling,Summer 2012,Active,http://benchling.com,benchling.com,https://www.ycombinator.com/companies/benchling,Unlocking the power of biotech with modern software for modern science,"San Francisco, CA, USA",US,,https://www.linkedin.com/company/benchling/?viewAsMember=true,https://twitter.com/benchling,Sajith Wickramasekara,,,,,750,No,0,,Growth,B2B
smartasset,SmartAsset,Summer 2012,Active,http://smartasset.com,smartasset.com,https://www.ycombinator.com/companies/smartasset,Marketplace connecting consumers to financial advisors,"Austin, TX, USA; Remote",US,,,,Michael Carvin,https://www.linkedin.com/in/michael-carvin-5315692a,,,,210,No,0,,Growth,Fintech
zapier,Zapier,Summer 2012,Active,http://zapier.com,zapier.com,https://www.ycombinator.com/companies/zapier,The easiest way to automate your work.,"San Francisco, CA, USA; Mountain View, CA, USA; Remote",US,,https://www.linkedin.com/company/zapier/,https://twitter.com/zapier,Wade Foster,https://www.linkedin.com/in/wadefoster/,https://twitter.com/wadefoster,,,700,Yes,0,,Growth,B2B
9gag,9gag,Summer 2012,Active,http://9gag.com,9gag.com,https://www.ycombinator.com/companies/9gag,Make the world happier.,"Hong Kong, Hong Kong; Remote",HK,,https://linkedin.com/company/9gag,https://twitter.com/9GAG,Ray Chan; Chris Chan; Derek Chan; Marco Fung; Brian Yu,https://linkedin.com/in/raychan; ; ; ; https://www.linkedin.com/in/barelyanything/,; ; ; ; https://twitter.com/barelyanything,,,36,No,0,,Growth,Consumer
svbtle,Svbtle,Summer 2012,Active,https://svbtle.com,svbtle.com,https://www.ycombinator.com/companies/svbtle,A publishing platform.,"San Francisco, CA, USA; Remote",US,,,https://twitter.com/svbtle,Dustin Curtis,,https://twitter.com/dcurtis,,,2,No,0,,Early,Consumer
plivo,Plivo,Summer 2012,Active,https://plivo.com,plivo.com,https://www.ycombinator.com/companies/plivo,"Voice AI Agents for customer engagement, including WhatsApp, SMS &…","Austin, TX, USA",US,,https://linkedin.com/company/plivo-inc,https://twitter.com/plivo,Venky B; Michael Ricordeau,https://linkedin.com/in/bevenky; https://www.linkedin.com/in/michaelricordeau/,https://twitter.com/bevenky; ,,,320,No,0,,Growth,B2B
double-robotics,Double Robotics,Summer 2012,Active,https://doublerobotics.com,doublerobotics.com,https://www.ycombinator.com/companies/double-robotics,Telepresence robots,"San Francisco, CA, USA; Burlingame, CA, USA",US,,,,David Cann; Marc DeVidts,https://www.linkedin.com/in/davidjcann; https://www.linkedin.com/in/marcdevidts,; ,,,11,No,0,,Early,B2B
flightfox,Flightfox,Summer 2012,Active,http://flightfox.com,flightfox.com,https://www.ycombinator.com/companies/flightfox,"A platform to plan, book and manage global and group travel.","Boulder, CO, USA; Remote",US,,,,Todd Sullivan; Lauren Sullivan,https://www.linkedin.com/in/todsul/; https://www.linkedin.com/in/lozsul/,https://x.com/todsul; ,,,25,No,0,,Early,B2B
backerkit,BackerKit,Summer 2012,Active,https://backerkit.com,backerkit.com,https://www.ycombinator.com/companies/backerkit,The only end-to-end crowdfunding platform built for today’s creators,"San Francisco, CA, USA",US,,https://www.linkedin.com/company/backerkit,https://twitter.com/BackerKit,Maxwell Salzberg; Rosanna Yau,https://www.linkedin.com/in/maxwell-salzberg/; https://www.linkedin.com/in/rosannayau/,https://www.twitter.com/maxwellsalz; https://twitter.com/oannasoro,,,42,No,0,,Growth,B2B
submittable,Submittable,Summer 2012,Active,https://www.submittable.com/,submittable.com,https://www.ycombinator.com/companies/submittable,"The best way to launch, manage and measure social impact programs","Missoula, MT, USA",US,,https://www.linkedin.com/company/submittable/,https://twitter.com/submittable,Michael FitzGerald; John Brownell; Bruce Tribbensee,https://linkedIn.com/radiantdays; https://www.linkedin.com/in/brucetribbensee; ,; ; ,,,302,No,0,,Growth,B2B
newsblur,NewsBlur,Summer 2012,Active,https://www.newsblur.com,newsblur.com,https://www.ycombinator.com/companies/newsblur,NewsBlur is a personalized news reader ,"San Francisco, CA, USA; Remote",US,,,https://twitter.com/newsblur,Samuel Clay,,https://twitter.com/samuelclay,,,1,No,0,,Early,Consumer
octavewealth,OctaveWealth,Summer 2012,Active,https://octavewealth.com,octavewealth.com,https://www.ycombinator.com/companies/octavewealth,The 401(k) that helps you grow,"San Francisco, CA, USA",US,,,,Rikin Shah,https://linkedin.com/in/rik1shah,,,,2,No,0,,Early,B2B
upwave,Upwave,Summer 2012,Active,http://www.upwave.com,upwave.com,https://www.ycombinator.com/companies/upwave,Marketing analytics for the world's biggest brand marketers,"San Francisco, CA, USA",US,,https://www.linkedin.com/company/upwaveinc/,https://twitter.com/upwave,Chris Kelly,https://www.linkedin.com/in/christopherkelly,,,,50,No,0,,Growth,B2B
eligible,Eligible,Summer 2012,Active,https://eligible.com,eligible.com,https://www.ycombinator.com/companies/eligible,Insurance Billing APIs for Healthcare Businesses ,"New York City, NY, USA; Brooklyn, NY, USA",US,,,,Katelyn Gleason,,,,,,No,0,,Growth,Healthcare
fundersclub,FundersClub,Summer 2012,Active,https://fundersclub.com/,fundersclub.com,https://www.ycombinator.com/companies/fundersclub,Online VC,"San Francisco, CA, USA; Remote",US,,,https://twitter.com/fundersclub,Alex Mittal; Boris Silver,https://www.linkedin.com/in/alexandermittal/; https://www.linkedin.com/in/borismsilver/,https://twitter.com/mittal; ,,,5,No,0,,Growth,Fintech
zentail,Zentail,Summer 2012,Active,https://zentail.com,zentail.com,https://www.ycombinator.com/companies/zentail,We're making ecommerce simple connecting brands with sales channels,"Columbia, MD, USA",US,,https://linkedin.com/company/2019242,https://twitter.com/zentailcommerce,Dan Sugarman,https://www.linkedin.com/in/dansugarman/,,,,30,Yes,3,Software Engineer - Hybrid Preferred; Account Executive - Hybrid; Business Development Representative - Hybrid,Growth,B2B
mattermost,Mattermost,Summer 2012,Active,http://mattermost.com,mattermost.com,https://www.ycombinator.com/companies/mattermost,Secure Collaboration for Technical Teams,"San Francisco, CA, USA; Palo Alto, CA, USA; Remote",US,,https://www.linkedin.com/company/mattermost,https://twitter.com/Mattermost,Ian Tien,https://www.linkedin.com/in/iantien/,,,,120,No,0,,Growth,B2B
healthsherpa,HealthSherpa,Summer 2012,Active,https://healthsherpa.com,healthsherpa.com,https://www.ycombinator.com/companies/healthsherpa,Private sector Healthcare.gov. ,"Sacramento, CA, USA; Remote",US,,https://www.linkedin.com/company/healthsherpa,,George Kalogeropoulos; Ning Liang,; https://linkedin.com/in/ningliang,; ,,,220,No,0,,Growth,Healthcare
human-dx,Human Dx,Summer 2012,Active,http://humandx.org,humandx.org,https://www.ycombinator.com/companies/human-dx,The Human Diagnosis Project.,"San Francisco, CA, USA",US,,,,Jay Komarneni; Irving Lin,; https://www.linkedin.com/in/irvinglin,; ,,,11,No,0,,Growth,Healthcare
mth-sense,Mth Sense,Summer 2012,Active,http://www.mthsense.com/,mthsense.com,https://www.ycombinator.com/companies/mth-sense,We're a mobile on-device profiling and ad-serving platform initially…,"San Francisco, CA, USA; San Jose, CA, USA",US,,,,Mandar Agte; Mohan Balachandran,; https://linkedin.com/mohanbalachandran,; ,,,11,No,0,,Early,B2B
rainforest,Rainforest,Summer 2012,Active,https://www.rainforestqa.com,rainforestqa.com,https://www.ycombinator.com/companies/rainforest,no-code end-to-end testing that integrates with any CI/CD pipeline,"San Francisco, CA, USA; Remote",US,,https://www.linkedin.com/company/rainforestqa,https://twitter.com/rainforestqa,Fred Stevens-Smith; Russell Smith,https://www.linkedin.com/in/fredstevenssmith/; https://linkedin.com/in/russellhowardsmith,https://twitter.com/fredsters_s; https://twitter.com/rhs,,,40,No,0,,Growth,B2B
classdojo,ClassDojo,Summer 2012,Active,http://www.classdojo.com,classdojo.com,https://www.ycombinator.com/companies/classdojo,"Communication app for K-8 teachers, kids, and families","San Francisco, CA, USA; Remote",US,,https://www.linkedin.com/company/classdojo,https://twitter.com/classdojo,Sam Chaudhary; Liam Don,https://www.linkedin.com/in/samchaudhary/; https://www.linkedin.com/in/liamdon/,; https://twitter.com/liamdon,,,100,Yes,2,0→1 Product Leader; Sr. Fullstack Engineer,Early,Education
gusto,Gusto,Winter 2012,Active,https://gusto.com,gusto.com,https://www.ycombinator.com/companies/gusto,Provides growing businesses with everything to take care of their team,"San Francisco, CA, USA",US,,https://www.linkedin.com/company/gustohq/,https://twitter.com/GustoHQ,Josh Reeves; Edward Kim; Tomer London,https://www.linkedin.com/in/joshuareeves/; https://www.linkedin.com/in/edawerd/; https://www.linkedin.com/in/tomerlondon/,https://twitter.com/joshuareeves; https://twitter.com/edawerd; https://twitter.com/tomerlondon,,,2400,Yes,0,,Growth,B2B
wave,Wave,Winter 2012,Active,https://wave.com,wave.com,https://www.ycombinator.com/companies/wave,Mobile money app for Africa,"Dakar, Dakar Region, Senegal; Remote",SN,,https://www.linkedin.com/company/wavemm/,,Drew Durbin,https://www.linkedin.com/in/drew-durbin-52517614/,https://twitter.com/drewdurbin/,,,1600,No,0,,Early,Fintech
medmonk,Medmonk,Winter 2012,Active,http://medmonk.com,medmonk.com,https://www.ycombinator.com/companies/medmonk,A tool for pharmacists to find funding for patients who are unable to…,"Milpitas, CA, USA",US,,,,Abbas Mehdi; Somaira Punjwani,https://www.linkedin.com/in/amehdi; https://www.linkedin.com/in/somaira-punjwani-68b80816,; ,,,2,No,0,,Early,Healthcare
per-vices,Per Vices,Winter 2012,Active,https://www.pervices.com,pervices.com,https://www.ycombinator.com/companies/per-vices,Building Mission Critical Software Defined Radio products.,"Toronto, ON, Canada",CA,,,,Victor Wollesen; Brandon Malatest,; ,; ,,,11,No,0,,Growth,Industrials
circuithub,CircuitHub,Winter 2012,Active,https://circuithub.com,circuithub.com,https://www.ycombinator.com/companies/circuithub,On-Demand Electronics Manufacturing,"London, England, United Kingdom",GB,,https://www.linkedin.com/company/circuithub,https://twitter.com/circuithub,Andrew Seddon,https://www.linkedin.com/in/seddonandrew/,https://x.com/seddonandrew,,,58,Yes,5,Full-Stack Robotics Engineer; Full-Stack Robotics Engineer Summer 2026 Intern ; Operations Research Engineer; Haskell Engineer; Computer Vision Engineer,Early,Industrials
screenleap-inc,Screenleap,Winter 2012,Active,https://screenleap.com,screenleap.com,https://www.ycombinator.com/companies/screenleap-inc,One-click screen sharing with installation-free viewing on all devices,"San Francisco, CA, USA; San Carlos, CA, USA; Remote",US,,,https:://www.twitter.com/screenleap,Tuyen Truong; Lawrence Gentilello,https://www.linkedin.com/in/tuyentruong/; https://www.linkedin.com/in/gentilello,; https://twitter.com/gentilello,,,4,No,0,,Early,B2B
cleverdeck,CleverDeck,Winter 2012,Active,http://cleverdeck.com,cleverdeck.com,https://www.ycombinator.com/companies/cleverdeck,Collaborate with an artist to commission original artwork you'll live…,"San Francisco, CA, USA; Istanbul, Istanbul, Turkey",US,,,,Justin Cannon,,,,,1,No,0,,Early,Education
shoptiques,Shoptiques,Winter 2012,Active,http://shoptiques.com,shoptiques.com,https://www.ycombinator.com/companies/shoptiques,Shoptiques.com lets you shop the world's best local boutiques online.,"New York City, NY, USA; New York, NY, USA",US,,,,Olga Vidisheva; Peter Delahunty; Dan Morin; Jeff Morin,https://www.linkedin.com/in/olga-vidisheva/; https://www.linkedin.com/in/peterdelahunty/; https://www.linkedin.com/in/danielmorin; https://www.linkedin.com/in/jeffmorin,; ; ; ,,,51,No,0,,Growth,Consumer
rescale,Rescale,Winter 2012,Active,https://rescale.com,rescale.com,https://www.ycombinator.com/companies/rescale,High Performance Computing Built for the Cloud,"San Francisco, CA, USA",US,,https://www.linkedin.com/company/rescale,https://twitter.com/rescaleinc,Joris Poort; Adam McKenzie,https://www.linkedin.com/in/gpoort/; https://www.linkedin.com/in/adammckenzie,https://twitter.com/jorispoort; ,,,250,Yes,6,"Senior Account Executive, Korea; Public Sector Account Executive, Defense & National Security; Regional Vice President, Major Accounts; Solutions Architect - Data & AI; Strategic Account Executive - Majors; Senior Director of Product Marketing",Growth,B2B
medigram,Medigram,Winter 2012,Active,http://medigram.com,medigram.com,https://www.ycombinator.com/companies/medigram,"We are making a HIPAA-compliant, Groupme app for doctors to…","Los Gatos, CA, USA",US,,,,Michael Chiu; Yuhao Ding; Stephen Oakley,; https://www.linkedin.com/in/yuhaoding; ,; ; ,,,11,No,0,,Early,Healthcare
ridecell,Ridecell,Winter 2012,Active,https://www.ridecell.com,ridecell.com,https://www.ycombinator.com/companies/ridecell,World's Leading Fleet Intelligence Platform,"San Francisco, CA, USA",US,,https://www.linkedin.com/company/ridecell,,Aarjav Trivedi,https://www.linkedin.com/in/aarjav,https://twitter.com/aarjav,,,88,Yes,4,Solutions Support Engineer;  Solutions Engineer ; Customer Success Manager  / Sr Manager;  Solutions Engineer ,Growth,B2B
hireart,HireArt,Winter 2012,Active,http://hireart.com,hireart.com,https://www.ycombinator.com/companies/hireart,Gives businesses everything needed to hire & manage W2 contractors.,"New York City, NY, USA; New York, NY, USA",US,,https://www.linkedin.com/company/hireart,https://twitter.com/hireart,Nicholas Sedlet,https://www.linkedin.com/in/nick-sedlet,,,,90,No,0,,Growth,B2B
webflow,Webflow,Summer 2013,Active,https://webflow.com,webflow.com,https://www.ycombinator.com/companies/webflow,Professional website design and publishing platform. ,"San Francisco, CA, USA",US,,https://www.linkedin.com/company/webflow-inc-,https://twitter.com/webflow,Sergie Magdalin; Vlad Magdalin,; https://www.linkedin.com/in/vladmagdalin/,; https://twitter.com/callmevlad,,,600,Yes,3,Senior Software Engineer; Quality Assurance Manager ; Senior Software Engineer,Growth,B2B
true-link,True Link,Summer 2013,Active,https://www.truelinkfinancial.com/,truelinkfinancial.com,https://www.ycombinator.com/companies/true-link,Financial Services for Financial Caregivers. ,"New York City, NY, USA; San Francisco, CA, USA; Remote",US,,https://www.linkedin.com/company/2959019,https://twitter.com/truelinkfin,Kai Stinchcombe,https://www.linkedin.com/in/kaistinchcombe,,,,100,No,0,,Growth,Fintech
reebee,Reebee,Summer 2013,Active,http://reebee.com,reebee.com,https://www.ycombinator.com/companies/reebee,Flyer app.,"Kitchener, ON, Canada",CA,,,,Tobiasz Dankiewicz; Michal Martyniak,https://linkedin.com/in/tobiaszdankiewicz; ,; ,,,11,No,0,,Early,Consumer
lob,Lob,Summer 2013,Active,http://lob.com,lob.com,https://www.ycombinator.com/companies/lob,Lob is the only automation platform that transforms direct mail into…,"New York City, NY, USA; San Francisco, CA, USA",US,,https://www.linkedin.com/company/lob/mycompany/,https://www.twitter.com/lob,Harry Zhang,https://linkedIn.com/in/zhangha,,,,150,Yes,0,,Growth,B2B
panorama-education,Panorama Education,Summer 2013,Active,https://www.panoramaed.com/,panoramaed.com,https://www.ycombinator.com/companies/panorama-education,Improving education for every student.,"Los Angeles, CA, USA",US,,https://www.linkedin.com/company/panorama-education,https://twitter.com/PanoramaEd,Aaron Feuer,https://www.linkedin.com/in/aaronfeuer,,,,350,No,0,,Growth,Education
cratejoy,Cratejoy,Summer 2013,Active,http://cratejoy.com,cratejoy.com,https://www.ycombinator.com/companies/cratejoy,Cratejoy is the platform for subscriptions,"Austin, TX, USA",US,,https://www.linkedin.com/company/cratejoy/,https://twitter.com/cratejoy,Amir Elaguizy,https://www.linkedin.com/in/amirelaguizy/,https://twitter.com/amirpc,,,51,No,0,,Growth,B2B
estimote-inc,"Estimote, Inc.",Summer 2013,Active,http://estimote.com,estimote.com,https://www.ycombinator.com/companies/estimote-inc,Location intelligence platform,"Kraków, Lesser Poland Voivodeship, Poland",PL,,,https://twitter.com/estimote,Jakub Krzych; Lukasz Kostka,https://www.linkedin.com/in/krzych; https://www.linkedin.com/in/lukaszkostka/,https://twitter.com/jimiasty; https://twitter.com/ljdk,,,40,No,0,,Growth,B2B
easypost,EasyPost,Summer 2013,Active,http://easypost.com,easypost.com,https://www.ycombinator.com/companies/easypost,The shipping infrastructure of the internet.,"Austin, TX, USA; San Francisco, CA, USA; Remote",US,,https://www.linkedin.com/company/easypost/,https://twitter.com/easypost,Jarrett Streebin,https://www.linkedin.com/in/jstreebin,,,,51,No,0,,Growth,B2B
asseta,Asseta,Summer 2013,Active,http://www.asseta.com,asseta.com,https://www.ycombinator.com/companies/asseta,Sourcing marketplace for semiconductor fab spare parts.,"Newport Beach, CA, USA; Remote",US,,,,Garrett Beck,https://www.linkedin.com/in/garrett-beck-22022521/,https://twitter.com/garrettEbeck,,,4,No,0,,Early,B2B
7cups,7cups,Summer 2013,Active,http://7cups.com,7cups.com,https://www.ycombinator.com/companies/7cups,7 Cups is an emotional support service that matches up people that…,"Charlotte, NC, USA; Virginia Beach, VA, USA",US,,,,Glen Moriarty,,,,,11,No,0,,Early,Healthcare
fivetran,Fivetran,Winter 2013,Active,http://fivetran.com,fivetran.com,https://www.ycombinator.com/companies/fivetran,The leader in automated data movement,"San Francisco, CA, USA; Oakland, CA, USA",US,,https://www.linkedin.com/company/fivetran/,https://twitter.com/fivetran,Taylor Brown; George Fraser,https://www.linkedin.com/in/taylorwcbrown; https://www.linkedin.com/in/george-fraser-a0219230,; ,,,1200,No,0,,Growth,B2B
watsi,Watsi,Winter 2013,Active,https://watsi.org,watsi.org,https://www.ycombinator.com/companies/watsi,Watsi is the first global crowdfunding platform for medical…,"San Francisco, CA, USA; Remote",US,,https://www.linkedin.com/company/watsi/,https://twitter.com/watsi,Chase Adam; Grace Garey,https://www.linkedin.com/in/chaseadam17; https://www.linkedin.com/in/gracegarey,; ,,,11,No,0,,Early,Healthcare
goldbelly,Goldbelly,Winter 2013,Active,https://www.goldbelly.com/,goldbelly.com,https://www.ycombinator.com/companies/goldbelly,Empowering restaurants and small food makers to ship nationwide.,"New York City, NY, USA; New York, NY, USA",US,,https://www.linkedin.com/company/goldbelly/,https://twitter.com/goldbelly,Joe Ariel; Joel Gillman; Vanessa Torrivilla,https://www.linkedin.com/in/joeariel; https://www.linkedin.com/in/joelgillman/; https://www.linkedin.com/in/vanessatorrivilla,; https://www.twitter.com/jgillman; ,,,125,Yes,0,,Growth,Consumer
wevorce,Wevorce,Winter 2013,Active,http://wevorce.com,wevorce.com,https://www.ycombinator.com/companies/wevorce,Changing divorce for good by making it a way less horrible experience…,"Seattle, WA, USA; Bothell, WA, USA",US,,,,Michelle Crosby,https://www.linkedin.com/in/michelle-crosby-93508a6,,,,11,No,0,,Growth,Consumer
wefunder,Wefunder,Winter 2013,Active,http://wefunder.com,wefunder.com,https://www.ycombinator.com/companies/wefunder,We're Robinhood for pre-IPO startups. Everyone can invest $100.,"San Francisco, CA, USA",US,,https://www.linkedin.com/company/wefunder/,https://twitter.com/wefunder,Nick Tommarello; Greg Belote,https://www.linkedin.com/in/nicktommarello/; https://www.linkedin.com/in/gregbelote/,https://twitter.com/nicktommarello; ,,,35,Yes,9,"Full Stack Product Engineer; Lead Designer ; Founder-in-Residence ; Head of Sales, Syndicates; Curator of Gatherings; Chief Operating Officer; Internships; Visual & Micro-Interaction Designer; Internship - Customer Success",Growth,Fintech
simplyinsured,SimplyInsured,Winter 2013,Active,http://simplyinsured.com,simplyinsured.com,https://www.ycombinator.com/companies/simplyinsured,We sell health insurance to small businesses 100% online.,"San Francisco, CA, USA",US,,,https://twitter.com/simplyinsured,Vivek Shah,https://www.linkedin.com/in/vivekajayshah,,,,35,Yes,5,Senior Full-Stack Software Engineer; Full Stack Engineer; Quality Assurance Engineer; Quality Assurance Engineer; Senior Product Manager,Growth,Healthcare
experiment,Experiment,Winter 2013,Active,http://experiment.com,experiment.com,https://www.ycombinator.com/companies/experiment,crowdfunding platform for science,"Honolulu, HI, USA; Remote",US,,,http://twitter.com/lets_experiment,Denny Luan,https://www.linkedin.com/in/denny-luan-8189b726/,,,,1,No,0,,Early,Healthcare
radar,RADAR,Winter 2013,Active,https://goradar.com,goradar.com,https://www.ycombinator.com/companies/radar,RADAR is building technology to completely transform the in-store…,"New York City, NY, USA",US,,,,Spencer Hewett,https://www.linkedin.com/in/spencerhewett,,,,120,Yes,7,"Accounting Manager; Human Resources Business Partner; Lead, Field Maintenance Support; Manager, Strategic Operations; Customer Support Specialist; Systems Engineer; Staff Software Technical Program Manager, Platform",Early,B2B
lollipuff,Lollipuff,Winter 2013,Active,http://lollipuff.com,lollipuff.com,https://www.ycombinator.com/companies/lollipuff,Online Auctions for Authentic (Women's) Designer Goods,"San Francisco, CA, USA; Mountain View, CA, USA",US,,,,Fei Deyle,https://www.linkedin.com/in/fei-deyle-14152910,,,,11,No,0,,Early,Consumer
strikingly,Strikingly,Winter 2013,Active,https://www.strikingly.com,strikingly.com,https://www.ycombinator.com/companies/strikingly,"The easiest way to create a beautiful, mobile optimized website.","Shanghai, Shanghai, China; Shanghai, China",CN,,,https://twitter.com/strikingly,David Haisha Chen; Teng Bao; Dafeng Guo,https://www.linkedin.com/in/haishachen; https://www.linkedin.com/in/tengbao; https://linkedin.com/in/dfguo,; ; ,,,99,No,0,,Growth,B2B
influxdata,InfluxData,Winter 2013,Active,https://influxdata.com,influxdata.com,https://www.ycombinator.com/companies/influxdata,The platform for building and operating time series applications.,"New York City, NY, USA; San Francisco, CA, USA; Remote",US,,https://www.linkedin.com/company/influxdb,https://twitter.com/InfluxDB?ref_src=twsrc%5Egoogle%7Ctwcamp%5Eserp%7Ctwgr%5Eauthor,Paul Dix,https://www.linkedin.com/in/pauldix/,https://twitter.com/pauldix,,,210,Yes,0,,Growth,B2B
etleap,Etleap,Winter 2013,Active,https://etleap.com,etleap.com,https://www.ycombinator.com/companies/etleap,Etleap is an ETL solution for creating perfect data pipelines. ,"San Francisco, CA, USA",US,,https://www.linkedin.com/company/etleap/,,Christian Romming,https://www.linkedin.com/in/cromming,,,,11,Yes,4,Software Engineer - Integrations South America (remote); DevOps Engineer Latin America (remote); Account Executive; Senior Software Engineer - San Francisco (Onsite) ,Early,B2B
cheetah,Cheetah,Winter 2013,Active,http://gocheetah.com,gocheetah.com,https://www.ycombinator.com/companies/cheetah,"Fastest, easiest, and most affordable way for small business owners…","San Francisco, CA, USA",US,,,,Na'ama Moran,https://www.linkedin.com/in/naamamoran/,,,,2,No,0,,Growth,B2B
lawdingo,Lawdingo,Winter 2013,Active,http://lawdingo.com,lawdingo.com,https://www.ycombinator.com/companies/lawdingo,Lawdingo provides virtual paralegal services to law firms.,"New York City, NY, USA; New York, NY, USA",US,,,,Nikhil Nirmel,https://linkedin.com/in/nikhilnirmel,,,,,No,0,,Early,Consumer
padlet,Padlet,Winter 2013,Active,https://padlet.com,padlet.com,https://www.ycombinator.com/companies/padlet,Papyrus → Parchment → Paper → Padlet,"San Francisco, CA, USA",US,,https://www.linkedin.com/company/wallwisher,https://twitter.com/padlet,Nitesh Goel,https://www.linkedin.com/in/doodlebug,,,,65,Yes,0,,Growth,B2B
circuitlab,CircuitLab,Winter 2013,Active,https://www.circuitlab.com/,circuitlab.com,https://www.ycombinator.com/companies/circuitlab,Online circuit simulator and electronic schematic editor.,"San Francisco, CA, USA; Redwood City, CA, USA; Remote",US,,https://www.linkedin.com/company/circuitlab/,https://twitter.com/circuitlab,Humberto Evans; Mike Robbins,https://www.linkedin.com/in/humbertoevans; https://www.linkedin.com/in/compumike,; https://twitter.com/compumike,,,2,No,0,,Early,B2B
styleup,StyleUp,Winter 2013,Active,http://thestyleup.com,thestyleup.com,https://www.ycombinator.com/companies/styleup,"StyleUp brings effortless joy to getting dressed with daily,…","San Francisco, CA, USA",US,,,,Jared Friedman; Google Test,https://linkedin.com/in/jaredfriedman; ,; ,,,10,No,0,,Early,Consumer
checkr,Checkr,Summer 2014,Active,http://www.checkr.com,checkr.com,https://www.ycombinator.com/companies/checkr,People infrastructure for the future of work,"San Francisco, CA, USA",US,,https://www.linkedin.com/company/checkr-com/,https://twitter.com/checkr,Daniel Yanisse; Jonathan Perichon,https://www.linkedin.com/in/yanisse; https://www.linkedin.com/in/jperichon/,https://twitter.com/danielyanisse; ,,,800,Yes,14,"Senior Software Engineer, Incubator; Engineering Manager, Mortgage; Engineering Manager, Verifications; Product Finance & Strategy Manager; Senior Staff Software Engineer; Staff Product Designer, Growth; Staff Software Engineer; Staff Software Engineer; Engineering Manager, Mortgage; Engineering Manager, Verifications; Senior Product Designer, Mortgage; Senior Software Engineer, Trust",Growth,B2B
shipbob,ShipBob,Summer 2014,Active,http://shipbob.com,shipbob.com,https://www.ycombinator.com/companies/shipbob,Providing Amazon level logistics to e-commerce businesses. ,"Chicago, IL, USA",US,,https://www.linkedin.com/company/shipbob,https://twitter.com/ShipBob?ref_src=twsrc%5Egoogle%7Ctwcamp%5Eserp%7Ctwgr%5Eauthor,Divey Gulati; Dhruv Saxena,https://www.linkedin.com/in/divey-gulati-90299414; https://www.linkedin.com/in/dhruv-saxena-4568034,; ,,,1,Yes,1,"Applied AI Engineer, Agentic Systems",Growth,B2B
bayes-impact,Bayes Impact,Summer 2014,Active,http://bayesimpact.org,bayesimpact.org,https://www.ycombinator.com/companies/bayes-impact,Tech nonprofit building the future of public services.,"Paris, Île-de-France, France; San Francisco, CA, USA",FR,,,https://twitter.com/bayesimpact,Paul Duan,https://www.linkedin.com/in/pyduan,,,,11,No,0,,Early,Unspecified
helion-energy,Helion Energy,Summer 2014,Active,http://helionenergy.com,helionenergy.com,https://www.ycombinator.com/companies/helion-energy,Building the world's first fusion power plant,"Seattle, WA, USA; Everett, WA, USA",US,,https://www.linkedin.com/company/helion-energy/,https://twitter.com/helion_energy,David Kirtley; Chris Pihl,https://www.linkedin.com/in/david-kirtley-490b8230/; https://www.linkedin.com/in/chris-pihl-4a84b1a/,https://twitter.com/dekirtley; ,,,150,No,0,,Growth,Industrials
front,Front,Summer 2014,Active,https://front.com,front.com,https://www.ycombinator.com/companies/front,Customer communications hub for building strong relationships,"San Francisco, CA, USA",US,,https://www.linkedin.com/company/fronthq/,https://twitter.com/FrontHQ,Mathilde Collin; Laurent Perrin,https://www.linkedin.com/in/mathilde-collin-bb59492a/en/; https://www.linkedin.com/in/laurent-perrin-9199505/,; https://twitter.com/l_perrin,,,385,No,0,,Growth,B2B
roomstorm,Roomstorm,Summer 2014,Active,http://roomstorm.com,roomstorm.com,https://www.ycombinator.com/companies/roomstorm,Real time B2B hotel room marketplace for various industries…,"Prague, Prague, Czechia; Redwood City, CA, USA",CZ,,https://www.linkedin.com/company/walksource/,,Maksim Izmaylov,https://linkedin.com/in/maksimizmaylov,,,,4,No,0,,Early,Consumer
hive,Hive,Summer 2014,Active,http://www.hive.co,hive.co,https://www.ycombinator.com/companies/hive,"Marketing automation for event promoters (email, sms, ads, CRM)","Kitchener, ON, Canada; Remote",CA,,https://www.linkedin.com/company/hivehq,https://twitter.com/hivealive,Patrick Hannigan; Ian Roberts,https://www.linkedin.com/in/patrickhannigan/; ,http://www.twitter.com/patrickhannigan; ,,,65,Yes,3,"Senior Software Engineer, Machine Learning; Senior Software Engineer, Data Systems; Manager, Customer Success",Early,B2B
spotangels,SpotAngels,Summer 2014,Active,http://www.spotangels.com,spotangels.com,https://www.ycombinator.com/companies/spotangels,Waze for parking,"San Francisco, CA, USA",US,,,https://twitter.com/spotangels,Thomas Cottin,,,,,11,No,0,,Early,Consumer
usergems,UserGems,Summer 2014,Active,https://www.usergems.com,usergems.com,https://www.ycombinator.com/companies/usergems,The AI Command Center for outbound and ABM,Austria; Remote,AT,,https://www.linkedin.com/company/usergems,,Christian Kletzl; Stephan Kletzl,https://www.linkedin.com/in/christiankletzl; https://www.linkedin.com/in/stephankletzl,; ,,,100,No,0,,Growth,B2B
sfox,SFOX,Summer 2014,Active,http://sfox.com,sfox.com,https://www.ycombinator.com/companies/sfox,Crypto-currency trading platform.,"Los Angeles, CA, USA; Remote",US,,,https://twitter.com/sfox,George Melika; Akbar Thobhani,https://linkedin.com/in/gmelika; https://www.linkedin.com/in/akbart,https://twitter.com/gmelika; ,,,60,No,0,,Growth,Fintech
picnicai,PicnicAI,Summer 2014,Active,https://picnic.ai,picnic.ai,https://www.ycombinator.com/companies/picnicai,Intelligence to accelerate human health.,"San Francisco, CA, USA",US,,https://www.linkedin.com/company/picnicai/,https://twitter.com/picnic_ai,Noga Leviner; Troy Astorino,https://www.linkedin.com/in/nogaleviner; https://www.linkedin.com/in/troyastorino,; ,,,100,Yes,0,,Growth,Healthcare
permutive,Permutive,Summer 2014,Active,https://permutive.com,permutive.com,https://www.ycombinator.com/companies/permutive,Rebuilding data in advertising to protect privacy,"London, England, United Kingdom",GB,,https://www.linkedin.com/company/permutive/,https://twitter.com/permutive,Joe Root; Tim Spratt,https://www.linkedin.com/in/josephsroot; https://linkedin.com/in/timothyspratt,; https://twitter.com/timothyspratt,,,205,No,0,,Growth,B2B
alchemy,Alchemy,Summer 2014,Active,http://www.alchemynano.com,alchemynano.com,https://www.ycombinator.com/companies/alchemy,Nanotechnology-enabled coatings for automotive and defence sectors,"Waterloo, ON, Canada",CA,,https://www.linkedin.com/company/alchemynano/,,Khanjan Desai; Chong Shen,https://www.linkedin.com/in/khanjandesai/; https://www.linkedin.com/in/chongshen/,; ,,,25,No,0,,Early,Industrials
mtailor,MTailor,Summer 2014,Active,http://mtailor.com,mtailor.com,https://www.ycombinator.com/companies/mtailor,Get measured by your phone in under 30 seconds for perfect fitting…,"Salt Lake City, UT, USA; San Francisco, CA, USA",US,,https://www.linkedin.com/company/mtailor,https://twitter.com/mtailor,Miles Penn,,,,,11,No,0,,Growth,Consumer
metricwire,MetricWire,Summer 2014,Active,http://metricwire.com,metricwire.com,https://www.ycombinator.com/companies/metricwire,Mobile surveys for researchers,"Kitchener, ON, Canada",CA,,,,Brian Stewart; Charles Desouza,; ,; ,,,3,No,0,,Early,Healthcare
protocol-labs,Protocol Labs,Summer 2014,Active,https://protocol.ai/,protocol.ai,https://www.ycombinator.com/companies/protocol-labs,"Protocol Labs makes internet protocols: IPFS, Filecoin, and more.","San Francisco, CA, USA; Palo Alto, CA, USA; Remote",US,,https://www.linkedin.com/company/protocollabs/,https://twitter.com/protocollabs,Juan Benet,https://www.linkedin.com/in/jbenetcs/,https://twitter.com/juanbenet,,,130,No,0,,Growth,B2B
greentoe,Greentoe,Summer 2014,Active,http://greentoe.com,greentoe.com,https://www.ycombinator.com/companies/greentoe,"""Name Your Price"" for products","New York City, NY, USA",US,,https://www.linkedin.com/company/3200276,https://twitter.com/greentoe,Andrew Kurland,https://www.linkedin.com/in/andrewkurland,,,,5,No,0,,Early,Consumer
hyperpad,Hyperpad,Summer 2014,Active,http://www.hyperpad.com,hyperpad.com,https://www.ycombinator.com/companies/hyperpad,"Create, Share, Play Mobile Games on the iPad.","London, ON, Canada",CA,,,https://twitter.com/hyperpadapp,Murtaza Saadat; Hamed Saadat,https://www.linkedin.com/in/msaadat; https://linkedin.com/in/hsaadat,; https://twitter.com/killerham,,,4,No,0,,Early,Consumer
flaviar,Flaviar,Summer 2014,Active,https://flaviar.com,flaviar.com,https://www.ycombinator.com/companies/flaviar,Try-at-home service for fine spirits,"Ljubljana, Ljubljana, Slovenia; New York, NY, USA",SI,,https://www.linkedin.com/company/flaviar/about/,https://twitter.com/flaviar_com,Jugoslav Petkovic; Matija Rijavec; Grisa Soba,https://www.linkedin.com/in/jugoslav; https://www.linkedin.com/in/matijarijavec/; https://www.linkedin.com/in/grisasoba,; ; ,,,60,No,0,,Growth,Consumer
cleartax,Clear,Summer 2014,Active,https://clear.in/,clear.in,https://www.ycombinator.com/companies/cleartax,"Fintech SaaS platform for invoices, taxes, wealth management & credit.","Bengaluru, KA, India",IN,,https://www.linkedin.com/company/cleartaxindia/,https://twitter.com/clearTax_in,Archit Gupta; Srivatsan Chari; Ankit Solanki,https://www.linkedin.com/in/architgupta; ; https://in.linkedin.com/in/ankitsolanki,; ; ,,,900,No,0,,Growth,Fintech
backpack,Backpack,Summer 2014,Active,http://backpackbang.com,backpackbang.com,https://www.ycombinator.com/companies/backpack,Marketplace to get stuff from overseas,"New York City, NY, USA; San Francisco, CA, USA",US,,,,Fahim Aziz,https://www.linkedin.com/in/fahimmaziz,,,,2,No,0,,Early,Consumer
algolia,Algolia,Winter 2014,Active,http://www.algolia.com,algolia.com,https://www.ycombinator.com/companies/algolia,A developer-friendly and enterprise-grade search API.,"San Francisco, CA, USA; Paris, Île-de-France, France",US,,https://www.linkedin.com/company/algolia/,https://twitter.com/algolia,Nicolas Dessaigne; Julien Lemoine,https://www.linkedin.com/in/nicolasdessaigne/; https://linkedin.com/in/julienlemoine,https://twitter.com/dessaigne; https://twitter.com/jlemoine_algo,,,810,Yes,0,,Growth,B2B
bellabeat,Bellabeat,Winter 2014,Active,http://bellabeat.com,bellabeat.com,https://www.ycombinator.com/companies/bellabeat,Tech-powered women's wellness.,"San Francisco, CA, USA",US,,https://www.linkedin.com/company/bellabeatinc,https://twitter.com/GetBellaBeat,Urska Srsen; Sandro Mur,; ,https://twitter.com/UrskaSrsen; ,,,134,No,0,,Growth,Consumer
flexport,Flexport,Winter 2014,Active,https://www.flexport.com/careers/jobs/,flexport.com,https://www.ycombinator.com/companies/flexport,Platform for global logistics.,"San Francisco, CA, USA",US,,https://www.linkedin.com/company/flexport/,https://twitter.com/flexport,Ryan Petersen,https://www.linkedin.com/in/rpetersen,https://twitter.com/typesfast,,,3000,Yes,0,,Growth,B2B
immunity-project,Immunity Project,Winter 2014,Active,http://immunityproject.org,immunityproject.org,https://www.ycombinator.com/companies/immunity-project,The free HIV vaccine.,"San Francisco, CA, USA",US,,,,Naveen Jain; Reid Rubsamen; Ian Cinnamon,https://www.linkedin.com/in/naveenkjain; https://www.linkedin.com/in/reidrubsamenmd; http://linkedin.com/in/iancinnamon,; ; ,,,11,No,0,,Early,Unspecified
dyspatch,Dyspatch,Winter 2014,Active,https://www.dyspatch.io,dyspatch.io,https://www.ycombinator.com/companies/dyspatch,"AI Email Production - Emails on brand, guaranteed to work, fast.","Victoria, BC, Canada; Remote",CA,,,https://twitter.com/getdyspatch,Matt Harris,https://www.linkedin.com/in/harrismc,,,,20,No,0,,Growth,B2B
opencurriculum,OpenCurriculum,Winter 2014,Active,https://opencurriculum.org,opencurriculum.org,https://www.ycombinator.com/companies/opencurriculum,Helping K-12 teachers and school administrators build awesome…,"Sacramento, CA, USA; Mountain View, CA, USA",US,,,,Varun Arora,,,,,,No,0,,Early,Unspecified
mixerbox,MixerBox,Winter 2014,Active,http://mixerbox.com,mixerbox.com,https://www.ycombinator.com/companies/mixerbox,AI Super-Apps to Live Easier | The anything anytime superapps…,"Los Angeles, CA, USA",US,,https://www.linkedin.com/company/mixerbox,https://twitter.com/mixerbox,John Lai,https://www.linkedin.com/in/johnlai1/,,,,30,No,0,,Early,Consumer
gbatteries,GBatteries,Winter 2014,Active,https://www.gbatteries.com,gbatteries.com,https://www.ycombinator.com/companies/gbatteries,Enabling li-ion batteries to charge ultra fast without compromising…,"Ottawa, ON, Canada",CA,,https://www.linkedin.com/company/gbatteriesenergy,https://twitter.com/GBatteries,Nick Sherstyuk,,,,,25,No,0,,Early,Industrials
zinc,Zinc,Winter 2014,Active,http://zinc.com,zinc.com,https://www.ycombinator.com/companies/zinc,The secret backbone of e-commerce. ,"San Francisco, CA, USA",US,,,,Doug Feigelson; John Wang,https://www.linkedin.com/in/doug-feigelson-95371825; https://www.linkedin.com/in/johnjianwang,; ,,,10,No,0,,Early,B2B
zidisha,Zidisha,Winter 2014,Active,https://www.zidisha.org,zidisha.org,https://www.ycombinator.com/companies/zidisha,Direct P2P lending across the international wealth divide.,"Sterling, VA, USA; Remote",US,,,https://twitter.com/ZidishaInc,Julia Kurnia,https://www.linkedin.com/in/juliakurnia,,,,1,No,0,,Early,Fintech
truevault,TrueVault,Winter 2014,Active,https://www.truevault.com,truevault.com,https://www.ycombinator.com/companies/truevault,We make Privacy Software for SMBs.,"San Francisco, CA, USA; Remote",US,,https://www.linkedin.com/company/truevault/,https://twitter.com/truevault,Jason Wang,https://www.linkedin.com/in/jasonwang,,,,,No,0,,Early,B2B
guesty,Guesty,Winter 2014,Active,http://www.guesty.com,guesty.com,https://www.ycombinator.com/companies/guesty,The management platform for the short term rental industry.,"New York City, NY, USA",US,,https://www.linkedin.com/company/guesty/,https://twitter.com/guesty,Amiad Soto; Koby Soto,https://www.linkedin.com/in/amiadsoto; https://linkedin.com/in/kobysoto,; https://twitter.com/iamkoby,,,700,No,0,,Growth,Real Estate and Construction
snapdocs,Snapdocs,Winter 2014,Active,http://snapdocs.com,snapdocs.com,https://www.ycombinator.com/companies/snapdocs,digital mortgage closing,"Portland, OR, USA; San Francisco, CA, USA",US,,https://www.linkedin.com/company/snapdocs,https://twitter.com/snapdocs,Aaron King,https://www.linkedin.com/in/aaronwking,,,,285,No,0,,Growth,Real Estate and Construction
shoobs,Shoobs,Winter 2014,Active,http://shoobs.com,shoobs.com,https://www.ycombinator.com/companies/shoobs,We help you find and book tickets to great entertainment events that…,"London, England, United Kingdom",GB,,,https://twitter.com/Shoobsonline,Louise Broni-Mensah,https://www.linkedin.com/in/louisebronimensah/,,,,5,No,0,,Early,Consumer
pushbullet,Pushbullet,Winter 2014,Active,https://www.pushbullet.com,pushbullet.com,https://www.ycombinator.com/companies/pushbullet,Push things to your other things.,"San Francisco, CA, USA; Remote",US,,,https://twitter.com/pushbullet,Ryan Oldenburg; Christopher Hesse; Andre von Houck,https://www.linkedin.com/in/ryan-oldenburg-70661694; https://www.linkedin.com/in/christopher-hesse-861a249; https://www.linkedin.com/in/andrevonhouck,; ; ,,,3,No,0,,Early,Consumer
povio,Povio,Winter 2014,Active,http://povio.com,povio.com,https://www.ycombinator.com/companies/povio,Engineering and Design that Fuels Startup Success,"Celje, Celje, Slovenia; San Francisco, CA, USA",SI,,https://www.linkedin.com/company/povio,https://twitter.com/Povio,Matevž Petek,https://www.linkedin.com/in/matevzpetek,https://twitter.com/MatevzPetek,,,250,No,0,,Growth,B2B
piinpoint,PiinPoint,Winter 2014,Active,https://piinpoint.com,piinpoint.com,https://www.ycombinator.com/companies/piinpoint,PiinPoint helps businesses find the best locations for growth,"Kitchener, ON, Canada",CA,,,,Jim Robeson; Adam Saunders,https://www.linkedin.com/in/jimrobeson/; https://www.linkedin.com/in/adamrsaunders/,; ,,,20,Yes,1,Full-Stack Developer,Early,B2B
one-degree,One Degree,Winter 2014,Active,http://1degree.org,1degree.org,https://www.ycombinator.com/companies/one-degree,One Degree is a nonprofit organization that makes it easy for…,"San Francisco, CA, USA",US,,http://linkedin.com/company/one-degree-inc-,https://twitter.com/1Deg,Rey Faustino,https://www.linkedin.com/in/reyfaustino/,https://twitter.com/reyfaustino,,,14,No,0,,Early,Unspecified
mbx,MBX,Winter 2014,Active,http://us.memebox.com,us.memebox.com,https://www.ycombinator.com/companies/mbx,A global multi-brand beauty and personal care startup.,"San Francisco, CA, USA",US,,https://www.linkedin.com/company/memebox-corp-/about/?viewAsMember=true,,Hyungseok (Dino) Ha,https://www.linkedin.com/in/hyungseok-dino-ha-32579221/,,,,150,No,0,,Growth,Consumer
emailio,Emailio,Winter 2014,Active,http://emailio.com,emailio.com,https://www.ycombinator.com/companies/emailio,Email built for wellness,Remote,,,,,Martin Stoyanov; Teo Teodosiev,; https://www.linkedin.com/in/teodosiev/,; ,,,5,No,0,,Early,B2B
codenow,CodeNow,Winter 2014,Active,http://codenow.org,codenow.org,https://www.ycombinator.com/companies/codenow,Our mission is to diversify the talent pipeline of students who…,"Chicago, IL, USA",US,,,,Ryan Seashore,https://www.linkedin.com/in/seashore/,,,,2,No,0,,Early,Unspecified
codecombat,CodeCombat,Winter 2014,Active,https://codecombat.com,codecombat.com,https://www.ycombinator.com/companies/codecombat,Game that teaches computer science to middle and high school kids.,"Seattle, WA, USA; San Francisco, CA, USA; Remote",US,,https://www.linkedin.com/company/codecombat,https://twitter.com/codecombat,Nick Winter,http://linkedin.com/in/nwinter,https://twitter.com/nwinter,,,45,No,0,,Growth,Education
noora-health,Noora Health,Winter 2014,Active,http://noorahealth.org,noorahealth.org,https://www.ycombinator.com/companies/noora-health,Training patients and their families with health skills,"Traverse City, MI, USA",US,,https://www.linkedin.com/company/noora-health/,https://twitter.com/NooraHealth,Edith Elliott,https://www.linkedin.com/in/edith-elliott-633b7a37/,https://twitter.com/NooraHealth,,,500,Yes,1,Lead/Group Product Manager,Early,Healthcare
cambly,Cambly,Winter 2014,Active,http://www.cambly.com,cambly.com,https://www.ycombinator.com/companies/cambly,On-demand access to English tutors over video chat.,"San Francisco, CA, USA",US,,https://www.linkedin.com/company/cambly/,,Sameer Shariff,,,,,200,Yes,0,,Growth,Education
aptdeco,AptDeco,Winter 2014,Active,https://www.aptdeco.com/,aptdeco.com,https://www.ycombinator.com/companies/aptdeco,AptDeco is the easiest way to buy and sell used furniture,"New York City, NY, USA; New York, NY, USA",US,,https://www.linkedin.com/company/aptdeco,https://twitter.com/aptdeco,Reham Fagiri; kalam dennis,https://www.linkedin.com/in/reham-fagiri-97683b1; https://www.linkedin.com/in/kalam-dennis-641a7120,; ,,,,Yes,3,Partnership Manager - Transportation & Logistics; Customer Care Associate; Marketing Manager,Growth,Consumer
caremessage,CareMessage,Winter 2014,Active,http://caremessage.org,caremessage.org,https://www.ycombinator.com/companies/caremessage,Patient engagement for low-income populations,"Austin, TX, USA; Remote",US,,https://www.linkedin.com/company/caremessage,https://twitter.com/caremessage,Vineet Singal; Cecilia Corral,https://www.linkedin.com/in/vineetsingal/; https://www.linkedin.com/in/ceciliacorral,https://twitter.com/vineetsingal; https://twitter.com/ceciliacorral,,,45,No,0,,Early,Healthcare
ambition,Ambition,Winter 2014,Active,https://ambition.com,ambition.com,https://www.ycombinator.com/companies/ambition,Coaching and gamification software for sales teams. ,"Chattanooga, TN, USA",US,,https://www.linkedin.com/company/ambition-llc/,https://twitter.com/ambitionsales?lang=en,Travis Truett; Jared Houghton; Brian Trautschold,https://www.linkedin.com/in/travistruett; https://www.linkedin.com/in/jaredshoughton; https://www.linkedin.com/in/brian-trautschold-97518219/,; https://x.com/JaredHoughton; ,,,55,No,0,,Growth,B2B
airhelp,AirHelp,Winter 2014,Active,http://www.airhelp.com,airhelp.com,https://www.ycombinator.com/companies/airhelp,"AirHelp helps air passengers get compensation for delayed, cancelled…","Lisbon, Lisbon, Portugal; Remote",PT,,https://www.linkedin.com/company/airhelp/,https://twitter.com/theairhelper,Henrik Zillmer; Nicolas Michaelsen; Greg Roodt,https://www.linkedin.com/in/zillmer; https://www.linkedin.com/in/nicolasbranasmichaelsen/; https://www.linkedin.com/in/groodt/,https://www.twitter.com/henrikzillmer; ; https://twitter.com/groodt,,,350,No,0,,Growth,Consumer
42,42,Winter 2014,Active,https://42technologies.com,42technologies.com,https://www.ycombinator.com/companies/42,Analytics stack for omnichannel retailers and brands,"San Francisco, CA, USA",US,,,,Nick Porter,https://www.linkedin.com/in/nicolasporter,,,,,No,0,,Early,B2B
grubmarket,GrubMarket,Winter 2015,Active,http://grubmarket.com,grubmarket.com,https://www.ycombinator.com/companies/grubmarket,AI-powered technology enabler and digital transformer of American…,"San Francisco, CA, USA",US,,https://www.linkedin.com/company/grubmarket-inc-/,https://twitter.com/grubmarket,Mike Xu,http://www.linkedin.com/pub/mike-minyi-xu/1/837/510/,,,,4548,No,0,,Growth,B2B
razorpay,Razorpay,Winter 2015,Active,https://razorpay.com,razorpay.com,https://www.ycombinator.com/companies/razorpay,India's only full-stack financial solutions company for businesses.,"Bengaluru, KA, India",IN,,https://www.linkedin.com/company/razorpay/,https://twitter.com/razorpay,Harshil Mathur; Shashank Kumar,https://www.linkedin.com/pub/harshil-mathur/69/23a/127; http://www.linkedin.com/in/kumarshashank,https://twitter.com/harshilmathur; https://twitter.com/shashank_kr,,,2700,Yes,3,"Senior / Principal Engineers; Senior Infrastructure Engineer; Senior/Principal Engineer/Manager, Frontend Engineering",Growth,Fintech
shasqi,Shasqi,Winter 2015,Active,,,https://www.ycombinator.com/companies/shasqi,Targeting Cancer with Click Chemistry,"San Francisco, CA, USA; Remote",US,,https://www.linkedin.com/company/shasqi-inc./,https://twitter.com/shasqi,Jose M. Mejia Oneto,http://www.linkedin.com/in/joseperu/,,,,28,No,0,,Growth,Healthcare
mashgin,Mashgin,Winter 2015,Active,http://mashgin.com,mashgin.com,https://www.ycombinator.com/companies/mashgin,Self-Checkout using Computer Vision.,"San Francisco, CA, USA",US,,https://www.linkedin.com/company/mashgin/,https://twitter.com/mashgin,Abhinai Srivastava; Mukul Dhankhar,https://www.linkedin.com/in/abhinai; https://linkedin.com/in/mdhankhar,; ,,,150,Yes,4,"Senior Software Engineer, Full-Stack; Software Engineer, Computer Vision and Deep Learning; Senior Technical Product Manager; Senior Software Engineer, Backend",Growth,B2B
nimblerx,NimbleRx,Winter 2015,Active,http://nimblerx.com,nimblerx.com,https://www.ycombinator.com/companies/nimblerx,On-demand prescription delivery.,"San Francisco, CA, USA; Menlo Park, CA, USA",US,,https://www.linkedin.com/company/nimblerx,,Talha Sattar,https://www.linkedin.com/pub/talha-sattar/5/77a/97,,,,130,No,0,,Growth,Healthcare
replika,Replika,Winter 2015,Active,https://replika.ai/,replika.ai,https://www.ycombinator.com/companies/replika,Replika is an AI friend that you can talk to designed to make you…,"San Francisco, CA, USA",US,,https://www.linkedin.com/company/replikaai/about/,https://www.twitter.com/myreplika,Eugenia Kuyda,https://www.linkedin.com/in/eugenia-kuyda-638a8a1b/,,,,28,No,0,,Growth,Consumer
tara-ai,Tara AI,Winter 2015,Active,http://www.tara.ai,tara.ai,https://www.ycombinator.com/companies/tara-ai,"Meet Tara AI, your new engineering efficiency co-pilot.","San Francisco, CA, USA; San Jose, CA, USA; Remote",US,,https://www.linkedin.com/company/tara.ai/,https://twitter.com/taradotai,Iba Masood; Syed Ahmed,https://www.linkedin.com/in/ibamasood; https://www.linkedin.com/in/syedahmedz/,; https://x.com/syedahmed,,,13,No,0,,Growth,B2B
flip,Flip,Winter 2015,Active,http://justflip.com,justflip.com,https://www.ycombinator.com/companies/flip,Community-driven marketplace for sneakers.,"Los Angeles, CA, USA",US,,,https://twitter.com/JustFlip,Kemar Newell,https://www.linkedin.com/in/kemarnewell/,,,,,No,0,,Early,Consumer
x-zell,X-Zell,Winter 2015,Active,http://www.x-zell.com,x-zell.com,https://www.ycombinator.com/companies/x-zell,"Early, pain-free cancer detection. ","Bangkok, Thailand; Düsseldorf, NRW, Germany",TH,,https://www.linkedin.com/company/xzell,https://twitter.com/XZELLInc,Sebastian Punyaratabandhu Bhakdi; Prapat Suriyaphol,https://www.linkedin.com/pub/sebastian-chakrit-punyaratabandhu-bhakdi/4a/357/8a3; http://th.linkedin.com/pub/prapat-suriyaphol/17/5b0/3b2,; ,,,19,No,0,,Early,Healthcare
zenflow,Zenflow,Winter 2015,Active,http://zenflow.com,zenflow.com,https://www.ycombinator.com/companies/zenflow,"Medical device that provides a more effective, less invasive…","San Francisco, CA, USA; South San Francisco, CA, USA",US,,https://www.linkedin.com/company/torix-medical,https://twitter.com/zenflowinc,Shreya Mehta,https://www.linkedin.com/pub/shreya-mehta/5/57/49a,,,,18,No,0,,Growth,Healthcare
tab,Tab,Winter 2015,Active,https://www.tab.travel,tab.travel,https://www.ycombinator.com/companies/tab,"Revolutionising the way travellers discover, plan and book a trip","London, England, United Kingdom",GB,,https://www.linkedin.com/company/9397300/,https://twitter.com/Tab_HQ,Mark Datta,http://uk.linkedin.com/in/markdatta,,,,9,Yes,2,Product Engineer; Growth Marketing Lead,Early,Consumer
meadow,Meadow,Winter 2015,Active,https://getmeadow.com,getmeadow.com,https://www.ycombinator.com/companies/meadow,Point of Sale and Compliance SaaS for Cannabis Dispensaries,"San Francisco, CA, USA",US,,http://linkedin.com/company/getmeadow,http://twitter.com/meadow,David Hua; Rick Harrison; Scott A Garman; Harrison Lee,https://www.linkedin.com/in/davidhua; https://www.linkedin.com/in/rickharrison/; https://www.linkedin.com/profile/view?id=79643071&trk=nav_responsive_tab_profile; https://www.linkedin.com/in/harrisonrlee,http://twitter.com/hua; https://twitter.com/rickharrison; ; ,,,14,No,0,,Early,B2B
level-frames,Level Frames,Winter 2015,Active,http://levelframes.com,levelframes.com,https://www.ycombinator.com/companies/level-frames,Software eats custom framing,"New York City, NY, USA; Atlanta, GA, USA; South Lake Tahoe, CA, USA",US,,https://www.linkedin.com/company/level-frames,https://twitter.com/levelframes,Josh Hubball; Damian Sowers,https://www.linkedin.com/in/joshhubball; http://www.linkedin.com/pub/damian-sowers/22/a8b/178,https://twitter.com/jhubball; https://twitter.com/3solarmasses,,,5,No,0,,Early,Consumer
industrial-microbes,Industrial Microbes,Winter 2015,Active,http://imicrobes.com,imicrobes.com,https://www.ycombinator.com/companies/industrial-microbes,We design and build microbes to make chemicals greener at lower cost.,"San Francisco, CA, USA; Alameda, CA, USA",US,,https://www.linkedin.com/company/industrial-microbes/,https://twitter.com/iMicrobesInc,Derek Greenfield; Liz Clarke; Noah Helman,https://www.linkedin.com/profile/view?id=9841556; https://www.linkedin.com/in/elizabethclarke; http://www.linkedin.com/pub/noah-helman/3/744/565/,; ; https://twitter.com/NoahHelman,,,12,No,0,,Early,Healthcare
giveffect,Giveffect,Winter 2015,Active,http://giveffect.com,giveffect.com,https://www.ycombinator.com/companies/giveffect,"Fundraising, Volunteer and Donor Management SaaS for nonprofits.","New York City, NY, USA; New York, NY, USA",US,,https://www.linkedin.com/company/giveffect,https://twitter.com/giveffect,Allan Shin; Kevin Shin,http://www.linkedin.com/in/allanshin; https://www.linkedin.com/in/kevinshinobi,; ,,,,Yes,1,"Nonprofit Solution Consultant (Hiring in NY, NJ, GA, CA states only)",Early,B2B
ebrandvalue,eBrandvalue,Winter 2015,Active,https://www.ebrandvalue.com/,ebrandvalue.com,https://www.ycombinator.com/companies/ebrandvalue,Real-time Nielsen ratings for Brands.Accelerate marketing and product…,"San Francisco, CA, USA; Mountain View, CA, USA",US,,https://www.linkedin.com/company/ebrandvalue/,https://twitter.com/eBrandValue,Ayse Akcura; Tolga Akçura,https://www.linkedin.com/pub/ayse-akcura/2/b85/6ba; http://www.linkedin.com/pub/tolga-akcura/2/894/448,; ,,,10,No,0,,Early,B2B
quantierra,Quantierra,Winter 2015,Active,http://quantierra.com,quantierra.com,https://www.ycombinator.com/companies/quantierra,Sourcing investment real estate,"New York City, NY, USA; New York, NY, USA",US,,,https://twitter.com/quantierra,,,,,,5,No,0,,Growth,Real Estate and Construction
cleanly,Cleanly,Winter 2015,Active,https://cleanly.com,cleanly.com,https://www.ycombinator.com/companies/cleanly,Laundry & Dry Cleaning delivered.,"New York City, NY, USA",US,,https://www.linkedin.com/company/cleanly/about/,https://twitter.com/cleanly,Tom Harari; Chen Atlas; Itay Forer,http://www.linkedin.com/in/tomharari/; http://www.linkedin.com/in/atlaschen; https://www.linkedin.com/in/itayforer,https://twitter.com/tomharari; ; https://twitter.com/itayforer,,,40,No,0,,Growth,Consumer
resolve,Resolve,Winter 2015,Active,https://www.resolvebim.com,resolvebim.com,https://www.ycombinator.com/companies/resolve,Software to accelerate construction by finding issues in 3D BIM,"New York City, NY, USA; Remote",US,,https://www.linkedin.com/company/4871847,https://twitter.com/resolvebim,Angel Alonso Say; Russell Varriale,https://www.linkedin.com/in/sayangel; https://www.linkedin.com/in/russellvarriale,; https://twitter.com/RussellVarriale,,,10,No,0,,Early,Real Estate and Construction
makrwatch,Makrwatch,Winter 2015,Active,https://www.makrwatch.com,makrwatch.com,https://www.ycombinator.com/companies/makrwatch,Scale new user acquisition with YouTube Creators,"New York City, NY, USA; New York, NY, USA; Remote",US,,https://www.linkedin.com/company/11029598/admin/,,Andres Felipe Diaz; Carlos Saavedra,http://linkedin.com/in/andresthegeek/; https://www.linkedin.com/in/carlosaave,; ,,,19,No,0,,Early,B2B
teamnote,TeamNote,Winter 2015,Active,http://teamnoteapp.com,teamnoteapp.com,https://www.ycombinator.com/companies/teamnote,Mobile Productivity(Slack for mobile workforces),"Hong Kong, Hong Kong",HK,,https://www.linkedin.com/company/teamnote/,,Roy Law; Ming Lo; Jon Yip,https://www.linkedin.com/pub/roy-law/63/b2b/4b; https://linkedin.com/in/loming/; ,; ; ,,,11,No,0,,Growth,B2B
tempo,Tempo,Winter 2015,Active,https://tempo.fit/,tempo.fit,https://www.ycombinator.com/companies/tempo,Live home fitness training powered by computer vision.,"San Francisco, CA, USA",US,,,https://twitter.com/trainwithtempo,Moawia Eldeeb; Joshua Augustin,https://www.linkedin.com/in/moawiaeldeeb; https://www.linkedin.com/in/joshua-augustin-56ba268a,; ,,,158,Yes,3,Sr Computer Vision Engineer; Machine Learning Engineer; Senior Front End Engineer,Growth,Healthcare
sirum,SIRUM,Winter 2015,Active,http://sirum.org,sirum.org,https://www.ycombinator.com/companies/sirum,SIRUM is a “match.com” for unused medicine. We connect institutional…,"San Francisco, CA, USA; Palo Alto, CA, USA",US,,,https://twitter.com/sirum,Kiah J. Williams; Adam Kircher; George Wang,http://www.linkedin.com/pub/kiah-williams/9/656/b65; http://www.linkedin.com/pub/adam-kircher/a/532/b87; https://www.linkedin.com/pub/george-wang/12/883/771,; ; ,,,15,No,0,,Early,Unspecified
sails-co,Sails Co.,Winter 2015,Active,https://sailsjs.com/about,sailsjs.com,https://www.ycombinator.com/companies/sails-co,"Full-service web, mobile, & cloud studio providing professional…","Austin, TX, USA",US,,https://www.linkedin.com/company/the-sails-company,https://twitter.com/sailsjs,Mike McNeil; Scott Gress; Cody Stoltman,https://www.linkedin.com/in/mikermcneil; http://www.linkedin.com/in/scottgress/; http://www.linkedin.com/in/codystoltman/,https://x.com/mikermcneil; ; ,,,4,No,0,,Early,B2B
readme,ReadMe,Winter 2015,Active,http://readme.com,readme.com,https://www.ycombinator.com/companies/readme,"Beautiful, personalized, interactive developer hubs","New York City, NY, USA; New York, NY, USA",US,,https://www.linkedin.com/company/readme-io/,https://twitter.com/readme,Gregory Koberger,http://linkedin.com/in/gkoberger,,,,52,No,0,,Growth,B2B
buildscience,BuildScience,Winter 2015,Active,http://www.buildscience.com/,buildscience.com,https://www.ycombinator.com/companies/buildscience,The operating system for commercial buildings.,"Niagara Falls, NY, USA; Remote",US,,,,Ritesh Patel,https://www.linkedin.com/in/xitijpatel/,,,,1,No,0,,Early,Real Estate and Construction
platzi,Platzi,Winter 2015,Active,https://platzi.com,platzi.com,https://www.ycombinator.com/companies/platzi,Turning company knowledge into expert teams,"San Francisco, CA, USA",US,,https://www.linkedin.com/school/platzi-inc/,https://x.com/platzi,Freddy Vega,https://www.linkedin.com/in/johnfreddyvega,https://twitter.com/freddier,,,123,No,0,,Growth,B2B
labdoor,Labdoor,Winter 2015,Active,https://labdoor.com,labdoor.com,https://www.ycombinator.com/companies/labdoor,Labdoor is building the trusted online drugstore.,"San Francisco, CA, USA",US,,https://www.linkedin.com/company/labdoor,https://twitter.com/labdoor,Rafael Ferreira; Helton Souza; Neil Thanedar,https://www.linkedin.com/in/rafafferreira; https://www.linkedin.com/in/heltonsouza/; https://www.linkedin.com/in/thanedar,https://twitter.com/rafafferreira1; ; https://twitter.com/NeilThanedar,,,11,No,0,,Growth,Consumer
givemetap,GiveMeTap,Winter 2015,Active,http://givemetap.com,givemetap.com,https://www.ycombinator.com/companies/givemetap,We produce & sell stainless steel water bottles that enables people…,"London, England, United Kingdom; Remote",GB,,,,Edwin Broni-Mensah,https://www.linkedin.com/in/ebronimensah,,,,1,No,0,,Early,Consumer
bankjoy,Bankjoy,Winter 2015,Active,http://bankjoy.com,bankjoy.com,https://www.ycombinator.com/companies/bankjoy,An end-to-end digital banking solution for banks and credit unions,"Troy, MI, USA; Remote",US,,https://www.linkedin.com/company/bankjoy,https://twitter.com/bankjoy,Mike Duncan,https://www.linkedin.com/in/HelloMike,https://twitter.com/MikeElDuncan,,,60,No,0,,Growth,Fintech
zeitview,Zeitview,Winter 2015,Active,https://www.zeitview.com/,zeitview.com,https://www.ycombinator.com/companies/zeitview,Inspection software for renewable energy & sustainable infrastructure,"Los Angeles, CA, USA; Santa Monica, CA, USA; Remote",US,,https://www.linkedin.com/company/zeitview/about/,https://twitter.com/zeitview,Dan Burton,http://www.linkedin.com/pub/daniel-burton/89/117/287/,,,,200,No,0,,Growth,Industrials
the-human-utility,The Human Utility,Winter 2015,Active,https://www.detroitwaterproject.org/,detroitwaterproject.org,https://www.ycombinator.com/companies/the-human-utility,The Human Utility seeks to eliminate water service disconnections for…,"San Francisco, CA, USA; Oakland, CA, USA; Remote",US,,,http://www.twitter.com/humanutility,Tiffani Ashley Bell,http://www.linkedin.com/in/tiffani,https://www.twitter.com/tiffani,,,2,No,0,,Early,Unspecified
democracy-earth,Democracy Earth,Winter 2015,Active,http://democracy.earth/,democracy.earth,https://www.ycombinator.com/companies/democracy-earth,Censorship resistant democracies. ,"Madrid, Community of Madrid, Spain; Remote",ES,,,https://twitter.com/DemocracyEarth,Pia Mancini; Santiago Siri; Guido Vilariño,https://www.linkedin.com/in/piamancini; http://ar.linkedin.com/in/santisiri; http://www.linkedin.com/in/guidovilarino,; ; ,,,2,No,0,,Early,Unspecified
numerion-labs,Numerion Labs,Winter 2015,Active,https://www.numerionlabs.ai,numerionlabs.ai,https://www.ycombinator.com/companies/numerion-labs,Artificial intelligence for drug discovery.,"San Francisco, CA, USA",US,,https://www.linkedin.com/company/atomwise/,https://twitter.com/atomwiseinc,Abraham Heifets; Alex Levy; Izhar Wallach,https://www.linkedin.com/in/abrahamheifets/; ca.linkedin.com/in/levyalex; https://www.linkedin.com/pub/izhar-wallach/11/38/a04,https://twitter.com/AbeHeifets; ; ,,,67,No,0,,Growth,Healthcare
bright,Bright,Winter 2015,Active,https://www.thinkbright.mx,thinkbright.mx,https://www.ycombinator.com/companies/bright,Sunrun for the developing world,"New York City, NY, USA; Mexico City, CDMX, Mexico; Remote",US,,https://www.linkedin.com/company/9506733/,,Jonah Greenberger,http://www.linkedin.com/in/jonahgreenberger/,,,,100,No,0,,Growth,Industrials
magic,Magic,Winter 2015,Active,https://getmagic.com/,getmagic.com,https://www.ycombinator.com/companies/magic,Extremely talented assistants for busy people,"Washington, DC, USA; San Francisco, CA, USA; Remote",US,,,https://twitter.com/magic,Mike Chen; Aaron Kemmer; David Merriman; Nic Novak; Michael Rubin,https://www.linkedin.com/in/cmikec; https://www.linkedin.com/in/aaronkemmer/; https://www.linkedin.com/in/david-merriman-19bb3098; https://www.linkedin.com/in/nic-novak-00177250; https://www.linkedin.com/in/michael-rubin-519b2785/,; ; https://www.twitter.com/dwmerriman; ; ,,,350,Yes,1,"Account Executive - Global, Remote",Growth,B2B
mezmo,Mezmo,Winter 2015,Active,https://www.mezmo.com/,mezmo.com,https://www.ycombinator.com/companies/mezmo,Observability platform to control all of your log data,"San Francisco, CA, USA; Mountain View, CA, USA; Remote",US,,,https://twitter.com/mezmo,Lee Liu; Chris Nguyen,https://www.linkedin.com/in/leeliu; https://linkedin.com/in/christophernguyen,; ,,,172,No,0,,Growth,B2B
akido-labs,Akido Labs,Winter 2015,Active,http://akidolabs.com,akidolabs.com,https://www.ycombinator.com/companies/akido-labs,Rebuilding healthcare with AI at the core,"Los Angeles, CA, USA",US,,https://www.linkedin.com/company/akido-labs/,,Jared Goodner; Prashant Samant,https://www.linkedin.com/profile/view?id=40518626; https://www.linkedin.com/profile/view?id=25361409&trk=nav_responsive_tab_profile,; ,,,1000,No,0,,Early,Healthcare
qventus,Qventus,Winter 2015,Active,http://qventus.com,qventus.com,https://www.ycombinator.com/companies/qventus,We automate operations for hospitals and health systems,"San Francisco, CA, USA; Remote",US,,https://www.linkedin.com/company/qventus-inc/,https://twitter.com/qventus,Mudit Garg; Ian Christopher,https://www.linkedin.com/profile/view?id=9103167; http://www.linkedin.com/in/ianfchristopher,; ,,,230,Yes,0,,Growth,Healthcare
democracyos,DemocracyOS,Winter 2015,Active,http://www.democracyos.org,democracyos.org,https://www.ycombinator.com/companies/democracyos,"Online space for deliberation, policy making and democratic…","Buenos Aires, CABA, Argentina",AR,,,,Guido Vilariño,http://www.linkedin.com/in/guidovilarino,,,,1,No,0,,Early,Government
go1,Go1,Summer 2015,Active,https://go1.com,go1.com,https://www.ycombinator.com/companies/go1,A learning platform that enables you to train your staff or customers.,"Brisbane, QLD, Australia; San Francisco, CA, USA",AU,,https://www.linkedin.com/company/go1/,https://twitter.com/go1com,Andrew Barnes; Chris Eigeland; Vu Tran; Chris Hood,https://www.linkedin.com/in/ajbarnes; https://au.linkedin.com/in/chriseigeland; http://www.linkedin.com/profile/view?id=145590347; https://www.linkedin.com/in/chrish00d,; ; ; ,,,650,Yes,0,,Growth,B2B
scentbird,Scentbird,Summer 2015,Active,https://www.scentbird.com,scentbird.com,https://www.ycombinator.com/companies/scentbird,Scentbird is a luxury fragrance subscription service.,"New York City, NY, USA; New York, NY, USA; Remote",US,,,http://twitter.com/scentbird,Mariya Nurislamova,http://www.linkedin.com/in/mariyanurislamova/,,,,165,No,0,,Growth,Consumer
human-interest,Human Interest,Summer 2015,Active,http://humaninterest.com,humaninterest.com,https://www.ycombinator.com/companies/human-interest,The 401(k) for small and medium-sized businesses.,"San Francisco, CA, USA; Remote",US,,https://www.linkedin.com/company/humaninterest/,https://twitter.com/humaninteresthq,Roger Lee; Paul Sawaya,https://www.linkedin.com/in/rogerrlee; https://linkedin.com/in/paulsawaya,https://twitter.com/roger_lee; https://twitter.com/automin,,,765,Yes,0,,Growth,B2B
flirtey,Flirtey (SkyDrop),Summer 2015,Active,,,https://www.ycombinator.com/companies/flirtey,Flirtey is the world’s first commercial drone delivery service and…,"Blountville, TN, USA",US,,,https://twitter.com/Fly_Flirtey,Matthew Sweeny,https://www.linkedin.com/in/matthew-sweeny-732b70127/,,,,11,No,0,,Growth,Industrials
eight-sleep,Eight Sleep,Summer 2015,Active,http://eightsleep.com,eightsleep.com,https://www.ycombinator.com/companies/eight-sleep,The sleep fitness company.,"New York City, NY, USA; New York, NY, USA; Remote",US,,,https://twitter.com/eightsleep,Matteo Franceschetti; Massimo Andreasi Bassi; Alexandra Zatarain,https://www.linkedin.com/in/matteofranceschetti; https://www.linkedin.com/in/maghis; http://www.linkedin.com/in/alexandrazatarain/,; ; https://twitter.com/a_zatarain,,,100,Yes,13,"Senior Software Engineer - Backend; Full Stack Engineer - Web Focus; International Paid Media Manager; Director of Business Operations; Full Stack Engineer, Web; Technical Program Manager, Hardware; Director of Talent ; Product Manager; Electrical Engineer; Technical Recruiter; Recruiter; Senior Software Engineer (iOS)",Growth,Consumer
instawork,Instawork,Summer 2015,Active,http://instawork.com,instawork.com,https://www.ycombinator.com/companies/instawork,A flexible work app that connects businesses with hourly workers.,"San Francisco, CA, USA",US,,https://www.linkedin.com/company/10410445/admin/,https://twitter.com/instawork,Sumir Meghani,https://www.linkedin.com/in/sumirmeghani,,,,500,Yes,25,"Senior Account Executive; Staff Software Engineer; Enterprise Account Executive; Head of Data Science / Machine Learning; Enterprise Account Executive; Enterprise Account Manager; Enterprise Account Manager; Revenue Operations & Analytics Associate; Manager, Trust & Safety - Escalations; Staff / Principal ML Engineer; GTM Strategy & Analytics Manager; GTM Strategy & Analytics Manager",Growth,B2B
cofactor-genomics,Cofactor Genomics,Summer 2015,Active,http://cofactorgenomics.com,cofactorgenomics.com,https://www.ycombinator.com/companies/cofactor-genomics,Cofactor closes the precision medicine gap with predictive diagnostics,"St. Louis, MO, USA",US,,https://www.linkedin.com/company/cofactorgenomics/,https://twitter.com/cofactorgenomic,Dave Messina; Jarret Glasscock,http://linkedin.com/in/davemessina; https://www.linkedin.com/in/jarretglasscock,https://twitter.com/davemessina; ,,,13,No,0,,Growth,Healthcare
bitmovin,Bitmovin,Summer 2015,Active,http://bitmovin.com,bitmovin.com,https://www.ycombinator.com/companies/bitmovin,Powers OTT online video providers with video developer tools.,"San Francisco, CA, USA",US,,https://www.linkedin.com/company/bitmovin/,https://twitter.com/bitmovin,Stefan Lederer; Christian Timmerer; Christopher Mueller,http://at.linkedin.com/pub/stefan-lederer/25/236/2a1; https://www.linkedin.com/in/christiantimmerer; https://at.linkedin.com/pub/christopher-mueller/51/694/525,; https://twitter.com/timse7; ,,,145,Yes,1,Sales Director,Growth,B2B
tetrascience,TetraScience,Summer 2015,Active,https://www.tetrascience.com,tetrascience.com,https://www.ycombinator.com/companies/tetrascience,The only R&D data cloud for life sciences,"Boston, MA, USA; Remote",US,,https://www.linkedin.com/company/tetrascience/,,Siping Wang,https://www.linkedin.com/pub/siping-wang/47/A32/205,,,,100,No,0,,Growth,Healthcare
the-ticket-fairy,The Ticket Fairy,Summer 2015,Active,https://www.ticketfairy.com/,ticketfairy.com,https://www.ycombinator.com/companies/the-ticket-fairy,Revenue generation for live events,"Los Angeles, CA, USA; Remote",US,,https://www.linkedin.com/company/the-ticket-fairy,https://twitter.com/ticketfairy,Ritesh Patel; Jigar Patel,http://www.linkedin.com/in/riteshdpatel; http://www.linkedin.com/in/desinex,https://twitter.com/ritlocus; ,,,30,No,0,,Early,Consumer
font-awesome,Font Awesome,Summer 2015,Active,http://fontawesome.com,fontawesome.com,https://www.ycombinator.com/companies/font-awesome,Icons and social logos for your website.,"Bentonville, AR, USA; Joplin, MO, USA; Remote",US,,,https://twitter.com/fontawesome,Dave Gandy; Travis Chase,https://linkedin.com/in/davegandy; http://www.linkedin.com/in/supercodepoet,http://twitter.com/davegandy; http://www.twitter.com/supercodepoet,,,17,No,0,,Growth,B2B
80-000-hours,"80,000 Hours",Summer 2015,Active,http://80000hours.org,80000hours.org,https://www.ycombinator.com/companies/80-000-hours,An online guide that tells talented graduates how to maximise the…,"London, England, United Kingdom",GB,,https://www.linkedin.com/company/80-000-hours/,https://twitter.com/80000Hours,Benjamin Todd; William MacAskill,https://uk.linkedin.com/pub/benjamin-todd/63/66b/b58/; http://uk.linkedin.com/in/wdmacaskill,; ,,,13,No,0,,Early,Unspecified
xendit,Xendit,Summer 2015,Active,https://www.xendit.co/,xendit.co,https://www.ycombinator.com/companies/xendit,Provides payment infrastructure for Southeast Asia,"Jakarta, Jakarta, Indonesia",ID,,https://www.linkedin.com/company/xendit/,https://twitter.com/xenditco,Moses Lo; Bo Chen; Juan Gonzalez,http://linkedin.com/in/moseslo; https://www.linkedin.com/in/bochen303; https://www.linkedin.com/in/0505gonzalez,; ; ,,,700,Yes,1,Senior Software Engineer - Platform,Growth,Fintech
shred-video,Shred Video,Summer 2015,Active,https://shredvideo.com,shredvideo.com,https://www.ycombinator.com/companies/shred-video,Shred Video builds automated video & photo systems that allow…,"San Francisco, CA, USA",US,,,https://twitter.com/shredvideo,Mike Allen; Mark Godfrey,www.linkedin.com/pub/michael-allen/7/511/9a1/en; https://www.linkedin.com/profile/view?id=18358820,; ,,,2,No,0,,Early,Consumer
shape-shapescale,Shape (ShapeScale),Summer 2015,Active,https://shapescale.com,shapescale.com,https://www.ycombinator.com/companies/shape-shapescale,ShapeScale is a personal 3D scanner and fitness tracker that…,"San Francisco, CA, USA",US,,https://www.linkedin.com/company/shape-inc-/,https://www.twitter.com/shapescale,Alexandre Wayenberg; Martin Kessler,http://www.linkedin.com/in/awayenberg; https://www.linkedin.com/in/martinkessler,; https://twitter.com/kesslerio,,,7,Yes,1,Senior iOS Developer,Growth,Consumer
redcarpetup,RedCarpetUp,Summer 2015,Active,http://redcarpetup.com,redcarpetup.com,https://www.ycombinator.com/companies/redcarpetup,Credit cards for Indians that banks cannot see,"Gurugram, HR, India; Remote",IN,,https://www.linkedin.com/company/redcarpetup-com/about/,https://twitter.com/redcarpetup,Kartik Venkataraman,https://www.linkedin.com/in/kartikvenkataraman1,,,,100,No,0,,Growth,Fintech
plate-iq,Plate IQ,Summer 2015,Active,https://plateiq.com/,plateiq.com,https://www.ycombinator.com/companies/plate-iq,Automated Accounts Payable,"London, England, United Kingdom; Emeryville, CA, USA",GB,,https://www.linkedin.com/company/plateiq/,https://twitter.com/plateiq,Bhavuk Kaul; Ram Jayaraman,https://www.linkedin.com/in/bhavukkaul; https://www.linkedin.com/in/ramprabhuj,; ,,,200,No,0,,Growth,Fintech
picktrace,PickTrace,Summer 2015,Active,http://picktrace.com/company,picktrace.com,https://www.ycombinator.com/companies/picktrace,Workforce Management for Large Farms,"Los Angeles, CA, USA; Remote",US,,https://www.linkedin.com/company/picktrace/,,Harrison Steed; Austin Steed,http://www.linkedin.com/pub/harrison-steed/; https://www.linkedin.com/in/austinsteed,; ,,,65,No,0,,Growth,Industrials
fountain,Fountain,Summer 2015,Active,http://fountain.com,fountain.com,https://www.ycombinator.com/companies/fountain,High volume hiring made simple,"Seoul, Seoul, South Korea; San Francisco, CA, USA; Remote",KR,,https://www.linkedin.com/company/fountaininc/,https://twitter.com/Fountain_Inc,Keith Ryu,https://www.linkedin.com/pub/keith-ryu/37/b08/900,,,,200,No,0,,Growth,B2B
microhealth,Microhealth,Summer 2015,Active,http://microhealth.com,microhealth.com,https://www.ycombinator.com/companies/microhealth,Rare Disease-Focused Care Delivery and Evidence Generation Platform,"Claymont, DE, USA; Remote",US,,https://www.linkedin.com/company/microhealth/,,Miguel Lara; Marc Lara,http://linkedin.com/in/mlara1/en; linkedin.com/mlaranyc,; ,,,25,No,0,,Early,Healthcare
zeplin,Zeplin,Summer 2015,Active,https://zeplin.io,zeplin.io,https://www.ycombinator.com/companies/zeplin,Deliver on the Promise of Design,"San Francisco, CA, USA; London, England, United Kingdom; Istanbul, Istanbul, Turkey",US,,https://www.linkedin.com/company/zeplin-io,https://twitter.com/zeplin,Pelin Kenez; Ismail Ceylan; Merih Akar; Berk Çebi,https://www.linkedin.com/in/pelinkenez; https://www.linkedin.com/in/ceylanismail/; https://www.linkedin.com/in/merihakar/; https://www.linkedin.com/in/berkcebi/,; https://x.com/ceylanismail; https://twitter.com/merihakar; https://x.com/berkcebi,,,140,No,0,,Growth,B2B
markhor,Markhor,Summer 2015,Active,http://markhor.com,markhor.com,https://www.ycombinator.com/companies/markhor,Markhor is a DTC company that works with craftsmen to make shoes and…,"San Francisco, CA, USA; Remote",US,,,,Waqas Ali; Sidra Qasim,http://linkedin.com/in/waqasaday; http://linkedin.com/in/sidraqasim,http://twitter.com/waqasali; https://twitter.com/sidraqasim,,,5,No,0,,Early,Consumer
circle-medical,Circle Medical,Summer 2015,Active,https://circlemedical.com,circlemedical.com,https://www.ycombinator.com/companies/circle-medical,Modern primary care via video and in-person,,,,https://www.linkedin.com/company/circle-medical/,https://twitter.com/circlemd,JS Boulanger; Brent LaRue,https://www.linkedin.com/in/jsboulanger; https://www.linkedin.com/in/laruebrent,https://twitter.com/jsboulanger; https://twitter.com/brentlarue,,,235,Yes,3,"Collaborating / Supervising Physician MD / DO - Telemedicine Primary Care.; South Carolina Collaborating / Supervising Physician MD / DO - Telemedicine Primary Care; Director, Insurance Operations",Growth,Healthcare
givecampus,GiveCampus,Summer 2015,Active,http://go.givecampus.com,go.givecampus.com,https://www.ycombinator.com/companies/givecampus,The fundraising platform for schools.,"Washington, DC, USA; Remote",US,,https://www.linkedin.com/company/givecampus/,https://twitter.com/givecampus,Kestrel Linder; Michael Kong,https://www.linkedin.com/pub/kestrel-linder/b3/677/403?domainCountryName=&csrfToken=ajax%3A4508253911625070148; https://www.linkedin.com/pub/michael-kong/10/bb1/353,; ,,,130,Yes,3,"Full Stack Engineer; Lead Product Manager, Integrations; Senior Software Engineer, Emerging Product",Early,Education
drip-capital,Drip Capital,Summer 2015,Active,http://dripcapital.com,dripcapital.com,https://www.ycombinator.com/companies/drip-capital,Digital trade finance and B2B commerce company,"MH, India",IN,,https://www.linkedin.com/company/dripcapital/,https://twitter.com/DripCapital_Inc,Pushkar Mukewar,https://www.linkedin.com/pub/pushkar-mukewar/1/695/31,,,,280,Yes,0,,Growth,Fintech
chaldal,Chaldal,Summer 2015,Active,http://chaldal.com,chaldal.com,https://www.ycombinator.com/companies/chaldal,,"Dhaka, Dhaka Division, Bangladesh",BD,,,,Waseem Alim; Zia Ashraf,https://www.linkedin.com/profile/view?id=38553536; https://www.linkedin.com/in/zia-ashraf/,; ,,,2886,No,0,,Growth,Consumer
bodyport,Bodyport,Summer 2015,Active,http://bodyport.com,bodyport.com,https://www.ycombinator.com/companies/bodyport,Predicting and preventing heart disease.,"San Francisco, CA, USA",US,,https://www.linkedin.com/company/bodyport-inc./,https://twitter.com/bodyport,Corey Centen; Sarah Smith,http://ca.linkedin.com/in/coreycenten/; https://www.linkedin.com/in/sarahannsmith,http://twitter.com/bodyport; ,,,19,No,0,,Growth,Healthcare
verge-genomics,Verge Genomics,Summer 2015,Active,http://vergegenomics.com,vergegenomics.com,https://www.ycombinator.com/companies/verge-genomics,We use human data and AI to develop better drugs faster.,"San Francisco, CA, USA",US,,https://www.linkedin.com/company/verge-genomics/,https://twitter.com/vergegenomics,Alice Zhang,https://www.linkedin.com/pub/alice-zhang/2b/786/208,,,,50,Yes,0,,Growth,Healthcare
thrive-agritech,Thrive Agritech,Summer 2015,Active,http://www.thriveagritech.com,thriveagritech.com,https://www.ycombinator.com/companies/thrive-agritech,We design and manufacture energy efficient LED lighting fixtures for…,"Seattle, WA, USA; New York, NY, USA; Remote",US,,https://www.linkedin.com/company/transcend-lighting/,https://twitter.com/thriveagritech,Brian Bennett,https://www.linkedin.com/profile/view?id=33089925&trk=nav_responsive_tab_profile,,,,8,No,0,,Growth,Industrials
tesorio,Tesorio,Summer 2015,Active,https://www.tesorio.com,tesorio.com,https://www.ycombinator.com/companies/tesorio,Tesorio is the cash flow performance platform that helps finance…,"San Francisco, CA, USA; Burlingame, CA, USA; Remote",US,,https://www.linkedin.com/company/tesorio,https://twitter.com/usetesorio,Carlos Vega; Fabio Fleitas,https://www.linkedin.com/pub/carlos-r-vega/ ; http://www.linkedin.com/in/fabiofleitas,; https://twitter.com/FabioFleitas,,,53,No,0,,Growth,B2B
reach,Reach,Summer 2015,Active,https://reachpower.com,reachpower.com,https://www.ycombinator.com/companies/reach,"Long range, wireless energy distribution that scales","San Francisco, CA, USA",US,,https://www.linkedin.com/company/reach-power,,Christopher Davlantes,https://www.linkedin.com/in/chrisdavlantes/en,,,,45,Yes,0,,Growth,Industrials
sunfarmer,SunFarmer,Summer 2015,Active,http://sunfarmer.org,sunfarmer.org,https://www.ycombinator.com/companies/sunfarmer,Reliable and affordable solar energy in developing countries.,"Kathmandu, Central Development Region, Nepal",NP,,https://www.linkedin.com/company/sunfarmer/,,Andy Moon; Jason Gray,https://www.linkedin.com/in/andymoonfuture/; https://www.linkedin.com/in/jasondgray,https://twitter.com/andymoonsun; https://twitter.com/jasondgray,,,15,No,0,,Early,Industrials
confident-lims,Confident LIMS,Summer 2015,Active,https://confidentlims.com,confidentlims.com,https://www.ycombinator.com/companies/confident-lims,Laboratory Information Management System (LIMS) serving…,"San Francisco, CA, USA; Palo Alto, CA, USA; Remote",US,,https://www.linkedin.com/company/confident-lims/,,Steve Albarran; Miller Aaron,http://www.linkedin.com/pub/stephen-albarran/b/380/78b/en; https://www.linkedin.com/in/jma3/,; ,,,17,No,0,,Growth,B2B
branch8,Branch8,Summer 2015,Active,https://www.branch8.com,branch8.com,https://www.ycombinator.com/companies/branch8,Branch8 helps sellers to list and manage products on e-commerce…,"Kowloon, Hong Kong",HK,,,,Matt Li,http://hk.linkedin.com/pub/matt-li/16/4b1/38b,,,,15,Yes,0,,Early,B2B
heroic-labs,Heroic Labs,Summer 2015,Active,http://heroiclabs.com,heroiclabs.com,https://www.ycombinator.com/companies/heroic-labs,"Social Infrastructure for Games; Makers of Nakama game server, Satori…","London, England, United Kingdom",GB,,https://linkedin.com/company/heroic-labs,https://twitter.com/heroicdev,Chris Molozian; Mo Firouz; Andrei Mihu,https://uk.linkedin.com/in/chrismolozian; http://uk.linkedin.com/in/mofirouz; http://uk.linkedin.com/in/andreimihu,; ; ,,,21,No,0,,Growth,Consumer
snapmagic,SnapMagic,Summer 2015,Active,https://www.snapmagic.com,snapmagic.com,https://www.ycombinator.com/companies/snapmagic,AI-assisted electronics design,"San Francisco, CA, USA",US,,https://www.linkedin.com/company/snapeda,https://twitter.com/Snap_EDA,Natasha Baker,https://www.linkedin.com/in/natashaabaker,https://twitter.com/natashaabaker?lang=en,,,23,Yes,4,Enterprise Account Executive; Head of Customer Success; Head of Sales; Head of Operations,Early,B2B
assembly,Assembly,Summer 2015,Active,https://asm.co/,asm.co,https://www.ycombinator.com/companies/assembly,Advanced manufacturing and distribution solutions (for China-based…,"Los Angeles, CA, USA",US,,https://www.linkedin.com/company/assembly-inc./about/,https://twitter.com/assembly_inc,Jonathan Friedman,https://linkedin.com/in/friedparts,,,,12,No,0,,Early,B2B
gemnote,Gemnote,Summer 2015,Active,http://gemnote.com,gemnote.com,https://www.ycombinator.com/companies/gemnote,"Gemnote is the easiest way to design, create and send custom products.","Los Angeles, CA, USA",US,,https://www.linkedin.com/company/gemnote/,,Ashley Wong,https://www.linkedin.com/profile/view?id=48575772&trk=nav_responsive_tab_profile_pic,,,,40,Yes,1,Head of Operations,Growth,B2B
new-story,New Story,Summer 2015,Active,http://newstoryhomes.org,newstoryhomes.org,https://www.ycombinator.com/companies/new-story,We pioneer solutions to end the global housing crisis by empowering…,"Atlanta, GA, USA",US,,https://www.linkedin.com/company/new-story-homes/,https://mobile.twitter.com/NewStoryHomes,Brett Hagler; Matthew Marshall,http://www.linkedin.com/in/rbhagler/en; http://linkedin.com/in/jamesmatthewmarshall,https://twitter.com/BrettHagler; ,,,20,Yes,0,,Early,Real Estate and Construction
ironclad,Ironclad,Summer 2015,Active,http://ironcladapp.com,ironcladapp.com,https://www.ycombinator.com/companies/ironclad,AI-powered contract management,"San Francisco, CA, USA",US,,https://www.linkedin.com/company/ironclad-inc-/,https://twitter.com/ironclad_inc,Jason Boehmig,http://www.linkedin.com/in/jboehmig,https://x.com/jboehmig,,,700,Yes,3,"Legal Engineer (Aka Implementation Engineer); Senior Software Engineer, AI; Staff Product Designer",Growth,B2B
leaders-in-tech,Leaders In Tech,Summer 2015,Active,http://leadersintech.org,leadersintech.org,https://www.ycombinator.com/companies/leaders-in-tech,Become the leader your company needs.,"San Francisco, CA, USA",US,,,,Joe Greenstein; Semira Rahemtulla,https://www.linkedin.com/profile/view?id=15178; https://www.linkedin.com/in/semira,; ,,,1,No,0,,Early,Unspecified
teabot,teaBOT,Summer 2015,Active,http://teaBOT.com,teabot.com,https://www.ycombinator.com/companies/teabot,A robot that makes tea!,"Toronto, ON, Canada; Chicago, IL, USA",CA,,https://ca.linkedin.com/company/myteabot,https://twitter.com/myteabot,Rehman Merali,https://www.linkedin.com/in/rehmanmerali,,,,2,No,0,,Early,B2B
teleport,Teleport,Summer 2015,Active,https://goteleport.com,goteleport.com,https://www.ycombinator.com/companies/teleport,The Infrastructure Identity Company,"San Francisco, CA, USA",US,,https://www.linkedin.com/company/go-teleport/,https://twitter.com/goteleport,Ev Kontsevoy; Alexander Klizhentas; Taylor Wakefield,https://www.linkedin.com/in/kontsevoy/; ; https://www.linkedin.com/in/taylorwakefield/,https://twitter.com/kontsevoy; ; https://twitter.com/ktwakefield,,,255,No,0,,Growth,B2B
lugg,Lugg,Summer 2015,Active,http://lugg.com,lugg.com,https://www.ycombinator.com/companies/lugg,"Move anything, anytime, anywhere","Salt Lake City, UT, USA; San Francisco, CA, USA; Remote",US,,https://www.linkedin.com/company/lugg/,https://twitter.com/lugg,Jordan Brown; Eric Kreutzer,https://www.linkedin.com/pub/jordan-brown/a1/628/b4b; https://www.linkedin.com/in/eric-kreutzer,https://twitter.com/jordanbrown; https://x.com/erickreutz,,,50,Yes,1,Senior Backend Software Engineer,Early,Consumer
podium,Podium,Winter 2016,Active,https://podium.com,podium.com,https://www.ycombinator.com/companies/podium,Get more leads. Make more money. ,"Lehi, UT, USA",US,,https://www.linkedin.com/company/podium/,https://twitter.com/podiumhq,Eric Rea; Dennis Steele,https://www.linkedin.com/in/ericrea; https://www.linkedin.com/in/steeledennis,; ,,,1000,Yes,3,Senior AI Engineer - Utah; Staff AI Engineer - Utah; Staff AI Engineer - USA,Growth,B2B
rappi,Rappi,Winter 2016,Active,http://www.rappi.com,rappi.com,https://www.ycombinator.com/companies/rappi,On-demand delivery and financial services for Latin America.,"Bogotá, Bogota, Colombia",CO,,https://www.linkedin.com/company/rappi/,https://twitter.com/rappicolombia,Simon Borrero; Sebastian Mejia; Felipe Villamarin,https://co.linkedin.com/in/simonborrero; https://www.linkedin.com/in/sebastianmejia; https://www.linkedin.com/in/felipe-villamarin-85518161,; https://twitter.com/mejiasebas; ,,,4800,Yes,0,,Growth,Consumer
focal-systems,Focal Systems,Winter 2016,Active,http://www.focal.systems,focal.systems,https://www.ycombinator.com/companies/focal-systems,Building the Operating System for B&M Retail using Deep Learning,"San Francisco, CA, USA; Toronto, ON, Canada; London, England, United Kingdom",US,,,,Michael Cantalino,https://www.linkedin.com/pub/michael-john-cantalino/12/b44/747,,,,170,No,0,,Growth,B2B
mio,Mio,Winter 2016,Active,http://m.io,m.io,https://www.ycombinator.com/companies/mio,Mio powers seamless communication between workplace chat apps.,"Austin, TX, USA",US,,,https://twitter.com/mio,Tom Hadfield; James Cundle,http://www.linkedin.com/in/hadfieldtom/; https://www.linkedin.com/in/jamescundle/,http://twitter.com/tomhadfield; https://twitter.com/jamescundle,,,12,No,0,,Growth,B2B
daily,Daily,Winter 2016,Active,https://daily.co,daily.co,https://www.ycombinator.com/companies/daily,Conversational Voice and Multimodal AI built with Open Source ,"San Francisco, CA, USA; Remote",US,,https://www.linkedin.com/company/dailyco/,https://twitter.com/trydaily,Kwindla Hultman Kramer,https://www.linkedin.com/in/kwkramer/,https://twitter.com/kwindla,,,126,No,0,,Growth,B2B
petcube,Petcube,Winter 2016,Active,http://petcube.com,petcube.com,https://www.ycombinator.com/companies/petcube,Petcube is on the mission to improve lives of pets and pet owners…,"San Francisco, CA, USA",US,,https://www.linkedin.com/company/petcube,https://twitter.com/petcube,Yaroslav Azhnyuk; Andriy Klen; Alex (Sasha) Neskin,https://www.linkedin.com/in/YaroslavAzhnyuk; https://www.linkedin.com/in/andreyklen; https://www.linkedin.com/pub/alex-neskin/15/244/155,; https://twitter.com/_klen; ,,,51,No,0,,Growth,Consumer
outschool,Outschool,Winter 2016,Active,http://outschool.com,outschool.com,https://www.ycombinator.com/companies/outschool,A live online learning platform that empowers kids ages 3–18.,"San Francisco, CA, USA; Remote",US,,https://www.linkedin.com/company/outschool/,https://twitter.com/outschool,Nicholas Grandy,https://www.linkedin.com/profile/view?id=AAMAAABZlEsBToF_BCHS0McY54D6pM73t9TzIWE&trk=hp-identity-name,,,,107,No,0,,Growth,Education
mason,Mason,Winter 2016,Active,http://www.bymason.com,bymason.com,https://www.ycombinator.com/companies/mason,Mason is the fastest way to take smart devices from idea to end user,"Seattle, WA, USA",US,,https://www.linkedin.com/company/mason-america/,https://twitter.com/buildwithMason,Jim Xiao,https://www.linkedin.com/in/jimxiao,https://twitter.com/jimxmeter,,,65,Yes,4,"Software Engineer - Backend; Full Stack Software Engineer; Account Manager - Hardware/Physical Devices; Technical Product Manager, Software",Growth,B2B
magicbus,MagicBus,Winter 2016,Active,http://www.magicbus.io,magicbus.io,https://www.ycombinator.com/companies/magicbus,We make vanpool simple.,"Los Angeles, CA, USA",US,,,,Ray Wu; Jason Kraft; Chris Upjohn,https://www.linkedin.com/in/raycwu; https://linkedin.com/in/jasonjkraft; https://www.linkedin.com/pub/chris-upjohn,https://twitter.com/raywu; ; ,,,18,No,0,,Growth,Consumer
tovala,Tovala,Winter 2016,Active,http://www.tovala.com,tovala.com,https://www.ycombinator.com/companies/tovala,A smart-oven-paired subscription meal service.,"Chicago, IL, USA",US,,,https://twitter.com/tovalafood,David Rabie,http://www.linkedin.com/in/davidrabie/en,,,,375,Yes,1,Senior Data Engineer,Growth,Consumer
isono-health,iSono Health,Winter 2016,Active,http://www.isonohealth.com,isonohealth.com,https://www.ycombinator.com/companies/isono-health,AI-powered platform for Accessible and Personalized Breast Health…,"San Francisco, CA, USA",US,,https://www.linkedin.com/company/isono-health/,https://twitter.com/isonohealth,Shadi Saberi,https://www.linkedin.com/in/ssaberig,,,,9,Yes,3,Computer Vision/Deep Learning Scientist; Senior Software Engineer - Cloud; Manufacturing Engineer,Early,Healthcare
getaccept,GetAccept,Winter 2016,Active,https://www.getaccept.com,getaccept.com,https://www.ycombinator.com/companies/getaccept,Close deals faster. Digitally.,"Malmö, Skåne County, Sweden; San Francisco, CA, USA",SE,,https://www.linkedin.com/company/getaccept,https://twitter.com/getaccept,Samir Smajic; Carl Carell; Mathias Thulin,https://www.linkedin.com/in/samirsmajic; https://se.linkedin.com/in/carlcarell; https://se.linkedin.com/in/mathiasthulin,; ; https://twitter.com/mathiasthulin,,,200,No,0,,Growth,B2B
chatfuel,Chatfuel,Winter 2016,Active,http://chatfuel.com,chatfuel.com,https://www.ycombinator.com/companies/chatfuel,Platform to easily create chatbots to engage with audiences on…,"San Francisco, CA, USA",US,,,https://twitter.com/chatfuel,Dmitrii Dumik; Artem Ptashnik,https://www.linkedin.com/in/ddumik; https://www.linkedin.com/in/artem-ptashnik-828163bb/,; ,,,53,No,0,,Growth,B2B
yardbook,Yardbook,Winter 2016,Active,https://www.yardbook.com,yardbook.com,https://www.ycombinator.com/companies/yardbook,Marketplace & Software Revolutionizing Yard Care,"San Francisco, CA, USA; San Mateo, CA, USA",US,,,,Mark Ke,https://www.linkedin.com/pub/mark-ke/1/84/a97,,,,,No,0,,Early,B2B
stealth-worker,Stealth Worker,Winter 2016,Active,https://www.stealthworker.com,stealthworker.com,https://www.ycombinator.com/companies/stealth-worker,"Information Security (Cyber Security), Compliance and Privacy (GDPR &…","San Francisco, CA, USA; Menlo Park, CA, USA; Remote",US,,,,Ken Baylor,https://www.linkedin.com/in/kenbaylor,,,,5,No,0,,Early,B2B
deepgram,Deepgram,Winter 2016,Active,https://www.deepgram.com,deepgram.com,https://www.ycombinator.com/companies/deepgram,Building foundational AI for speech transcription and understanding.,"San Francisco, CA, USA; Remote",US,,https://www.linkedin.com/company/deepgram,https://www.twitter.com/DeepgramAI,,,,,,115,Yes,5,"Research Scientist, Voice; Sales Development Representative; Corporate Account Executive; Software Engineer - Deepgram for Restaurants; Enterprise AI Strategist, Deepgram for Restaurants",Growth,B2B
soundboks,SOUNDBOKS,Winter 2016,Active,http://soundboks.com,soundboks.com,https://www.ycombinator.com/companies/soundboks,We're creating the loudest battery-driven speaker on the market,"Copenhagen, Denmark",DK,,https://www.linkedin.com/company/soundboks/,https://twitter.com/SOUNDBOKS,Jesper Theil Thomsen; Christoffer Nyvold,https://www.linkedin.com/profile/view?id=AAIAABVMXEgBw5e16NKx-jQOYprAiCu8I34aBw8&trk=nav_responsive_tab_profile_pic; https://dk.linkedin.com/pub/christoffer-nyvold/101/84a/b38,; ,,,50,Yes,0,,Growth,Consumer
lattice,Lattice,Winter 2016,Active,https://lattice.com,lattice.com,https://www.ycombinator.com/companies/lattice,Modern people management platform.,"San Francisco, CA, USA",US,,https://www.linkedin.com/company/lattice-hq/,https://twitter.com/latticehq,Jack Altman; Eric Koslow,https://www.linkedin.com/in/jackealtman; https://www.linkedin.com/in/erickoslow,; https://twitter.com/ekosz1,,,540,Yes,0,,Growth,B2B
mux,Mux,Winter 2016,Active,http://mux.com,mux.com,https://www.ycombinator.com/companies/mux,Video infrastructure for developers,"San Francisco, CA, USA",US,,https://www.linkedin.com/company/mux/,https://twitter.com/muxhq,Jon Dahl; Adam Brown; Steve Heffernan; Matthew McClure,https://www.linkedin.com/in/zencoder; https://www.linkedin.com/in/adam-brown-7452b03a/; https://www.linkedin.com/in/heffernan; https://www.linkedin.com/profile/view?id=AAIAAAJfgWIBGxc9zShLz4cBthEtfFkCOgyYI78,https://twitter.com/jondahl; ; https://twitter.com/heff; https://twitter.com/matt_mcclure,,,95,No,0,,Growth,B2B
amberbox-gunshot-detection,AmberBox Gunshot Detection,Winter 2016,Active,https://amberbox.com,amberbox.com,https://www.ycombinator.com/companies/amberbox-gunshot-detection,Detect Gunshots | Inform Law Enforcement | Empower First Responders,"New York City, NY, USA",US,,,,,,,,,,No,0,,Early,B2B
qvin,Qvin,Winter 2016,Active,https://qvin.com/,qvin.com,https://www.ycombinator.com/companies/qvin,Empowering women. Period.,"San Francisco, CA, USA; Menlo Park, CA, USA",US,,https://www.linkedin.com/company/qvin/,https://twitter.com/weareqvin/,Sara Naseri; Søren Therkelsen,https://www.linkedin.com/profile/view?id=AAMAAAWjCzsBfsUv5rIxaaWge7Eycs-TJsC37zE&trk=hp-identity-name ; https://www.linkedin.com/in/sorenrt,; ,,,30,No,0,,Early,Healthcare
perlara,Perlara,Winter 2016,Active,http://perlara.com,perlara.com,https://www.ycombinator.com/companies/perlara,Perlara: building the YC for rare disease parents,"San Francisco, CA, USA; Oakland, CA, USA; Remote",US,,,https://twitter.com/perlarapbc,,,,,,1,No,0,,Early,Healthcare
devcolor,DevColor,Winter 2016,Active,http://www.devcolor.org/,devcolor.org,https://www.ycombinator.com/companies/devcolor,We give Black software engineers support they need to advance in tech.,"San Francisco, CA, USA",US,,https://www.linkedin.com/company/-dev-color/,https://twitter.com/devcolororg,Makinde Adeagbo,http://linkedin.com/in/makinde,,,,7,No,0,,Early,Unspecified
lygos,Lygos,Winter 2016,Active,http://www.lygos.com,lygos.com,https://www.ycombinator.com/companies/lygos,"Lygos (W16) built and commercialized sustainable, high-performance…","San Francisco, CA, USA",US,,https://www.linkedin.com/company/lygos,https://twitter.com/LygosBiotech,Eric Steen; Jeffrey Dietrich,http://www.linkedin.com/in/EricJSteen; https://www.linkedin.com/in/jeffreydietrich,; ,,,55,No,0,,Growth,Healthcare
zenysis,Zenysis,Winter 2016,Active,http://www.zenysis.com,zenysis.com,https://www.ycombinator.com/companies/zenysis,Building powerful data analysis software for developing countries.,"San Francisco, CA, USA",US,,,,Jonathan Stambolis; Ian Webster,https://www.linkedin.com/in/jstambolis; http://linkedin.com/in/ianww,; ,,,11,Yes,0,,Growth,Government
astranis,Astranis,Winter 2016,Active,http://www.astranis.com,astranis.com,https://www.ycombinator.com/companies/astranis,Advanced satellites for high orbits.,"San Francisco, CA, USA",US,,https://www.linkedin.com/company/astranis/,https://twitter.com/Astranis,John Gedmark; Ryan McLinko,https://www.linkedin.com/in/johngedmark; https://www.linkedin.com/in/mclinkor,https://twitter.com/gedmark; ,,,500,Yes,168,Senior Flight Software Engineer ; Flight Software Engineer ; Mechanical Engineer; Senior Mechanical Engineer; Hardware/ Production Test Software Engineer; Senior Hardware/ Production Test Software Engineer; Power Electronics Team Lead; Senior CAD Engineer; Senior Electrical Engineer- SDR Hardware ; Senior Propulsion Manufacturing Engineer; PCBA Manufacturing Engineer; Embedded Software Engineer - Network Software,Growth,Industrials
protonet,Protonet,Winter 2016,Active,https://protonet.info,protonet.info,https://www.ycombinator.com/companies/protonet,Protonet provides the easiest way for a small business to run its own…,,,,https://www.linkedin.com/company/protonet-gmbh/,https://twitter.com/protonet,Christopher Blum; Ali Jelveh,https://www.linkedin.com/profile/view?id=AAIAAADCIYUBtE8v5K3_Te-rvWb8rHxzYFqaYgU; https://www.linkedin.com/in/alijelveh/,; ,,,,No,0,,Early,B2B
boom,Boom,Winter 2016,Active,https://boomsupersonic.com/,boomsupersonic.com,https://www.ycombinator.com/companies/boom,Economically and environmentally sustainable supersonic travel,"Denver, CO, USA; Englewood, CO, USA",US,,https://www.linkedin.com/company/boom-technology-inc./,https://twitter.com/boomaero,Blake Scholl,https://www.linkedin.com/in/blakescholl/,,,,227,No,0,,Growth,Industrials
relativity-space,Relativity Space,Winter 2016,Active,http://relativityspace.com,relativityspace.com,https://www.ycombinator.com/companies/relativity-space,Building humanity’s multiplanetary future.,"Los Angeles, CA, USA",US,,https://www.linkedin.com/company/relativity/,https://twitter.com/relativityspace,Tim Ellis,https://www.linkedin.com/pub/tim-ellis/72/671/111,,,,2500,Yes,3,"Senior Software Engineer, Full Stack; Senior Software Engineer, Flight Software; Manager, Test, Release & Deployment Engineering",Growth,Industrials
sendbird,Sendbird,Winter 2016,Active,https://sendbird.com,sendbird.com,https://www.ycombinator.com/companies/sendbird,"The AI agent that doesn’t just support, it delights.","San Francisco, CA, USA",US,,https://www.linkedin.com/company/sendbird,https://x.com/sendbird,John S. Kim; Brandon Jeon; Harry Kim,https://www.linkedin.com/in/doshkim; https://www.linkedin.com/in/brandonjeon/; https://www.linkedin.com/in/ysharrykim,https://twitter.com/doshkim; ; ,,,300,Yes,1,AI-First Full Stack Marketer,Growth,B2B
wakie,Wakie,Winter 2016,Active,http://www.wakie.com,wakie.com,https://www.ycombinator.com/companies/wakie,A social app for phone calls. Express yourself and make real friends.,"San Francisco, CA, USA; Menlo Park, CA, USA; Remote",US,,https://www.linkedin.com/company/wakie/about/,https://twitter.com/wakieapp,Hrachik Ajamian,https://www.linkedin.com/in/hrachik,,,,10,No,0,,Early,Consumer
sanitation-and-health-rights-in-india-shri,Sanitation and Health Rights in India (SHRI),Winter 2016,Active,http://www.sanrights.org,sanrights.org,https://www.ycombinator.com/companies/sanitation-and-health-rights-in-india-shri,,"Boston, MA, USA; BR, India",US,,,,Anoop Jain,,,,,1,No,0,,Early,Unspecified
quilt-data,Quilt Data,Winter 2016,Active,https://quiltdata.com,quiltdata.com,https://www.ycombinator.com/companies/quilt-data,Quilt manages data like code so that companies can experiment faster,"San Francisco, CA, USA; Remote",US,,,https://twitter.com/quiltdata,Kevin Moore,https://www.linkedin.com/in/kevinemoore,,,,6,No,0,,Early,B2B
fightcamp,FightCamp,Winter 2016,Active,http://joinfightcamp.com,joinfightcamp.com,https://www.ycombinator.com/companies/fightcamp,Home boxing gym with motion trackers that compute punches and reps. ,"Los Angeles, CA, USA; Newport Beach, CA, USA",US,,https://www.linkedin.com/fightcamp,https://twitter.com/joinfightcamp,Khalil Zahar; Patrick Chandler; Alexandre Marcotte,https://ca.linkedin.com/pub/khalil-zahar/63/563/981; https://www.linkedin.com/in/patrick-chandler-b53a58b7; https://www.linkedin.com,https://twitter.com/khalzahar; ; ,,,64,No,0,,Early,Consumer
carbic,Carbic,Winter 2016,Active,http://carbic.com,carbic.com,https://www.ycombinator.com/companies/carbic,using ultrasonics + ml to analyze fluid behavior at infrastructure…,"San Francisco, CA, USA",US,,https://www.linkedin.com/company/38081356/,https://twitter.com/carbic_,Jed Somers; Jeff Garoon,https://linkedin.com/in/jedsomers; https://www.linkedin.com/in/jeffgaroon,https://www.twitter.com/jedsomers; ,,,8,No,0,,Early,Industrials
netbeez,NetBeez,Winter 2016,Active,https://netbeez.net,netbeez.net,https://www.ycombinator.com/companies/netbeez,Network monitoring from the end-user perspective,"Pittsburgh, PA, USA; Remote",US,,https://www.linkedin.com/company/2937752/,https://twitter.com/NetBeez,Stefano Gridelli; Panickos Neophytou; Panos Vouzis,https://www.linkedin.com/in/stefanogridelli/en; http://www.linkedin.com/in/panickos/en; https://www.linkedin.com/in/pvouzis,https://twitter.com/Stefanogridelli; https://twitter.com/panickos; ,,,12,No,0,,Early,B2B
mrelief,mRelief,Winter 2016,Active,https://www.mrelief.com,mrelief.com,https://www.ycombinator.com/companies/mrelief,mRelief has built an easy-to-use platform and web and text messaging…,"Chicago, IL, USA",US,,,,Rose Afriyie; Genevieve Nielsen,https://www.linkedin.com/in/roseafriyie; https://www.linkedin.com/in/genevievenielsen,; ,,,12,No,0,,Early,Unspecified
histowiz,HistoWiz,Winter 2016,Active,http://histowiz.com,histowiz.com,https://www.ycombinator.com/companies/histowiz,Accelerating Histopathology for Cancer Research ,"New York City, NY, USA; Brooklyn, NY, USA",US,,https://www.linkedin.com/company/histowiz/,https://twitter.com/histowiz,Ke Cheng,https://www.linkedin.com/pub/ke-cheng/0/537/b18                                                                               Richard Losick Teaching Fellow for Molecular Biology (MCB52). 09/07-02/08,,,,2,No,0,,Growth,Healthcare
golorry,GoLorry,Winter 2016,Active,http://www.golorry.com,golorry.com,https://www.ycombinator.com/companies/golorry,Mobile marketplace for inter-city trucking in India,"Hyderabad, Telangana, India",IN,,https://www.linkedin.com/company/golorry,,Sanjay Mandava; ZJ Lin; J Richards,https://www.linkedin.com/pub/sanjay-mandava/24/6aa/206; https://www.linkedin.com/in/zjlin/; https://www.linkedin.com/in/jonathan-richards-26259bb6/,https://twitter.com/mandava_sanjay; ; ,,,30,No,0,,Early,B2B
gecko-robotics,Gecko Robotics,Winter 2016,Active,https://www.geckorobotics.com,geckorobotics.com,https://www.ycombinator.com/companies/gecko-robotics,AI + Robotics for the Built World,"Pittsburgh, PA, USA; Austin, TX, USA",US,,https://www.linkedin.com/company/geckorobotics/,https://www.twitter.com/geckorobotics,Jake Loosararian; Troy Demmer,https://www.linkedin.com/profile/preview?locale=en_US&trk=prof-0-sb-preview-primary-button; https://www.linkedin.com/profile/view?id=AAIAAAVknjQBfe-5mD0s-nYSWNXnFY_7rEl6whA&trk=nav_responsive_tab_profile,; ,,,230,Yes,1,Software Engineer | Government,Growth,Industrials
lynks,Lynks,Winter 2016,Active,https://www.lynks.com/,lynks.com,https://www.ycombinator.com/companies/lynks,Lynks is an e-commerce company that makes high demand products…,"Alexandria Governorate, Egypt",EG,,,,Mostafa ElBatsh,https://www.linkedin.com/profile/view?id=AAIAAAYzAiMB4uZ_1SS_seu7jrnGN58CzCmpJHM&trk=nav_responsive_tab_profile_pic,,,,40,No,0,,Growth,Consumer
thunkable,Thunkable,Winter 2016,Active,http://thunkable.com,thunkable.com,https://www.ycombinator.com/companies/thunkable,Thunkable is the no-code platform to build powerful native mobile apps,"San Francisco, CA, USA",US,,https://www.linkedin.com/company/thunkable/,https://twitter.com/thunkable,Arun Saigal; WeiHua Li,https://www.linkedin.com/in/aksaigal; https://www.linkedin.com/pub/weihua-li/14/877/62b,https://twitter.com/aksaigal?lang=en; ,,,40,Yes,2,Chief of Staff; Engineering Manager,Growth,B2B
apollo-io,Apollo.io,Winter 2016,Active,https://www.apollo.io/,apollo.io,https://www.ycombinator.com/companies/apollo-io,Apollo is the foundation of your entire go-to-market strategy.,"San Francisco, CA, USA; Remote",US,,https://www.linkedin.com/company/apolloio/,,Tim Zheng; Ray Li,https://www.linkedin.com/pub/tim-zheng/10/ba0/677; https://www.linkedin.com/in/raysiruili,; ,,,800,Yes,3,Senior Fullstack Software Engineer (Remote); Senior Backend Software Engineer (Remote); Senior DevOps Engineer (Remote),Growth,B2B
salt-security,Salt Security,Winter 2016,Active,https://salt.security/,salt.security,https://www.ycombinator.com/companies/salt-security,Protects organizations from getting breached through their APIs.,"New York City, NY, USA; Tel Aviv-Yafo, Tel Aviv District, Israel",US,,https://www.linkedin.com/company/saltsecurity,https://twitter.com/SaltSecurity,Roey Eliyahu,https://www.linkedin.com/profile/view?id=AAIAABIcm5MBfqBCyLhsb4LF4s6RylWpU2QCVVQ,,,,200,No,0,,Growth,B2B
pave,Pave,Winter 2016,Active,https://www.paveai.com/,paveai.com,https://www.ycombinator.com/companies/pave,Pave analyzes Google Analytics + marketing data and sends you reports…,"Toronto, ON, Canada; Remote",CA,,,,JP Patel,https://www.linkedin.com/in/jp415,,,,6,No,0,,Early,B2B
luciq,Luciq (formerly Instabug),Winter 2016,Active,https://luciq.ai,luciq.ai,https://www.ycombinator.com/companies/luciq,Agentic Observability Platform for Mobile,"Cairo, Cairo Governorate, Egypt",EG,,https://www.linkedin.com/company/luciq,https://x.com/Luciq_AI,Moataz Soliman; Omar Gabr,https://eg.linkedin.com/pub/moataz-soliman/53/42/289; https://www.linkedin.com/in/okgabr,https://x.com/mzsoliman; https://x.com/OKGabr,,,250,No,0,,Growth,B2B
function-of-beauty,Function of Beauty,Winter 2016,Active,http://www.functionofbeauty.com,functionofbeauty.com,https://www.ycombinator.com/companies/function-of-beauty,"Customizable beauty for hair, skin, and body care products.","New York City, NY, USA; New York, NY, USA",US,,https://www.linkedin.com/company/10877282,https://twitter.com/fxofbeauty,Zahir Dossa; Hien Kaplan; Joshua Maciejewski,https://www.linkedin.com/in/dossa/; https://www.linkedin.com/in/hientnguyen; http://www.linkedin.com/in/joshuamac,; ; ,,,300,Yes,1,Graphic Designer,Growth,Consumer
superside,Superside,Winter 2016,Active,http://www.superside.com,superside.com,https://www.ycombinator.com/companies/superside,AI-First Creative Partner for Enterprise Teams,"Oslo, Oslo, Norway; Remote",NO,,https://www.linkedin.com/company/superside,https://twitter.com/SupersideHQ,Fredrik Thomassen,http://id.linkedin.com/in/fredrikthomassen,https://twitter.com/f_thomassen,,,850,No,0,,Early,B2B
netomi,Netomi,Winter 2016,Active,https://netomi.com,netomi.com,https://www.ycombinator.com/companies/netomi,Self-Driving Customer Care,"San Francisco, CA, USA",US,,https://www.linkedin.com/company/netomi/,https://twitter.com/netomi_official,Puneet Mehta,https://www.linkedin.com/profile/view?id=AAIAAABf99YBV9eQCLdt0E2AyvhyTITW2oLZUB4,,,,3,Yes,2,Technical Customer Success Manager; UX Researcher,Early,B2B
castle-2,Castle,Winter 2016,Active,https://castle.io,castle.io,https://www.ycombinator.com/companies/castle-2,Block bots & bad behavior,"San Francisco, CA, USA; Remote",US,,https://www.linkedin.com/company/castle-intelligence,https://twitter.com/Castle_IO,Johan Brissmyr; Sebastian Wallin,https://www.linkedin.com/in/brissmyr; http://se.linkedin.com/in/sebwal/,; ,,,20,Yes,0,,Growth,B2B
opentrons,Opentrons,Winter 2016,Active,http://opentrons.com,opentrons.com,https://www.ycombinator.com/companies/opentrons,We make robots for biologists. ,"New York City, NY, USA; New York, NY, USA",US,,,https://twitter.com/opentrons_,Nicholas Wagner; Will Canine; Chiu Chau,https://www.linkedin.com/in/nicholashwagner; https://www.linkedin.com/in/will-canine-602a9266; https://www.linkedin.com/pub/chiu-chau/b/297/bb2,; ; ,,,300,No,0,,Growth,Healthcare
mailtime,MailTime,Winter 2016,Active,http://mailtime.com,mailtime.com,https://www.ycombinator.com/companies/mailtime,Emails as quick and easy as text messaging.,"Hong Kong, Hong Kong",HK,,,,Heatherm Huang; Gary Lau,http://linkedin.com/in/heathermhuang; http://hk.linkedin.com/pub/gary-lau/28/51b/a55,http://twitter.com/heathermhuang; ,,,18,Yes,0,,Early,B2B
revl,Revl,Winter 2016,Active,https://revl.com/,revl.com,https://www.ycombinator.com/companies/revl,AI edited video souvenirs as a service,"San Francisco, CA, USA; Remote",US,,,,Eric Sanchez; Bruce Pla; Nelson Vazquez,https://linkedin.com/in/ericsanchezcurti; https://www.linkedin.com/messaging/thread/6027669874958938112; https://www.linkedin.com/pub/nelson-vazquez/a8/36/725,; ; ,,,22,No,0,,Growth,B2B
pocketsuite,PocketSuite,Winter 2016,Active,https://pocketsuite.io,pocketsuite.io,https://www.ycombinator.com/companies/pocketsuite,All-In-One Business Operating System by PocketSuite,"Washington, DC, USA; Remote",US,,https://www.linkedin.com/company/pocketsuite,https://twitter.com/PocketSuite,Yang Forjindam,https://www.linkedin.com/in/yangforjindam,,,,30,Yes,3,Lead Generalist Engineer; Customer Success Product Expert & Business Coach; Marketing Generalist - SMB Growth & Strategy,Growth,B2B
meter-feeder,Meter Feeder,Winter 2016,Active,http://www.meterfeeder.com,meterfeeder.com,https://www.ycombinator.com/companies/meter-feeder,Helping fleets find and pay parking tickets,"Pittsburgh, PA, USA",US,,https://www.linkedin.com/company/meter-feeder-inc,https://twitter.com/MeterFeeder,Jim Gibbs; Daniel Lopretto,https://www.linkedin.com/pub/james-gibbs/0/8/4ab; https://www.linkedin.com/pub/daniel-lopretto/4b/838/182,https://twitter.com/heezo; ,,,4,No,0,,Early,Fintech
gigwell,Gigwell,Winter 2016,Active,https://www.gigwell.com,gigwell.com,https://www.ycombinator.com/companies/gigwell,Building the Operating System for the Concert & Live Events Industry.,"Los Angeles, CA, USA",US,,https://www.linkedin.com/company/gigwell,https://twitter.com/gigwellofficial,Jeremie Habib; Glade Luco; Antonio Sierra,https://www.linkedin.com/in/jeremiehabib; https://www.linkedin.com/in/gladeluco; https://www.linkedin.com/in/antonioasierra,; ; ,,,12,No,0,,Early,B2B
copia,Copia,Winter 2016,Active,http://www.gocopia.com,gocopia.com,https://www.ycombinator.com/companies/copia,Copia's a for-profit technology company that solves food waste &…,"San Francisco, CA, USA; Remote",US,,https://www.linkedin.com/company/gocopia/,http://www.twitter.com/gocopia,Komal Ahmad,https://www.linkedin.com/in/komalahmad,https://twitter.com/komal_ahmad,,,20,No,0,,Early,B2B
deako,Deako,Winter 2016,Active,https://www.deako.com,deako.com,https://www.ycombinator.com/companies/deako,We make beautiful connected light switches that allow you to control…,"Seattle, WA, USA",US,,,,Derek Richardson,https://www.linkedin.com/in/drichardson1976,,,,11,No,0,,Growth,Consumer
bird,Bird,Summer 2016,Active,http://bird.com,bird.com,https://www.ycombinator.com/companies/bird,The world’s largest omnichannel communications platform,"Amsterdam, NH, Netherlands",NL,,https://www.linkedin.com/company/birdhq,,Robert Vis; Bob Violier; Joey van Ommen,http://linkedin/in/robertvis; ; ,; ; ,,,500,No,0,,Growth,B2B
scale-ai,Scale AI,Summer 2016,Active,http://scale.com,scale.com,https://www.ycombinator.com/companies/scale-ai,Data-centric infrastructure to accelerate the development of AI ,"San Francisco, CA, USA",US,,https://www.linkedin.com/company/scaleai/,https://twitter.com/scale_AI,Alexandr Wang,https://www.linkedin.com/in/alexandrwang,,,,500,Yes,6,"Strategic Product Manager; Account Executive - Automotive; Account Executive: Global Accounts; Account Executive: Lead - eCommerce; Account Executive, Strategic - Financial Services/Insurance; Senior Engineering Manager, Platform ",Growth,B2B
expo,Expo,Summer 2016,Active,https://expo.dev,expo.dev,https://www.ycombinator.com/companies/expo,Expo brings together the best of web and native app development,"San Francisco, CA, USA; Palo Alto, CA, USA",US,,https://www.linkedin.com/company/expo-dev,https://twitter.com/expo,Charlie Cheever; James Ide,https://www.linkedin.com/in/ccheever; https://www.linkedin.com/in/idejames/,; https://twitter.com/JI,,,40,No,0,,Growth,B2B
elemeno-health,Elemeno Health,Summer 2016,Active,http://elemenohealth.com,elemenohealth.com,https://www.ycombinator.com/companies/elemeno-health,Just-in-time training and communication for frontline healthcare teams,"San Francisco, CA, USA; Oakland, CA, USA",US,,https://www.linkedin.com/company/elemenohealth,https://twitter.com/elemenohealth,Arup Roy-Burman,https://www.linkedin.com/in/arup-roy-burman-7891736,,,,25,No,0,,Growth,Healthcare
suiteness,Suiteness,Summer 2016,Active,https://www.suiteness.com,suiteness.com,https://www.ycombinator.com/companies/suiteness,Book guaranteed connecting rooms and suites at hotels,"San Francisco, CA, USA; Oakland, CA, USA; Remote",US,,https://www.linkedin.com/company/suiteness,https://twitter.com/suiteness,Robbie Bhathal; Kyle Killion,https://www.linkedin.com/in/robbiebhathal?trk=hp-identity-photo; http://www.linkedin.com/in/kylekillion/,https://x.com/robbiebhathal?mx=2; https://twitter.com/killion,,,7,No,0,,Growth,Consumer
jumpcut,Jumpcut,Summer 2016,Active,http://www.jumpcut.com,jumpcut.com,https://www.ycombinator.com/companies/jumpcut,Helping creators go viral and build businesses.,"Los Angeles, CA, USA",US,,,,Kong Pham; Jesse Jhaj; Peter Lu,https://www.linkedin.com/in/kongpham1; https://www.linkedin.com/in/jesse-jhaj-047212100; https://www.linkedin.com/in/peterjlu,; ; ,,,11,No,0,,Early,Education
quero-education,Quero Education,Summer 2016,Active,http://querobolsa.com.br,querobolsa.com.br,https://www.ycombinator.com/companies/quero-education,Quero is an online marketplace for college programs in Brazil. It…,"São José dos Campos, SP, Brazil",BR,,,,Bernardo de Padua; Thiago Brandão,http://br.linkedin.com/in/bernardops; https://br.linkedin.com/in/thiagobrandam,http://twitter.com/bernardops; ,,,200,No,0,,Growth,Education
apolloshield,ApolloShield,Summer 2016,Active,https://www.apolloshield.com,apolloshield.com,https://www.ycombinator.com/companies/apolloshield,ApolloShield is a system that detects unwanted drones and drives them…,"Tel Aviv-Yafo, Tel Aviv District, Israel",IL,,https://www.linkedin.com/company/apolloshield-anti-drone-solutions/,https://twitter.com/apolloshield,Gilad Beeri,https://www.linkedin.com/in/giladbeeri,,,,,No,0,,Early,Industrials
people-ai,People.ai,Summer 2016,Active,https://people.ai,people.ai,https://www.ycombinator.com/companies/people-ai,Harnesses business activity to unlock growth.,"San Francisco, CA, USA",US,,https://www.linkedin.com/company/people.ai/,https://twitter.com/ppl_ai,Oleg Rogynskyy; Kevin Yang,https://www.linkedin.com/in/olegrogynskyy; https://linkedin.com/in/kyyang222,https://twitter.com/OlegR; ,,,300,Yes,1,Strategic Account Executive,Growth,B2B
yoshi-mobility,Yoshi Mobility,Summer 2016,Active,https://www.yoshimobility.com,yoshimobility.com,https://www.ycombinator.com/companies/yoshi-mobility,Making car ownership and management frictionless.,"Nashville, TN, USA",US,,https://www.linkedin.com/company/yoshimobility/,https://twitter.com/yoshimobility,Bryan Frist; Nick Alexander; Dan Hunter,https://www.linkedin.com/in/bryan-frist-b2514017?trk=nav_responsive_tab_profile; https://www.linkedin.com/in/ndalexander/; https://www.linkedin.com/in/daniel-hunter-612bb720,; ; https://twitter.com/danjohnhunter,,,125,No,0,,Growth,Consumer
omg-digital,OMG Digital,Summer 2016,Active,http://omgdigitalinc.com/,omgdigitalinc.com,https://www.ycombinator.com/companies/omg-digital,Content discovery platform for Africa,"Accra, Greater Accra Region, Ghana",GH,,,,Jesse Ahin,,,,,2,No,0,,Early,Consumer
circa,Circa,Summer 2016,Active,http://www.circa.co,circa.co,https://www.ycombinator.com/companies/circa,Event marketing CRM,"Boston, MA, USA; Santa Fe, NM, USA",US,,https://www.linkedin.com/company/withcirca/,https://twitter.com/hicirca,Alex Patriquin,https://www.linkedin.com/in/alexpatriquin,https://twitter.com/apatriq,,,21,No,0,,Early,B2B
ready-education,Ready Education,Summer 2016,Active,https://www.readyeducation.com,readyeducation.com,https://www.ycombinator.com/companies/ready-education,Ready Education is building the mobile OS for higher education. We…,"Montreal, QC, Canada",CA,,,,Danial Jameel; Alice Dinu; James Dang,https://linkedin.com/in/danialj; https://ca.linkedin.com/in/alice-dinu-b214011b; https://linkedin.com/in/james-dang-4ab61b26,; ; ,,,54,No,0,,Growth,Consumer
flutterwave,Flutterwave,Summer 2016,Active,https://flutterwave.com,flutterwave.com,https://www.ycombinator.com/companies/flutterwave,Helping businesses make and accept payments from anywhere in Africa.,"Lagos, LA, Nigeria; LA, Nigeria",NG,,https://www.linkedin.com/company/flutterwave/,https://twitter.com/theflutterwave,Adeleke Adekoya; Olugbenga GB Agboola,https://ng.linkedin.com/in/adeleke-adekoya-68ab7626; https://ng.linkedin.com/in/gbengagb,; https://twitter.com/techprod_arch,,,500,No,0,,Growth,Fintech
emote,Emote,Summer 2016,Active,http://www.emotenow.com,emotenow.com,https://www.ycombinator.com/companies/emote,Catch student behavior problems before they start.,"San Francisco, CA, USA; Remote",US,,,,Julian Golder; Lei Xu,https://www.linkedin.com/in/juliangolder; http://www.linkedin.com/in/leixusam,; ,,,6,No,0,,Early,Consumer
smartpath,SmartPath,Summer 2016,Active,http://joinsmartpath.com,joinsmartpath.com,https://www.ycombinator.com/companies/smartpath,Financial wellness for the middle class,"Atlanta, GA, USA; Remote",US,,https://www.linkedin.com/company/smartpath-financial-wellness,https://twitter.com/smartpathfin,Alok Deshpande,https://www.linkedin.com/in/alokdeshpande,,,,16,No,0,,Growth,Fintech
curtsy,Curtsy,Summer 2016,Active,http://curtsyapp.com/,curtsyapp.com,https://www.ycombinator.com/companies/curtsy,Curtsy is a sustainable clothing resale app.,"San Francisco, CA, USA",US,,,https://twitter.com/curtsy,David Oates; Eli Allen,http://linkedin.com/in/deoates; https://www.linkedin.com/in/eli-allen-311b2367,; ,,,15,No,0,,Growth,Consumer
validere,Validere,Summer 2016,Active,http://validere.com,validere.com,https://www.ycombinator.com/companies/validere,A carbon MRV solution for energy and hard-to-abate sectors,"Toronto, ON, Canada",CA,,https://www.linkedin.com/company/10389765/admin/,https://twitter.com/Validere,Nouman Ahmad,https://www.linkedin.com/in/noumanzahmad,,,,110,No,0,,Growth,Industrials
airfordable,Airfordable,Summer 2016,Active,http://www.airfordable.com,airfordable.com,https://www.ycombinator.com/companies/airfordable,Buy flights for only a fraction upfront and pay off the rest in…,"Chicago, IL, USA; Remote",US,,,http://www.twitter.com/flyairfordable,Ama Marfo; Emmanuel Buah,www.linkedin.com/in/amamarfo; https://www.linkedin.com/in/emmanuelbuah,; ,,,7,No,0,,Growth,Fintech
athelas,Athelas,Summer 2016,Active,http://athelas.com,athelas.com,https://www.ycombinator.com/companies/athelas,"Extensible, Integrated Technology that Simplifies Health Systems","San Francisco, CA, USA",US,,https://www.linkedin.com/company/athelas/,,Deepika Bodapati; Tanay Tandon,https://www.linkedin.com/pub/deepika-bodapati/73/297/102; https://www.linkedin.com/pub/tanay-tandon/52/452/231,; ,,,1000,Yes,102,"Senior Software Engineer - Ambient ; Provider-Only Clinical Account Executive; Senior Engineering Manager, Platform Infrastructure Engineering; Implementation Consultant;  Onboarding Manager; Implementation Manager, RCM Launch; Enterprise Account Executive, Strongline ; Enterprise Sales Director, RCM; HR Compliance, Risk & Policy Lead; Senior Analyst, Denial Management (India); Senior Analyst, Rejection Management (India); Data Operation Analyst (India)",Growth,Healthcare
miso,Miso,Summer 2016,Active,http://miso.kr,miso.kr,https://www.ycombinator.com/companies/miso,We make booking services as easy as buying products online.,"Seoul, Seoul, South Korea",KR,,,,Victor Ching,http://www.linkedin.com/in/victorching,https://twitter.com/victorology,,,300,Yes,1,Founding Business Lead (U.S. Expansion),Growth,Consumer
squire-technologies,Squire Technologies,Summer 2016,Active,http://getsquire.com/,getsquire.com,https://www.ycombinator.com/companies/squire-technologies,Platform to grow your barbershop and maximize profitability.,"New York City, NY, USA; New York, NY, USA",US,,https://www.linkedin.com/company/squ%C4%ABr-technologies,https://twitter.com/getsquire.com,Songe LaRon; Dave Salvant,https://www.linkedin.com/in/songe; https://www.linkedin.com/in/davesalvant,; ,,,150,No,0,,Early,Consumer
gogograndparent,GoGoGrandparent,Summer 2016,Active,https://gogograndparent.com,gogograndparent.com,https://www.ycombinator.com/companies/gogograndparent,"A concierge service for seniors’ rides, meals, meds, home and more.","San Francisco, CA, USA; Remote",US,,https://www.linkedin.com/company/gogograndparent,https://twitter.com/gogograndparent,Justin Boogaard; David Lung,http://www.linkedin.com/in/justinboogaard; https://www.linkedin.com/in/lungdavid/,; ,,,50,Yes,3,Backend Engineer; Growth Product Manager; Scientific Partnerships Lead,Growth,Consumer
hioperator,HiOperator,Summer 2016,Active,http://www.hioperator.com,hioperator.com,https://www.ycombinator.com/companies/hioperator,Customer support as a service. ,"Dallas, TX, USA; San Francisco, CA, USA",US,,,,Liz Tsai,https://www.linkedin.com/in/elizabeth-tsai-7619412b,,,,200,Yes,3,Business Development Representative; Business Software Developer; Senior Software Engineer,Growth,B2B
synvivia,Synvivia,Summer 2016,Active,https://www.synvivia.com,synvivia.com,https://www.ycombinator.com/companies/synvivia,Synvivia applies chemical control over cell behavior,"San Francisco, CA, USA; Berkeley, CA, USA",US,,,,Gabriel Lopez,https://www.linkedin.com/in/gabriel-lopez-17b94410b?trk=nav_responsive_tab_profile,,,,4,No,0,,Early,Healthcare
legalist,Legalist,Summer 2016,Active,https://www.legalist.com,legalist.com,https://www.ycombinator.com/companies/legalist,Legal investment firm,"San Francisco, CA, USA",US,,https://www.linkedin.com/company/legalist/,https://www.twitter.com/legalistinc,Eva Shang,http://www.linkedin.com/in/eshang,https://twitter.com/eva_shang,,,40,Yes,5,"Account Executive; Business Development Associate, Legal Partnerships; Head of Marketing; Sales Development Representative (SDR); AI Native Engineer",Early,Fintech
new-incentives,New Incentives,Summer 2016,Active,http://www.newincentives.org,newincentives.org,https://www.ycombinator.com/companies/new-incentives,Cash transfers that save lives.,"San Francisco, CA, USA",US,,,,Svetha Janumpalli; Prat Agarwal,https://www.linkedin.com/in/svethajanumpalli; http://www.linkedin.com/in/pratagarwal,; ,,,51,No,0,,Early,Unspecified
multiply-labs,Multiply Labs,Summer 2016,Active,http://multiplylabs.com/,multiplylabs.com,https://www.ycombinator.com/companies/multiply-labs,Robotic production capacity for the pharma manufacturing industry,"San Francisco, CA, USA",US,,https://www.linkedin.com/company/multiply-labs/,https://twitter.com/multiplylabs,Fred Parietti; Alice Melocchi,https://www.linkedin.com/in/federico-parietti-75164920; https://www.linkedin.com/in/alice-melocchi-071816120,; ,,,36,Yes,0,,Growth,Industrials
women-who-code,Women Who Code,Summer 2016,Active,https://www.womenwhocode.com/,womenwhocode.com,https://www.ycombinator.com/companies/women-who-code,WWCode is a non profit that empowering diverse women to excel in tech.,"Atlanta, GA, USA; Remote",US,,https://www.linkedin.com/company/women-who-code,https://twitter.com/womenwhocode,Alaina Percival; Zassmin Montes de Oca,http://www.linkedin.com/in/alainapercival; https://linkedin.com/in/zassmin,https://twitter.com/alaina; ,,,25,Yes,0,,Early,Unspecified
the-flex-company,The Flex Company,Summer 2016,Active,http://www.flexfits.com,flexfits.com,https://www.ycombinator.com/companies/the-flex-company,Sustainable period care.,"Los Angeles, CA, USA",US,,https://www.linkedin.com/company/the-flex-company/,https://twitter.com/flex,Lauren Schulte Wang; Panpan Wang,https://www.linkedin.com/in/laurenschulte; https://www.linkedin.com/in/panpanwang,https://twitter.com/lmschulte; ,,,28,No,0,,Early,Consumer
onechronos,OneChronos,Summer 2016,Active,https://www.onechronos.com/,onechronos.com,https://www.ycombinator.com/companies/onechronos,The Smart Market for Institutional Investors,"New York City, NY, USA",US,,https://www.linkedin.com/company/onechronos/,https://twitter.com/onechronos,Stephen Johnson; Kelly Littlepage,https://www.linkedin.com/in/stephendjohnson1; https://www.linkedin.com/in/klittlepage,; ,,,75,Yes,6,"Software Engineer, Data Platform; Senior DevOps Engineer; Engineering Manager; Business Development, Mission Control | OneChronos Market; Software Engineer, Quality [SDET] NYC/Flexible work arrangements; Technical Lead",Growth,Fintech
nova-credit,Nova Credit,Summer 2016,Active,http://www.novacredit.com/,novacredit.com,https://www.ycombinator.com/companies/nova-credit,Bridging a world of consumer-permissioned credit data,"New York City, NY, USA",US,,https://www.linkedin.com/company/nova-credit-inc./,https://twitter.com/nova_credit,Misha Esipov,https://www.linkedin.com/in/mishaesipov,,,,100,Yes,3,Senior Software Engineer; Staff Software Engineer; Staff Product Manager,Growth,Fintech
instrumentl,Instrumentl,Summer 2016,Active,https://www.instrumentl.com,instrumentl.com,https://www.ycombinator.com/companies/instrumentl,Instrumentl automates grant discovery and management for nonprofits.,"San Francisco, CA, USA; Remote",US,,https://www.linkedin.com/company/instrumentl/,,Gauri Manglik; Angela Braren; Katharine Corriveau,https://www.linkedin.com/in/gaurimanglik; https://www.linkedin.com/in/angela-braren-62383726; https://www.linkedin.com/in/katharinecorriveau,https://twitter.com/gauri; ; ,,,100,Yes,8,Senior Full Stack Software Engineer; Inbound Sales Development Representative; Inbound Sales Development Representative - Entry Level; Outbound Sales Development Representative; Marketing Ops Manager; Senior Content Marketing Manager; Senior Backend Engineer; Senior Deal Desk Analyst,Early,B2B
rocketlit,RocketLit,Summer 2016,Active,http://www.rocketlit.com,rocketlit.com,https://www.ycombinator.com/companies/rocketlit,RocketLit is an adaptive learning and assessment platform. ,"Los Angeles, CA, USA; Santa Monica, CA, USA; Remote",US,,https://www.linkedin.com/company/rocketlit,https://twitter.com/InnerOrbitedu,Brendan Finch; Grenard Madrigal,https://www.linkedin.com/in/brendan-finch-8658265b; https://www.linkedin.com/in/grenard-madrigal-437b7118,https://twitter.com/birdbrainfinch; ,,,11,No,0,,Early,Education
livement,Livement,Summer 2016,Active,https://boletomovil.com,boletomovil.com,https://www.ycombinator.com/companies/livement,Livement makes selling tickets for events easy and safe for organizers,"Guadalajara, Jal., Mexico",MX,,,https://twitter.com/boletomovil,Walter Gonzalez; Roberto Rey,https://www.linkedin.com/in/wgdomenzain; https://www.linkedin.com/in/robertoreym,; ,,,45,No,0,,Early,B2B
rose-rocket,Rose Rocket,Summer 2016,Active,http://roserocket.com,roserocket.com,https://www.ycombinator.com/companies/rose-rocket,Rose Rocket is ERP software for trucking companies.,"Toronto, ON, Canada",CA,,https://www.linkedin.com/company/rose-rocket,https://twitter.com/roserocketapp,Alexander Luksidadi,https://ca.linkedin.com/in/fitrah-alexander-luksidadi-04897514,,,,165,Yes,0,,Growth,B2B
vote-org,Vote.org,Summer 2016,Active,http://www.vote.org,vote.org,https://www.ycombinator.com/companies/vote-org,,"San Francisco, CA, USA; Remote",US,,,,Debra Cleaver,https://www.linkedin.com/in/debracleaver,,,,,No,0,,Early,Consumer
upgraded,Upgraded,Summer 2016,Active,http://getupgraded.com,getupgraded.com,https://www.ycombinator.com/companies/upgraded,Upgraded helps retailers and carriers sell devices on subscription.,"San Francisco, CA, USA; Remote",US,,https://www.linkedin.com/company/upgraded-technologies,https://www.twitter.com/upgraded_tech,Hendrik Roosna; JR Rahn,https://ee.linkedin.com/in/hroosna; https://sg.linkedin.com/in/jamonr,; ,,,13,No,0,,Early,Consumer
raptor-maps,Raptor Maps,Summer 2016,Active,http://www.raptormaps.com,raptormaps.com,https://www.ycombinator.com/companies/raptor-maps,Raptor Maps builds software to manage the solar PV lifecycle.,"Boston, MA, USA; Somerville, MA, USA; Remote",US,,https://www.linkedin.com/company/raptor-maps-inc.,https://twitter.com/RaptorMaps,Nikhil Vadhavkar; Eddie Obropta,https://www.linkedin.com/in/nvadhavkar; https://www.linkedin.com/in/eobropta,; https://x.com/eddieobropta,,,75,No,0,,Growth,Industrials
joy,Joy,Summer 2016,Active,http://withjoy.com,withjoy.com,https://www.ycombinator.com/companies/joy,The platform for all your life events.,"San Francisco, CA, USA; New York, NY, USA; Austin, TX, USA; Remote",US,,https://www.linkedin.com/company/withjoy/,https://twitter.com/joytheapp,Vishal Joshi; Dorian Bach; Kaiwalya Kher,https://www.linkedin.com/in/vishaljoshi; https://www.linkedin.com/in/michaeldorian; https://www.linkedin.com/in/kaiwalya,; ; ,,,100,Yes,6,Engineering Leader Back-End; Senior Product Designer; Engineering Leader Front-End; Digital Marketing Manager; Principal Product Manager   ; Senior Brand Designer,Growth,Consumer
vetcove,Vetcove,Summer 2016,Active,https://www.vetcove.com,vetcove.com,https://www.ycombinator.com/companies/vetcove,Powering the animal health supply chain.,"Miami, FL, USA; Remote",US,,https://www.linkedin.com/company/vetcove,https://twitter.com/vetcove,Alex Kates; Mitchell Kates,http://linkedin.com/in/alexkates; https://www.linkedin.com/in/mitchkates,https://twitter.com/ajkates; ,,,170,Yes,2,Software Engineer; Engineering Manager,Growth,B2B
prime-lightworks,Prime Lightworks,Summer 2016,Active,http://www.primelightworks.com,primelightworks.com,https://www.ycombinator.com/companies/prime-lightworks,Prime Lightworks Inc. manufactures electric propulsion systems for…,"Culver City, CA, USA",US,,,,Kyle Flanagan,https://www.linkedin.com/in/kyleflanagan,,,,1,No,0,,Early,Industrials
flock-safety,Flock Safety,Summer 2017,Active,http://www.flocksafety.com,flocksafety.com,https://www.ycombinator.com/companies/flock-safety,The first public safety operating system that eliminates crime.,"Atlanta, GA, USA",US,,https://www.linkedin.com/company/flock-safety,https://twitter.com/flock_safety,Garrett Langley; Matt Feury,https://www.linkedin.com/in/glangley/; https://www.linkedin.com/in/matt-feury-a105a339/,; ,,,1000,Yes,7,"Senior Video Software Engineer; Senior Software Engineer, Backend Integrations; Staff Software Engineer - Rust; Senior Software Engineer, Video FullStack Experience; Staff AI Systems Engineer ; Senior ML Engineer, Enrichment ; Operations Research Scientist ",Growth,B2B
cashfree-payments,Cashfree Payments,Summer 2017,Active,https://www.cashfree.com/,cashfree.com,https://www.ycombinator.com/companies/cashfree-payments,Next-gen digital payments provider for India.,"Bengaluru, KA, India",IN,,https://www.linkedin.com/company/cashfree,https://twitter.com/gocashfree,Akash Sinha; Reeju Datta,https://in.linkedin.com/in/sinhaakash; https://in.linkedin.com/in/reejudatta,; ,,,200,Yes,1,Engineering Manager,Growth,Fintech
candidately,Candidately,Summer 2017,Active,https://www.candidately.com/,candidately.com,https://www.ycombinator.com/companies/candidately,The digital storefront for staffing and recruiting teams.,"New York City, NY, USA; Remote",US,,https://www.linkedin.com/company/candidately,,Jan Alexander Jedlinski; Benjamin Bartakovics; Daniel Bartakovics; Michael Ströck,https://www.linkedin.com/in/janalexanderjedlinski/; https://www.linkedin.com/in/bbartakovics/; https://www.linkedin.com/in/bartakovics/; https://www.linkedin.com/in/mstroeck,; ; ; ,,,9,No,0,,Early,B2B
followupthen,FollowUpThen,Summer 2017,Active,https://www.followupthen.com/,followupthen.com,https://www.ycombinator.com/companies/followupthen,FollowUpThen is an email-based personal assistant that sends you…,"San Francisco, CA, USA",US,,,https://twitter.com/followupthen,Reilly Sweetland,https://www.linkedin.com/in/reillysweetland/,https://twitter.com/rsweetland,,,1,No,0,,Early,B2B
thematic,Thematic,Summer 2017,Active,http://www.getthematic.com,getthematic.com,https://www.ycombinator.com/companies/thematic,Customer intelligence for Enterprise CX teams. The grounded…,"Auckland, Auckland, New Zealand; Remote",NZ,,https://www.linkedin.com/company/thematic-ltd,https://twitter.com/getthematic,Alyona Medelyan; Nathan Holmberg,https://www.linkedin.com/in/medelyan; https://www.linkedin.com/in/nathanholmberg/,https://twitter.com/zelandiya; ,,,20,No,0,,Early,B2B
10-by-10,10 By 10,Summer 2017,Active,https://10by10.io,10by10.io,https://www.ycombinator.com/companies/10-by-10,10by10 is a unique marketplace in the recruiting agency industry for…,"San Francisco, CA, USA; Remote",US,,,,April Chang; Robert Bartruff,https://www.linkedin.com/in/aprilschang/; https://www.linkedin.com/in/robertbartruff,; ,,,5,No,0,,Early,B2B
forever-labs,Forever Labs,Summer 2017,Active,https://foreverlabs.com,foreverlabs.com,https://www.ycombinator.com/companies/forever-labs,"We bank your stem cells to help you live healthier, longer.","Ann Arbor, MI, USA",US,,https://www.linkedin.com/company/forever-labs-inc/,https://twitter.com/ForeverLabsInc,Steven Clausnitzer; Edward Cibor; Mark Katakowski,https://www.linkedin.com/in/steven-clausnitzer-5142bb127/; ; https://www.linkedin.com/in/mark-katakowski-4a626b127/,; ; https://twitter.com/markkatakowski,,,12,No,0,,Early,Healthcare
just-appraised,Just Appraised,Summer 2017,Active,https://www.justappraised.com,justappraised.com,https://www.ycombinator.com/companies/just-appraised,Just Appraised makes software for local governments.,"San Francisco, CA, USA; Palo Alto, CA, USA; Remote",US,,,,Imran Khoja; Travis Noll,https://www.linkedin.com/in/imrankk/; https://www.linkedin.com/in/travisalexandernoll/,; ,,,40,Yes,6,Senior Software Engineer; Software Engineer - AI; Account Executive; Engineering Manager; Customer Engineer; Product Engineer,Growth,Government
routable,Routable,Summer 2017,Active,https://routable.com,routable.com,https://www.ycombinator.com/companies/routable,Simplifying payouts at scale,"San Francisco, CA, USA; Remote",US,,https://www.linkedin.com/company/routable/,https://twitter.com/RoutableHQ,Omri Mor; Tom Harel,https://www.linkedin.com/in/omrimor/; https://www.linkedin.com/in/tom-harel-74668864/,https://twitter.com/omri_mor; ,,,160,Yes,0,,Growth,B2B
goodcover,Goodcover,Summer 2017,Active,http://www.goodcover.com,goodcover.com,https://www.ycombinator.com/companies/goodcover,"Digital Co-op Renters Insurance = half the price, better coverage.","San Francisco, CA, USA",US,,https://www.linkedin.com/company/goodcover,https://twitter.com/goodcover,Christopher Lotz; Daniel Di Spaltro,https://www.linkedin.com/in/chrislotz/; https://www.linkedin.com/in/dispaltro,https://twitter.com/chrisplotz; ,,,1,No,0,,Growth,Fintech
assemblyai,AssemblyAI,Summer 2017,Active,https://www.assemblyai.com,assemblyai.com,https://www.ycombinator.com/companies/assemblyai,The best way to build Voice AI apps,"New York City, NY, USA; Remote",US,,https://www.linkedin.com/company/assemblyai/,https://twitter.com/assemblyai,Dylan Fox,https://www.linkedin.com/in/dylanbfox/,,,,65,Yes,10,"Commercial Counsel; Senior GTM AI Engineer; Senior Research Engineer; Senior Design Engineer ; Senior Software Engineer, Inference; Senior Software Engineer, Inference; Security Operations Engineer; Head of Sales, Digital Native; Finance Engineer; Enterprise Account Executive",Growth,B2B
zendar,Zendar,Summer 2017,Active,http://www.zendar.io,zendar.io,https://www.ycombinator.com/companies/zendar,We make high definition radar allowing self-driving cars to see in…,"San Francisco, CA, USA; Berkeley, CA, USA",US,,,,Vinayak Nagpal; Jimmy Wang,https://www.linkedin.com/in/vinayak-nagpal-45087b/; https://www.linkedin.com/in/jimmy-wang-9186a39/,; ,,,45,No,0,,Growth,Industrials
officely,Officely,Summer 2017,Active,https://getofficely.com/,getofficely.com,https://www.ycombinator.com/companies/officely,Office management software for hybrid workspaces,"London, England, United Kingdom; Remote",GB,,https://www.linkedin.com/company/67154401,,Max Shepherd-Cross; Rich Turnbull,https://www.linkedin.com/in/max-shepherd-cross-94153440/; https://www.linkedin.com/in/rich-turnbull-756bb229/,; ,,,3,No,0,,Early,B2B
may-mobility,May Mobility,Summer 2017,Active,http://maymobility.com,maymobility.com,https://www.ycombinator.com/companies/may-mobility,Transforming cities and rural areas through AV transit and technology,"Ann Arbor, MI, USA",US,,https://www.linkedin.com/company/18036611/,https://twitter.com/may_mobility,Edwin Olson,https://www.linkedin.com/in/edwin-olson-6644387/,https://twitter.com/edwinolson,,,260,Yes,0,,Growth,Industrials
muzz,Muzz,Summer 2017,Active,https://muzz.com,muzz.com,https://www.ycombinator.com/companies/muzz,Where Single Muslims meet,"London, England, United Kingdom",GB,,https://www.linkedin.com/company/11089336/,https://twitter.com/muzz_app,Shahzad Younas,https://uk.linkedin.com/in/shahzad-younas-16a6909b,,,,104,Yes,1,Marketing Executive - US,Growth,Consumer
onelocal,OneLocal,Summer 2017,Active,https://onelocal.com/,onelocal.com,https://www.ycombinator.com/companies/onelocal,OneLocal is a CRM for local businesses.,"Toronto, ON, Canada",CA,,https://www.linkedin.com/company/onelocalco/,,Edward Yao,https://www.linkedin.com/in/edward-yao-2599a26/,,,,90,Yes,0,,Growth,B2B
sourceress,Sourceress,Summer 2017,Active,http://sourceress.com/,sourceress.com,https://www.ycombinator.com/companies/sourceress,,"San Francisco, CA, USA",US,,https://www.linkedin.com/company/sourceress,https://twitter.com/sourceress,Kanjun Qiu; Josh Albrecht,http://www.linkedin.com/in/kanjun; https://www.linkedin.com/in/joshalbrecht,https://twitter.com/kanjun; ,,,35,No,0,,Growth,B2B
oncobox,Oncobox,Summer 2017,Active,http://oncobox.com,oncobox.com,https://www.ycombinator.com/companies/oncobox,Finding the right cancer drug for each patient. ,"Walnut, CA, USA",US,,,,Andrew Garazha; Anton Buzdin,https://www.linkedin.com/in/garazha/; https://www.linkedin.com/in/anton-buzdin-8284972,; ,,,11,No,0,,Early,Healthcare
tesseract,Tesseract,Summer 2017,Active,http://tesseract.space,tesseract.space,https://www.ycombinator.com/companies/tesseract,Tesseract builds better thrusters for modern satellites,"Livermore, CA, USA",US,,,https://twitter.com/tesseract_space,Erik Franks; Jeff Gibson; Jake Teufert,https://linkedin.com/in/erfrnk; https://www.linkedin.com/in/jeff-gibson-59866a86/; https://www.linkedin.com/in/jacob-teufert-86b375133/,https://twitter.com/erikjfranks; ; ,,,6,No,0,,Early,Industrials
d-id,D-ID,Summer 2017,Active,http://www.d-id.com,d-id.com,https://www.ycombinator.com/companies/d-id,Enable creators and developers to generate realistic AI personas,"Tel Aviv-Yafo, Tel Aviv District, Israel",IL,,,,Sella Blondheim; Eliran Kuta; Gil Perry,https://www.linkedin.com/in/sella-blondheim-531096a5/; https://www.linkedin.com/in/eliran-kuta-24165878/; https://www.linkedin.com/in/gil-perry-21532655/,; ; ,,,27,Yes,0,,Growth,B2B
skyscrape,Skyscrape,Summer 2017,Active,http://skyscrape.us,skyscrape.us,https://www.ycombinator.com/companies/skyscrape,Skyscrape makes temperature-responsive insulation,"Portland, OR, USA",US,,,https://twitter.com/skyscrape_usa,Brent Ridley,https://www.linkedin.com/in/brent-ridley-b076a4/,,,,3,No,0,,Early,Industrials
flowspace,Flowspace,Summer 2017,Active,https://flow.space,flow.space,https://www.ycombinator.com/companies/flowspace,The operating system powering ecommerce fulfillment,"Los Angeles, CA, USA",US,,,,Ben Eachus; Jason Harbert,https://www.linkedin.com/in/beneachus; https://www.linkedin.com/in/jason-harbert-5704b41/,; ,,,48,No,0,,Growth,B2B
airthium,Airthium,Summer 2017,Active,http://www.airthium.com,airthium.com,https://www.ycombinator.com/companies/airthium,Decarbonized heat and power cheaper than fossil fuels,"Paris, Île-de-France, France",FR,,https://linkedin.com/company/airthium,https://twitter.com/airthium,Andrei Klochko; Franck Lahaye,https://www.linkedin.com/in/andreiklochko/?locale=en_US; https://www.linkedin.com/in/francklahaye,; ,,,18,No,0,,Early,Industrials
tpaga,tpaga,Summer 2017,Active,https://tpaga.co/,tpaga.co,https://www.ycombinator.com/companies/tpaga,First financial Superapp of Latin America,"Bogotá, Bogota, Colombia; Remote",CO,,https://www.linkedin.com/company/tpaga/,https://twitter.com/tpagaco,Andres Gutierrez,https://co.linkedin.com/in/andres-gutierrez-8516588,https://twitter.com/andresgcn,,,25,No,0,,Early,Fintech
rev-genomics,Rev Genomics,Summer 2017,Active,https://www.revgenomics.com,revgenomics.com,https://www.ycombinator.com/companies/rev-genomics,Rev is a biotechnology company creating better plants.,"San Francisco, CA, USA; Oakland, CA, USA",US,,,,Bertrand Vick,https://www.linkedin.com/in/bertrand-vick-4056044?trk=hp-identity-photo,,,,8,Yes,1,Rev Genomics (S17) seeks plant biologist,Growth,Healthcare
pyka,Pyka,Summer 2017,Active,https://flypyka.com,flypyka.com,https://www.ycombinator.com/companies/pyka,Autonomous electric airplanes,"San Francisco, CA, USA",US,,https://www.linkedin.com/company/18059383,,Michael Norcia; Nathan White; Kyle Moore; Chuma Ogunwole,https://www.linkedin.com/in/michael-norcia-13a79124/; https://www.linkedin.com/in/nathan-white-8a1950a9; https://www.linkedin.com/in/kyle-moore-1485536a/; https://www.linkedin.com/in/chuma-ogunwole-10893316,; ; ; ,,,75,No,0,,Growth,Industrials
entocycle,Entocycle,Summer 2017,Active,https://www.entocycle.com/,entocycle.com,https://www.ycombinator.com/companies/entocycle,Automated factory to produce insect protein for farm animals. ,"London, England, United Kingdom",GB,,,https://twitter.com/Entocycle,Keiran Olivares Whitaker,https://www.linkedin.com/in/keiran-olivares-whitaker-a2b8b795/,,,,13,No,0,,Early,Industrials
helpwear,HelpWear,Summer 2017,Active,http://helpwear.ca/,helpwear.ca,https://www.ycombinator.com/companies/helpwear,,"Toronto, ON, Canada",CA,,,,Andre Bertram,https://www.linkedin.com/in/andrebertram/,,,,2,No,0,,Early,Healthcare
pop-meals,Pop Meals,Summer 2017,Active,https://popmeals.com,popmeals.com,https://www.ycombinator.com/companies/pop-meals,Pop Meals is a restaurant chain without chefs. All recipes are…,"Kuala Lumpur, Federal Territory of Kuala Lumpur, Malaysia",MY,,,,Jonathan Weins; Chris Edelmann; Jessica Li,https://www.linkedin.com/in/jonathanweins/; https://www.linkedin.com/in/christian-edelmann-we-are-hiring-27166531/; https://www.linkedin.com/in/jessicaykli/,; ; ,,,153,Yes,2,Entrepreneur in Residence (Management); Mobile Engineer,Growth,Consumer
cairns-health,Cairns Health,Summer 2017,Active,https://www.cairns.ai,cairns.ai,https://www.ycombinator.com/companies/cairns-health,Your voice. Your health. We care.,"San Francisco, CA, USA",US,,https://www.linkedin.com/company/cairnshealth,,Brad Eckert; Kiran Joshi; Neal Khosla,https://www.linkedin.com/in/bradleymeckert/; https://www.linkedin.com/in/kiran-joshi-2b11ab4; https://www.linkedin.com/in/nealkhosla/,https://x.com/ChefEckert; ; ,,,17,No,0,,Early,Healthcare
rabbet,Rabbet,Summer 2017,Active,http://rabbet.com,rabbet.com,https://www.ycombinator.com/companies/rabbet,The financial foundation for every real estate development decision,"Denver, CO, USA",US,,,,Will Mitchell,https://www.linkedin.com/in/mitchellrw,,,,23,No,0,,Growth,Real Estate and Construction
upfort,Upfort,Summer 2017,Active,https://www.upfort.com,upfort.com,https://www.ycombinator.com/companies/upfort,Turnkey security & hassle-free cyber insurance from leading insurers,"San Francisco, CA, USA; Remote",US,,https://www.linkedin.com/company/upfort/,,Han Wang; Daniel Bilbao,http://www.linkedin.com/in/hanwangcyber; https://www.linkedin.com/in/danielbilbao/,; https://twitter.com/ddbilbao,,,38,No,0,,Early,B2B
prelim,Prelim,Summer 2017,Active,https://prelim.com/,prelim.com,https://www.ycombinator.com/companies/prelim,Build better banking,"San Francisco, CA, USA; Remote",US,,https://www.linkedin.com/company/18020119,,Heang Chan; Chris Blaser,https://www.linkedin.com/in/heangchan; https://www.linkedin.com/in/chris-nguyen-blaser-553665107/,; ,,,49,Yes,5,"Business Operations Lead; Client Strategy Analyst; Implementation Architect; Software Engineer, Product; Project Manager, Implementations",Growth,Fintech
advano,Advano,Summer 2017,Active,http://www.advano.io,advano.io,https://www.ycombinator.com/companies/advano,Advano is a battery technology company that improve the longevity of…,"New Orleans, LA, USA",US,,https://www.linkedin.com/company/advano/,https://twitter.com/advanotech,Shiva Adireddy; Alexander Girau,https://www.linkedin.com/in/shiva-adireddy-5aab1850; https://www.linkedin.com/in/alexandergirau,; https://twitter.com/AlexanderGirau,,,25,No,0,,Growth,Industrials
carrot-fertility,Carrot Fertility,Summer 2017,Active,https://www.get-carrot.com/,get-carrot.com,https://www.ycombinator.com/companies/carrot-fertility,Customized fertility benefits for modern companies. ,"San Francisco, CA, USA",US,,,,Asima Ahmad; Tammy Sun,https://www.linkedin.com/in/asima-ahmad-md-mph-a13523117?trk=nav_responsive_tab_profile; https://www.linkedin.com/in/tammysun1,; ,,,,No,0,,Growth,Healthcare
relationship-hero,Relationship Hero,Summer 2017,Active,https://relationshiphero.com,relationshiphero.com,https://www.ycombinator.com/companies/relationship-hero,Dating & relationship coaching sessions for individuals and couples,"Saratoga Springs, NY, USA; San Francisco, CA, USA; Remote",US,,,https://twitter.com/relhero,Liron Shapira,https://linkedin.com/in/lironshapira,https://x.com/liron,,,100,No,0,,Early,Consumer
cocusocial,CocuSocial,Summer 2017,Active,http://www.cocusocial.com,cocusocial.com,https://www.ycombinator.com/companies/cocusocial,Marketplace for local activities.,"Vancouver, BC, Canada; New York, NY, USA; Remote",CA,,,,Billy Guan; Helen Sun,https://www.linkedin.com/in/billy-guan-03b53b19/; https://www.linkedin.com/in/helen-yiwen-sun-a366b872/,; ,,,10,No,0,,Early,Consumer
therecraft,ThereCraft,Summer 2017,Active,https://therecraft.com,therecraft.com,https://www.ycombinator.com/companies/therecraft,,"Los Angeles, CA, USA",US,,,,Star Simpson,https://www.linkedin.com/in/star-simpson-90a63a160,,,,1,No,0,,Early,Industrials
safebutler,SafeButler,Summer 2017,Active,https://www.safebutler.com,safebutler.com,https://www.ycombinator.com/companies/safebutler,Your chief servant for shopping insurance,"San Francisco, CA, USA; Sunnyvale, CA, USA",US,,https://www.linkedin.com/company/safebutler,https://twitter.com/safebutler,Vincent Wei; Nan Zhong,https://linkedin.com/in/insuretech; https://www.linkedin.com/in/nanzhong/,; ,,,2,Yes,1,Software Engineer Intern,Early,Fintech
darmiyan,Darmiyan,Summer 2017,Active,https://www.darmiyan.com/,darmiyan.com,https://www.ycombinator.com/companies/darmiyan,Early detection of Alzheimer's disease,"San Francisco, CA, USA",US,,,,Padideh Kamali-Zare; Kaveh Vejdani,https://www.linkedin.com/in/padideh/; https://www.linkedin.com/in/kaveh-vejdani-5369561,; ,,,8,No,0,,Early,Healthcare
nimble,Nimble,Summer 2017,Active,http://www.hirenimble.com,hirenimble.com,https://www.ycombinator.com/companies/nimble,Data-driven teacher hiring,"Miami, FL, USA; Remote",US,,https://www.linkedin.com/company/hirenimble,https://twitter.com/Nimblek12,Lauren Dachille,https://www.linkedin.com/in/lauren-dachille-84255b26/,,,,25,Yes,1,District Partnerships Manager (Sales),Early,Education
roofr,Roofr,Summer 2017,Active,https://roofr.com/,roofr.com,https://www.ycombinator.com/companies/roofr,Sales software for roofers. Aerial measurements + proposals in seconds,"San Francisco, CA, USA; Remote",US,,,,Richy Nelson; Kevin Redman,https://www.linkedin.com/in/richard-nelson-105b7593/; https://www.linkedin.com/in/iredmedia/,; ,,,40,No,0,,Early,Consumer
standard-ai,Standard AI,Summer 2017,Active,https://standard.ai,standard.ai,https://www.ycombinator.com/companies/standard-ai,AI-powered checkout for retail.,"San Francisco, CA, USA; Milan, Lombardy, Italy; Remote",US,,,https://twitter.com/standardAI,Jordan Fisher; John Novak; Michael Suswal; David Valdman,https://www.google.com/url?sa=t&rct=j&q=&esrc=s&source=web&cd=1&cad=rja&uact=8&ved=0CB0QFjAAahUKEwj25PGt07bIAhUMbT4KHcqIC2c&url=https%3A%2F%2Fwww.linkedin.com%2Fpub%2Fjordan-fisher%2F25%2F450%2F811&usg=AFQjCNG9WQJxgJVIGYvr2hALo3KV53m02w; https://linkedin.com/in/john-novak-87051279; https://linkedin.com/in/michael-suswal-51b45421; https://www.linkedin.com/in/dmvaldman/,; https://twitter.com/DONT_USE_TWITTER; https://twitter.com/MSuswal; https://x.com/dmvaldman,,,150,Yes,1,Staff Elixir Backend Engineer,Growth,B2B
upcodes,UpCodes,Summer 2017,Active,https://up.codes/,up.codes,https://www.ycombinator.com/companies/upcodes,"AI platform for unifying codes, assemblies, products, and specs","Austin, TX, USA; Remote",US,,https://www.linkedin.com/company/upcodes,https://twitter.com/upcodes,Garrett Reynolds; Scott Reynolds,https://www.linkedin.com/in/garrettreynolds; https://www.linkedin.com/in/scott-reynolds,https://twitter.com/upcodes; ,,,35,Yes,0,,Growth,Real Estate and Construction
helium-health,Helium Health,Summer 2017,Active,https://heliumhealth.com/,heliumhealth.com,https://www.ycombinator.com/companies/helium-health,Africa's #1 healthcare technology provider.,"LA, Nigeria",NG,,https://www.linkedin.com/company/11053562,https://twitter.com/HeliumHealth,Dimeji Sofowora,https://www.linkedin.com/in/dimeji-sofowora-65a20a3b/,,,,110,No,0,,Growth,Healthcare
releaf-earth,Releaf Earth,Summer 2017,Active,http://www.releaf.africa,releaf.africa,https://www.ycombinator.com/companies/releaf-earth,Turning food waste into Biochar to remove CO2 from the atmsophere,"Lagos, LA, Nigeria",NG,,https://www.linkedin.com/company/releaf-africa,https://twitter.com/ReleafAfrica,Kenna Nzewi; Uzoma Ayogu,https://www.linkedin.com/in/inzewi; https://www.linkedin.com/in/uzomabayogu,https://twitter.com/keenkenna; https://twitter.com/Uzoayo,,,100,No,0,,Early,Industrials
leon-and-george,Leon & George,Summer 2017,Active,https://www.leonandgeorge.com,leonandgeorge.com,https://www.ycombinator.com/companies/leon-and-george,Buying and owning indoor potted plants made easy.,"Los Angeles, CA, USA",US,,https://www.linkedin.com/company/l%C3%A9on-&-george,http://twitter.com/leonandgeorge,Nicolas Bartoli,https://www.linkedin.com/in/nicolasbartoli/,,,,10,No,0,,Growth,Consumer
bloom-institute-of-technology,Bloom Institute of Technology,Summer 2017,Active,https://www.bloomtech.com,bloomtech.com,https://www.ycombinator.com/companies/bloom-institute-of-technology,The online coding school that invests in you.,"Austin, TX, USA; San Francisco, CA, USA; Remote",US,,https://www.linkedin.com/school/bloominstituteoftechnology/,https://twitter.com/bloomtech,Austen Allred; Ben Nelson,https://www.linkedin.com/in/austenallred; https://www.linkedin.com/in/sunjieming/,https://twitter.com/austen; https://www.x.com/sunjieming,,,50,Yes,0,,Growth,Education
x3-builders,Aecore,Summer 2017,Active,https://www.aecore.com,aecore.com,https://www.ycombinator.com/companies/x3-builders,Vertically integrated commercial construction,"San Francisco, CA, USA; San Jose, CA, USA",US,,https://www.linkedin.com/company/aecoreinc,,Casey Bell; Anthony Cirinelli,https://www.linkedin.com/pub/casey-bell/25/a97/42; https://www.linkedin.com/in/acirinelli,; ,,,6,No,0,,Growth,Real Estate and Construction
vergesense,VergeSense,Summer 2017,Active,http://www.vergesense.com,vergesense.com,https://www.ycombinator.com/companies/vergesense,AI-Powered Building Management,"San Francisco, CA, USA",US,,https://www.linkedin.com/company/vergesense/,https://twitter.com/VergeSense,Dan Ryan; Kelby Green,https://www.linkedin.com/profile/view?id=AAMAAALP47EBt7V6Qy9eIJZ4mJt-BUjHxtb87rc&trk=hp-identity-name; https://www.linkedin.com/in/kelby-green-583014174,; ,,,70,Yes,1,"Senior Product Manager, Decision Intelligence",Growth,Real Estate and Construction
nobell-foods,Nobell Foods,Summer 2017,Active,http://www.nobellfoods.com,nobellfoods.com,https://www.ycombinator.com/companies/nobell-foods,Cheese and dairy products from plant-derived dairy proteins,"San Francisco, CA, USA",US,,https://www.linkedin.com/company/nobellfoods/,https://twitter.com/Nobellfoods,Magi Richani,https://www.linkedin.com/in/magi-richani,,,,58,No,0,,Growth,Consumer
long-term-stock-exchange,Long Term Stock Exchange,Summer 2017,Active,http://ltse.com,ltse.com,https://www.ycombinator.com/companies/long-term-stock-exchange,LTSE is an ecosystem for visionary business.,"San Francisco, CA, USA; Remote",US,,https://www.linkedin.com/company/ltse,https://twitter.com/ltse,Eric Ries; John Bautista,https://www.linkedin.com/in/eries; https://www.linkedin.com/in/john-bautista-a010912,; ,,,68,No,0,,Growth,Fintech
skyways,Skyways,Summer 2017,Active,http://skyways.com,skyways.com,https://www.ycombinator.com/companies/skyways,Creating a new form of air transportation to advance our civilization,"Austin, TX, USA",US,,https://www.linkedin.com/company/skyways-air-transportation-inc/,,Charles Acknin,https://www.linkedin.com/in/charlesacknin,,,,33,Yes,2,Senior Software Engineer; Senior ML/AI/CV Software Engineer,Growth,Industrials
fazz,FAZZ,Summer 2017,Active,https://fazzfinancial.com/,fazzfinancial.com,https://www.ycombinator.com/companies/fazz,All-in-one Finance for Every Southeast Asia Business,"Jakarta, Jakarta, Indonesia",ID,,https://www.linkedin.com/company/fazz-financial-group/,,Hendra Kwik; Jefriyanto; Ricky Winata,https://www.linkedin.com/in/hendra-kwik-4a291242?trk=hp-identity-name; https://id.linkedin.com/in/jefriyanto; https://www.linkedin.com/in/ricky-winata-75735458,; ; ,,,500,No,0,,Growth,Fintech
jerry-inc,Jerry,Summer 2017,Active,https://jerry.ai/,jerry.ai,https://www.ycombinator.com/companies/jerry-inc,Jerry is building the AI agent to manage all your physical assets.,"San Francisco, CA, USA; Remote",US,,https://www.linkedin.com/company/jerryinc,https://twitter.com/thejerryapp,Art Agrawal; Musawir Shah; Lina Zhang,https://www.linkedin.com/in/artagrawal; https://www.linkedin.com/in/musawirshah; https://www.linkedin.com/in/lina-zhang-47324721,; https://twitter.com/musawiralishah; ,,,225,No,0,,Growth,Fintech
clipboard,Clipboard,Winter 2017,Active,https://www.clipboardworks.com/careers,clipboardworks.com,https://www.ycombinator.com/companies/clipboard,"Every shift, Covered.","San Francisco, CA, USA",US,,https://www.linkedin.com/company/clipboard/,https://x.com/clipboardhealth,Wei Deng,https://www.linkedin.com/in/dengwei,,,,1000,Yes,28,"Client Support Specialist (Healthcare Facilities - B2B); Onboarding Documents Associate; Client Support Specialist (Workplaces - B2B); Tooling Program Manager; Revenue Strategy & Growth Associate; Strategy & Ops Associate, Applied AI; Client Support Specialist (Workplaces - B2B); Client Support Specialist (Workplaces - B2B); Client Support Specialist (Workplaces - B2B); Strategy & Ops Associate, Applied AI; Counsel, Legislation and Government Relations; Client Support Specialist (Workplaces - B2B)",Growth,Consumer
faire,Faire,Winter 2017,Active,https://www.faire.com/,faire.com,https://www.ycombinator.com/companies/faire,The global online platform empowering independent retail.,"San Francisco, CA, USA",US,,https://www.linkedin.com/company/fairewholesale/,https://twitter.com/faire_wholesale,Max Rhodes; Marcelo Cortes; Daniele Perito,https://www.linkedin.com/in/max-rhodes; https://www.linkedin.com/in/marcelo-cortes-b34317; https://www.linkedin.com/in/danieleperito,; ; ,,,900,Yes,1,Accounting Manager,Growth,B2B
rippling,Rippling,Winter 2017,Active,http://rippling.com/,rippling.com,https://www.ycombinator.com/companies/rippling,"One place to run all your HR, IT, and Finance. Globally.","San Francisco, CA, USA",US,,https://www.linkedin.com/company/rippling/,https://twitter.com/rippling,Parker Conrad; Prasanna S,https://www.linkedin.com/in/parkerconrad; https://www.linkedin.com/in/myprasanna,https://twitter.com/parkerconrad; https://www.twitter.com/myprasanna,,,2500,Yes,17,"Account Executive, Mid Market - EAST; Account Executive, Mid Market - WEST; Account Executive, Mid Market - Central; Senior Engineering Manager - HRIS Company Team; Director of Product Management, Platform; Product Design Lead, IT Products; Product Design Lead, Global Payroll; Product Lead, Time Products; Product Lead, Platform, Reporting & Analytics; Customer Support Supervisor; Product Lead, Contractor Invoicing & Compliance; Product Lead, Finance Products",Growth,B2B
sigma-genetics,Sigma Genetics,Winter 2017,Active,http://www.sigmagenetics.com,sigmagenetics.com,https://www.ycombinator.com/companies/sigma-genetics,Sigma Genetics is a biotechnology company that is building…,"Seattle, WA, USA",US,,,,Karen Eaton; Matthew Scholz; Chris Pihl,https://www.linkedin.com/in/eatonkaren; https://www.linkedin.com/in/matthewscholz; https://www.linkedin.com/in/chris-pihl-4a84b1a/,https://twitter.com/DrKeaton; ; ,,,2,No,0,,Early,Healthcare
aclu,ACLU,Winter 2017,Active,https://www.aclu.org/,aclu.org,https://www.ycombinator.com/companies/aclu,Defender of rights and liberties,"New York City, NY, USA; New York, NY, USA",US,,,,Anthony Romero,https://www.linkedin.com/in/anthony-romero-7a28454,,,,501,No,0,,Early,Unspecified
retool,Retool,Winter 2017,Active,https://retool.com,retool.com,https://www.ycombinator.com/companies/retool,Build internal tools fast.,"San Francisco, CA, USA",US,,https://www.linkedin.com/company/tryretool/,,David Hsu,https://www.linkedin.com/in/dvdhsu,,,,300,Yes,9,"Software Engineer; Software Engineer, AI Product Engineer ; Software Engineer, Core Infrastructure; Software Engineer, AI Agents ; Engineering Manager,  Evaluations & Observability; Account Executive, Enterprise, East; Account Executive, Enterprise, West; Product Manager, Automation; Product Designer, Enterprise Platform",Growth,B2B
helix-nanotechnologies,Helix Nanotechnologies,Winter 2017,Active,http://helixnano.com,helixnano.com,https://www.ycombinator.com/companies/helix-nanotechnologies,"Next-generation mRNA platform to solve cancer, COVID and climate.","Boston, MA, USA; Cambridge, MA, USA",US,,,http://twitter.com/helixnano,Nikolai Eroshenko,https://www.linkedin.com/in/nikolai-eroshenko-668998119,,,,22,No,0,,Growth,Healthcare
mirror-ai,Mirror AI,Winter 2017,Active,http://mirror-ai.com,mirror-ai.com,https://www.ycombinator.com/companies/mirror-ai,App that turns selfie photos into thousand emoji that look like you…,"San Francisco, CA, USA; Remote",US,,,,Evgeny Kuryshev,https://linkedin.com/in/evgenyq,,,,7,No,0,,Early,Consumer
dost-education,Dost Education,Winter 2017,Active,http://www.dosteducation.com/,dosteducation.com,https://www.ycombinator.com/companies/dost-education,Getting kids ready for school in India.,"Delhi, DL, India; Remote",IN,,https://www.linkedin.com/company/dost-education/,https://twitter.com/DostEducation,Sneha Sheth; Sindhuja Jeyabal,https://www.linkedin.com/in/snehaksheth; htttp://www.linkedin.com/in/sindhujajeyabal,https://twitter.com/snehaksheth; https://twitter.com/sindhujajeyabal,,,30,No,0,,Early,Education
lively-inc,"Lively, Inc.",Winter 2017,Active,https://livelyme.com,livelyme.com,https://www.ycombinator.com/companies/lively-inc,Modern employee benefits & health savings account (HSA) provider,"San Francisco, CA, USA",US,,https://www.linkedin.com/company/livelyhsa,https://twitter.com/Livelyhsa,Alex Cyriac; Shobin Uralil,https://www.linkedin.com/in/alex-cyriac-1218137; https://www.linkedin.com/shobinuralil,; ,,,195,No,0,,Growth,Healthcare
the-centre-for-effective-altruism,The Centre for Effective Altruism,Winter 2017,Active,http://effectivealtruism.org,effectivealtruism.org,https://www.ycombinator.com/companies/the-centre-for-effective-altruism,We're your non-profit portfolio managers. We make giving to…,"Oxford, England, United Kingdom",GB,,,,William MacAskill,http://uk.linkedin.com/in/wdmacaskill,,,,15,No,0,,Early,Unspecified
indee-labs,Indee Labs,Winter 2017,Active,http://www.indeelabs.com,indeelabs.com,https://www.ycombinator.com/companies/indee-labs,"Enabling T cell immunotherapy discovery, development and manufacturing","San Francisco, CA, USA; Berkeley, CA, USA",US,,https://www.linkedin.com/company/indee-/,https://twitter.com/indeelabs,Ryan Pawell,https://www.linkedin.com/in/rpawell,https://twitter.com/rpawell,,,5,No,0,,Early,Healthcare
onefin,OneFin,Winter 2017,Active,https://www.onefin.in,onefin.in,https://www.ycombinator.com/companies/onefin,Shopify for Financial Services,"Bengaluru, KA, India",IN,,https://www.linkedin.com/company/onefinin/,https://twitter.com/onefindotin,Pratish Gandhi; Harshit Vaishnav,https://www.linkedin.com/in/pratishgandhi; https://in.linkedin.com/in/harshitv,; ,,,50,Yes,0,,Early,Fintech
wifi-dabba-inc,"Wifi Dabba, Inc.",Winter 2017,Active,https://dabba.com,dabba.com,https://www.ycombinator.com/companies/wifi-dabba-inc,Decentralised broadband connectivity.,"Bengaluru, KA, India",IN,,https://www.linkedin.com/company/wifidabba,https://www.twitter.com/DabbaNetwork,Karam Lakshman; Shubhendu Sharma,https://www.linkedin.com/in/karam-lakshman-bb935817/; https://linkedin.com/in/shubhendusharma,; https://twitter.com/shubhendusharma,,,21,Yes,3,Wifi Dabba - Software Engineer (Fullstack)  4+Yrs; Wifi Dabba - Blockchain Engineer  2+ Yrs ; Wifi Dabba - DevOps Engineer 4+ years,Early,Consumer
delee,Delee,Winter 2017,Active,http://www.delee.co    ,delee.co    ,https://www.ycombinator.com/companies/delee,Blood testing device for early diagnosis of cancer and treatment…,"Monterrey, N.L., Mexico",MX,,https://www.linkedin.com/company/35691474,https://twitter.com/deleecorp,Liza Velarde; Alejandro Abarca-Blanco; Juan Felipe Yee De León,https://www.linkedin.com/in/lizavelarde/; https://linkedin.com/in/alejandroabarca; https://mx.linkedin.com/in/juan-felipe-yee-55107a5b,https://twitter.com/liza_velarde21; ; ,,,18,No,0,,Early,Healthcare
nanonets,NanoNets,Winter 2017,Active,https://nanonets.com,nanonets.com,https://www.ycombinator.com/companies/nanonets,Automatic Data Extraction,"San Francisco, CA, USA",US,,https://in.linkedin.com/company/nanonets,https://twitter.com/nanonets_,Sarthak Jain,https://in.linkedin.com/in/jainsarthak,,,,102,Yes,7,Account Executive - US ; Account Manager (Customer Success); Sales Engineer; VP of AI ; Senior Deep Learning Engineer; Product Marketing Manager; Engagement Manager,Growth,B2B
bios-health,BIOS Health,Winter 2017,Active,https://www.bios.health,bios.health,https://www.ycombinator.com/companies/bios-health,Neural interfaces to understand and use nerve data in medicine.,"Cambridge, England, United Kingdom; England, United Kingdom",GB,,,,Oliver Armitage; Emil Hewage,https://uk.linkedin.com/in/oliver-armitage-87280731; https://uk.linkedin.com/in/ehewage,; ,,,45,No,0,,Early,Healthcare
nomba,Nomba,Winter 2017,Active,https://nomba.com,nomba.com,https://www.ycombinator.com/companies/nomba,Banking and payments for businesses in Africa,"Lagos, LA, Nigeria",NG,,https://ng.linkedin.com/company/nombahq,https://twitter.com/nombahq,Yinka Adewale; Pelumi Aboluwarin,https://www.linkedin.com/in/adeyinka-adewale-7b779448?trk=nav_responsive_tab_profile_pic; https://uk.linkedin.com/in/pelumiaboluwarin,; ,,,200,No,0,,Growth,Fintech
aon3d,AON3D,Winter 2017,Active,https://www.aon3d.com,aon3d.com,https://www.ycombinator.com/companies/aon3d,Additive Manufacturing with advanced materials,"Montreal, QC, Canada",CA,,https://www.linkedin.com/company/aon3d/,https://twitter.com/aon3d,Kevin Han; Randeep Singh; Andrew Walker,http://linkedin.com/in/hankevin; https://linkedin.com/in/rndeep; https://www.linkedin.com/in/andrewrswalker,; ; ,,,40,Yes,0,,Growth,Industrials
buypower,BuyPower,Winter 2017,Active,http://www.buypower.ng,buypower.ng,https://www.ycombinator.com/companies/buypower,Modern bill payment platform for African businesses and consumers.,"Federal Capital Territory, Nigeria",NG,,https://www.linkedin.com/company/buypower-inc/,https://twitter.com/buypowerng,OJIMA BENJAMIN UFARUNA; Asehinde Oladipo,https://www.linkedin.com/in/ojima-benjamin-ufaruna-16a47714; https://www.linkedin.com/in/oladipo-asehinde-49581b137,; ,,,115,No,0,,Growth,Industrials
apozy,Apozy,Winter 2017,Active,https://www.apozy.com/,apozy.com,https://www.ycombinator.com/companies/apozy,Apozy makes every website safe to browse,"San Francisco, CA, USA; Remote",US,,,,Erhan Justice,https://www.linkedin.com/in/erhan-justice,,,,9,No,0,,Early,B2B
reliance-health,Reliance Health,Winter 2017,Active,https://www.getreliancehealth.com,getreliancehealth.com,https://www.ycombinator.com/companies/reliance-health,We make healthcare in emerging markets affordable and accessible,"Lagos, LA, Nigeria; Austin, TX, USA",NG,,https://www.linkedin.com/company/reliance-health-global,,Femi Kuti; Matthew Mayaki,https://www.linkedin.com/in/femi-kuti-3766506; https://ng.linkedin.com/in/matthew-mayaki-00b8345b,; ,,,384,No,0,,Growth,Healthcare
hogaru,Hogaru,Winter 2017,Active,https://www.hogaru.com/,hogaru.com,https://www.ycombinator.com/companies/hogaru,Hogaru is a tech-enabled home services platform in Latin America. ,"Bogotá, Bogota, Colombia",CO,,https://www.linkedin.com/company/hogarucol/,https://twitter.com/hogarucol?lang=es,Gonzalo Ucar,https://www.linkedin.com/in/gonzalo-ucar-rodriguez,,,,746,No,0,,Growth,Consumer
plane,Plane,Winter 2017,Active,https://plane.com,plane.com,https://www.ycombinator.com/companies/plane,#1 easiest-to-use payroll for startups,"San Francisco, CA, USA; Remote",US,,https://www.linkedin.com/company/planehr,https://twitter.com/useplane,Matt Pelc,https://linkedin.com/in/matid/,https://twitter.com/matid/,,,30,No,0,,Growth,B2B
bitrise,Bitrise,Winter 2017,Active,https://bitrise.io,bitrise.io,https://www.ycombinator.com/companies/bitrise,Hosted Continuous Integration and Delivery for mobile apps,"Budapest, Hungary; Remote",HU,,https://www.facebook.com/bitrise.io/,https://twitter.com/bitrise,Barnabas Birmacher; Viktor Benei; Daniel Balla,https://hu.linkedin.com/in/birmacher; https://hu.linkedin.com/in/viktorbenei; https://hu.linkedin.com/in/balladaniel,; https://twitter.com/viktorbenei; ,,,243,No,0,,Growth,B2B
solugen,Solugen,Winter 2017,Active,https://solugen.com/,solugen.com,https://www.ycombinator.com/companies/solugen,Decarbonizing the chemicals industry.,"Houston, TX, USA",US,,https://www.linkedin.com/company/solugen/,https://twitter.com/solugen,Sean Hunt; Gaurab Chakrabarti,https://www.linkedin.com/in/huntsean; https://www.linkedin.com/in/gaurabchakrabarti?utm_source=share&utm_campaign=share_via&utm_content=profile&utm_medium=ios_app,; HTTP://www.x.com/gaurabc,,,200,No,0,,Growth,Healthcare
bulk-mro-industrial-supply,Bulk MRO Industrial Supply,Winter 2017,Active,http://www.bulkmro.com,bulkmro.com,https://www.ycombinator.com/companies/bulk-mro-industrial-supply,Full Stack Fintech and Supply Chain Platform for Global Trade,"Mumbai, MH, India; New York, NY, USA",IN,,https://www.linkedin.com/company/bulkmro/,,Devang Shah; Gaurang Shah,https://www.linkedin.com/in/devangvshah; https://www.linkedin.com/in/gaurangvshah,; ,,,170,No,0,,Growth,B2B
fastjvm,FastJVM,Winter 2017,Active,https://fastjvm.com,fastjvm.com,https://www.ycombinator.com/companies/fastjvm,Making the JVM faster,"San Francisco, CA, USA",US,,,,Marcus Engene; Nicolas Toper,https://www.linkedin.com/in/ehsmeng/; https://www.linkedin.com/in/nicolas,; ,,,3,No,0,,Early,B2B
alemhealth,AlemHealth,Winter 2017,Active,https://www.alemhealth.com,alemhealth.com,https://www.ycombinator.com/companies/alemhealth,AI Radiologist in a Box - We provide a vertically integrated AI…,"Singapore, Singapore",SG,,https://www.linkedin.com/company/alemhealthltd,https://twitter.com/alemhealth,Aschkan Abdul Malek,https://www.linkedin.com/in/aschkan,,,,25,Yes,1,Full Stack Software Engineer (Python/ReactJS),Early,Healthcare
request-network,Request Network,Winter 2017,Active,https://request.network,request.network,https://www.ycombinator.com/companies/request-network,Request is a payment request technology & an ecosystem of apps,"Paris, Île-de-France, France; Remote",FR,,https://www.linkedin.com/company/11247783/,https://twitter.com/RequestNetwork,Christophe Lassuyt; Etienne TATUR,https://www.linkedin.com/in/christophelassuyt; https://www.linkedin.com/in/etiennetatur,; ,,,12,No,0,,Early,Fintech
collectly,Collectly,Winter 2017,Active,http://collectly.co/,collectly.co,https://www.ycombinator.com/companies/collectly,We help healthcare orgs collect more money faster,"San Francisco, CA, USA",US,,https://www.linkedin.com/company/collectly,,Levon Brutyan; Max Mizotin,https://www.linkedin.com/in/levonbrutyan; https://www.linkedin.com/in/maxim-mizotin-5a073a62,; ,,,106,Yes,9,"Director of Enterprise Sales (Hybrid - San Francisco); Strategic Account Executive ; Implementation Manager (Hybrid, San Francisco); Enterprise Customer Success Manager (Hybrid, San Francisco); Strategic Customer Success Manager; Founding Product Marketing Manager; Enterprise Account Executive (San Francisco, Hybrid); Enterprise Account Executive (Remote, Healthcare Tech Experience Required); Head of Marketing",Growth,Healthcare
aella,Aella,Winter 2017,Active,http://www.aellaapp.com,aellaapp.com,https://www.ycombinator.com/companies/aella,Diversified credit infrastructure powering payments across Africa.,"Lagos, LA, Nigeria; LA, Nigeria",NG,,https://ng.linkedin.com/company/aella-app,https://twitter.com/Aella,Akin Jones,https://www.linkedin.com/in/akin-akinola-j-65b89ba?authType=NAME_SEARCH&authToken=fE9q&locale=en_US&srchid=1755705741441958449722&srchindex=1&srchtotal=1&trk=vsrp_people_res_name&trkInfo=VSRPsearchId%3A1755705741441958449722%2CVSRPtargetId%3A32057063%2CVSRPcmpt%3Aprimary%2CVSRPnm%3Atrue%2CauthType%3ANAME_SEARCH,https://twitter.com/akinj110,,,60,No,0,,Early,Fintech
tolemi,Tolemi,Winter 2017,Active,http://www.tolemi.com,tolemi.com,https://www.ycombinator.com/companies/tolemi,Data integration & insights for state and local governments,"Boston, MA, USA",US,,https://www.linkedin.com/company/tolemi/,https://twitter.com/tolemihq,Andrew Kieve; Nico Tejera,"https://www.google.com/url?sa=t&rct=j&q=&esrc=s&source=web&cd=1&cad=rja&uact=8&ved=0ahUKEwj-xbmHxsLPAhXKHB4KHTDwBQkQFggeMAA&url=https%3A%2F%2Fwww.linkedin.com%2Fin%2Fandrew-kieve-7848974b&usg=AFQjCNHRNivmcnPOhVKZdSiXZK7NpI6FGw&bvm=bv.134495766,d.dmo; http://linkedin.com/in/nicotejera",; ,,,20,No,0,,Growth,Real Estate and Construction
wright-electric,Wright Electric,Winter 2017,Active,http://www.weflywright.com,weflywright.com,https://www.ycombinator.com/companies/wright-electric,Boeing for electric planes,"Albany, NY, USA",US,,https://www.linkedin.com/company/wrightelectric/,https://twitter.com/weflywright,Jeff Engler; Doug Griswold,https://www.linkedin.com/in/jeffengler; https://www.linkedin.com/in/doug-griswold-96312212?trk=nav_responsive_tab_profile,; ,,,4,Yes,1,Business Development Lead to the CEO (Chief of Staff – BD),Growth,Industrials
veryfi-inc,"Veryfi, Inc.",Winter 2017,Active,https://www.veryfi.com/,veryfi.com,https://www.ycombinator.com/companies/veryfi-inc,Document AI. One API Call.,"San Francisco, CA, USA",US,,https://www.linkedin.com/company/veryfi-inc/,https://x.com/veryfi,Dmitry Birulia; Ernest Semerda,https://www.linkedin.com/in/birulia; https://www.linkedin.com/in/semerda,https://twitter.com/dbirulia; https://twitter.com/semerda,,,70,Yes,14,Senior Python Engineer; Sr. Machine Learning Engineer; Data Scientist; Senior ML Engineer; Sales Engineer; Data Scientist - Fraud Detection; Technical Account Manager; Data Annotation Engineer; Content Marketing Intern; Technical Customer Support L2; Full-Stack Software Engineer; Technical Account Manager  ,Growth,B2B
mednet,Mednet,Winter 2017,Active,https://www.themednet.org,themednet.org,https://www.ycombinator.com/companies/mednet,Mednet helps doctors answer their toughest clinical questions —…,"New York City, NY, USA",US,,https://www.linkedin.com/company/themednet/,https://twitter.com/themednet,Samir Housri; Nadine Housri,https://www.linkedin.com/in/samirhousri; https://www.linkedin.com/in/nadinehousri,https://twitter.com/shousri; https://twitter.com/nadinehousri,,,35,Yes,4,"Lifecycle Marketing Manager; Growth Marketing Manager; VP of Engineering; Growth Lead, Partnerships",Growth,Healthcare
snappr,Snappr,Winter 2017,Active,https://www.snappr.com,snappr.com,https://www.ycombinator.com/companies/snappr,Snappr is the one-stop-shop for visual content creation,"San Francisco, CA, USA",US,,https://www.linkedin.com/company/snappr.co/,https://twitter.com/snappr_co,Matt Schiller,https://www.linkedin.com/in/mdschiller,,,,250,Yes,0,,Growth,B2B
token-transit,Token Transit,Winter 2017,Active,https://tokentransit.com,tokentransit.com,https://www.ycombinator.com/companies/token-transit,Complete fare payment platform for public transportation,"San Francisco, CA, USA",US,,https://linkedin.com/company/tokentransit,https://twitter.com/tokentransit,Morgan Kikuchi-Conbere; Zachary Browne; Ekate Kuznetsova,https://www.linkedin.com/in/mconbere; https://www.linkedin.com/in/zacharybrowne; https://www.linkedin.com/in/ekate,https://twitter.com/mconbere; ; https://twitter.com/technekate,,,12,No,0,,Early,Government
ambient-ai,Ambient.ai,Winter 2017,Active,https://ambient.ai,ambient.ai,https://www.ycombinator.com/companies/ambient-ai,AI company transforming enterprise physical security to prevent…,"San Francisco, CA, USA",US,,https://www.linkedin.com/company/ambient-ai/?viewAsMember=true,https://twitter.com/ambientai?lang=en,Shikhar Shrestha; Vikesh Khanna,https://www.linkedin.com/in/shikharshrestha; https://www.linkedin.com/in/vikesh-khanna-27184722,; https://twitter.com/vikeshkhanna,,,150,Yes,5,"Regional Sales Manager, Strategic Accounts; Technical Account Manager; Software Engineer - Product; Software Engineer - Full Stack; Staff Software Engineer - Data Platform",Growth,B2B
rankscience,RankScience,Winter 2017,Active,https://www.rankscience.com,rankscience.com,https://www.ycombinator.com/companies/rankscience,Automated SEO for Startups,"New York City, NY, USA; New York, NY, USA; Remote",US,,,http://twitter.com/rankscience,Ryan Bednar,https://www.linkedin.com/in/ryan-bednar-9520853,https://twitter.com/ryanbed,,,16,No,0,,Early,B2B
the-essential,The Essential,Winter 2017,Active,http://www.theessential.com,theessential.com,https://www.ycombinator.com/companies/the-essential,E-commerce 2.0,"San Francisco, CA, USA",US,,,,Chai Mishra,https://linkedin.com/in/chaitanyamishra,,,,11,No,0,,Early,Consumer
upcall,Upcall,Winter 2017,Active,https://www.upcall.com,upcall.com,https://www.ycombinator.com/companies/upcall,Upcall provides outbound call professionals as a service. ,"Miami, FL, USA; San Francisco, CA, USA; Remote",US,,,https://twitter.com/upcall_com,Samuel Devyver,https://www.linkedin.com/in/samueldevyver,,,,6,No,0,,Early,B2B
nuvola,Nuvola,Winter 2017,Active,http://nuvola.tech,nuvola.tech,https://www.ycombinator.com/companies/nuvola,"Nuvola is transforming battery manufacturing, making EV batteries…","Los Angeles, CA, USA",US,,https://www.linkedin.com/company/nuvola-technology/,,Janet Hur; Leland Smith,https://www.linkedin.com/in/janethur; https://www.linkedin.com/in/lelandsmith50?trk=hp-identity-name,; ,,,4,No,0,,Early,Industrials
ledger-investing,Ledger Investing,Winter 2017,Active,https://ledgerinvesting.com/,ledgerinvesting.com,https://www.ycombinator.com/companies/ledger-investing,Marketplace for insurance securitization.,"Washington, DC, USA; United States; Remote",US,,https://www.linkedin.com/company/ledger-investing,https://twitter.com/LedgerInvesting,Samir Shah,https://www.linkedin.com/in/samir-shah-7410649,,,,85,Yes,0,,Early,Fintech
rezi,REZI,Winter 2017,Active,https://www.rentrezi.com,rentrezi.com,https://www.ycombinator.com/companies/rezi,Rent Better,"New York City, NY, USA; New York, NY, USA",US,,https://www.linkedin.com/company/rentrezi/,https://twitter.com/rentrezi,Sean Mitchell; Keenan D. Williams; Harsh Yadav,https://linkedin.com/in/seanfmitchell; https://www.linkedin.com/in/keenan-d-williams-4a4a08b; https://linkedin.com/in/harsh-yadav-a382b911,; ; ,,,31,No,0,,Growth,Real Estate and Construction
extern,Extern,Winter 2017,Active,http://www.extern.com,extern.com,https://www.ycombinator.com/companies/extern,"Professional Experience Anytime, Anywhere.","San Francisco, CA, USA; Remote",US,,https://www.linkedin.com/company/paragon-one/,,Matt Wilkerson,https://www.linkedin.com/in/mattwilkerson,,,,30,No,0,,Early,Consumer
mdalgorithms-inc,MDalgorithms Inc.,Winter 2017,Active,https://www.mdalgorithms.com,mdalgorithms.com,https://www.ycombinator.com/companies/mdalgorithms-inc,Democratizing Dermatology with AI ,"Tel Aviv-Yafo, Tel Aviv District, Israel; Remote",IL,,https://www.linkedin.com/company/mdalgorithms,,Oded Harth; Yoram Harth MD,http://www.linkedin.com/in/odedharth; https://il.linkedin.com/in/yoram-harth-md-5413461,https://twitter.com/odedharth; https://twitter.com/YoramHarth_MD,,,40,Yes,3,Growth Marketer for a Rapidly Growing Consumer AI Healthcare Company 🚀; Head of Growth for a Rapidly Growing Consumer AI Healthcare Company 🚀; Senior Performance Marketer for a Rapidly Growing Consumer AI Healthcare Company 🚀,Growth,Healthcare
bloomapi,BloomAPI,Winter 2017,Active,https://www.bloomtext.com,bloomtext.com,https://www.ycombinator.com/companies/bloomapi,BloomAPI helps doctors share clinical data. Today most healthcare…,"Seattle, WA, USA",US,,https://www.linkedin.com/company/bloomapi/,,Michael Wasser; Heather Milone,https://www.linkedin.com/in/michaelwasser; https://www.linkedin.com/in/heathermilone,; ,,,7,No,0,,Early,Healthcare
sleep-reset,Sleep Reset,Winter 2017,Active,https://www.thesleepreset.com/?utm_source=yc,thesleepreset.com,https://www.ycombinator.com/companies/sleep-reset,One clinic for every sleep issue,"San Francisco, CA, USA; Remote",US,,https://www.linkedin.com/company/sleep-reset/,https://twitter.com/SleepReset,Yunha Kim,https://www.linkedin.com/in/yunhajudykim,,,,8,No,0,,Growth,Healthcare
sinovia-technologies,Sinovia Technologies,Winter 2017,Active,http://www.sinoviatech.com,sinoviatech.com,https://www.ycombinator.com/companies/sinovia-technologies,Flexible printed OLED displays.,"San Francisco, CA, USA; San Carlos, CA, USA",US,,,,George Burkhard,https://www.linkedin.com/in/george-burkhard-a396022?trk=hp-identity-name,,,,7,No,0,,Growth,Industrials
bountiful,Bountiful,Winter 2017,Active,https://bountiful.ag/,bountiful.ag,https://www.ycombinator.com/companies/bountiful,An Operating System for agriculture.,"San Francisco, CA, USA",US,,http://linkedin.com/company/bountifulag,https://twitter.com/BountifulAg,Megan Nunes,https://www.linkedin.com/in/megan-nunes-73340525,https://twitter.com/megannunes,,,4,Yes,1,Full Stack Developer - Bountiful ,Early,Industrials
speak,Speak,Winter 2017,Active,http://speak.com,speak.com,https://www.ycombinator.com/companies/speak,"A superhuman, AI-powered language tutor in your pocket","San Francisco, CA, USA",US,,https://www.linkedin.com/company/usespeak,,Andrew Hsu,http://www.linkedin.com/in/andrewdhsu,https://x.com/adhsu,,,40,Yes,10,"Japan Growth Marketing Manager; AI Product Engineer; Senior Android Engineer; Applied ML Engineer, Speech; Staff Product Designer; Senior Backend Engineer; Marketing Analytics Manager; Full-stack Engineer, Internship (Summer 2026); iOS Engineer, Internship (Summer 2026); Full-stack Engineer, Internship (Summer 2026)",Growth,Consumer
tizeti,Tizeti,Winter 2017,Active,http://www.tizeti.com,tizeti.com,https://www.ycombinator.com/companies/tizeti,ISP for Africa,"Lagos, LA, Nigeria",NG,,https://www.linkedin.com/company/tizeti/,,Kendall Ananyi; Ifeanyi Okonkwo,http://www.linkedin.com/in/ken-ananyi; https://www.linkedin.com/in/ifeanyi-okonkwo-a5005429/,https://x.com/kananyi; https://twitter.com/PrimFanyius,,,,No,0,,Growth,Consumer
voiceops,Voiceops,Winter 2017,Active,https://voiceops.com,voiceops.com,https://www.ycombinator.com/companies/voiceops,We help B2C companies learn from every customer interaction,"New York City, NY, USA",US,,https://www.linkedin.com/company/voiceops/,,Ethan Barhydt,https://www.linkedin.com/pub/ethan-barhydt/a1/739/b35?domainCountryName=&csrfToken=ajax%3A0438287707557206339,,,,10,Yes,3,Founding AI Engineer; Founding Senior Account Executive (Midmarket/Enterprise); Founding Product Designer,Growth,B2B
snackpass,Snackpass,Winter 2018,Active,https://snackpass.co,snackpass.co,https://www.ycombinator.com/companies/snackpass,Order ahead at restaurants and get rewards with friends.,"San Francisco, CA, USA",US,,https://www.linkedin.com/company/snackpass,https://twitter.com/snackpass_,Kevin Tan; Jamie Marshall,http://linked.com/kevinhuangtan; https://www.linkedin.com/in/jamie-marshall-b291a2120/,; ,,,38,No,0,,Growth,Consumer
replit,Replit,Winter 2018,Active,https://replit.com,replit.com,https://www.ycombinator.com/companies/replit,Collaborative in-browser IDE ,"San Francisco, CA, USA",US,,https://www.linkedin.com/company/repl-it,https://twitter.com/replit,Haya Abdalla; Amjad Masad,https://www.linkedin.com/in/haya-odeh-b0725928; https://www.linkedin.com/in/amjadmasad,; ,,,65,Yes,0,,Growth,B2B
swayable,Swayable,Winter 2018,Active,http://swayable.com,swayable.com,https://www.ycombinator.com/companies/swayable,Swayable predicts consumer opinion and the impact of content,"New York City, NY, USA; New York, NY, USA",US,,https://www.linkedin.com/company/swayable,https://twitter.com/swayable,James Slezak,https://www.linkedin.com/in/jslezak,http://twitter.com/jslez,,,30,Yes,1,Senior Python Engineer: AI and Scientific Computing,Early,B2B
fidocure,FidoCure®,Winter 2018,Active,https://www.fidocure.com/,fidocure.com,https://www.ycombinator.com/companies/fidocure,FidoCure® is the leader in Precision Medicine for Canine Oncology.,"San Francisco, CA, USA; Palo Alto, CA, USA; Remote",US,,https://www.linkedin.com/company/the-one-health-company/,https://twitter.com/fidocure,christina lopes,https://www.linkedin.com/in/christina-lopes-8679455/,,,,14,No,0,,Growth,Healthcare
veriff,Veriff,Winter 2018,Active,https://veriff.com/,veriff.com,https://www.ycombinator.com/companies/veriff,Veriff is a global AI-native identity platform building trust online,"Tallinn, Harju County, Estonia",EE,,https://www.linkedin.com/company/veriff/,https://twitter.com/veriff,Kaarel Kotkas,https://www.linkedin.com/in/kaarelkotkas/,,,,600,No,0,,Growth,B2B
aerones,Aerones,Winter 2018,Active,http://www.aerones.com,aerones.com,https://www.ycombinator.com/companies/aerones,Robotics for wind turbine maintenance.,"Riga, Latvia",LV,,,https://twitter.com/aerones_com,Dainis Kruze; Janis Putrams,https://www.linkedin.com/in/dainis-kruze-63b19013/; https://www.linkedin.com/in/janis-putrams-2ab19345/,; ,,,250,No,0,,Early,Industrials
super,Super,Winter 2018,Active,http://superapp.id/,superapp.id,https://www.ycombinator.com/companies/super,Super is the first and leading Indonesian social commerce platform ,"Surabaya, East Java, Indonesia; Makassar, South Sulawesi, Indonesia",ID,,https://www.linkedin.com/company/superapp-id/?viewAsMember=true,,Michael Rendy Tanuwidjaja; Steven Wongsoredjo,https://id.linkedin.com/in/michael-rendy-3641ab67; https://www.linkedin.com/in/stevenwongsoredjo/,; ,,,1037,No,0,,Growth,Consumer
helloverify,Helloverify,Winter 2018,Active,https://www.helloverify.ae,helloverify.ae,https://www.ycombinator.com/companies/helloverify,Helloverify is a background screening platform (Checkr for India).  ,"Noida, UP, India",IN,,,,Karan Mirchandani; Varun Mirchandani,https://www.linkedin.com/in/karan-mirchandani-917a1a84/; https://www.linkedin.com/in/varun-mirchandani-b342a43/,; ,,,600,Yes,1,Engineering Roles ,Growth,B2B
runa,Runa,Winter 2018,Active,http://runahr.com/,runahr.com,https://www.ycombinator.com/companies/runa,Automating payroll for Latin America.,"Mexico City, CDMX, Mexico",MX,,https://www.linkedin.com/company/runahr,https://twitter.com/runahr,Courtney McColgan,https://www.linkedin.com/in/courtney-mccolgan-7976873/,,,,100,Yes,5,DevOps Engineer; Engineering Manager; Sr UX/UI Designer; Sr. Full Stack Engineer; Sr. Software Engineer (FE),Growth,B2B
erudifi,ErudiFi,Winter 2018,Active,http://www.erudifi.com,erudifi.com,https://www.ycombinator.com/companies/erudifi,Digital financial services for students in Southeast Asia,"Singapore, Singapore",SG,,https://www.linkedin.com/company/erudifi/,,Susli Lie; Naga Tan,https://www.linkedin.com/in/susli/; https://www.linkedin.com/in/nagatan/,; ,,,88,No,0,,Growth,Fintech
captivateiq,CaptivateIQ,Winter 2018,Active,https://www.captivateiq.com,captivateiq.com,https://www.ycombinator.com/companies/captivateiq,"Agile commission software to design, deploy & adapt commission plans.","San Francisco, CA, USA; Remote",US,,https://www.linkedin.com/company/captivateiq/,https://twitter.com/captivateiq,Mark Schopmeyer; Hubert Wong; Conway Teng,https://www.linkedin.com/in/mschop/; http://www.linkedin.com/in/hubertw; https://www.linkedin.com/in/conway-teng/,; ; ,,,280,Yes,0,,Growth,B2B
vena-medical,Vena Medical,Winter 2018,Active,https://www.venamed.ca/,venamed.ca,https://www.ycombinator.com/companies/vena-medical,Vena Medical is providing physicians with the world's smallest camera…,"Kitchener, ON, Canada",CA,,https://www.linkedin.com/company/venamedical,https://twitter.com/vena_medical,Michael Phillips; Phillip Cooper,https://www.linkedin.com/in/m4philli/; http://www.linkedin.com/in/phillip-cooper-95b06810b,; ,,,7,No,0,,Growth,Healthcare
mind-emulation-foundation,Mind Emulation Foundation,Winter 2018,Active,https://mindemulation.org/,mindemulation.org,https://www.ycombinator.com/companies/mind-emulation-foundation,,,,,,,Dan Siroker,https://www.linkedin.com/in/dsiroker/,,,,1,No,0,,Early,Healthcare
anjuna,Anjuna,Winter 2018,Active,https://www.anjuna.io,anjuna.io,https://www.ycombinator.com/companies/anjuna,Anjuna enabled organizations to trust any infrastructure,"San Francisco, CA, USA; Palo Alto, CA, USA",US,,https://www.linkedin.com/company/anjuna-security/,https://twitter.com/anjuna_security,Ayal Yogev,https://www.linkedin.com/in/ayalyogev/,,,,55,No,0,,Growth,B2B
tarjimly-acquired,Tarjimly (acquired),Winter 2018,Active,https://tarjimly.org,tarjimly.org,https://www.ycombinator.com/companies/tarjimly-acquired,Translating for Humanity,"San Francisco, CA, USA; Remote",US,,https://www.linkedin.com/company/tarjimly,https://twitter.com/tarjimly,Atif Javed; Aziz Alghunaim,https://www.linkedin.com/in/atifmjaved/; https://www.linkedin.com/in/azizkag,; https://twitter.com/azizkag,,,20,No,0,,Early,Healthcare
observe-ai,Observe.AI,Winter 2018,Active,https://observe.ai,observe.ai,https://www.ycombinator.com/companies/observe-ai,Contact center AI platform.,"San Francisco, CA, USA",US,,https://www.linkedin.com/company/observeai,https://twitter.com/observeAI,Swapnil Jain,https://www.linkedin.com/in/swapniljain849/,,,,240,No,0,,Growth,B2B
culture-biosciences,Culture Biosciences,Winter 2018,Active,https://culturebiosciences.com,culturebiosciences.com,https://www.ycombinator.com/companies/culture-biosciences,We grow cells for biotech companies.,"San Francisco, CA, USA; South San Francisco, CA, USA",US,,https://www.linkedin.com/company/culture-robotics/,https://twitter.com/culturebiosci,Will Patrick; Matt Ball,https://www.linkedin.com/in/wgpatrick; https://www.linkedin.com/in/mab43,; ,,,40,No,0,,Growth,Healthcare
zbiotics,ZBiotics,Winter 2018,Active,https://zbiotics.com/,zbiotics.com,https://www.ycombinator.com/companies/zbiotics,ZBiotics makes genetically engineered probiotics.,"San Francisco, CA, USA",US,,https://www.linkedin.com/company/zbiotics,https://twitter.com/zbioticscompany,Stephen Lamb,https://www.linkedin.com/in/stephen-lamb-295a7819/,,,,22,No,0,,Early,Healthcare
archform,ArchForm,Winter 2018,Active,http://archform.com,archform.com,https://www.ycombinator.com/companies/archform,Replacing orthodontic braces with our clear aligner and software,"San Francisco, CA, USA",US,,https://www.linkedin.com/company/archform,https://x.com/archform,Andrew Martz,https://www.linkedin.com/in/martzandrew/,https://twitter.com/martz_andrew,,,23,Yes,0,,Early,Healthcare
opensea,OpenSea,Winter 2018,Active,https://opensea.io,opensea.io,https://www.ycombinator.com/companies/opensea,This isn't just a marketplace; we're shaping the future of digital…,"New York City, NY, USA; Remote",US,,https://www.linkedin.com/company/opensea-io/,https://twitter.com/opensea,Devin Finzer,https://www.linkedin.com/in/dfinzer,https://twitter.com/dfinzer,,,75,No,0,,Early,Consumer
algosurg-inc,AlgoSurg Inc,Winter 2018,Active,http://www.algosurg.com,algosurg.com,https://www.ycombinator.com/companies/algosurg-inc,We make AI technology for Robotic and AR Surgeries,"MH, India; Remote",IN,,https://www.linkedin.com/company/10368877/admin/dashboard/,,Vikas Karade; Amit Maurya,https://www.linkedin.com/in/vikaskarade/; https://www.linkedin.com/in/amitdmaurya/,; ,,,8,No,0,,Early,Healthcare
orangewood-labs,Orangewood Labs,Winter 2018,Active,http://www.orangewood.co,orangewood.co,https://www.ycombinator.com/companies/orangewood-labs,Orangewood Labs makes worlds most affordable and easiest AI robot arms,"San Francisco, CA, USA; Noida, UP, India",US,,https://www.linkedin.com/company/orangewood-labs/,https://twitter.com/orangewoodlabs,Abhinav Das; Akash Bansal; Aditya Bhatia,http://in.linkedin.com/in/abhinavdas1985; https://www.linkedin.com/in/mrakashbansal; https://www.linkedin.com/in/aditya-bhatia-0904b086/,https://twitter.com/Abhindas1; ; https://twitter.com/orangewoodlabs,,,40,Yes,3, Vision Engineer Intern (AI & Computer Vision); Marketing and BDA Intern; Sales Engineer – Robotics & Automation,Early,Industrials
aspire,Aspire,Winter 2018,Active,https://aspireapp.com,aspireapp.com,https://www.ycombinator.com/companies/aspire,All-in-one Finance OS for businesses,"Singapore, Singapore",SG,,https://www.linkedin.com/company/aspireapp-global,,Andrea Baronchelli; Giovanni Casinelli,https://www.linkedin.com/in/andrea-baronchelli%EF%BC%88%E5%AE%89%E5%88%A9%EF%BC%89-0979a541/; https://sg.linkedin.com/in/giovannicasinelli,https://x.com/andrea_aspire; https://twitter.com/CasinelliG,,,500,Yes,2,"Senior Growth & Community Marketing Manager US ; Business Development Manager, US",Growth,Fintech
safetywing,SafetyWing,Winter 2018,Active,http://www.safetywing.com,safetywing.com,https://www.ycombinator.com/companies/safetywing,Health insurance for remote teams,"San Francisco, CA, USA; Remote",US,,https://www.linkedin.com/company/safetywing/,,Sondre Rasch; Sarah Sandnes; Hans Nyvold Kjellby,https://www.linkedin.com/in/srasch; http://www.linkedin.com/in/sarahbeate/; https://www.linkedin.com/in/hans-nyvold-kjellby-84975162/,; https://twitter.com/sarahbeyahte; ,,,130,Yes,2,"General Manager, Nomad Insurance; Care Navigator",Growth,Fintech
tilt-fka-delphia,Tilt (f.k.a. Delphia),Winter 2018,Active,http://tilt.io,tilt.io,https://www.ycombinator.com/companies/tilt-fka-delphia,GitHub for Investment Methodology,"Toronto, ON, Canada; Remote",CA,,https://www.linkedin.com/company/ridethetilt,http://twitter.com/tilthq,Andrew Peek; Cliff van der Linden,https://linkedin.com/in/drupeek; https://www.linkedin.com/in/cliffvanderlinden,https://twitter.com/drupeek; https://x.com/CliffvdLinden,,,25,Yes,4,Principal Product Designer; Principal Product Engineer; Principal AI/ML Engineer; Staff Data Engineer,Growth,Fintech
pelago,Pelago,Winter 2018,Active,https://www.pelagohealth.com,pelagohealth.com,https://www.ycombinator.com/companies/pelago,The world's first digital clinic for substance use management,"New York City, NY, USA",US,,https://www.linkedin.com/company/pelago-health,https://twitter.com/pelagohealth,Yusuf Sherwani; Sarim Siddiqui; Maroof Ahmed,https://www.linkedin.com/in/ysherwani/; https://www.linkedin.com/in/sarim-siddiqui-m-d-64b4b8103/; https://www.linkedin.com/in/maroof-ahmed-b5b8b3100/,https://twitter.com/ysherwani; ; ,,,180,Yes,1,Senior Android Engineer,Growth,Healthcare
substack,Substack,Winter 2018,Active,https://substack.com,substack.com,https://www.ycombinator.com/companies/substack,A place for independent writing.,"San Francisco, CA, USA",US,,,https://twitter.com/substackinc,Chris Best; Jairaj Sethi; Hamish McKenzie,https://www.linkedin.com/in/cjgbest/; https://www.linkedin.com/in/jairaj-sethi-3823b525; http://linkedin.com/in/hamishmckenzie,http://twitter.com/cjgbest; ; ,,,90,No,0,,Growth,B2B
weekend-fmr-volley,Weekend (fmr. Volley),Winter 2018,Active,https://weekend.com,weekend.com,https://www.ycombinator.com/companies/weekend-fmr-volley,AI games and entertainment on TV,"San Francisco, CA, USA",US,,https://www.linkedin.com/company/weekendhq,https://twitter.com/weekendhq,Max Child; James Wilsterman,http://www.linkedin.com/in/mlchild; http://linkedin.com/in/jameswilsterman,Https://Twitter.com/mlchild; https://www.twitter.com/jameswilsterman,,,80,Yes,0,,Growth,Consumer
gainful,Gainful,Winter 2018,Active,https://gainful.com/,gainful.com,https://www.ycombinator.com/companies/gainful,Personalized Performance Nutrition,"New York City, NY, USA; New York, NY, USA",US,,https://www.linkedin.com/company/gogainful/,https://twitter.com/gainful,Jahaan Ansari,https://www.linkedin.com/in/jahaan,,,,30,No,0,,Growth,Consumer
cognition-ip,Cognition IP,Winter 2018,Active,https://www.cognitionip.com,cognitionip.com,https://www.ycombinator.com/companies/cognition-ip,Flat-fee patent & trademark counsel with top firm results,"San Francisco, CA, USA; Remote",US,,https://www.linkedin.com/company/cognitionip,https://twitter.com/cognition_ip,Andrew Tjang,https://www.linkedin.com/in/andrew-tjang/,http://www.twitter.com/drandr00,,,12,No,0,,Early,B2B
players-lounge,Players' Lounge,Winter 2018,Active,https://playerslounge.co/,playerslounge.co,https://www.ycombinator.com/companies/players-lounge,Win money betting on yourself playing AAA video games,"New York City, NY, USA; Brooklyn, NY, USA",US,,,https://twitter.com/_playerslounge,Dan Delaney; Zach Dixon; Austin Woolridge,https://www.linkedin.com/in/dandelaney8/; https://www.linkedin.com/in/zachdixon; https://www.linkedin.com/in/austin-woolridge-64b81730/,; ; https://twitter.com/wooldynasty,,,13,Yes,1,Controller,Growth,Consumer
psylaris,Psylaris,Winter 2018,Active,https://www.psylaris.com/,psylaris.com,https://www.ycombinator.com/companies/psylaris,Psychotherapy through autonomous and personalized VR-sessions.,"Maastricht, LI, Netherlands",NL,,https://www.linkedin.com/company/psylaris,https://twitter.com/psylaris,Christoph Lynen,https://www.linkedin.com/in/christophlynen/,,,,23,No,0,,Early,Healthcare
treasury-prime,Treasury Prime,Winter 2018,Active,https://treasuryprime.com,treasuryprime.com,https://www.ycombinator.com/companies/treasury-prime,Embedded banking software platform and marketplace,"San Francisco, CA, USA; Remote",US,,https://www.linkedin.com/company/treasuryprime/,https://twitter.com/treasuryprime,Chris Dean,https://www.linkedin.com/in/ctdean/,,,,100,No,0,,Growth,Fintech
acely,Acely,Winter 2018,Active,https://acely.com,acely.com,https://www.ycombinator.com/companies/acely,Every student's AI coach for college readiness,"San Francisco, CA, USA",US,,,https://twitter.com/junilearning,Vivian Midha Shen,https://www.linkedin.com/in/vivianmshen/,https://x.com/vivianmshen,,,30,Yes,1,Sr. Data Engineer,Growth,Education
universe,Universe,Winter 2018,Active,http://onuniverse.com,onuniverse.com,https://www.ycombinator.com/companies/universe,Design and build any kind of website. On your iPhone or iPad.,"New York City, NY, USA; New York, NY, USA; Remote",US,,https://www.linkedin.com/company/universe-,http://twitter.com/onuniverse,Joseph Cohen,https://www.linkedin.com/in/josephmcohen/,https://x.com/josephcohen,,,25,No,0,,Growth,Consumer
let-s-do-this,Let's Do This,Winter 2018,Active,https://www.letsdothis.com/,letsdothis.com,https://www.ycombinator.com/companies/let-s-do-this,The online company that gets everyone offline,"London, England, United Kingdom",GB,,https://www.linkedin.com/company/lets-do-this/,,Sam Browne; Alex Rose,https://uk.linkedin.com/in/sam-browne-a86268b0; https://www.linkedin.com/in/alexrose1?trk=nav_responsive_tab_profile,; ,,,75,No,0,,Growth,Consumer
evolve-makers-of-podcast-app-and-rest,Evolve (makers of Podcast App & Rest),Winter 2018,Active,https://getrest.app,getrest.app,https://www.ycombinator.com/companies/evolve-makers-of-podcast-app-and-rest,"Rest is an AI sleep coach that helps you fix your sleep for good,…","San Francisco, CA, USA; Remote",US,,,https://twitter.com/thepodcastapp,Martin Siniawski,https://www.linkedin.com/in/msinia,http://twitter.com/msinia,,,23,No,0,,Growth,Consumer
supermedium,Supermedium,Winter 2018,Active,https://supermedium.com/,supermedium.com,https://www.ycombinator.com/companies/supermedium,VR space of immersive utilities,"San Francisco, CA, USA",US,,https://www.linkedin.com/company/supermedium,https://twitter.com/supermediumvr,Diego Marcos Segura,https://www.linkedin.com/in/diegomarcos/,,,,2,No,0,,Early,Consumer
tributi,Tributi,Winter 2018,Active,http://tributi.com,tributi.com,https://www.ycombinator.com/companies/tributi,Tax filing automation for individuals in Latam.,"Antioquia, Colombia",CO,,https://www.linkedin.com/company/tributi,,Simón González; Andrés Vélez,http://linkedin.com/in/simón-gonzález-78964269; https://www.linkedin.com/in/andr%C3%A9s-v%C3%A9lez-8263a443/,; https://twitter.com/avelez89,,,20,No,0,,Early,Consumer
sourcify,Sourcify,Winter 2018,Active,https://www.sourcify.com/,sourcify.com,https://www.ycombinator.com/companies/sourcify,Sourcify helps brands manufacture products in Asia.,"Salt Lake City, UT, USA; San Diego, CA, USA; Remote",US,,,https://twitter.com/sourcifyinc,Nathan Resnick,https://linkedin.com/in/nathanresnick,https://twitter.com/naterez94,,,15,Yes,0,,Early,B2B
plexus,Plexus,Winter 2018,Active,http://plexus.im,plexus.im,https://www.ycombinator.com/companies/plexus,High-performance gloves for VR and AR,"London, England, United Kingdom",GB,,https://www.linkedin.com/company/digital-kinematics/about/,,Charles Duffy; Matt Hogbin,https://www.linkedin.com/in/charles-duffy-6573ba62/; https://www.linkedin.com/in/matt-h-774901205/,; ,,,3,No,0,,Early,Consumer
biorender,BioRender,Winter 2018,Active,https://www.biorender.com,biorender.com,https://www.ycombinator.com/companies/biorender,'Figma/Canva for scientists’,"Toronto, ON, Canada; Remote",CA,,https://www.linkedin.com/company/biorender/,https://www.twitter.com/biorender,Ryan Marien; Katya Shteyn,https://www.linkedin.com/in/ryanmarien/; https://www.linkedin.com/in/ekaterinashteyn/,; ,,,250,Yes,5,"Business Development Representative; Enterprise Account Executive ; Product Builder, a Founder Track role; Product Lead; Director of Security",Early,B2B
tequitable,tEQuitable,Winter 2018,Active,https://www.tEQuitable.com/,tequitable.com,https://www.ycombinator.com/companies/tequitable,tEQuitable's mission is to create work culture that works for everyone,"San Francisco, CA, USA; Oakland, CA, USA",US,,https://www.linkedin.com/company/tequitable/,https://twitter.com/t_equitable,Lisa Gelobter,https://www.linkedin.com/in/lisagelobter/,https://twitter.com/LisaGelobter,,,6,No,0,,Early,B2B
meitre,Meitre,Winter 2018,Active,http://meitre.com/,meitre.com,https://www.ycombinator.com/companies/meitre,Opentable for the world's top restaurants; we help them increase…,"San Francisco, CA, USA; Palo Alto, CA, USA; Remote",US,,https://www.linkedin.com/company/meitre/,,Juan Caviglia; Luis Caviglia,https://www.linkedin.com/profile/view?id=45967611; http://uy.linkedin.com/in/luiscaviglia,https://twitter.com/juancaviglia; ,,,9,No,0,,Early,B2B
draftbit,Draftbit,Winter 2018,Active,https://draftbit.com,draftbit.com,https://www.ycombinator.com/companies/draftbit,Build mobile apps visually. Source-code included. ,"Carmel, IN, USA; Chicago, IL, USA; Remote",US,,https://www.linkedin.com/company/draftbit/,https://twitter.com/draftbit,Brian Luerssen,http://www.linkedin.com/in/brianluerssen/,https://twitter.com/bluerssen,,,10,No,0,,Early,B2B
lus-brands,LUS Brands,Winter 2018,Active,http://lusbrands.com,lusbrands.com,https://www.ycombinator.com/companies/lus-brands,Hair care products for curly hair. ,"Toronto, ON, Canada",CA,,,,Sahar Saidi,https://www.linkedin.com/in/saharsaidi/,,,,20,No,0,,Early,Consumer
vanta,Vanta,Winter 2018,Active,https://vanta.com,vanta.com,https://www.ycombinator.com/companies/vanta,Vanta—the proven leader in automated compliance helping startups…,"San Francisco, CA, USA",US,,https://www.linkedin.com/company/vanta-security/,https://twitter.com/trustvanta,Christina Cacioppo,http://linkedin.com/in/ccacioppo,https://twitter.com/christinacaci,,,700,Yes,2,Senior Product Designer; Senior Software Engineer,Growth,B2B
nuvocargo,Nuvocargo,Winter 2018,Active,http://www.nuvocargo.com,nuvocargo.com,https://www.ycombinator.com/companies/nuvocargo,Your AI partner for North America truckload freight,"New York City, NY, USA",US,,https://www.linkedin.com/company/nuvocargo,https://twitter.com/nuvocargo,Deepak Chhugani,https://www.linkedin.com/in/deepakchhugani/,https://twitter.com/dchhugani,,,100,No,0,,Early,B2B
aesculatech,AesculaTech,Winter 2018,Active,https://www.aesculatech.com/,aesculatech.com,https://www.ycombinator.com/companies/aesculatech,"Responsive materials, better lives. ","Los Angeles, CA, USA",US,,,,Niki Bayat,https://www.linkedin.com/in/niki-bayat-1ba52b4b/,,,,6,No,0,,Early,Healthcare
persephone-biosciences,Persephone Biosciences,Winter 2018,Active,http://persephonebiosciences.com/,persephonebiosciences.com,https://www.ycombinator.com/companies/persephone-biosciences,We are using the gut microbiome to end cancer. ,"San Diego, CA, USA",US,,https://www.linkedin.com/company/18624497/admin/,,Stephanie Culler; Stephen Van Dien,https://www.linkedin.com/in/stephanie-culler/; https://www.linkedin.com/in/steve-van-dien-48479/,; ,,,6,No,0,,Early,Healthcare
modern-health,Modern Health,Winter 2018,Active,https://www.modernhealth.com/,modernhealth.com,https://www.ycombinator.com/companies/modern-health,A mental health benefits platform for employers.,"Boston, MA, USA; San Francisco, CA, USA; Remote",US,,https://www.linkedin.com/company/modern-health/,https://twitter.com/modernhealthco,Alyson Watson,https://www.linkedin.com/in/alyson-friedensohn-58317b27/,,,,375,Yes,1,Enterprise Account Executive,Growth,Healthcare
promise,Promise,Winter 2018,Active,http://promise-pay.com,promise-pay.com,https://www.ycombinator.com/companies/promise,Better payment systems for governments and the communities they serve.,"San Francisco, CA, USA",US,,https://www.linkedin.com/company/joinpromise,,Phaedra Ellis-Lamkins; Diana Frappier,https://www.linkedin.com/in/phaedra-ellis-lamkins-9b51206/; https://www.linkedin.com/in/diana-frappier-b3304710,; ,,,80,Yes,11,"Software Engineer; Senior Full-Stack Software Engineer; Senior Backend Software Engineer; Product Engineering Lead, Government; Engineering Lead; Software Engineer - AI; Forward Deployed Software Engineer; Deployment Strategist; Data Engineer; Product Designer; Software Engineer",Growth,Government
tradewind-bioscience,Tradewind BioScience,Winter 2018,Active,https://www.tradewindbio.com,tradewindbio.com,https://www.ycombinator.com/companies/tradewind-bioscience,Tradewind translates scientific insight into innovative ways of…,"San Francisco, CA, USA",US,,,https://twitter.com/tradewindbio,Thaddeus Allen,https://www.linkedin.com/in/thaddeus-allen-1a80466/,,,,2,No,0,,Early,Healthcare
nectome,Nectome,Winter 2018,Active,https://nectome.com/,nectome.com,https://www.ycombinator.com/companies/nectome,Human whole body end-of-life preservation for later revival.,"Portland, OR, USA",US,,https://www.linkedin.com/company/nectome/,https://x.com/nectomeresearch,Aurelia Song,https://www.linkedin.com/in/aurellem,,,,9,No,0,,Early,Healthcare
biobot-analytics,Biobot Analytics,Winter 2018,Active,http://biobot.io,biobot.io,https://www.ycombinator.com/companies/biobot-analytics,Population health analytics powered by wastewater.,"Boston, MA, USA",US,,,https://twitter.com/biobotanalytics/,Newsha Ghaeli; Mariana Matus,https://www.linkedin.com/in/newshaghaeli/; https://www.linkedin.com/in/marianamatus/,; https://twitter.com/MarianaMatusG,,,12,No,0,,Early,Government
nexgent,NEXGENT,Winter 2018,Active,https://ngt.academy/,ngt.academy,https://www.ycombinator.com/companies/nexgent,,"San Francisco, CA, USA; San Jose, CA, USA; Remote",US,,,,Terry Kim,https://linkedin.com/in/projectkim,,,,25,No,0,,Growth,Education
macromoltek,Macromoltek,Winter 2018,Active,https://www.macromoltek.com,macromoltek.com,https://www.ycombinator.com/companies/macromoltek,Computational antibody design,"Austin, TX, USA",US,,https://www.linkedin.com/company/macromoltek-inc/,https://twitter.com/macromoltek,Monica Berrondo; Susana Kaufmann,https://www.linkedin.com/in/monicaberrondo; https://www.linkedin.com/in/susanakaufmannn,https://twitter.com/monicaberrondo; ,,,14,No,0,,Early,Healthcare
avro-life-science,Avro Life Science,Winter 2018,Active,http://avrolifesci.com,avrolifesci.com,https://www.ycombinator.com/companies/avro-life-science,Skin patches for generic drug delivery. ,"Waterloo, ON, Canada",CA,,,,Shak Lakhani; Keean Sarani,https://ca.linkedin.com/in/shaklakhani; https://ca.linkedin.com/in/imkeean,; ,,,8,No,0,,Early,Healthcare
srtx,SRTX,Winter 2018,Active,https://www.srtxlabs.com/,srtxlabs.com,https://www.ycombinator.com/companies/srtx,Powering a better future for textiles.,"Toronto, ON, Canada; Montreal, QC, Canada",CA,,https://www.linkedin.com/company/sheertex/,https://twitter.com/SheertexLabs,Katherine Homuth,https://www.linkedin.com/in/katherinehomuth/,,,,150,No,0,,Growth,Industrials
simetrik,Simetrik,Winter 2018,Active,https://simetrik.com,simetrik.com,https://www.ycombinator.com/companies/simetrik,No code enterprise SaaS for financial control automation.,"Bogotá, Bogota, Colombia; Remote",CO,,https://www.linkedin.com/company/24790658/admin/,,Alejandro Casas; Santiago Gomez,https://www.linkedin.com/in/alejandrocasas/; https://www.linkedin.com/in/santiagomezgg/,; ,,,350,No,0,,Early,B2B
key-values,Key Values,Winter 2018,Active,https://www.keyvalues.com,keyvalues.com,https://www.ycombinator.com/companies/key-values,Helping software developers find teams that share their values. ,"Seattle, WA, USA",US,,,,Lynne Tye,https://www.linkedin.com/in/lynne-tye-26622381/,,,,1,No,0,,Early,B2B
cointracker,CoinTracker,Winter 2018,Active,https://cointracker.com,cointracker.com,https://www.ycombinator.com/companies/cointracker,The gold standard in cryptocurrency portfolio tracking and taxes,"San Francisco, CA, USA",US,,https://www.linkedin.com/company/cointracker,https://twitter.com/CoinTracker,Jon Lerner,https://www.linkedin.com/in/jonlerner,https://x.com/jon_lerner,,,70,Yes,0,,Growth,Fintech
slite,Slite,Winter 2018,Active,https://slite.com/,slite.com,https://www.ycombinator.com/companies/slite,The self-maintaining knowledge base,"Berlin, Berlin, Germany; Remote",DE,,https://www.linkedin.com/company/slitehq/,https://twitter.com/sliteHQ,Christophe Pasquier,http://fr.linkedin.com/pub/christophe-pasquier/56/759/938,https://twitter.com/Christophepas,,,40,No,0,,Growth,B2B
glowing-io,Glowing.io,Winter 2018,Active,http://www.glowing.io,glowing.io,https://www.ycombinator.com/companies/glowing-io,"Unified, enterprise messaging platform for leading brands of the world","Las Vegas, NV, USA",US,,https://www.linkedin.com/company/13206234/,,Jasen Lew,https://www.linkedin.com/in/jasenlew,,,,11,No,0,,Early,B2B
sixfold-bioscience,Sixfold Bioscience,Winter 2018,Active,https://www.sixfold.bio,sixfold.bio,https://www.ycombinator.com/companies/sixfold-bioscience,Delivering RNA therapies.,"London, England, United Kingdom",GB,,https://www.linkedin.com/company/sixfoldbioscience/,https://twitter.com/sixfold_bio,George Foot; Anna Perdrix Rosell,https://www.linkedin.com/in/george-foot/; https://www.linkedin.com/in/annaperdrix/,; ,,,27,No,0,,Early,Healthcare
worklytics,Worklytics,Winter 2018,Active,https://www.worklytics.co,worklytics.co,https://www.ycombinator.com/companies/worklytics,Analytics to improve how teams work and collaborate,"Seattle, WA, USA",US,,https://www.linkedin.com/company/9466181/,https://twitter.com/worklytics,Philip Arkcoll,https://www.linkedin.com/in/philiparkcoll/,http://twitter.com/parkcoll,,,,No,0,,Early,B2B
fondo,Fondo,Winter 2018,Active,https://fondo.com,fondo.com,https://www.ycombinator.com/companies/fondo,"Bookkeeping, tax, & tax credits on autopilot for 2,000+ startups","San Francisco, CA, USA",US,,https://www.linkedin.com/company/fondohq/,https://twitter.com/tryfondo,David J. Phillips,https://www.linkedin.com/in/davjphillips,http://twitter.com/davj,,,80,Yes,2,Accounting Manager (Remote); Tax Manager (Remote),Early,B2B
observant-ai,Observant AI,Winter 2018,Active,https://www.observantai.com,observantai.com,https://www.ycombinator.com/companies/observant-ai,iPhone-based driver monitoring for commercial fleets.,"San Francisco, CA, USA; Remote",US,,https://www.linkedin.com/company/observantai,https://twitter.com/observantai,Daniel DeCovnick,https://www.linkedin.com/in/daniel-decovnick-37aa362/,https://twitter.com/icodestuff,,,5,No,0,,Early,B2B
assembly-com,Assembly,Winter 2018,Active,https://www.assembly.com,assembly.com,https://www.ycombinator.com/companies/assembly-com,Create remarkable client experiences,"New York City, NY, USA",US,,https://www.linkedin.com/company/assemblycom/,https://x.com/assemblycom,Marlon Misra; Neil Raina,https://www.linkedin.com/in/marlonmisra/; https://linkedin.com/in/rnraina/,https://twitter.com/marlonmisra; ,,,25,Yes,2,Customer Success Manager; Senior Software Engineer,Early,B2B
jasper-ai,Jasper.ai,Winter 2018,Active,https://jasper.ai,jasper.ai,https://www.ycombinator.com/companies/jasper-ai,Jasper is a leader in creating content using Artificial Intelligence,"Austin, TX, USA; Salt Lake City, UT, USA",US,,http://www.linkedin.com/company/heyjasperai,https://twitter.com/heyjasperai,Chris Hull; JP Morgan; Dave Rogenmoser,https://www.linkedin.com/in/chrishull7; https://www.linkedin.com/in/jpamorgan; https://www.linkedin.com/in/daverogenmoser,; https://twitter.com/jpamorgan; https://twitter.com/DaveRogenmoser,,,195,No,0,,Growth,B2B
shogun,Shogun,Winter 2018,Active,https://getshogun.com/,getshogun.com,https://www.ycombinator.com/companies/shogun,Shogun empowers brands to create exceptional ecommerce experience.,"San Francisco, CA, USA; Palo Alto, CA, USA; Remote",US,,https://www.linkedin.com/company/shogun,https://twitter.com/shogun,Finbarr Taylor; Nick Raushenbush,https://linkedin.com/in/finbarrtaylor; https://www.linkedin.com/in/nickraushenbush,https://twitter.com/finbarr; https://twitter.com/nickraushenbush,,,90,No,0,,Growth,B2B
blueberry-pediatrics,Blueberry Pediatrics,Winter 2018,Active,https://blueberrypediatrics.com,blueberrypediatrics.com,https://www.ycombinator.com/companies/blueberry-pediatrics,24/7 pediatric clinic in every family's living room,"San Francisco, CA, USA; Mountain View, CA, USA; Remote",US,,,,Harrison Gordon,https://www.linkedin.com/in/harrisonmgordon,,,,15,No,0,,Growth,Healthcare
beanstalk,Beanstalk,Winter 2018,Active,http://beanstalk.farm,beanstalk.farm,https://www.ycombinator.com/companies/beanstalk,"Great tasting produce, farmed around the corner","Washington, DC, USA",US,,https://www.linkedin.com/company/beanstalk-inc/about/,,Mike Ross; Jack Ross,https://www.linkedin.com/in/mross9/; https://www.linkedin.com/in/jacklross/,; ,,,15,No,0,,Growth,Industrials
spellbrush,Spellbrush,Winter 2018,Active,https://spellbrush.com,spellbrush.com,https://www.ycombinator.com/companies/spellbrush,Making Anime Real,"San Francisco, CA, USA",US,,https://www.linkedin.com/company/18479828,https://twitter.com/nijijourney,Cory Li; Ruwen Liu; Haitao Mao,https://www.linkedin.com/in/scoryli; ; http://linkedin.com/in/haitao-mao-3a083528,https://twitter.com/cixelyn; https://twitter.com/ramblingrhubarb; ,,,30,Yes,5,Anime Games - Unity Engineer; Frontend Engineer (Anime Games); AI Researcher (Anime); AI Infrastructure Engineer; LLM Engineer,Growth,Consumer
quantstamp,Quantstamp,Winter 2018,Active,https://quantstamp.com,quantstamp.com,https://www.ycombinator.com/companies/quantstamp,Security auditing for Web3,"San Francisco, CA, USA; Remote",US,,,https://twitter.com/quantstamp,Richard Ma,https://www.linkedin.com/in/rtmtd/,,,,80,No,0,,Growth,B2B
precious,Precious,Winter 2018,Active,https://preciousapp.com/,preciousapp.com,https://www.ycombinator.com/companies/precious,AI to curate your baby photos,"San Francisco, CA, USA; Remote",US,,,,Chris Lau; Daniel Lau,http://www.linkedin.com/in/chrisclau/en; https://www.linkedin.com/in/danielclau,; ,,,7,No,0,,Early,Consumer
proven-group,Proven Group,Winter 2018,Active,https://www.provenskincare.com,provenskincare.com,https://www.ycombinator.com/companies/proven-group,"PROVEN is using AI, data and personalization to disrupt CPG","San Francisco, CA, USA; Remote",US,,,,Amy Yuan; Ming Zhao,https://www.linkedin.com/in/amy-zaoshi-yuan-b482707/; https://www.linkedin.com/in/mingszhao/,; ,,,40,Yes,1,Senior Software Engineer,Growth,Consumer
lucy-goods-inc,"Lucy Goods, Inc",Winter 2018,Active,https://lucy.co/,lucy.co,https://www.ycombinator.com/companies/lucy-goods-inc,Lucy’s mission is to reduce tobacco-related harm to zero. We provide…,"Los Angeles, CA, USA",US,,,http://www.twitter.com/lucynicotine,John Coogan; Samy Hamdouche; David Renteln,http://www.linkedin.com/in/jacoogan; https://www.linkedin.com/in/samy-hamdouche-6aa24738/; https://www.linkedin.com/in/drenteln,http://www.twitter.com/johncoogan; ; ,,,7,No,0,,Growth,Consumer
honeylove,Honeylove,Summer 2018,Active,https://www.honeylove.com,honeylove.com,https://www.ycombinator.com/companies/honeylove,Honeylove makes functional undergarments for women,"Los Angeles, CA, USA; San Francisco, CA, USA",US,,https://www.linkedin.com/company/honeylove-sculptwear,http:/twitter.com/gethoneylove,Betsie Larkin,https://www.linkedin.com/in/betsie-larkin-611a49ba,,,,100,No,0,,Growth,Consumer
kunduz,Kunduz,Summer 2018,Active,https://kunduz.com/,kunduz.com,https://www.ycombinator.com/companies/kunduz,Kunduz provides instant answers to students' questions and makes…,"Istanbul, Istanbul, Turkey; Remote",TR,,https://www.linkedin.com/company/10663583,http://twitter.com/kunduzasor,Basar Basaran; Baris Bilgic; Melih Sener,https://www.linkedin.com/in/basarbasaran/; https://www.linkedin.com/in/brsbilgic/; https://www.linkedin.com/in/melih-sener-02460442/,https://www.twitter.com/basarx2an; ; ,,,85,No,0,,Early,Education
aesthetic,Aesthetic,Summer 2018,Active,https://www.aesthetic.com,aesthetic.com,https://www.ycombinator.com/companies/aesthetic,Your AI-powered creative apprentice 🪄,"New York City, NY, USA; New York, NY, USA; Remote",US,,https://www.linkedin.com/company/useaesthetic,https://twitter.com/useaesthetic,Nate Smith; Matthew Trost,https://www.linkedin.com/in/nathanaelhsmith; https://www.linkedin.com/in/matthew-trost-8081a342,https://twitter.com/nathanael_smith; ,,,4,No,0,,Early,B2B
okcredit,OkCredit,Summer 2018,Active,https://www.okcredit.in,okcredit.in,https://www.ycombinator.com/companies/okcredit,Simple and secure bookkeeping for Indian businesses.,"Bengaluru, KA, India",IN,,https://www.linkedin.com/company/okcredit/mycompany/?viewAsMember=true,https://twitter.com/_okcredit,Gaurav Kumar; Harsh Pokharna; Aditya Prasad,https://www.linkedin.com/in/gaurav-kumar-9426a546/; https://www.linkedin.com/in/harsh-pokharna-58437a45; https://in.linkedin.com/in/aditya-prasad-9a785a46,; ; ,,,70,No,0,,Growth,Fintech
culdesac,Culdesac,Summer 2018,Active,http://culdesac.com,culdesac.com,https://www.ycombinator.com/companies/culdesac,"We build cities for people, not cars. ","San Francisco, CA, USA; Tempe, AZ, USA",US,,https://www.linkedin.com/company/liveculdesac/,https://twitter.com/culdesac,Jeff Berens; Ryan Johnson,https://www.linkedin.com/in/jeff-berens/; https://www.linkedin.com/in/ryan-johnson-8751283/,; ,,,100,Yes,2,Leasing & Community Operations Coordinator; Maintenance Technician,Growth,Real Estate and Construction
circumvent,Circumvent,Summer 2018,Active,https://www.circumventpharmaceuticals.com/,circumventpharmaceuticals.com,https://www.ycombinator.com/companies/circumvent,Utilizing monogenic disorders to inform and solve highly complex…,"Portland, OR, USA",US,,,,Devin Wiley,https://www.linkedin.com/in/devinwiley/,,,,6,No,0,,Early,Healthcare
rejuvenation-technologies-inc,Rejuvenation Technologies Inc.,Summer 2018,Active,https://www.rejuvenationtech.com/,rejuvenationtech.com,https://www.ycombinator.com/companies/rejuvenation-technologies-inc,mRNA therapeutics to extend healthspan entering clinical trials,"San Francisco, CA, USA",US,,,,Glenn Markov; John Ramunas,https://www.linkedin.com/in/glennmarkov/; https://linkedin.com/in/johnramunas,; ,,,2,No,0,,Early,Healthcare
ilabservice,iLabService,Summer 2018,Active,https://www.ilabservice.ai,ilabservice.ai,https://www.ycombinator.com/companies/ilabservice,"AIoT monitoring, workflow, and evidence systems for regulated labs.","Shanghai, Shanghai, China",CN,,https://www.linkedin.com/company/ilabservice,https://x.com/ilabservice,Kenny Li; Jing Wang; Liyang Zhang,http://www.linkedin.com/in/kennylee722; https://www.linkedin.com/in/jing-wang-5aa8a92b/; https://www.linkedin.com/in/liyang-zhang/,https://x.com/kennylee722; ; ,,,50,No,0,,Growth,B2B
lemonbox,LemonBox,Summer 2018,Active,http://www.lemonbox.com/,lemonbox.com,https://www.ycombinator.com/companies/lemonbox,"AI-generated personalized nutrition solutions, built for you daily.","San Francisco, CA, USA",US,,,,Derek Weng,https://www.linkedin.com/in/derek-weng-9a27571a/,,,,20,No,0,,Growth,Healthcare
enveritas,Enveritas,Summer 2018,Active,http://www.enveritas.org,enveritas.org,https://www.ycombinator.com/companies/enveritas,We verify global supply chains for issues like child slavery and…,"New York City, NY, USA; New York, NY, USA",US,,https://www.linkedin.com/company/enveritas/,,David Browning,https://www.linkedin.com/profile/preview?locale=en_US&trk=prof-0-sb-preview-primary-button,,,,60,No,0,,Early,Industrials
spate,SPATE,Summer 2018,Active,https://www.spate.nyc,spate.nyc,https://www.ycombinator.com/companies/spate,Trends prediction for marketers,"New York City, NY, USA; New York, NY, USA; Remote",US,,https://www.linkedin.com/company/spatenyc,https://twitter.com/spatenyc,Yarden Horwitz; Olivier Zimmer,https://www.linkedin.com/in/yarden-horwitz/; https://www.linkedin.com/in/olivierzimmer/,; ,,,15,No,0,,Early,B2B
oxygen,Oxygen,Summer 2018,Active,http://getoxygen.com,getoxygen.com,https://www.ycombinator.com/companies/oxygen,A leading digital bank in the US offering personal and business…,"San Francisco, CA, USA; Los Angeles, CA, USA; Remote",US,,https://www.linkedin.com/company/oxygenbanking/,https://twitter.com/oxygenbankhq,Hussein Ahmed,https://linkedin.com/in/husseinahmed,,,,68,Yes,2,"Senior Software Development Engineer, Backend (Remote) ; Principal Backend Software Engineer, Python",Growth,Fintech
mark-cuban-cost-plus-drug-company-pbc,"Mark Cuban Cost Plus Drug Company, PBC",Summer 2018,Active,http://www.costplusdrugs.com,costplusdrugs.com,https://www.ycombinator.com/companies/mark-cuban-cost-plus-drug-company-pbc,Making low cost versions of high cost generic drugs.,"Dallas, TX, USA",US,,,,Alexander Oshmyansky,https://linkedin.com/in/alex-oshmyansky-06a3174b,,,,,No,0,,Early,Healthcare
anniecannons,AnnieCannons,Summer 2018,Active,https://www.anniecannons.com,anniecannons.com,https://www.ycombinator.com/companies/anniecannons,Connecting Survivors to Careers in Tech,"New York City, NY, USA; Remote",US,,https://www.linkedin.com/company/7954427/,http://twitter.com/anniecannons,Laura Hackney,http://www.linkedin.com/in/laura-hackney,,,,14,No,0,,Early,Education
leena-ai,Leena AI,Summer 2018,Active,https://www.leena.ai,leena.ai,https://www.ycombinator.com/companies/leena-ai,We at Leena AI build a virtual assistant that answers employee's…,"New York City, NY, USA; New Delhi, DL, India",US,,https://www.linkedin.com/company/l-e-e-n-a/,,Mayank Goyal; Adit Jain; Anand Kumar Prajapati,https://www.linkedin.com/in/mayankzuppit; https://www.linkedin.com/in/adit-jain-75713b5a; https://www.linkedin.com/in/akprats,; ; ,,,500,Yes,1,Sales Manager,Growth,B2B
synkrino-biotherapeutics,Synkrino Biotherapeutics,Summer 2018,Active,http://www.synkrino.bio,synkrino.bio,https://www.ycombinator.com/companies/synkrino-biotherapeutics,"Synkrino's AI, SATIS is a powerful, unbiased discovery system for…","San Francisco, CA, USA; Oakland, CA, USA",US,,,,Jason Barbour; David Ott,https://www.linkedin.com/in/jasondbarbour/; https://www.linkedin.com/in/davidott4,; ,,,2,No,0,,Early,Healthcare
mutiny,Mutiny,Summer 2018,Active,https://www.mutinyhq.com,mutinyhq.com,https://www.ycombinator.com/companies/mutiny,"Your AI agent for creating anything customer-facing, in minutes.","New York City, NY, USA",US,,https://www.linkedin.com/company/mutinyhq/,https://twitter.com/mutinycorp,Nikhil Mathew; Jaleh Rezaei,https://www.linkedin.com/in/nikhilmat; https://www.linkedin.com/in/jalehr/,; https://x.com/jalehr,,,20,Yes,4,Senior Software Engineer (AI Products); Head of AI Strategists; Head of GTM (Path to COO); Staff Product Designer,Early,B2B
cowrywise,Cowrywise,Summer 2018,Active,https://cowrywise.com,cowrywise.com,https://www.ycombinator.com/companies/cowrywise,Digitizing wealth management in Africa,"Lagos, LA, Nigeria; LA, Nigeria",NG,,https://www.linkedin.com/company/cowrywise/,https://twitter.com/cowrywise,Razaq Ahmed; Edward Popoola,https://www.linkedin.com/in/razaqa/; https://www.linkedin.com/in/edwardpopoola/,; ,,,40,No,0,,Early,Fintech
helicarrier-prev-buycoins,Helicarrier (prev Buycoins),Summer 2018,Active,https://helicarrier.studio,helicarrier.studio,https://www.ycombinator.com/companies/helicarrier-prev-buycoins,Cryptocurrency infrastructure for Africa.,"London, England, United Kingdom; LA, Nigeria",GB,,https://www.linkedin.com/company/buycoins,https://twitter.com/buycoins_africa,Ire Aderinokun; Timi Ajiboye,https://www.linkedin.com/in/iaderinokun/; https://www.linkedin.com/in/timi-ajiboye-989b5b24b/,https://twitter.com/ireaderinokun; https://twitter.com/timigod,,,30,No,0,,Early,Fintech
khatabook,Khatabook,Summer 2018,Active,https://khatabook.com/,khatabook.com,https://www.ycombinator.com/companies/khatabook,Manage your ledgers and avail Financial Services like Lending on your…,"Bengaluru, KA, India",IN,,https://www.linkedin.com/company/khatabook/,https://twitter.com/khatabook,Ravish Naresh,https://www.linkedin.com/in/ravish-naresh-72543359/,,,,350,No,0,,Growth,Fintech
brainhi,BrainHi,Summer 2018,Active,https://www.brainhi.com,brainhi.com,https://www.ycombinator.com/companies/brainhi,Automated receptionist that answers missed calls for local businesses ,"San Juan, San Juan, Puerto Rico",PR,,https://www.linkedin.com/company/brainhi/,,Emmanuel Oquendo; Israel Figueroa Fontánez,https://www.linkedin.com/in/emmanuelfoquendo/; https://www.linkedin.com/in/israel11/,; ,,,18,No,0,,Early,Healthcare
four-growers,Four Growers,Summer 2018,Active,https://fourgrowers.com/,fourgrowers.com,https://www.ycombinator.com/companies/four-growers,Robots that feed the world - robotic harvesting and analytics,"Pittsburgh, PA, USA",US,,https://www.linkedin.com/company/four-growers-inc,,Brandon Contino; Dan Chi,https://www.linkedin.com/in/brandon-contino/; https://www.linkedin.com/in/dan-chi-0,; ,,,14,No,0,,Early,Industrials
skydropx,SkydropX,Summer 2018,Active,http://skydropx.com,skydropx.com,https://www.ycombinator.com/companies/skydropx,Logistic Management System for E-commerce & Retail in Mexico. ,"Monterrey, N.L., Mexico",MX,,https://www.linkedin.com/company/sskydropx/,https://twitter.com/skydropco,Tavo Zambrano; Armando Solbes,https://www.linkedin.com/in/josezambrano; https://www.linkedin.com/in/armando-solbes-arg%C3%BCello-9bbbb0b2?trk=nav_responsive_tab_profile,https://twitter.com/tavowzg; ,,,320,No,0,,Growth,B2B
eden-2,Eden,Summer 2018,Active,https://edenmed.com,edenmed.com,https://www.ycombinator.com/companies/eden-2,Building Clinical Superintelligence.,"San Francisco, CA, USA",US,,https://www.linkedin.com/company/edenmedicalglobal/,https://twitter.com/evacenter_mx,Julián Cantú; Raymundo Gonzalez,https://www.linkedin.com/in/juli%C3%A1n-r%C3%ADos-cant%C3%BA-903b76106/; https://www.linkedin.com/in/raymundo-gzz/,; https://twitter.com/RaymundoGzz19,,,100,Yes,1,"Member of Technical Staff, AI Research – Radiology Foundation Model",Growth,Healthcare
nestor,Nestor,Summer 2018,Active,https://nestorup.com,nestorup.com,https://www.ycombinator.com/companies/nestor,Skills-based talent management solutions for a dynamic workforce.,"San Francisco, CA, USA; Remote",US,,https://www.linkedin.com/company/nestorup,https://twitter.com/NestorUpHQ,Bogdan Apostol; Raluca Apostol,https://ro.linkedin.com/in/bogdanapostol86; https://www.linkedin.com/in/constantinaralucamihalache,https://twitter.com/bogapostol; https://twitter.com/RaluApostol,,,20,Yes,1,Sales Development Representative (SDR),Early,B2B
ziffyhomes,ZiffyHomes,Summer 2018,Active,https://www.ziffyhomes.com/,ziffyhomes.com,https://www.ycombinator.com/companies/ziffyhomes,ZiffyHomes is managed corporate housing for white collar employees in…,"Gurugram, HR, India",IN,,https://www.linkedin.com/company/ziffyhomes,https://twitter.com/ziffyhomes,Sanchal Ranjan; Saurabh Kumar,https://linkedin.com/in/sanchal; https://linkedin.com/in/saurabhksinha,https://x.com/sanchalr; ,,,57,Yes,1,Founding Team - Rust and Substrate Engineer,Early,Real Estate and Construction
bot-md,Bot MD,Summer 2018,Active,https://www.botmd.io,botmd.io,https://www.ycombinator.com/companies/bot-md,AI Clinical Assistant for Doctors,"Singapore, Singapore",SG,,,http://www.twitter.com/botmdio,Dorothea Koh; Yanchuan Sim,https://www.linkedin.com/in/dotkoh/; https://www.linkedin.com/in/yanchuan,https://twitter.com/dotkoh5; ,,,15,Yes,2,"Solutions & Project Delivery Manager - Malaysia; Solutions & Project Delivery Manager - Manila, Philippines",Growth,Healthcare
fintual,Fintual,Summer 2018,Active,https://fintual.com,fintual.com,https://www.ycombinator.com/companies/fintual,Wealth manager,"Santiago, Santiago Metropolitan Region, Chile",CL,,https://www.linkedin.com/company/fintual,http://twitter.com/fintual,Pedro Pineda; Agustín Feuerhake; Omar Larré; Andres Marinkovic,https://www.linkedin.com/in/pedro-pineda-42066923/fi; https://www.linkedin.com/in/agustinfeuerhake/; https://cl.linkedin.com/in/olarre/en; https://www.linkedin.com/pub/andr%C3%A9s-marinkovic/68/806/767,; https://twitter.com/agustinf; ; ,,,100,No,0,,Growth,Fintech
names-and-faces,Names & Faces,Summer 2018,Active,http://www.namesandfaces.com,namesandfaces.com,https://www.ycombinator.com/companies/names-and-faces,"Technology to create fast, visual indexes of people and organizations.","San Francisco, CA, USA; Palo Alto, CA, USA",US,,https://www.linkedin.com/company/namesandfaces/,https://twitter.com/namesandfacesHQ,Paul Galatis; Richard Arscott,https://www.linkedin.com/in/paul-galatis-668244/; https://www.linkedin.com/in/richard-arscott-63072225/,https://twitter.com/paulgalatis; ,,,20,No,0,,Early,B2B
tenderd,TENDERD,Summer 2018,Active,https://www.tenderd.com/,tenderd.com,https://www.ycombinator.com/companies/tenderd,AI Platform for Efficient and Sustainable Operations,"Dubai, United Arab Emirates",AE,,https://www.linkedin.com/company/tenderd,https://twitter.com/TenderdTrack,Arjun Mohan,https://www.linkedin.com/in/mohanarjun,https://twitter.com/ArjunMo,,,60,No,0,,Growth,B2B
calii,Calii,Summer 2018,Active,https://calii.com,calii.com,https://www.ycombinator.com/companies/calii,Full-stack grocery delivery in LatAm,"Monterrey, N.L., Mexico; N.L., Mexico",MX,,https://www.linkedin.com/company/calii,,Maurizio Caló Caligaris; David Arrambide,https://linkedin.com/in/maurizioc; https://www.linkedin.com/in/david-eduardo-arrambide-80201511b/,; ,,,750,No,0,,Growth,Consumer
prodigal,Prodigal,Summer 2018,Active,https://prodigaltech.com/,prodigaltech.com,https://www.ycombinator.com/companies/prodigal,Lending Intelligence Software,"San Francisco, CA, USA",US,,https://linkedin.com/company/prodigaltech,https://twitter.com/prodigaltech,Shantanu Gangal; Sangram Raje,https://www.linkedin.com/in/shantanugangal; https://www.linkedin.com/in/sangramraje,https://www.twitter.com/shantanugangal; ,,,99,Yes,2,Mid Market Account Executive; Finance Manager ,Early,Fintech
canary-technologies,Canary Technologies,Summer 2018,Active,https://www.canarytechnologies.com,canarytechnologies.com,https://www.ycombinator.com/companies/canary-technologies,Modernizing the hospitality tech stack. ,"New York City, NY, USA; San Francisco, CA, USA",US,,https://www.linkedin.com/company/canarytech/,https://twitter.com/Canary_Tech,Harman Narula; SJ Sawhney,https://www.linkedin.com/pub/harman-singh-narula/8/360/258/en; https://www.linkedin.com/in/satjot,https://twitter.com/HarmanSN; https://twitter.com/satjot,,,150,Yes,2,Full Stack Software Engineer (focus on Front-End); Senior Product Designer,Growth,B2B
papa,Papa,Summer 2018,Active,https://www.papa.com,papa.com,https://www.ycombinator.com/companies/papa,One-stop-shop for flexible family care,"Miami, FL, USA",US,,https://www.linkedin.com/company/10879786,https://twitter.com/join_papa,Andrew Parker,https://www.linkedin.com/in/andrew-parker-30904417,,,,500,No,0,,Growth,Healthcare
mentalhappy,MentalHappy,Summer 2018,Active,http://www.MentalHappy.com,mentalhappy.com,https://www.ycombinator.com/companies/mentalhappy,Group-Therapy Platform for Providers and Health Systems,"San Francisco, CA, USA; Remote",US,,https://www.linkedin.com/company/mentalhappy,https://twitter.com/mentalhappy,Tamar Blue; Kwame Ampem,https://www.linkedin.com/in/tamar-lucien-996544114/; https://www.linkedin.com/in/ampemk/,https://twitter.com/TamarLucienBlue; ,,,7,No,0,,Early,Healthcare
alpha-vantage,Alpha Vantage,Summer 2018,Active,https://www.alphavantage.co/,alphavantage.co,https://www.ycombinator.com/companies/alpha-vantage,Developer-friendly and enterprise-grade APIs for financial market…,"Boston, MA, USA",US,,https://www.linkedin.com/company/alpha-vantage-inc/,https://twitter.com/alpha_vantage,Olivier Porte; Steve Zheng,https://www.linkedin.com/in/olivier-porte/; ,; ,,,25,Yes,2,GTM team (Various roles available); Growth Manager,Early,Fintech
bluecargo,BlueCargo,Summer 2018,Active,http://www.bluecargo.io/,bluecargo.io,https://www.ycombinator.com/companies/bluecargo,The automated solution for complex freight transactions.,"Los Angeles, CA, USA",US,,,,Alexandra Griffon; Laura Theveniau,https://www.linkedin.com/in/alexandra-griffon-a6416b8b/; https://www.linkedin.com/in/laura-theveniau-baa878b5/,; ,,,35,Yes,7,Product Manager; Customer Success Manager; Customer Operations Analyst; Head of Customer Operations; Senior/Staff Backend Engineer; Sales Development Representative (SDR); Customer Success Manager,Early,B2B
cytera-cellworks,Mytos,Summer 2018,Active,https://www.mytos.bio,mytos.bio,https://www.ycombinator.com/companies/cytera-cellworks,Robotic human cell manufacturing,"London, England, United Kingdom",GB,,https://www.linkedin.com/company/mytosbio/,https://twitter.com/mytosbio,Ali Afshar; Ignacio Willats,https://www.linkedin.com/in/ali-afshar-0246002b/; https://www.linkedin.com/in/ignaciowillats/,https://twitter.com/ali110afshar; ,,,26,Yes,2,Senior Product Designer; Chief of Staff,Early,Healthcare
pine-park-health,Pine Park Health,Summer 2018,Active,http://pineparkhealth.com,pineparkhealth.com,https://www.ycombinator.com/companies/pine-park-health,We provide primary care in senior living communities.,"San Francisco, CA, USA; Oakland, CA, USA",US,,https://www.linkedin.com/company/pineparkhealth/,,,,,,,75,Yes,2,Senior Software Engineer; Sales Enrollment Director ,Growth,Healthcare
cb-therapeutics,CB Therapeutics,Summer 2018,Active,http://www.cbthera.com,cbthera.com,https://www.ycombinator.com/companies/cb-therapeutics,Fermentation-derived natural products to solve health problems ,"San Diego, CA, USA",US,,https://www.linkedin.com/company/6455436,,Sher Butt; Jacob Vogan,https://www.linkedin.com/in/sherbutt/; https://www.linkedin.com/in/jacob-vogan-885212143,; ,,,18,No,0,,Early,Healthcare
dreamcraft-entertainment-inc,"DreamCraft Entertainment, Inc.",Summer 2018,Active,https://www.dreamcraft.com/,dreamcraft.com,https://www.ycombinator.com/companies/dreamcraft-entertainment-inc,Platform that allows anyone to create and monetize video games.,"San Francisco, CA, USA; Redwood City, CA, USA",US,,https://www.linkedin.com/company/dreamcraft-entertainment-inc,,Tianyin Zhang; Veronica Yao,http://linkedin.com/in/tianyinzhang; ,; ,,,23,Yes,4,3D Artist; Senior Software Engineer; Senior Frontend Engineer; Technical Artist,Growth,Consumer
ajaib,Ajaib,Summer 2018,Active,https://www.ajaib.co.id/,ajaib.co.id,https://www.ycombinator.com/companies/ajaib,Consumer fintech for Indonesia,"Jakarta, Jakarta, Indonesia; Remote",ID,,https://www.linkedin.com/company/ajaib-id,https://twitter.com/ajaib_investasi,Anderson Sumarli; Yada Piyajomkwan,https://www.linkedin.com/in/andersonsumarli/; https://www.linkedin.com/in/yada-piyajomkwan-88713865/,; ,,,300,No,0,,Early,Fintech
ubits,UBITS,Summer 2018,Active,http://ubits.com,ubits.com,https://www.ycombinator.com/companies/ubits,Learning Hub for companies in Latam,"Mexico City, CDMX, Mexico; Santiago, Santiago Metropolitan Region, Chile; Lima, Callao Region, Peru; Panama City, Panama, Panama; Remote",MX,,https://www.linkedin.com/school/ubitslearning/,,Julián Melo,https://www.linkedin.com/in/juli%C3%A1n-melo-8248b033/,,,,300,No,0,,Growth,B2B
quickchat-ai,Quickchat AI,Summer 2018,Active,https://quickchat.ai/,quickchat.ai,https://www.ycombinator.com/companies/quickchat-ai,Conversation Design platform to build Al Assistants tailored to your…,"Warsaw, Masovian Voivodeship, Poland",PL,,https://www.linkedin.com/company/quickchatai,https://twitter.com/quickchatai,Piotr Grudzien,https://www.linkedin.com/in/piotrgrudzien/,https://twitter.com/GruPiotr,,,7,Yes,1,Machine Learning Engineer,Early,B2B
duffel,Duffel,Summer 2018,Active,https://duffel.com/,duffel.com,https://www.ycombinator.com/companies/duffel,The complete toolkit to sell travel.,"London, England, United Kingdom",GB,,https://www.linkedin.com/company/duffelhq/,https://twitter.com/duffelhq,Steve Domin,https://www.linkedin.com/in/stevedomin/,https://twitter.com/stevedomin,,,55,Yes,2,"Software Engineer, Backend ; Lead Engineer",Growth,Consumer
corvus-robotics,Corvus Robotics,Summer 2018,Active,https://www.corvus-robotics.com,corvus-robotics.com,https://www.ycombinator.com/companies/corvus-robotics,Autonomous drones to help warehouses scan inventory.,"San Francisco, CA, USA",US,,https://www.linkedin.com/company/corvus-robotics,,Jackie Wu,https://www.linkedin.com/in/wujackie,,,,30,No,0,,Growth,Industrials
easol,Easol,Summer 2018,Active,http://www.easol.com,easol.com,https://www.ycombinator.com/companies/easol,Shopify for experiences ,"London, England, United Kingdom; Lisbon, Lisbon, Portugal; New York, NY, USA",GB,,https://www.linkedin.com/company/easolhq,https://twitter.com/easol_,Ben Simpson; Lisa Simpson,https://www.linkedin.com/in/ben-simpson/; https://www.linkedin.com/in/lisasimps/,; ,,,70,No,0,,Growth,B2B
tall-poppy,Tall Poppy,Summer 2018,Active,https://tallpoppy.com,tallpoppy.com,https://www.ycombinator.com/companies/tall-poppy,Protecting your employees against online harassment,"Ottawa, ON, Canada",CA,,https://www.linkedin.com/company/tallpoppysecurity/,https://twitter.com/tallpoppyhq,Leigh Honeywell; Logan Dean,https://www.linkedin.com/in/hypatia/; https://www.linkedin.com/in/logan-dean-41b0192,https://twitter.com/hypatiadotca; https://twitter.com/lgdean,,,10,No,0,,Early,B2B
pocket-worlds,Pocket Worlds,Summer 2018,Active,https://pocketworlds.com,pocketworlds.com,https://www.ycombinator.com/companies/pocket-worlds,"Our platform enables creators to build experiences, games, and worlds…","Austin, TX, USA; Remote",US,,https://www.linkedin.com/company/pocketworlds,https://www.twitter.com/highriseapp,Anton Bernstein; Jimmy Xu,http://www.linkedin.com/in/antonber/; https://www.linkedin.com/in/jimmyfxu/,https://twitter.com/antonber; ,,,100,No,0,,Growth,Consumer
anima-app,Anima App,Summer 2018,Active,https://www.animaapp.com,animaapp.com,https://www.ycombinator.com/companies/anima-app,Anima - Design Agent | AgentGrid.io - Shared drive for humans & agents,"Tel Aviv-Yafo, Tel Aviv District, Israel",IL,,https://www.linkedin.com/company/anima-app/,https://twitter.com/AnimaApp,Avishay Cohen; Michal Cohen,https://www.linkedin.com/in/avishic/; https://www.linkedin.com/in/michalcc/,; ,,,20,No,0,,Growth,B2B
64x-bio,64x Bio,Summer 2018,Active,http://www.64xbio.com,64xbio.com,https://www.ycombinator.com/companies/64x-bio,Enabling next generation medicines. A comprehensive platform and…,"San Francisco, CA, USA",US,,https://www.linkedin.com/company/64xbio,https://x.com/64xbio,Lexi Rovner,https://www.linkedin.com/in/lexirovner,http://www.x.com/lexrovner,,,25,No,0,,Early,Healthcare
embeddables,Embeddables,Summer 2018,Active,https://embeddables.com,embeddables.com,https://www.ycombinator.com/companies/embeddables,The funnel builder built for health & wellness brands.,"San Francisco, CA, USA; Remote",US,,https://www.linkedin.com/company/18701224/,https://twitter.com/embeddables_,Matthew Morley; Jeremy Evans,https://www.linkedin.com/in/matthew-morley-96951170/; https://www.linkedin.com/in/jeremynevans/,; https://www.twitter.com/jeremynevans/,,,23,No,0,,Early,B2B
vimcal,Vimcal,Summer 2018,Active,http://www.vimcal.com,vimcal.com,https://www.ycombinator.com/companies/vimcal,"The world's fastest calendar, beautifully designed for remote teams.","New York City, NY, USA; New York, NY, USA; Remote",US,,https://www.linkedin.com/company/vimcal,https://twitter.com/vimcal,Michael Zhao; John Li,https://www.linkedin.com/in/michaelwzhao/; https://www.linkedin.com/in/johnli611/,https://x.com/mikeyyyzhao; ,,,9,No,0,,Early,B2B
meru-health,Meru Health,Summer 2018,Active,http://www.meruhealth.com,meruhealth.com,https://www.ycombinator.com/companies/meru-health,An online provider for greater mental health,"San Francisco, CA, USA; Helsinki, Finland",US,,https://www.linkedin.com/company/meru-health/,https://twitter.com/meruhealth,Kristian Ranta; Riku Lindholm; Albert Nazander,https://www.linkedin.com/in/kristian-ranta/; https://www.linkedin.com/in/rikulindholm; https://www.linkedin.com/in/nazander,https://twitter.com/ihqkristian; https://twitter.com/RikuLindholm; ,,,55,Yes,1,Senior Data Analyst,Growth,Healthcare
paladin,Paladin,Summer 2018,Active,http://paladindrones.io,paladindrones.io,https://www.ycombinator.com/companies/paladin,We deploy autonomous drones to 911 calls. Our software gives first…,"Houston, TX, USA",US,,https://www.linkedin.com/company/35696806/,,Divyaditya Shrivastava,https://www.linkedin.com/in/divyaditya-s-775959108/,https://x.com/Shrivastavad24,,,12,No,0,,Early,Industrials
clear-gene,Clear Gene,Summer 2018,Active,https://cleargene.com,cleargene.com,https://www.ycombinator.com/companies/clear-gene,Our tests help eradicate cancer by telling doctors whether they got…,"San Francisco, CA, USA; San Carlos, CA, USA",US,,,,Brandon Steelman,https://www.linkedin.com/in/brandonsteelman,,,,4,No,0,,Early,Healthcare
hepatx,Hepatx,Summer 2018,Active,http://www.hepatx.com,hepatx.com,https://www.ycombinator.com/companies/hepatx,Replacing organ transplant with an infusion,"Bend, OR, USA; Palo Alto, CA, USA",US,,https://www.linkedin.com/company/hepatx-corporation/,https://twitter.com/hepatx?lang=en,Eric Schuur,https://www.linkedin.com/in/eschuur,,,,4,No,0,,Early,Healthcare
the-good-food-institute,The Good Food Institute,Summer 2018,Active,http://www.gfi.org,gfi.org,https://www.ycombinator.com/companies/the-good-food-institute,Building a world where alternative proteins are no longer alternative.,"Washington, DC, USA",US,,,http://twitter.com/goodfoodinst,Bruce Friedrich; Liz Specht,https://www.linkedin.com/in/brucegfriedrich; https://www.linkedin.com/in/liz-specht-8a01b957/,https://x.com/BruceGFriedrich/; https://twitter.com/LizSpecht,,,110,No,0,,Early,Consumer
rebellyous-foods,Rebellyous Foods,Summer 2018,Active,https://rebellyous.com/,rebellyous.com,https://www.ycombinator.com/companies/rebellyous-foods,Rebellyous Foods is a food manufacturing technology and production…,"Seattle, WA, USA",US,,https://www.linkedin.com/company/rebellyousfoods/,https://twitter.com/RebellyousFoods,Christie Lagally,https://www.linkedin.com/in/christie-lagally-875b9a4/,https://twitter.com/lagallyc,,,12,No,0,,Growth,Healthcare
askmyclass-now-soundkins,"AskMyClass, now Soundkins",Summer 2018,Active,https://soundkins.com/,soundkins.com,https://www.ycombinator.com/companies/askmyclass-now-soundkins,Audio learning assistant for teachers and students.,"San Francisco, CA, USA; Remote",US,,https://linkedin.com/company/soundkins/,,Aparna Ramanathan,https://www.linkedin.com/in/2aparna/,,,,2,No,0,,Early,Education
openphone,Quo (fka OpenPhone),Summer 2018,Active,https://www.quo.com,quo.com,https://www.ycombinator.com/companies/openphone,The all-in-one business phone for teams.,"San Francisco, CA, USA; Remote",US,,https://www.linkedin.com/company/gowithquo/,http://twitter.com/gowithquo,Mahyar Raissi; Daryna Kulya,https://www.linkedin.com/in/mahyar-raissi-0a186860/; https://www.linkedin.com/in/darynakulya/,; ,,,125,No,0,,Growth,B2B
college-pulse,College Pulse,Summer 2018,Active,https://collegepulse.com/,collegepulse.com,https://www.ycombinator.com/companies/college-pulse,Research and analytics company focused on college students.,"Frisco, CO, USA; San Francisco, CA, USA; Remote",US,,,https://twitter.com/CollegeInsights,Terren Klein,https://www.linkedin.com/in/terren-klein-48985085/,,,,9,No,0,,Growth,B2B
apprentice-health,Apprentice Health,Summer 2018,Active,https://www.apprenticehealth.com,apprenticehealth.com,https://www.ycombinator.com/companies/apprentice-health,We deploy sensors and software that increase hospital efficiency.,"Boston, MA, USA",US,,https://www.linkedin.com/company/clearview-md/,,Rajiv Sivendran; Artur Menzeleev,https://www.linkedin.com/in/rajiv-sivendran-md-mba-1a519283/; https://www.linkedin.com/in/arturmenzeleev,; ,,,6,Yes,3,Software Engineer I; Software Engineer II; Software Engineer III,Early,Healthcare
jitx,JITX,Summer 2018,Active,http://www.jitx.com,jitx.com,https://www.ycombinator.com/companies/jitx,Automatic circuit board design.,"San Francisco, CA, USA",US,,https://www.linkedin.com/company/jitx,,Duncan Haldane; Jonathan Bachrach,https://www.linkedin.com/in/duncan-haldane; https://www.linkedin.com/in/jonathan-bachrach-5344434/,; ,,,18,Yes,1,Senior Software Engineer,Early,Industrials
inscribe,Inscribe,Summer 2018,Active,https://www.inscribe.ai/,inscribe.ai,https://www.ycombinator.com/companies/inscribe,"AI Document Fraud Detection for Banks, Credit Unions & Lenders","San Francisco, CA, USA",US,,,,Ronan Burke; Conor Burke,https://www.linkedin.com/in/rnnbrk/; https://www.linkedin.com/in/conorbrk/,https://twitter.com/rnnbrk; ,,,35,Yes,0,,Early,B2B
data-driven-bioscience,Data Driven Bioscience,Summer 2018,Active,http://datadrivenbioscience.com,datadrivenbioscience.com,https://www.ycombinator.com/companies/data-driven-bioscience,"Cancer Diagnosis 10X faster, 10X cheaper","Durham, NC, USA",US,,https://www.linkedin.com/in/sandeep-dave-439679165/,,Sandeep Dave,https://www.linkedin.com/in/sandeep-dave-439679165,,,,10,Yes,1,Bioinformatics/Biostatistics specialist,Early,Healthcare
titan,Titan,Summer 2018,Active,http://www.titan.com,titan.com,https://www.ycombinator.com/companies/titan,Titan is an award-winning wealth manager with a mission to increase…,"New York City, NY, USA",US,,https://www.linkedin.com/company/titan-invest,https://twitter.com/titanvest,Clayton Gardner; Joe Percoco,https://www.linkedin.com/in/claytongardner/; https://www.linkedin.com/in/joe-percoco-62459839/,https://twitter.com/virtualclay; ,,,40,Yes,3,"Wealth Advisor, Associate ; Technical Recruiter; Principal Product Manager",Growth,Fintech
activeloop,Activeloop,Summer 2018,Active,https://activeloop.ai/,activeloop.ai,https://www.ycombinator.com/companies/activeloop,Database for AI,"San Francisco, CA, USA; Mountain View, CA, USA",US,,https://www.linkedin.com/company/activeloop,https://twitter.com/activeloopai,Davit Buniatyan,https://www.linkedin.com/in/davidbuniatyan,https://twitter.com/DBuniatyan,,,15,Yes,1,Member of Technical Staff,Growth,B2B
openwrench,OpenWrench,Summer 2018,Active,https://www.useopenwrench.com,useopenwrench.com,https://www.ycombinator.com/companies/openwrench,We help retailers and restaurant chains manage repairs and…,"San Francisco, CA, USA",US,,,,Vignesh Venkataraman; Matt Velker,https://www.linkedin.com/in/vigneshvenkataraman/; https://www.linkedin.com/in/matt-velker-b0a2495/,; ,,,,No,0,,Early,B2B
revenuecat,RevenueCat,Summer 2018,Active,https://www.revenuecat.com/,revenuecat.com,https://www.ycombinator.com/companies/revenuecat,Build and grow your app business,"San Francisco, CA, USA; Remote",US,,https://www.linkedin.com/company/18697746,https://www.twitter.com/revenuecat,Miguel Carranza; Jacob Eiting,https://www.linkedin.com/in/miguelcarranza/; https://www.linkedin.com/in/jeiting/,https://twitter.com/elwatto; https://www.twitter.com/jeiting,,,160,Yes,20,"Senior Software Engineer, Internal Tooling; Engineering Manager, RC Capital; Senior Product Marketing Manager; Senior Sales Engineer; Senior CRO Designer, Paywalls and Funnels; Data Analyst; Sales & Operations Specialist, RC Capital; Senior Partnerships Manager, Product Partnerships; Senior Product Manager, Funnels; Head of Sales; Head of Customer Growth; Senior Software Engineer, Agents",Growth,B2B
jetlenses,Verse Medical,Summer 2018,Active,http://versemedical.com/,versemedical.com,https://www.ycombinator.com/companies/jetlenses,AI-enabled ordering for medical equipment & supplies,"New York City, NY, USA",US,,,,Dhaivat Pandya,https://www.linkedin.com/in/dhaivat-pandya-2285b356/,,,,200,Yes,1,Senior/Staff Full Stack Engineer,Early,Healthcare
dinesafe,Dinesafe,Summer 2018,Active,https://dinesafe.org,dinesafe.org,https://www.ycombinator.com/companies/dinesafe,We crowdsource food safety reports & detect and prevent outbreaks.,"Austin, TX, USA; New York, NY, USA; Remote",US,,https://www.linkedin.com/company/dinesafe.org/,https://twitter.com/iwaspoisoned_,Patrick Quade,https://www.linkedin.com/in/patrickquade/,,,,6,No,0,,Early,Healthcare
modern-treasury,Modern Treasury,Summer 2018,Active,http://www.moderntreasury.com/,moderntreasury.com,https://www.ycombinator.com/companies/modern-treasury,Payment operations tools for money movement.,"San Francisco, CA, USA",US,,https://www.linkedin.com/company/modern-treasury/,https://twitter.com/moderntreasury,Matt Marcus; Dimitri Dadiomov; Sam Aarons,https://www.linkedin.com/in/matthew-marcus-bb1b9460/; https://www.linkedin.com/in/dadiomov/; https://www.linkedin.com/in/samaarons,https://twitter.com/mattgmarcus; https://twitter.com/dadiomov; ,,,160,Yes,3,Software Engineer - Foundations ; Software Engineer - Full Stack ; Software Engineer - Payments ,Growth,B2B
c16-biosciences,C16 Biosciences,Summer 2018,Active,https://www.c16bio.com/,c16bio.com,https://www.ycombinator.com/companies/c16-biosciences,"Next-gen ingredients to decarbonize consumer products, starting w/…","New York City, NY, USA; New York, NY, USA",US,,https://www.linkedin.com/company/c16bio/,https://twitter.com/C16Bio,Shara Ticku; David Heller; Harry McNamara,https://www.linkedin.com/in/sharaticku/; https://www.linkedin.com/in/david-heller-343981b2; https://www.linkedin.com/in/harry-mcnamara-92a799163,; ; ,,,35,No,0,,Growth,Healthcare
within,Within,Summer 2018,Active,http://within.ai,within.ai,https://www.ycombinator.com/companies/within,Company Brain for people and agents to work in harmony. ,"San Francisco, CA, USA",US,,https://www.linkedin.com/company/withinai/,,Andrew Antos; Nischal Nadhamuni,https://www.linkedin.com/in/ondrejantos/; https://www.linkedin.com/in/nishchaln,; ,,,128,Yes,17,"Solution Architect, Enterprise (India, AI-Native); Product Marketing Manager; Senior DevSecOps Engineer; Solution Consultant; Senior AI Design Engineer; Senior AI Frontend Engineer; Staff AI Frontend Engineer; AI Backend Engineer; AI Frontend Engineer; AI Product Engineer (P+E); AI Value Delivery Lead; Alliances Director",Growth,B2B
owny,OWNY,Summer 2018,Active,https://www.owny.com,owny.com,https://www.ycombinator.com/companies/owny,AI driven payment rails for emerging market banks.,"San Francisco, CA, USA",US,,https://www.linkedin.com/company/ownymarkets/,,Umed Latifov,https://www.linkedin.com/in/umedl,,,,15,No,0,,Early,Fintech
curebase,Curebase,Summer 2018,Active,https://www.curebase.ai/,curebase.ai,https://www.ycombinator.com/companies/curebase,"Modern, AI-powered clinical trial software platform.","Fort Lauderdale, FL, USA; Remote",US,,https://www.linkedin.com/company/curebase/,https://twitter.com/CurebaseDCT/,Storm Stillman,https://www.linkedin.com/in/ecoa,https://twitter.com/StormStillman,,,27,No,0,,Growth,Healthcare
deel,Deel,Winter 2019,Active,https://www.deel.com/,deel.com,https://www.ycombinator.com/companies/deel,The all-in-one HR and payroll platform for global teams,"San Francisco, CA, USA; Remote",US,,https://www.linkedin.com/company/deel,https://twitter.com/Deel,Alex Bouaziz; Shuo Wang,https://www.linkedin.com/in/alexbouaziz/; https://www.linkedin.com/in/shuo-wang-848a8956/,https://twitter.com/bouazizalex; https://twitter.com/copernicussw,,,5000,Yes,5,"Account Executive, MidMarket; Sales Development Representative (SMB - MM- ENT); SDR Manager (SMB - MM - ENT); AE, Existing Business (SMB - MM - ENT); Account Executive, Enterprise",Growth,B2B
nowports,Nowports,Winter 2019,Active,https://nowports.com/,nowports.com,https://www.ycombinator.com/companies/nowports,The core engine of supply chain in LATAM,,,,https://www.linkedin.com/company/nowports/,http://twitter.com/nowports,Alfonso de los Rios Villareal; Maximiliano Casal,https://www.linkedin.com/in/alfonso-de-los-rios-24a3a713a/; https://www.linkedin.com/in/maxcasal/,; https://twitter.com/MaxCasal13,,,550,No,0,,Early,B2B
juzibot,JuziBot,Winter 2019,Active,https://www.juzibot.com/,juzibot.com,https://www.ycombinator.com/companies/juzibot,"Intercom for WeChat, help companies to acquire,  engage, retain…","Beijing, Beijing, China",CN,,https://www.linkedin.com/company/14510851/,,Yuan Gao; Huan Li; Jiarui Li,https://www.linkedin.com/in/yuan-gao--/; https://linkedin.com/in/huan42; https://www.linkedin.com/in/%E4%BD%B3%E8%8A%AE-%E6%9D%8E-710277b6/,; https://x.com/huan2027; ,,,34,Yes,0,,Early,B2B
shef,Shef,Winter 2019,Active,https://www.shef.com,shef.com,https://www.ycombinator.com/companies/shef,Shef is a Marketplace for Homemade Food,"San Francisco, CA, USA",US,,https://www.linkedin.com/company/ordershef,https://twitter.com/ordershef,Joey Grassia,https://www.linkedin.com/in/joeygrassia,,,,70,No,0,,Early,Consumer
schoolable,Schoolable,Winter 2019,Active,http://schoolable.co,schoolable.co,https://www.ycombinator.com/companies/schoolable,Tuition collection service for K-12 private schools in Africa,"Lagos, LA, Nigeria; LA, Nigeria",NG,,,https://twitter.com/schoolableHQ,Henry Nnalue; Angela Essien,https://www.linkedin.com/in/henry-chibuzo-b0378b143/; https://www.linkedin.com/in/gigi-gella-3b446083/,; ,,,10,No,0,,Early,Education
shipper,Shipper,Winter 2019,Active,https://shipper.id,shipper.id,https://www.ycombinator.com/companies/shipper,Southeast Asia’s e-commerce logistics and enablement platform,"Jakarta, Jakarta, Indonesia",ID,,https://www.linkedin.com/company/shipper-indonesia/,,Budi Handoko; Phil Opamuratawongse,https://www.linkedin.com/in/bhandoko/; https://www.linkedin.com/in/phil-opamuratawongse-b87b9380/,; ,,,600,No,0,,Growth,B2B
buy-me-a-coffee,Buy Me a Coffee,Winter 2019,Active,https://www.buymeacoffee.com/,buymeacoffee.com,https://www.ycombinator.com/companies/buy-me-a-coffee,Helping creators monetize,"London, England, United Kingdom; Remote",GB,,https://www.linkedin.com/company/buymecoffee/,https://twitter.com/buymeacoffee,Jijo Sunny; Joseph Sunny; Aleesha John,https://www.linkedin.com/in/jijosunny; https://www.linkedin.com/in/joseph-sunny/; https://www.linkedin.com/in/aleeshajohn,https://twitter.com/jijosunny; https://twitter.com/_josephsunny; ,,,30,No,0,,Early,Consumer
eclipse-foods,Eclipse Foods,Winter 2019,Active,http://www.eclipsefoods.com,eclipsefoods.com,https://www.ycombinator.com/companies/eclipse-foods,"Eclipse Foods is building the future of dairy using micelles, the…","San Francisco, CA, USA; Oakland, CA, USA",US,,https://www.linkedin.com/company/eclipse-foods,https://twitter.com/eclipse_foods,Aylon Steinhart; Thomas Elliott Bowman,https://www.linkedin.com/in/aylonsteinhart/; https://www.linkedin.com/in/thomas-bowman-b2a2a9195,https://twitter.com/aylonsteinhart?lang=en; ,,,,No,0,,Growth,Consumer
yourchoice-therapeutics,YourChoice Therapeutics,Winter 2019,Active,http://ychoicetx.com,ychoicetx.com,https://www.ycombinator.com/companies/yourchoice-therapeutics,YourChoice therapeutics is revolutionizing the contraceptive market…,"San Francisco, CA, USA; Berkeley, CA, USA",US,,https://www.linkedin.com/company/yourchoicetherapeutics/,,Akash Bakshi; Nadja Mannowetz,https://www.linkedin.com/in/akashbakshi/; https://www.linkedin.com/in/nadja-mannowetz-b7633655/,; ,,,3,No,0,,Early,Healthcare
taali-inc,Taali Inc,Winter 2019,Active,https://www.taalifoods.com/,taalifoods.com,https://www.ycombinator.com/companies/taali-inc,Taali is creating popcorn 2.0 from popped water lily seeds,"Mumbai, MH, India; New York, NY, USA",IN,,,https://twitter.com/TaaliFoods,Aditya Kaji; Aarti Kochhar Kaji,https://www.linkedin.com/in/aditya-kaji-7712b614/; https://www.linkedin.com/in/aarti-kochhar-kaji-91aa5b1b/,; ,,,,No,0,,Early,Consumer
naturall-club,NaturAll Club,Winter 2019,Active,http://naturallclub.com,naturallclub.com,https://www.ycombinator.com/companies/naturall-club,Frozen beauty products.,"Philadelphia, PA, USA",US,,,,Muhga Eltigani,https://www.linkedin.com/in/muhga/,,,,17,No,0,,Growth,Consumer
atlas-3,Atlas,Winter 2019,Active,https://atlascard.com,atlascard.com,https://www.ycombinator.com/companies/atlas-3,Modern spend management & concierge.,"San Francisco, CA, USA",US,,https://www.linkedin.com/company/atlaschargecard,https://twitter.com/atlascardhq,Patrick Mrozowski; Sid Parihar; Kenan Pulak,https://www.linkedin.com/in/patrickmrozowski/; ; https://www.linkedin.com/in/kenanpulak,https://twitter.com/patrickmro_; ; https://twitter.com/kenanp,,,25,Yes,4,Software Engineer; Member Advisor; Head of Risk; Founding Applied AI Engineer,Growth,Fintech
rct-studio,rct AI,Winter 2019,Active,http://rct.ai,rct.ai,https://www.ycombinator.com/companies/rct-studio,build AI NPCs,"Los Angeles, CA, USA",US,,https://www.linkedin.com/company/rct-ai,https://twitter.com/rct_ai,Xinjie Ma; Cheng Lyu; Xiaolong Mu; Xiankun Wu; Chen Yuheng,https://www.linkedin.com/in/xinjie-ma-06aa3a304/; ; ; https://www.linkedin.com/in/xiankunwu; http://www.linkedin.com/in/sergiochan,; ; ; ; ,,,40,No,0,,Growth,Consumer
numero,Numero,Winter 2019,Active,https://www.numero.ai,numero.ai,https://www.ycombinator.com/companies/numero,Modern fundraising software for political campaigns and nonprofits.,"San Francisco, CA, USA; Remote",US,,https://www.linkedin.com/company/numeroai,https://twitter.com/numeroai,Brian Forde; Karan Jain; Susie Keeler,http://linkedin.com/in/brianforde; https://www.linkedin.com/in/krnjn/; https://www.linkedin.com/in/susie-keeler-9a510756/,https://twitter.com/BrianForde; ; ,,,15,Yes,1,"Senior Software Engineer, Backend",Early,Fintech
prometheus,Prometheus,Winter 2019,Active,http://www.prometheusfuels.com,prometheusfuels.com,https://www.ycombinator.com/companies/prometheus,We use solar and wind power to make zero net carbon electrofuels,"Santa Cruz, CA, USA",US,,https://www.linkedin.com/company/prometheusfuels/,https://twitter.com/prometheusfuels,Rob McGinnis,https://www.linkedin.com/in/robertmcginnis,https://twitter.com/rob_mcginnis,,,25,No,0,,Early,Industrials
1910,1910,Winter 2019,Active,http://1910.ai,1910.ai,https://www.ycombinator.com/companies/1910,Multimodal AI Platform for Modality Agnostic Drug Discovery™,"Boston, MA, USA",US,,https://www.linkedin.com/posts/1910ai,https://x.com/1910_ai,Jen Asher,https://linkedin.com/in/jenasherphd,https://twitter.com/JenNwankwo,,,20,No,0,,Growth,Healthcare
outrival-inc,"OutRival, Inc.",Winter 2019,Active,https://outrival.com/,outrival.com,https://www.ycombinator.com/companies/outrival-inc,"Outbound AI Agents for Education, Insurance, and Travel","Miami, FL, USA",US,,https://www.linkedin.com/company/outrivalai/,https://x.com/outrivalai,Ruben A. Harris; Timur Meyster,https://www.linkedin.com/in/rubenharris/; https://www.linkedin.com/in/timurmeyster/,https://twitter.com/rubenharris; https://x.com/timurmeyster,,,15,No,0,,Growth,B2B
truora,Truora,Winter 2019,Active,https://www.truora.com/,truora.com,https://www.ycombinator.com/companies/truora,Reliable background checks & fraud prevention tools for Latin America.,"Cali, Valle del Cauca, Colombia",CO,,https://www.linkedin.com/company/33218719,https://twitter.com/truora,Daniel Bilbao; David Cuadrado; Maite Muniz Telleria; Cesar Pino,https://www.linkedin.com/in/danielbilbao/; https://www.linkedin.com/in/dcuadrado/; https://www.linkedin.com/in/maite-muniz-telleria-371079b4/; https://co.linkedin.com/in/cepinos,https://twitter.com/ddbilbao; ; ; ,,,80,No,0,,Growth,B2B
pools-fka-withfriends,Pools (fka Withfriends),Winter 2019,Active,https://pools.events,pools.events,https://www.ycombinator.com/companies/pools-fka-withfriends,Pools is a memberships platform for event organizers,"New York City, NY, USA",US,,,,Joe Ahearn,https://www.linkedin.com/in/joe-ahearn,https://twitter.com/textbrain,,,2,No,0,,Early,Consumer
cosmic,Cosmic,Winter 2019,Active,https://www.cosmicjs.com,cosmicjs.com,https://www.ycombinator.com/companies/cosmic,Cosmic is an AI-powered headless CMS,"San Francisco, CA, USA; Remote",US,,https://www.linkedin.com/company/cosmicjs,https://twitter.com/cosmicjs,Tony Spiro,https://www.linkedin.com/in/tonyspiro/,https://twitter.com/tonyspiro,,,5,No,0,,Early,B2B
first,FIRST,Winter 2019,Active,https://firstdelivery.com/,firstdelivery.com,https://www.ycombinator.com/companies/first,The best way for any business to offer delivery. ,"Philadelphia, PA, USA; Remote",US,,https://www.linkedin.com/company/habitat-llc,,Andrew Nakkache; Michael Paszkiewicz,https://www.linkedin.com/in/andrewnakkache; https://linkedin.com/mikepaszkiewicz,; ,,,12,Yes,2,Head of Europe; Territory Account Executive,Early,B2B
verto,Verto,Winter 2019,Active,http://www.vertofx.com,vertofx.com,https://www.ycombinator.com/companies/verto,Cross-Border Payments and FX Simplified,"London, England, United Kingdom",GB,,https://www.linkedin.com/company/vertofx/,https://twitter.com/VertoFX,Anthony Oduwole; Ola Oyetayo,https://www.linkedin.com/in/anthonyoduu/; https://www.linkedin.com/in/ola-oyetayo-02277516/,https://twitter.com/AnthonyOduu; ,,,170,Yes,9,Enterprise Sales Manager; Sales Manager; Talent Partner; Director of Account Management; Expansion Lead; Sales Manager; MLRO & Compliance Officer; Middle Office Manager; Growth & Marketing Manager,Early,Fintech
latchel,Latchel,Winter 2019,Active,http://latchel.com,latchel.com,https://www.ycombinator.com/companies/latchel,24/7 emergency maintenance department for property managers and…,"Seattle, WA, USA; Remote",US,,,,Ethan Lieber; Will Gordon,https://www.linkedin.com/in/ethanlieber/; https://www.linkedin.com/in/wtgordon/,; ,,,,No,0,,Growth,B2B
inito,Inito,Winter 2019,Active,https://www.inito.com/,inito.com,https://www.ycombinator.com/companies/inito,Enabling better self care with at-home hormone tracking.,"Bengaluru, KA, India",IN,,https://www.linkedin.com/company/initoinc/,https://twitter.com/initoOfficial,Varun AV; Aayush Rai,https://www.linkedin.com/pub/varun-av/3/a9a/552?trk=pub-pbmap; https://in.linkedin.com/in/aayush-rai-b2034a9,; ,,,100,Yes,2,Machine Learning Engineer; Senior Software Engineer,Early,Healthcare
globe,Globe,Winter 2019,Active,https://globe.exchange,globe.exchange,https://www.ycombinator.com/companies/globe,coinbase for derivatives,"London, England, United Kingdom; Seychelles; Remote",GB,,,https://twitter.com/globedx,James West; Shaun Ng,https://www.linkedin.com/in/james-west-3522375a/; https://www.linkedin.com/in/shaun-ng-7a5434138/,; ,,,20,No,0,,Growth,Fintech
votingworks,VotingWorks,Winter 2019,Active,https://voting.works,voting.works,https://www.ycombinator.com/companies/votingworks,Non-profit building open-source voting machines for US elections.,"Boston, MA, USA; CA, USA; Remote",US,,https://linkedin.com/company/votingworks,https://twitter.com/voting_works,Ben Adida,https://www.linkedin.com/in/benadida/,,,,18,No,0,,Early,Government
mars-auto,Mars Auto,Winter 2019,Active,https://marsauto.com,marsauto.com,https://www.ycombinator.com/companies/mars-auto,Autonomous trucks to fully automate long-haul freight shipping,"Seoul, Seoul, South Korea",KR,,https://www.linkedin.com/company/marsauto,,Ilsu Park,https://www.linkedin.com/in/daftshady/,,,,15,No,0,,Growth,Industrials
dockup,Dockup,Winter 2019,Active,https://getdockup.com/,getdockup.com,https://www.ycombinator.com/companies/dockup,On demand ephemeral environments to run manual and automated tests.,"Bengaluru, KA, India; Mountain View, CA, USA",IN,,,,Yuva Kumar; Emil Soman,https://www.linkedin.com/in/iffyuva/; https://www.linkedin.com/in/emilsoman/,https://twitter.com/iffyuva; https://twitter.com/emilsoman,,,4,No,0,,Early,B2B
rune,Rune,Winter 2019,Active,http://rune.ai,rune.ai,https://www.ycombinator.com/companies/rune,Talk & play multiplayer games with your friends!,"New York City, NY, USA",US,,https://www.linkedin.com/company/runegg,https://twitter.com/@joinrune,Sanjay Guruprasad,https://www.linkedin.com/in/sanjaypojo/,https://twitter.com/sanjaypojo,,,3,No,0,,Growth,Consumer
cuanto,Cuanto,Winter 2019,Active,https://www.cuanto.app,cuanto.app,https://www.ycombinator.com/companies/cuanto,Building the operating system for developing world merchants,"Panama City, Panama, Panama; Remote",PA,,https://www.linkedin.com/company/16228455,https://twitter.com/cuantoapp,Felipe Echandi; Jorge L García; Jose Varela,https://www.linkedin.com/in/felipeechandi; https://www.linkedin.com/in/jorge-luis-garcia-chapman-09487717/; https://www.linkedin.com/in/jose-varela-9a345813/,https://twitter.com/felcheck; ; https://twitter.com/jose_r_varela,,,4,No,0,,Early,Fintech
pronto,Pronto,Winter 2019,Active,http://www.tuprontomx.com/,tuprontomx.com,https://www.ycombinator.com/companies/pronto,Ride-sharing for second-tier cities in Latin America.,"Mexico City, CDMX, Mexico",MX,,https://www.linkedin.com/company/tupronto,,Nydia Cano; Gabriel Cano Rodríguez,; ,; ,,,62,No,0,,Early,Consumer
pulse-active-stations-network,Pulse Active Stations Network,Winter 2019,Active,http://www.getpulse.in/,getpulse.in,https://www.ycombinator.com/companies/pulse-active-stations-network,We are a connected network of smart health machines in India.,India,IN,,,,Joginder Tanikella,https://www.linkedin.com/in/jogindertanikella/,https://twitter.com/jogitanikella,,,10,No,0,,Early,Healthcare
cityfurnish,Cityfurnish,Winter 2019,Active,https://cityfurnish.com/,cityfurnish.com,https://www.ycombinator.com/companies/cityfurnish,Cityfurnish - Commitment-free furniture rentals for a better you!,"New Delhi, DL, India",IN,,https://www.linkedin.com/company/cityfurnish,https://twitter.com/cityfurnish?lang=en,Neerav Jain; Saurabh Gupta,https://www.linkedin.com/in/jainneerav/; https://www.linkedin.com/in/saurabh-gupta-4595121/,https://twitter.com/neeravjain24; ,,,90,Yes,28,Marketing Intern; Business Development Executive; Founder’s Office - Intern; Customer Support Team Leader (Chat); Marketing Intern ( Social Media); Brand Content and Social Media Marketing Intern; Collection Team Leader; Content Creation Intern (Social Media); UI UX Intern; Business Development Executive; Customer Service Team Leader ; Human Resource Intern,Early,Consumer
glide,Glide,Winter 2019,Active,https://www.glideapps.com,glideapps.com,https://www.ycombinator.com/companies/glide,"Glide turns spreadsheets into beautiful, intelligent apps.","San Francisco, CA, USA; Remote",US,,https://www.linkedin.com/company/glideapps/mycompany/,https://twitter.com/glideapps,Mark Probst; David Siegel; Jason Smith,https://www.linkedin.com/in/markprobst/; https://www.linkedin.com/in/dvdsgl; https://www.linkedin.com/in/jasonsmith16/,; ; ,,,46,No,0,,Growth,B2B
lezzoo,Lezzoo,Winter 2019,Active,https://lezzoo.com,lezzoo.com,https://www.ycombinator.com/companies/lezzoo,Lezzoo is an on-demand delivery Superapp for Iraq. ,"Erbil, Kurdistan Region, Iraq",IQ,,https://www.linkedin.com/company/13044533/admin/dashboard/,https://x.com/LezzooEats,Rekar Botany; Yadgar Merani,https://www.linkedin.com/in/rekar-botany-b3378878/; https://www.linkedin.com/in/yadgar-merani-6a1b17157/,; ,,,190,No,0,,Early,Consumer
emi-labs,Emi Labs,Winter 2019,Active,https://www.emilabs.ai,emilabs.ai,https://www.ycombinator.com/companies/emi-labs,"Helping great teams hire better frontline workers, faster.","Buenos Aires, CABA, Argentina; Remote",AR,,https://www.linkedin.com/company/emi-labs/,,Andres Arslanian; Mateo Cavasotto,https://www.linkedin.com/in/andrés-arslanian-64246939; https://ar.linkedin.com/in/mateo-cavasotto-25620223,; ,,,50,No,0,,Growth,B2B
bentocart,Bentocart,Winter 2019,Active,https://www.bentocart.com,bentocart.com,https://www.ycombinator.com/companies/bentocart,Last-mile delivery for perishables.,"San Francisco, CA, USA",US,,,,Joseph Lai; Wenjing Yu,https://www.linkedin.com/in/joelai/; https://www.linkedin.com/in/angilyu,https://twitter.com/jtlai; ,,,3,No,0,,Early,Consumer
spring-in-africa,Spring in Africa,Winter 2019,Active,https://springinafrica.com,springinafrica.com,https://www.ycombinator.com/companies/spring-in-africa,Investing in innovation ,"San Francisco, CA, USA; LA, Nigeria; Remote",US,,,https://twitter.com/walletscompany,John Oke,https://linkedin.com/in/johnoke,https://twitter.com/thejohnoke,,,,No,0,,Early,Fintech
credpal,CredPal,Winter 2019,Active,https://credpal.com,credpal.com,https://www.ycombinator.com/companies/credpal,CredPal is a buy now pay later company in Africa that allows…,"Lagos, LA, Nigeria; LA, Nigeria",NG,,,https://twitter.com/CredPal,Mofehintolu Olaogun,https://ng.linkedin.com/in/fehintolu,,,,35,No,0,,Early,Fintech
exly,Exly,Winter 2019,Active,https://exlyapp.com/,exlyapp.com,https://www.ycombinator.com/companies/exly,"One stop shop for creators to launch, manage & grow their knowledge…","New Delhi, DL, India",IN,,https://www.linkedin.com/company/exly/,,Sidharth Rawat; Suyash Sinha,https://www.linkedin.com/in/sidharth-rawat-55252748/; https://www.linkedin.com/in/suyash-sinha-426b6945/,; ,,,95,No,0,,Early,Consumer
keynua,Keynua,Winter 2019,Active,https://www.keynua.com,keynua.com,https://www.ycombinator.com/companies/keynua,E-signatures with identity verification for Latin America,"Lima, Callao Region, Peru; Lima, Lima Province, Peru; Remote",PE,,https://www.linkedin.com/company/keynua/,https://twitter.com/keynuainc,Alfredo Granda; Manuel Olguin; Luis Alban; Inma Canadas,https://www.linkedin.com/in/alfredo-granda-02a95992/; https://www.linkedin.com/in/manuel-olguin-82a352/; https://www.linkedin.com/in/luis-alban-90a09ab6; ,; https://twitter.com/molguinj; ; ,,,15,No,0,,Early,B2B
edyst,Edyst,Winter 2019,Active,https://edyst.com,edyst.com,https://www.ycombinator.com/companies/edyst,Edyst is a peer-to-peer online learning platform where students learn…,"Hyderabad, Telangana, India",IN,,,,Srinivas Sriramdas,https://www.linkedin.com/in/srinivas-vasu-sriramdas-a375475/,https://twitter.com/getvasu/,,,11,No,0,,Early,Education
acciojob,AccioJob,Winter 2019,Active,https://acciojob.com,acciojob.com,https://www.ycombinator.com/companies/acciojob,Offline-first tech skilling and placement for India,"Gurugram, HR, India",IN,,https://www.linkedin.com/company/acciojob,https://twitter.com/acciojob_,Vishu Bansal; Harsh Sharma; Priyanshu Agarwal; Yashwardhan Burad,https://www.linkedin.com/in/vishu-bansal-70a260a3; https://www.linkedin.com/in/harsh-sharma-791082bb; https://www.linkedin.com/in/priyanshu-agarwal-949719b7/; https://www.linkedin.com/in/yashwardhan-burad-50bb75b5/,; ; ; ,,,120,No,0,,Growth,Education
nala,NALA,Winter 2019,Active,http://nala.com,nala.com,https://www.ycombinator.com/companies/nala,Building Payments for the Next Billion.,"New York City, NY, USA",US,,https://www.linkedin.com/company/nalamoney,https://twitter.com/nalamoney,Benjamin Fernandes,https://www.linkedin.com/in/benjaminf7/,https://twitter.com/Benji_Fernandes,,,168,No,0,,Growth,Fintech
mudrex,Mudrex,Winter 2019,Active,https://mudrex.com,mudrex.com,https://www.ycombinator.com/companies/mudrex,India's largest crypto investing paltform,"Bengaluru, KA, India; Remote",IN,,http://linkedin.com/company/mudrex,https://twitter.com/officialmudrex,Edul Patel,https://www.linkedin.com/in/edulpatel/,,,,11,No,0,,Growth,Fintech
skill-lync,Skill-lync,Winter 2019,Active,http://skill-lync.com,skill-lync.com,https://www.ycombinator.com/companies/skill-lync,Online engineering college for India. Learn technical skills & get…,"Chennai, TN, India",IN,,https://www.linkedin.com/school/skill-lync/,https://twitter.com/edxengine,Surya Paneerselvam; Sarang,https://www.linkedin.com/in/suryanarayanan-paneerselvam-05b65732/; https://www.linkedin.com/in/sarangarajan-v-iyengar,; ,,,3000,No,0,,Early,Education
ampup,AmpUp,Winter 2019,Active,https://ampup.io,ampup.io,https://www.ycombinator.com/companies/ampup,We make EV charging as simple and reliable as LED lights,"San Francisco, CA, USA; Cupertino, CA, USA",US,,https://www.linkedin.com/company/27119825/,https://twitter.com/ampup_io,Thomas Sun,https://www.linkedin.com/in/thomas-sun/,,,,45,No,0,,Early,Consumer
xgenomes,XGenomes,Winter 2019,Active,http://www.xgenomes.com,xgenomes.com,https://www.ycombinator.com/companies/xgenomes,XGenomes is building the sequencing technology of the future. ,"Boston, MA, USA; Cambridge, MA, USA",US,,https://www.linkedin.com/company/xgenomes/,,Kalim Mir,https://www.linkedin.com/in/kalim-mir-b8037310/,,,,6,No,0,,Early,Healthcare
alpaca,Alpaca,Winter 2019,Active,https://alpaca.markets/,alpaca.markets,https://www.ycombinator.com/companies/alpaca,API-first stock and crypto brokerage platform,"San Francisco, CA, USA; San Mateo, CA, USA; Remote",US,,https://www.linkedin.com/company/alpacadb-inc-,https://twitter.com/AlpacaHQ,Yoshi Yokokawa; Hitoshi Harada,https://www.linkedin.com/in/yoshiyokokawa/; https://www.linkedin.com/in/hitoshi-harada-02b01425/,https://twitter.com/iyoshyoshi; ,,,150,Yes,5,Senior Software Engineer - Clearing & Securities Finance; Senior/Staff+ Software Engineer - Ledger Team; Senior or Staff+ Software Engineer - Identity; Senior or Staff+ Software Engineer - Trading; Senior Analytics Engineer,Growth,Fintech
maple-materials,Maple Materials,Winter 2019,Active,http://maplematerials.com,maplematerials.com,https://www.ycombinator.com/companies/maple-materials,We turn CO2 into battery-grade graphite and oxygen.,"San Francisco, CA, USA",US,,,,Drew Reid,https://www.linkedin.com/in/drew-reid-3937b0125/,,,,6,No,0,,Early,Industrials
upsolve,Upsolve,Winter 2019,Active,https://upsolve.org/learn/should-i-file-for-chapter-7-bankruptcy/,upsolve.org,https://www.ycombinator.com/companies/upsolve,Helping low-income Americans overcome debt and rebuild credit at…,"Boston, MA, USA; New York, NY, USA",US,,,https://twitter.com/upsolvebk,Jonathan Petts,https://www.linkedin.com/in/jonathanpetts,,,,12,Yes,1,Software Engineering Intern,Early,Fintech
our-world-in-data,Our World in Data,Winter 2019,Active,https://ourworldindata.org/,ourworldindata.org,https://www.ycombinator.com/companies/our-world-in-data,Research and data to make progress against the world’s largest…,"Oxford, England, United Kingdom; Remote",GB,,,https://twitter.com/OurWorldInData,Esteban Ortiz-Ospina; Hannah Ritchie; Max Roser,; ; https://www.linkedin.com/in/max-roser-4334b185,; ; ,,,19,No,0,,Early,Education
dagger,Dagger,Winter 2019,Active,https://dagger.io,dagger.io,https://www.ycombinator.com/companies/dagger,Develop your CI/CD pipelines as code and run them anywhere,"San Francisco, CA, USA; London, England, United Kingdom; Seattle, WA, USA; Portland, OR, USA; Boulder, CO, USA; Lyon, Auvergne-Rhône-Alpes, France; Buenos Aires, CABA, Argentina; Bogotá, Bogota, Colombia; Vancouver, WA, USA; Montevideo, Montevideo Department, Uruguay; Ponta Delgada, Azores, Portugal; Remote",US,,https://www.linkedin.com/company/dagger-io/,https://twitter.com/dagger_io,Solomon Hykes,https://www.linkedin.com/in/solomonhykes/,https://twitter.com/solomonstre,,,22,No,0,,Early,B2B
superb-ai,Superb AI,Winter 2019,Active,https://www.superb-ai.com,superb-ai.com,https://www.ycombinator.com/companies/superb-ai,Superb AI provides end-to-end computer vision MLOps platform,"Seoul, Seoul, South Korea",KR,,https://www.linkedin.com/company/superb-ai,,Hyun Kim; Moonsu Cha; Jonghyuk Lee; Jungkwon Lee,https://www.linkedin.com/in/hyunsoo-kim-a60557b2/; https://www.linkedin.com/in/moonsucha/; https://www.linkedin.com/in/jonghyuk-lee-5612a312a; https://www.linkedin.com/in/jung-kwon-lee-67a36a152/,https://twitter.com/_hyunkim_; ; ; ,,,80,No,0,,Growth,B2B
heart-aerospace,Heart Aerospace,Winter 2019,Active,http://www.heartaerospace.com,heartaerospace.com,https://www.ycombinator.com/companies/heart-aerospace,Heart makes electric airplanes with an all-electric range of 250 miles,"Los Angeles, CA, USA",US,,https://www.linkedin.com/company/heart-aerospace,https://twitter.com/heartaerospace,Anders Forslund,http://linkedin.com/in/anders-forslund,,,,50,No,0,,Early,Industrials
reelables,Reelables,Winter 2019,Active,http://reelables.com,reelables.com,https://www.ycombinator.com/companies/reelables,The Future of Supply Chain Data Tracking and Visibility,"London, England, United Kingdom",GB,,https://www.linkedin.com/company/reelables,https://x.com/ReelablesHQ,David Stanton; Brian Krejcarek,; https://www.linkedin.com/in/briankrejcarek/,; ,,,,No,0,,Growth,B2B
volta-labs-inc,"Volta Labs, Inc.",Winter 2019,Active,http://voltalabs.com,voltalabs.com,https://www.ycombinator.com/companies/volta-labs-inc,Unlocking the utility of genomics for the world.,"Boston, MA, USA; Cambridge, MA, USA",US,,https://www.linkedin.com/company/volta-labs-inc,https://twitter.com/voltalabsinc,Udayan Umapathi,http://linkedin.com/in/udayanu/,https://twitter.com/uday1489,,,50,Yes,0,,Growth,Healthcare
jetpack-aviation,JetPack Aviation,Winter 2019,Active,http://www.jetpackaviation.com,jetpackaviation.com,https://www.ycombinator.com/companies/jetpack-aviation,Flying motorcycles,"Los Angeles, CA, USA",US,,,https://www.twitter.com/jetpackaviation,Boris Jarry; David Mayman,https://www.linkedin.com/in/boris-jarry-24451b14; https://www.linkedin.com/in/davidmayman,; ,,,9,No,0,,Early,Industrials
valo,Valo,Winter 2019,Active,https://boundarylayer.tech,boundarylayer.tech,https://www.ycombinator.com/companies/valo,Cutting edge hydrofoil systems for boatbuilders,"San Francisco, CA, USA",US,,https://www.linkedin.com/company/ridevalo,https://twitter.com/ridevalo,Ed Kearney; Jeremy Osborne,https://www.linkedin.com/in/edward-kearney/; https://linkedin.com/in/jezosborne,; https://twitter.com/JezOsborne,,,3,No,0,,Early,Industrials
wanderlog,Wanderlog,Winter 2019,Active,https://wanderlog.com,wanderlog.com,https://www.ycombinator.com/companies/wanderlog,"Travel planner for researching, organizing, and mapping your trip","San Francisco, CA, USA",US,,https://www.linkedin.com/company/wanderlog,,Peter Xu; Harry Yu,https://www.linkedin.com/in/pxpeterxu; https://www.linkedin.com/pub/harry-yu/14/999/ba1,; ,,,5,No,0,,Early,Consumer
aura-vision,Aura Vision,Winter 2019,Active,https://auravision.ai,auravision.ai,https://www.ycombinator.com/companies/aura-vision,In-store analytics AI assistant to fix your retail stores,"London, England, United Kingdom",GB,,,https://twitter.com/auravisionai,Jonathon Blok; Jaime Lomeli-Rodriguez; Daniel Martinho-Corbishley,https://www.linkedin.com/in/jonathon-blok/; https://www.linkedin.com/in/dr-jaime-lomeli-r-394451119; https://www.linkedin.com/in/danielmartinhocorbishley/,; ; ,,,10,No,0,,Early,B2B
instapath-inc,Instapath Inc.,Winter 2019,Active,http://instapathbio.com,instapathbio.com,https://www.ycombinator.com/companies/instapath-inc,We built the world's first automated digital pathology lab.,"Houston, TX, USA",US,,,https://twitter.com/instapathbio,Mei Wang; Quincy Brown; David Tulman,https://www.linkedin.com/in/mei-wang-34096858/; https://www.linkedin.com/in/j-quincy-brown-28b4288/; https://www.linkedin.com/in/david-tulman-2aa38112a/,; ; ,,,6,No,0,,Early,Healthcare
caribou,Caribou,Winter 2019,Active,https://usecaribou.com,usecaribou.com,https://www.ycombinator.com/companies/caribou,The autonomous tax firm,"Lisbon, Lisbon, Portugal",PT,,https://www.linkedin.com/company/usecaribou/,https://twitter.com/usecaribou,Juan Andrade,https://www.linkedin.com/in/isjuanonline/,https://twitter.com/isjuanonline,,,10,Yes,1,Full Stack Software Engineer (Frontend-leaning),Early,B2B
ravn,Ravn,Winter 2019,Active,https://ravn.com/,ravn.com,https://www.ycombinator.com/companies/ravn,Ravn is building a heads-up display for soldiers.,"Boston, MA, USA; San Francisco, CA, USA",US,,,,Jake Bullock,https://www.linkedin.com/in/jake-bullock-58284865/,,,,10,No,0,,Early,Government
doppler,Doppler,Winter 2019,Active,https://doppler.com,doppler.com,https://www.ycombinator.com/companies/doppler,Secure secrets. Prevent breaches. Keep teams moving.,"Austin, TX, USA; Remote",US,,https://www.linkedin.com/company/dopplerhq,https://twitter.com/doppler,Brian Vallelunga,http://linkedin.com/in/vallelungabrian,https://twitter.com/vallelungabrian,,,25,Yes,1,Staff Full Stack Software Engineer ,Growth,B2B
pnoe,PNOĒ,Winter 2019,Active,,,https://www.ycombinator.com/companies/pnoe,Enabling health professionals to prescribe clinical-grade wellness…,"Athens, Greece; Miami, FL, USA",GR,,https://www.linkedin.com/company/pnoe/mycompany/,https://twitter.com/Pnoe_fitness,Apostolos Atsalakis; Panos Papadiamantis,https://www.linkedin.com/in/apostolos-atsalakis-953032a7; https://www.linkedin.com/in/ppapadia/,; ,,,70,Yes,1,Senior Business Developer for Corporate Wellness/Health Insurance,Early,Healthcare
axel-travel,Axel Travel,Winter 2019,Active,https://helloaxel.com/,helloaxel.com,https://www.ycombinator.com/companies/axel-travel,AI agent that saves you money on travel,"Seattle, WA, USA",US,,https://www.linkedin.com/company/helloaxel/,,Stephen Grabowski,https://www.linkedin.com/in/stgrabowski/,,,,20,Yes,1,Software Engineer - AI Travel Agent,Early,Consumer
pyxai,Pyxai,Winter 2019,Active,https://www.pyxai.com,pyxai.com,https://www.ycombinator.com/companies/pyxai,An assessment tool that evaluates people to predict future success,"Port St. Lucie, FL, USA; Remote",US,,https://www.linkedin.com/company/10134194,,Angela Edwards,https://www.linkedin.com/in/angela-edwards-1350589/,,,,5,No,0,,Early,B2B
autodial-prev-qwest,Autodial prev Qwest,Winter 2019,Active,https://www.autodial.com,autodial.com,https://www.ycombinator.com/companies/autodial-prev-qwest,Skip Busy Phone Lines,"Miami, FL, USA; Remote",US,,,,André Woodley Jr,https://www.linkedin.com/in/andrewoodleyjr,,,,1,No,0,,Early,Consumer
landed-2,Landed,Winter 2019,Active,https://www.gotlanded.com,gotlanded.com,https://www.ycombinator.com/companies/landed-2,Generative AI for frontline worker hiring,"New York City, NY, USA",US,,https://www.linkedin.com/company/18966365/admin/,https://twitter.com/gotlanded,Vivian Wang,https://www.linkedin.com/in/vivian-wang-b0a67a43/,,,,50,Yes,4,"Account Executive; Product Manager, Integrations; Product Manager; Business Operations Manager",Early,B2B
intact-therapeutics,Intact Therapeutics,Winter 2019,Active,http://www.intacttherapeutics.com,intacttherapeutics.com,https://www.ycombinator.com/companies/intact-therapeutics,Smart gels for local drug delivery to the gut,"San Francisco, CA, USA; Los Altos, CA, USA",US,,https://www.linkedin.com/company/intact-therapeutics,,Ravi Pamnani; Sidhartha Sinha,https://www.linkedin.com/in/rpamnani/; https://www.linkedin.com/in/sidhartha-sinha-47277125/,; ,,,4,No,0,,Early,Healthcare
mobot,Mobot,Winter 2019,Active,https://www.mobot.io,mobot.io,https://www.ycombinator.com/companies/mobot,Mobot is a QA-as-a-service platform using actual mechanical robots,"New York City, NY, USA; New York, NY, USA",US,,https://www.linkedin.com/company/team-mobot,https://twitter.com/teammobot,Eden Full Goh,https://www.linkedin.com/in/edenfull/,https://twitter.com/edenfull,,,40,No,0,,Growth,B2B
excepgen,Excepgen,Winter 2019,Active,http://www.excepgen.com,excepgen.com,https://www.ycombinator.com/companies/excepgen,,"San Francisco, CA, USA",US,,,,Thomas Folliard,https://www.linkedin.com/in/thomas-folliard-2b3a8a94/,,,,3,No,0,,Early,Healthcare
handle,Handle,Winter 2019,Active,https://www.handle.com,handle.com,https://www.ycombinator.com/companies/handle,Simplifying Payments and Compliance for Construction Suppliers,"San Francisco, CA, USA",US,,https://www.linkedin.com/company/handlecorporation,https://twitter.com/HandleUS,Blake Robertson; Chris Woodard; Patrick Hogan,http://www.linkedin.com/pub/blake-robertson/2/829/b62/; https://www.linkedin.com/in/cawoodard/; https://www.linkedin.com/in/patrick-james-hogan,; ; ,,,203,Yes,1,Product Manager,Early,Real Estate and Construction
bunkerhill-health,Bunkerhill Health,Winter 2019,Active,http://bunkerhillhealth.com,bunkerhillhealth.com,https://www.ycombinator.com/companies/bunkerhill-health,Bunkerhill is the agentic AI platform for health systems,"San Francisco, CA, USA",US,,https://www.linkedin.com/company/bunkerhill-health/,https://twitter.com/joinBunkerhill,Nishith Khandwala; David Eng,https://www.linkedin.com/in/nishith-khandwala-16b27227; http://linkedin.com/in/gnedivad,https://twitter.com/nish_khandwala; ,,,30,Yes,2,Product Engineer; Technical Implementation Program Manager,Growth,Healthcare
termius,Termius,Winter 2019,Active,https://termius.com,termius.com,https://www.ycombinator.com/companies/termius,Termius is an SSH client with team collaboration features,"Auckland, New Zealand",NZ,,,https://twitter.com/TermiusHQ,Roman Kudiyarov; Dmitry Lyfar,https://www.linkedin.com/in/roman-kudiyarov-0980346/; https://www.linkedin.com/in/dmitrylyfar/,; https://twitter.com/dmitrylyfar?lang=en,,,35,No,0,,Early,B2B
supernova,Supernova,Winter 2019,Active,https://supernova.io,supernova.io,https://www.ycombinator.com/companies/supernova,Design system platform joins developers and designers together,"Prague, Prague, Czechia",CZ,,https://www.linkedin.com/company/supernova-io,https://twitter.com/supernova_io,Oskar Koristka; Jiri Trecak,https://www.linkedin.com/in/oskar-koristka-194805114?trk=nav_responsive_tab_profile; https://cz.linkedin.com/in/jiří-třečák-122ba174,https://twitter.com/oskar_koristka; ,,,20,No,0,,Early,B2B
probably-genetic,Probably Genetic,Winter 2019,Active,https://www.probablygenetic.com/,probablygenetic.com,https://www.ycombinator.com/companies/probably-genetic,Patient Intelligence Platform for Genetic Disease ,"San Francisco, CA, USA",US,,https://www.linkedin.com/company/probablygenetic/,,Lukas Lange,https://www.linkedin.com/in/lukas-lange-8b1aa334/,,,,17,Yes,5,Senior Software Engineer; Solutions Architect; Senior Data Scientist; Director of Strategic Partnerships; Forward Deployed Product Manager,Growth,Healthcare
ashby,Ashby,Winter 2019,Active,https://www.ashbyhq.com,ashbyhq.com,https://www.ycombinator.com/companies/ashby,All-in-one recruiting platform that empowers hiring excellence in…,"San Francisco, CA, USA; Remote",US,,https://www.linkedin.com/company/ashbyhq/,https://twitter.com/ashbyhq,Benjamin Encz; Abhik Pramanik,https://www.linkedin.com/in/benjaminencz/; https://www.linkedin.com/in/abhikpramanik/,; ,,,110,Yes,14,"Senior Product Engineer, EU; Senior Product Engineer - Americas; Design Engineer, Americas; Design Engineer, EU; Engineering Manager, Americas; Engineering Manager, EU; Engineering Manager, UK; Staff Product Engineer - Americas; Staff Product Engineer, EU; Senior Product Engineer, UK; Staff Product Engineer, UK; Design Engineer, UK",Growth,B2B
okteto,Okteto,Winter 2019,Active,https://okteto.com,okteto.com,https://www.ycombinator.com/companies/okteto,Cloud Development Environments with one click,"San Francisco, CA, USA; Denver, CO, USA; Madrid, Community of Madrid, Spain; Buenos Aires, CABA, Argentina; Remote",US,,https://www.linkedin.com/company/okteto,https://twitter.com/oktetohq,Ramiro Berrelleza; Pablo Chico de Guzman; Ramon Lamana,https://www.linkedin.com/in/ramiroberrelleza/; https://www.linkedin.com/in/pchico/; https://www.linkedin.com/in/rlamana/,https://twitter.com/rberrelleza; https://twitter.com/pchico83; https://twitter.com/monchocromo,,,30,Yes,0,,Growth,B2B
switchboard,Switchboard,Winter 2019,Active,https://www.onswitchboard.com,onswitchboard.com,https://www.ycombinator.com/companies/switchboard,Technology for Trucking,"Vancouver, BC, Canada",CA,,https://www.linkedin.com/company/switchboard/,https://twitter.com/onswitchboard,Michael Ip,https://www.linkedin.com/in/ipmichael/,,,,24,No,0,,Early,B2B
ai-insurance,AI Insurance,Winter 2019,Active,https://www.aiinsurance.io,aiinsurance.io,https://www.ycombinator.com/companies/ai-insurance,AI Insurance is the platform that runs insurance companies,"New York City, NY, USA; San Francisco, CA, USA",US,,,,Cameron MacArthur,https://www.linkedin.com/in/cammacarthur/,,,,16,No,0,,Early,Fintech
demodesk,Demodesk,Winter 2019,Active,https://demodesk.com,demodesk.com,https://www.ycombinator.com/companies/demodesk,AI-powered sales coaching,"Munich, BY, Germany",DE,,https://www.linkedin.com/company/demodesk/,https://twitter.com/demodesk,Alex Popp; Veronika Wax,https://www.linkedin.com/in/alexandergeorgpopp/; https://www.linkedin.com/in/veronikariederle/,; https://twitter.com/Veronikardrl,,,25,No,0,,Growth,B2B
avo,Avo,Winter 2019,Active,https://www.avo.app/,avo.app,https://www.ycombinator.com/companies/avo,Fixing data quality in product analytics.,"Reykjavík, Iceland",IS,,https://www.linkedin.com/company/avohq,https://twitter.com/avohq,Stefania Olafsdottir; Solvi Logason,https://www.linkedin.com/in/stefaniabjarneyolafsdottir; https://www.linkedin.com/in/solviloga/,https://twitter.com/stefaniabje; ,,,10,No,0,,Early,B2B
nabis,Nabis,Winter 2019,Active,https://www.nabis.com/,nabis.com,https://www.ycombinator.com/companies/nabis,Nabis is the largest licensed cannabis wholesale platform.,"New York City, NY, USA",US,,https://www.linkedin.com/company/nabishq/,,Vince Ning,https://www.linkedin.com/in/vcning,,,,700,Yes,1,Staff Data Engineer,Growth,B2B
sapling-ai,Sapling.ai,Winter 2019,Active,https://sapling.ai,sapling.ai,https://www.ycombinator.com/companies/sapling-ai,Language models for enterprise applications.,"Los Angeles, CA, USA",US,,https://www.linkedin.com/company/saplingai,https://twitter.com/saplingai,Ziang Xie,https://www.linkedin.com/in/ziangxie/,https://twitter.com/zngxie,,,2,Yes,2,Fullstack Engineer; Machine Learning Engineer,Early,B2B
weathercheck,WeatherCheck,Winter 2019,Active,https://www.weathercheck.co/,weathercheck.co,https://www.ycombinator.com/companies/weathercheck,WeatherCheck monitors properties for hail damage so that insurance…,"Louisville, KY, USA",US,,,https://www.twitter.com/weathercheckco/,Jermaine Watkins; Demetrius Gray,https://linkedin.com/in/jermainewatkins; https://www.linkedin.com/in/demetriusgray/,https://twitter.com/jwatkinsky; ,,,10,No,0,,Early,Fintech
community-phone-company,Community Phone Company,Winter 2019,Active,https://www.communityphone.org/,communityphone.org,https://www.ycombinator.com/companies/community-phone-company,The phone that gives families peace of mind about aging parents,"San Francisco, CA, USA; Remote",US,,https://www.linkedin.com/company/community-phone/,,James Graham,https://www.linkedin.com/in/wittedhaddock/,,,,101,Yes,4,Sr Growth Product Manager; Sr Talent Partner ; Social Media Manager; Senior Product Designer,Early,Consumer
thrive-agric,Thrive Agric,Winter 2019,Active,https://www.thriveagric.com/,thriveagric.com,https://www.ycombinator.com/companies/thrive-agric,"ThriveAgric help Farmers in Africa access finance, insight and Markets","Abuja, Federal Capital Territory, Nigeria",NG,,https://www.linkedin.com/company/thriveagric,https://twitter.com/thriveagric,Ayodeji Arikawe; Uka Eje,https://www.linkedin.com/in/ayodejiarikawe; https://www.linkedin.com/in/uka-eje-11481ab2/,; ,,,227,No,0,,Growth,Industrials
patternfast-prior-tailornovacouturme,PatternFast (prior: Tailornova/Couturme),Winter 2019,Active,http://patternfast.com,patternfast.com,https://www.ycombinator.com/companies/patternfast-prior-tailornovacouturme,The fashion product engineering intelligence  ,"San Francisco, CA, USA; Remote",US,,,,Yuliya Raquel,https://www.linkedin.com/in/yuliya-raquel/,,,,23,No,0,,Early,B2B
golinks,GoLinks,Winter 2019,Active,https://www.golinks.io,golinks.io,https://www.ycombinator.com/companies/golinks,"Intuitive, easy-to-remember short links - powered by AI.","San Francisco, CA, USA; San Jose, CA, USA; Remote",US,,https://www.linkedin.com/company/golinks,https://twitter.com/golinks,Jorge Zamora,https://www.linkedin.com/in/mrjorgezamora,https://www.twitter.com/mrjorgezamora,,,70,Yes,6,"Sr. Sales Development Representative; Sales Development Representative (Remote); Account Executive, Mid-Market (Remote); Sr. Sales Development Representative (Remote); Sales Development Representative (Hybrid); Account Executive, Mid-Market (Hybrid)",Growth,B2B
middesk,Middesk,Winter 2019,Active,http://www.middesk.com,middesk.com,https://www.ycombinator.com/companies/middesk,We make it easier for B2B companies to transact with one another,"San Francisco, CA, USA",US,,https://www.linkedin.com/company/mihttps://www.linkedin.com/company/middesk/,https://twitter.com/MiddeskHQ,Kyle Mack; Kurt Ruppel,https://www.linkedin.com/in/kyle-mack-587bbb4b/; https://www.linkedin.com/in/kurtruppel/,; ,,,130,Yes,12,"Software Engineer;  Account Manager, Enterprise Banking; Data Scientist, Machine Learning ; Account Manager, Mid-Market; Software Engineer, Infrastructure ; Account Executive ; Partner Manager; Founding Account Executive; Solutions Architect; Product Designer ; Enterprise Account Executive ; Enterprise Account Executive ",Growth,B2B
windwalk,Windwalk,Winter 2019,Active,windwalk.com,windwalk.com,https://www.ycombinator.com/companies/windwalk,"Windwalk is the industry leader in building, growing, and operating…","Austin, TX, USA; San Francisco, CA, USA; Remote",US,,,,Cris Feo; Samuel Leonard,https://www.linkedin.com/in/crisfeo/; https://www.linkedin.com/in/samuel-leonard-ba07b89b/,; ,,,25,No,0,,Early,Consumer
leah-labs,LEAH Labs,Winter 2019,Active,http://www.leahlabs.com,leahlabs.com,https://www.ycombinator.com/companies/leah-labs,"Living therapies for pets first, and their people next","Minneapolis, MN, USA",US,,http://www.twitter.com/leahlabsincwww.linkedin.com/leahlabsinc,http://www.twitter.com/leahlabsinc,Wesley Wierson,https://www.linkedin.com/in/wesley-wierson,https://www.twitter.com/dna4cy,,,4,No,0,,Early,Healthcare
medcrypt,MedCrypt,Winter 2019,Active,https://www.medcrypt.co,medcrypt.co,https://www.ycombinator.com/companies/medcrypt,MedCrypt gives medical device vendors cybersecurity features in a few…,"San Diego, CA, USA",US,,,,Mike Kijewski; Eric Pancoast,https://www.linkedin.com/in/mkijewski; https://www.linkedin.com/in/epancoast,https://www.twitter.com/mikekijewski; ,,,16,No,0,,Growth,Healthcare
brainkey,BrainKey,Winter 2019,Active,https://www.brainkey.ai/,brainkey.ai,https://www.ycombinator.com/companies/brainkey,Brain Longevity,"San Francisco, CA, USA",US,,https://www.linkedin.com/company/brainkeyai/,https://twitter.com/BrainkeyAI,"Owen Phillips, PhD",https://www.linkedin.com/in/owenrobertphillips/,,,,20,No,0,,Early,Healthcare
flower-co,FLOWER CO.,Winter 2019,Active,https://flowercompany.com,flowercompany.com,https://www.ycombinator.com/companies/flower-co,FLOWER CO. sells weed on the internet.,"Los Angeles, CA, USA",US,,,https://twitter.com/flowercompany,Scott Davies; Ted Lichtenberger,https://www.linkedin.com/in/scott-davies-95489016a; https://www.linkedin.com/in/tedlichtenberger/,; ,,,30,No,0,,Growth,Consumer
postscript,Postscript,Winter 2019,Active,https://postscript.io,postscript.io,https://www.ycombinator.com/companies/postscript,The SMS revenue platform for e-commerce merchants,Remote,,,https://www.linkedin.com/company/postscriptio/,https://twitter.com/postscriptio,Adam Turner; Alex Beller; Colin Turner,https://www.linkedin.com/pub/adam-turner/65/978/a15; https://www.linkedin.com/in/alex-beller-70452852; https://www.linkedin.com/in/postscript-is-building-the-worlds-greatest-remote-org/,; https://twitter.com/ringmybeller; ,,,180,Yes,6,"Senior Software Engineer, Full Stack; Senior Customer Success Manager ; Client Strategist; Sales Engineer; Senior Customer Onboarding Manager; Technical Partnership Manager",Growth,B2B
nebullam-dba-clayton-farms,Nebullam (DBA Clayton Farms),Winter 2019,Active,http://ClaytonFarms.com,claytonfarms.com,https://www.ycombinator.com/companies/nebullam-dba-clayton-farms,"We put farms inside restaurants, so customers get healthier food and…","San Francisco, CA, USA",US,,https://www.linkedin.com/company/28620078,https://twitter.com/CFSalads,,,,,,2,No,0,,Early,Consumer
nettrons,SciTok,Winter 2019,Active,https://www.scitok.com,scitok.com,https://www.ycombinator.com/companies/nettrons,Platform for scientists to share their research via videos,"San Francisco, CA, USA; Remote",US,,https://www.linkedin.com/company/nettrons,,Xiaoyan Wu,https://www.linkedin.com/in/xiaoyan-wu/,,,,2,No,0,,Early,Consumer
dyneti-technologies,Dyneti Technologies,Winter 2019,Active,http://www.dyneti.com,dyneti.com,https://www.ycombinator.com/companies/dyneti-technologies,Reduce payment fraud,"San Francisco, CA, USA",US,,,,Julia Zheng,https://www.linkedin.com/in/julia-zheng-30073529/,,,,3,Yes,1,Marketing Intern,Early,B2B
sorting-robotics,Sorting Robotics,Winter 2019,Active,https://www.sortingrobotics.com/,sortingrobotics.com,https://www.ycombinator.com/companies/sorting-robotics,We create automation technology for the cannabis industry.,"Los Angeles, CA, USA",US,,https://www.linkedin.com/company/sortingrobotics/,,,,,,,12,Yes,2,"Senior Robotics Software Engineer; Mechatronics Engineer, VLA Gripping & Assembly (Lead)",Early,B2B
sunsama,Sunsama,Winter 2019,Active,https://sunsama.com,sunsama.com,https://www.ycombinator.com/companies/sunsama,Daily planner for busy professionals,"Kailua, HI, USA; Oakland, CA, USA; Remote",US,,,,Travis Meyer; Ashutosh Priyadarshy,https://www.linkedin.com/in/travis-s-meyer; https://www.linkedin.com/in/ashutoshpriyadarshy,; https://twitter.com/thepriyadarshy,,,7,No,0,,Early,B2B
spire-law,Spire Law,Winter 2019,Active,https://spirelawfirm.com/,spirelawfirm.com,https://www.ycombinator.com/companies/spire-law,Tech enabled business and employment litigation law firm.,"Orlando, FL, USA",US,,https://www.linkedin.com/company/spire-law-firm/,https://twitter.com/spirelaw,Jesse Unruh,https://www.linkedin.com/in/jesse-unruh-5b857525/,,,,10,No,0,,Early,B2B
centaur,Centaur,Winter 2019,Active,https://centaur.ai/,centaur.ai,https://www.ycombinator.com/companies/centaur,We Create Superior Data By Making Annotation Competitive,"Boston, MA, USA",US,,https://www.linkedin.com/company/centaur-labs/,,Erik Duhaime; Tom Gellatly; Zach Rausnitz,https://www.linkedin.com/in/erik-duhaime-7a827413/; https://www.linkedin.com/in/tomgellatly; https://www.linkedin.com/in/zach-rausnitz-55086927/,; ; ,,,45,No,0,,Growth,Healthcare
ultralight,Ultralight,Winter 2019,Active,https://ultralig.ht,ultralig.ht,https://www.ycombinator.com/companies/ultralight,"Universal, Pure-GPU HTML Renderer","San Francisco, CA, USA",US,,,https://twitter.com/ultralight_ux,Adam Simmons,https://www.linkedin.com/in/adamjeansimmons/,https://www.twitter.com/adamjsimmons,,,1,No,0,,Early,B2B
bottomless,Bottomless,Winter 2019,Active,https://bottomless.com,bottomless.com,https://www.ycombinator.com/companies/bottomless,Building the first sensor enabled marketplace for repeat purchases,"Seattle, WA, USA",US,,,,Liana Herrera; Michael Mayer,https://www.linkedin.com/in/lianaherrera/; https://www.linkedin.com/in/michael-myers-b7435710,; ,,,2,No,0,,Early,Consumer
kalshi,Kalshi,Winter 2019,Active,https://www.kalshi.com,kalshi.com,https://www.ycombinator.com/companies/kalshi,1st federally regulated exchange where people can trade on events,"New York City, NY, USA; New York, NY, USA",US,,https://www.linkedin.com/company/kalshi/,https://twitter.com/Kalshi,Luana Lopes Lara; Tarek Mansour,https://www.linkedin.com/in/luana-lopes-lara-3151068a; https://www.linkedin.com/in/mansourtarek/,; ,,,125,Yes,13,"Quantitative Researcher (Market Making); Backend Engineer; Social Media Manager; Product Designer; Market Structure; Graphic Designer; Marketing & Stunt Man (or Woman, or Whatever); Chief of Staff; Frontend; Site Reliability Engineer; Talent Lead; Partnerships - Social Media",Growth,Fintech
keeper-2,Keeper,Winter 2019,Active,https://keepertax.com,keepertax.com,https://www.ycombinator.com/companies/keeper-2,AI tax filing for complex returns,"San Francisco, CA, USA",US,,https://www.linkedin.com/company/keeper-tax/,https://twitter.com/keepertax,David Kang,https://www.linkedin.com/in/david-kang-001b177b/,,,,16,No,0,,Early,Fintech
allsome-fulfillment,AllSome Fulfillment,Winter 2019,Active,https://www.allsome.com,allsome.com,https://www.ycombinator.com/companies/allsome-fulfillment,Fulfillment platform to build Southeast Asia e-commerce operations,"Kuala Lumpur, Federal Territory of Kuala Lumpur, Malaysia; Shah Alam, Selangor, Malaysia; Remote",MY,,https://www.linkedin.com/company/allsome,,Ng Yi Ying; LIU YI SHU,http://www.linkedin.com/in/yi2ng2; https://www.linkedin.com/in/yishu-liu-61357217a,; ,,,18,No,0,,Early,B2B
positive,Positive,Winter 2019,Active,https://www.positive.co,positive.co,https://www.ycombinator.com/companies/positive,Healthy packaged fresh food,"Los Angeles, CA, USA",US,,https://www.linkedin.com/company/positivefoodco/,https://twitter.com/positivefoodco,Schuyler Deerman,https://www.linkedin.com/in/schuylerdeerman/,https://www.twitter.com/schuylerdeerman,,,47,No,0,,Early,Consumer
the-juggernaut,The Juggernaut,Winter 2019,Active,https://www.thejuggernaut.com/,thejuggernaut.com,https://www.ycombinator.com/companies/the-juggernaut,The global community for the South Asia-curious,"New York City, NY, USA; New York, NY, USA",US,,https://www.linkedin.com/company/thejuggernaut,https://twitter.com/bethejuggernaut,Snigdha Sur,https://www.linkedin.com/in/snigdhasur/,https://twitter.com/snigdhasur,,,5,Yes,1,Full-Stack Engineer (can transition to CTO),Early,Consumer
encarte,Canopy (was Encarte),Winter 2019,Active,https://www.heycanopy.com/,heycanopy.com,https://www.ycombinator.com/companies/encarte,Encarte is building 1-click checkout for all online stores.,"San Francisco, CA, USA",US,,,,George Fang; John Ling,https://www.linkedin.com/in/fanggeorge/; https://www.linkedin.com/in/jhnling/,; ,,,2,No,0,,Early,Fintech
intelline,Intelline,Winter 2019,Active,https://www.intelline.ca/,intelline.ca,https://www.ycombinator.com/companies/intelline,Intelline makes the world's most efficient fuel agnostic engines for…,"Waterloo, ON, Canada",CA,,https://www.linkedin.com/company/34746898/admin/,,Kyle Faller; Chris Mathew,https://www.linkedin.com/in/kyle-faller-272b42109/; https://www.linkedin.com/in/chris-mathew-0bbb26128/,; ,,,3,Yes,1,Lead ECU Development Engineer,Early,Industrials
flockjay,Flockjay,Winter 2019,Active,https://flockjay.com,flockjay.com,https://www.ycombinator.com/companies/flockjay,"AI-driven learning, content, and coaching for sales teams","San Francisco, CA, USA; Remote",US,,https://www.linkedin.com/school/flockjay,https://twitter.com/flockjay,Shaan Hathiramani,https://www.linkedin.com/in/hathiramani/,https://twitter.com/shaanh,,,10,Yes,3,"Software Engineer, Frontend; Software Engineer, Full-Stack; Account Executive",Growth,B2B
trexo-robotics,Trexo Robotics,Winter 2019,Active,http://trexorobotics.com,trexorobotics.com,https://www.ycombinator.com/companies/trexo-robotics,"Exoskeletons to help people walk, starting with children","Toronto, ON, Canada",CA,,https://linkedin.com/company/trexo-robotics,https://twitter.com/trexorobotics,Manmeet Maggu; Rahul Udasi,https://ca.linkedin.com/in/manmeetmaggu; https://ca.linkedin.com/in/rahul-udasi-7a7b6222,; ,,,30,No,0,,Early,Healthcare
taobotics,Taobotics,Winter 2019,Active,http://www.taobotics.com,taobotics.com,https://www.ycombinator.com/companies/taobotics,Autonomous robots for retails. ,"Shenzhen, Guangdong, China",CN,,,,Wenke Ma; Xiangru (Mark) Nie; Zhikang Wang; Yong Zhao,http://www.linkedin.com/in/mawenke; http://www.linkedin.com/in/xiangru-mark-nie; https://www.linkedin.com/in/zhikangwang; https://www.linkedin.com/in/zdzhaoyong/,; ; ; ,,,11,No,0,,Early,Industrials
overview,Overview,Winter 2019,Active,https://overview.ai,overview.ai,https://www.ycombinator.com/companies/overview,"Reshaping industrial quality with AI, hardware, and software","San Francisco, CA, USA",US,,https://www.linkedin.com/company/overview-ai/,,Austin Appel; Russell Nibbelink; Christopher Van Dyke,https://www.linkedin.com/in/austin-appel-aa822b66/; https://www.linkedin.com/in/russellnibbelink/; https://www.linkedin.com/in/christopher-van-dyke/,; ; ,,,40,Yes,13,"Staff Embedded Software Engineer – Product Lead (Embedded AI); Head of Technical Special Projects; Head of Applications – Asia; Staff Embedded Systems Engineer; Systems Software Engineer (Python / Docker / Edge Devices/ IoT); Senior Full Stack Engineer 全端工程師; Senior Embedded Systems Engineer; Vision Sales Engineer (Monterrey) - Field-based (Travel locally for 60 to 80%); Vision Sales Engineer (Atlanta, GA or Charlotte, NC) - Field-based (Travel locally for 60 to 80%); Software Engineering Manager (Taiwan); AI GTM Operations Lead; Vision Sales Engineer - San Francisco",Growth,Industrials
odeko,Odeko,Summer 2019,Active,http://www.odeko.com,odeko.com,https://www.ycombinator.com/companies/odeko,Our operations software makes it easier to run--and grow--your cafe,"New York City, NY, USA; New York, NY, USA",US,,https://www.linkedin.com/company/officialodeko/,https://www.twitter.com/officialodeko,James Burkhardt,https://www.linkedin.com/in/james-burkhardt-6bb4ab48/,,,,371,Yes,3,Senior DevOps Engineer; Senior/Staff Fullstack Engineer - Marketplace; Brand Designer,Growth,B2B
gather-2,Gather,Summer 2019,Active,https://www.gather.town/,gather.town,https://www.ycombinator.com/companies/gather-2,Building a better way to meet online.,"New York City, NY, USA; San Francisco, CA, USA; Remote",US,,https://www.linkedin.com/company/gathertown/,https://twitter.com/gather_town,Kumail Jaffer; Phillip Wang,https://www.linkedin.com/pub/mohammed-kumail-jaffer/8a/29/622; https://www.linkedin.com/in/phillip-wang-592629118/,https://twitter.com/k_m_y_l; https://twitter.com/flippnflops,,,60,Yes,1,Staff Fullstack Engineer - Grapevine (AI),Early,Consumer
sequence-bio,Sequence Bio,Summer 2019,Active,https://www.sequencebio.com/,sequencebio.com,https://www.ycombinator.com/companies/sequence-bio,Discovering the true signals of disease to power life-changing drugs.,"St. John's, NL, Canada",CA,,https://www.linkedin.com/company/sequencebioinformatics,https://twitter.com/sequencebio,Jeremy Grushcow; Chris Gardner,https://www.linkedin.com/in/jeremygrushcow/; https://www.linkedin.com/in/chriscgardner/,https://twitter.com/crossborderbio; ,,,52,No,0,,Early,Healthcare
breadfast,Breadfast,Summer 2019,Active,https://www.breadfast.com,breadfast.com,https://www.ycombinator.com/companies/breadfast,"Household needs, from bread to everything.","Cairo, Cairo Governorate, Egypt",EG,,https://www.linkedin.com/company/breadfast/,https://twitter.com/breadfastapp,Muhammad Habib; Abdallah Nofal,https://www.linkedin.com/in/muhammadhabib/; https://www.linkedin.com/in/nofal/,https://twitter.com/m7abib; ,,,10000,No,0,,Growth,Consumer
apurata,Apurata,Summer 2019,Active,https://apurata.com,apurata.com,https://www.ycombinator.com/companies/apurata,Point of sale financing for Latin America's middle class.,"Lima, Callao Region, Peru; Lima, Lima Province, Peru",PE,,,,José E. Carrillo Pino; Patrick Wakeham,http://pe.linkedin.com/in/jose-enrique-carrillo-pino-40b09877; https://www.linkedin.com/in/pwakeham,; https://twitter.com/wakehamp,,,12,No,0,,Early,Fintech
epic-aerospace,EPIC AEROSPACE,Summer 2019,Active,http://epic-aerospace.com,epic-aerospace.com,https://www.ycombinator.com/companies/epic-aerospace,Last-mile delivery for satellites.,"Buenos Aires, CABA, Argentina",AR,,https://www.linkedin.com/company/epic-aerospace/,,Ignacio Belieres Montero,https://www.linkedin.com/in/ignacio-b%C3%A9li%C3%A8res-montero-14b457b6/,,,,14,No,0,,Growth,Industrials
gitstart,GitStart,Summer 2019,Active,https://www.gitstart.com,gitstart.com,https://www.ycombinator.com/companies/gitstart,Pull Requests as a Service,"San Francisco, CA, USA; Remote",US,,,,Hamza Zia,https://www.linkedin.com/in/hamza-z-202a163b/,,,,19,No,0,,Early,B2B
laika,LAIKA,Summer 2019,Active,https://laika.com.co/,laika.com.co,https://www.ycombinator.com/companies/laika,Online pets supplies for Latin America with over 4000 products & 20…,"Bogotá, Bogota, Colombia",CO,,https://www.linkedin.com/company/33183617,,TULIO JIMENEZ; MANUELA SANCHEZ; Camilo Sanchez, https://www.linkedin.com/in/tulio-jimenez-p-4a83b038; http://www.linkedin.com/in/ manuela-sanchez; https://www.linkedin.com/in/camilo-sanchez-villamarin,; ; ,,,500,No,0,,Early,Consumer
vorticity,Vorticity,Summer 2019,Active,http://vorticity.xyz/,vorticity.xyz,https://www.ycombinator.com/companies/vorticity,The Fastest Scientific Computing Platform on the Planet,"San Francisco, CA, USA",US,,https://www.linkedin.com/company/vorticityinc/,,Chirath Neranjena,https://www.linkedin.com/in/chirath-neranjena-8299241/,https://twitter.com/neranjena?lang=en,,,10,Yes,1,"Software Engineer, Parallel Scientific Computing",Growth,Industrials
taskade,Taskade,Summer 2019,Active,https://www.taskade.com,taskade.com,https://www.ycombinator.com/companies/taskade,One prompt. One app. One living workspace for teams.,"San Francisco, CA, USA",US,,https://www.linkedin.com/company/taskade,https://x.com/taskade,Stan Chang; John Xie,https://www.linkedin.com/in/lxcid; https://www.linkedin.com/in/johnxie/,https://x.com/lxcid; https://twitter.com/johnxie,,,6,Yes,2,Full Stack Software Engineer; Front-end Software Engineer,Early,B2B
asher-bio,Asher Bio,Summer 2019,Active,https://www.asherbio.com/,asherbio.com,https://www.ycombinator.com/companies/asher-bio,We build better immunotherapies,"San Francisco, CA, USA; San Carlos, CA, USA",US,,https://www.linkedin.com/company/asher-biotherapeutics/,https://twitter.com/AsherBio,Ivana Djuretic; Andy Yeung,https://www.linkedin.com/in/ivana-djuretic-730a1517/; https://www.linkedin.com/in/yikandyyeung/,; ,,,3,No,0,,Growth,Healthcare
deepnote,Deepnote,Summer 2019,Active,https://www.deepnote.com/,deepnote.com,https://www.ycombinator.com/companies/deepnote,A better data science notebook.,"San Francisco, CA, USA",US,,https://www.linkedin.com/company/deepnote/mycompany/verification/,https://twitter.com/DeepnoteHQ?ref_src=twsrc%5Egoogle%7Ctwcamp%5Eserp%7Ctwgr%5Eauthor,Jakub Jurovych,https://www.linkedin.com/in/jakubjurovych/,,,,,Yes,1,Software Engineer,Growth,B2B
aspect,Aspect,Summer 2019,Active,https://aspect.app,aspect.app,https://www.ycombinator.com/companies/aspect,Build UI fast.,"San Francisco, CA, USA",US,,,,Tshepo Mohlala,https://linkedin.com/in/tshepomohlala,https://twitter.com/tscepo,,,1,No,0,,Early,B2B
coco-wallet,Coco Wallet,Summer 2019,Active,https://cocowallet.app,cocowallet.app,https://www.ycombinator.com/companies/coco-wallet,Your global dollar account powered by stablecoins,"New York City, NY, USA; Remote",US,,https://www.linkedin.com/company/cocopago,https://x.com/CocoWallets,Kevin Charles; Victor Charles; Francisco jose Martin toro,https://www.linkedin.com/in/kevin-charles-6348b5b5/; https://www.linkedin.com/in/victor-a-charles-754394124/; http://linkedin.com/in/francisco-martin-toro-7a481715b,; ; ,,,50,No,0,,Early,Fintech
treble-ai,treble.ai,Summer 2019,Active,https://treble.ai,treble.ai,https://www.ycombinator.com/companies/treble-ai,We help companies scale marketing campaigns through WhatsApp,"São Paulo, SP, Brazil; New York, NY, USA; Seattle, WA, USA",BR,,https://www.linkedin.com/company/treble-ai/,https://twitter.com/treble_ai,Felipe Otálora; Sebastián Valencia,https://www.linkedin.com/in/felipe-otalora-813442147/; ,; ,,,38,No,0,,Growth,B2B
vitau,Vitau,Summer 2019,Active,https://vitau.mx,vitau.mx,https://www.ycombinator.com/companies/vitau,Subscription pharmacy for patients with chronic diseases in LatAm. ,"Monterrey, N.L., Mexico",MX,,https://www.linkedin.com/company/vitaumx/,,Tuto Assad; Alejandro Lozano Zárate,https://www.linkedin.com/in/tutoassad/; https://linkedin.com/in/alejandrolozanoz/,https://twitter.com/tutoassad; https://www.twitter.com/alozanoz,,,55,No,0,,Early,Healthcare
flowbot,Flowbot,Summer 2019,Active,https://www.getflowbot.com,getflowbot.com,https://www.ycombinator.com/companies/flowbot,A natural language-driven programming assistant.,"New York City, NY, USA; New York, NY, USA",US,,,,Amar Agasaveeran,https://www.linkedin.com/in/amar-a-ba263ab2/,,,,2,No,0,,Early,B2B
curri,Curri,Summer 2019,Active,http://www.curri.com,curri.com,https://www.ycombinator.com/companies/curri,Construction & industrial logistics platform.,"Los Angeles, CA, USA",US,,https://www.linkedin.com/company/curri,https://twitter.com/curri,Brian Gonzalez; Matthew Lafferty,https://www.linkedin.com/in/brianmatthewgonzalez; https://www.linkedin.com/in/matt-lafferty-00734b12/,https://twitter.com/brianmgonzalez; ,,,104,Yes,13,"Enterprise Sales Director, Medical and Healthcare; Senior Software Engineer ; FP&A Director ; Enterprise Sales Director, Aerospace; Staff Software Engineer ; Outside Sales Representative (Honolulu, HI); Outside Sales Representative (Las Vegas, NV); Outside Sales Representative (Midland/Odessa, TX); Account Manager - West ; Account Manager - East ; Senior Software Engineer, Mobile ; Enterprise Account Director",Growth,Real Estate and Construction
zeroheight,zeroheight,Summer 2019,Active,https://zeroheight.com,zeroheight.com,https://www.ycombinator.com/companies/zeroheight,The design system layer for coding agents,"London, England, United Kingdom; Remote",GB,,https://www.linkedin.com/company/9494935,https://twitter.com/zeroheight,Jerome de Lafargue; Robin Tindale,https://www.linkedin.com/in/jerome-de-lafargue-13951214/; https://www.linkedin.com/in/rhtindale,https://twitter.com/getjerome; ,,,55,No,0,,Growth,B2B
mudafy,Mudafy,Summer 2019,Active,https://mudafy.com,mudafy.com,https://www.ycombinator.com/companies/mudafy,The LatAm tech-enabled real estate broker to buy and sell houses. ,"Buenos Aires, CABA, Argentina",AR,,https://www.linkedin.com/company/mudafy/,,Luqui Díaz; Franco Forte,https://www.linkedin.com/in/luquidiaz; https://www.linkedin.com/in/fortefranco/,https://twitter.com/luquidiaz; https://twitter.com/franbook,,,75,No,0,,Growth,Real Estate and Construction
traces,Traces,Summer 2019,Active,https://www.traces.ai,traces.ai,https://www.ycombinator.com/companies/traces,Transform your video monitoring with AI,"San Francisco, CA, USA; Mountain View, CA, USA",US,,,,Kostyantyn Shysh; Veronika Yurchuk,https://www.linkedin.com/in/kostyantyn-shysh-a8ab4a77/; https://www.linkedin.com/in/veronikayurchukdatascience/,https://x.com/constant_shysh; ,,,10,No,0,,Early,B2B
freshpaint,Freshpaint,Summer 2019,Active,https://freshpaint.io,freshpaint.io,https://www.ycombinator.com/companies/freshpaint,"Customer data collection, safeguarding, & activation for healthcare","San Francisco, CA, USA; Remote",US,,https://www.linkedin.com/company/freshpaint-data,,Steven Fitzsimmons; Michael Malis,https://www.linkedin.com/in/sjfitzsimmons/; https://www.linkedin.com/in/michael-malis-270354150/,; https://twitter.com/mmalisper,,,120,Yes,0,,Growth,B2B
paymongo,PayMongo,Summer 2019,Active,https://paymongo.com,paymongo.com,https://www.ycombinator.com/companies/paymongo,Modern online payments for the Philippines,"Taguig, NCR, Philippines",PH,,https://www.linkedin.com/company/paymongo,https://twitter.com/paymongo,Luis Sia,https://www.linkedin.com/in/luis-sia-356877148/,,,,220,No,0,,Growth,Fintech
inevent,InEvent,Summer 2019,Active,https://inevent.com,inevent.com,https://www.ycombinator.com/companies/inevent,"In-Person, Hybrid and Virtual Event Management Software","Atlanta, GA, USA; Remote",US,,https://www.linkedin.com/company/inevent-inc,https://twitter.com/ineventapp,Pedro Góes; Mauricio Giordano; Vinicius Neris,https://linkedin.com/in/pedrogoes; https://www.linkedin.com/in/mauriciogior; https://www.linkedin.com/in/vfneris/,https://twitter.com/pedro380085; ; ,,,150,Yes,3,Sales Account Executive; Sales Manager; Account Manager,Early,B2B
heru,Heru,Summer 2019,Active,https://www.heru.app/,heru.app,https://www.ycombinator.com/companies/heru,Tax Automation Infrastructure,"Mexico City, CDMX, Mexico",MX,,https://www.linkedin.com/company/somosheru/,https://twitter.com/somosheru,Stiven Rodriguez Sanchez,https://www.linkedin.com/in/stiven-rodr%C3%ADguez-s%C3%A1nchez-b65958101/,https://twitter.com/StivenRodz_,,,53,No,0,,Early,Fintech
tranqui-finanzas,Tranqui Finanzas,Summer 2019,Active,https://tranquifinanzas.com/,tranquifinanzas.com,https://www.ycombinator.com/companies/tranqui-finanzas,Debt Management for Latin America. ,"Cali, Valle del Cauca, Colombia; Bogotá, Bogota, Colombia; Remote",CO,,https://www.linkedin.com/company/tranquifinanzas/,,Jorge Gallego; Andres Buitrago,https://www.linkedin.com/in/gallegojorge/; https://www.linkedin.com/in/andresbuitragof/,; ,,,27,No,0,,Early,Fintech
holy-grail-inc,Holy Grail,Summer 2019,Active,https://www.holygrail.ai,holygrail.ai,https://www.ycombinator.com/companies/holy-grail-inc,,"San Francisco, CA, USA; Remote",US,,https://www.linkedin.com/company/holy-grail-inc,,Nuno Pereira,https://www.linkedin.com/in/yeslightway,,,,7,No,0,,Early,B2B
recidiviz,Recidiviz,Summer 2019,Active,https://www.recidiviz.org/,recidiviz.org,https://www.ycombinator.com/companies/recidiviz,"Helping create a smaller, fairer, safer justice system","New York City, NY, USA",US,,https://www.linkedin.com/company/recidiviz/,https://x.com/recidiviz,Joshua Essex; Clementine Jacoby,https://www.linkedin.com/in/joshuaessex/; https://www.linkedin.com/in/clementine-jacoby-50578483/,; ,,,120,Yes,1,Director of Product,Early,Government
trella,Trella,Summer 2019,Active,https://www.trella.app/,trella.app,https://www.ycombinator.com/companies/trella,Trella is a platform that connects shippers to carriers. Trella…,"Cairo, Cairo Governorate, Egypt",EG,,https://www.linkedin.com/company/trellaapp/?viewAsMember=true,,Omar Hagrass; Ali El Atrash; Pierre Saad,https://www.linkedin.com/in/omar-hagrass-9674a663/; https://www.linkedin.com/in/alielatrash/; https://www.linkedin.com/in/pierresaad,; ; ,,,50,No,0,,Growth,B2B
flux,Flux,Summer 2019,Active,http://paywithflux.com,paywithflux.com,https://www.ycombinator.com/companies/flux,Flux is building the payment network for alternative payments in…,"Mexico City, CDMX, Mexico",MX,,https://www.linkedin.com/company/paywithflux,,Maximiliano Echeverria; Fernando de la Torre,https://www.linkedin.com/in/maximilianoe; https://www.linkedin.com/in/fdelatorre/,https://twitter.com/ecmax; https://twitter.com/ferdelat_eth,,,9,No,0,,Early,Fintech
stoic,stoic.,Summer 2019,Active,https://getstoic.com/,getstoic.com,https://www.ycombinator.com/companies/stoic,Stoic helps people feel better and take care of their mental health.,"Kraków, Lesser Poland Voivodeship, Poland; Remote",PL,,https://www.linkedin.com/company/stoicapp/,https://twitter.com/stoicapp,Maciej Lobodzinski,https://linkedin.com/in/mlobodzinski,https://twitter.com/mlobodzinski,,,9,No,0,,Early,Healthcare
predictleads,PredictLeads,Summer 2019,Active,https://predictleads.com,predictleads.com,https://www.ycombinator.com/companies/predictleads,Best in class company intelligence data. ,"Ljubljana, Ljubljana, Slovenia; Remote",SI,,https://www.linkedin.com/company/predictleads,,Roq Xever; Matic Perovšek,https://www.linkedin.com/in/rxever; https://www.linkedin.com/in/mperice,; ,,,37,No,0,,Early,B2B
eden-farm,Eden Farm,Summer 2019,Active,https://edenfarm.id/,edenfarm.id,https://www.ycombinator.com/companies/eden-farm,Delivering fruits and vegetables to multi-segment restaurants and…,"Jakarta, Jakarta, Indonesia",ID,,https://www.linkedin.com/company/14422413,,David Gunawan; Ramavito Mountanio; Febrianto Gamal,https://www.linkedin.com/in/david-gunawan-57049566/; https://www.linkedin.com/in/ramavito-mountaino-12873a132/; https://www.linkedin.com/in/febrianto-gamal-3829b08b/,; ; ,,,110,No,0,,Growth,B2B
gotrade,Gotrade,Summer 2019,Active,https://www.heygotrade.com/,heygotrade.com,https://www.ycombinator.com/companies/gotrade,Robinhood for Southeast Asia (SEA),"Singapore, Singapore",SG,,,,Norman Wanto,https://www.linkedin.com/in/normanjwanto/,,,,105,No,0,,Growth,Fintech
hightouch,Hightouch,Summer 2019,Active,https://hightouch.com/,hightouch.com,https://www.ycombinator.com/companies/hightouch,The leading Composable CDP and AI Decisioning platform,"San Francisco, CA, USA",US,,https://www.linkedin.com/company/hightouchio/,https://twitter.com/HightouchData,Kashish Gupta; Tejas Manohar; Joshua Curl,https://www.linkedin.com/in/guptakashish/; https://linkedin.com/in/tejasmanohar; https://www.linkedin.com/in/joshcurl/,https://twitter.com/kashgupta_; https://twitter.com/tejasmanohar; https://twitter.com/joshwget,,,200,No,0,,Growth,B2B
spice-data,Spice Data,Summer 2019,Active,https://spicedata.com/,spicedata.com,https://www.ycombinator.com/companies/spice-data,Restaurant Data for the Enterprise,"San Francisco, CA, USA",US,,https://www.linkedin.com/company/101734823,,Richard Kreger,https://www.linkedin.com/in/richardkreger/,,,,,No,0,,Early,B2B
demand-curve,Demand Curve,Summer 2019,Active,https://www.demandcurve.com,demandcurve.com,https://www.ycombinator.com/companies/demand-curve,Learn how to build a scalable growth engine,"San Francisco, CA, USA; Remote",US,,https://www.linkedin.com/company/demandcurve,https://twitter.com/growthtactics,Neal O'Grady; Justin Setzer,https://www.linkedin.com/in/nealogrady/; https://www.linkedin.com/in/justin-setzer/,https://x.com/NealOGrady; ,,,10,No,0,,Early,Education
ramen-vr,Ramen VR,Summer 2019,Active,https://ramenvr.com/,ramenvr.com,https://www.ycombinator.com/companies/ramen-vr,Ramen VR is transforming game development with advanced XR + AI tools.,"San Francisco, CA, USA; El Cerrito, CA, USA",US,,https://www.linkedin.com/company/ramen-vr,https://twitter.com/RamenVROfficial,Andy Tsen,https://www.linkedin.com/profile/view?id=62805976&trk=nav_responsive_tab_profile,,,,15,No,0,,Growth,Consumer
fampay,FamPay,Summer 2019,Active,https://fampay.in,fampay.in,https://www.ycombinator.com/companies/fampay,India’s first neobank for teenagers,"Bengaluru, KA, India",IN,,https://www.linkedin.com/company/fampay/,https://twitter.com/fampayindia,Sambhav Jain; Kush Taneja,https://www.linkedin.com/in/sambhavjainiitr/; https://www.linkedin.com/in/kushtaneja,https://twitter.com/_SambhavJain_; https://x.com/kushxtaneja,,,24,Yes,1,[India] FamPay- Site Reliability Engineer,Early,Fintech
digi-prex,Digi-Prex,Summer 2019,Active,http://www.digi-prex.com/,digi-prex.com,https://www.ycombinator.com/companies/digi-prex,Subscription pharmacy for patients with chronic diseases,"Hyderabad, Telangana, India",IN,,,,Samarth Sindhi,https://www.linkedin.com/in/samarth-sindhi-694530a7/,,,,32,No,0,,Early,Healthcare
vahan,Vahan,Summer 2019,Active,https://vahan.ai,vahan.ai,https://www.ycombinator.com/companies/vahan,AI recruiter for India's massive blue-collar workforce,"Bengaluru, KA, India",IN,,https://www.linkedin.com/company/vahan-inc-,https://twitter.com/vahaninc,Madhav Krishna,https://www.linkedin.com/in/madhavkrishna,,,,85,Yes,4,Lead Product Designer; Senior Product Manager; Director of Product; Lead AI Engineer,Growth,B2B
proof-trading,Proof Trading,Summer 2019,Active,https://prooftrading.com,prooftrading.com,https://www.ycombinator.com/companies/proof-trading,Institutional equities broker-dealer,"New York City, NY, USA; New York, NY, USA",US,,,,Daniel Aisen; Allison Bishop,https://www.linkedin.com/in/daniel-aisen-b2025712/; https://www.linkedin.com/in/allison-bishop-46996399/,; ,,,7,No,0,,Early,Fintech
lokal,Lokal,Summer 2019,Active,https://www.getlokalapp.com,getlokalapp.com,https://www.ycombinator.com/companies/lokal,"Local news, information and classifieds for India's small town users","Bengaluru, KA, India",IN,,https://www.linkedin.com/company/lokal-app/,https://twitter.com/getlokalapp,Vipul Chaudhary; Jani pasha,https://www.linkedin.com/in/vipulciitb/; https://www.linkedin.com/in/janipasha/,https://twitter.com/vipulc_; https://twitter.com/Janilokal,,,24,No,0,,Growth,Consumer
binks,Binks,Summer 2019,Active,https://getbinks.com/,getbinks.com,https://www.ycombinator.com/companies/binks,"A zero inventory, zero returns factory-to-consumer apparel company","Bengaluru, KA, India",IN,,https://www.linkedin.com/company/getbinks/,https://twitter.com/CraftedByBinks,Aamna Khan; Raj Vardhan,https://www.linkedin.com/in/aamna92/; https://www.linkedin.com/in/vardhanraj/,https://twitter.com/_aamnakhan; https://twitter.com/is_rajvardhan,,,70,Yes,1,SEO Associate,Early,Consumer
lineleap,LineLeap,Summer 2019,Active,https://www.lineleap.com/,lineleap.com,https://www.ycombinator.com/companies/lineleap,"LineLeap gets customers to the fun, faster.","New York City, NY, USA",US,,https://www.linkedin.com/company/lineleap/,https://twitter.com/_lineleap,Nicholas Becker; Max Schauff; Patrick Skelly,https://www.linkedin.com/in/nickpbecker/; https://www.linkedin.com/in/maxwell-schauff-3a5393104/; https://www.linkedin.com/in/patrick-skelly-b0a51877/,; ; ,,,50,Yes,1,"Staff Software Engineer, Product Innovation",Growth,Consumer
colab,CoLab,Summer 2019,Active,http://colabsoftware.com,colabsoftware.com,https://www.ycombinator.com/companies/colab,Human and AI design review for hardware,"St. John's, NL, Canada",CA,,https://www.linkedin.com/company/colabsoftware,https://twitter.com/colab_software,Jeremy Andrews; Adam Keating,https://www.linkedin.com/in/jeremyandrewsmun; https://www.linkedin.com/in/adammichaelkeating/,; https://twitter.com/adamkeatingnl,,,150,No,0,,Growth,B2B
earth-ai,EARTH AI,Summer 2019,Active,http://www.earth-ai.com,earth-ai.com,https://www.ycombinator.com/companies/earth-ai,Predictive Explorer and Driller for Critical Metal Deposits,"San Francisco, CA, USA; San Mateo, CA, USA",US,,https://www.linkedin.com/company/18228179,https://twitter.com/earthaiexplore,Roman Teslyuk,https://www.linkedin.com/in/roman-teslyuk-a344881a/,https://twitter.com/romanteslyuk,,,12,No,0,,Early,Industrials
wasmer,Wasmer,Summer 2019,Active,https://wasmer.io,wasmer.io,https://www.ycombinator.com/companies/wasmer,The Operating System for Edge Computing,"San Francisco, CA, USA; Remote",US,,https://www.linkedin.com/company/wasmerio,https://twitter.com/wasmerio,Syrus Akbary,https://www.linkedin.com/in/syrusakbary/,https://twitter.com/syrusakbary,,,11,Yes,2,"Rust Engineer, Distributed Systems; Senior Operating Systems / Hypervisor Engineer",Early,B2B
microverse,Microverse,Summer 2019,Active,https://www.microverse.org,microverse.org,https://www.ycombinator.com/companies/microverse,Training and connecting untapped talent with global opportunities,"CT, Spain; Remote",ES,,,http://twitter.com/microverseinc,Ariel Camus,https://www.linkedin.com/in/arielcamus,https://twitter.com/arielcamus,,,35,No,0,,Early,Education
spotless-materials,spotLESS Materials,Summer 2019,Active,https://www.industry.spotlessmaterials.com,industry.spotlessmaterials.com,https://www.ycombinator.com/companies/spotless-materials,Repellent coatings without PFAS,"State College, PA, USA",US,,https://www.linkedin.com/company/69636574/,https://twitter.com/spotlessCoating,Birgitt Boschitsch; Tak-Sing Wong,https://linkedin.com/in/birgitt-boschitsch/; https://www.linkedin.com/in/tak-sing-wong-6b35a7b/,https://twitter.com/birgittmb; ,,,6,No,0,,Early,Industrials
kern-systems,Kern Systems,Summer 2019,Active,https://www.kernsystems.com,kernsystems.com,https://www.ycombinator.com/companies/kern-systems,Using DNA to store data.,"Boston, MA, USA",US,,,,Henry Lee,https://www.linkedin.com/in/hhlee/,https://twitter.com/hhlee,,,3,No,0,,Early,Healthcare
arpeggio-bio,Arpeggio Bio,Summer 2019,Active,http://www.arpeggiobio.com,arpeggiobio.com,https://www.ycombinator.com/companies/arpeggio-bio,Arpeggio Bio develops drugs targeting transcription factors using AI…,"Boulder, CO, USA",US,,,https://twitter.com/ArpeggioBio,Joey Azofeifa,https://www.linkedin.com/in/joey-azofeifa-060070130/,,,,20,No,0,,Early,Healthcare
directshifts,DirectShifts,Summer 2019,Active,https://directshifts.com,directshifts.com,https://www.ycombinator.com/companies/directshifts,"Workforce platform to recruit, license, credential & manage clinicians","New York City, NY, USA; Remote",US,,https://www.linkedin.com/company/directshifts/,https://twitter.com/directshifts,Sai Thumuluru,https://www.linkedin.com/in/saithumuluru/,,,,72,Yes,1,Full Stack Engineer at DirectShifts (YC S19),Growth,Healthcare
rutter,Rutter,Summer 2019,Active,https://rutter.com,rutter.com,https://www.ycombinator.com/companies/rutter,The Unified API for Business Financial Data,"New York City, NY, USA",US,,https://www.linkedin.com/company/rutter/,https://twitter.com/@RutterAPI,Eric Yu; Peter Zhou,https://www.linkedin.com/in/eric-yu-9b5262116/; https://www.linkedin.com/in/peter-zhou-0aa986110/,; ,,,24,Yes,2,Senior Software Engineer (Backend); Software Engineer (Integrations),Growth,B2B
rosebud-ai,Rosebud AI,Summer 2019,Active,http://rosebud.ai,rosebud.ai,https://www.ycombinator.com/companies/rosebud-ai,Vibe code games. ,"San Francisco, CA, USA",US,,https://www.linkedin.com/company/42293496/,https://twitter.com/Rosebud_AI,Lisha Li,https://www.linkedin.com/in/lisha-li-700985a/,https://twitter.com/lishali88,,,10,No,0,,Early,Consumer
hatchways,Hatchways,Summer 2019,Active,http://www.hatchways.io,hatchways.io,https://www.ycombinator.com/companies/hatchways,We make engineering interviewing look more like real work.,"Toronto, ON, Canada",CA,,https://www.linkedin.com/company/hatchways/,,Shums Kassam; Jaclyn Ling,https://www.linkedin.com/in/shumskassam/; https://www.linkedin.com/in/jaclynling/,; ,,,8,No,0,,Early,B2B
million-marker,Million Marker,Summer 2019,Active,https://www.millionmarker.com/,millionmarker.com,https://www.ycombinator.com/companies/million-marker,23andMe for environmental exposures,"San Francisco, CA, USA; Berkeley, CA, USA",US,,https://www.linkedin.com/company/million-marker,https://twitter.com/million_marker,Jenna Hua,https://www.linkedin.com/in/jenna-hua-89574b34/,,,,2,No,0,,Early,Healthcare
flo,Flo,Summer 2019,Active,https://joinflo.com,joinflo.com,https://www.ycombinator.com/companies/flo,The talent platform for legal,"Austin, TX, USA",US,,https://www.linkedin.com/company/joinflo/,https://twitter.com/florecruit,Katherine Allen,https://www.linkedin.com/in/katherine-allen-flo/,,,,50,No,0,,Growth,B2B
rainbow,Rainbow,Summer 2019,Active,https://rainbow.me,rainbow.me,https://www.ycombinator.com/companies/rainbow,"Open-source, design centric software for interacting with blockchains","New York City, NY, USA; New York, NY, USA",US,,,https://twitter.com/rainbowdotme,Christian Baroni; Jin Chung; Michael Demarais,https://www.linkedin.com/in/christianbaroni/; https://www.linkedin.com/in/jinchung17; https://www.linkedin.com/in/michael-demarais-73273736/,; https://twitter.com/jinrummie; ,,,28,No,0,,Early,Fintech
outtalent,Outtalent,Summer 2019,Active,http://outtalent.com,outtalent.com,https://www.ycombinator.com/companies/outtalent,We help top engineers from emerging markets get jobs abroad at…,"Bishkek, Chuy Province, Kyrgyzstan",KG,,https://www.linkedin.com/company/outtalent/,http://twitter.com/teamouttalent,Tilek Mamutov,https://linkedin.com/in/tilek,https://twitter.com/tilek,,,8,No,0,,Early,Education
canix,Canix,Summer 2019,Active,https://www.canix.com/,canix.com,https://www.ycombinator.com/companies/canix,Canix makes it easy to get and stay compliant as a cannabis business.,"San Francisco, CA, USA; Remote",US,,,,Stacey Hronowski,https://www.linkedin.com/in/stacey-hronowski-3893a43a/,,,,22,Yes,1,Senior Implementation Specialist - Canix,Growth,B2B
green-canopy-node,Green Canopy NODE,Summer 2019,Active,http://greencanopynode.com,greencanopynode.com,https://www.ycombinator.com/companies/green-canopy-node,Green Canopy NODE builds sustainable homes fast.,"Seattle, WA, USA",US,,https://www.linkedin.com/company/green-canopy-node/mycompany/,https://twitter.com/GreenCanopyNODE,Bec Wilder; Don Bunnell,https://www.linkedin.com/in/bec-chapin/; https://www.linkedin.com/in/donald-bunnell-92b409/,; ,,,31,No,0,,Early,Real Estate and Construction
kubesail,KubeSail,Summer 2019,Active,https://kubesail.com,kubesail.com,https://www.ycombinator.com/companies/kubesail,The Self-Hosting Company,"San Francisco, CA, USA; Pasadena, CA, USA; Remote",US,,,https://twitter.com/kubesail,Dan Pastusek,https://www.linkedin.com/in/dan-pastusek-9386698/,,,,2,No,0,,Early,Consumer
banner,Banner,Summer 2019,Active,https://withbanner.com,withbanner.com,https://www.ycombinator.com/companies/banner,Banner makes software for CRE owners to manage capital spend,"New York City, NY, USA; San Francisco, CA, USA; Remote",US,,https://www.linkedin.com/company/withbanner/,,Kunal Chaudhary,https://www.linkedin.com/in/kunal-chaudhary-60744298,,,,35,Yes,3,Senior Software Engineer; Senior UI/UX Designer; Senior Frontend Engineer,Early,Real Estate and Construction
asayer,OpenReplay,Summer 2019,Active,https://www.openreplay.com/,openreplay.com,https://www.ycombinator.com/companies/asayer,"Open-source, self-hosted, session replay tool for developers.","New York City, NY, USA; Paris, Île-de-France, France",US,,https://www.linkedin.com/company/18257552,https://twitter.com/openreplayhq,Mehdi Osman,https://www.linkedin.com/in/mehdi-osman-5456174,https://twitter.com/MehdiOsman,,,11,No,0,,Early,B2B
zeta-surgical,ZETA SURGICAL,Summer 2019,Active,http://zetasurgical.com,zetasurgical.com,https://www.ycombinator.com/companies/zeta-surgical,Next-Generation Surgical Navigation and Robotics,"Boston, MA, USA",US,,http://linkedin.com/company/zeta-surgical,,Jose Maria Amich; Raahil Sha,https://www.linkedin.com/in/josemaria-amich/en; https://www.linkedin.com/in/raahil-sha/,https://twitter.com/amich_jose; ,,,,No,0,,Early,Healthcare
fynn,Fynn,Summer 2019,Active,https://www.fynncredit.com,fynncredit.com,https://www.ycombinator.com/companies/fynn,SoFi for trade students,"New York City, NY, USA; Dallas, TX, USA; New York, NY, USA; Minneapolis, MN, USA",US,,https://www.linkedin.com/company/fynncredit,https://www.twitter.com/fynncredit,Eric Menees; Ethan Anderson; Bhavin Gupta,https://www.linkedin.com/in/ericmenees/; https://www.linkedin.com/in/ethan-anderson-yc; https://linkedin.com/in/bhavingpt,; https://twitter.com/Ethan_is_online; https://twitter.com/bhavingpt,,,26,No,0,,Early,Fintech
upequity,UpEquity,Summer 2019,Active,http://www.upequity.com,upequity.com,https://www.ycombinator.com/companies/upequity,UpEquity gives homebuyers more certainty and power. ,"Austin, TX, USA",US,,https://www.linkedin.com/company/18111640,,Timothy Herman,https://www.linkedin.com/in/timothy-herman-0ba1b4114/,,,,90,Yes,2,Manager - FP&A; Escrow Officer,Growth,Real Estate and Construction
yummy-future,Yummy Future,Summer 2019,Active,https://yummy-future.com,yummy-future.com,https://www.ycombinator.com/companies/yummy-future,We build robotic workforces for the food & beverage industry.,"Champaign, IL, USA",US,,https://www.linkedin.com/company/yummy-future-inc,,Jack Cui; Garrett Yan,https://www.linkedin.com/in/guangzhe-cui-5b8651b5/; https://www.linkedin.com/in/garrett-yueming-yan-b036b470/,; ,,,7,Yes,6,Robotics Engineer (CS&ECE); ECE / Robotics Engineer (Full-Time) – Yummy Future; Mechanical / Robotics Engineer (Full-Time) – Yummy Future; Full-time Barista at Yummy Future Coffee on the UIUC campus; Coffee Shop Manager - on University Ave in Palo Alto; Barista - on University Ave in Palo Alto,Early,Industrials
kitekraft,Kitekraft,Summer 2019,Active,http://www.kitekraft.de,kitekraft.de,https://www.ycombinator.com/companies/kitekraft,Building flying wind turbines.,"Munich, BY, Germany",DE,,https://www.linkedin.com/company/kitekraft/,https://twitter.com/kiteKRAFT_tech,Maximilian Isensee; Christoph Drexler; André Frirdich; Florian Stappenbeck (Bauer),https://www.linkedin.com/in/maximilian-isensee-621711175/; https://www.linkedin.com/in/christoph-drexler-78173a87/; https://www.linkedin.com/in/andr%C3%A9-frirdich-42257715b/; https://www.linkedin.com/in/floba/,; https://twitter.com/zembobembo; ; ,,,6,No,0,,Early,Industrials
mindset-health,Mindset Health,Summer 2019,Active,https://www.mindsethealth.com,mindsethealth.com,https://www.ycombinator.com/companies/mindset-health,Building AI therapeutics for physical health conditions like IBS.,"Melbourne, VIC, Australia",AU,,https://www.linkedin.com/company/mindsethealth,https://twitter.com/mindsethealth,Alex Naoumidis; Chris Naoumidis,https://www.linkedin.com/in/alexnaoumidis/; https://www.linkedin.com/in/chris-naoumidis-0589b7122/,https://twitter.com/alexnaoumidis; ,,,35,No,0,,Growth,Healthcare
gen1e-lifesciences,GEn1E Lifesciences,Summer 2019,Active,https://www.gen1e.com,gen1e.com,https://www.ycombinator.com/companies/gen1e-lifesciences,AI platform accelerating therapies for rare & inflammatory diseases.,"San Francisco, CA, USA",US,,https://www.linkedin.com/company/gen1e-lifesciences/,https://twitter.com/GEn1ELifesci,Ritu Lal,https://www.linkedin.com/in/ritu-lal-ph-d-m-s-management-2077953/,,,,,No,0,,Early,Healthcare
prolific,Prolific,Summer 2019,Active,https://www.prolific.com,prolific.com,https://www.ycombinator.com/companies/prolific,"Making diverse, high-quality data easily available to anyone, anywhere","London, England, United Kingdom",GB,,https://www.linkedin.com/company/prolific-academic,https://twitter.com/prolific,Phelim Bradley,https://www.linkedin.com/in/phelim-bradley-84300826,https://twitter.com/phelimb,,,180,Yes,3,AI Research Engineer; Senior Software Engineer (Product Engineering); Senior Product Engineer,Early,B2B
trm-labs,TRM Labs,Summer 2019,Active,https://trmlabs.com/,trmlabs.com,https://www.ycombinator.com/companies/trm-labs,TRM is building a safer world for billions of people.,"San Francisco, CA, USA; Remote",US,,https://www.linkedin.com/company/trmlabs/,https://twitter.com/trmlabs,Esteban Castaño; Rahul Raina,https://www.linkedin.com/in/ecastano/; https://www.linkedin.com/in/rahulr0609/,; https://twitter.com/rahulr0609,,,400,Yes,1,New Product Lead,Early,B2B
lucid-bots,Lucid Bots,Summer 2019,Active,https://lucidbots.com/,lucidbots.com,https://www.ycombinator.com/companies/lucid-bots,"We build robots for dull, dirty, and dangerous jobs.","Charlotte, NC, USA",US,,https://www.linkedin.com/company/lucid-bots,https://twitter.com/lucid_bots,Andrew Ashur,https://linkedin.com/in/andrewashur,https://twitter.com/andrew__ashur,,,26,No,0,,Growth,Industrials
ever-loved,Ever Loved,Summer 2019,Active,https://everloved.com,everloved.com,https://www.ycombinator.com/companies/ever-loved,Helping families plan and pay for funerals.,"San Francisco, CA, USA",US,,https://www.linkedin.com/company/everloved/,,Alison Johnston; Eric Zarowny,https://www.linkedin.com/in/alisonjohnston/; https://www.linkedin.com/in/ezarowny/,; https://twitter.com/ezarowny,,,5,No,0,,Early,Consumer
pair-team,Pair Team,Summer 2019,Active,https://pairteam.com/,pairteam.com,https://www.ycombinator.com/companies/pair-team,Building the safety net of the future,"San Francisco, CA, USA; Remote",US,,https://www.linkedin.com/company/yourpairteam/,https://twitter.com/yourpairteam,Neil Batlivala; Cassie Choi,https://www.linkedin.com/in/neil-batlivala/; https://www.linkedin.com/in/cassandrachoirn/,https://twitter.com/Neil_Batlivala; ,,,500,Yes,6,"Director of Care Operations; IT Lead; Principal Product Manager; Principal Product Manager, AI; Senior Software Engineer - Product (Remote); Staff Software Engineer - Product (Remote)",Growth,Healthcare
hype-and-vice,Hype and Vice,Summer 2019,Active,http://hypeandvice.com,hypeandvice.com,https://www.ycombinator.com/companies/hype-and-vice,"Fashionable college, NBA and MLS apparel.","Los Angeles, CA, USA",US,,,,Cecilia Gonzalez; Kimberly Robles,https://www.linkedin.com/in/ana-cecilia-gonzalez-615a1684/; https://www.linkedin.com/in/kimberly-robles-02bb8158/,; ,,,55,No,0,,Early,Consumer
zeal,Zeal,Summer 2019,Active,https://www.zeal.com,zeal.com,https://www.ycombinator.com/companies/zeal,Modern payroll for modern work,"San Francisco, CA, USA",US,,https://www.linkedin.com/company/40731414/,https://twitter.com/zealapi,Pranab Krishnan; Kirti Shenoy,http://linkedin.com/in/pranab-krishnan; https://www.linkedin.com/in/kirti-shenoy-9501a8145/,https://twitter.com/PranabKrishnan; https://twitter.com/kirtishenoy,,,45,No,0,,Growth,Fintech
jupiter,Jupiter,Summer 2019,Active,https://www.jupiter.co,jupiter.co,https://www.ycombinator.com/companies/jupiter,AppLovin for the food & CPG ,"New York City, NY, USA; Remote",US,,,,Chad Munroe,https://www.linkedin.com/in/chadmunroe/,,,,8,No,0,,Early,B2B
short-story,Short Story,Summer 2019,Active,https://shortstorybox.com,shortstorybox.com,https://www.ycombinator.com/companies/short-story,Modern ecommerce for petite women,"San Francisco, CA, USA",US,,https://www.linkedin.com/company/shortstorybox,,Samuel Hoffstaetter; Isabella Sun,https://www.linkedin.com/in/hoffstaetter/; https://www.linkedin.com/in/isabellasun/,; ,,,120,Yes,8,"Senior Software Engineer, Full Stack (San Francisco); Founding Recruiter; Senior Webflow Developer & CRO Specialist; Merchandise Planner; Staff Engineer, Full Stack (San Francisco); Styling Team Manager (Remote); Community & Growth Operator (Contract to Hire); Senior Software Engineer, Back-End (San Francisco)",Growth,Consumer
juno-college-of-technology,Juno College of Technology,Summer 2019,Active,http://junocollege.com,junocollege.com,https://www.ycombinator.com/companies/juno-college-of-technology,Juno is the university of the future.,"Toronto, ON, Canada",CA,,,http://twitter.com/junocollege,Heather Payne,https://www.linkedin.com/in/heatherpayneintoronto/,http://twitter.com/heatherpayne,,,30,No,0,,Early,Education
shift-health,Shift Health,Summer 2019,Active,https://www.shifthealth.io,shifthealth.io,https://www.ycombinator.com/companies/shift-health,Turn manual healthcare process into automated workflows,"Lehi, UT, USA",US,,,,Lance Rodela,https://www.linkedin.com/in/lancerodela/,,,,6,No,0,,Early,Healthcare
legacy,Legacy,Summer 2019,Active,https://www.givelegacy.com,givelegacy.com,https://www.ycombinator.com/companies/legacy,"Legacy helps you test, improve, and freeze your sperm","New York City, NY, USA; Cambridge, MA, USA",US,,https://www.linkedin.com/company/29006005/,https://www.twitter.com/legacy,Khaled Kteily; Sarah Steinle,http://www.linkedin.com/in/kteily; https://www.linkedin.com/in/sarah-steinle-66142a3b/,https://twitter.com/kkteily; ,,,35,No,0,,Early,Healthcare
well-principled,Well Principled,Summer 2019,Active,https://wellprincipled.com,wellprincipled.com,https://www.ycombinator.com/companies/well-principled,The neural engine for autonomous robots,"St. Louis, MO, USA",US,,https://www.linkedin.com/company/well-principled,https://twitter.com/WellPrincipled,Ryan Richt; Christopher Shafer; Joseph Wingbermuehle,https://www.linkedin.com/in/ryan-richt/; https://www.linkedin.com/in/chris-shafer/; https://www.linkedin.com/in/joewing,; ; ,,,3,No,0,,Early,B2B
pillar-2,Pillar,Summer 2019,Active,https://www.pillar.io,pillar.io,https://www.ycombinator.com/companies/pillar-2,All-In-One Creator Store,"San Francisco, CA, USA",US,,https://www.linkedin.com/company/pillarcreators,https://twitter.com/PillarCreators,Faisal Younus,https://www.linkedin.com/in/faisal-younus-778b82130/,,,,5,Yes,2,Founding Designer; Customer Success Manager,Early,Consumer
gamebytes,Gamebytes,Summer 2019,Active,http://www.gamebytes.io,gamebytes.io,https://www.ycombinator.com/companies/gamebytes,Chat game universe,"New York City, NY, USA; New York, NY, USA",US,,,,Jared Downing; Kane Thomas,https://www.linkedin.com/in/jared-downing-53909a106/; https://www.linkedin.com/in/kane-thomas-ab6a2b91?trk=hp-identity-name,https://twitter.com/JaredDowning_; https://twitter.com/kanethomasDX,,,4,No,0,,Early,Consumer
method-financial,Method Financial,Summer 2019,Active,https://methodfi.com,methodfi.com,https://www.ycombinator.com/companies/method-financial,Financial connectivity API for consumer liabilities,"Austin, TX, USA",US,,https://www.linkedin.com/company/methodfi,https://twitter.com/MethodFinancial,Jose Bethancourt; Jesus Marco del Carmen,https://linkedin.com/in/josebethancourt; https://www.linkedin.com/in/jmdelcarmen/,https://twitter.com/josebet1; ,,,50,Yes,9,"Former Founder ; Enterprise Account Executive, Commerce; Senior Software Engineer  ; Software Engineer  ; Enterprise Account Executive; Solutions Engineer; Solutions Consultant; Senior Accounting Manager; Design Engineer ",Growth,Fintech
courier,Courier,Summer 2019,Active,https://www.courier.com,courier.com,https://www.ycombinator.com/companies/courier,The fastest way for developers to build notifications for their app.,"San Francisco, CA, USA",US,,https://www.linkedin.com/company/trycourier,https://www.twitter.com/trycourier,Troy Goode,https://www.linkedin.com/in/troygoode,https://twitter.com/troygoode,,,35,No,0,,Growth,B2B
lofty,Lofty,Summer 2019,Active,https://www.lofty.ai/,lofty.ai,https://www.ycombinator.com/companies/lofty,Building the NASDAQ for Real Estate.,"Los Angeles, CA, USA; Miami, FL, USA; Remote",US,,https://www.linkedin.com/company/loftyai/,https://twitter.com/lofty_ai,Max Ball; Jerry Chu,https://www.linkedin.com/in/maxball/; ,; https://twitter.com/PMDBT,,,7,No,0,,Early,Fintech
apero-health,Apero Health,Summer 2019,Active,https://www.aperohealth.com,aperohealth.com,https://www.ycombinator.com/companies/apero-health,Modern medical billing,"San Francisco, CA, USA",US,,https://www.linkedin.com/company/apero-health/,https://twitter.com/AperoHealth,Jacinda Shelly; Nick Shelly,https://www.linkedin.com/in/jacindashelly/; https://www.linkedin.com/in/nick-shelly-5b414710,; ,,,24,Yes,3,"Senior Software Engineer (Backend); Software Engineer, Front-end (React, Javascript); Financial Operations Specialist (SF, at Montgomery BART)",Growth,Healthcare
shiru,Shiru,Summer 2019,Active,https://www.shiru.com/,shiru.com,https://www.ycombinator.com/companies/shiru,Shiru leverages ML to create proteins to feed the world sustainably. ,"San Francisco, CA, USA; Emeryville, CA, USA",US,,https://www.linkedin.com/company/shiru-inc/?viewAsMember=true,https://twitter.com/shiruinc,Jasmin Hume,https://www.linkedin.com/in/jasminhume/,https://twitter.com/jasminhume,,,4,No,0,,Early,Healthcare
matagora,matagora,Summer 2019,Active,https://www.matagora.com,matagora.com,https://www.ycombinator.com/companies/matagora,Empowering local retailers with tech that works for them.,"Montreal, QC, Canada; Remote",CA,,https://www.linkedin.com/company/matagora,,Chris Kyras; Wenjun Zhu,https://www.linkedin.com/in/chris-s-kyras-49926a52; https://www.linkedin.com/in/kilaju/,; ,,,5,No,0,,Early,B2B
dex,Dex,Summer 2019,Active,https://getdex.com,getdex.com,https://www.ycombinator.com/companies/dex,Dex is a personal CRM that reminds you to keep in touch with the…,"San Francisco, CA, USA; Remote",US,,https://www.linkedin.com/company/getdex,,Kevin Sun,https://www.linkedin.com/in/kgsun/,,,,7,No,0,,Early,Consumer
vouch,Vouch,Summer 2019,Active,http://vouch.us,vouch.us,https://www.ycombinator.com/companies/vouch,Insurance and risk management tools for startups and growth-stage…,"Chicago, IL, USA; San Francisco, CA, USA",US,,https://www.linkedin.com/company/20358430/,https://twitter.com/vouch_group,Sam Hodges,https://www.linkedin.com/in/samhodges/,https://twitter.com/HodgesSam,,,190,Yes,5,"Senior Software Engineer; Staff Infrastructure & Security Engineer; Principal Engineer; AI Engineer; Senior Product Manager, AI Pod",Growth,Fintech
prenda,Prenda,Summer 2019,Active,https://prenda.com/,prenda.com,https://www.ycombinator.com/companies/prenda,K-8 microschools in your neighborhood,"Mesa, AZ, USA; Remote",US,,,,Kelly Smith,https://www.linkedin.com/in/kellysmith35,,,,15,No,0,,Growth,Education
beacons,Beacons,Summer 2019,Active,https://beacons.ai/,beacons.ai,https://www.ycombinator.com/companies/beacons,"An AI-powered, all-in-one business platform for content creators","San Francisco, CA, USA",US,,https://www.linkedin.com/company/beacons-ai,https://twitter.com/beaconsai,Neal Jean; David Zeng; Jesse Zhang,https://www.linkedin.com/in/nealjean/; https://www.linkedin.com/in/david-zeng-74a55a45/; https://www.linkedin.com/in/jessemzhang/,https://twitter.com/nealjean1; ; https://twitter.com/jessemzhang,,,25,Yes,1,Senior Software Engineer ,Growth,Consumer
zippi,Zippi,Summer 2019,Active,https://www.zippi.com.br,zippi.com.br,https://www.ycombinator.com/companies/zippi,Payment Platform for LatAm Micro and Small Businesses,"São Paulo, SP, Brazil",BR,,https://www.linkedin.com/company/vaizippi/,,Andre Bernardes; Bruno Lucas; Ludmila Pontremolez,https://www.linkedin.com/in/andre-bernardes/; https://www.linkedin.com/in/brunollucas/; https://www.linkedin.com/in/ludmilapontremolez/,; ; ,,,60,Yes,3,Senior Software Engineer; Product Manager; Growth Designer,Early,Fintech
dover,Dover,Summer 2019,Active,https://dover.com,dover.com,https://www.ycombinator.com/companies/dover,Your startup's all-in-one recruiting solution,"San Francisco, CA, USA; Remote",US,,https://www.linkedin.com/company/doverhq,https://twitter.com/DoverHq,George Carollo,http://www.linkedin.com/pub/george-carollo/2b/35a/7b2,,,,12,Yes,6,Recruiting Partner; Head of People; Startup Counsel; Software Engineer; Marketing Leader; Startup Counsel,Growth,B2B
wren,Wren,Summer 2019,Active,https://www.wren.co,wren.co,https://www.ycombinator.com/companies/wren,Wren is a monthly subscription to offset your carbon footprint.,"San Francisco, CA, USA; Remote",US,,https://www.linkedin.com/company/project-wren/,https://twitter.com/project_wren,Benjamin Stanfield; Mimi Tran Zambetti; Landon Brand,https://www.linkedin.com/in/meetben/; https://www.linkedin.com/in/mimitranzambetti/; https://www.linkedin.com/in/landonbrand/,https://twitter.com/bnstnfld; https://twitter.com/mims_tz; ,,,10,No,0,,Early,Industrials
superorder,Superorder,Summer 2019,Active,https://superorder.com/,superorder.com,https://www.ycombinator.com/companies/superorder,AI customer reputation & performance management for restaurant chains.,"New York City, NY, USA",US,,https://www.linkedin.com/company/superorderdotcom/,,Raghav Poddar,https://www.linkedin.com/in/poddarraghav/,https://twitter.com/bypoddar,,,30,No,0,,Early,B2B
swadesh,Swadesh,Summer 2019,Active,http://www.swadesh.co,swadesh.co,https://www.ycombinator.com/companies/swadesh,"We setup Immigrants with a free US Bank Account, Credit Card, SIM…","New York City, NY, USA; New Delhi, DL, India",US,,https://www.linkedin.com/company/swadesh,https://twitter.com/SwadeshHQ,Prateek Swain; Tyler Burnam,https://www.linkedin.com/in/prateekswain/; https://www.linkedin.com/in/tylerburnam/,https://twitter.com/prateekswain22; ,,,10,Yes,3,Senior Software Engineer - Fullstack; Senior Software Engineer - Backend; Sales & Marketing Intern,Early,Fintech
