company_id,company,batch,raised_post_yc,post_yc_amount_usd,round_type,round_date,lead_investors,source_tier,source_type,source_url,source_quote,sec_cik,sec_accession,sec_total_amount_sold,sec_total_offering_amount,sec_date_first_sale,sec_security_type,sec_investor_count,legal_name,confidence,notes,checked_at
scribd,Scribd,Summer 2006,Yes,58000000,,2019-11-25,,4,Press (linked from YC company page),https://techcrunch.com/2019/11/25/scribd-spectrum-equity/,Scribd raises $58M for subscription e-books and audiobooks • TechCrunch,,,,,,,,,Medium,No matching post-YC Form D found.,2026-10-01T03:40:23Z
blue-frog-gaming,Blue Frog Gaming,Summer 2007,No evidence found,,,,,,,,,,,,,,,,,,Checked: no post-YC Form D matching the founders; no funding statement on website (1 pages) or YC page. LinkedIn/X/Crunchbase need a logged-in browser.,2026-10-01T03:40:23Z
buxfer,Buxfer,Winter 2007,No evidence found,,,,,,,,,,,,,,,,,,Checked: no post-YC Form D matching the founders; no funding statement on website (8 pages) or YC page. LinkedIn/X/Crunchbase need a logged-in browser.,2026-10-01T03:40:25Z
virtualmin,Virtualmin,Winter 2007,No evidence found,,,,,,,,,,,,,,,,,,"Unverified Form D by same-named person: Solstice Innovations, Inc. 0001802093-24-000001 sold 3760000 (first sale 2024-06-10, Seattle); likely a different person. Checked: no post-YC Form D matching the founders; no funding statement on website (4 pages) or YC page. LinkedIn/X/Crunchbase need a logged-in browser.",2026-10-01T03:40:25Z
poll-everywhere,Poll Everywhere,Summer 2008,No evidence found,,,,,,,,,,,,,,,,,,Checked: no post-YC Form D matching the founders; no funding statement on website (6 pages) or YC page. LinkedIn/X/Crunchbase need a logged-in browser.,2026-10-01T03:40:26Z
ninite,Ninite,Winter 2008,No evidence found,,,,,,,,,,,,,,,,,,Checked: no post-YC Form D matching the founders; no funding statement on website (5 pages) or YC page. LinkedIn/X/Crunchbase need a logged-in browser.,2026-10-01T03:40:26Z
rescuetime,RescueTime,Winter 2008,No evidence found,,,,,,,,,,,,,,,,,,Checked: no post-YC Form D matching the founders; no funding statement on website (2 pages) or YC page. LinkedIn/X/Crunchbase need a logged-in browser.,2026-10-01T03:40:24Z
mixpanel,Mixpanel,Summer 2009,No evidence found,,,,,,,,,,,,,,,,,,Checked: no post-YC Form D matching the founders; no funding statement on website (6 pages) or YC page. LinkedIn/X/Crunchbase need a logged-in browser.,2026-10-01T03:40:25Z
stripe,Stripe,Summer 2009,Yes,8161802672,Equity (per Form D; stage not stated),2021-03-15,,1,SEC Form D/A,https://www.sec.gov/Archives/edgar/data/1691342/000169134223000002/primary_doc.xml,totalAmountSold: 6869866984; totalOfferingAmount: 6869866984; dateOfFirstSale: 2023-03-15,0001691342,0001691342-23-000002,6869866984,6869866984,2023-03-15,Equity,103,"Stripe, Inc.",High,"3 post-YC Form D offerings summed: 0001691342-21-000001 $597775910 (2021-03-15), 0001691342-23-000002 $6869866984 (2023-03-15), 0001691342-24-000001 $694159778 (2024-04-08)",2026-10-01T03:40:29Z
lingt,Lingt,Summer 2009,No evidence found,,,,,,,,,,,,,,,,,,Checked: no post-YC Form D matching the founders; no funding statement on website (1 pages) or YC page. LinkedIn/X/Crunchbase need a logged-in browser.,2026-10-01T03:40:25Z
renthop,RentHop,Summer 2009,No evidence found,,,,,,,,,,,,,,,,,,Checked: no post-YC Form D matching the founders; no funding statement on website (0 pages) or YC page. LinkedIn/X/Crunchbase need a logged-in browser.,2026-10-01T03:40:27Z
olark,Olark,Summer 2009,No evidence found,,,,,,,,,,,,,,,,,,Checked: no post-YC Form D matching the founders; no funding statement on website (7 pages) or YC page. LinkedIn/X/Crunchbase need a logged-in browser.,2026-10-01T03:40:27Z
directed-edge,Directed Edge,Summer 2009,No evidence found,,,,,,,,,,,,,,,,,,Checked: no post-YC Form D matching the founders; no funding statement on website (1 pages) or YC page. LinkedIn/X/Crunchbase need a logged-in browser.,2026-10-01T03:40:28Z
listia,Listia,Summer 2009,Yes,9000000,,,,2,Company website,https://www.listia.com/press,"Listia, A Used Goods Marketplace, Raises $9M To Attack Mobile .",,,,,,,,,High,Round date not stated on the source page; assumed post-YC because it is presented as current news. No matching post-YC Form D found.,2026-10-01T03:40:28Z
volantio,Volantio,Winter 2009,No evidence found,,,,,,,,,,,,,,,,,,Checked: no post-YC Form D matching the founders; no funding statement on website (4 pages) or YC page. LinkedIn/X/Crunchbase need a logged-in browser.,2026-10-01T03:40:28Z
workflowy,WorkFlowy,Summer 2010,No evidence found,,,,,,,,,,,,,,,,,,Checked: no post-YC Form D matching the founders; no funding statement on website (1 pages) or YC page. LinkedIn/X/Crunchbase need a logged-in browser.,2026-10-01T03:40:28Z
indinero,inDinero,Summer 2010,No evidence found,,,,,,,,,,,,,,,,,,Checked: no post-YC Form D matching the founders; no funding statement on website (4 pages) or YC page. LinkedIn/X/Crunchbase need a logged-in browser.,2026-10-01T03:40:29Z
docker,Docker,Summer 2010,No evidence found,,,,,,,,,,,,,,,,,,Checked: no post-YC Form D matching the founders; no funding statement on website (7 pages) or YC page. LinkedIn/X/Crunchbase need a logged-in browser.,2026-10-01T03:40:31Z
anylist,AnyList,Summer 2010,No evidence found,,,,,,,,,,,,,,,,,,Checked: no post-YC Form D matching the founders; no funding statement on website (3 pages) or YC page. LinkedIn/X/Crunchbase need a logged-in browser.,2026-10-01T03:40:31Z
demandsphere,DemandSphere,Summer 2010,No evidence found,,,,,,,,,,,,,,,,,,Checked: no post-YC Form D matching the founders; no funding statement on website (11 pages) or YC page. LinkedIn/X/Crunchbase need a logged-in browser.,2026-10-01T03:40:29Z
recurse-center,Recurse Center,Summer 2010,No evidence found,,,,,,,,,,,,,,,,,,Checked: no post-YC Form D matching the founders; no funding statement on website (3 pages) or YC page. LinkedIn/X/Crunchbase need a logged-in browser.,2026-10-01T03:40:31Z
ownlocal,OwnLocal,Winter 2010,No evidence found,,,,,,,,,,,,,,,,,,Checked: no post-YC Form D matching the founders; no funding statement on website (1 pages) or YC page. LinkedIn/X/Crunchbase need a logged-in browser.,2026-10-01T03:40:31Z
gocardless,GoCardless,Summer 2011,No evidence found,,,,,,,,,,,,,,,,,,Checked: no post-YC Form D matching the founders; no funding statement on website (7 pages) or YC page. LinkedIn/X/Crunchbase need a logged-in browser.,2026-10-01T03:40:34Z
agilemd,AgileMD,Summer 2011,No evidence found,,,,,,,,,,,,,,,,,,Checked: no post-YC Form D matching the founders; no funding statement on website (4 pages) or YC page. LinkedIn/X/Crunchbase need a logged-in browser.,2026-10-01T03:40:31Z
quartzy,Quartzy,Summer 2011,No evidence found,,,,,,,,,,,,,,,,,,Checked: no post-YC Form D matching the founders; no funding statement on website (3 pages) or YC page. LinkedIn/X/Crunchbase need a logged-in browser.,2026-10-01T03:40:32Z
streak,Streak,Summer 2011,No evidence found,,,,,,,,,,,,,,,,,,Checked: no post-YC Form D matching the founders; no funding statement on website (9 pages) or YC page. LinkedIn/X/Crunchbase need a logged-in browser.,2026-10-01T03:40:33Z
onesignal,OneSignal,Summer 2011,Yes,50000000,Series C,,,2,Company website,https://onesignal.com/news,OneSignal Secures Strategic Investment from ServiceNow Ventures to Build on $50M+ Series C.,,,,,,,,,High,Round date not stated on the source page; assumed post-YC because it is presented as current news. No matching post-YC Form D found.,2026-10-01T03:40:31Z
hackerrank,HackerRank,Summer 2011,No evidence found,,,,,,,,,,,,,,,,,,Checked: no post-YC Form D matching the founders; no funding statement on website (11 pages) or YC page. LinkedIn/X/Crunchbase need a logged-in browser.,2026-10-01T03:40:33Z
apollo,Apollo,Summer 2011,Yes,129543784,Equity (per Form D; stage not stated),2021-08-02,,1,SEC Form D,https://www.sec.gov/Archives/edgar/data/1655540/000165554021000002/primary_doc.xml,totalAmountSold: 129543784; totalOfferingAmount: 135000000; dateOfFirstSale: 2021-08-02,0001655540,0001655540-21-000002,129543784,135000000,2021-08-02,Equity,18,"Apollo Graph, Inc.",High,"Unverified Form D by same-named person: Carbon Reform Inc. 0001828781-23-000002 sold 2999999 (first sale 2022-10-03, Philadelphia); likely a different person. Unverified Form D by same-named person: Carbon Reform Inc. 0001828781-23-000004 sold 1000000 (first sale 2023-11-06, Philadelphia); likely a different person. Unverified Form D by same-named person: Carbon Reform Inc. 0001828781-24-000001 sold 1700000 (first sale 2023-11-06, Philadelphia); likely a different person. Unverified Form D by same-named person: Carbon Reform Inc. 0001828781-25-000001 sold 4220000 (first sale 2023-11-06, Philadelphia); likely a different person. Unverified Form D by same-named person: Carbon Reform Inc. 0001828781-25-000002 sold 5470000 (first sale 2023-11-06, Philadelphia); likely a different person.",2026-10-01T03:41:05Z
vidyard,Vidyard,Summer 2011,Yes,35000000,,,,2,Company website,http://www.vidyard.com/press/,Vidyard Raises $35 Million to Expand Power of Video Analytics and Digital Body Language .,,,,,,,,,High,"Unverified Form D by same-named person: FastModel Holdings, LLC 0001794951-24-000002 sold 1000000 (first sale 2024-02-23, Chicago); likely a different person. Round date not stated on the source page; assumed post-YC because it is presented as current news. No matching post-YC Form D found.",2026-10-01T03:40:34Z
imgix,Imgix,Summer 2011,No evidence found,,,,,,,,,,,,,,,,,,Checked: no post-YC Form D matching the founders; no funding statement on website (6 pages) or YC page. LinkedIn/X/Crunchbase need a logged-in browser.,2026-10-01T03:40:33Z
videopixie,Videopixie,Summer 2011,No evidence found,,,,,,,,,,,,,,,,,,Checked: no post-YC Form D matching the founders; no funding statement on website (7 pages) or YC page. LinkedIn/X/Crunchbase need a logged-in browser.,2026-10-01T03:40:33Z
mixrank,MixRank,Summer 2011,No evidence found,,,,,,,,,,,,,,,,,,Checked: no post-YC Form D matching the founders; no funding statement on website (5 pages) or YC page. LinkedIn/X/Crunchbase need a logged-in browser. National register for CA not checked.,2026-10-01T03:40:34Z
leadgenius,LeadGenius,Summer 2011,No evidence found,,,,,,,,,,,,,,,,,,"Unverified Form D by same-named person: Crowdbotics Corp. 0001813805-21-000001 sold 13446243 (first sale 2021-04-12, Berkeley); likely a different person. Unverified Form D by same-named person: Crowdbotics Corp. 0001813805-23-000001 sold 39999977 (first sale 2022-10-12, Berkeley); likely a different person. Checked: no post-YC Form D matching the founders; no funding statement on website (2 pages) or YC page. LinkedIn/X/Crunchbase need a logged-in browser.",2026-10-01T03:40:39Z
sift,Sift,Summer 2011,No evidence found,,,,,,,,,,,,,,,,,,"Unverified Form D by same-named person: URL to IRL Inc. 0002013012-24-000001 sold 3609997 (first sale 2024-02-12, Snohomish); likely a different person. Checked: no post-YC Form D matching the founders; no funding statement on website (10 pages) or YC page. LinkedIn/X/Crunchbase need a logged-in browser.",2026-10-01T03:40:36Z
goat-group,GOAT Group,Winter 2011,No evidence found,,,,,,,,,,,,,,,,,,Checked: no post-YC Form D matching the founders; no funding statement on website (10 pages) or YC page. LinkedIn/X/Crunchbase need a logged-in browser.,2026-10-01T03:40:37Z
storyworth,Storyworth,Winter 2011,No evidence found,,,,,,,,,,,,,,,,,,Checked: no post-YC Form D matching the founders; no funding statement on website (2 pages) or YC page. LinkedIn/X/Crunchbase need a logged-in browser.,2026-10-01T03:40:36Z
zerocater,Zerocater,Winter 2011,Yes,38500000,,,,2,YC company/launch page,https://www.ycombinator.com/companies/zerocater,"Since completing YCombinator in Winter 2011, Zerocater has raised $38.5M from leading investors including Cleveland Avenue, Remus Capital, Romulus Capital, Struck Capital, SV Angel,",,,,,,,,,High,Round date not stated on the source page; assumed post-YC because it is presented as current news. No matching post-YC Form D found.,2026-10-01T03:40:38Z
mino-games,Mino Games,Winter 2011,Yes,15000000,,2023-02-09,,4,Press (linked from YC company page),https://venturebeat.com/latest-games-reviews/mino-games-raises-15m-to-create-dimensionals-web3-game/,Mino Games raises $15M to create Dimensionals Web3 game | VentureBeat,,,,,,,,,Medium,"Unverified Form D by same-named person: Placer Labs, Inc. 0001786302-22-000001 sold 68900005 (first sale 2021-12-30, Walnut); likely a different person. No matching post-YC Form D found.",2026-10-01T03:40:37Z
close,Close,Winter 2011,No evidence found,,,,,,,,,,,,,,,,,,Checked: no post-YC Form D matching the founders; no funding statement on website (6 pages) or YC page. LinkedIn/X/Crunchbase need a logged-in browser.,2026-10-01T03:40:44Z
tremendous,Tremendous,Winter 2011,No evidence found,,,,,,,,,,,,,,,,,,Checked: no post-YC Form D matching the founders; no funding statement on website (8 pages) or YC page. LinkedIn/X/Crunchbase need a logged-in browser.,2026-10-01T03:40:38Z
you-got-listings-inc,You Got Listings,Winter 2011,No evidence found,,,,,,,,,,,,,,,,,,Checked: no post-YC Form D matching the founders; no funding statement on website (1 pages) or YC page. LinkedIn/X/Crunchbase need a logged-in browser.,2026-10-01T03:40:42Z
instapainting,Instapainting,Winter 2011,No evidence found,,,,,,,,,,,,,,,,,,Checked: no post-YC Form D matching the founders; no funding statement on website (5 pages) or YC page. LinkedIn/X/Crunchbase need a logged-in browser. National register for JP not checked.,2026-10-01T03:40:39Z
acunote,Acunote,Winter 2011,No evidence found,,,,,,,,,,,,,,,,,,Checked: no post-YC Form D matching the founders; no funding statement on website (6 pages) or YC page. LinkedIn/X/Crunchbase need a logged-in browser.,2026-10-01T03:40:40Z
tumult,Tumult,Winter 2011,No evidence found,,,,,,,,,,,,,,,,,,Checked: no post-YC Form D matching the founders; no funding statement on website (4 pages) or YC page. LinkedIn/X/Crunchbase need a logged-in browser.,2026-10-01T03:40:39Z
talkable,Talkable,Winter 2011,No evidence found,,,,,,,,,,,,,,,,,,Checked: no post-YC Form D matching the founders; no funding statement on website (6 pages) or YC page. LinkedIn/X/Crunchbase need a logged-in browser.,2026-10-01T03:40:40Z
singlestore,SingleStore,Winter 2011,Yes,146000000,,,Goldman Sachs..,2,Company website,https://www.singlestore.com/media-hub/releases/singlestore-announces-146m-funding/,"announced it has closed its F-2 round of financing at $146 million, led by Goldman Sachs..",,,,,,,,,High,"Unverified Form D by same-named person: ContentFly Inc. 0002042742-24-000001 sold 0 (first sale 2024-10-02, Toronto); likely a different person. Round date not stated on the source page; assumed post-YC because it is presented as current news. Other stated figure: $45 million (https://www.singlestore.com/media-hub/releases/accel-partners-leads-series-b-investment-of-35-million/). No matching post-YC Form D found.",2026-10-01T03:40:42Z
benchling,Benchling,Summer 2012,No evidence found,,,,,,,,,,,,,,,,,,Checked: no post-YC Form D matching the founders; no funding statement on website (10 pages) or YC page. LinkedIn/X/Crunchbase need a logged-in browser.,2026-10-01T03:40:42Z
smartasset,SmartAsset,Summer 2012,No evidence found,,,,,,,,,,,,,,,,,,Checked: no post-YC Form D matching the founders; no funding statement on website (11 pages) or YC page. LinkedIn/X/Crunchbase need a logged-in browser.,2026-10-01T03:40:42Z
zapier,Zapier,Summer 2012,Yes,1300000,,,,2,Company website,https://zapier.com/press,Zapier raised $1.3 million in 2012.,,,,,,,,,High,"Unverified Form D by same-named person: Concord Syndicate 101 Main St. LLC 0001968561-23-000001 sold 0 (first sale yetToOccur, Orlando); likely a different person. Round date not stated on the source page; assumed post-YC because it is presented as current news. No matching post-YC Form D found.",2026-10-01T03:40:42Z
9gag,9gag,Summer 2012,No evidence found,,,,,,,,,,,,,,,,,,"Unverified Form D by same-named person: ACM A4 Point LLC 0001906703-22-000001 sold 125000 (first sale 2022-01-27, New York); likely a different person. Unverified Form D by same-named person: ACM A4 P3 Point LLC 0002039077-24-000001 sold 62500 (first sale 2024-09-26, New York); likely a different person. Checked: no post-YC Form D matching the founders; no funding statement on website (1 pages) or YC page. LinkedIn/X/Crunchbase need a logged-in browser. National register for HK not checked.",2026-10-01T03:40:52Z
svbtle,Svbtle,Summer 2012,No evidence found,,,,,,,,,,,,,,,,,,Checked: no post-YC Form D matching the founders; no funding statement on website (10 pages) or YC page. LinkedIn/X/Crunchbase need a logged-in browser.,2026-10-01T03:40:42Z
plivo,Plivo,Summer 2012,No evidence found,,,,,,,,,,,,,,,,,,Checked: no post-YC Form D matching the founders; no funding statement on website (11 pages) or YC page. LinkedIn/X/Crunchbase need a logged-in browser.,2026-10-01T03:40:45Z
double-robotics,Double Robotics,Summer 2012,No evidence found,,,,,,,,,,,,,,,,,,Checked: no post-YC Form D matching the founders; no funding statement on website (1 pages) or YC page. LinkedIn/X/Crunchbase need a logged-in browser.,2026-10-01T03:40:46Z
flightfox,Flightfox,Summer 2012,No evidence found,,,,,,,,,,,,,,,,,,Checked: no post-YC Form D matching the founders; no funding statement on website (3 pages) or YC page. LinkedIn/X/Crunchbase need a logged-in browser.,2026-10-01T03:40:52Z
backerkit,BackerKit,Summer 2012,No evidence found,,,,,,,,,0002059521,,,,,,,"Diaspora, Inc",,small Form D 0002059521-25-000002: sold 25000 first sale 2025-09-09 Checked: no post-YC Form D matching the founders; no funding statement on website (10 pages) or YC page. LinkedIn/X/Crunchbase need a logged-in browser.,2026-10-01T03:40:46Z
submittable,Submittable,Summer 2012,Yes,10000000,,2019-07-18,,4,Press (linked from YC company page),https://techcrunch.com/2019/07/18/submittable-series-b/,Submittable raises $10M to help publishers and other organizations manage their submissions • TechCrunch,,,,,,,,,Medium,"Unverified Form D by same-named person: LogicGate, Inc. 0001689078-21-000001 sold 89999993 (first sale 2021-06-16, Chicago); likely a different person. Unverified Form D by same-named person: Pimly Inc. 0001947698-22-000002 sold 5000000 (first sale 2022-09-13, Chicago); likely a different person. Unverified Form D by same-named person: Vincere Systems, LLC 0002035604-24-000001 sold 30000 (first sale 2024-08-26, Waterford); likely a different person. Other stated figure: $5M (https://techcrunch.com/2017/06/13/submittable-series-a/). No matching post-YC Form D found.",2026-10-01T03:40:55Z
newsblur,NewsBlur,Summer 2012,No evidence found,,,,,,,,,,,,,,,,,,Checked: no post-YC Form D matching the founders; no funding statement on website (5 pages) or YC page. LinkedIn/X/Crunchbase need a logged-in browser.,2026-10-01T03:40:46Z
octavewealth,OctaveWealth,Summer 2012,No evidence found,,,,,,,,,,,,,,,,,,Checked: no post-YC Form D matching the founders; no funding statement on website (4 pages) or YC page. LinkedIn/X/Crunchbase need a logged-in browser.,2026-10-01T03:40:47Z
upwave,Upwave,Summer 2012,No evidence found,,,,,,,,,,,,,,,,,,"Unverified Form D by same-named person: TILT Holdings Inc. 0001761510-22-000001 sold 0 (first sale 2019-11-22, Phoenix); likely a different person. Unverified Form D by same-named person: TILT Holdings Inc. 0001761510-23-000001 sold 52777458 (first sale 2023-02-15, Phoenix); likely a different person. Unverified Form D by same-named person: TILT Holdings Inc. 0001761510-23-000002 sold 4500000 (first sale 2023-05-15, Phoenix); likely a different person. Unverified Form D by same-named person: TILT Holdings Inc. 0001761510-23-000003 sold 0 (first sale 2019-11-22, Phoenix); likely a different person. Unverified Form D by same-named person: MoviOne, Inc. 0001953503-24-000001 sold 1039993 (first sale 2024-01-17, New York); likely a different person. Checked: no post-YC Form D matching the founders; no funding statement on website (9 pages) or YC page. LinkedIn/X/Crunchbase need a logged-in browser.",2026-10-01T03:40:50Z
eligible,Eligible,Summer 2012,No evidence found,,,,,,,,,,,,,,,,,,Checked: no post-YC Form D matching the founders; no funding statement on website (4 pages) or YC page. LinkedIn/X/Crunchbase need a logged-in browser.,2026-10-01T03:40:52Z
fundersclub,FundersClub,Summer 2012,No evidence found,,,,,,,,,,,,,,,,,,Checked: no post-YC Form D matching the founders; no funding statement on website (8 pages) or YC page. LinkedIn/X/Crunchbase need a logged-in browser.,2026-10-01T03:41:03Z
zentail,Zentail,Summer 2012,No evidence found,,,,,,,,,,,,,,,,,,Checked: no post-YC Form D matching the founders; no funding statement on website (3 pages) or YC page. LinkedIn/X/Crunchbase need a logged-in browser.,2026-10-01T03:40:50Z
mattermost,Mattermost,Summer 2012,Yes,50000000,,,,2,Company website,https://mattermost.com/newsroom/,Mattermost raises $50 million to advance its open source Slack alternative .,,,,,,,,,High,Round date not stated on the source page; assumed post-YC because it is presented as current news. No matching post-YC Form D found.,2026-10-01T03:40:49Z
healthsherpa,HealthSherpa,Summer 2012,No evidence found,,,,,,,,,,,,,,,,,,Checked: no post-YC Form D matching the founders; no funding statement on website (5 pages) or YC page. LinkedIn/X/Crunchbase need a logged-in browser.,2026-10-01T03:40:53Z
human-dx,Human Dx,Summer 2012,No evidence found,,,,,,,,,,,,,,,,,,Checked: no post-YC Form D matching the founders; no funding statement on website (10 pages) or YC page. LinkedIn/X/Crunchbase need a logged-in browser.,2026-10-01T03:40:56Z
mth-sense,Mth Sense,Summer 2012,No evidence found,,,,,,,,,,,,,,,,,,Checked: no post-YC Form D matching the founders; no funding statement on website (1 pages) or YC page. LinkedIn/X/Crunchbase need a logged-in browser.,2026-10-01T03:40:56Z
rainforest,Rainforest,Summer 2012,Yes,50000000,,,,2,Company website,https://www.rainforestqa.com/about,Rainforest is a Y Combinator company and has raised $50M+ from top investors..,,,,,,,,,High,"Unverified Form D by same-named person: Bamboo Ecologic Corp 0001844202-23-000001 sold 300000 (first sale 2023-03-02, Sarasota); likely a different person. Round date not stated on the source page; assumed post-YC because it is presented as current news. No matching post-YC Form D found.",2026-10-01T03:41:00Z
classdojo,ClassDojo,Summer 2012,No evidence found,,,,,,,,,,,,,,,,,,Checked: no post-YC Form D matching the founders; no funding statement on website (5 pages) or YC page. LinkedIn/X/Crunchbase need a logged-in browser.,2026-10-01T03:40:56Z
gusto,Gusto,Winter 2012,Yes,301657613,Equity (per Form D; stage not stated),2021-06-16,,1,SEC Form D,https://www.sec.gov/Archives/edgar/data/1639415/000163941521000002/primary_doc.xml,totalAmountSold: 174999867; totalOfferingAmount: 174999867; dateOfFirstSale: 2021-07-13,0001639415,0001639415-21-000002,174999867,174999867,2021-07-13,Equity,48,"Gusto, Inc.",High,"3 post-YC Form D offerings summed: 0001288320-21-000003 $12383332 (2021-06-16), 0001639415-21-000002 $174999867 (2021-07-13), 0001639415-21-000003 $114274414 (2021-07-15) Unverified Form D by same-named person: Facetory Inc. 0001722924-21-000002 sold 3300000 (first sale 2021-05-17, Fullerton); likely a different person.",2026-10-01T03:41:05Z
wave,Wave,Winter 2012,Yes,247638212,Equity (per Form D; stage not stated),2021-09-01,,1,SEC Form D,https://www.sec.gov/Archives/edgar/data/1882794/000188279421000001/primary_doc.xml,totalAmountSold: 247638212; totalOfferingAmount: 252638205; dateOfFirstSale: 2021-09-01,0001882794,0001882794-21-000001,247638212,252638205,2021-09-01,Equity,22,Wave Mobile Money Holdings Inc.,High,,2026-10-01T03:41:12Z
medmonk,Medmonk,Winter 2012,No evidence found,,,,,,,,,,,,,,,,,,Checked: no post-YC Form D matching the founders; no funding statement on website (4 pages) or YC page. LinkedIn/X/Crunchbase need a logged-in browser.,2026-10-01T03:40:59Z
per-vices,Per Vices,Winter 2012,No evidence found,,,,,,,,,,,,,,,,,,Checked: no post-YC Form D matching the founders; no funding statement on website (4 pages) or YC page. LinkedIn/X/Crunchbase need a logged-in browser. National register for CA not checked.,2026-10-01T03:41:04Z
circuithub,CircuitHub,Winter 2012,Yes,37170187,Equity (per Form D; stage not stated),2021-10-27,Plural and Sten Tamkivi,1,SEC Form D,https://www.sec.gov/Archives/edgar/data/1708548/000170854826000003/primary_doc.xml,totalAmountSold: 25472485; totalOfferingAmount: 29361370; dateOfFirstSale: 2026-04-28,0001708548,0001708548-26-000003,25472485,29361370,2026-04-28,Equity,3,"CircuitHub, Inc.",High,"3 post-YC Form D offerings summed: 0001708548-21-000001 $2000000 (2021-10-27), 0001708548-23-000004 $9697702 (2023-11-07), 0001708548-26-000003 $25472485 (2026-04-28) Tier 2 source states $28M (https://www.circuithub.com/); Form D figure kept.",2026-10-01T03:41:01Z
screenleap-inc,Screenleap,Winter 2012,No evidence found,,,,,,,,,,,,,,,,,,Checked: no post-YC Form D matching the founders; no funding statement on website (8 pages) or YC page. LinkedIn/X/Crunchbase need a logged-in browser.,2026-10-01T03:41:02Z
cleverdeck,CleverDeck,Winter 2012,No evidence found,,,,,,,,,,,,,,,,,,Checked: no post-YC Form D matching the founders; no funding statement on website (1 pages) or YC page. LinkedIn/X/Crunchbase need a logged-in browser.,2026-10-01T03:41:01Z
shoptiques,Shoptiques,Winter 2012,No evidence found,,,,,,,,,,,,,,,,,,"Unverified Form D by same-named person: TimbreY Hydrogen Technologies, LLC 0001970567-23-000001 sold 0 (first sale yetToOccur, Highland Park); likely a different person. Checked: no post-YC Form D matching the founders; no funding statement on website (2 pages) or YC page. LinkedIn/X/Crunchbase need a logged-in browser.",2026-10-01T03:41:09Z
rescale,Rescale,Winter 2012,Yes,55000000,,2021-11-23,,4,Press (linked from YC company page),https://venturebeat.com/2021/11/23/rescale-raises-50m-more-to-meet-demand-for-high-performance-compute/,Rescale raises $55M more to meet demand for high-performance compute | VentureBeat,,,,,,,,,Medium,No matching post-YC Form D found.,2026-10-01T03:41:08Z
medigram,Medigram,Winter 2012,No evidence found,,,,,,,,,,,,,,,,,,"Unverified Form D by same-named person: Kytopen Corp. 0000929638-24-000725 sold 5691637 (first sale 2024-01-31, Cambridge); likely a different person. Unverified Form D by same-named person: Kytopen Corp. 0000929638-25-000827 sold 7082651 (first sale 2025-02-06, Cambridge); likely a different person. Checked: no post-YC Form D matching the founders; no funding statement on website (3 pages) or YC page. LinkedIn/X/Crunchbase need a logged-in browser.",2026-10-01T03:41:10Z
ridecell,Ridecell,Winter 2012,No evidence found,,,,,,,,,,,,,,,,,,Checked: no post-YC Form D matching the founders; no funding statement on website (1 pages) or YC page. LinkedIn/X/Crunchbase need a logged-in browser.,2026-10-01T03:41:06Z
hireart,HireArt,Winter 2012,Yes,27900000,Equity (per Form D; stage not stated),2022-01-13,,1,SEC Form D,https://www.sec.gov/Archives/edgar/data/1714735/000171473522000001/primary_doc.xml,totalAmountSold: 25900000; totalOfferingAmount: 27000000; dateOfFirstSale: 2022-01-13,0001714735,0001714735-22-000001,25900000,27000000,2022-01-13,Equity,12,HireArt Inc.,High,"2 post-YC Form D offerings summed: 0001714735-22-000001 $25900000 (2022-01-13), 0001714735-23-000001 $2000000 (2023-12-05)",2026-10-01T03:41:07Z
webflow,Webflow,Summer 2013,Yes,140000000,,,,2,Company website,https://webflow.com/company/media,"Webflow raises $140M, pushing its valuation to $2.1 billion.",,,,,,,,,High,Manual review: $2.1B is the valuation; the round was $140M.,2026-10-01T03:41:11Z
true-link,True Link,Summer 2013,Yes,35000000,Series B,,Khosla Ventures and Centana Growth Partners.,2,Company website,https://www.truelinkfinancial.com/in-the-news,True Link raises $35 million Series B led by Khosla Ventures and Centana Growth Partners.,,,,,,,,,High,Round date not stated on the source page; assumed post-YC because it is presented as current news. Other stated figure: $3.6m (https://www.truelinkfinancial.com/in-the-news). No matching post-YC Form D found.,2026-10-01T03:41:09Z
reebee,Reebee,Summer 2013,No evidence found,,,,,,,,,,,,,,,,,,Checked: no post-YC Form D matching the founders; no funding statement on website (10 pages) or YC page. LinkedIn/X/Crunchbase need a logged-in browser. National register for CA not checked.,2026-10-01T03:41:10Z
lob,Lob,Summer 2013,Yes,82300000,,,,2,Company website,https://www.lob.com/about,We’ve raised $82.3M from investors who are as excited about revolutionizing direct mail as we are..,,,,,,,,,High,Round date not stated on the source page; assumed post-YC because it is presented as current news. Other stated figure: $80 million (https://www.lob.com/news/lob-raises-50-million-in-series-c-funding-to-scale-its-direct-mail-platform). No matching post-YC Form D found.,2026-10-01T03:41:09Z
panorama-education,Panorama Education,Summer 2013,Yes,5030650,Series C (Equity per Form D),2023-02-15,,1,SEC Form D,https://www.sec.gov/Archives/edgar/data/1590614/000159061423000001/primary_doc.xml,totalAmountSold: 5030650; totalOfferingAmount: 5780754; dateOfFirstSale: 2023-02-15,0001590614,0001590614-23-000001,5030650,5780754,2023-02-15,Equity,21,"Panorama Education, Inc.",High,Tier 4 source states $60M (https://techcrunch.com/2021/09/02/panorama-raises-60m-in-general_atlantic-led-series-c/); Form D figure kept.,2026-10-01T03:41:14Z
cratejoy,Cratejoy,Summer 2013,No evidence found,,,,,,,,,,,,,,,,,,Checked: no post-YC Form D matching the founders; no funding statement on website (8 pages) or YC page. LinkedIn/X/Crunchbase need a logged-in browser.,2026-10-01T03:41:12Z
estimote-inc,"Estimote, Inc.",Summer 2013,No evidence found,,,,,,,,,,,,,,,,,,Checked: no post-YC Form D matching the founders; no funding statement on website (1 pages) or YC page. LinkedIn/X/Crunchbase need a logged-in browser. National register for PL not checked.,2026-10-01T03:41:14Z
easypost,EasyPost,Summer 2013,No evidence found,,,,,,,,,,,,,,,,,,"Unverified Form D by same-named person: Simpler Postage, Inc. 0002058813-25-000001 sold 19999939 (first sale 2025-01-31, Lehi); likely a different person. Checked: no post-YC Form D matching the founders; no funding statement on website (4 pages) or YC page. LinkedIn/X/Crunchbase need a logged-in browser.",2026-10-01T03:41:13Z
asseta,Asseta,Summer 2013,No evidence found,,,,,,,,,,,,,,,,,,Checked: no post-YC Form D matching the founders; no funding statement on website (2 pages) or YC page. LinkedIn/X/Crunchbase need a logged-in browser.,2026-10-01T03:41:14Z
7cups,7cups,Summer 2013,No evidence found,,,,,,,,,,,,,,,,,,Checked: no post-YC Form D matching the founders; no funding statement on website (4 pages) or YC page. LinkedIn/X/Crunchbase need a logged-in browser.,2026-10-01T03:41:14Z
fivetran,Fivetran,Winter 2013,No evidence found,,,,,,,,,,,,,,,,,,"Unverified Form D by same-named person: Redo Tech, Inc. 0001938705-22-000002 sold 2000000 (first sale 2022-07-11, Heber City); likely a different person. Checked: no post-YC Form D matching the founders; no funding statement on website (8 pages) or YC page. LinkedIn/X/Crunchbase need a logged-in browser.",2026-10-01T03:41:19Z
watsi,Watsi,Winter 2013,No evidence found,,,,,,,,,,,,,,,,,,Checked: no post-YC Form D matching the founders; no funding statement on website (9 pages) or YC page. LinkedIn/X/Crunchbase need a logged-in browser.,2026-10-01T03:41:15Z
goldbelly,Goldbelly,Winter 2013,Yes,3000000,,,,2,Company website,https://www.goldbelly.com/press,Goldbelly Eats Up $3 Million in Funding.,,,,,,,,,High,Round date not stated on the source page; assumed post-YC because it is presented as current news. Other stated figure: $100 Million (https://www.nytimes.com/2021/05/17/business/dealbook/goldbelly-food-pandemic.html). No matching post-YC Form D found.,2026-10-01T03:41:16Z
wevorce,Wevorce,Winter 2013,No evidence found,,,,,,,,,,,,,,,,,,Checked: no post-YC Form D matching the founders; no funding statement on website (0 pages) or YC page. LinkedIn/X/Crunchbase need a logged-in browser.,2026-10-01T03:41:14Z
wefunder,Wefunder,Winter 2013,Yes,7493363,Equity (per Form D; stage not stated),2020-11-09,,1,SEC Form D,https://www.sec.gov/Archives/edgar/data/1641389/000159580621000001/primary_doc.xml,totalAmountSold: 2557238; totalOfferingAmount: 14999997; dateOfFirstSale: 2021-03-12,0001641389,0001595806-21-000001,2557238,14999997,2021-03-12,"Equity; Other; Other: Sale and issuance of Series A Preferred Stock (""Series A"") and the underlying shares of Common Stock issuable upon conversion of Series A.",5,"WEFUNDER, INC.",High,"6 post-YC Form D offerings summed: 0001641389-24-000002 $906827 (2020-11-09), 0001595806-21-000001 $2557238 (2021-03-12), 0001641389-24-000007 $415492 (2021-04-28), 0001641389-24-000003 $460000 (2022-05-05), 0001641389-24-000005 $1023306 (2022-08-24), 0001641389-24-000006 $2130500 (2023-12-27)",2026-10-01T03:41:17Z
simplyinsured,SimplyInsured,Winter 2013,No evidence found,,,,,,,,,,,,,,,,,,Checked: no post-YC Form D matching the founders; no funding statement on website (5 pages) or YC page. LinkedIn/X/Crunchbase need a logged-in browser.,2026-10-01T03:41:15Z
experiment,Experiment,Winter 2013,No evidence found,,,,,,,,,,,,,,,,,,Checked: no post-YC Form D matching the founders; no funding statement on website (9 pages) or YC page. LinkedIn/X/Crunchbase need a logged-in browser.,2026-10-01T03:41:15Z
radar,RADAR,Winter 2013,No evidence found,,,,,,,,,,,,,,,,,,"Unverified Form D by same-named person: Automaton, Inc. 0001231919-23-000031 sold 1360000 (first sale 2020-10-22, New York); likely a different person. Unverified Form D by same-named person: Automaton, Inc. 0001231919-23-000033 sold 28451385 (first sale 2022-06-21, New York); likely a different person. Unverified Form D by same-named person: Automaton, Inc. 0001231919-23-000032 sold 14950000 (first sale 2021-05-26, New York); likely a different person. Unverified Form D by same-named person: Automaton, Inc. 0001231919-25-000027 sold 15000000 (first sale 2023-11-30, New York); likely a different person. Unverified Form D by same-named person: Automaton, Inc. 0001231919-25-000028 sold 19700000 (first sale 2024-07-11, New York); likely a different person. Checked: no post-YC Form D matching the founders; no funding statement on website (1 pages) or YC page. LinkedIn/X/Crunchbase need a logged-in browser.",2026-10-01T03:41:21Z
lollipuff,Lollipuff,Winter 2013,No evidence found,,,,,,,,,,,,,,,,,,Checked: no post-YC Form D matching the founders; no funding statement on website (6 pages) or YC page. LinkedIn/X/Crunchbase need a logged-in browser.,2026-10-01T03:41:16Z
strikingly,Strikingly,Winter 2013,No evidence found,,,,,,,,,,,,,,,,,,Checked: no post-YC Form D matching the founders; no funding statement on website (2 pages) or YC page. LinkedIn/X/Crunchbase need a logged-in browser. National register for CN not checked.,2026-10-01T03:41:19Z
influxdata,InfluxData,Winter 2013,Yes,51341097,Equity (per Form D; stage not stated),2022-11-18,,1,SEC Form D,https://www.sec.gov/Archives/edgar/data/1627256/000162725623000001/primary_doc.xml,totalAmountSold: 51341097; totalOfferingAmount: 75000000; dateOfFirstSale: 2022-11-18,0001627256,0001627256-23-000001,51341097,75000000,2022-11-18,Equity,14,InfluxData Inc.,High,,2026-10-01T03:41:17Z
etleap,Etleap,Winter 2013,No evidence found,,,,,,,,,,,,,,,,,,Checked: no post-YC Form D matching the founders; no funding statement on website (9 pages) or YC page. LinkedIn/X/Crunchbase need a logged-in browser.,2026-10-01T03:41:17Z
cheetah,Cheetah,Winter 2013,No evidence found,,,,,,,,,,,,,,,,,,Checked: no post-YC Form D matching the founders; no funding statement on website (0 pages) or YC page. LinkedIn/X/Crunchbase need a logged-in browser.,2026-10-01T03:41:22Z
lawdingo,Lawdingo,Winter 2013,No evidence found,,,,,,,,,,,,,,,,,,Checked: no post-YC Form D matching the founders; no funding statement on website (0 pages) or YC page. LinkedIn/X/Crunchbase need a logged-in browser.,2026-10-01T03:41:18Z
padlet,Padlet,Winter 2013,No evidence found,,,,,,,,,,,,,,,,,,Checked: no post-YC Form D matching the founders; no funding statement on website (0 pages) or YC page. LinkedIn/X/Crunchbase need a logged-in browser.,2026-10-01T03:41:18Z
circuitlab,CircuitLab,Winter 2013,No evidence found,,,,,,,,,,,,,,,,,,"Unverified Form D by same-named person: KeyCare, Inc. 0001898572-26-000002 sold 1725000 (first sale 2026-08-31, Chicago); likely a different person. Checked: no post-YC Form D matching the founders; no funding statement on website (6 pages) or YC page. LinkedIn/X/Crunchbase need a logged-in browser.",2026-10-01T03:41:20Z
styleup,StyleUp,Winter 2013,No evidence found,,,,,,,,,,,,,,,,,,Checked: no post-YC Form D matching the founders; no funding statement on website (10 pages) or YC page. LinkedIn/X/Crunchbase need a logged-in browser.,2026-10-01T03:41:20Z
checkr,Checkr,Summer 2014,Yes,431096091,Equity (per Form D; stage not stated),2021-08-24,,1,SEC Form D,https://www.sec.gov/Archives/edgar/data/1738486/000173848621000002/primary_doc.xml,totalAmountSold: 249999966; totalOfferingAmount: 249999966; dateOfFirstSale: 2021-08-24,0001738486,0001738486-21-000002,249999966,249999966,2021-08-24,Equity,23,"Checkr, Inc.",High,"3 post-YC Form D offerings summed: 0001738486-21-000002 $249999966 (2021-08-24), 0001923096-22-000001 $119999991 (2022-04-01), 0001923096-25-000002 $61096134 (2025-05-01) Unverified Form D by same-named person: Argyle Systems Inc. 0001493152-22-012656 sold 34059946 (first sale 2022-01-28, New York); likely a different person. Form D clarification: This filing covers the sale and purchase of Series E Preferred Stock, and the Common Stock issuable upon conversion thereof.",2026-10-01T03:41:24Z
shipbob,ShipBob,Summer 2014,Yes,330500000,,,,2,Company website,https://www.shipbob.com/press/,"With the current round, ShipBob has raised $330.5 million..",,,,,,,,,High,Round date not stated on the source page; assumed post-YC because it is presented as current news. Other stated figure: $200M (https://www.shipbob.com/press/). No matching post-YC Form D found.,2026-10-01T03:41:22Z
bayes-impact,Bayes Impact,Summer 2014,No evidence found,,,,,,,,,,,,,,,,,,Checked: no post-YC Form D matching the founders; no funding statement on website (2 pages) or YC page. LinkedIn/X/Crunchbase need a logged-in browser. National register for FR not checked.,2026-10-01T03:41:21Z
helion-energy,Helion Energy,Summer 2014,Yes,500000000,,,,2,Company website,https://www.helionenergy.com/blog/announcing-500-million-fundraise,"We are excited to announce that Helion has raised $500 million from Sam Altman with participation from our other existing investors, Mithril Capital, Capricorn",,,,,,,,,High,Round date not stated on the source page; assumed post-YC because it is presented as current news. Other stated figure: $465M (https://techcrunch.com/2026/06/04/helion-the-sam-altman-backed-fusion-startup-raises-465m-to-build-a-power-plant-for-microsoft/?utm_source=dlvr.it&utm_medium=twitter). No matching post-YC Form D found.,2026-10-01T03:41:22Z
front,Front,Summer 2014,No evidence found,,,,,,,,,,,,,,,,,,Checked: no post-YC Form D matching the founders; no funding statement on website (13 pages) or YC page. LinkedIn/X/Crunchbase need a logged-in browser.,2026-10-01T03:41:26Z
roomstorm,Roomstorm,Summer 2014,No evidence found,,,,,,,,,,,,,,,,,,Checked: no post-YC Form D matching the founders; no funding statement on website (10 pages) or YC page. LinkedIn/X/Crunchbase need a logged-in browser. National register for CZ not checked.,2026-10-01T03:41:22Z
hive,Hive,Summer 2014,No evidence found,,,,,,,,,,,,,,,,,,Checked: no post-YC Form D matching the founders; no funding statement on website (4 pages) or YC page. LinkedIn/X/Crunchbase need a logged-in browser. National register for CA not checked.,2026-10-01T03:41:30Z
spotangels,SpotAngels,Summer 2014,No evidence found,,,,,,,,,,,,,,,,,,Checked: no post-YC Form D matching the founders; no funding statement on website (3 pages) or YC page. LinkedIn/X/Crunchbase need a logged-in browser.,2026-10-01T03:41:23Z
usergems,UserGems,Summer 2014,No evidence found,,,,,,,,,,,,,,,,,,Checked: no post-YC Form D matching the founders; no funding statement on website (6 pages) or YC page. LinkedIn/X/Crunchbase need a logged-in browser. National register for AT not checked.,2026-10-01T03:41:24Z
sfox,SFOX,Summer 2014,Yes,22700000,,,,2,Company website,https://www.sfox.com/company/,2018 sFOX raises $22.7 million to build the first institutional crypto asset management platform..,,,,,,,,,High,Round date not stated on the source page; assumed post-YC because it is presented as current news. No matching post-YC Form D found.,2026-10-01T03:41:26Z
picnicai,PicnicAI,Summer 2014,Yes,60000000,,2022-06-27,,4,Press (linked from YC company page),https://www.fiercebiotech.com/medtech/picnichealth-feasts-60m-funding-round-grow-its-patient-data-programs,PicnicHealth feasts on $60M funding round to grow its patient data programs,,,,,,,,,Medium,No matching post-YC Form D found.,2026-10-01T03:41:26Z
permutive,Permutive,Summer 2014,Yes,86533287,Equity (per Form D; stage not stated),2021-10-08,,1,SEC Form D,https://www.sec.gov/Archives/edgar/data/1642340/000164234021000004/primary_doc.xml,totalAmountSold: 86533287; totalOfferingAmount: 86533287; dateOfFirstSale: 2021-10-08,0001642340,0001642340-21-000004,86533287,86533287,2021-10-08,Equity,7,"Permutive, Inc.",High,,2026-10-01T03:41:26Z
alchemy,Alchemy,Summer 2014,No evidence found,,,,,,,,,,,,,,,,,,Checked: no post-YC Form D matching the founders; no funding statement on website (4 pages) or YC page. LinkedIn/X/Crunchbase need a logged-in browser. National register for CA not checked.,2026-10-01T03:41:38Z
mtailor,MTailor,Summer 2014,No evidence found,,,,,,,,,,,,,,,,,,Checked: no post-YC Form D matching the founders; no funding statement on website (0 pages) or YC page. LinkedIn/X/Crunchbase need a logged-in browser.,2026-10-01T03:41:25Z
metricwire,MetricWire,Summer 2014,No evidence found,,,,,,,,,,,,,,,,,,"Unverified Form D by same-named person: Tally Surgical, Inc. 0001806896-22-000003 sold 100000 (first sale 2022-07-04, Mission Viejo); likely a different person. Unverified Form D by same-named person: Tally Surgical, Inc. 0001806896-22-000004 sold 2049989 (first sale 2022-09-27, Irvine); likely a different person. Unverified Form D by same-named person: Tally Surgical, Inc. 0001806896-23-000001 sold 490000 (first sale 2023-09-25, Mission Viejo); likely a different person. Unverified Form D by same-named person: Tally Surgical, Inc. 0001806896-24-000002 sold 7189998 (first sale 2024-04-15, Irvine); likely a different person. Checked: no post-YC Form D matching the founders; no funding statement on website (3 pages) or YC page. LinkedIn/X/Crunchbase need a logged-in browser. National register for CA not checked.",2026-10-01T03:41:29Z
protocol-labs,Protocol Labs,Summer 2014,No evidence found,,,,,,,,,,,,,,,,,,"Unverified Form D by same-named person: MoNA Gallery, Inc. 0001927664-22-000001 sold 16698910 (first sale 2022-04-29, Ocala); likely a different person. Checked: no post-YC Form D matching the founders; no funding statement on website (3 pages) or YC page. LinkedIn/X/Crunchbase need a logged-in browser.",2026-10-01T03:41:28Z
greentoe,Greentoe,Summer 2014,No evidence found,,,,,,,,,,,,,,,,,,Checked: no post-YC Form D matching the founders; no funding statement on website (4 pages) or YC page. LinkedIn/X/Crunchbase need a logged-in browser.,2026-10-01T03:41:27Z
hyperpad,Hyperpad,Summer 2014,No evidence found,,,,,,,,,,,,,,,,,,Checked: no post-YC Form D matching the founders; no funding statement on website (2 pages) or YC page. LinkedIn/X/Crunchbase need a logged-in browser. National register for CA not checked.,2026-10-01T03:41:29Z
flaviar,Flaviar,Summer 2014,No evidence found,,,,,,,,,,,,,,,,,,Checked: no post-YC Form D matching the founders; no funding statement on website (6 pages) or YC page. LinkedIn/X/Crunchbase need a logged-in browser. National register for SI not checked.,2026-10-01T03:41:30Z
cleartax,Clear,Summer 2014,No evidence found,,,,,,,,,,,,,,,,,,Checked: no post-YC Form D matching the founders; no funding statement on website (1 pages) or YC page. LinkedIn/X/Crunchbase need a logged-in browser. National register for IN not checked.,2026-10-01T03:41:58Z
backpack,Backpack,Summer 2014,No evidence found,,,,,,,,,,,,,,,,,,Checked: no post-YC Form D matching the founders; no funding statement on website (6 pages) or YC page. LinkedIn/X/Crunchbase need a logged-in browser.,2026-10-01T03:41:29Z
algolia,Algolia,Winter 2014,Yes,150324312,Equity (per Form D; stage not stated),2021-01-13,,1,SEC Form D,https://www.sec.gov/Archives/edgar/data/1642852/000164285221000002/primary_doc.xml,totalAmountSold: 150000143; totalOfferingAmount: 150000143; dateOfFirstSale: 2021-07-20,0001642852,0001642852-21-000002,150000143,150000143,2021-07-20,Equity,37,"Algolia, Inc.",High,"2 post-YC Form D offerings summed: 0001642852-21-000001 $324169 (2021-01-13), 0001642852-21-000002 $150000143 (2021-07-20)",2026-10-01T03:41:33Z
bellabeat,Bellabeat,Winter 2014,No evidence found,,,,,,,,,,,,,,,,,,Checked: no post-YC Form D matching the founders; no funding statement on website (10 pages) or YC page. LinkedIn/X/Crunchbase need a logged-in browser.,2026-10-01T03:41:31Z
flexport,Flexport,Winter 2014,Yes,933699900,Equity (per Form D; stage not stated),2022-01-24,,1,SEC Form D,https://www.sec.gov/Archives/edgar/data/1775070/000177507022000001/primary_doc.xml,totalAmountSold: 933699900; totalOfferingAmount: 935399948; dateOfFirstSale: 2022-01-24,0001775070,0001775070-22-000001,933699900,935399948,2022-01-24,Equity,22,"Flexport, Inc.",High,"Unverified Form D by same-named person: Lumen, Inc. 0001638955-23-000001 sold 450000 (first sale 2023-01-11, Portland); likely a different person. Tier 4 source states $260M (https://www.freightwaves.com/news/flexport-raises-260m-from-shopify); Form D figure kept.",2026-10-01T03:41:32Z
immunity-project,Immunity Project,Winter 2014,No evidence found,,,,,,,,,,,,,,,,,,"Unverified Form D by same-named person: VIOME, INC. 0001711837-21-000001 sold 3000000 (first sale 2021-01-28, Bellevue); likely a different person. Unverified Form D by same-named person: AccessCoin, LLC 0001717137-21-000001 sold 12552500 (first sale 2021-02-18, Oakland); likely a different person. Unverified Form D by same-named person: VIOME LIFE SCIENCES, INC. 0001711837-22-000001 sold 67004494 (first sale 2022-09-27, Bellevue); likely a different person. Unverified Form D by same-named person: Apex Technology, Inc. 0001952065-22-000001 sold 7815000 (first sale 2022-10-17, Sherman Oaks); likely a different person. Unverified Form D by same-named person: Apex Technology, Inc. 0001952065-23-000002 sold 15558757 (first sale 2023-06-16, Culver City); likely a different person. Unverified Form D by same-named person: Apex Technology, Inc. 0001952065-24-000001 sold 71877425 (first sale 2024-05-24, Culver City); likely a different person. Unverified Form D by same-named person: Apex Technology, Inc. 0001952065-25-000001 sold 158150000 (first sale 2025-04-16, Los Angeles); likely a different person. Unverified Form D by same-named person: Apex Technology, Inc. 0001213900-25-095601 sold 151900000 (first sale 2025-08-29, Los Angeles); likely a different person. Unverified Form D by same-named person: Apex Technology, Inc. 0001213900-26-080476 sold 156849785 (first sale 2026-04-10, Los Angeles); likely a different person. Checked: no post-YC Form D matching the founders; no funding s",2026-10-01T03:41:38Z
dyspatch,Dyspatch,Winter 2014,Yes,6000000,Seed,,,2,Company website,https://www.dyspatch.io/press/,"01/25/22 Email Production Platform Dyspatch Raises $6MM Seed Round Led by Gradient Ventures, Google’s AI Fund .",,,,,,,,,High,"Unverified Form D by same-named person: Driving Management Systems, Inc. 0001746105-21-000001 sold 2483465 (first sale 2020-12-18, Colorado Springs); likely a different person. Unverified Form D by same-named person: Bloom Credit, Inc 0001720741-22-000001 sold 2809000 (first sale 2022-07-20, New York); likely a different person. Round date not stated on the source page; assumed post-YC because it is presented as current news. No matching post-YC Form D found.",2026-10-01T03:41:35Z
opencurriculum,OpenCurriculum,Winter 2014,No evidence found,,,,,,,,,,,,,,,,,,Checked: no post-YC Form D matching the founders; no funding statement on website (3 pages) or YC page. LinkedIn/X/Crunchbase need a logged-in browser.,2026-10-01T03:41:32Z
mixerbox,MixerBox,Winter 2014,No evidence found,,,,,,,,,,,,,,,,,,Checked: no post-YC Form D matching the founders; no funding statement on website (3 pages) or YC page. LinkedIn/X/Crunchbase need a logged-in browser.,2026-10-01T03:41:32Z
gbatteries,GBatteries,Winter 2014,No evidence found,,,,,,,,,,,,,,,,,,Checked: no post-YC Form D matching the founders; no funding statement on website (3 pages) or YC page. LinkedIn/X/Crunchbase need a logged-in browser. National register for CA not checked.,2026-10-01T03:41:34Z
zinc,Zinc,Winter 2014,No evidence found,,,,,,,,,,,,,,,,,,"Unverified Form D by same-named person: Noodoe Group Inc. 0001989163-23-000002 sold 12353239 (first sale 2023-06-09, Houston); likely a different person. Checked: no post-YC Form D matching the founders; no funding statement on website (5 pages) or YC page. LinkedIn/X/Crunchbase need a logged-in browser.",2026-10-01T03:41:42Z
zidisha,Zidisha,Winter 2014,No evidence found,,,,,,,,,,,,,,,,,,Checked: no post-YC Form D matching the founders; no funding statement on website (8 pages) or YC page. LinkedIn/X/Crunchbase need a logged-in browser.,2026-10-01T03:41:35Z
truevault,TrueVault,Winter 2014,No evidence found,,,,,,,,,,,,,,,,,,Checked: no post-YC Form D matching the founders; no funding statement on website (4 pages) or YC page. LinkedIn/X/Crunchbase need a logged-in browser.,2026-10-01T03:41:37Z
guesty,Guesty,Winter 2014,Yes,112000000,Equity (per Form D; stage not stated),2021-04-13,,1,SEC Form D,https://www.sec.gov/Archives/edgar/data/1737974/000173797422000001/primary_doc.xml,totalAmountSold: 62000000; totalOfferingAmount: 62000000; dateOfFirstSale: 2022-08-24,0001737974,0001737974-22-000001,62000000,62000000,2022-08-24,Equity,7,"Guesty, Inc.",High,"2 post-YC Form D offerings summed: 0001737974-21-000001 $50000000 (2021-04-13), 0001737974-22-000001 $62000000 (2022-08-24) small Form D 0001737974-24-000001: sold 70000 first sale 2024-03-18 Tier 2 source states $410 million (https://www.guesty.com/press/guesty-acquires-smily-deepening-its-investment-in-frances-booming-short-term-rental-market/); Form D figure kept.",2026-10-01T03:41:39Z
snapdocs,Snapdocs,Winter 2014,Yes,149999576,Equity (per Form D; stage not stated),2021-04-29,,1,SEC Form D,https://www.sec.gov/Archives/edgar/data/1722711/000172271121000001/primary_doc.xml,totalAmountSold: 149999576; totalOfferingAmount: 149999576; dateOfFirstSale: 2021-04-29,0001722711,0001722711-21-000001,149999576,149999576,2021-04-29,Equity,31,"Snapdocs, Inc.",High,,2026-10-01T03:41:37Z
shoobs,Shoobs,Winter 2014,No evidence found,,,,,,,,,,,,,,,,,,Checked: no post-YC Form D matching the founders; no funding statement on website (3 pages) or YC page. LinkedIn/X/Crunchbase need a logged-in browser.,2026-10-01T03:41:37Z
pushbullet,Pushbullet,Winter 2014,No evidence found,,,,,,,,,,,,,,,,,,Checked: no post-YC Form D matching the founders; no funding statement on website (5 pages) or YC page. LinkedIn/X/Crunchbase need a logged-in browser.,2026-10-01T03:41:40Z
povio,Povio,Winter 2014,No evidence found,,,,,,,,,,,,,,,,,,Checked: no post-YC Form D matching the founders; no funding statement on website (4 pages) or YC page. LinkedIn/X/Crunchbase need a logged-in browser. National register for SI not checked.,2026-10-01T03:41:40Z
piinpoint,PiinPoint,Winter 2014,No evidence found,,,,,,,,,,,,,,,,,,Checked: no post-YC Form D matching the founders; no funding statement on website (10 pages) or YC page. LinkedIn/X/Crunchbase need a logged-in browser. National register for CA not checked.,2026-10-01T03:41:40Z
one-degree,One Degree,Winter 2014,No evidence found,,,,,,,,,,,,,,,,,,Checked: no post-YC Form D matching the founders; no funding statement on website (10 pages) or YC page. LinkedIn/X/Crunchbase need a logged-in browser.,2026-10-01T03:41:39Z
mbx,MBX,Winter 2014,No evidence found,,,,,,,,,,,,,,,,,,Checked: no post-YC Form D matching the founders; no funding statement on website (0 pages) or YC page. LinkedIn/X/Crunchbase need a logged-in browser.,2026-10-01T03:41:47Z
emailio,Emailio,Winter 2014,No evidence found,,,,,,,,,,,,,,,,,,Checked: no post-YC Form D matching the founders; no funding statement on website (0 pages) or YC page. LinkedIn/X/Crunchbase need a logged-in browser.,2026-10-01T03:41:42Z
codenow,CodeNow,Winter 2014,No evidence found,,,,,,,,,,,,,,,,,,Checked: no post-YC Form D matching the founders; no funding statement on website (12 pages) or YC page. LinkedIn/X/Crunchbase need a logged-in browser.,2026-10-01T03:41:41Z
codecombat,CodeCombat,Winter 2014,No evidence found,,,,,,,,,,,,,,,,,,Checked: no post-YC Form D matching the founders; no funding statement on website (10 pages) or YC page. LinkedIn/X/Crunchbase need a logged-in browser.,2026-10-01T03:41:42Z
noora-health,Noora Health,Winter 2014,No evidence found,,,,,,,,,,,,,,,,,,Checked: no post-YC Form D matching the founders; no funding statement on website (4 pages) or YC page. LinkedIn/X/Crunchbase need a logged-in browser.,2026-10-01T03:41:42Z
cambly,Cambly,Winter 2014,No evidence found,,,,,,,,,,,,,,,,,,Checked: no post-YC Form D matching the founders; no funding statement on website (4 pages) or YC page. LinkedIn/X/Crunchbase need a logged-in browser.,2026-10-01T03:41:42Z
aptdeco,AptDeco,Winter 2014,Yes,6150000,Convertible note (per Form D; stage not stated),2021-12-14,,1,SEC Form D,https://www.sec.gov/Archives/edgar/data/1681855/000168185523000001/primary_doc.xml,totalAmountSold: 6150000; totalOfferingAmount: 7000000; dateOfFirstSale: 2021-12-14,0001681855,0001681855-23-000001,6150000,7000000,2021-12-14,Debt; OptionToAcquire,4,"AptDeco, Inc.",High,,2026-10-01T03:41:44Z
caremessage,CareMessage,Winter 2014,No evidence found,,,,,,,,,,,,,,,,,,Checked: no post-YC Form D matching the founders; no funding statement on website (11 pages) or YC page. LinkedIn/X/Crunchbase need a logged-in browser.,2026-10-01T03:41:45Z
ambition,Ambition,Winter 2014,No evidence found,,,,,,,,,,,,,,,,,,Checked: no post-YC Form D matching the founders; no funding statement on website (7 pages) or YC page. LinkedIn/X/Crunchbase need a logged-in browser.,2026-10-01T03:41:50Z
airhelp,AirHelp,Winter 2014,No evidence found,,,,,,,,,,,,,,,,,,Checked: no post-YC Form D matching the founders; no funding statement on website (3 pages) or YC page. LinkedIn/X/Crunchbase need a logged-in browser. National register for PT not checked.,2026-10-01T03:41:47Z
42,42,Winter 2014,No evidence found,,,,,,,,,,,,,,,,,,Checked: no post-YC Form D matching the founders; no funding statement on website (2 pages) or YC page. LinkedIn/X/Crunchbase need a logged-in browser.,2026-10-01T03:41:50Z
grubmarket,GrubMarket,Winter 2015,No evidence found,,,,,,,,,,,,,,,,,,Checked: no post-YC Form D matching the founders; no funding statement on website (1 pages) or YC page. LinkedIn/X/Crunchbase need a logged-in browser.,2026-10-01T03:41:47Z
razorpay,Razorpay,Winter 2015,No evidence found,,,,,,,,,,,,,,,,,,Checked: no post-YC Form D matching the founders; no funding statement on website (9 pages) or YC page. LinkedIn/X/Crunchbase need a logged-in browser. National register for IN not checked.,2026-10-01T03:41:47Z
shasqi,Shasqi,Winter 2015,No evidence found,,,,,,,,,,,,,,,,,,Checked: no post-YC Form D matching the founders; no funding statement on website (0 pages) or YC page. LinkedIn/X/Crunchbase need a logged-in browser.,2026-10-01T03:41:47Z
mashgin,Mashgin,Winter 2015,No evidence found,,,,,,,,,,,,,,,,,,Checked: no post-YC Form D matching the founders; no funding statement on website (4 pages) or YC page. LinkedIn/X/Crunchbase need a logged-in browser.,2026-10-01T03:41:51Z
nimblerx,NimbleRx,Winter 2015,No evidence found,,,,,,,,,,,,,,,,,,Checked: no post-YC Form D matching the founders; no funding statement on website (5 pages) or YC page. LinkedIn/X/Crunchbase need a logged-in browser.,2026-10-01T03:41:49Z
replika,Replika,Winter 2015,No evidence found,,,,,,,,,,,,,,,,,,Checked: no post-YC Form D matching the founders; no funding statement on website (2 pages) or YC page. LinkedIn/X/Crunchbase need a logged-in browser.,2026-10-01T03:41:50Z
tara-ai,Tara AI,Winter 2015,No evidence found,,,,,,,,,,,,,,,,,,Checked: no post-YC Form D matching the founders; no funding statement on website (0 pages) or YC page. LinkedIn/X/Crunchbase need a logged-in browser.,2026-10-01T03:41:52Z
flip,Flip,Winter 2015,No evidence found,,,,,,,,,,,,,,,,,,Checked: no post-YC Form D matching the founders; no funding statement on website (1 pages) or YC page. LinkedIn/X/Crunchbase need a logged-in browser.,2026-10-01T03:41:51Z
x-zell,X-Zell,Winter 2015,No evidence found,,,,,,,,,,,,,,,,,,Checked: no post-YC Form D matching the founders; no funding statement on website (0 pages) or YC page. LinkedIn/X/Crunchbase need a logged-in browser. National register for TH not checked.,2026-10-01T03:41:51Z
zenflow,Zenflow,Winter 2015,Yes,43791700,Equity (per Form D; stage not stated),2021-04-09,,1,SEC Form D/A,https://www.sec.gov/Archives/edgar/data/1718715/000171871521000002/primary_doc.xml,totalAmountSold: 24368845; totalOfferingAmount: 24368845; dateOfFirstSale: 2021-04-09,0001718715,0001718715-21-000002,24368845,24368845,2021-04-09,Equity,43,"Zenflow, Inc.",High,"2 post-YC Form D offerings summed: 0001718715-21-000002 $24368845 (2021-04-09), 0001718715-24-000003 $19422855 (2024-11-01) Tier 2 source states $24 Million (https://www.zenflow.com/news); Form D figure kept.",2026-10-01T03:41:53Z
tab,Tab,Winter 2015,No evidence found,,,,,,,,,,,,,,,,,,Checked: no post-YC Form D matching the founders; no funding statement on website (1 pages) or YC page. LinkedIn/X/Crunchbase need a logged-in browser.,2026-10-01T03:41:52Z
meadow,Meadow,Winter 2015,No evidence found,,,,,,,,,,,,,,,,,,Checked: no post-YC Form D matching the founders; no funding statement on website (3 pages) or YC page. LinkedIn/X/Crunchbase need a logged-in browser.,2026-10-01T03:42:14Z
level-frames,Level Frames,Winter 2015,No evidence found,,,,,,,,,,,,,,,,,,Checked: no post-YC Form D matching the founders; no funding statement on website (3 pages) or YC page. LinkedIn/X/Crunchbase need a logged-in browser.,2026-10-01T03:41:54Z
industrial-microbes,Industrial Microbes,Winter 2015,Yes,10000000,Seed,,,2,Company website,https://www.imicrobes.com/pressdata/seedround2024,iMicrobes Secures $10M Seed Round to Power Sustainable Biomanufacturing — Industrial Microbes 0 .,,,,,,,,,High,Round date not stated on the source page; assumed post-YC because it is presented as current news. No matching post-YC Form D found.,2026-10-01T03:41:55Z
giveffect,Giveffect,Winter 2015,No evidence found,,,,,,,,,,,,,,,,,,"Unverified Form D by same-named person: Hightainment Corp 0001376474-26-000408 sold 90000 (first sale 2024-08-06, Tenafly); likely a different person. Checked: no post-YC Form D matching the founders; no funding statement on website (10 pages) or YC page. LinkedIn/X/Crunchbase need a logged-in browser.",2026-10-01T03:41:58Z
ebrandvalue,eBrandvalue,Winter 2015,No evidence found,,,,,,,,,,,,,,,,,,Checked: no post-YC Form D matching the founders; no funding statement on website (3 pages) or YC page. LinkedIn/X/Crunchbase need a logged-in browser.,2026-10-01T03:41:58Z
quantierra,Quantierra,Winter 2015,No evidence found,,,,,,,,,,,,,,,,,,Checked: no post-YC Form D matching the founders; no funding statement on website (1 pages) or YC page. LinkedIn/X/Crunchbase need a logged-in browser.,2026-10-01T03:41:54Z
cleanly,Cleanly,Winter 2015,No evidence found,,,,,,,,,,,,,,,,,,Checked: no post-YC Form D matching the founders; no funding statement on website (1 pages) or YC page. LinkedIn/X/Crunchbase need a logged-in browser.,2026-10-01T03:41:58Z
resolve,Resolve,Winter 2015,No evidence found,,,,,,,,,,,,,,,,,,Checked: no post-YC Form D matching the founders; no funding statement on website (7 pages) or YC page. LinkedIn/X/Crunchbase need a logged-in browser.,2026-10-01T03:42:00Z
makrwatch,Makrwatch,Winter 2015,No evidence found,,,,,,,,,,,,,,,,,,Checked: no post-YC Form D matching the founders; no funding statement on website (1 pages) or YC page. LinkedIn/X/Crunchbase need a logged-in browser.,2026-10-01T03:41:58Z
teamnote,TeamNote,Winter 2015,No evidence found,,,,,,,,,,,,,,,,,,Checked: no post-YC Form D matching the founders; no funding statement on website (10 pages) or YC page. LinkedIn/X/Crunchbase need a logged-in browser. National register for HK not checked.,2026-10-01T03:42:00Z
tempo,Tempo,Winter 2015,Yes,174999888,Equity (per Form D; stage not stated),2021-02-16,,1,SEC Form D,https://www.sec.gov/Archives/edgar/data/1781512/000178151221000001/primary_doc.xml,totalAmountSold: 174999888; totalOfferingAmount: 174999888; dateOfFirstSale: 2021-02-16,0001781512,0001781512-21-000001,174999888,174999888,2021-02-16,Equity,10,Tempo Interactive Inc.,High,,2026-10-01T03:42:07Z
sirum,SIRUM,Winter 2015,No evidence found,,,,,,,,,,,,,,,,,,Checked: no post-YC Form D matching the founders; no funding statement on website (10 pages) or YC page. LinkedIn/X/Crunchbase need a logged-in browser.,2026-10-01T03:42:03Z
sails-co,Sails Co.,Winter 2015,No evidence found,,,,,,,,,,,,,,,,,,"Unverified Form D by same-named person: Fleet Device Management Inc. 0001909959-22-000001 sold 2999996 (first sale 2021-11-19, San Francisco); likely a different person. Unverified Form D by same-named person: Fleet Device Management Inc. 0001909959-22-000002 sold 19999999 (first sale 2022-02-24, San Francisco); likely a different person. Unverified Form D by same-named person: Fleet Device Management Inc. 0001853446-25-000003 sold 27874993 (first sale 2025-05-09, San Francisco); likely a different person. Checked: no post-YC Form D matching the founders; no funding statement on website (1 pages) or YC page. LinkedIn/X/Crunchbase need a logged-in browser.",2026-10-01T03:42:05Z
readme,ReadMe,Winter 2015,No evidence found,,,,,,,,,,,,,,,,,,Checked: no post-YC Form D matching the founders; no funding statement on website (5 pages) or YC page. LinkedIn/X/Crunchbase need a logged-in browser.,2026-10-01T03:42:01Z
buildscience,BuildScience,Winter 2015,No evidence found,,,,,,,,,,,,,,,,,,Checked: no post-YC Form D matching the founders; no funding statement on website (1 pages) or YC page. LinkedIn/X/Crunchbase need a logged-in browser.,2026-10-01T03:42:03Z
platzi,Platzi,Winter 2015,No evidence found,,,,,,,,,,,,,,,,,,Checked: no post-YC Form D matching the founders; no funding statement on website (10 pages) or YC page. LinkedIn/X/Crunchbase need a logged-in browser.,2026-10-01T03:42:04Z
labdoor,Labdoor,Winter 2015,No evidence found,,,,,,,,,,,,,,,,,,Checked: no post-YC Form D matching the founders; no funding statement on website (2 pages) or YC page. LinkedIn/X/Crunchbase need a logged-in browser.,2026-10-01T03:42:06Z
givemetap,GiveMeTap,Winter 2015,No evidence found,,,,,,,,,,,,,,,,,,Checked: no post-YC Form D matching the founders; no funding statement on website (2 pages) or YC page. LinkedIn/X/Crunchbase need a logged-in browser.,2026-10-01T03:42:03Z
bankjoy,Bankjoy,Winter 2015,No evidence found,,,,,,,,,,,,,,,,,,Checked: no post-YC Form D matching the founders; no funding statement on website (5 pages) or YC page. LinkedIn/X/Crunchbase need a logged-in browser.,2026-10-01T03:42:03Z
zeitview,Zeitview,Winter 2015,Yes,55000000,,2023-02-07,,4,Press (linked from YC company page),https://www.axios.com/pro/climate-deals/2023/02/07/dronebase-zeitview-55m-valor-solar-inspections,"DroneBase raises $55M for aerial inspections, rebrands as Zeitview",,,,,,,,,Medium,No matching post-YC Form D found.,2026-10-01T03:42:06Z
the-human-utility,The Human Utility,Winter 2015,No evidence found,,,,,,,,,,,,,,,,,,Checked: no post-YC Form D matching the founders; no funding statement on website (9 pages) or YC page. LinkedIn/X/Crunchbase need a logged-in browser.,2026-10-01T03:42:06Z
democracy-earth,Democracy Earth,Winter 2015,No evidence found,,,,,,,,,,,,,,,,,,Checked: no post-YC Form D matching the founders; no funding statement on website (10 pages) or YC page. LinkedIn/X/Crunchbase need a logged-in browser. National register for ES not checked.,2026-10-01T03:42:11Z
numerion-labs,Numerion Labs,Winter 2015,Yes,19794945,Equity (per Form D; stage not stated),2026-03-10,,1,SEC Form D,https://www.sec.gov/Archives/edgar/data/1736153/000123191926000263/primary_doc.xml,totalAmountSold: 19794945; totalOfferingAmount: 35000000; dateOfFirstSale: 2026-03-10,0001736153,0001231919-26-000263,19794945,35000000,2026-03-10,"Equity; Other; Other: Offer and sale of Series D Preferred
Stock and Common Stock issuable upon
conversion thereof. Certain outstanding shares of Common Stock were exchanged for shares of a specific series of Issuer's Preferred Stock for no consideration.",5,"Numerion Labs, Inc.",High,"Unverified Form D by same-named person: Little Doodads Ltd Liability Co 0002003013-23-000001 sold 0 (first sale yetToOccur, New York); likely a different person. Unverified Form D by same-named person: Xanax Girlie Ltd Liability Co 0002003013-24-000001 sold 0 (first sale yetToOccur, New York); likely a different person. Unverified Form D by same-named person: Atomwise Inc. 0001736153-25-000001 sold 44282650 (first sale 2024-03-08, San Francisco); likely a different person.",2026-10-01T03:42:16Z
bright,Bright,Winter 2015,Yes,12514660,Equity (per Form D; stage not stated),2021-07-08,,1,SEC Form D,https://www.sec.gov/Archives/edgar/data/1662548/000166254821000001/primary_doc.xml,totalAmountSold: 7514660; totalOfferingAmount: 7514660; dateOfFirstSale: 2021-07-08,0001662548,0001662548-21-000001,7514660,7514660,2021-07-08,Equity,10,Bright Exchange Inc.,High,"3 post-YC Form D offerings summed: 0001662548-21-000001 $7514660 (2021-07-08), 0001662548-22-000001 $2000000 (2022-04-01), 0001662548-22-000002 $3000000 (2022-12-14) Tier 4 source states $32M (https://www.axios.com/pro/climate-deals/2023/07/27/bright-31-million-jonah-greenberger-sdg-ifu-solar-mexico); Form D figure kept.",2026-10-01T03:42:35Z
magic,Magic,Winter 2015,No evidence found,,,,,,,,,,,,,,,,,,"Unverified Form D by same-named person: Inflammatix, Inc. 0001801477-21-000001 sold 102396088 (first sale 2021-03-15, Burlingame); likely a different person. Unverified Form D by same-named person: Scipher Medicine Corp 0001104659-21-041745 sold 81999988 (first sale 2021-03-12, Waltham); likely a different person. Unverified Form D by same-named person: Scipher Medicine Corp 0001104659-21-044668 sold 81999988 (first sale 2021-03-12, Waltham); likely a different person. Unverified Form D by same-named person: Candy Digital, Inc. 0001567619-21-018617 sold 91463766 (first sale 2021-10-08, New York); likely a different person. Unverified Form D by same-named person: Outpost Technologies Corp 0001947241-22-000001 sold 7134709 (first sale 2022-08-22, Santa Monica); likely a different person. Unverified Form D by same-named person: JASTLabs Corp 0002131485-26-000001 sold 0 (first sale yetToOccur, Richmond Hill); likely a different person. Checked: no post-YC Form D matching the founders; no funding statement on website (4 pages) or YC page. LinkedIn/X/Crunchbase need a logged-in browser.",2026-10-01T03:42:38Z
mezmo,Mezmo,Winter 2015,Yes,50000000,,2021-12-06,,4,Press (linked from YC company page),https://venturebeat.com/2021/12/06/logdna-raises-50m-to-bring-full-power-of-observability-data-to-security/,LogDNA raises $50M to bring 'full power' of observability data to security | VentureBeat,,,,,,,,,Medium,No matching post-YC Form D found.,2026-10-01T03:42:10Z
akido-labs,Akido Labs,Winter 2015,Yes,84254689,Equity (per Form D; stage not stated),2025-03-11,,1,SEC Form D,https://www.sec.gov/Archives/edgar/data/2063139/000206313925000002/primary_doc.xml,totalAmountSold: 84254689; totalOfferingAmount: 84254689; dateOfFirstSale: 2025-03-11,0002063139,0002063139-25-000002,84254689,84254689,2025-03-11,Equity,94,"Akido Labs, Inc.",High,Tier 4 source states $60 Million (https://www.newcomer.co/p/exclusive-akido-labs-raises-60-million); Form D figure kept.,2026-10-01T03:42:10Z
qventus,Qventus,Winter 2015,Yes,105000000,,,KKR,2,Company website,https://www.qventus.com/company/story-team/,"of our AI-first care operations automation platform, Qventus secured a $105M investment led by KKR with additional participation from investment firms, strategic investors, and",,,,,,,,,High,"Unverified Form D by same-named person: Galley Solutions, Inc. 0001790059-22-000002 sold 9188538 (first sale 2022-05-05, Carlsbad); likely a different person. Round date not stated on the source page; assumed post-YC because it is presented as current news. No matching post-YC Form D found.",2026-10-01T03:42:14Z
democracyos,DemocracyOS,Winter 2015,No evidence found,,,,,,,,,,,,,,,,,,Checked: no post-YC Form D matching the founders; no funding statement on website (1 pages) or YC page. LinkedIn/X/Crunchbase need a logged-in browser. National register for AR not checked.,2026-10-01T03:42:11Z
go1,Go1,Summer 2015,Yes,76428692,Equity (per Form D; stage not stated),2022-04-27,,1,SEC Form D,https://www.sec.gov/Archives/edgar/data/1717533/000171753322000003/primary_doc.xml,totalAmountSold: 76428692; totalOfferingAmount: 110000000; dateOfFirstSale: 2022-04-27,0001717533,0001717533-22-000003,76428692,110000000,2022-04-27,Equity,6,"Apiom, Inc.",High,"Legal name differs from brand; matched on related person(s) Andrew Barnes, Chris Eigeland, issuer in Salt Lake City, UT. Unverified Form D by same-named person: COHO COLLECTIVE KITCHENS INC. 0001567619-22-013172 sold 196931 (first sale 2022-06-09, Vancouver); likely a different person.",2026-10-01T03:42:18Z
scentbird,Scentbird,Summer 2015,No evidence found,,,,,,,,,,,,,,,,,,Checked: no post-YC Form D matching the founders; no funding statement on website (5 pages) or YC page. LinkedIn/X/Crunchbase need a logged-in browser.,2026-10-01T03:42:13Z
human-interest,Human Interest,Summer 2015,Yes,62000000,SAFE (per Form D; stage not stated),2022-12-23,,1,SEC Form D,https://www.sec.gov/Archives/edgar/data/1783796/000178379623000002/primary_doc.xml,totalAmountSold: 62000000; totalOfferingAmount: 100000000; dateOfFirstSale: 2022-12-23,0001783796,0001783796-23-000002,62000000,100000000,2022-12-23,"Equity; Other; Other: Offering of Simple Agreements for Future Equity (""SAFEs"") and the underlying shares of capital stock issuable upon conversion of SAFEs.",14,Human Interest Inc.,High,"Unverified Form D by same-named person: FlyHomes, Inc. 0001742395-21-000001 sold 150011921 (first sale 2021-05-11, Seattle); likely a different person. Unverified Form D by same-named person: Wag! Group Co. 0001104659-22-094527 sold 504000 (first sale 2022-08-10, San Francisco); likely a different person. Unverified Form D by same-named person: Wag! Group Co. 0001104659-22-095725 sold 241500 (first sale 2022-08-12, San Francisco); likely a different person. Unverified Form D by same-named person: Wag! Group Co. 0001842356-23-000001 sold 100000 (first sale 2023-04-06, San Francisco); likely a different person. Unverified Form D by same-named person: Wag! Group Co. 0001842356-23-000002 sold 225000 (first sale 2023-04-06, San Francisco); likely a different person. Unverified Form D by same-named person: FlyHomes, Inc. 0001742395-24-000002 sold 8668885 (first sale 2024-12-02, Bellevue); likely a different person. Unverified Form D by same-named person: Comprehensive, Inc. 0002064812-25-000002 sold 9074190 (first sale 2025-03-31, San Francisco); likely a different person. Tier 2 source states $500M (https://www.ycombinator.com/companies/human-interest); Form D figure kept.",2026-10-01T03:42:24Z
flirtey,Flirtey (SkyDrop),Summer 2015,No evidence found,,,,,,,,,,,,,,,,,,Checked: no post-YC Form D matching the founders; no funding statement on website (0 pages) or YC page. LinkedIn/X/Crunchbase need a logged-in browser.,2026-10-01T03:42:15Z
eight-sleep,Eight Sleep,Summer 2015,Yes,87579483,Equity (per Form D; stage not stated),2021-06-29,,1,SEC Form D,https://www.sec.gov/Archives/edgar/data/1686351/000168635121000001/primary_doc.xml,totalAmountSold: 87579483; totalOfferingAmount: 87579483; dateOfFirstSale: 2021-06-29,0001686351,0001686351-21-000001,87579483,87579483,2021-06-29,Equity,61,Eight Sleep Inc.,High,,2026-10-01T03:42:22Z
instawork,Instawork,Summer 2015,Yes,60000000,Series C,2021-07-08,,2,Company website,https://blog.instawork.com/instawork-raises-a-60m-series-c-whats-next-for-flexible-staffing,Instawork raises a $60M Series C: what's next for flexible staffing,,,,,,,,,High,No matching post-YC Form D found.,2026-10-01T03:42:16Z
cofactor-genomics,Cofactor Genomics,Summer 2015,Yes,8081394,Equity (per Form D; stage not stated),2021-12-08,,1,SEC Form D,https://www.sec.gov/Archives/edgar/data/1710475/000171047521000001/primary_doc.xml,totalAmountSold: 6906712; totalOfferingAmount: 7056712; dateOfFirstSale: 2021-12-08,0001710475,0001710475-21-000001,6906712,7056712,2021-12-08,Equity,9,"COFACTOR GENOMICS, INC.",High,"2 post-YC Form D offerings summed: 0001710475-21-000001 $6906712 (2021-12-08), 0001710475-23-000003 $1174682 (2023-07-20)",2026-10-01T03:42:20Z
bitmovin,Bitmovin,Summer 2015,Yes,32999955,Equity (per Form D; stage not stated),2021-03-29,,1,SEC Form D,https://www.sec.gov/Archives/edgar/data/1678083/000167808321000002/primary_doc.xml,totalAmountSold: 24999955; totalOfferingAmount: 24999955; dateOfFirstSale: 2021-03-29,0001678083,0001678083-21-000002,24999955,24999955,2021-03-29,Equity,7,"Bitmovin, Inc.",High,"3 post-YC Form D offerings summed: 0001678083-21-000002 $24999955 (2021-03-29), 0001678083-24-000001 $5000000 (2022-12-22), 0001678083-24-000002 $3000000 (2024-10-24)",2026-10-01T03:42:30Z
tetrascience,TetraScience,Summer 2015,Yes,65999935,Series B (Equity per Form D),2021-03-26,,1,SEC Form D,https://www.sec.gov/Archives/edgar/data/1855742/000156761921008090/primary_doc.xml,totalAmountSold: 50999950; totalOfferingAmount: 50999950; dateOfFirstSale: 2021-03-26,0001855742,0001567619-21-008090,50999950,50999950,2021-03-26,Equity,11,"TetraScience, Inc.",High,"2 post-YC Form D offerings summed: 0001567619-21-008090 $50999950 (2021-03-26), 0001855742-26-000003 $14999985 (2026-02-13) Tier 2 source states $1.5 million (https://www.tetrascience.com/blog/announcing-our-series-b-tetra-1-0-and-2-0-the-noise-and-the-signal); Form D figure kept.",2026-10-01T03:42:29Z
the-ticket-fairy,The Ticket Fairy,Summer 2015,No evidence found,,,,,,,,,,,,,,,,,,Checked: no post-YC Form D matching the founders; no funding statement on website (10 pages) or YC page. LinkedIn/X/Crunchbase need a logged-in browser.,2026-10-01T03:42:28Z
font-awesome,Font Awesome,Summer 2015,No evidence found,,,,,,,,,,,,,,,,,,Checked: no post-YC Form D matching the founders; no funding statement on website (2 pages) or YC page. LinkedIn/X/Crunchbase need a logged-in browser.,2026-10-01T03:42:24Z
80-000-hours,"80,000 Hours",Summer 2015,No evidence found,,,,,,,,,,,,,,,,,,Checked: no post-YC Form D matching the founders; no funding statement on website (11 pages) or YC page. LinkedIn/X/Crunchbase need a logged-in browser.,2026-10-01T03:42:26Z
xendit,Xendit,Summer 2015,Yes,16204300,Series D (OptionToAcquire; SecurityToBeAcquired; Other; Other: Ordinary shares upon exercise. per Form D),2022-09-07,,1,SEC Form D,https://www.sec.gov/Archives/edgar/data/1947665/000194766522000001/primary_doc.xml,totalAmountSold: 16204300; totalOfferingAmount: 16204300; dateOfFirstSale: 2022-09-07,0001947665,0001947665-22-000001,16204300,16204300,2022-09-07,OptionToAcquire; SecurityToBeAcquired; Other; Other: Ordinary shares upon exercise.,2,Xendit Ltd,High,Tier 4 source states $300 Million (https://www.forbes.com/sites/yessarrosendar/2022/05/19/indonesian-unicorn-xendit-bags-300-million-in-series-d-funding/); Form D figure kept.,2026-10-01T03:42:31Z
shred-video,Shred Video,Summer 2015,No evidence found,,,,,,,,,,,,,,,,,,Checked: no post-YC Form D matching the founders; no funding statement on website (1 pages) or YC page. LinkedIn/X/Crunchbase need a logged-in browser.,2026-10-01T03:42:28Z
shape-shapescale,Shape (ShapeScale),Summer 2015,No evidence found,,,,,,,,,,,,,,,,,,Checked: no post-YC Form D matching the founders; no funding statement on website (10 pages) or YC page. LinkedIn/X/Crunchbase need a logged-in browser.,2026-10-01T03:42:28Z
redcarpetup,RedCarpetUp,Summer 2015,No evidence found,,,,,,,,,,,,,,,,,,Checked: no post-YC Form D matching the founders; no funding statement on website (0 pages) or YC page. LinkedIn/X/Crunchbase need a logged-in browser. National register for IN not checked.,2026-10-01T03:42:28Z
plate-iq,Plate IQ,Summer 2015,No evidence found,,,,,,,,,,,,,,,,,,"Unverified Form D by same-named person: Leadon Sales, Inc. 0001974894-23-000001 sold 4194995 (first sale 2023-04-14, Sherman Oaks); likely a different person. Checked: no post-YC Form D matching the founders; no funding statement on website (5 pages) or YC page. LinkedIn/X/Crunchbase need a logged-in browser.",2026-10-01T03:42:31Z
picktrace,PickTrace,Summer 2015,No evidence found,,,,,,,,,,,,,,,,,,Checked: no post-YC Form D matching the founders; no funding statement on website (5 pages) or YC page. LinkedIn/X/Crunchbase need a logged-in browser.,2026-10-01T03:42:31Z
fountain,Fountain,Summer 2015,Yes,100000000,,2022-06-15,,4,Press (linked from YC company page),https://techcrunch.com/2022/06/15/fountain-raises-100m-to-expand-its-applicant-tracking-system/,Fountain raises $100M to expand its applicant tracking system,,,,,,,,,Medium,Other stated figure: $23M (https://techcrunch.com/2019/10/29/fountain-a-platform-for-recruiting-gig-and-hourly-workers-raises-23m/). No matching post-YC Form D found.,2026-10-01T03:42:43Z
microhealth,Microhealth,Summer 2015,No evidence found,,,,,,,,,,,,,,,,,,Checked: no post-YC Form D matching the founders; no funding statement on website (2 pages) or YC page. LinkedIn/X/Crunchbase need a logged-in browser.,2026-10-01T03:42:32Z
zeplin,Zeplin,Summer 2015,No evidence found,,,,,,,,,,,,,,,,,,Checked: no post-YC Form D matching the founders; no funding statement on website (3 pages) or YC page. LinkedIn/X/Crunchbase need a logged-in browser.,2026-10-01T03:42:35Z
markhor,Markhor,Summer 2015,No evidence found,,,,,,,,,,,,,,,,,,Checked: no post-YC Form D matching the founders; no funding statement on website (0 pages) or YC page. LinkedIn/X/Crunchbase need a logged-in browser.,2026-10-01T03:42:34Z
circle-medical,Circle Medical,Summer 2015,No evidence found,,,,,,,,,,,,,,,,,,Checked: no post-YC Form D matching the founders; no funding statement on website (3 pages) or YC page. LinkedIn/X/Crunchbase need a logged-in browser.,2026-10-01T03:42:34Z
givecampus,GiveCampus,Summer 2015,Yes,50000000,,2022-09-19,,2,Company website,https://go.givecampus.com/the-next-chapter-for-givecampus/,GiveCampus Raises $50 Million to Empower Educational Fundraisers,,,,,,,,,High,"Unverified Form D by same-named person: Mobileoffer, Inc. 0001104659-21-013121 sold 3000000 (first sale 2020-12-29, Calabasas); likely a different person. No matching post-YC Form D found.",2026-10-01T03:42:36Z
drip-capital,Drip Capital,Summer 2015,Yes,175000000,,2021-10-28,,4,Press (linked from YC company page),https://www.bloomberg.com/news/articles/2021-10-28/fintech-startup-drip-raises-175-million-for-cross-border-trade?srnd=markets-vp,Fintech Startup Drip Raises $175 Million for Cross-Border Trade,,,,,,,,,Medium,No matching post-YC Form D found.,2026-10-01T03:42:33Z
chaldal,Chaldal,Summer 2015,Yes,10000000,Series C,2021-09-14,,4,Press (linked from YC company page),https://techcrunch.com/2021/09/14/chaldal-bangladeshs-largest-grocery-delivery-platform-raises-10m-series-c/,"Chaldal, Bangladesh’s largest grocery delivery platform, raises $10M Series C – TechCrunch",,,,,,,,,Medium,No matching post-YC Form D found.,2026-10-01T03:42:35Z
bodyport,Bodyport,Summer 2015,No evidence found,,,,,,,,,,,,,,,,,,"Unverified Form D by same-named person: DYRT, INC. 0001765663-21-000001 sold 11159975 (first sale 2021-09-30, Portland); likely a different person. Unverified Form D by same-named person: 98POINT6 INC. 0001640425-22-000001 sold 20912000 (first sale 2022-08-23, Seattle); likely a different person. Unverified Form D by same-named person: 98point6 Technologies Inc. 0001973517-24-000001 sold 1400000 (first sale 2024-01-05, Seattle); likely a different person. Checked: no post-YC Form D matching the founders; no funding statement on website (1 pages) or YC page. LinkedIn/X/Crunchbase need a logged-in browser.",2026-10-01T03:42:40Z
verge-genomics,Verge Genomics,Summer 2015,Yes,84999865,Equity (per Form D; stage not stated),2021-07-02,,1,SEC Form D,https://www.sec.gov/Archives/edgar/data/1894889/000189488922000001/primary_doc.xml,totalAmountSold: 84999865; totalOfferingAmount: 84999865; dateOfFirstSale: 2021-07-02,0001894889,0001894889-22-000001,84999865,84999865,2021-07-02,Equity,44,"Verge Analytics, Inc.",High,,2026-10-01T03:42:38Z
thrive-agritech,Thrive Agritech,Summer 2015,No evidence found,,,,,,,,,,,,,,,,,,Checked: no post-YC Form D matching the founders; no funding statement on website (5 pages) or YC page. LinkedIn/X/Crunchbase need a logged-in browser.,2026-10-01T03:42:41Z
tesorio,Tesorio,Summer 2015,No evidence found,,,,,,,,,,,,,,,,,,Checked: no post-YC Form D matching the founders; no funding statement on website (5 pages) or YC page. LinkedIn/X/Crunchbase need a logged-in browser.,2026-10-01T03:42:38Z
reach,Reach,Summer 2015,Yes,30000000,,2022-12-05,,4,Press (linked from YC company page),https://www.reuters.com/technology/silicon-valley-startup-beaming-electricity-wirelessly-raises-30-million-2022-12-02/,Silicon Valley startup beaming electricity wirelessly raises $30 million | Reuters,,,,,,,,,Medium,No matching post-YC Form D found.,2026-10-01T03:42:47Z
sunfarmer,SunFarmer,Summer 2015,No evidence found,,,,,,,,,,,,,,,,,,"Unverified Form D by same-named person: Maxim Biomedical, Inc. 0002025313-24-000001 sold 225000 (first sale 2024-05-21, Rockville); likely a different person. Checked: no post-YC Form D matching the founders; no funding statement on website (3 pages) or YC page. LinkedIn/X/Crunchbase need a logged-in browser. National register for NP not checked.",2026-10-01T03:42:39Z
confident-lims,Confident LIMS,Summer 2015,No evidence found,,,,,,,,,,,,,,,,,,Checked: no post-YC Form D matching the founders; no funding statement on website (8 pages) or YC page. LinkedIn/X/Crunchbase need a logged-in browser.,2026-10-01T03:42:39Z
branch8,Branch8,Summer 2015,No evidence found,,,,,,,,,,,,,,,,,,Checked: no post-YC Form D matching the founders; no funding statement on website (2 pages) or YC page. LinkedIn/X/Crunchbase need a logged-in browser. National register for HK not checked.,2026-10-01T03:42:40Z
heroic-labs,Heroic Labs,Summer 2015,No evidence found,,,,,,,,,,,,,,,,,,Checked: no post-YC Form D matching the founders; no funding statement on website (3 pages) or YC page. LinkedIn/X/Crunchbase need a logged-in browser.,2026-10-01T03:42:43Z
snapmagic,SnapMagic,Summer 2015,No evidence found,,,,,,,,,,,,,,,,,,Checked: no post-YC Form D matching the founders; no funding statement on website (2 pages) or YC page. LinkedIn/X/Crunchbase need a logged-in browser.,2026-10-01T03:42:41Z
assembly,Assembly,Summer 2015,No evidence found,,,,,,,,,,,,,,,,,,"Unverified Form D by same-named person: CarbonCopy Inc. 0001853863-21-000002 sold 14260620 (first sale 2021-03-18, San Francisco); likely a different person. Checked: no post-YC Form D matching the founders; no funding statement on website (0 pages) or YC page. LinkedIn/X/Crunchbase need a logged-in browser.",2026-10-01T03:42:51Z
gemnote,Gemnote,Summer 2015,No evidence found,,,,,,,,,,,,,,,,,,Checked: no post-YC Form D matching the founders; no funding statement on website (4 pages) or YC page. LinkedIn/X/Crunchbase need a logged-in browser.,2026-10-01T03:42:41Z
new-story,New Story,Summer 2015,No evidence found,,,,,,,,,,,,,,,,,,"Unverified Form D by same-named person: 291 Beacon St, LLC 0002032853-24-000002 sold 2871000 (first sale 2024-07-16, Cambridge); likely a different person. Checked: no post-YC Form D matching the founders; no funding statement on website (9 pages) or YC page. LinkedIn/X/Crunchbase need a logged-in browser.",2026-10-01T03:42:43Z
ironclad,Ironclad,Summer 2015,No evidence found,,,,,,,,,,,,,,,,,,Checked: no post-YC Form D matching the founders; no funding statement on website (10 pages) or YC page. LinkedIn/X/Crunchbase need a logged-in browser.,2026-10-01T03:42:43Z
leaders-in-tech,Leaders In Tech,Summer 2015,No evidence found,,,,,,,,,,,,,,,,,,Checked: no post-YC Form D matching the founders; no funding statement on website (6 pages) or YC page. LinkedIn/X/Crunchbase need a logged-in browser.,2026-10-01T03:42:44Z
teabot,teaBOT,Summer 2015,No evidence found,,,,,,,,,,,,,,,,,,"Unverified Form D by same-named person: Zenblen, Inc. 0001993331-23-000001 sold 2117117 (first sale 2023-09-08, Chicago); likely a different person. Checked: no post-YC Form D matching the founders; no funding statement on website (2 pages) or YC page. LinkedIn/X/Crunchbase need a logged-in browser. National register for CA not checked.",2026-10-01T03:42:43Z
teleport,Teleport,Summer 2015,No evidence found,,,,,,,,,,,,,,,,,,Checked: no post-YC Form D matching the founders; no funding statement on website (12 pages) or YC page. LinkedIn/X/Crunchbase need a logged-in browser.,2026-10-01T03:42:46Z
lugg,Lugg,Summer 2015,No evidence found,,,,,,,,,,,,,,,,,,"Unverified Form D by same-named person: Minturn Logistics LLC 0001927483-22-000001 sold 3332000 (first sale 2022-04-25, Mclean); likely a different person. Checked: no post-YC Form D matching the founders; no funding statement on website (2 pages) or YC page. LinkedIn/X/Crunchbase need a logged-in browser.",2026-10-01T03:42:47Z
podium,Podium,Winter 2016,Yes,201000000,Series D,,,2,Company website,https://www.podium.com/press,Podium Raises $201M in Series D Funding at $3 Billion in Valuation.,,,,,,,,,High,Round date not stated on the source page; assumed post-YC because it is presented as current news. No matching post-YC Form D found.,2026-10-01T03:42:46Z
rappi,Rappi,Winter 2016,Yes,496099718,Equity (per Form D; stage not stated),2021-07-08,,1,SEC Form D,https://www.sec.gov/Archives/edgar/data/1693234/000169323421000001/primary_doc.xml,totalAmountSold: 496099718; totalOfferingAmount: 508599673; dateOfFirstSale: 2021-07-08,0001693234,0001693234-21-000001,496099718,508599673,2021-07-08,Equity,24,"Rappi, Inc.",High,"Unverified Form D by same-named person: Tul Inc. 0001231919-21-000023 sold 20274542 (first sale 2021-02-09, Parkland); likely a different person. Unverified Form D by same-named person: Tul Inc. 0001823586-21-000001 sold 50109746 (first sale 2021-07-19, Bogota D.C.); likely a different person. Unverified Form D by same-named person: Platzi, Inc. 0001739469-21-000001 sold 51849939 (first sale 2021-10-22, San Francisco); likely a different person. Unverified Form D by same-named person: Tul Inc. 0001231919-22-000001 sold 112205227 (first sale 2021-12-03, Bogota D.C.); likely a different person.",2026-10-01T03:42:57Z
focal-systems,Focal Systems,Winter 2016,No evidence found,,,,,,,,,,,,,,,,,,Checked: no post-YC Form D matching the founders; no funding statement on website (4 pages) or YC page. LinkedIn/X/Crunchbase need a logged-in browser.,2026-10-01T03:42:45Z
mio,Mio,Winter 2016,Yes,8700000,Series A,2021-12-09,,4,Press (linked from YC company page),https://techcrunch.com/2021/12/09/mio-raises-8-7m-series-a-to-make-enterprise-messaging-interoperable/,Mio raises $8.7M Series A to make enterprise messaging interoperable – TechCrunch,,,,,,,,,Medium,No matching post-YC Form D found.,2026-10-01T03:42:49Z
daily,Daily,Winter 2016,Yes,60000000,,,,2,Company website,https://www.daily.co/blog/announcing-our-40m-series-b/,"round of funding in 18 months, with a total of $60M raised, and we're continuing to accelerate our work on all of those critical",,,,,,,,,High,Round date not stated on the source page; assumed post-YC because it is presented as current news. No matching post-YC Form D found.,2026-10-01T03:42:52Z
petcube,Petcube,Winter 2016,No evidence found,,,,,,,,,,,,,,,,,,Checked: no post-YC Form D matching the founders; no funding statement on website (4 pages) or YC page. LinkedIn/X/Crunchbase need a logged-in browser.,2026-10-01T03:42:51Z
outschool,Outschool,Winter 2016,Yes,75000000,Series C,,,4,Press (linked from YC company page),https://outschool.com:443/press,Outschool secures $75M Series C to meet continued demand for online learning.,,,,,,,,,Medium,Round date not stated on the source page; assumed post-YC because it is presented as current news. Other stated figure: $45M (https://outschool.com:443/press). No matching post-YC Form D found.,2026-10-01T03:42:49Z
mason,Mason,Winter 2016,No evidence found,,,,,,,,,,,,,,,,,,Checked: no post-YC Form D matching the founders; no funding statement on website (3 pages) or YC page. LinkedIn/X/Crunchbase need a logged-in browser.,2026-10-01T03:42:58Z
magicbus,MagicBus,Winter 2016,No evidence found,,,,,,,,,,,,,,,,,,Checked: no post-YC Form D matching the founders; no funding statement on website (2 pages) or YC page. LinkedIn/X/Crunchbase need a logged-in browser.,2026-10-01T03:42:51Z
tovala,Tovala,Winter 2016,No evidence found,,,,,,,,,,,,,,,,,,Checked: no post-YC Form D matching the founders; no funding statement on website (10 pages) or YC page. LinkedIn/X/Crunchbase need a logged-in browser.,2026-10-01T03:42:51Z
isono-health,iSono Health,Winter 2016,Yes,1837679,Equity (per Form D; stage not stated),2024-12-26,,1,SEC Form D,https://www.sec.gov/Archives/edgar/data/2061881/000206188125000001/primary_doc.xml,totalAmountSold: 1837679; totalOfferingAmount: 3000000; dateOfFirstSale: 2024-12-26,0002061881,0002061881-25-000001,1837679,3000000,2024-12-26,Equity,5,"iSono Health, Inc.",High,,2026-10-01T03:42:51Z
getaccept,GetAccept,Winter 2016,No evidence found,,,,,,,,,,,,,,,,,,Checked: no post-YC Form D matching the founders; no funding statement on website (3 pages) or YC page. LinkedIn/X/Crunchbase need a logged-in browser. National register for SE not checked.,2026-10-01T03:42:55Z
chatfuel,Chatfuel,Winter 2016,No evidence found,,,,,,,,,,,,,,,,,,Checked: no post-YC Form D matching the founders; no funding statement on website (4 pages) or YC page. LinkedIn/X/Crunchbase need a logged-in browser.,2026-10-01T03:42:54Z
yardbook,Yardbook,Winter 2016,No evidence found,,,,,,,,,,,,,,,,,,Checked: no post-YC Form D matching the founders; no funding statement on website (1 pages) or YC page. LinkedIn/X/Crunchbase need a logged-in browser.,2026-10-01T03:42:53Z
stealth-worker,Stealth Worker,Winter 2016,No evidence found,,,,,,,,,,,,,,,,,,Checked: no post-YC Form D matching the founders; no funding statement on website (1 pages) or YC page. LinkedIn/X/Crunchbase need a logged-in browser.,2026-10-01T03:42:53Z
deepgram,Deepgram,Winter 2016,Yes,130000000,,,,2,Company website,https://deepgram.com/about,Real-time voice AI unicorn Deepgram raises $130M to streamline human-to-machine interactions.,,,,,,,,,High,Round date not stated on the source page; assumed post-YC because it is presented as current news. No matching post-YC Form D found.,2026-10-01T03:42:55Z
soundboks,SOUNDBOKS,Winter 2016,Yes,8625177,Equity (per Form D; stage not stated),2023-06-08,,1,SEC Form D,https://www.sec.gov/Archives/edgar/data/1982297/000198229723000002/primary_doc.xml,totalAmountSold: 8625177; totalOfferingAmount: 8625177; dateOfFirstSale: 2023-06-08,0001982297,0001982297-23-000002,8625177,8625177,2023-06-08,Equity,16,"SoundBoks, Inc.",High,,2026-10-01T03:42:55Z
lattice,Lattice,Winter 2016,Yes,231474233,Equity (per Form D; stage not stated),2021-03-23,,1,SEC Form D,https://www.sec.gov/Archives/edgar/data/1673900/000173907422000001/primary_doc.xml,totalAmountSold: 174999766; totalOfferingAmount: 174999766; dateOfFirstSale: 2021-12-20,0001673900,0001739074-22-000001,174999766,174999766,2021-12-20,Equity,30,"Degree, Inc.",High,"Legal name differs from brand; matched on related person(s) Eric Koslow, Jack Altman, issuer in San Francisco, CA. 2 post-YC Form D offerings summed: 0001739074-21-000006 $56474467 (2021-03-23), 0001739074-22-000001 $174999766 (2021-12-20) Unverified Form D by same-named person: Verifiable Inc. 0001873843-21-000001 sold 19943829 (first sale 2021-07-02, Austin); likely a different person. Unverified Form D by same-named person: Verifiable Inc. 0001873843-23-000003 sold 26999987 (first sale 2023-04-24, Austin); likely a different person. Unverified Form D by same-named person: Antares Nuclear, Inc. 0001998786-24-000002 sold 27529968 (first sale 2024-09-24, Redondo Beach); likely a different person. Unverified Form D by same-named person: Antares Nuclear, Inc. 0001998786-25-000002 sold 51045266 (first sale 2025-09-10, Torrance); likely a different person. Unverified Form D by same-named person: Copilot Labs, Inc. \ DE 0002089304-26-000001 sold 21194932 (first sale 2025-08-18, San Francisco); likely a different person. Unverified Form D by same-named person: Antares Nuclear, Inc. 0001998786-26-000002 sold 319999537 (first sale 2026-07-08, Torrance); likely a different person. Unverified Form D by same-named person: Antares Nuclear, Inc. 0001998786-26-000005 sold 59999682 (first sale 2026-08-03, Torrance); likely a different person. Tier 2 source states $3B (https://lattice.com/blog/lattice-triples-valuation-to-3b-raises-175m-in-series-f-funding-round); Form D figure kept.",2026-10-01T03:43:03Z
mux,Mux,Winter 2016,Yes,96724818,Equity (per Form D; stage not stated),2021-04-16,,1,SEC Form D,https://www.sec.gov/Archives/edgar/data/1693944/000169394421000001/primary_doc.xml,totalAmountSold: 96724818; totalOfferingAmount: 104999867; dateOfFirstSale: 2021-04-16,0001693944,0001693944-21-000001,96724818,104999867,2021-04-16,Equity,20,"Mux, Inc.",High,,2026-10-01T03:43:01Z
amberbox-gunshot-detection,AmberBox Gunshot Detection,Winter 2016,No evidence found,,,,,,,,,,,,,,,,,,Checked: no post-YC Form D matching the founders; no funding statement on website (3 pages) or YC page. LinkedIn/X/Crunchbase need a logged-in browser.,2026-10-01T03:42:54Z
qvin,Qvin,Winter 2016,No evidence found,,,,,,,,,,,,,,,,,,"Unverified Form D by same-named person: Qurasense, Inc. 0001845430-21-000001 sold 12266023 (first sale 2020-10-30, Menlo Park); likely a different person. Checked: no post-YC Form D matching the founders; no funding statement on website (1 pages) or YC page. LinkedIn/X/Crunchbase need a logged-in browser.",2026-10-01T03:42:58Z
perlara,Perlara,Winter 2016,No evidence found,,,,,,,,,,,,,,,,,,Checked: no post-YC Form D matching the founders; no funding statement on website (2 pages) or YC page. LinkedIn/X/Crunchbase need a logged-in browser.,2026-10-01T03:42:56Z
devcolor,DevColor,Winter 2016,No evidence found,,,,,,,,,,,,,,,,,,Checked: no post-YC Form D matching the founders; no funding statement on website (3 pages) or YC page. LinkedIn/X/Crunchbase need a logged-in browser.,2026-10-01T03:42:58Z
lygos,Lygos,Winter 2016,No evidence found,,,,,,,,,,,,,,,,,,"Unverified Form D by same-named person: Rarebird, Inc. 0001987368-23-000001 sold 6518064 (first sale 2023-07-14, San Francisco); likely a different person. Unverified Form D by same-named person: Rarebird, Inc. 0001987368-23-000002 sold 400000 (first sale 2023-09-05, San Francisco); likely a different person. Unverified Form D by same-named person: Rarebird, Inc. 0001987368-24-000001 sold 100000 (first sale 2023-12-18, San Francisco); likely a different person. Unverified Form D by same-named person: Rarebird, Inc. 0001987368-24-000002 sold 1115000 (first sale 2023-12-18, San Francisco); likely a different person. Unverified Form D by same-named person: Rarebird, Inc. 0001987368-24-000003 sold 1000000 (first sale 2024-10-11, San Francisco); likely a different person. Checked: no post-YC Form D matching the founders; no funding statement on website (0 pages) or YC page. LinkedIn/X/Crunchbase need a logged-in browser.",2026-10-01T03:43:01Z
zenysis,Zenysis,Winter 2016,No evidence found,,,,,,,,,,,,,,,,,,Checked: no post-YC Form D matching the founders; no funding statement on website (10 pages) or YC page. LinkedIn/X/Crunchbase need a logged-in browser.,2026-10-01T03:43:04Z
astranis,Astranis,Winter 2016,Yes,316643725,Equity (per Form D; stage not stated),2018-12-16,,1,SEC Form D,https://www.sec.gov/Archives/edgar/data/1715660/000171566021000003/primary_doc.xml,totalAmountSold: 280821725; totalOfferingAmount: 280821725; dateOfFirstSale: 2021-03-19,0001715660,0001715660-21-000003,280821725,280821725,2021-03-19,Equity,58,Astranis Space Technologies Corp.,High,"3 post-YC Form D offerings summed: 0001715660-21-000001 $5000000 (2018-12-16), 0001715660-21-000002 $30822000 (2020-01-22), 0001715660-21-000003 $280821725 (2021-03-19) Tier 2 source states $750 million (https://www.astranis.com/careers); Form D figure kept.",2026-10-01T03:43:03Z
protonet,Protonet,Winter 2016,No evidence found,,,,,,,,,,,,,,,,,,Checked: no post-YC Form D matching the founders; no funding statement on website (0 pages) or YC page. LinkedIn/X/Crunchbase need a logged-in browser.,2026-10-01T03:43:03Z
boom,Boom,Winter 2016,Yes,100000000,Series B,,,2,Company website,https://boomsupersonic.com/newsroom,Milestone Boom Supersonic Closes $100 Million Series B to Develop Overture.,,,,,,,,,High,"Unverified Form D by same-named person: Cellular Longevity, Inc. 0001799919-24-000003 sold 76280239 (first sale 2024-03-05, San Francisco); likely a different person. Unverified Form D by same-named person: Cellular Longevity, Inc. 0001799919-24-000004 sold 22174971 (first sale 2024-10-11, San Francisco); likely a different person. Round date not stated on the source page; assumed post-YC because it is presented as current news. Other stated figure: $33 Million (https://boomsupersonic.com/newsroom). No matching post-YC Form D found.",2026-10-01T03:43:09Z
relativity-space,Relativity Space,Winter 2016,Yes,649999981,Equity (per Form D; stage not stated),2021-05-27,,1,SEC Form D,https://www.sec.gov/Archives/edgar/data/1673976/000167397621000003/primary_doc.xml,totalAmountSold: 649999981; totalOfferingAmount: 650000000; dateOfFirstSale: 2021-05-27,0001673976,0001673976-21-000003,649999981,650000000,2021-05-27,Equity,63,"Relativity Space, Inc.",High,,2026-10-01T03:43:03Z
sendbird,Sendbird,Winter 2016,Yes,52000000,Series B,,,2,Company website,https://sendbird.com/news,Raises $52 Million Series B,,,,,,,,,High,Manual review: $4.2 billion is the market size in the headline; the round was $52M.,2026-10-01T03:43:09Z
wakie,Wakie,Winter 2016,No evidence found,,,,,,,,,,,,,,,,,,Checked: no post-YC Form D matching the founders; no funding statement on website (4 pages) or YC page. LinkedIn/X/Crunchbase need a logged-in browser.,2026-10-01T03:43:05Z
sanitation-and-health-rights-in-india-shri,Sanitation and Health Rights in India (SHRI),Winter 2016,No evidence found,,,,,,,,,,,,,,,,,,Checked: no post-YC Form D matching the founders; no funding statement on website (1 pages) or YC page. LinkedIn/X/Crunchbase need a logged-in browser.,2026-10-01T03:43:06Z
quilt-data,Quilt Data,Winter 2016,No evidence found,,,,,,,,,,,,,,,,,,"Unverified Form D by same-named person: WRITESEA GROUP INC. 0001959447-24-000005 sold 775000 (first sale 2024-07-01, Tulsa); likely a different person. Unverified Form D by same-named person: WRITESEA GROUP INC. 0001959447-24-000003 sold 2030108 (first sale 2022-03-22, Tulsa); likely a different person. Unverified Form D by same-named person: GW Nutrition Inc. 0001855026-24-000001 sold 740000 (first sale 2024-06-12, Slater); likely a different person. Unverified Form D by same-named person: GW Nutrition Inc. 0001855026-26-000003 sold 3608758 (first sale 2026-07-16, Slater); likely a different person. Unverified Form D by same-named person: GW Nutrition Inc. 0001855026-26-000004 sold 3175894 (first sale 2026-07-16, Slater); likely a different person. Unverified Form D by same-named person: WRITESEA GROUP INC. 0001814554-26-000159 sold 200000 (first sale 2026-07-14, Oklahoma City); likely a different person. Checked: no post-YC Form D matching the founders; no funding statement on website (3 pages) or YC page. LinkedIn/X/Crunchbase need a logged-in browser.",2026-10-01T03:43:06Z
fightcamp,FightCamp,Winter 2016,Yes,89566662,Equity (per Form D; stage not stated),2020-06-02,,1,SEC Form D,https://www.sec.gov/Archives/edgar/data/1815976/000181597621000001/primary_doc.xml,totalAmountSold: 89566662; totalOfferingAmount: 89566662; dateOfFirstSale: 2020-06-02,0001815976,0001815976-21-000001,89566662,89566662,2020-06-02,Equity,141,Hykso Inc.,High,"Legal name differs from brand; matched on related person(s) Alexandre Marcotte, Khalil Zahar, Patrick Chandler, issuer in Costa Mesa, CA.",2026-10-01T03:43:11Z
carbic,Carbic,Winter 2016,No evidence found,,,,,,,,,,,,,,,,,,Checked: no post-YC Form D matching the founders; no funding statement on website (0 pages) or YC page. LinkedIn/X/Crunchbase need a logged-in browser.,2026-10-01T03:43:08Z
netbeez,NetBeez,Winter 2016,No evidence found,,,,,,,,,,,,,,,,,,Checked: no post-YC Form D matching the founders; no funding statement on website (6 pages) or YC page. LinkedIn/X/Crunchbase need a logged-in browser.,2026-10-01T03:43:09Z
mrelief,mRelief,Winter 2016,No evidence found,,,,,,,,,,,,,,,,,,Checked: no post-YC Form D matching the founders; no funding statement on website (4 pages) or YC page. LinkedIn/X/Crunchbase need a logged-in browser.,2026-10-01T03:43:08Z
histowiz,HistoWiz,Winter 2016,No evidence found,,,,,,,,,,,,,,,,,,Checked: no post-YC Form D matching the founders; no funding statement on website (1 pages) or YC page. LinkedIn/X/Crunchbase need a logged-in browser.,2026-10-01T03:43:10Z
golorry,GoLorry,Winter 2016,No evidence found,,,,,,,,,,,,,,,,,,Checked: no post-YC Form D matching the founders; no funding statement on website (1 pages) or YC page. LinkedIn/X/Crunchbase need a logged-in browser. National register for IN not checked.,2026-10-01T03:43:35Z
gecko-robotics,Gecko Robotics,Winter 2016,Yes,121534561,Equity (per Form D; stage not stated),2025-05-15,,1,SEC Form D,https://www.sec.gov/Archives/edgar/data/1747029/000174702925000002/primary_doc.xml,totalAmountSold: 121534561; totalOfferingAmount: 139900000; dateOfFirstSale: 2025-05-15,0001747029,0001747029-25-000002,121534561,139900000,2025-05-15,Equity,29,"Gecko Robotics, Inc.",High,,2026-10-01T03:43:12Z
lynks,Lynks,Winter 2016,No evidence found,,,,,,,,,,,,,,,,,,Checked: no post-YC Form D matching the founders; no funding statement on website (10 pages) or YC page. LinkedIn/X/Crunchbase need a logged-in browser. National register for EG not checked.,2026-10-01T03:43:11Z
thunkable,Thunkable,Winter 2016,Yes,25344948,Equity (per Form D; stage not stated),2022-02-11,,1,SEC Form D,https://www.sec.gov/Archives/edgar/data/1914077/000191407722000001/primary_doc.xml,totalAmountSold: 25344948; totalOfferingAmount: 30000000; dateOfFirstSale: 2022-02-11,0001914077,0001914077-22-000001,25344948,30000000,2022-02-11,Equity; Other; Other: Series B Preferred Stock,16,"Thunkable, Inc.",High,"Unverified Form D by same-named person: Epicore Biosystems, Inc. 0001755876-25-000001 sold 25686104 (first sale 2024-12-11, Cambridge); likely a different person. Unverified Form D by same-named person: Epicore Biosystems, Inc. 0001755876-25-000003 sold 25686104 (first sale 2024-12-11, Cambridge); likely a different person.",2026-10-01T03:43:13Z
apollo-io,Apollo.io,Winter 2016,Yes,110000000,,2022-03-03,,4,Press (linked from YC company page),https://techcrunch.com/2022/03/03/apollo-io-raises-110m-as-its-crosses-16k-paying-users-of-its-sales-intelligence-platform/,Apollo.io raises $110M as its crosses 16K paying users of its sales intelligence platform – TechCrunch,,,,,,,,,Medium,"Unverified Form D by same-named person: ZenLeads Inc. 0001878514-22-000001 sold 109903255 (first sale 2022-01-04, Walnut); likely a different person. No matching post-YC Form D found.",2026-10-01T03:43:16Z
salt-security,Salt Security,Winter 2016,Yes,192442566,Equity (per Form D; stage not stated),2021-05-26,,1,SEC Form D,https://www.sec.gov/Archives/edgar/data/1753414/000175341422000001/primary_doc.xml,totalAmountSold: 124442569; totalOfferingAmount: 140000000; dateOfFirstSale: 2022-01-20,0001753414,0001753414-22-000001,124442569,140000000,2022-01-20,Equity,11,"Salt Security, Inc.",High,"2 post-YC Form D offerings summed: 0001753414-21-000001 $67999997 (2021-05-26), 0001753414-22-000001 $124442569 (2022-01-20)",2026-10-01T03:43:15Z
pave,Pave,Winter 2016,No evidence found,,,,,,,,,,,,,,,,,,Checked: no post-YC Form D matching the founders; no funding statement on website (2 pages) or YC page. LinkedIn/X/Crunchbase need a logged-in browser. National register for CA not checked.,2026-10-01T03:43:14Z
luciq,Luciq (formerly Instabug),Winter 2016,Yes,46000000,Series B,2022-05-17,,4,Press (linked from YC company page),https://blog.instabug.com/instabug-raises-46m-series-b/,Instabug Raises $46M Series B to Build the First Mobile Observability and Performance Monitoring Platform | Instabug Blog,,,,,,,,,Medium,No matching post-YC Form D found.,2026-10-01T03:43:15Z
function-of-beauty,Function of Beauty,Winter 2016,Yes,85783722,Equity (per Form D; stage not stated),2020-12-23,,1,SEC Form D/A,https://www.sec.gov/Archives/edgar/data/1699597/000169959721000002/primary_doc.xml,totalAmountSold: 85783722; totalOfferingAmount: 85783722; dateOfFirstSale: 2020-12-23,0001699597,0001699597-21-000002,85783722,85783722,2020-12-23,Equity,4,Function Inc.,High,,2026-10-01T03:43:18Z
superside,Superside,Winter 2016,No evidence found,,,,,,,,,,,,,,,,,,Checked: no post-YC Form D matching the founders; no funding statement on website (4 pages) or YC page. LinkedIn/X/Crunchbase need a logged-in browser. National register for NO not checked.,2026-10-01T03:43:15Z
netomi,Netomi,Winter 2016,Yes,69999951,Equity (per Form D; stage not stated),2021-09-02,,1,SEC Form D,https://www.sec.gov/Archives/edgar/data/1701548/000123191925000519/primary_doc.xml,totalAmountSold: 42999977; totalOfferingAmount: 54999974; dateOfFirstSale: 2025-11-03,0001701548,0001231919-25-000519,42999977,54999974,2025-11-03,Equity,3,"AI NETOMI, INC.",High,"2 post-YC Form D offerings summed: 0001701548-21-000001 $26999974 (2021-09-02), 0001231919-25-000519 $42999977 (2025-11-03) Form D clarification: Includes conversion of $6,000,000 in simple agreements for future equity.",2026-10-01T03:43:17Z
castle-2,Castle,Winter 2016,No evidence found,,,,,,,,,,,,,,,,,,Checked: no post-YC Form D matching the founders; no funding statement on website (4 pages) or YC page. LinkedIn/X/Crunchbase need a logged-in browser.,2026-10-01T03:44:01Z
opentrons,Opentrons,Winter 2016,Yes,234039995,Equity (per Form D; stage not stated),2021-01-25,,1,SEC Form D,https://www.sec.gov/Archives/edgar/data/1701598/000170159821000002/primary_doc.xml,totalAmountSold: 209019995; totalOfferingAmount: 234019991; dateOfFirstSale: 2021-09-20,0001701598,0001701598-21-000002,209019995,234019991,2021-09-20,Equity; OptionToAcquire,24,Opentrons Labworks Inc.,High,"2 post-YC Form D offerings summed: 0001701598-21-000001 $25020000 (2021-01-25), 0001701598-21-000002 $209019995 (2021-09-20)",2026-10-01T03:43:25Z
mailtime,MailTime,Winter 2016,No evidence found,,,,,,,,,,,,,,,,,,Checked: no post-YC Form D matching the founders; no funding statement on website (2 pages) or YC page. LinkedIn/X/Crunchbase need a logged-in browser. National register for HK not checked.,2026-10-01T03:43:19Z
revl,Revl,Winter 2016,No evidence found,,,,,,,,,,,,,,,,,,Checked: no post-YC Form D matching the founders; no funding statement on website (4 pages) or YC page. LinkedIn/X/Crunchbase need a logged-in browser.,2026-10-01T03:43:23Z
pocketsuite,PocketSuite,Winter 2016,No evidence found,,,,,,,,,,,,,,,,,,Checked: no post-YC Form D matching the founders; no funding statement on website (3 pages) or YC page. LinkedIn/X/Crunchbase need a logged-in browser.,2026-10-01T03:43:19Z
meter-feeder,Meter Feeder,Winter 2016,Yes,2600000,Seed,2022-04-20,,4,Press (linked from YC company page),https://www.bizjournals.com/pittsburgh/inno/stories/fundings/2022/04/19/parking-platform-meter-feeder-lands-2-6-million.html,Parking platform Meter Feeder lands $2.6 million seed extension round,,,,,,,,,Medium,No matching post-YC Form D found.,2026-10-01T03:43:22Z
gigwell,Gigwell,Winter 2016,No evidence found,,,,,,,,,,,,,,,,,,Checked: no post-YC Form D matching the founders; no funding statement on website (4 pages) or YC page. LinkedIn/X/Crunchbase need a logged-in browser.,2026-10-01T03:43:30Z
copia,Copia,Winter 2016,No evidence found,,,,,,,,,,,,,,,,,,Checked: no post-YC Form D matching the founders; no funding statement on website (2 pages) or YC page. LinkedIn/X/Crunchbase need a logged-in browser.,2026-10-01T03:43:20Z
deako,Deako,Winter 2016,Yes,29343442,Convertible note (per Form D; stage not stated),2021-03-09,,1,SEC Form D,https://www.sec.gov/Archives/edgar/data/1658490/000165849022000001/primary_doc.xml,totalAmountSold: 13404021; totalOfferingAmount: 13404021; dateOfFirstSale: 2022-09-30,0001658490,0001658490-22-000001,13404021,13404021,2022-09-30,Debt; OptionToAcquire; Other; Other: Convertible Promissory Notes,23,"Deako, Inc.",High,"3 post-YC Form D offerings summed: 0001658490-21-000001 $12525903 (2021-03-09), 0001658490-22-000001 $13404021 (2022-09-30), 0001658490-24-000001 $3413518 (2024-06-28)",2026-10-01T03:43:25Z
bird,Bird,Summer 2016,No evidence found,,,,,,,,,,,,,,,,,,Checked: no post-YC Form D matching the founders; no funding statement on website (7 pages) or YC page. LinkedIn/X/Crunchbase need a logged-in browser. National register for NL not checked.,2026-10-01T03:43:39Z
scale-ai,Scale AI,Summer 2016,No evidence found,,,,,,,,,,,,,,,,,,Checked: no post-YC Form D matching the founders; no funding statement on website (5 pages) or YC page. LinkedIn/X/Crunchbase need a logged-in browser.,2026-10-01T03:43:27Z
expo,Expo,Summer 2016,No evidence found,,,,,,,,,,,,,,,,,,Checked: no post-YC Form D matching the founders; no funding statement on website (7 pages) or YC page. LinkedIn/X/Crunchbase need a logged-in browser.,2026-10-01T03:43:28Z
elemeno-health,Elemeno Health,Summer 2016,Yes,15863535,Equity (per Form D; stage not stated),2021-12-17,,1,SEC Form D,https://www.sec.gov/Archives/edgar/data/1805018/000180501822000002/primary_doc.xml,totalAmountSold: 6487499; totalOfferingAmount: 8000000; dateOfFirstSale: 2022-04-26,0001805018,0001805018-22-000002,6487499,8000000,2022-04-26,Equity,18,"Elemeno Health, Inc.",High,"3 post-YC Form D offerings summed: 0001805018-23-000001 $6025692 (2021-12-17), 0001805018-22-000002 $6487499 (2022-04-26), 0001805018-24-000001 $3350344 (2023-11-16)",2026-10-01T03:43:29Z
suiteness,Suiteness,Summer 2016,No evidence found,,,,,,,,,,,,,,,,,,Checked: no post-YC Form D matching the founders; no funding statement on website (4 pages) or YC page. LinkedIn/X/Crunchbase need a logged-in browser.,2026-10-01T03:43:28Z
jumpcut,Jumpcut,Summer 2016,No evidence found,,,,,,,,,,,,,,,,,,Checked: no post-YC Form D matching the founders; no funding statement on website (0 pages) or YC page. LinkedIn/X/Crunchbase need a logged-in browser.,2026-10-01T03:43:32Z
quero-education,Quero Education,Summer 2016,No evidence found,,,,,,,,,,,,,,,,,,Checked: no post-YC Form D matching the founders; no funding statement on website (1 pages) or YC page. LinkedIn/X/Crunchbase need a logged-in browser. National register for BR not checked.,2026-10-01T03:43:36Z
apolloshield,ApolloShield,Summer 2016,No evidence found,,,,,,,,,,,,,,,,,,Checked: no post-YC Form D matching the founders; no funding statement on website (1 pages) or YC page. LinkedIn/X/Crunchbase need a logged-in browser. National register for IL not checked.,2026-10-01T03:43:32Z
people-ai,People.ai,Summer 2016,No evidence found,,,,,,,,,,,,,,,,,,Checked: no post-YC Form D matching the founders; no funding statement on website (6 pages) or YC page. LinkedIn/X/Crunchbase need a logged-in browser.,2026-10-01T03:43:35Z
yoshi-mobility,Yoshi Mobility,Summer 2016,Yes,25688885,Equity (per Form D; stage not stated),2023-06-30,,1,SEC Form D,https://www.sec.gov/Archives/edgar/data/1726643/000172664323000002/primary_doc.xml,totalAmountSold: 25688885; totalOfferingAmount: 40688616; dateOfFirstSale: 2023-06-30,0001726643,0001726643-23-000002,25688885,40688616,2023-06-30,Equity,7,"Yoshi, Inc.",High,"Unverified Form D by same-named person: Crossings of Kenton SPE LLC 0002002269-23-000001 sold 0 (first sale yetToOccur, Columbus); likely a different person.",2026-10-01T03:43:37Z
omg-digital,OMG Digital,Summer 2016,No evidence found,,,,,,,,,,,,,,,,,,Checked: no post-YC Form D matching the founders; no funding statement on website (0 pages) or YC page. LinkedIn/X/Crunchbase need a logged-in browser. National register for GH not checked.,2026-10-01T03:43:33Z
circa,Circa,Summer 2016,No evidence found,,,,,,,,,,,,,,,,,,Checked: no post-YC Form D matching the founders; no funding statement on website (3 pages) or YC page. LinkedIn/X/Crunchbase need a logged-in browser.,2026-10-01T03:43:38Z
ready-education,Ready Education,Summer 2016,No evidence found,,,,,,,,,,,,,,,,,,Checked: no post-YC Form D matching the founders; no funding statement on website (6 pages) or YC page. LinkedIn/X/Crunchbase need a logged-in browser. National register for CA not checked.,2026-10-01T03:43:39Z
flutterwave,Flutterwave,Summer 2016,Yes,210131064,Equity (per Form D; stage not stated),2020-01-10,,1,SEC Form D,https://www.sec.gov/Archives/edgar/data/1712831/000171283121000002/primary_doc.xml,totalAmountSold: 169999905; totalOfferingAmount: 169999905; dateOfFirstSale: 2021-02-26,0001712831,0001712831-21-000002,169999905,169999905,2021-02-26,Equity,18,"Flutterwave, Inc.",High,"2 post-YC Form D offerings summed: 0001712831-21-000001 $40131159 (2020-01-10), 0001712831-21-000002 $169999905 (2021-02-26) Form D clarification: This filing covers the sale and issuance of Series C Preferred Stock and the underlying Common Stock issuable upon conversion thereof.",2026-10-01T03:43:40Z
emote,Emote,Summer 2016,No evidence found,,,,,,,,,,,,,,,,,,"Unverified Form D by same-named person: Workstream Technologies, Inc. 0001876746-21-000001 sold 47979861 (first sale 2021-07-22, San Francisco); likely a different person. Unverified Form D by same-named person: Workstream Technologies, Inc. 0001876746-22-000001 sold 59949671 (first sale 2022-07-05, San Francisco); likely a different person. Checked: no post-YC Form D matching the founders; no funding statement on website (2 pages) or YC page. LinkedIn/X/Crunchbase need a logged-in browser.",2026-10-01T03:43:41Z
smartpath,SmartPath,Summer 2016,Yes,2700000,,,,2,Company website,https://www.joinsmartpath.com/news-press,SmartPath Lands $2.7M in Funding.,,,,,,,,,High,Round date not stated on the source page; assumed post-YC because it is presented as current news. No matching post-YC Form D found.,2026-10-01T03:43:37Z
curtsy,Curtsy,Summer 2016,No evidence found,,,,,,,,,,,,,,,,,,Checked: no post-YC Form D matching the founders; no funding statement on website (7 pages) or YC page. LinkedIn/X/Crunchbase need a logged-in browser.,2026-10-01T03:43:40Z
validere,Validere,Summer 2016,Yes,43000000,,,,2,Company website,https://www.validere.com/press,Validere raises $43MM to scale its all-in-one commodity management platform.,,,,,,,,,High,Round date not stated on the source page; assumed post-YC because it is presented as current news. Other stated figure: $20 million (https://www.validere.com/press). No matching post-YC Form D found.,2026-10-01T03:43:40Z
airfordable,Airfordable,Summer 2016,No evidence found,,,,,,,,,,,,,,,,,,Checked: no post-YC Form D matching the founders; no funding statement on website (3 pages) or YC page. LinkedIn/X/Crunchbase need a logged-in browser.,2026-10-01T03:43:40Z
athelas,Athelas,Summer 2016,Yes,1381967796,Equity (per Form D; stage not stated),2022-01-24,,1,SEC Form D,https://www.sec.gov/Archives/edgar/data/1717731/000171773123000002/primary_doc.xml,totalAmountSold: 1284409056; totalOfferingAmount: 1284409056; dateOfFirstSale: 2023-10-03,0001717731,0001717731-23-000002,1284409056,1284409056,2023-10-03,Equity,56,"Commure, Inc.",High,"Legal name differs from brand; matched on related person(s) Deepika Bodapati, Tanay Tandon, issuer in San Francisco, CA. 4 post-YC Form D offerings summed: 0001857376-22-000001 $54385717 (2022-01-24), 0001717731-23-000001 $38718284 (2023-09-22), 0001717731-23-000002 $1284409056 (2023-10-03), 0001717731-24-000001 $4454739 (2024-05-23)",2026-10-01T03:43:42Z
miso,Miso,Summer 2016,No evidence found,,,,,,,,,,,,,,,,,,Checked: no post-YC Form D matching the founders; no funding statement on website (3 pages) or YC page. LinkedIn/X/Crunchbase need a logged-in browser. National register for KR not checked.,2026-10-01T03:43:44Z
squire-technologies,Squire Technologies,Summer 2016,No evidence found,,,,,,,,,,,,,,,,,,Checked: no post-YC Form D matching the founders; no funding statement on website (3 pages) or YC page. LinkedIn/X/Crunchbase need a logged-in browser.,2026-10-01T03:43:42Z
gogograndparent,GoGoGrandparent,Summer 2016,No evidence found,,,,,,,,,,,,,,,,,,Checked: no post-YC Form D matching the founders; no funding statement on website (8 pages) or YC page. LinkedIn/X/Crunchbase need a logged-in browser.,2026-10-01T03:43:43Z
hioperator,HiOperator,Summer 2016,No evidence found,,,,,,,,,,,,,,,,,,Checked: no post-YC Form D matching the founders; no funding statement on website (2 pages) or YC page. LinkedIn/X/Crunchbase need a logged-in browser.,2026-10-01T03:43:42Z
synvivia,Synvivia,Summer 2016,No evidence found,,,,,,,,,0002003070,,,,,,,"Synvivia, Inc.",,small Form D 0002003070-23-000001: sold 54096 first sale 2023-12-06 Checked: no post-YC Form D matching the founders; no funding statement on website (1 pages) or YC page. LinkedIn/X/Crunchbase need a logged-in browser.,2026-10-01T03:43:42Z
legalist,Legalist,Summer 2016,No evidence found,,,,,,,,,,,,,,,,,,Checked: no post-YC Form D matching the founders; no funding statement on website (4 pages) or YC page. LinkedIn/X/Crunchbase need a logged-in browser.,2026-10-01T03:43:45Z
new-incentives,New Incentives,Summer 2016,No evidence found,,,,,,,,,,,,,,,,,,Checked: no post-YC Form D matching the founders; no funding statement on website (4 pages) or YC page. LinkedIn/X/Crunchbase need a logged-in browser.,2026-10-01T03:43:45Z
multiply-labs,Multiply Labs,Summer 2016,Yes,38390015,Equity (per Form D; stage not stated),2018-10-27,,1,SEC Form D/A,https://www.sec.gov/Archives/edgar/data/1690573/000156761921008394/primary_doc.xml,totalAmountSold: 25037515; totalOfferingAmount: 25037515; dateOfFirstSale: 2021-04-05,0001690573,0001567619-21-008394,25037515,25037515,2021-04-05,Equity; Other; Other: Series A Preferred Stock and Series A-1 through Series A-10 Preferred Stock,61,"Multiply Labs, Inc.",High,"3 post-YC Form D offerings summed: 0001567619-21-006384 $2252500 (2018-10-27), 0001567619-21-008394 $25037515 (2021-04-05), 0001567619-23-005735 $11100000 (2023-04-10)",2026-10-01T03:43:48Z
women-who-code,Women Who Code,Summer 2016,No evidence found,,,,,,,,,,,,,,,,,,Checked: no post-YC Form D matching the founders; no funding statement on website (9 pages) or YC page. LinkedIn/X/Crunchbase need a logged-in browser.,2026-10-01T03:43:45Z
the-flex-company,The Flex Company,Summer 2016,No evidence found,,,,,,,,,,,,,,,,,,Checked: no post-YC Form D matching the founders; no funding statement on website (3 pages) or YC page. LinkedIn/X/Crunchbase need a logged-in browser.,2026-10-01T03:43:46Z
onechronos,OneChronos,Summer 2016,No evidence found,,,,,,,,,,,,,,,,,,"Unverified Form D by same-named person: Notable Systems, Inc. 0001677555-25-000002 sold 11905104 (first sale 2025-03-21, Wilmington); likely a different person. Unverified Form D by same-named person: Notable Systems, Inc. 0001677555-25-000004 sold 18133495 (first sale 2025-03-21, Denver); likely a different person. Unverified Form D by same-named person: Notable Systems, Inc. 0001677555-26-000001 sold 21028484 (first sale 2025-03-21, Denver); likely a different person. Checked: no post-YC Form D matching the founders; no funding statement on website (3 pages) or YC page. LinkedIn/X/Crunchbase need a logged-in browser.",2026-10-01T03:43:46Z
nova-credit,Nova Credit,Summer 2016,Yes,50000000,Series B,,,2,Company website,https://www.novacredit.com/corporate-blog?category=announcements,Why we raised a $50M Series B.,,,,,,,,,High,Round date not stated on the source page; assumed post-YC because it is presented as current news. No matching post-YC Form D found.,2026-10-01T03:43:45Z
instrumentl,Instrumentl,Summer 2016,No evidence found,,,,,,,,,,,,,,,,,,Checked: no post-YC Form D matching the founders; no funding statement on website (9 pages) or YC page. LinkedIn/X/Crunchbase need a logged-in browser.,2026-10-01T03:43:48Z
rocketlit,RocketLit,Summer 2016,No evidence found,,,,,,,,,,,,,,,,,,Checked: no post-YC Form D matching the founders; no funding statement on website (1 pages) or YC page. LinkedIn/X/Crunchbase need a logged-in browser.,2026-10-01T03:43:48Z
livement,Livement,Summer 2016,No evidence found,,,,,,,,,,,,,,,,,,Checked: no post-YC Form D matching the founders; no funding statement on website (10 pages) or YC page. LinkedIn/X/Crunchbase need a logged-in browser. National register for MX not checked.,2026-10-01T03:43:49Z
rose-rocket,Rose Rocket,Summer 2016,Yes,38000000,,2023-06-20,,4,Press (linked from YC company page),https://techcrunch.com/2023/06/20/rose-rocket-whose-platform-helps-transportation-companies-communicate-raises-38m/,"Rose Rocket, whose platform helps transportation companies communicate, raises $38M | TechCrunch",,,,,,,,,Medium,No matching post-YC Form D found.,2026-10-01T03:43:48Z
vote-org,Vote.org,Summer 2016,No evidence found,,,,,,,,,,,,,,,,,,Checked: no post-YC Form D matching the founders; no funding statement on website (4 pages) or YC page. LinkedIn/X/Crunchbase need a logged-in browser.,2026-10-01T03:43:48Z
upgraded,Upgraded,Summer 2016,No evidence found,,,,,,,,,,,,,,,,,,Checked: no post-YC Form D matching the founders; no funding statement on website (1 pages) or YC page. LinkedIn/X/Crunchbase need a logged-in browser.,2026-10-01T03:43:49Z
raptor-maps,Raptor Maps,Summer 2016,Yes,22000000,Series B,2022-04-13,,4,Press (linked from YC company page),https://www.axios.com/pro/climate-deals/2022/04/13/raptor-maps-closes-22m-series-b,Raptor Maps Closes $22M Series B,,,,,,,,,Medium,No matching post-YC Form D found.,2026-10-01T03:43:49Z
joy,Joy,Summer 2016,Yes,77431283,Equity (per Form D; stage not stated),2021-07-07,,1,SEC Form D,https://www.sec.gov/Archives/edgar/data/1687988/000168798822000001/primary_doc.xml,totalAmountSold: 57431286; totalOfferingAmount: 59999998; dateOfFirstSale: 2022-03-04,0001687988,0001687988-22-000001,57431286,59999998,2022-03-04,Equity,35,"Joy Life, Inc.",High,"2 post-YC Form D offerings summed: 0001687988-21-000001 $19999997 (2021-07-07), 0001687988-22-000001 $57431286 (2022-03-04) Unverified Form D by same-named person: BOTMINDS INC 0001895817-22-000001 sold 800000 (first sale 2021-12-04, Bellevue); likely a different person.",2026-10-01T03:44:03Z
vetcove,Vetcove,Summer 2016,No evidence found,,,,,,,,,,,,,,,,,,Checked: no post-YC Form D matching the founders; no funding statement on website (3 pages) or YC page. LinkedIn/X/Crunchbase need a logged-in browser.,2026-10-01T03:43:51Z
prime-lightworks,Prime Lightworks,Summer 2016,No evidence found,,,,,,,,,,,,,,,,,,Checked: no post-YC Form D matching the founders; no funding statement on website (1 pages) or YC page. LinkedIn/X/Crunchbase need a logged-in browser.,2026-10-01T03:43:51Z
flock-safety,Flock Safety,Summer 2017,Yes,299999500,Equity (per Form D; stage not stated),2021-06-30,Tiger Global,1,SEC Form D,https://www.sec.gov/Archives/edgar/data/1751333/000175133321000002/primary_doc.xml,totalAmountSold: 150000000; totalOfferingAmount: 150000000; dateOfFirstSale: 2021-06-30,0001751333,0001751333-21-000002,150000000,150000000,2021-06-30,Equity,14,Flock Group Inc.,High,"2 post-YC Form D offerings summed: 0001751333-21-000002 $150000000 (2021-06-30), 0001751333-22-000001 $149999500 (2022-01-31) Tier 2 source states $150M (https://www.ycombinator.com/companies/flock-safety); Form D figure kept.",2026-10-01T03:43:54Z
cashfree-payments,Cashfree Payments,Summer 2017,Yes,59428582,Equity (per Form D; stage not stated),2021-02-03,,1,SEC Form D/A,https://www.sec.gov/Archives/edgar/data/1772853/000177285321000001/primary_doc.xml,totalAmountSold: 35428588; totalOfferingAmount: 35428588; dateOfFirstSale: 2021-02-03,0001772853,0001772853-21-000001,35428588,35428588,2021-02-03,Equity,5,"Cashfree, Inc.",High,"3 post-YC Form D offerings summed: 0001772853-21-000001 $35428588 (2021-02-03), 0001772853-21-000002 $999990 (2021-09-08), 0001772853-25-000001 $23000004 (2025-03-13)",2026-10-01T03:43:54Z
candidately,Candidately,Summer 2017,No evidence found,,,,,,,,,,,,,,,,,,Checked: no post-YC Form D matching the founders; no funding statement on website (2 pages) or YC page. LinkedIn/X/Crunchbase need a logged-in browser.,2026-10-01T03:43:55Z
followupthen,FollowUpThen,Summer 2017,No evidence found,,,,,,,,,,,,,,,,,,Checked: no post-YC Form D matching the founders; no funding statement on website (2 pages) or YC page. LinkedIn/X/Crunchbase need a logged-in browser.,2026-10-01T03:43:51Z
thematic,Thematic,Summer 2017,No evidence found,,,,,,,,,,,,,,,,,,Checked: no post-YC Form D matching the founders; no funding statement on website (3 pages) or YC page. LinkedIn/X/Crunchbase need a logged-in browser. National register for NZ not checked.,2026-10-01T03:43:54Z
10-by-10,10 By 10,Summer 2017,No evidence found,,,,,,,,,,,,,,,,,,Checked: no post-YC Form D matching the founders; no funding statement on website (2 pages) or YC page. LinkedIn/X/Crunchbase need a logged-in browser.,2026-10-01T03:43:54Z
forever-labs,Forever Labs,Summer 2017,No evidence found,,,,,,,,,,,,,,,,,,"Unverified Form D by same-named person: Freedom Factory Inc. 0002031618-24-000001 sold 150000 (first sale 2024-01-05, Newark); likely a different person. Checked: no post-YC Form D matching the founders; no funding statement on website (1 pages) or YC page. LinkedIn/X/Crunchbase need a logged-in browser.",2026-10-01T03:43:56Z
just-appraised,Just Appraised,Summer 2017,No evidence found,,,,,,,,,,,,,,,,,,Checked: no post-YC Form D matching the founders; no funding statement on website (9 pages) or YC page. LinkedIn/X/Crunchbase need a logged-in browser.,2026-10-01T03:43:55Z
routable,Routable,Summer 2017,Yes,29964761,Series B (Equity per Form D),2021-04-01,,1,SEC Form D,https://www.sec.gov/Archives/edgar/data/1707567/000170756721000003/primary_doc.xml,totalAmountSold: 29964761; totalOfferingAmount: 29999748; dateOfFirstSale: 2021-04-01,0001707567,0001707567-21-000003,29964761,29999748,2021-04-01,Equity,43,"ROUTABLE, INC.",High,Tier 4 source states $12M (https://www.geekwire.com/2020/founded-seattle-fintech-startup-routable-raises-12m-streamline-business-payments/); Form D figure kept.,2026-10-01T03:43:58Z
goodcover,Goodcover,Summer 2017,No evidence found,,,,,,,,,,,,,,,,,,Checked: no post-YC Form D matching the founders; no funding statement on website (5 pages) or YC page. LinkedIn/X/Crunchbase need a logged-in browser.,2026-10-01T03:43:57Z
assemblyai,AssemblyAI,Summer 2017,No evidence found,,,,,,,,,,,,,,,,,,Checked: no post-YC Form D matching the founders; no funding statement on website (12 pages) or YC page. LinkedIn/X/Crunchbase need a logged-in browser.,2026-10-01T03:43:56Z
zendar,Zendar,Summer 2017,Yes,8000000,Equity (per Form D; stage not stated),2021-04-08,,1,SEC Form D,https://www.sec.gov/Archives/edgar/data/1770645/000177064521000005/primary_doc.xml,totalAmountSold: 8000000; totalOfferingAmount: 12000000; dateOfFirstSale: 2021-04-08,0001770645,0001770645-21-000005,8000000,12000000,2021-04-08,Equity,1,Zendar Inc.,High,,2026-10-01T03:43:58Z
officely,Officely,Summer 2017,No evidence found,,,,,,,,,,,,,,,,,,Checked: no post-YC Form D matching the founders; no funding statement on website (2 pages) or YC page. LinkedIn/X/Crunchbase need a logged-in browser.,2026-10-01T03:43:58Z
may-mobility,May Mobility,Summer 2017,No evidence found,,,,,,,,,,,,,,,,,,Checked: no post-YC Form D matching the founders; no funding statement on website (8 pages) or YC page. LinkedIn/X/Crunchbase need a logged-in browser.,2026-10-01T03:43:58Z
muzz,Muzz,Summer 2017,No evidence found,,,,,,,,,,,,,,,,,,"Manual review: the $500,000 is a Ramadan charity campaign run by Muzz, not a funding round.",2026-10-01T03:43:58Z
onelocal,OneLocal,Summer 2017,No evidence found,,,,,,,,,,,,,,,,,,Checked: no post-YC Form D matching the founders; no funding statement on website (4 pages) or YC page. LinkedIn/X/Crunchbase need a logged-in browser. National register for CA not checked.,2026-10-01T03:43:58Z
sourceress,Sourceress,Summer 2017,Yes,200000000,,2023-09-07,,4,Press (linked from YC company page),https://techcrunch.com/2023/09/07/imbue-raises-200m-to-build-ai-models-that-can-robustly-reason,Imbue raises $200M to build AI models that can 'robustly reason' | TechCrunch,,,,,,,,,Medium,No matching post-YC Form D found.,2026-10-01T03:44:03Z
oncobox,Oncobox,Summer 2017,No evidence found,,,,,,,,,,,,,,,,,,Checked: no post-YC Form D matching the founders; no funding statement on website (1 pages) or YC page. LinkedIn/X/Crunchbase need a logged-in browser.,2026-10-01T03:44:02Z
tesseract,Tesseract,Summer 2017,No evidence found,,,,,,,,,,,,,,,,,,"Unverified Form D by same-named person: Clip Money Inc. 0001567619-23-003899 sold 911778 (first sale 2023-02-10, Toronto); likely a different person. Unverified Form D by same-named person: Oplign, LLC 0001957729-25-000002 sold 254579 (first sale 2025-03-24, Norfolk); likely a different person. Unverified Form D by same-named person: Oplign, LLC 0001957729-25-000003 sold 254579 (first sale 2025-03-24, Norfolk); likely a different person. Checked: no post-YC Form D matching the founders; no funding statement on website (1 pages) or YC page. LinkedIn/X/Crunchbase need a logged-in browser.",2026-10-01T03:44:10Z
d-id,D-ID,Summer 2017,No evidence found,,,,,,,,,,,,,,,,,,Checked: no post-YC Form D matching the founders; no funding statement on website (8 pages) or YC page. LinkedIn/X/Crunchbase need a logged-in browser. National register for IL not checked.,2026-10-01T03:44:03Z
skyscrape,Skyscrape,Summer 2017,No evidence found,,,,,,,,,,,,,,,,,,Checked: no post-YC Form D matching the founders; no funding statement on website (1 pages) or YC page. LinkedIn/X/Crunchbase need a logged-in browser.,2026-10-01T03:44:01Z
flowspace,Flowspace,Summer 2017,Yes,12000000,Series A,,,2,Company website,https://flow.space/news,Flowspace Raises $12M in Series A Financing.,,,,,,,,,High,Round date not stated on the source page; assumed post-YC because it is presented as current news. No matching post-YC Form D found.,2026-10-01T03:44:02Z
airthium,Airthium,Summer 2017,Yes,799994,Equity (per Form D; stage not stated),2017-06-14,,1,SEC Form D,https://www.sec.gov/Archives/edgar/data/1833928/000183392822000001/primary_doc.xml,totalAmountSold: 499994; totalOfferingAmount: 499994; dateOfFirstSale: 2017-06-14,0001833928,0001833928-22-000001,499994,499994,2017-06-14,Equity,10,Airthium Inc.,High,"2 post-YC Form D offerings summed: 0001833928-22-000001 $499994 (2017-06-14), 0001833928-22-000002 $300000 (2021-04-30) First sale is close to batch start, so the Form D total may include YC's $500K.",2026-10-01T03:44:04Z
tpaga,tpaga,Summer 2017,No evidence found,,,,,,,,,,,,,,,,,,"Unverified Form D by same-named person: CEIS Holdings, LLC 0001958828-22-000001 sold 13992500 (first sale 2022-12-09, Miami); likely a different person. Unverified Form D by same-named person: CEIS Holdings, LLC 0001958828-23-000001 sold 10307500 (first sale 2023-02-17, Miami); likely a different person. Unverified Form D by same-named person: CEIS Holdings, LLC 0001958828-23-000002 sold 5900000 (first sale 2023-07-31, Miami); likely a different person. Checked: no post-YC Form D matching the founders; no funding statement on website (2 pages) or YC page. LinkedIn/X/Crunchbase need a logged-in browser. National register for CO not checked.",2026-10-01T03:44:08Z
rev-genomics,Rev Genomics,Summer 2017,No evidence found,,,,,,,,,,,,,,,,,,Checked: no post-YC Form D matching the founders; no funding statement on website (2 pages) or YC page. LinkedIn/X/Crunchbase need a logged-in browser.,2026-10-01T03:44:03Z
pyka,Pyka,Summer 2017,No evidence found,,,,,,,,,,,,,,,,,,Checked: no post-YC Form D matching the founders; no funding statement on website (2 pages) or YC page. LinkedIn/X/Crunchbase need a logged-in browser.,2026-10-01T03:44:09Z
entocycle,Entocycle,Summer 2017,Yes,5000000,,2023-01-31,,4,Press (linked from YC company page),https://www.businessinsider.com/entocycle-insect-farming-startup-5-million-pitch-deck-2023-1,Entocycle: Y Combinator-Backed Insect Farm Startup Raises $5 Million,,,,,,,,,Medium,No matching post-YC Form D found.,2026-10-01T03:44:04Z
helpwear,HelpWear,Summer 2017,No evidence found,,,,,,,,,,,,,,,,,,Checked: no post-YC Form D matching the founders; no funding statement on website (6 pages) or YC page. LinkedIn/X/Crunchbase need a logged-in browser. National register for CA not checked.,2026-10-01T03:44:04Z
pop-meals,Pop Meals,Summer 2017,No evidence found,,,,,,,,,,,,,,,,,,Checked: no post-YC Form D matching the founders; no funding statement on website (3 pages) or YC page. LinkedIn/X/Crunchbase need a logged-in browser. National register for MY not checked.,2026-10-01T03:44:07Z
cairns-health,Cairns Health,Summer 2017,No evidence found,,,,,,,,,,,,,,,,,,Checked: no post-YC Form D matching the founders; no funding statement on website (0 pages) or YC page. LinkedIn/X/Crunchbase need a logged-in browser.,2026-10-01T03:44:08Z
rabbet,Rabbet,Summer 2017,No evidence found,,,,,,,,,,,,,,,,,,Checked: no post-YC Form D matching the founders; no funding statement on website (8 pages) or YC page. LinkedIn/X/Crunchbase need a logged-in browser.,2026-10-01T03:44:06Z
upfort,Upfort,Summer 2017,Yes,8000000,Series A,,,2,Company website,https://www.upfort.com/category/announcements?f8c416d3_page=3,Cyber Security and Insurance Platform Upfort Raises $8 Million in Series A Funding.,,,,,,,,,High,Round date not stated on the source page; assumed post-YC because it is presented as current news. No matching post-YC Form D found.,2026-10-01T03:44:09Z
prelim,Prelim,Summer 2017,No evidence found,,,,,,,,,,,,,,,,,,Checked: no post-YC Form D matching the founders; no funding statement on website (7 pages) or YC page. LinkedIn/X/Crunchbase need a logged-in browser.,2026-10-01T03:44:09Z
advano,Advano,Summer 2017,Yes,20798837,Convertible note (per Form D; stage not stated),2021-03-31,,1,SEC Form D/A,https://www.sec.gov/Archives/edgar/data/1676617/000167661721000003/primary_doc.xml,totalAmountSold: 11340807; totalOfferingAmount: 14000000; dateOfFirstSale: 2021-03-31,0001676617,0001676617-21-000003,11340807,14000000,2021-03-31,Debt; OptionToAcquire; SecurityToBeAcquired,33,"Advano, Inc.",High,"2 post-YC Form D offerings summed: 0001676617-21-000003 $11340807 (2021-03-31), 0001676617-22-000001 $9458030 (2022-10-20) Unverified Form D by same-named person: Nanostar, Inc. 0001676617-21-000001 sold 4650000 (first sale 2021-03-31, New Orleans); likely a different person.",2026-10-01T03:44:12Z
carrot-fertility,Carrot Fertility,Summer 2017,Yes,75000000,Series C,2021-08-17,,4,Press (linked from YC company page),https://www.forbes.com/sites/rebeccaszkutak/2021/08/17/fertility-startup-carrot-raises-75-million-in-a-series-c-round-led-by-tiger-global/?sh=60e990924218,Fertility Startup Carrot Raises $75 Million In A Series C Round Led By Tiger Global,,,,,,,,,Medium,No matching post-YC Form D found.,2026-10-01T03:44:10Z
relationship-hero,Relationship Hero,Summer 2017,No evidence found,,,,,,,,,,,,,,,,,,Checked: no post-YC Form D matching the founders; no funding statement on website (10 pages) or YC page. LinkedIn/X/Crunchbase need a logged-in browser.,2026-10-01T03:44:09Z
cocusocial,CocuSocial,Summer 2017,No evidence found,,,,,,,,,,,,,,,,,,Checked: no post-YC Form D matching the founders; no funding statement on website (2 pages) or YC page. LinkedIn/X/Crunchbase need a logged-in browser. National register for CA not checked.,2026-10-01T03:44:16Z
therecraft,ThereCraft,Summer 2017,No evidence found,,,,,,,,,,,,,,,,,,Checked: no post-YC Form D matching the founders; no funding statement on website (1 pages) or YC page. LinkedIn/X/Crunchbase need a logged-in browser.,2026-10-01T03:44:10Z
safebutler,SafeButler,Summer 2017,No evidence found,,,,,,,,,,,,,,,,,,Checked: no post-YC Form D matching the founders; no funding statement on website (3 pages) or YC page. LinkedIn/X/Crunchbase need a logged-in browser.,2026-10-01T03:44:13Z
darmiyan,Darmiyan,Summer 2017,Yes,3536249,Equity (per Form D; stage not stated),2023-10-10,,1,SEC Form D,https://www.sec.gov/Archives/edgar/data/1740573/000174057323000001/primary_doc.xml,totalAmountSold: 3536249; totalOfferingAmount: 3536249; dateOfFirstSale: 2023-10-10,0001740573,0001740573-23-000001,3536249,3536249,2023-10-10,Equity,5,"Darmiyan, Inc.",High,"Form D clarification: Total Offering Amount and Total Amount Sold includes $3,536,249.73 in connection with the conversion of convertible notes and simple agreements for future equity.",2026-10-01T03:44:13Z
nimble,Nimble,Summer 2017,No evidence found,,,,,,,,,,,,,,,,,,Checked: no post-YC Form D matching the founders; no funding statement on website (6 pages) or YC page. LinkedIn/X/Crunchbase need a logged-in browser.,2026-10-01T03:44:17Z
roofr,Roofr,Summer 2017,Yes,23500000,,2023-10-18,,4,Press (linked from YC company page),https://www.finsmes.com/2023/10/roofr-raises-23-5m-in-funding.html,Roofr Raises $23.5M in Funding,,,,,,,,,Medium,No matching post-YC Form D found.,2026-10-01T03:44:13Z
standard-ai,Standard AI,Summer 2017,Yes,150566400,Equity (per Form D; stage not stated),2021-02-05,,1,SEC Form D,https://www.sec.gov/Archives/edgar/data/1755359/000175535921000001/primary_doc.xml,totalAmountSold: 149566400; totalOfferingAmount: 149566400; dateOfFirstSale: 2021-02-05,0001755359,0001755359-21-000001,149566400,149566400,2021-02-05,Equity,13,"Standard Cognition, Corp.",High,"2 post-YC Form D offerings summed: 0001755359-21-000001 $149566400 (2021-02-05), 0001755359-26-000004 $1000000 (2026-08-07) Unverified Form D by same-named person: Scanifly Inc. 0001192482-21-000057 sold 2272410 (first sale 2020-12-29, Hightstown); likely a different person. Unverified Form D by same-named person: NWI Serrano, LLC 0001860119-21-000001 sold 8260000 (first sale 2021-04-26, San Clemente); likely a different person. Unverified Form D by same-named person: NWI Lofts, LLC 0001860398-21-000001 sold 4614539 (first sale 2021-04-23, San Clemente); likely a different person. Unverified Form D by same-named person: Scanifly Inc. 0001878646-22-000009 sold 10000002 (first sale 2022-02-17, Hightstown); likely a different person. Unverified Form D by same-named person: NWI HUNTLEY, LLC 0001931918-22-000002 sold 8500000 (first sale 2022-05-23, San Clemente); likely a different person. Unverified Form D by same-named person: NWI HUNTLEY, LLC 0001931918-22-000003 sold 8500000 (first sale 2022-05-23, San Clemente); likely a different person. Unverified Form D by same-named person: NWRP NASH, LLC 0001947641-22-000001 sold 1494444 (first sale 2022-09-15, San Clemente); likely a different person. Unverified Form D by same-named person: NWI NASH, LLC 0001947999-22-000001 sold 14944444 (first sale 2022-09-15, San Clemente); likely a different person. Unverified Form D by same-named person: Volley Boast, LLC 0001819462-23-000001 sold 354651 (first sale 2020-06-14, Houston); likely a d",2026-10-01T03:44:29Z
upcodes,UpCodes,Summer 2017,No evidence found,,,,,,,,,,,,,,,,,,Checked: no post-YC Form D matching the founders; no funding statement on website (5 pages) or YC page. LinkedIn/X/Crunchbase need a logged-in browser.,2026-10-01T03:44:17Z
helium-health,Helium Health,Summer 2017,No evidence found,,,,,,,,,,,,,,,,,,Checked: no post-YC Form D matching the founders; no funding statement on website (10 pages) or YC page. LinkedIn/X/Crunchbase need a logged-in browser. National register for NG not checked.,2026-10-01T03:44:13Z
releaf-earth,Releaf Earth,Summer 2017,Yes,3300000,,2023-01-09,,4,Press (linked from YC company page),https://techcabal.com/2023/01/09/yc-backed-releaf-raises-3-3-million-pre-series-a-to-improve-technologies-for-food-processing-in-africa/,Releaf raises $3.3 million to improve food processing in Africa,,,,,,,,,Medium,No matching post-YC Form D found.,2026-10-01T03:44:17Z
leon-and-george,Leon & George,Summer 2017,No evidence found,,,,,,,,,,,,,,,,,,Checked: no post-YC Form D matching the founders; no funding statement on website (4 pages) or YC page. LinkedIn/X/Crunchbase need a logged-in browser.,2026-10-01T03:44:15Z
bloom-institute-of-technology,Bloom Institute of Technology,Summer 2017,Yes,74000000,Series C,,Gigafund.,2,Company website,https://www.bloomtech.com/blog-topic/announcements,Today we’re announcing that BloomTech has raised $74 million in a Series C funding round led by Gigafund.,,,,,,,,,High,"Unverified Form D by same-named person: BloomTech Inc. 0001821413-24-000002 sold 14602342 (first sale 2024-02-14, San Francisco); likely a different person. Round date not stated on the source page; assumed post-YC because it is presented as current news. No matching post-YC Form D found.",2026-10-01T03:44:26Z
x3-builders,Aecore,Summer 2017,No evidence found,,,,,,,,,,,,,,,,,,Checked: no post-YC Form D matching the founders; no funding statement on website (1 pages) or YC page. LinkedIn/X/Crunchbase need a logged-in browser.,2026-10-01T03:44:19Z
vergesense,VergeSense,Summer 2017,Yes,12000000,,2020-12-22,,4,Press (linked from YC company page),https://venturebeat.com/business/vergesense-raises-12-million-to-bring-workplace-analytics-to-physical-spaces/,VergeSense raises $12 million to bring workplace analytics to physical spaces | VentureBeat,,,,,,,,,Medium,"Unverified Form D by same-named person: ReddyPort, Inc. 0001745275-23-000002 sold 2488295 (first sale 2023-11-20, Salt Lake City); likely a different person. Unverified Form D by same-named person: ReddyPort, Inc. 0001745275-25-000002 sold 251910 (first sale 2025-10-16, Salt Lake City); likely a different person. No matching post-YC Form D found.",2026-10-01T03:44:18Z
nobell-foods,Nobell Foods,Summer 2017,Yes,102416839,Equity (per Form D; stage not stated),2019-09-13,,1,SEC Form D,https://www.sec.gov/Archives/edgar/data/1876059/000156761921015031/primary_doc.xml,totalAmountSold: 74999961; totalOfferingAmount: 74999961; dateOfFirstSale: 2021-06-28,0001876059,0001567619-21-015031,74999961,74999961,2021-06-28,Equity,14,"Nobell Foods, Inc.",High,"2 post-YC Form D offerings summed: 0001567619-21-016131 $27416878 (2019-09-13), 0001567619-21-015031 $74999961 (2021-06-28)",2026-10-01T03:44:19Z
long-term-stock-exchange,Long Term Stock Exchange,Summer 2017,Yes,104187777,Equity (per Form D; stage not stated),2022-06-23,,1,SEC Form D/A,https://www.sec.gov/Archives/edgar/data/1680712/000168071222000004/primary_doc.xml,totalAmountSold: 103352935; totalOfferingAmount: 103352935; dateOfFirstSale: 2022-06-23,0001680712,0001680712-22-000004,103352935,103352935,2022-06-23,Equity,10,"LTSE Services, Inc.",High,"Legal name differs from brand; matched on related person(s) Eric Ries, John Bautista, issuer in San Francisco, CA. 2 post-YC Form D offerings summed: 0001680712-22-000004 $103352935 (2022-06-23), 0001680712-22-000005 $834842 (2022-06-23)",2026-10-01T03:44:26Z
skyways,Skyways,Summer 2017,No evidence found,,,,,,,,,,,,,,,,,,Checked: no post-YC Form D matching the founders; no funding statement on website (3 pages) or YC page. LinkedIn/X/Crunchbase need a logged-in browser.,2026-10-01T03:44:21Z
fazz,FAZZ,Summer 2017,Yes,100000000,Series C,2022-09-13,,4,Press (linked from YC company page),https://techcrunch.com/2022/09/13/southeast-asian-fintech-fazz-raises-100m-series-c-to-serve-businesses-of-all-sizes/amp/,Southeast Asian fintech Fazz raises $100M Series C to serve businesses of all sizes • TechCrunch,,,,,,,,,Medium,No matching post-YC Form D found.,2026-10-01T03:44:20Z
jerry-inc,Jerry,Summer 2017,No evidence found,,,,,,,,,,,,,,,,,,Checked: no post-YC Form D matching the founders; no funding statement on website (4 pages) or YC page. LinkedIn/X/Crunchbase need a logged-in browser.,2026-10-01T03:44:28Z
clipboard,Clipboard,Winter 2017,Yes,80000000,,2022-04-18,,4,Press (linked from YC company page),https://techcrunch.com/2022/04/18/clipboard-health-which-matches-health-workers-with-facilities-raises-80m/,"Clipboard Health, which matches health workers with facilities, raises $80M – TechCrunch",,,,,,,,,Medium,No matching post-YC Form D found.,2026-10-01T03:44:20Z
faire,Faire,Winter 2017,Yes,856212536,Equity (per Form D; stage not stated),2021-06-08,,1,SEC Form D/A,https://www.sec.gov/Archives/edgar/data/1763016/000176301622000001/primary_doc.xml,totalAmountSold: 596212662; totalOfferingAmount: 596212662; dateOfFirstSale: 2021-11-15,0001763016,0001763016-22-000001,596212662,596212662,2021-11-15,Equity,24,"Faire Wholesale, Inc.",High,"2 post-YC Form D offerings summed: 0001763016-21-000002 $259999874 (2021-06-08), 0001763016-22-000001 $596212662 (2021-11-15)",2026-10-01T03:44:26Z
rippling,Rippling,Winter 2017,Yes,1800000000,,,,2,Company website,https://www.rippling.com/company/press,"Based in San Francisco, CA, Rippling has raised $1.8B from Kleiner Perkins, Founders Fund, Sequoia, and Bedrock, among others and has been named to",,,,,,,,,High,Round date not stated on the source page; assumed post-YC because it is presented as current news. Other stated figure: $1.2B (https://www.ycombinator.com/companies/rippling). No matching post-YC Form D found.,2026-10-01T03:44:24Z
sigma-genetics,Sigma Genetics,Winter 2017,No evidence found,,,,,,,,,,,,,,,,,,"Unverified Form D by same-named person: Oisin Biotechnologies, Inc. 0001801885-21-000001 sold 9531365 (first sale 2020-06-10, Seattle); likely a different person. Unverified Form D by same-named person: Oisin Biotechnologies, Inc. 0001801885-21-000002 sold 475000 (first sale 2021-07-24, Seattle); likely a different person. Unverified Form D by same-named person: OncoSenX, Inc. 0001780610-21-000001 sold 650000 (first sale 2021-07-22, Seattle); likely a different person. Unverified Form D by same-named person: Oisin Biotechnologies, Inc. 0001801885-24-000001 sold 5380000 (first sale 2024-06-28, Seattle); likely a different person. Checked: no post-YC Form D matching the founders; no funding statement on website (1 pages) or YC page. LinkedIn/X/Crunchbase need a logged-in browser.",2026-10-01T03:44:30Z
aclu,ACLU,Winter 2017,No evidence found,,,,,,,,,,,,,,,,,,Checked: no post-YC Form D matching the founders; no funding statement on website (7 pages) or YC page. LinkedIn/X/Crunchbase need a logged-in browser.,2026-10-01T03:44:24Z
retool,Retool,Winter 2017,No evidence found,,,,,,,,,,,,,,,,,,"Unverified Form D by same-named person: BF Member LLC 0001786022-21-000002 sold 4375334 (first sale 2019-09-06, Bellevue); likely a different person. Unverified Form D by same-named person: BF Member LLC 0001786022-21-000001 sold 4375334 (first sale 2019-09-06, Bellevue); likely a different person. Unverified Form D by same-named person: Bellevue Funding LLC 0001786021-21-000001 sold 4485804 (first sale 2019-09-18, Bellevue); likely a different person. Unverified Form D by same-named person: Xilis, Inc. 0001796056-21-000001 sold 70000006 (first sale 2021-06-24, Chapel Hill); likely a different person. Unverified Form D by same-named person: urban-gro, Inc. 0001493152-21-019041 sold 2000000 (first sale 2021-07-30, Lafayette); likely a different person. Unverified Form D by same-named person: BF Member LLC 0001786022-22-000001 sold 7558671 (first sale 2019-09-06, Bellevue); likely a different person. Unverified Form D by same-named person: Bellevue Funding LLC 0001786021-22-000001 sold 9137272 (first sale 2019-09-18, Bellevue); likely a different person. Unverified Form D by same-named person: Xilis, Inc. 0001796056-22-000001 sold 16514618 (first sale 2022-06-01, Durham); likely a different person. Unverified Form D by same-named person: BF Member LLC 0001786022-23-000002 sold 12983799 (first sale 2019-09-06, Bellevue); likely a different person. Unverified Form D by same-named person: Bellevue Funding LLC 0001786021-23-000002 sold 12983799 (first sale 2019-09-18, Bellevue); li",2026-10-01T03:44:32Z
helix-nanotechnologies,Helix Nanotechnologies,Winter 2017,No evidence found,,,,,,,,,,,,,,,,,,Checked: no post-YC Form D matching the founders; no funding statement on website (3 pages) or YC page. LinkedIn/X/Crunchbase need a logged-in browser.,2026-10-01T03:44:27Z
mirror-ai,Mirror AI,Winter 2017,No evidence found,,,,,,,,,,,,,,,,,,Checked: no post-YC Form D matching the founders; no funding statement on website (0 pages) or YC page. LinkedIn/X/Crunchbase need a logged-in browser.,2026-10-01T03:44:27Z
dost-education,Dost Education,Winter 2017,No evidence found,,,,,,,,,,,,,,,,,,Checked: no post-YC Form D matching the founders; no funding statement on website (3 pages) or YC page. LinkedIn/X/Crunchbase need a logged-in browser. National register for IN not checked.,2026-10-01T03:44:31Z
lively-inc,"Lively, Inc.",Winter 2017,Yes,79999942,Equity (per Form D; stage not stated),2021-09-03,,1,SEC Form D,https://www.sec.gov/Archives/edgar/data/1758834/000175883421000001/primary_doc.xml,totalAmountSold: 79999942; totalOfferingAmount: 79999942; dateOfFirstSale: 2021-09-03,0001758834,0001758834-21-000001,79999942,79999942,2021-09-03,Equity,13,"Lively, Inc.",High,"Form D clarification: Series C-1 Preferred Stock, Series C-2 Preferred Stock, and the common stock issuable upon conversion thereof.",2026-10-01T03:44:32Z
the-centre-for-effective-altruism,The Centre for Effective Altruism,Winter 2017,No evidence found,,,,,,,,,,,,,,,,,,Checked: no post-YC Form D matching the founders; no funding statement on website (10 pages) or YC page. LinkedIn/X/Crunchbase need a logged-in browser.,2026-10-01T03:44:30Z
indee-labs,Indee Labs,Winter 2017,No evidence found,,,,,,,,,,,,,,,,,,Checked: no post-YC Form D matching the founders; no funding statement on website (5 pages) or YC page. LinkedIn/X/Crunchbase need a logged-in browser.,2026-10-01T03:44:30Z
onefin,OneFin,Winter 2017,No evidence found,,,,,,,,,,,,,,,,,,Checked: no post-YC Form D matching the founders; no funding statement on website (2 pages) or YC page. LinkedIn/X/Crunchbase need a logged-in browser. National register for IN not checked.,2026-10-01T03:44:33Z
wifi-dabba-inc,"Wifi Dabba, Inc.",Winter 2017,No evidence found,,,,,,,,,0001850559,,,,,,,Wifi Dabba Inc.,,unsold Form D 0001850559-21-000001: sold 0 first sale yetToOccur Checked: no post-YC Form D matching the founders; no funding statement on website (4 pages) or YC page. LinkedIn/X/Crunchbase need a logged-in browser. National register for IN not checked.,2026-10-01T03:44:34Z
delee,Delee,Winter 2017,No evidence found,,,,,,,,,,,,,,,,,,Checked: no post-YC Form D matching the founders; no funding statement on website (1 pages) or YC page. LinkedIn/X/Crunchbase need a logged-in browser. National register for MX not checked.,2026-10-01T03:44:36Z
nanonets,NanoNets,Winter 2017,No evidence found,,,,,,,,,,,,,,,,,,"Unverified Form D by same-named person: Nano Net Technologies Inc. 0001890971-21-000001 sold 11395000 (first sale 2021-10-06, San Francisco); likely a different person. Unverified Form D by same-named person: Nano Net Technologies Inc. 0001890971-24-000002 sold 29279129 (first sale 2024-03-04, Santa Clara); likely a different person. Checked: no post-YC Form D matching the founders; no funding statement on website (5 pages) or YC page. LinkedIn/X/Crunchbase need a logged-in browser.",2026-10-01T03:44:32Z
bios-health,BIOS Health,Winter 2017,No evidence found,,,,,,,,,,,,,,,,,,Checked: no post-YC Form D matching the founders; no funding statement on website (3 pages) or YC page. LinkedIn/X/Crunchbase need a logged-in browser.,2026-10-01T03:44:34Z
nomba,Nomba,Winter 2017,Yes,30000000,,2023-05-02,,4,Press (linked from YC company page),https://techcrunch.com/2023/05/02/african-payment-service-provider-nomba-raises-30m-backed-by-base10-partners-and-shopify/,"African payment service provider Nomba raises $30M, backed by Base10 Partners and Shopify | TechCrunch",,,,,,,,,Medium,No matching post-YC Form D found.,2026-10-01T03:44:36Z
aon3d,AON3D,Winter 2017,Yes,11500000,Series A,2021-09-02,,4,Press (linked from YC company page),https://techcrunch.com/2021/09/02/3d-printing-startup-aon3d-closes-11-5m-series-a/,"AON3D closes $11.5M Series A, partners with Astrobotic to send 3D-printed parts to the moon – TechCrunch",,,,,,,,,Medium,"Unverified Form D by same-named person: Premium Peanut, LLC 0001376474-21-000144 sold 200000 (first sale 2021-04-28, Douglas); likely a different person. Unverified Form D by same-named person: Premium Peanut, LLC 0001376474-21-000160 sold 13500 (first sale 2021-04-28, Douglas); likely a different person. Unverified Form D by same-named person: RoofMarketplace inc. 0001866949-21-000001 sold 1100000 (first sale 2021-05-24, Whitewater); likely a different person. Unverified Form D by same-named person: Premium Peanut, LLC 0001376474-21-000197 sold 607500 (first sale 2021-04-28, Douglas); likely a different person. Unverified Form D by same-named person: RoofMarketplace inc. 0001866949-22-000002 sold 4675000 (first sale 2022-07-22, Whitewater); likely a different person. Unverified Form D by same-named person: Finquility Inc. 0001954996-22-000002 sold 20000 (first sale 2022-11-18, Houston); likely a different person. Unverified Form D by same-named person: Finquility Inc. 0001954996-23-000001 sold 95000 (first sale 2022-11-18, Houston); likely a different person. Unverified Form D by same-named person: Finquility Inc. 0001954996-24-000001 sold 115000 (first sale 2022-11-18, Houston); likely a different person. No matching post-YC Form D found.",2026-10-01T03:44:41Z
buypower,BuyPower,Winter 2017,No evidence found,,,,,,,,,,,,,,,,,,Checked: no post-YC Form D matching the founders; no funding statement on website (10 pages) or YC page. LinkedIn/X/Crunchbase need a logged-in browser. National register for NG not checked.,2026-10-01T03:44:36Z
apozy,Apozy,Winter 2017,No evidence found,,,,,,,,,,,,,,,,,,Checked: no post-YC Form D matching the founders; no funding statement on website (3 pages) or YC page. LinkedIn/X/Crunchbase need a logged-in browser.,2026-10-01T03:44:52Z
reliance-health,Reliance Health,Winter 2017,Yes,48267398,Series A (Equity per Form D),2020-03-11,Partech,1,SEC Form D,https://www.sec.gov/Archives/edgar/data/1908845/000190884522000002/primary_doc.xml,totalAmountSold: 40000008; totalOfferingAmount: 40000008; dateOfFirstSale: 2022-01-25,0001908845,0001908845-22-000002,40000008,40000008,2022-01-25,Equity,9,Reliance Health Inc.,High,"2 post-YC Form D offerings summed: 0001908845-22-000001 $8267390 (2020-03-11), 0001908845-22-000002 $40000008 (2022-01-25)",2026-10-01T03:44:39Z
hogaru,Hogaru,Winter 2017,No evidence found,,,,,,,,,,,,,,,,,,Checked: no post-YC Form D matching the founders; no funding statement on website (4 pages) or YC page. LinkedIn/X/Crunchbase need a logged-in browser. National register for CO not checked.,2026-10-01T03:44:37Z
plane,Plane,Winter 2017,No evidence found,,,,,,,,,,,,,,,,,,Checked: no post-YC Form D matching the founders; no funding statement on website (4 pages) or YC page. LinkedIn/X/Crunchbase need a logged-in browser.,2026-10-01T03:44:39Z
bitrise,Bitrise,Winter 2017,Yes,95873417,Series B (Equity per Form D),2021-11-05,,1,SEC Form D,https://www.sec.gov/Archives/edgar/data/1704060/000170406021000004/primary_doc.xml,totalAmountSold: 95873417; totalOfferingAmount: 95873417; dateOfFirstSale: 2021-11-05,0001704060,0001704060-21-000004,95873417,95873417,2021-11-05,Equity,18,"Bitrise, Inc.",High,Tier 2 source states $20 million (https://bitrise.io/press); Form D figure kept.,2026-10-01T03:44:44Z
solugen,Solugen,Winter 2017,Yes,356949936,Series B (Equity per Form D),2021-09-02,Founders Fund,1,SEC Form D,https://www.sec.gov/Archives/edgar/data/1756965/000175696521000001/primary_doc.xml,totalAmountSold: 356949936; totalOfferingAmount: 356949936; dateOfFirstSale: 2021-09-02,0001756965,0001756965-21-000001,356949936,356949936,2021-09-02,Equity,16,"Solugen, Inc.",High,Tier 2 source states $32 million (https://solugen.com/about/); Form D figure kept.,2026-10-01T03:44:41Z
bulk-mro-industrial-supply,Bulk MRO Industrial Supply,Winter 2017,No evidence found,,,,,,,,,,,,,,,,,,Checked: no post-YC Form D matching the founders; no funding statement on website (5 pages) or YC page. LinkedIn/X/Crunchbase need a logged-in browser. National register for IN not checked.,2026-10-01T03:44:41Z
fastjvm,FastJVM,Winter 2017,No evidence found,,,,,,,,,,,,,,,,,,Checked: no post-YC Form D matching the founders; no funding statement on website (10 pages) or YC page. LinkedIn/X/Crunchbase need a logged-in browser.,2026-10-01T03:44:40Z
alemhealth,AlemHealth,Winter 2017,No evidence found,,,,,,,,,,,,,,,,,,Checked: no post-YC Form D matching the founders; no funding statement on website (10 pages) or YC page. LinkedIn/X/Crunchbase need a logged-in browser. National register for SG not checked.,2026-10-01T03:44:47Z
request-network,Request Network,Winter 2017,No evidence found,,,,,,,,,,,,,,,,,,Checked: no post-YC Form D matching the founders; no funding statement on website (9 pages) or YC page. LinkedIn/X/Crunchbase need a logged-in browser. National register for FR not checked.,2026-10-01T03:44:43Z
collectly,Collectly,Winter 2017,Yes,29000000,Series A,,Sapphire Ventures,2,Company website,https://www.collectly.co/blog/collectly-series-a-29m-funding,"software for medical groups, today announced the closing of a $29 million Series A funding round led by Sapphire Ventures .",,,,,,,,,High,Round date not stated on the source page; assumed post-YC because it is presented as current news. No matching post-YC Form D found.,2026-10-01T03:44:42Z
aella,Aella,Winter 2017,No evidence found,,,,,,,,,,,,,,,,,,Checked: no post-YC Form D matching the founders; no funding statement on website (3 pages) or YC page. LinkedIn/X/Crunchbase need a logged-in browser. National register for NG not checked.,2026-10-01T03:44:43Z
tolemi,Tolemi,Winter 2017,No evidence found,,,,,,,,,,,,,,,,,,Checked: no post-YC Form D matching the founders; no funding statement on website (10 pages) or YC page. LinkedIn/X/Crunchbase need a logged-in browser.,2026-10-01T03:44:45Z
wright-electric,Wright Electric,Winter 2017,No evidence found,,,,,,,,,,,,,,,,,,Checked: no post-YC Form D matching the founders; no funding statement on website (4 pages) or YC page. LinkedIn/X/Crunchbase need a logged-in browser.,2026-10-01T03:44:46Z
veryfi-inc,"Veryfi, Inc.",Winter 2017,Yes,18752300,Equity (per Form D; stage not stated),2021-03-19,,1,SEC Form D,https://www.sec.gov/Archives/edgar/data/1855354/000185535421000001/primary_doc.xml,totalAmountSold: 18752300; totalOfferingAmount: 18752300; dateOfFirstSale: 2021-03-19,0001855354,0001855354-21-000001,18752300,18752300,2021-03-19,Equity,7,"Veryfi, Inc.",High,Form D clarification: Includes conversion of SAFEs valued at Series A price per share,2026-10-01T03:44:46Z
mednet,Mednet,Winter 2017,No evidence found,,,,,,,,,,,,,,,,,,Checked: no post-YC Form D matching the founders; no funding statement on website (5 pages) or YC page. LinkedIn/X/Crunchbase need a logged-in browser.,2026-10-01T03:44:48Z
snappr,Snappr,Winter 2017,Yes,28000000,Series B,,Foundry.,2,Company website,https://www.snappr.com/press,Snappr raised $28 million in Series B funding led by Foundry.,,,,,,,,,High,Round date not stated on the source page; assumed post-YC because it is presented as current news. No matching post-YC Form D found.,2026-10-01T03:44:46Z
token-transit,Token Transit,Winter 2017,No evidence found,,,,,,,,,,,,,,,,,,Checked: no post-YC Form D matching the founders; no funding statement on website (9 pages) or YC page. LinkedIn/X/Crunchbase need a logged-in browser.,2026-10-01T03:44:48Z
ambient-ai,Ambient.ai,Winter 2017,Yes,20000000,,,,2,Company website,https://www.ambient.ai/press,Ambient.ai Raises $20M Strategic Growth Investment from Allegion Ventures.,,,,,,,,,High,Round date not stated on the source page; assumed post-YC because it is presented as current news. No matching post-YC Form D found.,2026-10-01T03:44:47Z
rankscience,RankScience,Winter 2017,No evidence found,,,,,,,,,,,,,,,,,,Checked: no post-YC Form D matching the founders; no funding statement on website (5 pages) or YC page. LinkedIn/X/Crunchbase need a logged-in browser.,2026-10-01T03:44:47Z
the-essential,The Essential,Winter 2017,No evidence found,,,,,,,,,,,,,,,,,,Checked: no post-YC Form D matching the founders; no funding statement on website (2 pages) or YC page. LinkedIn/X/Crunchbase need a logged-in browser.,2026-10-01T03:44:48Z
upcall,Upcall,Winter 2017,No evidence found,,,,,,,,,,,,,,,,,,Checked: no post-YC Form D matching the founders; no funding statement on website (3 pages) or YC page. LinkedIn/X/Crunchbase need a logged-in browser.,2026-10-01T03:44:48Z
nuvola,Nuvola,Winter 2017,No evidence found,,,,,,,,,,,,,,,,,,Checked: no post-YC Form D matching the founders; no funding statement on website (4 pages) or YC page. LinkedIn/X/Crunchbase need a logged-in browser.,2026-10-01T03:44:49Z
ledger-investing,Ledger Investing,Winter 2017,Yes,75000000,Series B (Equity per Form D),2022-06-15,WestCap,1,SEC Form D,https://www.sec.gov/Archives/edgar/data/1822527/000182252722000001/primary_doc.xml,totalAmountSold: 75000000; totalOfferingAmount: 75000000; dateOfFirstSale: 2022-06-15,0001822527,0001822527-22-000001,75000000,75000000,2022-06-15,Equity,15,"Ledger Investing, Inc.",High,"Unverified Form D by same-named person: Route Dynamics Corp. 0001726344-21-000001 sold 5600000 (first sale 2019-03-20, Maple Glen); likely a different person. Unverified Form D by same-named person: Route Dynamics Corp. 0001726344-21-000002 sold 1035000 (first sale 2021-02-23, Maple Glen); likely a different person. Unverified Form D by same-named person: Nexteon Technologies, Inc. 0001726344-21-000004 sold 1765000 (first sale 2021-02-23, Maple Glen); likely a different person. Unverified Form D by same-named person: Nexteon Technologies, Inc. 0001726344-21-000007 sold 2065000 (first sale 2021-02-23, Maple Glen); likely a different person. Unverified Form D by same-named person: Nexteon Technologies, Inc. 0001726344-22-000001 sold 2430000 (first sale 2021-02-23, Maple Glen); likely a different person. Unverified Form D by same-named person: Boom & Bucket Inc. 0001921291-22-000001 sold 5499983 (first sale 2021-07-23, Austin); likely a different person. Unverified Form D by same-named person: Recover HoldCo, Inc. 0001567619-22-013800 sold 75010609 (first sale 2022-05-24, Denver); likely a different person. Unverified Form D by same-named person: Nexteon Technologies, Inc. 0001726344-22-000002 sold 2945000 (first sale 2021-02-23, Maple Glen); likely a different person. Unverified Form D by same-named person: Nexteon Technologies, Inc. 0001726344-22-000003 sold 4370000 (first sale 2021-02-23, Maple Glen); likely a different person. Unverified Form D by same-named person: Nexteon ",2026-10-01T03:44:58Z
rezi,REZI,Winter 2017,Yes,100000000,,2023-02-22,,4,Press (linked from YC company page),https://www.forbes.com/sites/amydobson/2023/02/22/three-months-after-raising-100m-in-funding-rezi-lands-another-100m-deal/?sh=6d06d88e7a04,"Three Months After Raising $100M In Funding, REZI Lands Another $100M Deal",,,,,,,,,Medium,"Unverified Form D by same-named person: Ryse Global Technologies Inc. 0002060284-25-000001 sold 5900749 (first sale 2025-02-26, New York); likely a different person. No matching post-YC Form D found.",2026-10-01T03:44:51Z
extern,Extern,Winter 2017,No evidence found,,,,,,,,,,,,,,,,,,Checked: no post-YC Form D matching the founders; no funding statement on website (4 pages) or YC page. LinkedIn/X/Crunchbase need a logged-in browser.,2026-10-01T03:44:49Z
mdalgorithms-inc,MDalgorithms Inc.,Winter 2017,No evidence found,,,,,,,,,,,,,,,,,,Checked: no post-YC Form D matching the founders; no funding statement on website (10 pages) or YC page. LinkedIn/X/Crunchbase need a logged-in browser. National register for IL not checked.,2026-10-01T03:44:51Z
bloomapi,BloomAPI,Winter 2017,No evidence found,,,,,,,,,,,,,,,,,,Checked: no post-YC Form D matching the founders; no funding statement on website (3 pages) or YC page. LinkedIn/X/Crunchbase need a logged-in browser.,2026-10-01T03:44:51Z
sleep-reset,Sleep Reset,Winter 2017,No evidence found,,,,,,,,,,,,,,,,,,Checked: no post-YC Form D matching the founders; no funding statement on website (10 pages) or YC page. LinkedIn/X/Crunchbase need a logged-in browser.,2026-10-01T03:44:50Z
sinovia-technologies,Sinovia Technologies,Winter 2017,Yes,2570000,OptionToAcquire; SecurityToBeAcquired (per Form D; stage not stated),2023-01-06,,1,SEC Form D,https://www.sec.gov/Archives/edgar/data/1751594/000156761923006551/primary_doc.xml,totalAmountSold: 2570000; totalOfferingAmount: 5000000; dateOfFirstSale: 2023-01-06,0001751594,0001567619-23-006551,2570000,5000000,2023-01-06,OptionToAcquire; SecurityToBeAcquired,5,"Sinovia Technologies, Inc.",High,,2026-10-01T03:44:51Z
bountiful,Bountiful,Winter 2017,No evidence found,,,,,,,,,,,,,,,,,,Checked: no post-YC Form D matching the founders; no funding statement on website (2 pages) or YC page. LinkedIn/X/Crunchbase need a logged-in browser.,2026-10-01T03:44:53Z
speak,Speak,Winter 2017,Yes,160984262,Series B (Equity per Form D),2021-06-30,,1,SEC Form D,https://www.sec.gov/Archives/edgar/data/1994672/000199467224000003/primary_doc.xml,totalAmountSold: 77699277; totalOfferingAmount: 77699277; dateOfFirstSale: 2024-11-13,0001994672,0001994672-24-000003,77699277,77699277,2024-11-13,Equity,8,"Speakeasy Labs, Inc.",High,"5 post-YC Form D offerings summed: 0001994672-23-000002 $20034998 (2021-06-30), 0001994672-23-000003 $27249992 (2022-09-02), 0001994672-23-000004 $15999991 (2023-05-23), 0001994672-24-000001 $20000004 (2024-04-05), 0001994672-24-000003 $77699277 (2024-11-13) Tier 2 source states $500 million (https://www.speak.com/blog/series-b-3); Form D figure kept.",2026-10-01T03:44:52Z
tizeti,Tizeti,Winter 2017,No evidence found,,,,,,,,,,,,,,,,,,Checked: no post-YC Form D matching the founders; no funding statement on website (6 pages) or YC page. LinkedIn/X/Crunchbase need a logged-in browser. National register for NG not checked.,2026-10-01T03:44:54Z
voiceops,Voiceops,Winter 2017,Yes,5000000,,,,2,Company website,https://www.voiceops.com/news,Voiceops Raises $5M to Help Businesses Learn from Every Conversation.,,,,,,,,,High,Round date not stated on the source page; assumed post-YC because it is presented as current news. No matching post-YC Form D found.,2026-10-01T03:44:53Z
snackpass,Snackpass,Winter 2018,Yes,70099355,Equity (per Form D; stage not stated),2021-06-11,,1,SEC Form D,https://www.sec.gov/Archives/edgar/data/1785842/000178584221000001/primary_doc.xml,totalAmountSold: 70099355; totalOfferingAmount: 70099355; dateOfFirstSale: 2021-06-11,0001785842,0001785842-21-000001,70099355,70099355,2021-06-11,Equity,48,Not Just Snacks Inc.,High,"Legal name differs from brand; matched on related person(s) Jamie Marshall, Kevin Tan, issuer in Berkeley, CA.",2026-10-01T03:44:56Z
replit,Replit,Winter 2018,Yes,345000,Series C (SAFE per Form D),2022-03-05,,1,SEC Form D,https://www.sec.gov/Archives/edgar/data/1920974/000108036822000025/primary_doc.xml,totalAmountSold: 345000; totalOfferingAmount: 345000; dateOfFirstSale: 2022-03-05,0001920974,0001080368-22-000025,345000,345000,2022-03-05,Other; Other: SAFE (Simple Agreement for Future Equity),9,"REPLIT, INC.",High,Tier 2 source states $250M (https://replit.com/news/funding-announcement-series-c); Form D figure kept.,2026-10-01T03:44:56Z
swayable,Swayable,Winter 2018,No evidence found,,,,,,,,,,,,,,,,,,Checked: no post-YC Form D matching the founders; no funding statement on website (3 pages) or YC page. LinkedIn/X/Crunchbase need a logged-in browser.,2026-10-01T03:44:53Z
fidocure,FidoCure®,Winter 2018,No evidence found,,,,,,,,,,,,,,,,,,Checked: no post-YC Form D matching the founders; no funding statement on website (3 pages) or YC page. LinkedIn/X/Crunchbase need a logged-in browser.,2026-10-01T03:44:54Z
veriff,Veriff,Winter 2018,Yes,100000000,,2022-01-26,,4,Press (linked from YC company page),https://sifted.eu/articles/veriff-estonia-unicorn/,Estonia gets its sixth unicorn as Veriff raises $100m from Tiger | Sifted,,,,,,,,,Medium,No matching post-YC Form D found.,2026-10-01T03:44:55Z
aerones,Aerones,Winter 2018,Yes,101202503,Equity (per Form D; stage not stated),2022-12-14,,1,SEC Form D,https://www.sec.gov/Archives/edgar/data/2075185/000123191925000135/primary_doc.xml,totalAmountSold: 62291832; totalOfferingAmount: 62291832; dateOfFirstSale: 2025-05-15,0002075185,0001231919-25-000135,62291832,62291832,2025-05-15,Equity,10,Aerones Holdings Inc.,High,"2 post-YC Form D offerings summed: 0001959904-22-000001 $38910671 (2022-12-14), 0001231919-25-000135 $62291832 (2025-05-15) Form D clarification: Total Amount Sold includes $21,591,847 of convertible securities. Tier 2 source states $62M (https://aerones.com/news/); Form D figure kept.",2026-10-01T03:44:57Z
super,Super,Winter 2018,Yes,70000000,Series C,2022-06-02,,4,Press (linked from YC company page),https://www.forbes.com/sites/yessarrosendar/2022/06/02/indonesian-social-commerce-platform-super-raises-70-million-in-series-c-funding-led-by-nea/?sh=483ccb812148,Indonesian Social Commerce Platform Super Raises $70 Million In Series C Funding Led By NEA,,,,,,,,,Medium,"Unverified Form D by same-named person: Nusantara Holdings, Inc. 0001860741-21-000001 sold 34169986 (first sale 2021-04-26, Jakarta); likely a different person. Unverified Form D by same-named person: Nusantara Holdings, Inc. 0001860741-22-000005 sold 69999968 (first sale 2022-04-22, Tangerang Selatan); likely a different person. Other stated figure: $28M (https://techcrunch.com/2021/04/28/super-an-indonesian-hyperlocal-social-commerce-startup-raises-28m-led-by-softbank-ventures-asia/). No matching post-YC Form D found.",2026-10-01T03:45:12Z
helloverify,Helloverify,Winter 2018,No evidence found,,,,,,,,,,,,,,,,,,Checked: no post-YC Form D matching the founders; no funding statement on website (0 pages) or YC page. LinkedIn/X/Crunchbase need a logged-in browser. National register for IN not checked.,2026-10-01T03:44:56Z
runa,Runa,Winter 2018,No evidence found,,,,,,,,,,,,,,,,,,Checked: no post-YC Form D matching the founders; no funding statement on website (3 pages) or YC page. LinkedIn/X/Crunchbase need a logged-in browser. National register for MX not checked.,2026-10-01T03:44:58Z
erudifi,ErudiFi,Winter 2018,No evidence found,,,,,,,,,,,,,,,,,,Checked: no post-YC Form D matching the founders; no funding statement on website (1 pages) or YC page. LinkedIn/X/Crunchbase need a logged-in browser. National register for SG not checked.,2026-10-01T03:44:59Z
captivateiq,CaptivateIQ,Winter 2018,Yes,164600000,,,,2,Company website,https://www.captivateiq.com/careers,"Headquartered in San Francisco, with $164.6M in funding from Sequoia, Accel, ICONIQ, Sapphire, Bessemer, Foundation Capital, Workday Ventures, Y Combinator and other leading investors,",,,,,,,,,High,Round date not stated on the source page; assumed post-YC because it is presented as current news. Other stated figure: $63M (https://www.ycombinator.com/companies/captivateiq). No matching post-YC Form D found.,2026-10-01T03:45:00Z
vena-medical,Vena Medical,Winter 2018,No evidence found,,,,,,,,,,,,,,,,,,"Unverified Form D by same-named person: One Nineteen GI ASC, LLC 0001878843-24-000002 sold 175000 (first sale 2024-03-01, Birmingham); likely a different person. Checked: no post-YC Form D matching the founders; no funding statement on website (1 pages) or YC page. LinkedIn/X/Crunchbase need a logged-in browser. National register for CA not checked.",2026-10-01T03:45:16Z
mind-emulation-foundation,Mind Emulation Foundation,Winter 2018,No evidence found,,,,,,,,,,,,,,,,,,"Unverified Form D by same-named person: Rewind AI, Inc. 0001980854-23-000001 sold 16427434 (first sale 2023-06-01, Denver); likely a different person. Unverified Form D by same-named person: Rewind AI, Inc. 0001980854-23-000002 sold 17893625 (first sale 2023-06-01, Denver); likely a different person. Checked: no post-YC Form D matching the founders; no funding statement on website (1 pages) or YC page. LinkedIn/X/Crunchbase need a logged-in browser.",2026-10-01T03:44:58Z
anjuna,Anjuna,Winter 2018,Yes,29999996,Equity (per Form D; stage not stated),2021-06-11,,1,SEC Form D,https://www.sec.gov/Archives/edgar/data/1870313/000187031321000001/primary_doc.xml,totalAmountSold: 29999996; totalOfferingAmount: 30000000; dateOfFirstSale: 2021-06-11,0001870313,0001870313-21-000001,29999996,30000000,2021-06-11,Equity,13,"Anjuna Security, Inc.",High,,2026-10-01T03:45:00Z
tarjimly-acquired,Tarjimly (acquired),Winter 2018,No evidence found,,,,,,,,,,,,,,,,,,Checked: no post-YC Form D matching the founders; no funding statement on website (1 pages) or YC page. LinkedIn/X/Crunchbase need a logged-in browser.,2026-10-01T03:45:00Z
observe-ai,Observe.AI,Winter 2018,Yes,213000000,Series C,,,2,Company website,https://www.observe.ai/careers,"We've raised $213 million to date, with our latest round of Series C funding in 2022..",,,,,,,,,High,Round date not stated on the source page; assumed post-YC because it is presented as current news. Other stated figure: $125 Million (https://www.observe.ai/news-and-pr). No matching post-YC Form D found.,2026-10-01T03:45:00Z
culture-biosciences,Culture Biosciences,Winter 2018,Yes,80000000,Series B,,,2,Company website,https://www.culturebiosciences.com/resources/tag/announcement,Culture Biosciences Raises $80m Series B To Tackle Demand For Large-Scale Biomanufacturing.,,,,,,,,,High,Round date not stated on the source page; assumed post-YC because it is presented as current news. No matching post-YC Form D found.,2026-10-01T03:45:03Z
zbiotics,ZBiotics,Winter 2018,Yes,22423339,Equity (per Form D; stage not stated),2024-03-26,,1,SEC Form D,https://www.sec.gov/Archives/edgar/data/1807168/000180716824000005/primary_doc.xml,totalAmountSold: 22423339; totalOfferingAmount: 22423339; dateOfFirstSale: 2024-03-26,0001807168,0001807168-24-000005,22423339,22423339,2024-03-26,Equity,68,ZBiotics Co,High,"Form D clarification: Includes $8,423,351.35 in value of cancelled convertible securities, and includes $1,999,999.92 in value of equity securities issued in exchange for existing capital stock of the Issuer.",2026-10-01T03:45:01Z
archform,ArchForm,Winter 2018,No evidence found,,,,,,,,,,,,,,,,,,Checked: no post-YC Form D matching the founders; no funding statement on website (3 pages) or YC page. LinkedIn/X/Crunchbase need a logged-in browser.,2026-10-01T03:45:02Z
opensea,OpenSea,Winter 2018,Yes,23000000,,,,2,Company website,https://opensea.io/blog/announcements,OpenSea raises $23M to scale the largest marketplace for NFTs .,,,,,,,,,High,"Unverified Form D by same-named person: Ozone Networks, Inc. 0001742665-21-000001 sold 25422909 (first sale 2021-03-17, New York); likely a different person. Unverified Form D by same-named person: Ozone Networks, Inc. 0001567619-22-000998 sold 299999635 (first sale 2021-12-27, New York); likely a different person. Round date not stated on the source page; assumed post-YC because it is presented as current news. Other stated figure: $2 million (https://opensea.io/blog/announcements). No matching post-YC Form D found.",2026-10-01T03:45:06Z
algosurg-inc,AlgoSurg Inc,Winter 2018,No evidence found,,,,,,,,,,,,,,,,,,Checked: no post-YC Form D matching the founders; no funding statement on website (0 pages) or YC page. LinkedIn/X/Crunchbase need a logged-in browser. National register for IN not checked.,2026-10-01T03:45:04Z
orangewood-labs,Orangewood Labs,Winter 2018,No evidence found,,,,,,,,,,,,,,,,,,Checked: no post-YC Form D matching the founders; no funding statement on website (10 pages) or YC page. LinkedIn/X/Crunchbase need a logged-in browser.,2026-10-01T03:45:06Z
aspire,Aspire,Winter 2018,Yes,118560836,Equity (per Form D; stage not stated),2021-09-07,,1,SEC Form D,https://www.sec.gov/Archives/edgar/data/1884291/000188429123000001/primary_doc.xml,totalAmountSold: 59999979; totalOfferingAmount: 59999979; dateOfFirstSale: 2023-01-26,0001884291,0001884291-23-000001,59999979,59999979,2023-01-26,Equity,9,"Aspire Financial Technologies Holding, Inc.",High,"2 post-YC Form D offerings summed: 0001884291-21-000001 $58560857 (2021-09-07), 0001884291-23-000001 $59999979 (2023-01-26)",2026-10-01T03:45:12Z
safetywing,SafetyWing,Winter 2018,Yes,12905579,Equity (per Form D; stage not stated),2020-12-22,,1,SEC Form D,https://www.sec.gov/Archives/edgar/data/1843994/000184399421000001/primary_doc.xml,totalAmountSold: 12905579; totalOfferingAmount: 12905579; dateOfFirstSale: 2020-12-22,0001843994,0001843994-21-000001,12905579,12905579,2020-12-22,Equity,20,Safety Nest Inc.,High,"Legal name differs from brand; matched on related person(s) Hans Nyvold Kjellby, Sarah Sandnes, Sondre Rasch, issuer in San Francisco, CA.",2026-10-01T03:45:07Z
tilt-fka-delphia,Tilt (f.k.a. Delphia),Winter 2018,No evidence found,,,,,,,,,,,,,,,,,,"Unverified Form D by same-named person: Agora Intelligence Inc.\DE 0002036612-24-000001 sold 5196129 (first sale 2024-10-31, Miami); likely a different person. Unverified Form D by same-named person: Feature Media Inc. 0002049671-24-000001 sold 275000 (first sale 2024-12-05, New York); likely a different person. Unverified Form D by same-named person: Agora Intelligence Inc.\DE 0002036612-25-000001 sold 7115000 (first sale 2024-10-31, Miami); likely a different person. Checked: no post-YC Form D matching the founders; no funding statement on website (8 pages) or YC page. LinkedIn/X/Crunchbase need a logged-in browser. National register for CA not checked.",2026-10-01T03:45:08Z
pelago,Pelago,Winter 2018,Yes,64000000,,2021-07-21,,4,Press (linked from YC company page),https://www.forbes.com/sites/rebeccaszkutak/2021/07/19/quit-genius-raises-64-million-for-its-addiction-treatment-telehealth-startup/?sh=5ed70ce54900,Quit Genius Raises $64 Million For Its Addiction Treatment Telehealth Startup,,,,,,,,,Medium,Other stated figure: $58M (https://techcrunch.com/2024/03/28/yc-backed-pelago-a-virtual-clinic-for-addiction-treatment-raises-58m-series-c/). No matching post-YC Form D found.,2026-10-01T03:45:10Z
substack,Substack,Winter 2018,Yes,68288286,Series C (Equity per Form D),2021-04-28,,1,SEC Form D,https://www.sec.gov/Archives/edgar/data/1783191/000178319121000004/primary_doc.xml,totalAmountSold: 64999928; totalOfferingAmount: 64999928; dateOfFirstSale: 2021-04-28,0001783191,0001783191-21-000004,64999928,64999928,2021-04-28,Equity,33,Substack Inc.,High,"2 post-YC Form D offerings summed: 0001783191-21-000004 $64999928 (2021-04-28), 0001947761-23-000002 $3288358 (2023-05-17) Tier 2 source states $100M (https://substack.com/jobs); Form D figure kept.",2026-10-01T03:45:11Z
weekend-fmr-volley,Weekend (fmr. Volley),Winter 2018,Yes,55000000,Series C,,,2,Company website,https://www.weekend.com/post/announcing-weekend-55m-series-c,We’re pleased to announce that we have raised a $55 million Series C.,,,,,,,,,High,Round date not stated on the source page; assumed post-YC because it is presented as current news. No matching post-YC Form D found.,2026-10-01T03:45:11Z
gainful,Gainful,Winter 2018,No evidence found,,,,,,,,,,,,,,,,,,Checked: no post-YC Form D matching the founders; no funding statement on website (1 pages) or YC page. LinkedIn/X/Crunchbase need a logged-in browser.,2026-10-01T03:45:09Z
cognition-ip,Cognition IP,Winter 2018,No evidence found,,,,,,,,,,,,,,,,,,Checked: no post-YC Form D matching the founders; no funding statement on website (3 pages) or YC page. LinkedIn/X/Crunchbase need a logged-in browser.,2026-10-01T03:45:09Z
players-lounge,Players' Lounge,Winter 2018,Yes,14472781,Equity (per Form D; stage not stated),2022-06-16,,1,SEC Form D/A,https://www.sec.gov/Archives/edgar/data/1935871/000193587125000002/primary_doc.xml,totalAmountSold: 14472781; totalOfferingAmount: 15972781; dateOfFirstSale: 2022-06-16,0001935871,0001935871-25-000002,14472781,15972781,2022-06-16,Equity; OptionToAcquire,79,Players' Lounge Inc.,High,Tier 4 source states $10.5M (https://venturebeat.com/2022/07/28/players-lounge-raises-10-5m-in-funding-plans-future-expansion/); Form D figure kept.,2026-10-01T03:45:14Z
psylaris,Psylaris,Winter 2018,No evidence found,,,,,,,,,,,,,,,,,,Checked: no post-YC Form D matching the founders; no funding statement on website (2 pages) or YC page. LinkedIn/X/Crunchbase need a logged-in browser. National register for NL not checked.,2026-10-01T03:45:11Z
treasury-prime,Treasury Prime,Winter 2018,Yes,54067002,Series C (Equity per Form D),2021-05-11,,1,SEC Form D,https://www.sec.gov/Archives/edgar/data/1864511/000186451122000003/primary_doc.xml,totalAmountSold: 34067005; totalOfferingAmount: 50000000; dateOfFirstSale: 2022-09-02,0001864511,0001864511-22-000003,34067005,50000000,2022-09-02,Equity,6,Treasury Prime Inc.,High,"2 post-YC Form D offerings summed: 0001864511-21-000001 $19999997 (2021-05-11), 0001864511-22-000003 $34067005 (2022-09-02) Tier 4 source states $40M (https://techcrunch.com/2023/02/01/proving-that-banking-as-a-service-is-hotter-than-ever-treasury-prime-raises-40m-series-c/); Form D figure kept.",2026-10-01T03:45:13Z
acely,Acely,Winter 2018,No evidence found,,,,,,,,,,,,,,,,,,Checked: no post-YC Form D matching the founders; no funding statement on website (4 pages) or YC page. LinkedIn/X/Crunchbase need a logged-in browser.,2026-10-01T03:45:13Z
universe,Universe,Winter 2018,Yes,29776999,Equity (per Form D; stage not stated),2021-11-10,,1,SEC Form D,https://www.sec.gov/Archives/edgar/data/1744642/000174464222000002/primary_doc.xml,totalAmountSold: 29776999; totalOfferingAmount: 30024999; dateOfFirstSale: 2021-11-10,0001744642,0001744642-22-000002,29776999,30024999,2021-11-10,Equity,15,Universe Exploration Co,High,"Unverified Form D by same-named person: Genius Labs Co 0001860029-21-000001 sold 500000 (first sale 2021-06-15, Miami); likely a different person. Unverified Form D by same-named person: ATL21WR Investor LLC 0000895527-21-000032 sold 6850000 (first sale 2021-09-03, Greenwich); likely a different person. Unverified Form D by same-named person: ATL21COV Investor LLC 0000895527-22-000005 sold 8600000 (first sale 2022-02-03, Greenwich); likely a different person. Unverified Form D by same-named person: KC22IND Investor LLC 0000895527-22-000006 sold 4000000 (first sale 2022-01-27, Greenwich); likely a different person. Unverified Form D by same-named person: Ambrin Investor, LLC 0001192482-25-000079 sold 0 (first sale 2025-11-24, Greenwich); likely a different person. Tier 2 source states $17.2MM (https://www.ycombinator.com/companies/universe); Form D figure kept.",2026-10-01T03:45:24Z
let-s-do-this,Let's Do This,Winter 2018,Yes,60000000,Series B,2022-06-06,Craft and Headline,4,Press (linked from YC company page),https://techcrunch.com/2022/06/06/endurance-events-marketplace-lets-do-this-raises-60m-series-b-led-by-craft-and-headline/,Endurance events marketplace Let’s Do This raises $60M Series B led by Craft and Headline – TechCrunch,,,,,,,,,Medium,"Unverified Form D by same-named person: Stirling Hotels & Resorts, Inc. 0002003881-24-000007 sold 10000 (first sale 2024-03-01, Dallas); likely a different person. No matching post-YC Form D found.",2026-10-01T03:45:16Z
evolve-makers-of-podcast-app-and-rest,Evolve (makers of Podcast App & Rest),Winter 2018,No evidence found,,,,,,,,,,,,,,,,,,Checked: no post-YC Form D matching the founders; no funding statement on website (4 pages) or YC page. LinkedIn/X/Crunchbase need a logged-in browser.,2026-10-01T03:45:14Z
supermedium,Supermedium,Winter 2018,No evidence found,,,,,,,,,,,,,,,,,,Checked: no post-YC Form D matching the founders; no funding statement on website (1 pages) or YC page. LinkedIn/X/Crunchbase need a logged-in browser.,2026-10-01T03:45:14Z
tributi,Tributi,Winter 2018,No evidence found,,,,,,,,,,,,,,,,,,Checked: no post-YC Form D matching the founders; no funding statement on website (2 pages) or YC page. LinkedIn/X/Crunchbase need a logged-in browser. National register for CO not checked.,2026-10-01T03:45:20Z
sourcify,Sourcify,Winter 2018,No evidence found,,,,,,,,,,,,,,,,,,Checked: no post-YC Form D matching the founders; no funding statement on website (6 pages) or YC page. LinkedIn/X/Crunchbase need a logged-in browser.,2026-10-01T03:45:15Z
plexus,Plexus,Winter 2018,No evidence found,,,,,,,,,,,,,,,,,,Checked: no post-YC Form D matching the founders; no funding statement on website (1 pages) or YC page. LinkedIn/X/Crunchbase need a logged-in browser.,2026-10-01T03:45:21Z
biorender,BioRender,Winter 2018,No evidence found,,,,,,,,,,,,,,,,,,"Unverified Form D by same-named person: Science Suite Corp. 0001973777-23-000001 sold 17044132 (first sale 2018-03-05, Toronto); likely a different person. Checked: no post-YC Form D matching the founders; no funding statement on website (10 pages) or YC page. LinkedIn/X/Crunchbase need a logged-in browser. National register for CA not checked.",2026-10-01T03:45:17Z
tequitable,tEQuitable,Winter 2018,No evidence found,,,,,,,,,,,,,,,,,,Checked: no post-YC Form D matching the founders; no funding statement on website (4 pages) or YC page. LinkedIn/X/Crunchbase need a logged-in browser.,2026-10-01T03:45:16Z
meitre,Meitre,Winter 2018,No evidence found,,,,,,,,,,,,,,,,,,Checked: no post-YC Form D matching the founders; no funding statement on website (10 pages) or YC page. LinkedIn/X/Crunchbase need a logged-in browser.,2026-10-01T03:45:18Z
draftbit,Draftbit,Winter 2018,No evidence found,,,,,,,,,,,,,,,,,,Checked: no post-YC Form D matching the founders; no funding statement on website (9 pages) or YC page. LinkedIn/X/Crunchbase need a logged-in browser.,2026-10-01T03:45:19Z
lus-brands,LUS Brands,Winter 2018,No evidence found,,,,,,,,,,,,,,,,,,Checked: no post-YC Form D matching the founders; no funding statement on website (1 pages) or YC page. LinkedIn/X/Crunchbase need a logged-in browser. National register for CA not checked.,2026-10-01T03:45:18Z
vanta,Vanta,Winter 2018,Yes,150049972,Equity (per Form D; stage not stated),2022-06-01,,1,SEC Form D/A,https://www.sec.gov/Archives/edgar/data/1934145/000193414523000001/primary_doc.xml,totalAmountSold: 150049972; totalOfferingAmount: 150050008; dateOfFirstSale: 2022-06-01,0001934145,0001934145-23-000001,150049972,150050008,2022-06-01,Equity,45,Vanta Inc.,High,,2026-10-01T03:45:21Z
nuvocargo,Nuvocargo,Winter 2018,Yes,20544995,Equity (per Form D; stage not stated),2021-11-19,,1,SEC Form D,https://www.sec.gov/Archives/edgar/data/1854522/000185452222000003/primary_doc.xml,totalAmountSold: 20544995; totalOfferingAmount: 20544995; dateOfFirstSale: 2021-11-19,0001854522,0001854522-22-000003,20544995,20544995,2021-11-19,Equity,25,Nuvocargo Inc.,High,,2026-10-01T03:45:21Z
aesculatech,AesculaTech,Winter 2018,No evidence found,,,,,,,,,,,,,,,,,,Checked: no post-YC Form D matching the founders; no funding statement on website (10 pages) or YC page. LinkedIn/X/Crunchbase need a logged-in browser.,2026-10-01T03:45:20Z
persephone-biosciences,Persephone Biosciences,Winter 2018,Yes,317000,OptionToAcquire (per Form D; stage not stated),2021-02-19,,1,SEC Form D,https://www.sec.gov/Archives/edgar/data/1848850/000184885021000002/primary_doc.xml,totalAmountSold: 317000; totalOfferingAmount: 317000; dateOfFirstSale: 2021-02-19,0001848850,0001848850-21-000002,317000,317000,2021-02-19,OptionToAcquire,24,"Persephone Biosciences, Inc.",High,,2026-10-01T03:45:26Z
modern-health,Modern Health,Winter 2018,Yes,51000000,,,,2,Company website,https://www.modernhealth.com/press,Modern Health raises $51M.,,,,,,,,,High,Round date not stated on the source page; assumed post-YC because it is presented as current news. No matching post-YC Form D found.,2026-10-01T03:45:21Z
promise,Promise,Winter 2018,Yes,25000000,,2022-02-24,,4,Press (linked from YC company page),https://techcrunch.com/2022/02/24/promise-government-installment-plans-raises-25m/,"Promise’s flexible payment platform for government debts grows fast, raises $25M to keep growing – TechCrunch",,,,,,,,,Medium,No matching post-YC Form D found.,2026-10-01T03:45:24Z
tradewind-bioscience,Tradewind BioScience,Winter 2018,No evidence found,,,,,,,,,,,,,,,,,,Checked: no post-YC Form D matching the founders; no funding statement on website (0 pages) or YC page. LinkedIn/X/Crunchbase need a logged-in browser.,2026-10-01T03:45:23Z
nectome,Nectome,Winter 2018,No evidence found,,,,,,,,,,,,,,,,,,Checked: no post-YC Form D matching the founders; no funding statement on website (1 pages) or YC page. LinkedIn/X/Crunchbase need a logged-in browser.,2026-10-01T03:45:23Z
biobot-analytics,Biobot Analytics,Winter 2018,Yes,34285092,Equity (per Form D; stage not stated),2021-07-23,,1,SEC Form D/A,https://www.sec.gov/Archives/edgar/data/1809780/000156761921020625/primary_doc.xml,totalAmountSold: 20833737; totalOfferingAmount: 20833737; dateOfFirstSale: 2021-07-23,0001809780,0001567619-21-020625,20833737,20833737,2021-07-23,Equity,26,"Biobot Analytics, Inc.",High,"2 post-YC Form D offerings summed: 0001567619-21-020625 $20833737 (2021-07-23), 0001809780-25-000005 $13451355 (2025-05-23) Tier 4 source states $4.2 Million (https://www.forbes.com/sites/katiejennings/2020/04/24/mit-spinoff-raises-42-million-to-estimate-scope-of-coronavirus-cases-by-analyzing-wastewater/); Form D figure kept.",2026-10-01T03:45:27Z
nexgent,NEXGENT,Winter 2018,No evidence found,,,,,,,,,,,,,,,,,,"Unverified Form D by same-named person: ADAPTILENS, LLC 0001983325-23-000002 sold 1600000 (first sale 2023-03-28, Chestnut Hill); likely a different person. Checked: no post-YC Form D matching the founders; no funding statement on website (4 pages) or YC page. LinkedIn/X/Crunchbase need a logged-in browser.",2026-10-01T03:45:26Z
macromoltek,Macromoltek,Winter 2018,No evidence found,,,,,,,,,,,,,,,,,,Checked: no post-YC Form D matching the founders; no funding statement on website (1 pages) or YC page. LinkedIn/X/Crunchbase need a logged-in browser.,2026-10-01T03:45:26Z
avro-life-science,Avro Life Science,Winter 2018,No evidence found,,,,,,,,,,,,,,,,,,Checked: no post-YC Form D matching the founders; no funding statement on website (1 pages) or YC page. LinkedIn/X/Crunchbase need a logged-in browser. National register for CA not checked.,2026-10-01T03:45:31Z
srtx,SRTX,Winter 2018,No evidence found,,,,,,,,,,,,,,,,,,Checked: no post-YC Form D matching the founders; no funding statement on website (0 pages) or YC page. LinkedIn/X/Crunchbase need a logged-in browser. National register for CA not checked.,2026-10-01T03:45:26Z
simetrik,Simetrik,Winter 2018,Yes,24000000,,2022-03-31,,4,Press (linked from YC company page),https://contxto.com/en/venture-capital/colombian-digital-payments-fintech-simetrik-raises-us24m/,Colombian Digital Payments Fintech Simetrik Raises US$24M | Contxto,,,,,,,,,Medium,Other stated figure: $20M (https://techcrunch.com/2022/03/24/colombian-payment-infra-startup-simetrik-lands-20m-at-a-100m-valuation/). No matching post-YC Form D found.,2026-10-01T03:45:30Z
key-values,Key Values,Winter 2018,No evidence found,,,,,,,,,,,,,,,,,,Checked: no post-YC Form D matching the founders; no funding statement on website (0 pages) or YC page. LinkedIn/X/Crunchbase need a logged-in browser.,2026-10-01T03:45:26Z
cointracker,CoinTracker,Winter 2018,Yes,100000000,Series A,2022-01-27,,4,Press (linked from YC company page),https://www.cointracker.io/blog/cointracker-announces-series-a,CoinTracker raises $100M Series A,,,,,,,,,Medium,"Unverified Form D by same-named person: Nino Finance, Inc. 0001909350-22-000001 sold 102089995 (first sale 2021-12-16, Claymont); likely a different person. No matching post-YC Form D found.",2026-10-01T03:45:27Z
slite,Slite,Winter 2018,Yes,11000000,,,Spark Capital,2,Company website,https://slite.com/blog/announcing-our-series-a,We're excited to share that we raised an $11M financing round led by Spark Capital .,,,,,,,,,High,Round date not stated on the source page; assumed post-YC because it is presented as current news. Other stated figure: $4.4M (https://slite.com/blog). No matching post-YC Form D found.,2026-10-01T03:45:27Z
glowing-io,Glowing.io,Winter 2018,No evidence found,,,,,,,,,,,,,,,,,,Checked: no post-YC Form D matching the founders; no funding statement on website (1 pages) or YC page. LinkedIn/X/Crunchbase need a logged-in browser.,2026-10-01T03:45:28Z
sixfold-bioscience,Sixfold Bioscience,Winter 2018,Yes,2266100,SecurityToBeAcquired (per Form D; stage not stated),2021-02-23,,1,SEC Form D,https://www.sec.gov/Archives/edgar/data/1877208/000187720821000001/primary_doc.xml,totalAmountSold: 2266100; totalOfferingAmount: 2266100; dateOfFirstSale: 2021-02-23,0001877208,0001877208-21-000001,2266100,2266100,2021-02-23,SecurityToBeAcquired,13,Sixfold Bioscience Inc.,High,,2026-10-01T03:45:31Z
worklytics,Worklytics,Winter 2018,No evidence found,,,,,,,,,,,,,,,,,,Checked: no post-YC Form D matching the founders; no funding statement on website (4 pages) or YC page. LinkedIn/X/Crunchbase need a logged-in browser.,2026-10-01T03:45:28Z
fondo,Fondo,Winter 2018,Yes,,,,,2,Company website,https://fondo.com/blog/fondo-announces-7m-oversubscribed,This funding round values Fondo at $66 million and underscores its rapid growth and solid market presence.,,,,,,,,,High,Manual review: $66M is the valuation; round amount not stated on the source page.,2026-10-01T03:45:34Z
observant-ai,Observant AI,Winter 2018,No evidence found,,,,,,,,,,,,,,,,,,Checked: no post-YC Form D matching the founders; no funding statement on website (0 pages) or YC page. LinkedIn/X/Crunchbase need a logged-in browser.,2026-10-01T03:45:31Z
assembly-com,Assembly,Winter 2018,Yes,10000000,Series A,,,2,Company website,https://assembly.com/blog/tag/announcements,We’re also thrilled to announce our $10M Series A round (covered by TechCrunch here) which enables us to create the best possible software to,,,,,,,,,High,"Unverified Form D by same-named person: Parrot Washington LLC 0002049275-24-000001 sold 926000 (first sale 2024-12-16, Fremont); likely a different person. Round date not stated on the source page; assumed post-YC because it is presented as current news. No matching post-YC Form D found.",2026-10-01T03:45:31Z
jasper-ai,Jasper.ai,Winter 2018,Yes,140560768,Equity (per Form D; stage not stated),2022-05-27,,1,SEC Form D,https://www.sec.gov/Archives/edgar/data/1951169/000195116922000001/primary_doc.xml,totalAmountSold: 140560768; totalOfferingAmount: 272108442; dateOfFirstSale: 2022-05-27,0001951169,0001951169-22-000001,140560768,272108442,2022-05-27,Equity,52,"Jasper AI, Inc.",High,,2026-10-01T03:46:46Z
shogun,Shogun,Winter 2018,Yes,57499965,Equity (per Form D; stage not stated),2021-05-26,,1,SEC Form D,https://www.sec.gov/Archives/edgar/data/1870524/000187052421000001/primary_doc.xml,totalAmountSold: 57499965; totalOfferingAmount: 57499965; dateOfFirstSale: 2021-05-26,0001870524,0001870524-21-000001,57499965,57499965,2021-05-26,Equity,11,"Shogun Labs, Inc.",High,,2026-10-01T03:45:44Z
blueberry-pediatrics,Blueberry Pediatrics,Winter 2018,No evidence found,,,,,,,,,,,,,,,,,,"Unverified Form D by same-named person: SparkMD Inc. 0001904646-22-000003 sold 9301857 (first sale 2021-12-21, Mountain View); likely a different person. Checked: no post-YC Form D matching the founders; no funding statement on website (5 pages) or YC page. LinkedIn/X/Crunchbase need a logged-in browser.",2026-10-01T03:45:32Z
beanstalk,Beanstalk,Winter 2018,No evidence found,,,,,,,,,,,,,,,,,,Checked: no post-YC Form D matching the founders; no funding statement on website (10 pages) or YC page. LinkedIn/X/Crunchbase need a logged-in browser.,2026-10-01T03:45:55Z
spellbrush,Spellbrush,Winter 2018,No evidence found,,,,,,,,,,,,,,,,,,Checked: no post-YC Form D matching the founders; no funding statement on website (3 pages) or YC page. LinkedIn/X/Crunchbase need a logged-in browser.,2026-10-01T03:45:35Z
quantstamp,Quantstamp,Winter 2018,No evidence found,,,,,,,,,,,,,,,,,,"Unverified Form D by same-named person: HyperNative Inc. 0001966114-24-000001 sold 10999872 (first sale 2024-04-18, Ramot Hashavim); likely a different person. Unverified Form D by same-named person: HyperNative Inc. 0001966114-25-000002 sold 41000020 (first sale 2025-05-07, Ramot Hashavim); likely a different person. Checked: no post-YC Form D matching the founders; no funding statement on website (9 pages) or YC page. LinkedIn/X/Crunchbase need a logged-in browser.",2026-10-01T03:45:34Z
precious,Precious,Winter 2018,No evidence found,,,,,,,,,,,,,,,,,,Checked: no post-YC Form D matching the founders; no funding statement on website (1 pages) or YC page. LinkedIn/X/Crunchbase need a logged-in browser.,2026-10-01T03:45:39Z
proven-group,Proven Group,Winter 2018,Yes,11950000,Equity (per Form D; stage not stated),2021-10-26,,1,SEC Form D,https://www.sec.gov/Archives/edgar/data/1777318/000177731823000002/primary_doc.xml,totalAmountSold: 11950000; totalOfferingAmount: 12000000; dateOfFirstSale: 2021-10-26,0001777318,0001777318-23-000002,11950000,12000000,2021-10-26,Equity; OptionToAcquire,4,"PROVEN Group, Inc.",High,,2026-10-01T03:45:38Z
lucy-goods-inc,"Lucy Goods, Inc",Winter 2018,No evidence found,,,,,,,,,,,,,,,,,,Checked: no post-YC Form D matching the founders; no funding statement on website (1 pages) or YC page. LinkedIn/X/Crunchbase need a logged-in browser.,2026-10-01T03:45:39Z
honeylove,Honeylove,Summer 2018,Yes,13000000,Series A,2022-04-13,,4,Press (linked from YC company page),https://www.forbes.com/sites/cherylrobinson/2022/04/13/how-a-300-thousand-kickstarter-turned-into-a-13-million-series-a-funding-round-for-honeylove/?sh=65a79b6138e0,How A $300 Thousand Kickstarter Turned Into A $13 Million Series A Funding Round For Honeylove,,,,,,,,,Medium,No matching post-YC Form D found.,2026-10-01T03:45:35Z
kunduz,Kunduz,Summer 2018,Yes,4868916,Equity (per Form D; stage not stated),2021-07-07,,1,SEC Form D,https://www.sec.gov/Archives/edgar/data/1900807/000123191922000002/primary_doc.xml,totalAmountSold: 4868916; totalOfferingAmount: 4868916; dateOfFirstSale: 2021-07-07,0001900807,0001231919-22-000002,4868916,4868916,2021-07-07,Equity,80,"Kunduz, Inc.",High,"Form D clarification: The amount sold includes $2,303,992.79 through the issuance of stock upon the conversion of outstanding convertible securities.",2026-10-01T03:45:41Z
aesthetic,Aesthetic,Summer 2018,No evidence found,,,,,,,,,,,,,,,,,,Checked: no post-YC Form D matching the founders; no funding statement on website (0 pages) or YC page. LinkedIn/X/Crunchbase need a logged-in browser.,2026-10-01T03:45:41Z
okcredit,OkCredit,Summer 2018,No evidence found,,,,,,,,,,,,,,,,,,Checked: no post-YC Form D matching the founders; no funding statement on website (4 pages) or YC page. LinkedIn/X/Crunchbase need a logged-in browser. National register for IN not checked.,2026-10-01T03:45:44Z
culdesac,Culdesac,Summer 2018,No evidence found,,,,,,,,,,,,,,,,,,"Unverified Form D by same-named person: Pixxel Space Technologies, Inc. 0001818777-21-000001 sold 28060351 (first sale 2021-03-31, Palo Alto); likely a different person. Unverified Form D by same-named person: Pixxel Space Technologies, Inc. 0001856920-21-000002 sold 1863332 (first sale 2021-03-31, Palo Alto); likely a different person. Unverified Form D by same-named person: Pixxel Space Technologies, Inc. 0001818777-22-000001 sold 16408399 (first sale 2022-03-22, San Francisco); likely a different person. Unverified Form D by same-named person: Pixxel Space Technologies, Inc. 0001818777-22-000002 sold 25178379 (first sale 2022-04-18, San Francisco); likely a different person. Unverified Form D by same-named person: Pixxel Space Technologies, Inc. 0001818777-22-000003 sold 27653366 (first sale 2022-03-22, Palo Alto); likely a different person. Unverified Form D by same-named person: Fernbrook Office JV, LLC 0001972333-23-000001 sold 3049500 (first sale 2023-03-17, Bloomington); likely a different person. Unverified Form D by same-named person: Eternal Realm Productions, LLC 0001976891-23-000001 sold 0 (first sale yetToOccur, Fort Worth); likely a different person. Unverified Form D by same-named person: Pixxel Space Technologies, Inc. 0001818777-23-000002 sold 29499985 (first sale 2023-04-28, El Segundo); likely a different person. Unverified Form D by same-named person: CA Land Group, LLC 0001981933-23-000001 sold 10750000 (first sale 2023-06-06, Blue Bell); likely a differ",2026-10-01T03:45:49Z
circumvent,Circumvent,Summer 2018,No evidence found,,,,,,,,,,,,,,,,,,Checked: no post-YC Form D matching the founders; no funding statement on website (0 pages) or YC page. LinkedIn/X/Crunchbase need a logged-in browser.,2026-10-01T03:45:44Z
rejuvenation-technologies-inc,Rejuvenation Technologies Inc.,Summer 2018,No evidence found,,,,,,,,,,,,,,,,,,Checked: no post-YC Form D matching the founders; no funding statement on website (1 pages) or YC page. LinkedIn/X/Crunchbase need a logged-in browser.,2026-10-01T03:45:43Z
ilabservice,iLabService,Summer 2018,No evidence found,,,,,,,,,,,,,,,,,,Checked: no post-YC Form D matching the founders; no funding statement on website (10 pages) or YC page. LinkedIn/X/Crunchbase need a logged-in browser. National register for CN not checked.,2026-10-01T03:45:49Z
lemonbox,LemonBox,Summer 2018,No evidence found,,,,,,,,,,,,,,,,,,Checked: no post-YC Form D matching the founders; no funding statement on website (2 pages) or YC page. LinkedIn/X/Crunchbase need a logged-in browser.,2026-10-01T03:45:43Z
enveritas,Enveritas,Summer 2018,No evidence found,,,,,,,,,,,,,,,,,,Checked: no post-YC Form D matching the founders; no funding statement on website (0 pages) or YC page. LinkedIn/X/Crunchbase need a logged-in browser.,2026-10-01T03:45:47Z
spate,SPATE,Summer 2018,No evidence found,,,,,,,,,,,,,,,,,,Checked: no post-YC Form D matching the founders; no funding statement on website (9 pages) or YC page. LinkedIn/X/Crunchbase need a logged-in browser.,2026-10-01T03:45:50Z
oxygen,Oxygen,Summer 2018,Yes,10021963,Equity (per Form D; stage not stated),2020-12-21,,1,SEC Form D,https://www.sec.gov/Archives/edgar/data/1819813/000173907421000001/primary_doc.xml,totalAmountSold: 10021963; totalOfferingAmount: 12526056; dateOfFirstSale: 2020-12-21,0001819813,0001739074-21-000001,10021963,12526056,2020-12-21,Equity,32,"Oxygen, Inc.",High,,2026-10-01T03:45:53Z
mark-cuban-cost-plus-drug-company-pbc,"Mark Cuban Cost Plus Drug Company, PBC",Summer 2018,No evidence found,,,,,,,,,,,,,,,,,,Checked: no post-YC Form D matching the founders; no funding statement on website (0 pages) or YC page. LinkedIn/X/Crunchbase need a logged-in browser.,2026-10-01T03:45:48Z
anniecannons,AnnieCannons,Summer 2018,No evidence found,,,,,,,,,,,,,,,,,,Checked: no post-YC Form D matching the founders; no funding statement on website (0 pages) or YC page. LinkedIn/X/Crunchbase need a logged-in browser.,2026-10-01T03:45:50Z
leena-ai,Leena AI,Summer 2018,No evidence found,,,,,,,,,,,,,,,,,,Checked: no post-YC Form D matching the founders; no funding statement on website (3 pages) or YC page. LinkedIn/X/Crunchbase need a logged-in browser.,2026-10-01T03:45:54Z
synkrino-biotherapeutics,Synkrino Biotherapeutics,Summer 2018,No evidence found,,,,,,,,,,,,,,,,,,Checked: no post-YC Form D matching the founders; no funding statement on website (0 pages) or YC page. LinkedIn/X/Crunchbase need a logged-in browser.,2026-10-01T03:45:53Z
mutiny,Mutiny,Summer 2018,Yes,71567744,Equity (per Form D; stage not stated),2021-05-21,,1,SEC Form D,https://www.sec.gov/Archives/edgar/data/1881537/000188153722000001/primary_doc.xml,totalAmountSold: 49077788; totalOfferingAmount: 49999982; dateOfFirstSale: 2022-03-15,0001881537,0001881537-22-000001,49077788,49999982,2022-03-15,Equity,16,Mutiny HQ Corp,High,"2 post-YC Form D offerings summed: 0001881537-21-000001 $22489956 (2021-05-21), 0001881537-22-000001 $49077788 (2022-03-15) Tier 4 source states $50M (https://techcrunch.com/2022/04/20/mutiny-which-personalizes-website-copy-and-headlines-using-ai-raises-50m/?tpcc=tcplustwitter); Form D figure kept.",2026-10-01T03:45:56Z
cowrywise,Cowrywise,Summer 2018,Yes,3457931,Series A (Equity per Form D),2021-01-27,,1,SEC Form D,https://www.sec.gov/Archives/edgar/data/1845333/000184533321000001/primary_doc.xml,totalAmountSold: 3457931; totalOfferingAmount: 3457931; dateOfFirstSale: 2021-01-27,0001845333,0001845333-21-000001,3457931,3457931,2021-01-27,Equity,14,CowryWise Inc,High,,2026-10-01T03:45:55Z
helicarrier-prev-buycoins,Helicarrier (prev Buycoins),Summer 2018,No evidence found,,,,,,,,,,,,,,,,,,Checked: no post-YC Form D matching the founders; no funding statement on website (0 pages) or YC page. LinkedIn/X/Crunchbase need a logged-in browser.,2026-10-01T03:45:55Z
khatabook,Khatabook,Summer 2018,Yes,100000000,,2021-08-23,,4,Press (linked from YC company page),https://techcrunch.com/2021/08/23/indias-khatabook-raises-100-million-for-its-bookkeeping-platform-for-merchants/,India’s Khatabook raises $100 million for its bookkeeping platform for merchants – TechCrunch,,,,,,,,,Medium,"Unverified Form D by same-named person: Kyte Technologies, Inc. 0001881102-21-000003 sold 81374811 (first sale 2021-08-20, Bengaluru, Karnataka); likely a different person. No matching post-YC Form D found.",2026-10-01T03:45:54Z
brainhi,BrainHi,Summer 2018,No evidence found,,,,,,,,,,,,,,,,,,Checked: no post-YC Form D matching the founders; no funding statement on website (2 pages) or YC page. LinkedIn/X/Crunchbase need a logged-in browser. National register for PR not checked.,2026-10-01T03:45:59Z
four-growers,Four Growers,Summer 2018,Yes,11520692,Equity (per Form D; stage not stated),2020-12-29,,1,SEC Form D/A,https://www.sec.gov/Archives/edgar/data/1761867/000176186721000004/primary_doc.xml,totalAmountSold: 7193473; totalOfferingAmount: 7197673; dateOfFirstSale: 2021-06-01,0001761867,0001761867-21-000004,7193473,7197673,2021-06-01,Equity,34,"FOUR GROWERS, INC",High,"3 post-YC Form D offerings summed: 0001761867-21-000001 $250000 (2020-12-29), 0001761867-21-000004 $7193473 (2021-06-01), 0001761867-24-000001 $4077219 (2024-09-09) Form D clarification: $1,947,673 reflects principal amount of previously outstanding SAFEs that converted as part of equity offering.",2026-10-01T03:46:01Z
skydropx,SkydropX,Summer 2018,No evidence found,,,,,,,,,,,,,,,,,,Checked: no post-YC Form D matching the founders; no funding statement on website (0 pages) or YC page. LinkedIn/X/Crunchbase need a logged-in browser. National register for MX not checked.,2026-10-01T03:46:00Z
eden-2,Eden,Summer 2018,Yes,10000000,,2024-07-17,,4,Press (linked from YC company page),https://www.axios.com/pro/health-tech-deals/2024/07/17/eden-10-million-radiology,Eden raises $10M to address global radiologist shortage,,,,,,,,,Medium,"Unverified Form D by same-named person: Higia, Inc. 0001811218-24-000001 sold 7891558 (first sale 2024-04-16, Wilmington); likely a different person. No matching post-YC Form D found.",2026-10-01T03:46:12Z
nestor,Nestor,Summer 2018,Yes,2000000,Seed,2022-12-07,,2,Company website,https://nestorup.com/blog/nestor-raises-2m-in-seed-to-help-organizations-forge-new-ways-to-develop-and-retain-talent/,Nestor raises $2M in seed to help organizations forge new ways to develop and retain talent - Nestor,,,,,,,,,High,No matching post-YC Form D found.,2026-10-01T03:46:00Z
ziffyhomes,ZiffyHomes,Summer 2018,No evidence found,,,,,,,,,,,,,,,,,,Checked: no post-YC Form D matching the founders; no funding statement on website (2 pages) or YC page. LinkedIn/X/Crunchbase need a logged-in browser. National register for IN not checked.,2026-10-01T03:45:58Z
bot-md,Bot MD,Summer 2018,No evidence found,,,,,,,,,,,,,,,,,,Checked: no post-YC Form D matching the founders; no funding statement on website (3 pages) or YC page. LinkedIn/X/Crunchbase need a logged-in browser. National register for SG not checked.,2026-10-01T03:45:58Z
fintual,Fintual,Summer 2018,Yes,38543448,Equity (per Form D; stage not stated),2021-10-28,,1,SEC Form D,https://www.sec.gov/Archives/edgar/data/1893224/000189322421000002/primary_doc.xml,totalAmountSold: 38543448; totalOfferingAmount: 38999969; dateOfFirstSale: 2021-10-28,0001893224,0001893224-21-000002,38543448,38999969,2021-10-28,Equity,15,"Fintual, Inc.",High,,2026-10-01T03:46:07Z
names-and-faces,Names & Faces,Summer 2018,No evidence found,,,,,,,,,,,,,,,,,,Checked: no post-YC Form D matching the founders; no funding statement on website (2 pages) or YC page. LinkedIn/X/Crunchbase need a logged-in browser.,2026-10-01T03:46:02Z
tenderd,TENDERD,Summer 2018,Yes,5800000,Seed,,,2,Company website,https://tenderd.com/news/,TENDERD Launches with MENA’s Largest Seed Round of $5.8m.,,,,,,,,,High,Round date not stated on the source page; assumed post-YC because it is presented as current news. No matching post-YC Form D found.,2026-10-01T03:46:01Z
calii,Calii,Summer 2018,No evidence found,,,,,,,,,,,,,,,,,,Checked: no post-YC Form D matching the founders; no funding statement on website (2 pages) or YC page. LinkedIn/X/Crunchbase need a logged-in browser. National register for MX not checked.,2026-10-01T03:46:04Z
prodigal,Prodigal,Summer 2018,Yes,14000000,,,,2,Company website,https://www.prodigaltech.com/blog/our-series-a,This brings our total equity capital raised to $14M..,,,,,,,,,High,Round date not stated on the source page; assumed post-YC because it is presented as current news. Other stated figure: $12M (https://yourstory.com/2021/07/funding-debt-collection-software-maker-prodigal-seriesa-menlo-ventures/amp). No matching post-YC Form D found.,2026-10-01T03:46:06Z
canary-technologies,Canary Technologies,Summer 2018,Yes,80000000,Series D,2025-06-12,,4,Press (linked from YC company page),https://techcrunch.com/2025/06/12/hotel-management-platform-canary-nabs-80m-series-d-from-yc-insight-partners/,"Hotel management platform Canary nabs $80M Series D from BPC, YC, Insight Partners | TechCrunch",,,,,,,,,Medium,Other stated figure: $30 Million (https://skift.com/2022/10/28/canary-technologies-raises-30-million-to-boost-hotel-software-biz-travel-startup-funding-this-week/). No matching post-YC Form D found.,2026-10-01T03:46:04Z
papa,Papa,Summer 2018,Yes,167499685,Series D (Equity per Form D),2021-04-08,,1,SEC Form D,https://www.sec.gov/Archives/edgar/data/1709747/000089706921000557/primary_doc.xml,totalAmountSold: 107499804; totalOfferingAmount: 150000000; dateOfFirstSale: 2021-10-13,0001709747,0000897069-21-000557,107499804,150000000,2021-10-13,Equity; OptionToAcquire,9,"Papa, Inc.",High,"2 post-YC Form D offerings summed: 0000897069-21-000220 $59999881 (2021-04-08), 0000897069-21-000557 $107499804 (2021-10-13) Unverified Form D by same-named person: Treno, Inc. 0001798122-21-000001 sold 3499996 (first sale 2021-08-04, New York); likely a different person. Unverified Form D by same-named person: Leaf International Corp 0001811735-23-000002 sold 14552898 (first sale 2023-09-20, San Francisco); likely a different person. Tier 2 source states $240 million (https://www.papa.com/about); Form D figure kept.",2026-10-01T03:46:08Z
mentalhappy,MentalHappy,Summer 2018,Yes,500000,Equity (per Form D; stage not stated),2024-07-29,,1,SEC Form D,https://www.sec.gov/Archives/edgar/data/1809358/000180935824000002/primary_doc.xml,totalAmountSold: 500000; totalOfferingAmount: 2000000; dateOfFirstSale: 2024-07-29,0001809358,0001809358-24-000002,500000,2000000,2024-07-29,Equity,2,MentalHappy Inc,High,,2026-10-01T03:46:05Z
alpha-vantage,Alpha Vantage,Summer 2018,No evidence found,,,,,,,,,,,,,,,,,,Checked: no post-YC Form D matching the founders; no funding statement on website (2 pages) or YC page. LinkedIn/X/Crunchbase need a logged-in browser.,2026-10-01T03:46:07Z
bluecargo,BlueCargo,Summer 2018,Yes,11000000,Seed,,,2,YC company/launch page,https://www.ycombinator.com/companies/bluecargo,has raised a 4 million seed round followed by a $11m Series A.,,,,,,,,,High,Round date not stated on the source page; assumed post-YC because it is presented as current news. No matching post-YC Form D found.,2026-10-01T03:46:07Z
cytera-cellworks,Mytos,Summer 2018,Yes,18003172,Equity (per Form D; stage not stated),2023-09-20,,1,SEC Form D,https://www.sec.gov/Archives/edgar/data/1995930/000199593023000001/primary_doc.xml,totalAmountSold: 18003172; totalOfferingAmount: 18008172; dateOfFirstSale: 2023-09-20,0001995930,0001995930-23-000001,18003172,18008172,2023-09-20,Equity,93,"Mytos, Inc.",High,,2026-10-01T03:46:08Z
pine-park-health,Pine Park Health,Summer 2018,Yes,44000000,,2022-01-24,,4,Press (linked from YC company page),https://seniorhousingnews.com/2022/01/24/with-44m-raised-pine-park-health-to-expand-senior-living-focused-primary-care-model/,"With $44M Raised, Pine Park Health To Expand Senior Living-Focused Primary Care Model - Senior Housing News",,,,,,,,,Medium,No matching post-YC Form D found.,2026-10-01T03:46:06Z
cb-therapeutics,CB Therapeutics,Summer 2018,No evidence found,,,,,,,,,,,,,,,,,,Checked: no post-YC Form D matching the founders; no funding statement on website (2 pages) or YC page. LinkedIn/X/Crunchbase need a logged-in browser.,2026-10-01T03:46:09Z
dreamcraft-entertainment-inc,"DreamCraft Entertainment, Inc.",Summer 2018,Yes,10000000,Series A,,March Gaming,2,Company website,https://www.dreamcraft.com,DreamCraft is excited to announce that we have raised $10 million in Series A funding led by March Gaming (Gregory Milken and Louis Gresham),,,,,,,,,High,Round date not stated on the source page; assumed post-YC because it is presented as current news. No matching post-YC Form D found.,2026-10-01T03:46:09Z
ajaib,Ajaib,Summer 2018,No evidence found,,,,,,,,,,,,,,,,,,Checked: no post-YC Form D matching the founders; no funding statement on website (1 pages) or YC page. LinkedIn/X/Crunchbase need a logged-in browser. National register for ID not checked.,2026-10-01T03:46:10Z
ubits,UBITS,Summer 2018,No evidence found,,,,,,,,,,,,,,,,,,Checked: no post-YC Form D matching the founders; no funding statement on website (2 pages) or YC page. LinkedIn/X/Crunchbase need a logged-in browser. National register for MX not checked.,2026-10-01T03:46:12Z
quickchat-ai,Quickchat AI,Summer 2018,No evidence found,,,,,,,,,,,,,,,,,,Checked: no post-YC Form D matching the founders; no funding statement on website (10 pages) or YC page. LinkedIn/X/Crunchbase need a logged-in browser. National register for PL not checked.,2026-10-01T03:46:10Z
duffel,Duffel,Summer 2018,No evidence found,,,,,,,,,,,,,,,,,,Checked: no post-YC Form D matching the founders; no funding statement on website (5 pages) or YC page. LinkedIn/X/Crunchbase need a logged-in browser.,2026-10-01T03:46:10Z
corvus-robotics,Corvus Robotics,Summer 2018,No evidence found,,,,,,,,,,,,,,,,,,"Unverified Form D by same-named person: Quantile Health Inc. 0002010428-24-000001 sold 6000000 (first sale 2024-01-23, Albany); likely a different person. Unverified Form D by same-named person: Quantile Health Inc. 0002010428-24-000002 sold 7705000 (first sale 2024-01-23, Albany); likely a different person. Checked: no post-YC Form D matching the founders; no funding statement on website (4 pages) or YC page. LinkedIn/X/Crunchbase need a logged-in browser.",2026-10-01T03:46:11Z
easol,Easol,Summer 2018,Yes,28212886,Equity (per Form D; stage not stated),2021-09-07,,1,SEC Form D,https://www.sec.gov/Archives/edgar/data/1813435/000181343521000004/primary_doc.xml,totalAmountSold: 23212886; totalOfferingAmount: 23212886; dateOfFirstSale: 2021-09-07,0001813435,0001813435-21-000004,23212886,23212886,2021-09-07,Equity,12,Easol Holdings Inc.,High,"2 post-YC Form D offerings summed: 0001813435-21-000004 $23212886 (2021-09-07), 0001813435-24-000002 $5000000 (2024-04-29)",2026-10-01T03:46:13Z
tall-poppy,Tall Poppy,Summer 2018,Yes,755000,SAFE (per Form D; stage not stated),2020-06-19,,1,SEC Form D,https://www.sec.gov/Archives/edgar/data/1750759/000175075921000001/primary_doc.xml,totalAmountSold: 505000; totalOfferingAmount: Indefinite; dateOfFirstSale: 2020-06-19,0001750759,0001750759-21-000001,505000,Indefinite,2020-06-19,"Other; Other: Simple agreement for future equity (SAFE), the equity securities of the Issuer into which the SAFE may convert (Converted Securities) and the equity securities of the Issuer into which the Converted Securities may convert.",7,Tall Poppy Security Inc.,High,"2 post-YC Form D offerings summed: 0001750759-21-000001 $505000 (2020-06-19), 0001750759-23-000002 $250000 (2023-09-05)",2026-10-01T03:46:15Z
pocket-worlds,Pocket Worlds,Summer 2018,Yes,8332176,Equity (per Form D; stage not stated),2020-11-13,,1,SEC Form D,https://www.sec.gov/Archives/edgar/data/1743013/000174301321000002/primary_doc.xml,totalAmountSold: 8332176; totalOfferingAmount: 10599521; dateOfFirstSale: 2020-11-13,0001743013,0001743013-21-000002,8332176,10599521,2020-11-13,Equity,45,PocketzWorld Inc.,High,"Legal name differs from brand; matched on related person(s) Anton Bernstein, Jimmy Xu, issuer in Walnut, CA.",2026-10-01T03:46:14Z
anima-app,Anima App,Summer 2018,Yes,10000000,Series A,2021-09-01,,4,Press (linked from YC company page),https://techcrunch.com/2021/09/01/anima-a-no-code-tool-that-turns-designs-into-code-raises-10-million-series-a/,"Anima, a no-code tool that turns designs into code, raises $10 million Series A • TechCrunch",,,,,,,,,Medium,Other stated figure: $2.5 Million (https://www.businessinsider.com/yo-coding-startup-anima-raise-seed-funding-2020-9). No matching post-YC Form D found.,2026-10-01T03:46:13Z
64x-bio,64x Bio,Summer 2018,Yes,55000000,,,,2,Company website,https://64xbio.com/news,64x Bio Raises $55M To Advance Gene Therapy Platform.,,,,,,,,,High,Round date not stated on the source page; assumed post-YC because it is presented as current news. No matching post-YC Form D found.,2026-10-01T03:46:13Z
embeddables,Embeddables,Summer 2018,No evidence found,,,,,,,,,,,,,,,,,,Checked: no post-YC Form D matching the founders; no funding statement on website (1 pages) or YC page. LinkedIn/X/Crunchbase need a logged-in browser.,2026-10-01T03:46:14Z
vimcal,Vimcal,Summer 2018,Yes,6850663,Equity (per Form D; stage not stated),2023-10-31,,1,SEC Form D,https://www.sec.gov/Archives/edgar/data/2000094/000200009423000001/primary_doc.xml,totalAmountSold: 6850663; totalOfferingAmount: 6850663; dateOfFirstSale: 2023-10-31,0002000094,0002000094-23-000001,6850663,6850663,2023-10-31,Equity,49,Vimcal Inc.,High,Tier 4 source states $4.5 million (https://techcrunch.com/2023/11/28/vimcal-raises-4-5-million-to-expand-its-team-offerings/); Form D figure kept.,2026-10-01T03:46:17Z
meru-health,Meru Health,Summer 2018,Yes,25733985,Equity (per Form D; stage not stated),2021-07-23,,1,SEC Form D,https://www.sec.gov/Archives/edgar/data/1774666/000177466621000001/primary_doc.xml,totalAmountSold: 25733985; totalOfferingAmount: 25733985; dateOfFirstSale: 2021-07-23,0001774666,0001774666-21-000001,25733985,25733985,2021-07-23,Equity; SecurityToBeAcquired; Other; Other: Shares of Preferred Stock are being issued.  Shares of Common Stock are issuable upon conversion of the Preferred Stock.,11,Meru Health Holding Inc.,High,,2026-10-01T03:46:17Z
paladin,Paladin,Summer 2018,Yes,20013621,Equity (per Form D; stage not stated),2024-04-04,,1,SEC Form D,https://www.sec.gov/Archives/edgar/data/2019997/000201999725000003/primary_doc.xml,totalAmountSold: 17013621; totalOfferingAmount: 18078621; dateOfFirstSale: 2025-08-11,0002019997,0002019997-25-000003,17013621,18078621,2025-08-11,Equity,37,Paladin Drones Inc.,High,"2 post-YC Form D offerings summed: 0002019997-24-000001 $3000000 (2024-04-04), 0002019997-25-000003 $17013621 (2025-08-11) Form D clarification: $8,050 offered in new money investment, $10,028,620.97 converting SAFEs",2026-10-01T03:46:18Z
clear-gene,Clear Gene,Summer 2018,No evidence found,,,,,,,,,,,,,,,,,,Checked: no post-YC Form D matching the founders; no funding statement on website (1 pages) or YC page. LinkedIn/X/Crunchbase need a logged-in browser.,2026-10-01T03:46:16Z
hepatx,Hepatx,Summer 2018,No evidence found,,,,,,,,,,,,,,,,,,Checked: no post-YC Form D matching the founders; no funding statement on website (2 pages) or YC page. LinkedIn/X/Crunchbase need a logged-in browser.,2026-10-01T03:46:16Z
the-good-food-institute,The Good Food Institute,Summer 2018,No evidence found,,,,,,,,,,,,,,,,,,Checked: no post-YC Form D matching the founders; no funding statement on website (11 pages) or YC page. LinkedIn/X/Crunchbase need a logged-in browser.,2026-10-01T03:46:18Z
rebellyous-foods,Rebellyous Foods,Summer 2018,No evidence found,,,,,,,,,,,,,,,,,,"Unverified Form D by same-named person: Seattle Food Tech, Inc. 0001807097-23-000001 sold 20321630 (first sale 2023-01-23, Seattle); likely a different person. Unverified Form D by same-named person: Seattle Food Tech, Inc. 0001807097-25-000001 sold 2469217 (first sale 2024-11-07, Tukwila); likely a different person. Checked: no post-YC Form D matching the founders; no funding statement on website (2 pages) or YC page. LinkedIn/X/Crunchbase need a logged-in browser.",2026-10-01T03:46:16Z
askmyclass-now-soundkins,"AskMyClass, now Soundkins",Summer 2018,No evidence found,,,,,,,,,,,,,,,,,,Checked: no post-YC Form D matching the founders; no funding statement on website (0 pages) or YC page. LinkedIn/X/Crunchbase need a logged-in browser.,2026-10-01T03:46:17Z
openphone,Quo (fka OpenPhone),Summer 2018,Yes,40000000,,2022-04-07,,4,Press (linked from YC company page),https://techcrunch.com/2022/04/07/open-phone-raises-40m-to-replace-your-work-phone-and-office-pbx-with-an-app/,OpenPhone raises $40M to replace your work phone and office PBX with an app – TechCrunch,,,,,,,,,Medium,No matching post-YC Form D found.,2026-10-01T03:46:19Z
college-pulse,College Pulse,Summer 2018,No evidence found,,,,,,,,,,,,,,,,,,Checked: no post-YC Form D matching the founders; no funding statement on website (4 pages) or YC page. LinkedIn/X/Crunchbase need a logged-in browser.,2026-10-01T03:46:18Z
apprentice-health,Apprentice Health,Summer 2018,No evidence found,,,,,,,,,,,,,,,,,,Checked: no post-YC Form D matching the founders; no funding statement on website (1 pages) or YC page. LinkedIn/X/Crunchbase need a logged-in browser.,2026-10-01T03:46:20Z
jitx,JITX,Summer 2018,Yes,12000000,Series A,,,2,Company website,https://www.jitx.com/blog,JITX raised a $12M Series A from Sequoia Capital..,,,,,,,,,High,Round date not stated on the source page; assumed post-YC because it is presented as current news. No matching post-YC Form D found.,2026-10-01T03:46:21Z
inscribe,Inscribe,Summer 2018,Yes,25000000,Series B,2023-01-25,,2,Company website,https://www.inscribe.ai/blog/announcing-our-series-b?utm_source=linkedin&utm_campaign=2022-Q4-Series-B-Launch&utm_medium=organicsocial,Announcing our Series B: We’ve raised $25M to help companies build digital trust with Risk Intelligence,,,,,,,,,High,No matching post-YC Form D found.,2026-10-01T03:46:21Z
data-driven-bioscience,Data Driven Bioscience,Summer 2018,No evidence found,,,,,,,,,,,,,,,,,,Checked: no post-YC Form D matching the founders; no funding statement on website (1 pages) or YC page. LinkedIn/X/Crunchbase need a logged-in browser.,2026-10-01T03:46:20Z
titan,Titan,Summer 2018,Yes,16975596,Other; Other: Series A Preferred Stock (per Form D; stage not stated),2021-12-01,,1,SEC Form D,https://www.sec.gov/Archives/edgar/data/1913639/000090571822000461/primary_doc.xml,totalAmountSold: 16975596; totalOfferingAmount: 16975596; dateOfFirstSale: 2021-12-01,0001913639,0000905718-22-000461,16975596,16975596,2021-12-01,Other; Other: Series A Preferred Stock,75,"Titan Global Capital Management, Inc.",High,,2026-10-01T03:47:00Z
activeloop,Activeloop,Summer 2018,Yes,11000000,,2024-03-26,,4,Press (linked from YC company page),https://siliconangle.com/2024/03/26/activeloop-raises-11m-grow-specialized-database-ai-training-inference/,Activeloop raises $11M to grow its specialized tensor database for AI training and inference - SiliconANGLE,,,,,,,,,Medium,No matching post-YC Form D found.,2026-10-01T03:46:20Z
openwrench,OpenWrench,Summer 2018,No evidence found,,,,,,,,,,,,,,,,,,Checked: no post-YC Form D matching the founders; no funding statement on website (3 pages) or YC page. LinkedIn/X/Crunchbase need a logged-in browser.,2026-10-01T03:46:22Z
revenuecat,RevenueCat,Summer 2018,Yes,36664390,Series B (Equity per Form D),2021-04-23,,1,SEC Form D,https://www.sec.gov/Archives/edgar/data/1754807/000175480721000001/primary_doc.xml,totalAmountSold: 36664390; totalOfferingAmount: 37499993; dateOfFirstSale: 2021-04-23,0001754807,0001754807-21-000001,36664390,37499993,2021-04-23,Equity,12,"RevenueCat, Inc.",High,Tier 4 source states $12M (https://techcrunch.com/2024/04/25/revenuecat-raises-12m-series-c-as-it-expands-its-subscription-management-to-the-web/); Form D figure kept.,2026-10-01T03:46:23Z
jetlenses,Verse Medical,Summer 2018,No evidence found,,,,,,,,,,,,,,,,,,Checked: no post-YC Form D matching the founders; no funding statement on website (10 pages) or YC page. LinkedIn/X/Crunchbase need a logged-in browser.,2026-10-01T03:46:22Z
dinesafe,Dinesafe,Summer 2018,No evidence found,,,,,,,,,,,,,,,,,,Checked: no post-YC Form D matching the founders; no funding statement on website (10 pages) or YC page. LinkedIn/X/Crunchbase need a logged-in browser.,2026-10-01T03:46:22Z
modern-treasury,Modern Treasury,Summer 2018,Yes,50000000,Series C,2022-03-30,,2,Company website,https://www.moderntreasury.com/journal/welcoming-svb-capital-and-salesforce-ventures,Modern Treasury Raises Additional $50 Million in its Series C Round,,,,,,,,,High,No matching post-YC Form D found.,2026-10-01T03:46:25Z
c16-biosciences,C16 Biosciences,Summer 2018,Yes,4984415,Equity (per Form D; stage not stated),2023-02-21,,1,SEC Form D,https://www.sec.gov/Archives/edgar/data/1757728/000175772823000001/primary_doc.xml,totalAmountSold: 4984415; totalOfferingAmount: 10244013; dateOfFirstSale: 2023-02-21,0001757728,0001757728-23-000001,4984415,10244013,2023-02-21,Equity,17,"C16 Biosciences, Inc.",High,"Unverified Form D by same-named person: EDBLOX, INC. 0001735903-21-000001 sold 9548207 (first sale 2021-03-12, Chicago); likely a different person. Unverified Form D by same-named person: Approve Holdings, Inc. 0001866623-21-000001 sold 1200000 (first sale 2021-05-25, Chicago); likely a different person. Unverified Form D by same-named person: AlgometRx, Inc. 0001704274-21-000006 sold 875000 (first sale 2021-09-30, Washington); likely a different person. Unverified Form D by same-named person: EDBLOX, INC. 0001735903-22-000001 sold 32999985 (first sale 2022-06-02, Chicago); likely a different person. Unverified Form D by same-named person: Kernel Foods, Inc. 0001988561-23-000001 sold 27374832 (first sale 2023-07-26, New York); likely a different person. Unverified Form D by same-named person: Phyxd, Inc. 0002048470-24-000001 sold 3489399 (first sale 2024-12-02, New York); likely a different person. Unverified Form D by same-named person: EDBLOX, INC. 0001735903-25-000003 sold 3771578 (first sale 2025-05-23, Chicago); likely a different person. Unverified Form D by same-named person: Kernel Foods, Inc. 0001231919-25-000340 sold 29999908 (first sale 2025-10-07, New York); likely a different person.",2026-10-01T03:46:29Z
within,Within,Summer 2018,No evidence found,,,,,,,,,,,,,,,,,,"Unverified Form D by same-named person: Klarity Intelligence, Inc. 0001906842-22-000001 sold 20529617 (first sale 2021-12-17, San Francisco); likely a different person. Checked: no post-YC Form D matching the founders; no funding statement on website (6 pages) or YC page. LinkedIn/X/Crunchbase need a logged-in browser.",2026-10-01T03:46:27Z
owny,OWNY,Summer 2018,No evidence found,,,,,,,,,,,,,,,,,,Checked: no post-YC Form D matching the founders; no funding statement on website (4 pages) or YC page. LinkedIn/X/Crunchbase need a logged-in browser.,2026-10-01T03:46:26Z
curebase,Curebase,Summer 2018,Yes,40000000,,2022-05-05,,4,Press (linked from YC company page),https://techcrunch.com/2022/05/05/curebase-thinks-the-future-of-clinical-testing-is-decentralized-and-raises-40m-to-prove-it/,"thinks the future of clinical testing is decentralized, and raises $40M to prove it – TechCrunch",,,,,,,,,Medium,No matching post-YC Form D found.,2026-10-01T03:46:26Z
deel,Deel,Winter 2019,Yes,488354121,Equity (per Form D; stage not stated),2021-09-14,,1,SEC Form D,https://www.sec.gov/Archives/edgar/data/1813695/000181369523000003/primary_doc.xml,totalAmountSold: 428500000; totalOfferingAmount: 428500000; dateOfFirstSale: 2021-09-14,0001813695,0001813695-23-000003,428500000,428500000,2021-09-14,Equity,68,"Deel, Inc.",High,"5 post-YC Form D offerings summed: 0001813695-23-000003 $428500000 (2021-09-14), 0001813695-23-000004 $27662744 (2022-04-29), 0001813695-23-000005 $27662744 (2022-04-29), 0001813695-24-000002 $1529237 (2024-11-13), 0001813695-24-000001 $2999396 (2024-12-13)",2026-10-01T03:46:27Z
nowports,Nowports,Winter 2019,Yes,16000000,,2021-07-01,,4,Press (linked from YC company page),https://techcrunch.com/2021/07/01/nowports-raises-16m-to-build-the-os-for-latams-shipping-industry/,Nowports raises $16M to build the OS for LatAm’s shipping industry – TechCrunch,,,,,,,,,Medium,No matching post-YC Form D found.,2026-10-01T03:46:27Z
juzibot,JuziBot,Winter 2019,No evidence found,,,,,,,,,,,,,,,,,,Checked: no post-YC Form D matching the founders; no funding statement on website (3 pages) or YC page. LinkedIn/X/Crunchbase need a logged-in browser. National register for CN not checked.,2026-10-01T03:46:30Z
shef,Shef,Winter 2019,Yes,20000000,,2021-06-02,,4,Press (linked from YC company page),https://techcrunch.com/2021/06/02/shef-raises-20m-to-expand-its-homemade-meal-delivery-marketplace/,Shef raises $20M to expand its homemade meal delivery marketplace – TechCrunch,,,,,,,,,Medium,No matching post-YC Form D found.,2026-10-01T03:46:29Z
schoolable,Schoolable,Winter 2019,No evidence found,,,,,,,,,,,,,,,,,,Checked: no post-YC Form D matching the founders; no funding statement on website (0 pages) or YC page. LinkedIn/X/Crunchbase need a logged-in browser. National register for NG not checked.,2026-10-01T03:46:30Z
shipper,Shipper,Winter 2019,Yes,106249825,Equity (per Form D; stage not stated),2021-03-29,,1,SEC Form D,https://www.sec.gov/Archives/edgar/data/1779481/000156761921007592/primary_doc.xml,totalAmountSold: 62499943; totalOfferingAmount: 62499943; dateOfFirstSale: 2021-03-29,0001779481,0001567619-21-007592,62499943,62499943,2021-03-29,Equity,9,"Shipper, Inc.",High,"2 post-YC Form D offerings summed: 0001567619-21-007592 $62499943 (2021-03-29), 0001567619-22-008230 $43749882 (2022-03-23)",2026-10-01T03:46:33Z
buy-me-a-coffee,Buy Me a Coffee,Winter 2019,No evidence found,,,,,,,,,,,,,,,,,,Checked: no post-YC Form D matching the founders; no funding statement on website (15 pages) or YC page. LinkedIn/X/Crunchbase need a logged-in browser.,2026-10-01T03:46:33Z
eclipse-foods,Eclipse Foods,Winter 2019,Yes,32241172,Equity (per Form D; stage not stated),2022-03-28,,1,SEC Form D,https://www.sec.gov/Archives/edgar/data/1939589/000193958922000001/primary_doc.xml,totalAmountSold: 32241172; totalOfferingAmount: 40000001; dateOfFirstSale: 2022-03-28,0001939589,0001939589-22-000001,32241172,40000001,2022-03-28,Equity,12,Eclipse Foods Co,High,Tier 2 source states $60M (https://eclipsefoods.com/careers/); Form D figure kept.,2026-10-01T03:46:34Z
yourchoice-therapeutics,YourChoice Therapeutics,Winter 2019,Yes,15000000,Series A,2022-07-20,,4,Press (linked from YC company page),https://www.axios.com/pro/health-tech-deals/2022/07/20/yourchoice-therapeutics-raises-15-million-series-a,YourChoice Therapeutics raises $15M Series A for male birth control,,,,,,,,,Medium,No matching post-YC Form D found.,2026-10-01T03:46:36Z
taali-inc,Taali Inc,Winter 2019,No evidence found,,,,,,,,,,,,,,,,,,Checked: no post-YC Form D matching the founders; no funding statement on website (0 pages) or YC page. LinkedIn/X/Crunchbase need a logged-in browser. National register for IN not checked.,2026-10-01T03:46:33Z
naturall-club,NaturAll Club,Winter 2019,No evidence found,,,,,,,,,,,,,,,,,,Checked: no post-YC Form D matching the founders; no funding statement on website (2 pages) or YC page. LinkedIn/X/Crunchbase need a logged-in browser.,2026-10-01T03:46:33Z
atlas-3,Atlas,Winter 2019,Yes,46500000,,2021-09-02,,4,Press (linked from YC company page),https://techcrunch.com/2021/09/02/point-raises-46-5-million-for-its-premium-debit-card/,Point raises $46.5 million for its premium debit card – TechCrunch,,,,,,,,,Medium,No matching post-YC Form D found.,2026-10-01T03:47:41Z
rct-studio,rct AI,Winter 2019,Yes,36035053,Equity (per Form D; stage not stated),2023-12-15,,1,SEC Form D,https://www.sec.gov/Archives/edgar/data/2005606/000200560624000002/primary_doc.xml,totalAmountSold: 28699936; totalOfferingAmount: 32000000; dateOfFirstSale: 2024-03-06,0002005606,0002005606-24-000002,28699936,32000000,2024-03-06,Equity,4,Rabbit Inc/DE,High,"Legal name differs from brand; matched on related person(s) Cheng Lyu, Xinjie Ma, issuer in Santa Monica, CA. 2 post-YC Form D offerings summed: 0002005606-24-000001 $7335117 (2023-12-15), 0002005606-24-000002 $28699936 (2024-03-06) Tier 4 source states $10 Million (https://medium.com/delysium/delysium-raised-10-million-in-a-strategic-round-58a68b0328c7); Form D figure kept.",2026-10-01T03:46:41Z
numero,Numero,Winter 2019,No evidence found,,,,,,,,,,,,,,,,,,"Manual review: '$400M' is money raised by political campaigns using Numero, not by Numero.",2026-10-01T03:46:38Z
prometheus,Prometheus,Winter 2019,No evidence found,,,,,,,,,,,,,,,,,,Checked: no post-YC Form D matching the founders; no funding statement on website (2 pages) or YC page. LinkedIn/X/Crunchbase need a logged-in browser.,2026-10-01T03:46:38Z
1910,1910,Winter 2019,Yes,40000000,Seed,,,2,Company website,https://www.1910.ai/investors,"have raised Seed, Series A and Series A-2 funding of $40M from Microsoft’s Venture Fund, Accenture, FoundersX Ventures, Playground Global, OpenAI’s Sam Altman, Y",,,,,,,,,High,Round date not stated on the source page; assumed post-YC because it is presented as current news. No matching post-YC Form D found.,2026-10-01T03:46:41Z
outrival-inc,"OutRival, Inc.",Winter 2019,Yes,40004556,Equity (per Form D; stage not stated),2021-12-06,,1,SEC Form D,https://www.sec.gov/Archives/edgar/data/1831798/000183179822000001/primary_doc.xml,totalAmountSold: 40004556; totalOfferingAmount: 40015000; dateOfFirstSale: 2021-12-06,0001831798,0001831798-22-000001,40004556,40015000,2021-12-06,Equity,43,"Career Karma, Inc.",High,"Legal name differs from brand; matched on related person(s) Ruben A. Harris, Timur Meyster, issuer in San Francisco, CA.",2026-10-01T03:46:40Z
truora,Truora,Winter 2019,Yes,18244917,Equity (per Form D; stage not stated),2022-02-01,,1,SEC Form D,https://www.sec.gov/Archives/edgar/data/1924159/000123191922000025/primary_doc.xml,totalAmountSold: 18244917; totalOfferingAmount: 19069942; dateOfFirstSale: 2022-02-01,0001924159,0001231919-22-000025,18244917,19069942,2022-02-01,Equity,29,Truora Inc.,High,"Form D clarification: The Total Offering Amount and the Total Amount Sold include the conversion of $3,570,000 of outstanding convertible securities.",2026-10-01T03:46:48Z
pools-fka-withfriends,Pools (fka Withfriends),Winter 2019,No evidence found,,,,,,,,,,,,,,,,,,Checked: no post-YC Form D matching the founders; no funding statement on website (8 pages) or YC page. LinkedIn/X/Crunchbase need a logged-in browser.,2026-10-01T03:46:41Z
cosmic,Cosmic,Winter 2019,No evidence found,,,,,,,,,,,,,,,,,,Checked: no post-YC Form D matching the founders; no funding statement on website (5 pages) or YC page. LinkedIn/X/Crunchbase need a logged-in browser.,2026-10-01T03:46:54Z
first,FIRST,Winter 2019,No evidence found,,,,,,,,,,,,,,,,,,Checked: no post-YC Form D matching the founders; no funding statement on website (5 pages) or YC page. LinkedIn/X/Crunchbase need a logged-in browser.,2026-10-01T03:47:10Z
verto,Verto,Winter 2019,No evidence found,,,,,,,,,,,,,,,,,,Checked: no post-YC Form D matching the founders; no funding statement on website (1 pages) or YC page. LinkedIn/X/Crunchbase need a logged-in browser.,2026-10-01T03:46:47Z
latchel,Latchel,Winter 2019,Yes,25626361,Equity (per Form D; stage not stated),2019-03-05,,1,SEC Form D,https://www.sec.gov/Archives/edgar/data/1726132/000172613221000004/primary_doc.xml,totalAmountSold: 17151361; totalOfferingAmount: 17156223; dateOfFirstSale: 2021-03-29,0001726132,0001726132-21-000004,17151361,17156223,2021-03-29,Equity,51,"Latchel, Inc.",High,"3 post-YC Form D offerings summed: 0001726132-21-000001 $4375000 (2019-03-05), 0001726132-21-000004 $17151361 (2021-03-29), 0001726132-22-000001 $4100000 (2022-04-12)",2026-10-01T03:46:49Z
inito,Inito,Winter 2019,Yes,6000000,,2023-11-15,,4,Press (linked from YC company page),https://techcrunch.com/2023/11/15/inito-helps-women-quickly-track-fertility-hormones-at-home-raises-6m/,"that helps women quickly track fertility hormones at home, raises $6M | TechCrunch",,,,,,,,,Medium,No matching post-YC Form D found.,2026-10-01T03:46:46Z
globe,Globe,Winter 2019,No evidence found,,,,,,,,,,,,,,,,,,Checked: no post-YC Form D matching the founders; no funding statement on website (2 pages) or YC page. LinkedIn/X/Crunchbase need a logged-in browser.,2026-10-01T03:46:57Z
votingworks,VotingWorks,Winter 2019,No evidence found,,,,,,,,,,,,,,,,,,Checked: no post-YC Form D matching the founders; no funding statement on website (6 pages) or YC page. LinkedIn/X/Crunchbase need a logged-in browser.,2026-10-01T03:46:50Z
mars-auto,Mars Auto,Winter 2019,Yes,11199996,Equity (per Form D; stage not stated),2022-03-18,,1,SEC Form D,https://www.sec.gov/Archives/edgar/data/1920209/000192020922000001/primary_doc.xml,totalAmountSold: 11199996; totalOfferingAmount: 13099994; dateOfFirstSale: 2022-03-18,0001920209,0001920209-22-000001,11199996,13099994,2022-03-18,Equity,25,"Mars Auto, Inc.",High,,2026-10-01T03:46:52Z
dockup,Dockup,Winter 2019,No evidence found,,,,,,,,,,,,,,,,,,Checked: no post-YC Form D matching the founders; no funding statement on website (1 pages) or YC page. LinkedIn/X/Crunchbase need a logged-in browser. National register for IN not checked.,2026-10-01T03:46:54Z
rune,Rune,Winter 2019,No evidence found,,,,,,,,,,,,,,,,,,Checked: no post-YC Form D matching the founders; no funding statement on website (10 pages) or YC page. LinkedIn/X/Crunchbase need a logged-in browser.,2026-10-01T03:46:54Z
cuanto,Cuanto,Winter 2019,No evidence found,,,,,,,,,,,,,,,,,,Checked: no post-YC Form D matching the founders; no funding statement on website (10 pages) or YC page. LinkedIn/X/Crunchbase need a logged-in browser. National register for PA not checked.,2026-10-01T03:47:01Z
pronto,Pronto,Winter 2019,No evidence found,,,,,,,,,,,,,,,,,,Checked: no post-YC Form D matching the founders; no funding statement on website (1 pages) or YC page. LinkedIn/X/Crunchbase need a logged-in browser. National register for MX not checked.,2026-10-01T03:46:59Z
pulse-active-stations-network,Pulse Active Stations Network,Winter 2019,No evidence found,,,,,,,,,,,,,,,,,,Checked: no post-YC Form D matching the founders; no funding statement on website (1 pages) or YC page. LinkedIn/X/Crunchbase need a logged-in browser. National register for IN not checked.,2026-10-01T03:46:59Z
cityfurnish,Cityfurnish,Winter 2019,Yes,2500000,,2022-11-11,,4,Press (linked from YC company page),https://www.entrepreneur.com/en-in/news-and-trends/cityfurnish-raises-25-million-in-debt-funding-round/438981,Cityfurnish Raises $2.5 Million In Debt Funding Round,,,,,,,,,Medium,"Unverified Form D by same-named person: CorMetrix Inc 0002067889-25-000001 sold 0 (first sale yetToOccur, Beaverton); likely a different person. No matching post-YC Form D found.",2026-10-01T03:47:00Z
glide,Glide,Winter 2019,No evidence found,,,,,,,,,,,,,,,,,,"Unverified Form D by same-named person: TL Highlands Ranch LLC 0001869884-21-000002 sold 416000 (first sale 2021-04-05, Midvale); likely a different person. Unverified Form D by same-named person: TFC Cedar Burrito LLC 0001869884-21-000001 sold 212000 (first sale 2021-03-11, Midvale); likely a different person. Unverified Form D by same-named person: TFC Kowloon Mister 0001869904-21-000001 sold 425000 (first sale 2021-03-29, Midvale); likely a different person. Unverified Form D by same-named person: TFC Waukee Oil LLC 0001869922-21-000001 sold 251000 (first sale 2021-05-03, Midvale); likely a different person. Unverified Form D by same-named person: MOBILION SYSTEMS, INC. 0001773510-21-000002 sold 60000000 (first sale 2021-06-28, Chadds Ford); likely a different person. Unverified Form D by same-named person: TFC Ten Mile Mister LLC 0001893340-21-000002 sold 400000 (first sale 2021-09-30, Midvale); likely a different person. Unverified Form D by same-named person: Wellnecity Group, Inc. 0001758548-22-000002 sold 3156900 (first sale 2021-12-17, Winston Salem); likely a different person. Unverified Form D by same-named person: TFC Chestnut LLC 0001908620-22-000001 sold 225000 (first sale 2022-01-24, Midvale); likely a different person. Unverified Form D by same-named person: TL Sheridan Coffee LLC 0001911460-22-000001 sold 375000 (first sale 2022-01-31, Midvale); likely a different person. Unverified Form D by same-named person: TFC Geneva Rd, LLC 0001927051-22-000001 sold 110",2026-10-01T03:47:40Z
lezzoo,Lezzoo,Winter 2019,No evidence found,,,,,,,,,,,,,,,,,,Checked: no post-YC Form D matching the founders; no funding statement on website (2 pages) or YC page. LinkedIn/X/Crunchbase need a logged-in browser. National register for IQ not checked.,2026-10-01T03:47:02Z
emi-labs,Emi Labs,Winter 2019,Yes,12872501,Equity (per Form D; stage not stated),2021-11-19,,1,SEC Form D,https://www.sec.gov/Archives/edgar/data/1903796/000190379622000001/primary_doc.xml,totalAmountSold: 12872501; totalOfferingAmount: 12872501; dateOfFirstSale: 2021-11-19,0001903796,0001903796-22-000001,12872501,12872501,2021-11-19,Equity,48,"Emi Labs, Inc.",High,,2026-10-01T03:47:05Z
bentocart,Bentocart,Winter 2019,No evidence found,,,,,,,,,,,,,,,,,,Checked: no post-YC Form D matching the founders; no funding statement on website (1 pages) or YC page. LinkedIn/X/Crunchbase need a logged-in browser.,2026-10-01T03:47:04Z
spring-in-africa,Spring in Africa,Winter 2019,No evidence found,,,,,,,,,,,,,,,,,,Checked: no post-YC Form D matching the founders; no funding statement on website (2 pages) or YC page. LinkedIn/X/Crunchbase need a logged-in browser.,2026-10-01T03:47:04Z
credpal,CredPal,Winter 2019,No evidence found,,,,,,,,,,,,,,,,,,Checked: no post-YC Form D matching the founders; no funding statement on website (2 pages) or YC page. LinkedIn/X/Crunchbase need a logged-in browser. National register for NG not checked.,2026-10-01T03:47:04Z
exly,Exly,Winter 2019,No evidence found,,,,,,,,,,,,,,,,,,Checked: no post-YC Form D matching the founders; no funding statement on website (3 pages) or YC page. LinkedIn/X/Crunchbase need a logged-in browser. National register for IN not checked.,2026-10-01T03:47:05Z
keynua,Keynua,Winter 2019,No evidence found,,,,,,,,,,,,,,,,,,Checked: no post-YC Form D matching the founders; no funding statement on website (1 pages) or YC page. LinkedIn/X/Crunchbase need a logged-in browser. National register for PE not checked.,2026-10-01T03:47:09Z
edyst,Edyst,Winter 2019,No evidence found,,,,,,,,,,,,,,,,,,Checked: no post-YC Form D matching the founders; no funding statement on website (0 pages) or YC page. LinkedIn/X/Crunchbase need a logged-in browser. National register for IN not checked.,2026-10-01T03:47:06Z
acciojob,AccioJob,Winter 2019,Yes,2709999,Equity (per Form D; stage not stated),2023-08-31,,1,SEC Form D,https://www.sec.gov/Archives/edgar/data/1991100/000199110023000001/primary_doc.xml,totalAmountSold: 2709999; totalOfferingAmount: 2710000; dateOfFirstSale: 2023-08-31,0001991100,0001991100-23-000001,2709999,2710000,2023-08-31,Equity,3,"AccioJob, Inc.",High,,2026-10-01T03:47:10Z
nala,NALA,Winter 2019,Yes,40000000,,,,2,Company website,https://www.nala.com/blog/40m-announcement,"Today, we announce we have raised $40m:.",,,,,,,,,High,Round date not stated on the source page; assumed post-YC because it is presented as current news. Other stated figure: $10M (https://techcrunch.com/2022/01/27/tanzanian-fintech-nala-raises-10m-seed-to-build-revolut-for-africa/?guccounter=1&guce_referrer=aHR0cHM6Ly93d3cuZ29vZ2xlLmNvbS8&guce_referrer_sig=AQAAABpE9PAtv8GdVud46gjNcLZDK-w6s7OHQMuk6HV4D4nevF9_EI5Uvs1nox2mfqS6ssoVrQ3nPYtFLVaqGSmQRAxPy5uUY5voW-DkypDXPy3VlA9UjDr1V4s_o2Pf8oiiQwukKQNneiLldY5eWSd1JJSwIG0XxxL2WAlVkFn4vdJ4). No matching post-YC Form D found.,2026-10-01T03:47:09Z
mudrex,Mudrex,Winter 2019,Yes,19525055,Series A (Equity per Form D),2021-07-07,,1,SEC Form D,https://www.sec.gov/Archives/edgar/data/1879124/000187912422000003/primary_doc.xml,totalAmountSold: 12319245; totalOfferingAmount: 13071805; dateOfFirstSale: 2022-07-20,0001879124,0001879124-22-000003,12319245,13071805,2022-07-20,Equity,4,"Mudrex, Inc.",High,"3 post-YC Form D offerings summed: 0001879124-21-000001 $3405932 (2021-07-07), 0001879124-22-000002 $3799878 (2021-12-16), 0001879124-22-000003 $12319245 (2022-07-20) Tier 4 source states $6.5 million (https://economictimes.indiatimes.com/markets/cryptocurrency/crypto-platform-mudrex-raises-6-5-pre-series-a/articleshow/89422315.cms); Form D figure kept.",2026-10-01T03:47:12Z
skill-lync,Skill-lync,Winter 2019,Yes,17306248,Equity (per Form D; stage not stated),2021-07-22,,1,SEC Form D,https://www.sec.gov/Archives/edgar/data/1877180/000187718021000001/primary_doc.xml,totalAmountSold: 17306248; totalOfferingAmount: 17406248; dateOfFirstSale: 2021-07-22,0001877180,0001877180-21-000001,17306248,17406248,2021-07-22,Equity,13,"Skill-Lync, Inc.",High,,2026-10-01T03:47:08Z
ampup,AmpUp,Winter 2019,No evidence found,,,,,,,,,,,,,,,,,,Checked: no post-YC Form D matching the founders; no funding statement on website (5 pages) or YC page. LinkedIn/X/Crunchbase need a logged-in browser.,2026-10-01T03:47:09Z
xgenomes,XGenomes,Winter 2019,No evidence found,,,,,,,,,,,,,,,,,,Checked: no post-YC Form D matching the founders; no funding statement on website (2 pages) or YC page. LinkedIn/X/Crunchbase need a logged-in browser.,2026-10-01T03:47:11Z
alpaca,Alpaca,Winter 2019,Yes,50000000,,2021-08-30,,4,Press (linked from YC company page),https://techcrunch.com/2021/08/30/alpaca-raises-50m-to-rapidly-scale-its-equities-trading-api-business/,Alpaca raises $50M to rapidly scale its API-delivered equities trading business – TechCrunch,,,,,,,,,Medium,Other stated figure: $15M (https://techcrunch.com/2023/10/12/stock-trading-api-developer-alpaca-raises-15m-convertible-note-from-sbi-group/). No matching post-YC Form D found.,2026-10-01T03:47:26Z
maple-materials,Maple Materials,Winter 2019,Yes,6159999,Equity (per Form D; stage not stated),2024-08-09,,1,SEC Form D,https://www.sec.gov/Archives/edgar/data/1767915/000176791524000002/primary_doc.xml,totalAmountSold: 6159999; totalOfferingAmount: 8150000; dateOfFirstSale: 2024-08-09,0001767915,0001767915-24-000002,6159999,8150000,2024-08-09,Equity,15,"Maple Materials, Inc.",High,"Unverified Form D by same-named person: Aero Aggregates of North America LLC 0001776243-22-000001 sold 25000000 (first sale 2022-03-01, Eddystone); likely a different person. Unverified Form D by same-named person: VALTERRA DATA HOLDINGS, LLC 0001819538-24-000001 sold 10554710 (first sale 2024-03-28, Austin); likely a different person. Unverified Form D by same-named person: COLO Holdings, LLC 0001123292-24-000103 sold 53500000 (first sale 2024-03-27, Miami); likely a different person. Unverified Form D by same-named person: VALTERRA DATA HOLDINGS, LLC 0001819538-25-000001 sold 54007710 (first sale 2024-03-28, Austin); likely a different person.",2026-10-01T03:47:14Z
upsolve,Upsolve,Winter 2019,No evidence found,,,,,,,,,,,,,,,,,,Checked: no post-YC Form D matching the founders; no funding statement on website (1 pages) or YC page. LinkedIn/X/Crunchbase need a logged-in browser.,2026-10-01T03:47:12Z
our-world-in-data,Our World in Data,Winter 2019,No evidence found,,,,,,,,,,,,,,,,,,Checked: no post-YC Form D matching the founders; no funding statement on website (7 pages) or YC page. LinkedIn/X/Crunchbase need a logged-in browser.,2026-10-01T03:47:14Z
dagger,Dagger,Winter 2019,Yes,30392686,Equity (per Form D; stage not stated),2021-07-23,,1,SEC Form D,https://www.sec.gov/Archives/edgar/data/1880409/000188040922000001/primary_doc.xml,totalAmountSold: 20000005; totalOfferingAmount: 20000005; dateOfFirstSale: 2022-02-11,0001880409,0001880409-22-000001,20000005,20000005,2022-02-11,Equity,14,"Dagger, Inc.",High,"2 post-YC Form D offerings summed: 0001880409-21-000001 $10392681 (2021-07-23), 0001880409-22-000001 $20000005 (2022-02-11)",2026-10-01T03:47:12Z
superb-ai,Superb AI,Winter 2019,Yes,11474947,Equity (per Form D; stage not stated),2021-01-06,,1,SEC Form D,https://www.sec.gov/Archives/edgar/data/1774445/000123191921000005/primary_doc.xml,totalAmountSold: 11474947; totalOfferingAmount: 11474947; dateOfFirstSale: 2021-01-06,0001774445,0001231919-21-000005,11474947,11474947,2021-01-06,Equity; SecurityToBeAcquired,53,"Superb AI, Inc.",High,"Form D clarification: The Total Offering Amount and the Total Amount Sold includes the conversion of $2,175,000.25 of outstanding convertible securities.",2026-10-01T03:47:18Z
heart-aerospace,Heart Aerospace,Winter 2019,Yes,145000000,,,,2,Company website,https://www.heartaerospace.com/newsroom/heart-aerospace-raises-107-million-in-series-b-funding,total financing raised by Heart Aerospace since its inception to $145 million.,,,,,,,,,High,Round date not stated on the source page; assumed post-YC because it is presented as current news. Other stated figure: $107 million (https://heartaerospace.com/newsroom/heart-aerospace-raises-107-million-in-series-b-funding/). No matching post-YC Form D found.,2026-10-01T03:47:14Z
reelables,Reelables,Winter 2019,Yes,10400000,,2025-11-17,,4,Press (linked from YC company page),https://siliconangle.com/2025/11/17/reelables-raises-10-4m-innovate-supply-chains-wireless-smart-label-technology/,Reelables raises $10.4M to innovate supply chains with wireless smart label technology - SiliconANGLE,,,,,,,,,Medium,No matching post-YC Form D found.,2026-10-01T03:47:15Z
volta-labs-inc,"Volta Labs, Inc.",Winter 2019,Yes,37716663,Equity (per Form D; stage not stated),2022-01-27,,1,SEC Form D,https://www.sec.gov/Archives/edgar/data/1914755/000191475522000001/primary_doc.xml,totalAmountSold: 25034971; totalOfferingAmount: 25034971; dateOfFirstSale: 2022-01-27,0001914755,0001914755-22-000001,25034971,25034971,2022-01-27,Equity,24,"Volta Labs, Inc.",High,"2 post-YC Form D offerings summed: 0001914755-22-000001 $25034971 (2022-01-27), 0001914755-24-000003 $12681692 (2023-12-29)",2026-10-01T03:47:16Z
jetpack-aviation,JetPack Aviation,Winter 2019,No evidence found,,,,,,,,,0001688786,,,,,,,Jetpack Aviation Corp,,small Form D 0001688786-22-000002: sold 69948 first sale 2022-04-21 Checked: no post-YC Form D matching the founders; no funding statement on website (4 pages) or YC page. LinkedIn/X/Crunchbase need a logged-in browser.,2026-10-01T03:47:18Z
valo,Valo,Winter 2019,No evidence found,,,,,,,,,,,,,,,,,,"Unverified Form D by same-named person: Sago Fox Gray, LLC 0001965614-23-000001 sold 630000 (first sale 2023-01-11, College Station); likely a different person. Checked: no post-YC Form D matching the founders; no funding statement on website (1 pages) or YC page. LinkedIn/X/Crunchbase need a logged-in browser.",2026-10-01T03:47:18Z
wanderlog,Wanderlog,Winter 2019,No evidence found,,,,,,,,,,,,,,,,,,Checked: no post-YC Form D matching the founders; no funding statement on website (3 pages) or YC page. LinkedIn/X/Crunchbase need a logged-in browser.,2026-10-01T03:47:18Z
aura-vision,Aura Vision,Winter 2019,Yes,2100000,Seed,,,2,Company website,https://auravision.ai/about/,"Vegas, joined Y Combinator in early 2019, and raised a $2.1M seed round.",,,,,,,,,High,Round date not stated on the source page; assumed post-YC because it is presented as current news. No matching post-YC Form D found.,2026-10-01T03:47:20Z
instapath-inc,Instapath Inc.,Winter 2019,No evidence found,,,,,,,,,,,,,,,,,,Checked: no post-YC Form D matching the founders; no funding statement on website (2 pages) or YC page. LinkedIn/X/Crunchbase need a logged-in browser.,2026-10-01T03:47:20Z
caribou,Caribou,Winter 2019,No evidence found,,,,,,,,,,,,,,,,,,Checked: no post-YC Form D matching the founders; no funding statement on website (7 pages) or YC page. LinkedIn/X/Crunchbase need a logged-in browser. National register for PT not checked.,2026-10-01T03:47:24Z
ravn,Ravn,Winter 2019,No evidence found,,,,,,,,,,,,,,,,,,Checked: no post-YC Form D matching the founders; no funding statement on website (1 pages) or YC page. LinkedIn/X/Crunchbase need a logged-in browser.,2026-10-01T03:47:20Z
doppler,Doppler,Winter 2019,Yes,19979942,Equity (per Form D; stage not stated),2022-03-16,,1,SEC Form D,https://www.sec.gov/Archives/edgar/data/1920993/000192099322000002/primary_doc.xml,totalAmountSold: 19979942; totalOfferingAmount: 20000000; dateOfFirstSale: 2022-03-16,0001920993,0001920993-22-000002,19979942,20000000,2022-03-16,Equity,48,Doppler Technologies Inc,High,,2026-10-01T03:47:21Z
pnoe,PNOĒ,Winter 2019,No evidence found,,,,,,,,,,,,,,,,,,Checked: no post-YC Form D matching the founders; no funding statement on website (0 pages) or YC page. LinkedIn/X/Crunchbase need a logged-in browser. National register for GR not checked.,2026-10-01T03:47:22Z
axel-travel,Axel Travel,Winter 2019,Yes,25000000,,2022-07-19,,4,Press (linked from YC company page),https://skift.com/blog/gordian-software-raises-25-million-for-airline-cross-selling-tools/,Gordian Software Raises $25 Million for Airline Cross-Selling Tools,,,,,,,,,Medium,No matching post-YC Form D found.,2026-10-01T03:47:22Z
pyxai,Pyxai,Winter 2019,No evidence found,,,,,,,,,,,,,,,,,,Checked: no post-YC Form D matching the founders; no funding statement on website (2 pages) or YC page. LinkedIn/X/Crunchbase need a logged-in browser.,2026-10-01T03:47:22Z
autodial-prev-qwest,Autodial prev Qwest,Winter 2019,No evidence found,,,,,,,,,,,,,,,,,,Checked: no post-YC Form D matching the founders; no funding statement on website (0 pages) or YC page. LinkedIn/X/Crunchbase need a logged-in browser.,2026-10-01T03:47:24Z
landed-2,Landed,Winter 2019,No evidence found,,,,,,,,,,,,,,,,,,"Unverified Form D by same-named person: Gofriendshop, Inc. 0001896222-22-000002 sold 8417498 (first sale 2021-11-18, San Francisco); likely a different person. Checked: no post-YC Form D matching the founders; no funding statement on website (4 pages) or YC page. LinkedIn/X/Crunchbase need a logged-in browser.",2026-10-01T03:47:26Z
intact-therapeutics,Intact Therapeutics,Winter 2019,No evidence found,,,,,,,,,,,,,,,,,,Checked: no post-YC Form D matching the founders; no funding statement on website (3 pages) or YC page. LinkedIn/X/Crunchbase need a logged-in browser.,2026-10-01T03:47:25Z
mobot,Mobot,Winter 2019,Yes,12500000,,,,2,Company website,https://www.mobot.io/resources/blog/mobots-series-a-and-whats-next,I'm proud to share that we’ve also raised $12.5M in new funding.,,,,,,,,,High,Round date not stated on the source page; assumed post-YC because it is presented as current news. No matching post-YC Form D found.,2026-10-01T03:47:25Z
excepgen,Excepgen,Winter 2019,No evidence found,,,,,,,,,,,,,,,,,,Checked: no post-YC Form D matching the founders; no funding statement on website (2 pages) or YC page. LinkedIn/X/Crunchbase need a logged-in browser.,2026-10-01T03:47:25Z
handle,Handle,Winter 2019,Yes,27000000,Series B,2026-05-22,,2,Company website,https://www.handle.com/series-b,Handle.com Raises $27M Million Series B to Build AI for Construction Finance,,,,,,,,,High,Other stated figure: $10 million (https://www.bizjournals.com/sanfrancisco/news/2022/03/23/handlecom-series-a.html). No matching post-YC Form D found.,2026-10-01T03:47:30Z
bunkerhill-health,Bunkerhill Health,Winter 2019,Yes,55000000,,,,2,Company website,https://www.bunkerhillhealth.com/,Fortune Exclusive: Bunkerhill Health raises $55M to put AI agents to work inside hospitals.,,,,,,,,,High,Round date not stated on the source page; assumed post-YC because it is presented as current news. No matching post-YC Form D found.,2026-10-01T03:47:28Z
termius,Termius,Winter 2019,No evidence found,,,,,,,,,,,,,,,,,,Checked: no post-YC Form D matching the founders; no funding statement on website (6 pages) or YC page. LinkedIn/X/Crunchbase need a logged-in browser. National register for NZ not checked.,2026-10-01T03:47:28Z
supernova,Supernova,Winter 2019,Yes,8059994,Equity (per Form D; stage not stated),2022-05-06,,1,SEC Form D,https://www.sec.gov/Archives/edgar/data/1925975/000192597522000001/primary_doc.xml,totalAmountSold: 8059994; totalOfferingAmount: 8059994; dateOfFirstSale: 2022-05-06,0001925975,0001925975-22-000001,8059994,8059994,2022-05-06,Equity,13,Supernova.io Inc,High,,2026-10-01T03:47:30Z
probably-genetic,Probably Genetic,Winter 2019,No evidence found,,,,,,,,,,,,,,,,,,"Unverified Form D by same-named person: Aiwa Health, Inc. 0001999218-23-000001 sold 10719968 (first sale 2023-09-20, San Francisco); likely a different person. Checked: no post-YC Form D matching the founders; no funding statement on website (2 pages) or YC page. LinkedIn/X/Crunchbase need a logged-in browser.",2026-10-01T03:47:28Z
ashby,Ashby,Winter 2019,Yes,58035105,Equity (per Form D; stage not stated),2022-02-07,,1,SEC Form D,https://www.sec.gov/Archives/edgar/data/1913750/000191375024000001/primary_doc.xml,totalAmountSold: 30000000; totalOfferingAmount: 30000000; dateOfFirstSale: 2024-05-17,0001913750,0001913750-24-000001,30000000,30000000,2024-05-17,Equity,9,"Ashby, Inc.",High,"3 post-YC Form D offerings summed: 0001913750-23-000002 $26035107 (2022-02-07), 0001913750-23-000001 $1999998 (2023-01-05), 0001913750-24-000001 $30000000 (2024-05-17)",2026-10-01T03:47:30Z
okteto,Okteto,Winter 2019,Yes,15000000,Series A,2022-02-24,,4,Press (linked from YC company page),https://techcrunch.com/2022/02/24/kubernetes-development-platform-okteto-raises-15m-series-a/,Kubernetes development platform Okteto raises $15M Series A – TechCrunch,,,,,,,,,Medium,No matching post-YC Form D found.,2026-10-01T03:47:32Z
switchboard,Switchboard,Winter 2019,No evidence found,,,,,,,,,,,,,,,,,,Checked: no post-YC Form D matching the founders; no funding statement on website (3 pages) or YC page. LinkedIn/X/Crunchbase need a logged-in browser. National register for CA not checked.,2026-10-01T03:47:31Z
ai-insurance,AI Insurance,Winter 2019,No evidence found,,,,,,,,,,,,,,,,,,Checked: no post-YC Form D matching the founders; no funding statement on website (1 pages) or YC page. LinkedIn/X/Crunchbase need a logged-in browser.,2026-10-01T03:47:31Z
demodesk,Demodesk,Winter 2019,No evidence found,,,,,,,,,,,,,,,,,,Checked: no post-YC Form D matching the founders; no funding statement on website (5 pages) or YC page. LinkedIn/X/Crunchbase need a logged-in browser. National register for DE not checked.,2026-10-01T03:47:32Z
avo,Avo,Winter 2019,Yes,3000000,,,,2,Company website,https://www.avo.app/about,"To build on our momentum, we’ve raised $3M from GGV Capital with participation from Heavybit, Y Combinator and others, to make Avo a game",,,,,,,,,High,Round date not stated on the source page; assumed post-YC because it is presented as current news. No matching post-YC Form D found.,2026-10-01T03:47:33Z
nabis,Nabis,Winter 2019,Yes,23000000,Series B,2021-07-01,,4,Press (linked from YC company page),https://www.businessinsider.com/marijuana-cannabis-distributor-nabis-raises-23-million-series-b-california-2021-6,Cannabis Distributor Nabis Raises $23 Million Series B Round,,,,,,,,,Medium,No matching post-YC Form D found.,2026-10-01T03:47:32Z
sapling-ai,Sapling.ai,Winter 2019,No evidence found,,,,,,,,,,,,,,,,,,Checked: no post-YC Form D matching the founders; no funding statement on website (4 pages) or YC page. LinkedIn/X/Crunchbase need a logged-in browser.,2026-10-01T03:47:32Z
weathercheck,WeatherCheck,Winter 2019,No evidence found,,,,,,,,,,,,,,,,,,Checked: no post-YC Form D matching the founders; no funding statement on website (0 pages) or YC page. LinkedIn/X/Crunchbase need a logged-in browser.,2026-10-01T03:47:34Z
community-phone-company,Community Phone Company,Winter 2019,No evidence found,,,,,,,,,,,,,,,,,,"Unverified Form D by same-named person: IpiNovyx Bio, Inc. 0001887961-21-000001 sold 7000000 (first sale 2021-09-29, West Nyack); likely a different person. Unverified Form D by same-named person: CLEVELAND KITCHEN CO. 0001887185-22-000001 sold 17065000 (first sale 2022-02-25, Cleveland); likely a different person. Unverified Form D by same-named person: CLEVELAND KITCHEN CO. 0001709409-23-000010 sold 0 (first sale yetToOccur, Cleveland); likely a different person. Unverified Form D by same-named person: CLEVELAND KITCHEN CO. 0001887185-25-000002 sold 2900000 (first sale 2025-05-07, Cleveland); likely a different person. Checked: no post-YC Form D matching the founders; no funding statement on website (5 pages) or YC page. LinkedIn/X/Crunchbase need a logged-in browser.",2026-10-01T03:47:43Z
thrive-agric,Thrive Agric,Winter 2019,No evidence found,,,,,,,,,,,,,,,,,,Checked: no post-YC Form D matching the founders; no funding statement on website (10 pages) or YC page. LinkedIn/X/Crunchbase need a logged-in browser. National register for NG not checked.,2026-10-01T03:47:35Z
patternfast-prior-tailornovacouturme,PatternFast (prior: Tailornova/Couturme),Winter 2019,No evidence found,,,,,,,,,,,,,,,,,,Checked: no post-YC Form D matching the founders; no funding statement on website (10 pages) or YC page. LinkedIn/X/Crunchbase need a logged-in browser.,2026-10-01T03:47:34Z
golinks,GoLinks,Winter 2019,Yes,27000000,Series A,2022-02-01,,4,Press (linked from YC company page),https://www.golinks.com/blog/golinks-raises-series-a/,GoLinks raises $27 Million Series A funding,,,,,,,,,Medium,No matching post-YC Form D found.,2026-10-01T03:47:34Z
middesk,Middesk,Winter 2019,No evidence found,,,,,,,,,,,,,,,,,,Checked: no post-YC Form D matching the founders; no funding statement on website (4 pages) or YC page. LinkedIn/X/Crunchbase need a logged-in browser.,2026-10-01T03:47:36Z
windwalk,Windwalk,Winter 2019,No evidence found,,,,,,,,,,,,,,,,,,Checked: no post-YC Form D matching the founders; no funding statement on website (10 pages) or YC page. LinkedIn/X/Crunchbase need a logged-in browser.,2026-10-01T03:47:37Z
leah-labs,LEAH Labs,Winter 2019,No evidence found,,,,,,,,,,,,,,,,,,Checked: no post-YC Form D matching the founders; no funding statement on website (1 pages) or YC page. LinkedIn/X/Crunchbase need a logged-in browser.,2026-10-01T03:47:37Z
medcrypt,MedCrypt,Winter 2019,Yes,25191432,Equity (per Form D; stage not stated),2022-10-04,,1,SEC Form D,https://www.sec.gov/Archives/edgar/data/1681688/000168168822000002/primary_doc.xml,totalAmountSold: 25191432; totalOfferingAmount: 25583928; dateOfFirstSale: 2022-10-04,0001681688,0001681688-22-000002,25191432,25583928,2022-10-04,Equity,31,MedCrypt Inc.,High,"Form D clarification: Series B and Series B-1 Preferred Stock (including shares issued upon
conversion of a Simple Agreement for Future Equity and Convertible Promissory Notes) and the underlying Common Stock issuance upon",2026-10-01T03:47:40Z
brainkey,BrainKey,Winter 2019,No evidence found,,,,,,,,,,,,,,,,,,Checked: no post-YC Form D matching the founders; no funding statement on website (10 pages) or YC page. LinkedIn/X/Crunchbase need a logged-in browser.,2026-10-01T03:47:38Z
flower-co,FLOWER CO.,Winter 2019,No evidence found,,,,,,,,,,,,,,,,,,Checked: no post-YC Form D matching the founders; no funding statement on website (3 pages) or YC page. LinkedIn/X/Crunchbase need a logged-in browser.,2026-10-01T03:47:43Z
postscript,Postscript,Winter 2019,Yes,47479901,Equity (per Form D; stage not stated),2021-02-18,,1,SEC Form D,https://www.sec.gov/Archives/edgar/data/1848312/000184831221000001/primary_doc.xml,totalAmountSold: 47479901; totalOfferingAmount: 47889985; dateOfFirstSale: 2021-02-18,0001848312,0001848312-21-000001,47479901,47889985,2021-02-18,Equity,38,Stodge Inc.,High,"Legal name differs from brand; matched on related person(s) Adam Turner, Alex Beller, Colin Turner, issuer in Scottsdale, AZ.",2026-10-01T03:47:45Z
nebullam-dba-clayton-farms,Nebullam (DBA Clayton Farms),Winter 2019,No evidence found,,,,,,,,,,,,,,,,,,Checked: no post-YC Form D matching the founders; no funding statement on website (0 pages) or YC page. LinkedIn/X/Crunchbase need a logged-in browser.,2026-10-01T03:47:38Z
nettrons,SciTok,Winter 2019,No evidence found,,,,,,,,,,,,,,,,,,Checked: no post-YC Form D matching the founders; no funding statement on website (0 pages) or YC page. LinkedIn/X/Crunchbase need a logged-in browser.,2026-10-01T03:47:41Z
dyneti-technologies,Dyneti Technologies,Winter 2019,No evidence found,,,,,,,,,,,,,,,,,,Checked: no post-YC Form D matching the founders; no funding statement on website (4 pages) or YC page. LinkedIn/X/Crunchbase need a logged-in browser.,2026-10-01T03:47:40Z
sorting-robotics,Sorting Robotics,Winter 2019,No evidence found,,,,,,,,,,,,,,,,,,Checked: no post-YC Form D matching the founders; no funding statement on website (6 pages) or YC page. LinkedIn/X/Crunchbase need a logged-in browser.,2026-10-01T03:47:38Z
sunsama,Sunsama,Winter 2019,No evidence found,,,,,,,,,,,,,,,,,,Checked: no post-YC Form D matching the founders; no funding statement on website (3 pages) or YC page. LinkedIn/X/Crunchbase need a logged-in browser.,2026-10-01T03:47:44Z
spire-law,Spire Law,Winter 2019,No evidence found,,,,,,,,,,,,,,,,,,Checked: no post-YC Form D matching the founders; no funding statement on website (2 pages) or YC page. LinkedIn/X/Crunchbase need a logged-in browser.,2026-10-01T03:47:43Z
centaur,Centaur,Winter 2019,Yes,15885849,Series B (Equity per Form D),2021-07-30,Matrix Partners,1,SEC Form D,https://www.sec.gov/Archives/edgar/data/1878760/000187876021000001/primary_doc.xml,totalAmountSold: 15885849; totalOfferingAmount: 15885849; dateOfFirstSale: 2021-07-30,0001878760,0001878760-21-000001,15885849,15885849,2021-07-30,Equity,38,"Centaur Diagnostics, Inc.",High,,2026-10-01T03:47:53Z
ultralight,Ultralight,Winter 2019,No evidence found,,,,,,,,,,,,,,,,,,Checked: no post-YC Form D matching the founders; no funding statement on website (2 pages) or YC page. LinkedIn/X/Crunchbase need a logged-in browser.,2026-10-01T03:47:43Z
bottomless,Bottomless,Winter 2019,No evidence found,,,,,,,,,,,,,,,,,,"Unverified Form D by same-named person: Air Lab, Inc. 0001761957-21-000001 sold 3793575 (first sale 2021-02-25, New York); likely a different person. Unverified Form D by same-named person: Air Lab, Inc. 0001761957-22-000001 sold 1650000 (first sale 2022-02-02, New York); likely a different person. Unverified Form D by same-named person: Air Lab, Inc. 0001761957-23-000001 sold 7549900 (first sale 2023-09-05, New York); likely a different person. Checked: no post-YC Form D matching the founders; no funding statement on website (9 pages) or YC page. LinkedIn/X/Crunchbase need a logged-in browser.",2026-10-01T03:47:48Z
kalshi,Kalshi,Winter 2019,Yes,2460329573,Equity (per Form D; stage not stated),2020-12-18,,1,SEC Form D,https://www.sec.gov/Archives/edgar/data/1806928/000123191926001066/primary_doc.xml,totalAmountSold: 1120010122; totalOfferingAmount: 1499997894; dateOfFirstSale: 2026-04-03,0001806928,0001231919-26-001066,1120010122,1499997894,2026-04-03,Equity,71,Kalshi Inc.,High,"6 post-YC Form D offerings summed: 0001806928-21-000001 $29999999 (2020-12-18), 0001231919-25-000437 $69999989 (2021-11-03), 0001231919-25-000391 $124999957 (2025-06-24), 0001231919-25-000344 $294500203 (2025-10-08), 0001231919-25-000572 $820819303 (2025-11-19), 0001231919-26-001066 $1120010122 (2026-04-03) Tier 4 source states $1 Billion (https://www.nytimes.com/2026/05/07/business/dealbook/kalshi-fundraise-22-billion.html); Form D figure kept.",2026-10-01T03:47:49Z
keeper-2,Keeper,Winter 2019,No evidence found,,,,,,,,,,,,,,,,,,"Unverified Form D by same-named person: Anja Life LLC 0001970384-23-000001 sold 250000 (first sale 2023-03-10, Newark); likely a different person. Checked: no post-YC Form D matching the founders; no funding statement on website (4 pages) or YC page. LinkedIn/X/Crunchbase need a logged-in browser.",2026-10-01T03:47:50Z
allsome-fulfillment,AllSome Fulfillment,Winter 2019,No evidence found,,,,,,,,,,,,,,,,,,Checked: no post-YC Form D matching the founders; no funding statement on website (0 pages) or YC page. LinkedIn/X/Crunchbase need a logged-in browser. National register for MY not checked.,2026-10-01T03:47:46Z
positive,Positive,Winter 2019,No evidence found,,,,,,,,,,,,,,,,,,Checked: no post-YC Form D matching the founders; no funding statement on website (1 pages) or YC page. LinkedIn/X/Crunchbase need a logged-in browser.,2026-10-01T03:47:49Z
the-juggernaut,The Juggernaut,Winter 2019,No evidence found,,,,,,,,,,,,,,,,,,Checked: no post-YC Form D matching the founders; no funding statement on website (10 pages) or YC page. LinkedIn/X/Crunchbase need a logged-in browser.,2026-10-01T03:47:47Z
encarte,Canopy (was Encarte),Winter 2019,No evidence found,,,,,,,,,,,,,,,,,,Checked: no post-YC Form D matching the founders; no funding statement on website (7 pages) or YC page. LinkedIn/X/Crunchbase need a logged-in browser.,2026-10-01T03:47:47Z
intelline,Intelline,Winter 2019,No evidence found,,,,,,,,,,,,,,,,,,Checked: no post-YC Form D matching the founders; no funding statement on website (1 pages) or YC page. LinkedIn/X/Crunchbase need a logged-in browser. National register for CA not checked.,2026-10-01T03:47:49Z
flockjay,Flockjay,Winter 2019,No evidence found,,,,,,,,,,,,,,,,,,Checked: no post-YC Form D matching the founders; no funding statement on website (13 pages) or YC page. LinkedIn/X/Crunchbase need a logged-in browser.,2026-10-01T03:47:50Z
trexo-robotics,Trexo Robotics,Winter 2019,No evidence found,,,,,,,,,,,,,,,,,,Checked: no post-YC Form D matching the founders; no funding statement on website (5 pages) or YC page. LinkedIn/X/Crunchbase need a logged-in browser. National register for CA not checked.,2026-10-01T03:47:54Z
taobotics,Taobotics,Winter 2019,No evidence found,,,,,,,,,,,,,,,,,,"Unverified Form D by same-named person: Nice Day Group, Inc. 0001976242-23-000001 sold 7232923 (first sale 2023-04-28, New York); likely a different person. Unverified Form D by same-named person: Nice Day Group, Inc. 0001976242-24-000001 sold 11222921 (first sale 2023-04-28, New York); likely a different person. Checked: no post-YC Form D matching the founders; no funding statement on website (1 pages) or YC page. LinkedIn/X/Crunchbase need a logged-in browser. National register for CN not checked.",2026-10-01T03:47:58Z
overview,Overview,Winter 2019,Yes,3750000,SAFE (per Form D; stage not stated),2024-11-08,,1,SEC Form D,https://www.sec.gov/Archives/edgar/data/2069475/000206947525000001/primary_doc.xml,totalAmountSold: 3750000; totalOfferingAmount: 3750000; dateOfFirstSale: 2024-11-08,0002069475,0002069475-25-000001,3750000,3750000,2024-11-08,Other; Other: Simple Agreements for Future Equity,17,Overview Corp,High,,2026-10-01T03:47:55Z
odeko,Odeko,Summer 2019,Yes,12000000,Series A,2021-06-29,,4,Press (linked from YC company page),https://news.crunchbase.com/news/odeko-closes-12m-series-a-merges-with-cloosiv-to-form-new-mobile-ordering-app/,Odeko Closes $12M Series A; Merges With Cloosiv To Form New Mobile-Ordering App – Crunchbase News,,,,,,,,,Medium,Other stated figure: $1 Million (https://www.businessinsider.com/cloosiv-pitch-deck-seed-capital-y-combinator-cofounder-2019-10). No matching post-YC Form D found.,2026-10-01T03:47:53Z
gather-2,Gather,Summer 2019,Yes,77000000,Series A,,,2,YC company/launch page,https://www.ycombinator.com/companies/gather-2,"We have raised a total of $77 million in Series A and B from Sequoia Capital, Index Ventures, and more.",,,,,,,,,High,Round date not stated on the source page; assumed post-YC because it is presented as current news. No matching post-YC Form D found.,2026-10-01T03:47:58Z
sequence-bio,Sequence Bio,Summer 2019,No evidence found,,,,,,,,,,,,,,,,,,"Unverified Form D by same-named person: Change Co CDFI LLC 0001798750-21-000004 sold 75000000 (first sale 2021-09-23, Irvine); likely a different person. Unverified Form D by same-named person: Change Co CDFI LLC 0001798750-22-000002 sold 40000000 (first sale 2022-03-31, Irvine); likely a different person. Unverified Form D by same-named person: Pagos Solutions, Inc. 0001866708-23-000001 sold 34000006 (first sale 2023-01-17, Hermosa Beach); likely a different person. Unverified Form D by same-named person: Change Co CDFI LLC 0001798750-24-000002 sold 1715175 (first sale 2024-06-26, Anaheim); likely a different person. Unverified Form D by same-named person: Change Co CDFI LLC 0001798750-24-000003 sold 694960 (first sale 2024-07-01, Anaheim); likely a different person. Checked: no post-YC Form D matching the founders; no funding statement on website (3 pages) or YC page. LinkedIn/X/Crunchbase need a logged-in browser. National register for CA not checked.",2026-10-01T03:47:55Z
breadfast,Breadfast,Summer 2019,Yes,50000000,Series C,,,2,Company website,https://www.breadfast.com/blog/,Breadfast Special Breadfast raises $50 million pre-Series C round backed by international institutional investors to scale consumer supply-chain infrastructure.,,,,,,,,,High,Round date not stated on the source page; assumed post-YC because it is presented as current news. No matching post-YC Form D found.,2026-10-01T03:47:57Z
apurata,Apurata,Summer 2019,No evidence found,,,,,,,,,,,,,,,,,,Checked: no post-YC Form D matching the founders; no funding statement on website (2 pages) or YC page. LinkedIn/X/Crunchbase need a logged-in browser. National register for PE not checked.,2026-10-01T03:47:57Z
epic-aerospace,EPIC AEROSPACE,Summer 2019,No evidence found,,,,,,,,,,,,,,,,,,Checked: no post-YC Form D matching the founders; no funding statement on website (2 pages) or YC page. LinkedIn/X/Crunchbase need a logged-in browser. National register for AR not checked.,2026-10-01T03:47:57Z
gitstart,GitStart,Summer 2019,Yes,5000000,,2022-05-12,,2,Company website,https://www.gitstart.com/blog/seed-enable-anyone-to-grow,We raised $5M to enable anyone to grow on the world’s best codebases,,,,,,,,,High,No matching post-YC Form D found.,2026-10-01T03:47:57Z
laika,LAIKA,Summer 2019,Yes,57799968,Equity (per Form D; stage not stated),2021-05-06,,1,SEC Form D,https://www.sec.gov/Archives/edgar/data/1869598/000186959822000001/primary_doc.xml,totalAmountSold: 47799987; totalOfferingAmount: 47799987; dateOfFirstSale: 2022-01-10,0001869598,0001869598-22-000001,47799987,47799987,2022-01-10,Equity,16,Laika Universe Inc.,High,"2 post-YC Form D offerings summed: 0001869598-21-000001 $9999981 (2021-05-06), 0001869598-22-000001 $47799987 (2022-01-10)",2026-10-01T03:48:05Z
vorticity,Vorticity,Summer 2019,No evidence found,,,,,,,,,,,,,,,,,,Checked: no post-YC Form D matching the founders; no funding statement on website (10 pages) or YC page. LinkedIn/X/Crunchbase need a logged-in browser.,2026-10-01T03:47:58Z
taskade,Taskade,Summer 2019,Yes,5000000,Seed,,,2,Company website,https://www.taskade.com/blog/taskade-5m-seed-funding-yc-grishin-robotics,Taskade Raises $5M Series Seed from Y Combinator .,,,,,,,,,High,Round date not stated on the source page; assumed post-YC because it is presented as current news. No matching post-YC Form D found.,2026-10-01T03:48:03Z
asher-bio,Asher Bio,Summer 2019,Yes,162999965,Series B (Equity per Form D),2021-08-20,,1,SEC Form D,https://www.sec.gov/Archives/edgar/data/1787260/000178726021000003/primary_doc.xml,totalAmountSold: 107999975; totalOfferingAmount: 107999975; dateOfFirstSale: 2021-08-20,0001787260,0001787260-21-000003,107999975,107999975,2021-08-20,Equity,22,"Asher Biotherapeutics, Inc.",High,"2 post-YC Form D offerings summed: 0001787260-21-000003 $107999975 (2021-08-20), 0001787260-24-000001 $54999990 (2024-04-03) Tier 2 source states $108 Million (https://asherbio.com/news/press-releases/); Form D figure kept.",2026-10-01T03:48:03Z
deepnote,Deepnote,Summer 2019,Yes,20000000,,2022-01-31,,4,Press (linked from YC company page),https://techcrunch.com/2022/01/31/deepnote-raises-20m-for-its-collaborative-data-science-notebooks/,Deepnote raises $20M for its collaborative data science notebooks – TechCrunch,,,,,,,,,Medium,No matching post-YC Form D found.,2026-10-01T03:48:00Z
aspect,Aspect,Summer 2019,No evidence found,,,,,,,,,,,,,,,,,,Checked: no post-YC Form D matching the founders; no funding statement on website (1 pages) or YC page. LinkedIn/X/Crunchbase need a logged-in browser.,2026-10-01T03:48:18Z
coco-wallet,Coco Wallet,Summer 2019,No evidence found,,,,,,,,,,,,,,,,,,Checked: no post-YC Form D matching the founders; no funding statement on website (1 pages) or YC page. LinkedIn/X/Crunchbase need a logged-in browser.,2026-10-01T03:48:05Z
treble-ai,treble.ai,Summer 2019,No evidence found,,,,,,,,,,,,,,,,,,Checked: no post-YC Form D matching the founders; no funding statement on website (2 pages) or YC page. LinkedIn/X/Crunchbase need a logged-in browser. National register for BR not checked.,2026-10-01T03:48:06Z
vitau,Vitau,Summer 2019,No evidence found,,,,,,,,,,,,,,,,,,Checked: no post-YC Form D matching the founders; no funding statement on website (0 pages) or YC page. LinkedIn/X/Crunchbase need a logged-in browser. National register for MX not checked.,2026-10-01T03:48:06Z
flowbot,Flowbot,Summer 2019,No evidence found,,,,,,,,,,,,,,,,,,Checked: no post-YC Form D matching the founders; no funding statement on website (0 pages) or YC page. LinkedIn/X/Crunchbase need a logged-in browser.,2026-10-01T03:48:03Z
curri,Curri,Summer 2019,Yes,5999948,Equity (per Form D; stage not stated),2021-01-12,,1,SEC Form D,https://www.sec.gov/Archives/edgar/data/1782942/000178294221000001/primary_doc.xml,totalAmountSold: 5999948; totalOfferingAmount: 5999948; dateOfFirstSale: 2021-01-12,0001782942,0001782942-21-000001,5999948,5999948,2021-01-12,Equity,4,Curri Inc.,High,unsold Form D 0001782942-21-000003: sold 0 first sale yetToOccur,2026-10-01T03:48:11Z
zeroheight,zeroheight,Summer 2019,Yes,10788798,Equity (per Form D; stage not stated),2021-06-29,Tribe Capital,1,SEC Form D,https://www.sec.gov/Archives/edgar/data/1871771/000187177121000001/primary_doc.xml,totalAmountSold: 10788798; totalOfferingAmount: 10788798; dateOfFirstSale: 2021-06-29,0001871771,0001871771-21-000001,10788798,10788798,2021-06-29,Equity,19,Zeroheight Inc.,High,"Form D clarification: Total amount sold includes $788,828.80 of SAFE conversions.",2026-10-01T03:48:08Z
mudafy,Mudafy,Summer 2019,Yes,10000000,Series A,2022-08-02,,4,Press (linked from YC company page),https://techcrunch.com/2022/08/02/mudafy-raises-10m-in-founders-fund-led-series-a-to-fix-latams-broken-real-estate-process/,Mudafy raises $10M in Founders Fund-led Series A to fix LatAm’s ‘broken’ real estate process – TechCrunch,,,,,,,,,Medium,No matching post-YC Form D found.,2026-10-01T03:48:10Z
traces,Traces,Summer 2019,No evidence found,,,,,,,,,,,,,,,,,,Checked: no post-YC Form D matching the founders; no funding statement on website (3 pages) or YC page. LinkedIn/X/Crunchbase need a logged-in browser.,2026-10-01T03:48:09Z
freshpaint,Freshpaint,Summer 2019,No evidence found,,,,,,,,,,,,,,,,,,Checked: no post-YC Form D matching the founders; no funding statement on website (4 pages) or YC page. LinkedIn/X/Crunchbase need a logged-in browser.,2026-10-01T03:48:07Z
paymongo,PayMongo,Summer 2019,Yes,31000000,Series B,,JAM Fund and,2,Company website,https://www.paymongo.com/en/about,"Closed a $31 million Series B round, led by JAM Fund and other investors, allowing PayMongo to enhance its platform and explore regional growth",,,,,,,,,High,Round date not stated on the source page; assumed post-YC because it is presented as current news. Other stated figure: $12 million (https://techcrunch.com/2020/09/27/philippines-payment-processing-startup-paymongo-lands-12-million-series-a-led-by-stripe/). No matching post-YC Form D found.,2026-10-01T03:48:10Z
inevent,InEvent,Summer 2019,Yes,2000000,,2021-02-08,,4,Press (linked from YC company page),https://techcrunch.com/2021/02/08/inevent-seed-fundng/,InEvent raises $2M for its virtual conference platform • TechCrunch,,,,,,,,,Medium,No matching post-YC Form D found.,2026-10-01T03:48:11Z
heru,Heru,Summer 2019,Yes,6000000,,2022-09-19,,4,Press (linked from YC company page),https://www.axios.com/pro/fintech-deals/2022/09/19/mexico-heru-6m-google-gradient-ventures-gig-tax,Exclusive: Heru raises $6M from Google's Gradient Ventures,,,,,,,,,Medium,Other stated figure: $1.7M (https://techcrunch.com/2020/12/02/yc-backed-heru-raises-1-7m-to-build-software-services-for-latin-american-gig-workers/). No matching post-YC Form D found.,2026-10-01T03:48:09Z
tranqui-finanzas,Tranqui Finanzas,Summer 2019,No evidence found,,,,,,,,,,,,,,,,,,Checked: no post-YC Form D matching the founders; no funding statement on website (2 pages) or YC page. LinkedIn/X/Crunchbase need a logged-in browser. National register for CO not checked.,2026-10-01T03:48:11Z
holy-grail-inc,Holy Grail,Summer 2019,Yes,2700000,Seed,2021-06-22,,4,Press (linked from YC company page),https://techcrunch.com/2021/06/22/holy-grail-raises-2-7m-seed-fund-to-create-modular-carbon-capture-devices/,Holy Grail raises $2.7M seed fund to create modular carbon capture devices – TechCrunch,,,,,,,,,Medium,No matching post-YC Form D found.,2026-10-01T03:48:13Z
recidiviz,Recidiviz,Summer 2019,No evidence found,,,,,,,,,,,,,,,,,,Checked: no post-YC Form D matching the founders; no funding statement on website (8 pages) or YC page. LinkedIn/X/Crunchbase need a logged-in browser.,2026-10-01T03:48:17Z
trella,Trella,Summer 2019,No evidence found,,,,,,,,,,,,,,,,,,Checked: no post-YC Form D matching the founders; no funding statement on website (1 pages) or YC page. LinkedIn/X/Crunchbase need a logged-in browser. National register for EG not checked.,2026-10-01T03:48:16Z
flux,Flux,Summer 2019,No evidence found,,,,,,,,,,,,,,,,,,Checked: no post-YC Form D matching the founders; no funding statement on website (1 pages) or YC page. LinkedIn/X/Crunchbase need a logged-in browser. National register for MX not checked.,2026-10-01T03:48:22Z
stoic,stoic.,Summer 2019,No evidence found,,,,,,,,,,,,,,,,,,Checked: no post-YC Form D matching the founders; no funding statement on website (3 pages) or YC page. LinkedIn/X/Crunchbase need a logged-in browser. National register for PL not checked.,2026-10-01T03:48:16Z
predictleads,PredictLeads,Summer 2019,No evidence found,,,,,,,,,,,,,,,,,,Checked: no post-YC Form D matching the founders; no funding statement on website (8 pages) or YC page. LinkedIn/X/Crunchbase need a logged-in browser. National register for SI not checked.,2026-10-01T03:48:17Z
eden-farm,Eden Farm,Summer 2019,Yes,19000000,,2021-11-08,,4,Press (linked from YC company page),https://www.techinasia.com/eden-farm-series-a-funding,Y Combinator-backed agritech raises $19m to build financing products,,,,,,,,,Medium,No matching post-YC Form D found.,2026-10-01T03:48:18Z
gotrade,Gotrade,Summer 2019,Yes,13499985,Series A (Other; Other: Series A Preferred Stock per Form D),2021-10-28,,1,SEC Form D,https://www.sec.gov/Archives/edgar/data/1895427/000090571822000121/primary_doc.xml,totalAmountSold: 13499985; totalOfferingAmount: 13499985; dateOfFirstSale: 2021-10-28,0001895427,0000905718-22-000121,13499985,13499985,2021-10-28,Other; Other: Series A Preferred Stock,27,Gotrade Financial Inc.,High,Tier 4 source states $7 Million (https://www.crowdfundinsider.com/2021/06/177115-trading-app-gotrade-raises-7-million-seed-funding-looks-to-challenge-robinhood-but-with-global-twist/); Form D figure kept.,2026-10-01T03:48:17Z
hightouch,Hightouch,Summer 2019,Yes,150000000,,,,2,Company website,https://hightouch.com/press,Apr 29 Hightouch Raises $150 Million to Reinvent How Marketing Works Using AI.,,,,,,,,,High,Round date not stated on the source page; assumed post-YC because it is presented as current news. Other stated figure: $80M (https://hightouch.com/press). No matching post-YC Form D found.,2026-10-01T03:48:22Z
spice-data,Spice Data,Summer 2019,No evidence found,,,,,,,,,,,,,,,,,,Checked: no post-YC Form D matching the founders; no funding statement on website (1 pages) or YC page. LinkedIn/X/Crunchbase need a logged-in browser.,2026-10-01T03:48:18Z
demand-curve,Demand Curve,Summer 2019,No evidence found,,,,,,,,,,,,,,,,,,Checked: no post-YC Form D matching the founders; no funding statement on website (10 pages) or YC page. LinkedIn/X/Crunchbase need a logged-in browser.,2026-10-01T03:48:20Z
ramen-vr,Ramen VR,Summer 2019,Yes,40000000,,,,2,YC company/launch page,https://www.ycombinator.com/companies/ramen-vr,We've raised $40m+ to date and have been working in stealth on our next game as well as tools that will shape the future,,,,,,,,,High,Round date not stated on the source page; assumed post-YC because it is presented as current news. No matching post-YC Form D found.,2026-10-01T03:48:19Z
fampay,FamPay,Summer 2019,Yes,43141390,Equity (per Form D; stage not stated),2021-06-04,,1,SEC Form D,https://www.sec.gov/Archives/edgar/data/1868376/000186837621000001/primary_doc.xml,totalAmountSold: 43141390; totalOfferingAmount: 47041383; dateOfFirstSale: 2021-06-04,0001868376,0001868376-21-000001,43141390,47041383,2021-06-04,Equity,36,"FamPay, Inc.",High,,2026-10-01T03:48:22Z
digi-prex,Digi-Prex,Summer 2019,No evidence found,,,,,,,,,,,,,,,,,,"Unverified Form D by same-named person: TGHCo, Inc. 0001231919-22-000053 sold 15029975 (first sale 2022-07-20, San Francisco); likely a different person. Checked: no post-YC Form D matching the founders; no funding statement on website (1 pages) or YC page. LinkedIn/X/Crunchbase need a logged-in browser. National register for IN not checked.",2026-10-01T03:48:21Z
vahan,Vahan,Summer 2019,Yes,21896529,Equity (per Form D; stage not stated),2021-09-10,Khosla Ventures,1,SEC Form D,https://www.sec.gov/Archives/edgar/data/1886516/000188651624000001/primary_doc.xml,totalAmountSold: 14768543; totalOfferingAmount: 15200541; dateOfFirstSale: 2024-08-27,0001886516,0001886516-24-000001,14768543,15200541,2024-08-27,Equity,36,Vahan Inc.,High,"3 post-YC Form D offerings summed: 0001886516-21-000001 $6927986 (2021-09-10), 0001886516-21-000002 $200000 (2021-11-30), 0001886516-24-000001 $14768543 (2024-08-27) Tier 4 source states $10 million (https://economictimes.indiatimes.com/tech/funding/recruitment-platform-vahan-raised-10-million-in-funding-round-led-by-existing-investor-khosla-ventures/articleshow/113465340.cms); Form D figure kept.",2026-10-01T03:48:22Z
proof-trading,Proof Trading,Summer 2019,No evidence found,,,,,,,,,,,,,,,,,,Checked: no post-YC Form D matching the founders; no funding statement on website (2 pages) or YC page. LinkedIn/X/Crunchbase need a logged-in browser.,2026-10-01T03:48:21Z
lokal,Lokal,Summer 2019,Yes,3000000,,,,2,Company website,https://www.getlokalapp.com/about-us/,"Lokal has raised $3M in funding from the likes of 3one4 Capital, Y Combinator, RB Investments, SOMA Capital and existing investor India Quotient.",,,,,,,,,High,Round date not stated on the source page; assumed post-YC because it is presented as current news. Other stated figure: $14.6M (https://technode.global/2023/04/25/indias-lokal-raises-14-6m-series-b-funding-for-new-product-launch/). No matching post-YC Form D found.,2026-10-01T03:48:22Z
binks,Binks,Summer 2019,Yes,2566037,Equity (per Form D; stage not stated),2022-09-07,,1,SEC Form D,https://www.sec.gov/Archives/edgar/data/1946130/000194613022000001/primary_doc.xml,totalAmountSold: 2566037; totalOfferingAmount: 2566037; dateOfFirstSale: 2022-09-07,0001946130,0001946130-22-000001,2566037,2566037,2022-09-07,Equity,29,"Light & Craft, Inc.",High,"Legal name differs from brand; matched on related person(s) Aamna Khan, Raj Vardhan, issuer in Palo Alto, CA. Form D clarification: $966,037 of the Total Amount Sold was accounted for by the conversion of certain outstanding convertible securities.  $1,600,000.29 of the Total Amount Sold was accounted for by new capital investment",2026-10-01T03:48:23Z
lineleap,LineLeap,Summer 2019,Yes,21333609,SAFE (per Form D; stage not stated),2021-02-03,,1,SEC Form D,https://www.sec.gov/Archives/edgar/data/1831337/000183133724000003/primary_doc.xml,totalAmountSold: 8950050; totalOfferingAmount: 13000000; dateOfFirstSale: 2022-03-04,0001831337,0001831337-24-000003,8950050,13000000,2022-03-04,Equity; Other; Other: SIMPLE AGREEMENTS FOR FUTURE EQUITY,59,"Line Services, Inc.",High,"Legal name differs from brand; matched on related person(s) Max Schauff, Nicholas Becker, Patrick Skelly, issuer in New York, NY. 4 post-YC Form D offerings summed: 0001831337-21-000001 $2402493 (2021-02-03), 0001831337-21-000002 $2725000 (2021-08-09), 0001831337-24-000003 $8950050 (2022-03-04), 0001831337-24-000005 $7256066 (2024-02-29) Form D clarification: This fundraising round has closed.",2026-10-01T03:48:26Z
colab,CoLab,Summer 2019,Yes,51824991,Equity (per Form D; stage not stated),2021-10-06,,1,SEC Form D,https://www.sec.gov/Archives/edgar/data/1888098/000188809825000006/primary_doc.xml,totalAmountSold: 20999997; totalOfferingAmount: 20999997; dateOfFirstSale: 2024-04-30,0001888098,0001888098-25-000006,20999997,20999997,2024-04-30,Equity,3,COLAB SOFTWARE INC.,High,"3 post-YC Form D offerings summed: 0001888098-21-000002 $16000000 (2021-10-06), 0001888098-25-000006 $20999997 (2024-04-30), 0001888098-25-000005 $14824994 (2025-10-09)",2026-10-01T03:48:25Z
earth-ai,EARTH AI,Summer 2019,Yes,35372168,Equity (per Form D; stage not stated),2022-12-06,Tamarack,1,SEC Form D,https://www.sec.gov/Archives/edgar/data/1963115/000196311525000001/primary_doc.xml,totalAmountSold: 25916696; totalOfferingAmount: 25916696; dateOfFirstSale: 2024-12-23,0001963115,0001963115-25-000001,25916696,25916696,2024-12-23,Equity,52,Earth AI Inc.,High,"2 post-YC Form D offerings summed: 0001963115-23-000001 $9455472 (2022-12-06), 0001963115-25-000001 $25916696 (2024-12-23) Tier 4 source states $20M (https://www.axios.com/pro/climate-deals/2025/01/27/earth-ai-roman-teslyuk-tamarack-cantos); Form D figure kept.",2026-10-01T03:48:24Z
wasmer,Wasmer,Summer 2019,No evidence found,,,,,,,,,,,,,,,,,,Checked: no post-YC Form D matching the founders; no funding statement on website (10 pages) or YC page. LinkedIn/X/Crunchbase need a logged-in browser.,2026-10-01T03:48:24Z
microverse,Microverse,Summer 2019,Yes,17504987,Equity (per Form D; stage not stated),2021-05-28,,1,SEC Form D,https://www.sec.gov/Archives/edgar/data/1869147/000186914722000001/primary_doc.xml,totalAmountSold: 17504987; totalOfferingAmount: 17504990; dateOfFirstSale: 2021-05-28,0001869147,0001869147-22-000001,17504987,17504990,2021-05-28,Equity,48,"Microverse Enterprises, Inc.",High,Tier 4 source states $12.5M (https://techcrunch.com/2021/07/01/edtech-startup-microverse-raises-12-5m-to-bring-income-share-agreements-to-the-developing-world/); Form D figure kept.,2026-10-01T03:48:25Z
spotless-materials,spotLESS Materials,Summer 2019,Yes,1600000,Seed,2024-08-19,,4,Press (linked from YC company page),https://www.axios.com/pro/retail-deals/2024/08/19/spotless-materials-seed-raise-pfas,Spotless Materials raises $1.6M seed to address PFAS,,,,,,,,,Medium,No matching post-YC Form D found.,2026-10-01T03:48:26Z
kern-systems,Kern Systems,Summer 2019,No evidence found,,,,,,,,,,,,,,,,,,Checked: no post-YC Form D matching the founders; no funding statement on website (1 pages) or YC page. LinkedIn/X/Crunchbase need a logged-in browser.,2026-10-01T03:48:24Z
arpeggio-bio,Arpeggio Bio,Summer 2019,No evidence found,,,,,,,,,,,,,,,,,,Checked: no post-YC Form D matching the founders; no funding statement on website (0 pages) or YC page. LinkedIn/X/Crunchbase need a logged-in browser.,2026-10-01T03:48:24Z
directshifts,DirectShifts,Summer 2019,No evidence found,,,,,,,,,,,,,,,,,,Checked: no post-YC Form D matching the founders; no funding statement on website (3 pages) or YC page. LinkedIn/X/Crunchbase need a logged-in browser.,2026-10-01T03:48:26Z
rutter,Rutter,Summer 2019,Yes,29252719,Series A (SAFE per Form D),2022-02-28,Andreessen Horowitz.,1,SEC Form D,https://www.sec.gov/Archives/edgar/data/1914297/000191429722000003/primary_doc.xml,totalAmountSold: 29252719; totalOfferingAmount: 29252719; dateOfFirstSale: 2022-02-28,0001914297,0001914297-22-000003,29252719,29252719,2022-02-28,"Equity; SecurityToBeAcquired; Other; Other: Simple Agreement for Future Equity (""SAFE"")",49,"RutterAPI, Inc.",High,"Unverified Form D by same-named person: Elegen Corp. 0002023682-24-000001 sold 32982943 (first sale 2024-05-09, San Carlos); likely a different person. Unverified Form D by same-named person: EfficientAI Corp 0002002716-25-000002 sold 53749959 (first sale 2025-11-18, Pittsburgh); likely a different person. Unverified Form D by same-named person: EfficientAI Corp 0002002716-26-000001 sold 93074666 (first sale 2026-08-07, Pittsburgh); likely a different person. Tier 4 source states $1.5M (https://techcrunch.com/2021/08/20/rutter-comes-out-of-stealth-with-1-5m-in-funding-for-its-e-commerce-api/); Form D figure kept.",2026-10-01T03:48:32Z
rosebud-ai,Rosebud AI,Summer 2019,No evidence found,,,,,,,,,,,,,,,,,,Checked: no post-YC Form D matching the founders; no funding statement on website (3 pages) or YC page. LinkedIn/X/Crunchbase need a logged-in browser.,2026-10-01T03:48:26Z
hatchways,Hatchways,Summer 2019,No evidence found,,,,,,,,,,,,,,,,,,Checked: no post-YC Form D matching the founders; no funding statement on website (2 pages) or YC page. LinkedIn/X/Crunchbase need a logged-in browser. National register for CA not checked.,2026-10-01T03:48:28Z
million-marker,Million Marker,Summer 2019,No evidence found,,,,,,,,,,,,,,,,,,Checked: no post-YC Form D matching the founders; no funding statement on website (3 pages) or YC page. LinkedIn/X/Crunchbase need a logged-in browser.,2026-10-01T03:48:27Z
flo,Flo,Summer 2019,Yes,12398967,Equity (per Form D; stage not stated),2023-06-22,,1,SEC Form D,https://www.sec.gov/Archives/edgar/data/1983984/000198398423000001/primary_doc.xml,totalAmountSold: 7364762; totalOfferingAmount: 7364762; dateOfFirstSale: 2023-06-22,0001983984,0001983984-23-000001,7364762,7364762,2023-06-22,Equity,17,Flo Recruit Inc.,High,"2 post-YC Form D offerings summed: 0001983984-23-000001 $7364762 (2023-06-22), 0001983984-25-000003 $5034205 (2025-05-09) Tier 4 source states $4.2 Million (https://www.businesswire.com/news/home/20230808712690/en/Flo-Recruit-Announces-4.2-Million-in-Funding-to-Modernize-Legal-Recruiting); Form D figure kept.",2026-10-01T03:48:29Z
rainbow,Rainbow,Summer 2019,No evidence found,,,,,,,,,,,,,,,,,,Checked: no post-YC Form D matching the founders; no funding statement on website (16 pages) or YC page. LinkedIn/X/Crunchbase need a logged-in browser.,2026-10-01T03:48:35Z
outtalent,Outtalent,Summer 2019,No evidence found,,,,,,,,,,,,,,,,,,Checked: no post-YC Form D matching the founders; no funding statement on website (2 pages) or YC page. LinkedIn/X/Crunchbase need a logged-in browser. National register for KG not checked.,2026-10-01T03:48:28Z
canix,Canix,Summer 2019,Yes,10000000,Seed,,,2,Company website,https://www.canix.com/press,Canix raises $10M to expand its cannabis seed-to-sale platform across the U.S.,,,,,,,,,High,Round date not stated on the source page; assumed post-YC because it is presented as current news. No matching post-YC Form D found.,2026-10-01T03:48:28Z
green-canopy-node,Green Canopy NODE,Summer 2019,No evidence found,,,,,,,,,,,,,,,,,,Checked: no post-YC Form D matching the founders; no funding statement on website (8 pages) or YC page. LinkedIn/X/Crunchbase need a logged-in browser.,2026-10-01T03:48:30Z
kubesail,KubeSail,Summer 2019,No evidence found,,,,,,,,,,,,,,,,,,Checked: no post-YC Form D matching the founders; no funding statement on website (1 pages) or YC page. LinkedIn/X/Crunchbase need a logged-in browser.,2026-10-01T03:48:28Z
banner,Banner,Summer 2019,Yes,10000000,Series A,2023-10-17,,4,Press (linked from YC company page),https://commercialobserver.com/2023/10/spend-management-banner/,Spend Management Platform Banner Raises $10 Million Series A Round – Commercial Observer,,,,,,,,,Medium,No matching post-YC Form D found.,2026-10-01T03:48:49Z
asayer,OpenReplay,Summer 2019,Yes,4700000,,2022-06-28,,4,Press (linked from YC company page),https://techcrunch.com/2022/06/28/openreplay-raises-4-7m-for-its-open-source-tool-to-find-the-bugs-in-sites/,OpenReplay raises $4.7M for its open source tool to find the bugs in sites – TechCrunch,,,,,,,,,Medium,"Unverified Form D by same-named person: Asayer, Inc. 0001920937-22-000001 sold 4850000 (first sale 2022-04-08, New York); likely a different person. No matching post-YC Form D found.",2026-10-01T03:48:31Z
zeta-surgical,ZETA SURGICAL,Summer 2019,Yes,1581301,Equity (per Form D; stage not stated),2021-08-13,,1,SEC Form D,https://www.sec.gov/Archives/edgar/data/1812531/000181253123000001/primary_doc.xml,totalAmountSold: 1081301; totalOfferingAmount: 2000000; dateOfFirstSale: 2023-10-27,0001812531,0001812531-23-000001,1081301,2000000,2023-10-27,Equity,14,Zeta Surgical Inc.,High,"2 post-YC Form D offerings summed: 0001812531-22-000004 $500000 (2021-08-13), 0001812531-23-000001 $1081301 (2023-10-27) pre yc Form D 0001812531-22-000003: sold 1500000 first sale 2018-04-30",2026-10-01T03:48:35Z
fynn,Fynn,Summer 2019,Yes,11000000,,2023-03-16,,4,Press (linked from YC company page),https://www.alleywatch.com/2023/03/fynn-trade-school-educational-finance-student-loan-eric-menees/,Fynn Raises $11M to Make Financing Trade School Education Accessible – AlleyWatch,,,,,,,,,Medium,"Unverified Form D by same-named person: Mentor Square Apartments LLC 0001901557-21-000001 sold 0 (first sale yetToOccur, Akron); likely a different person. Unverified Form D by same-named person: Mentor Park Investor Group LLC 0001959889-23-000002 sold 50000 (first sale 2023-01-20, Mentor); likely a different person. Unverified Form D by same-named person: Mentor Park Investor Group LLC 0001959889-23-000003 sold 80000 (first sale 2023-01-20, Mentor); likely a different person. Unverified Form D by same-named person: Mentor Park Investor Group LLC 0001959889-23-000004 sold 0 (first sale yetToOccur, Mentor); likely a different person. No matching post-YC Form D found.",2026-10-01T03:48:34Z
upequity,UpEquity,Summer 2019,No evidence found,,,,,,,,,,,,,,,,,,Checked: no post-YC Form D matching the founders; no funding statement on website (1 pages) or YC page. LinkedIn/X/Crunchbase need a logged-in browser.,2026-10-01T03:48:31Z
yummy-future,Yummy Future,Summer 2019,No evidence found,,,,,,,,,,,,,,,,,,Checked: no post-YC Form D matching the founders; no funding statement on website (5 pages) or YC page. LinkedIn/X/Crunchbase need a logged-in browser.,2026-10-01T03:48:33Z
kitekraft,Kitekraft,Summer 2019,Yes,1441454,Equity (per Form D; stage not stated),2022-06-29,,1,SEC Form D/A,https://www.sec.gov/Archives/edgar/data/1788488/000178848824000001/primary_doc.xml,totalAmountSold: 1441454; totalOfferingAmount: 1714704; dateOfFirstSale: 2022-06-29,0001788488,0001788488-24-000001,1441454,1714704,2022-06-29,Equity,10,kiteKRAFT Inc.,High,small Form D 0001788488-21-000001: sold 30000 first sale 2021-11-23,2026-10-01T03:48:38Z
mindset-health,Mindset Health,Summer 2019,Yes,6700000,,2021-06-27,,4,Press (linked from YC company page),https://www.afr.com/technology/evidence-based-hypnotherapy-app-raises-6-7m-20210625-p584cy,Evidence based hypnotherapy app Mindset Health raises $6.7 million,,,,,,,,,Medium,No matching post-YC Form D found.,2026-10-01T03:48:34Z
gen1e-lifesciences,GEn1E Lifesciences,Summer 2019,Yes,22545826,Equity (per Form D; stage not stated),2022-12-06,,1,SEC Form D,https://www.sec.gov/Archives/edgar/data/1752886/000175288622000002/primary_doc.xml,totalAmountSold: 17025023; totalOfferingAmount: 18223556; dateOfFirstSale: 2022-12-06,0001752886,0001752886-22-000002,17025023,18223556,2022-12-06,Equity,89,GEN1E LIFESCIENCES INC.,High,"2 post-YC Form D offerings summed: 0001752886-22-000002 $17025023 (2022-12-06), 0001752886-25-000002 $5520803 (2025-10-21)",2026-10-01T03:48:35Z
prolific,Prolific,Summer 2019,Yes,16639954,Equity (per Form D; stage not stated),2023-04-25,,1,SEC Form D,https://www.sec.gov/Archives/edgar/data/1976659/000197665923000001/primary_doc.xml,totalAmountSold: 16639954; totalOfferingAmount: 16639954; dateOfFirstSale: 2023-04-25,0001976659,0001976659-23-000001,16639954,16639954,2023-04-25,Equity; SecurityToBeAcquired,18,"Prolific Technologies, Inc.",High,"Form D clarification: The Total Offering Amount and the Total Amount Sold includes the conversion of $1,404,955 of outstanding convertible securities. Tier 2 source states $32M (https://www.prolific.com/press); Form D figure kept.",2026-10-01T03:48:36Z
trm-labs,TRM Labs,Summer 2019,Yes,60000000,,2021-12-07,,4,Press (linked from YC company page),https://www.coindesk.com/business/2021/12/07/trm-labs-raises-60m-as-visa-amex-play-catchup-on-crypto-tracking/,"TRM Labs Raises $60M as Visa, Amex Play Catch-Up on Crypto Tracking",,,,,,,,,Medium,Other stated figure: $14M (https://www.coindesk.com/trm-labs-raises-14m-as-crypto-tracking-steps-into-spotlight). No matching post-YC Form D found.,2026-10-01T03:48:37Z
lucid-bots,Lucid Bots,Summer 2019,No evidence found,,,,,,,,,,,,,,,,,,Checked: no post-YC Form D matching the founders; no funding statement on website (2 pages) or YC page. LinkedIn/X/Crunchbase need a logged-in browser.,2026-10-01T03:48:36Z
ever-loved,Ever Loved,Summer 2019,No evidence found,,,,,,,,,,,,,,,,,,Checked: no post-YC Form D matching the founders; no funding statement on website (0 pages) or YC page. LinkedIn/X/Crunchbase need a logged-in browser.,2026-10-01T03:48:38Z
pair-team,Pair Team,Summer 2019,Yes,20178037,Equity (per Form D; stage not stated),2023-10-06,,1,SEC Form D,https://www.sec.gov/Archives/edgar/data/1995663/000199566323000001/primary_doc.xml,totalAmountSold: 19678037; totalOfferingAmount: 20678036; dateOfFirstSale: 2023-10-06,0001995663,0001995663-23-000001,19678037,20678036,2023-10-06,Equity,40,"Pair Team, Inc.",High,"2 post-YC Form D offerings summed: 0001995663-23-000001 $19678037 (2023-10-06), 0001995663-24-000001 $500000 (2024-05-29)",2026-10-01T03:48:38Z
hype-and-vice,Hype and Vice,Summer 2019,No evidence found,,,,,,,,,,,,,,,,,,Checked: no post-YC Form D matching the founders; no funding statement on website (1 pages) or YC page. LinkedIn/X/Crunchbase need a logged-in browser.,2026-10-01T03:48:38Z
zeal,Zeal,Summer 2019,Yes,28305966,Series B (Equity per Form D),2021-06-29,Portage,1,SEC Form D,https://www.sec.gov/Archives/edgar/data/1871420/000156761923007843/primary_doc.xml,totalAmountSold: 14499994; totalOfferingAmount: 14999993; dateOfFirstSale: 2023-11-30,0001871420,0001567619-23-007843,14499994,14999993,2023-11-30,Equity,7,Puzzl Group Inc.,High,"Legal name differs from brand; matched on related person(s) Kirti Shenoy, Pranab Krishnan, issuer in San Francisco, CA. 2 post-YC Form D offerings summed: 0001871420-21-000001 $13805972 (2021-06-29), 0001567619-23-007843 $14499994 (2023-11-30) Tier 2 source states $15 million (https://www.zeal.com/about); Form D figure kept.",2026-10-01T03:48:44Z
jupiter,Jupiter,Summer 2019,No evidence found,,,,,,,,,,,,,,,,,,Checked: no post-YC Form D matching the founders; no funding statement on website (3 pages) or YC page. LinkedIn/X/Crunchbase need a logged-in browser.,2026-10-01T03:48:59Z
short-story,Short Story,Summer 2019,No evidence found,,,,,,,,,,,,,,,,,,Checked: no post-YC Form D matching the founders; no funding statement on website (3 pages) or YC page. LinkedIn/X/Crunchbase need a logged-in browser.,2026-10-01T03:48:41Z
juno-college-of-technology,Juno College of Technology,Summer 2019,No evidence found,,,,,,,,,,,,,,,,,,Checked: no post-YC Form D matching the founders; no funding statement on website (5 pages) or YC page. LinkedIn/X/Crunchbase need a logged-in browser. National register for CA not checked.,2026-10-01T03:48:39Z
shift-health,Shift Health,Summer 2019,No evidence found,,,,,,,,,,,,,,,,,,Checked: no post-YC Form D matching the founders; no funding statement on website (1 pages) or YC page. LinkedIn/X/Crunchbase need a logged-in browser.,2026-10-01T03:48:40Z
legacy,Legacy,Summer 2019,Yes,25000000,,2022-05-12,,4,Press (linked from YC company page),https://www.axios.com/pro/health-tech-deals/2022/05/12/sperm-focused-fertility-startup-legacy-banks-25m,Sperm-focused fertility startup Legacy raises $25M,,,,,,,,,Medium,No matching post-YC Form D found.,2026-10-01T03:49:05Z
well-principled,Well Principled,Summer 2019,No evidence found,,,,,,,,,,,,,,,,,,Checked: no post-YC Form D matching the founders; no funding statement on website (3 pages) or YC page. LinkedIn/X/Crunchbase need a logged-in browser.,2026-10-01T03:48:43Z
pillar-2,Pillar,Summer 2019,No evidence found,,,,,,,,,,,,,,,,,,Checked: no post-YC Form D matching the founders; no funding statement on website (13 pages) or YC page. LinkedIn/X/Crunchbase need a logged-in browser.,2026-10-01T03:48:50Z
gamebytes,Gamebytes,Summer 2019,No evidence found,,,,,,,,,,,,,,,,,,Checked: no post-YC Form D matching the founders; no funding statement on website (0 pages) or YC page. LinkedIn/X/Crunchbase need a logged-in browser.,2026-10-01T03:48:43Z
method-financial,Method Financial,Summer 2019,Yes,55844041,Series B (Equity per Form D),2022-11-10,Emergence Capital,1,SEC Form D,https://www.sec.gov/Archives/edgar/data/1955346/000195534625000001/primary_doc.xml,totalAmountSold: 37396294; totalOfferingAmount: 37396294; dateOfFirstSale: 2024-05-10,0001955346,0001955346-25-000001,37396294,37396294,2024-05-10,Equity; Other; Other: Preferred stock can convert to underlying shares of Common Stock,8,"Forward Lending, Inc.",High,"Legal name differs from brand; matched on related person(s) Jesus Marco del Carmen, Jose Bethancourt, issuer in Austin, TX. 2 post-YC Form D offerings summed: 0001955346-23-000002 $18447747 (2022-11-10), 0001955346-25-000001 $37396294 (2024-05-10) Tier 2 source states $42 million (https://methodfi.com/blog/series-b); Form D figure kept.",2026-10-01T03:48:43Z
courier,Courier,Summer 2019,Yes,10100000,Series A,2020-09-14,,4,Press (linked from YC company page),https://techcrunch.com/2020/09/14/courier-raises-10-1m-series-a-to-help-developers-integrate-multi-channel-notifications/,Courier raises $10.1M Series A | TechCrunch,,,,,,,,,Medium,No matching post-YC Form D found.,2026-10-01T03:48:46Z
lofty,Lofty,Summer 2019,No evidence found,,,,,,,,,,,,,,,,,,Checked: no post-YC Form D matching the founders; no funding statement on website (8 pages) or YC page. LinkedIn/X/Crunchbase need a logged-in browser.,2026-10-01T03:48:46Z
apero-health,Apero Health,Summer 2019,No evidence found,,,,,,,,,,,,,,,,,,Checked: no post-YC Form D matching the founders; no funding statement on website (1 pages) or YC page. LinkedIn/X/Crunchbase need a logged-in browser.,2026-10-01T03:48:46Z
shiru,Shiru,Summer 2019,No evidence found,,,,,,,,,,,,,,,,,,Checked: no post-YC Form D matching the founders; no funding statement on website (1 pages) or YC page. LinkedIn/X/Crunchbase need a logged-in browser.,2026-10-01T03:48:46Z
matagora,matagora,Summer 2019,No evidence found,,,,,,,,,,,,,,,,,,Checked: no post-YC Form D matching the founders; no funding statement on website (7 pages) or YC page. LinkedIn/X/Crunchbase need a logged-in browser. National register for CA not checked.,2026-10-01T03:48:49Z
dex,Dex,Summer 2019,No evidence found,,,,,,,,,,,,,,,,,,Checked: no post-YC Form D matching the founders; no funding statement on website (9 pages) or YC page. LinkedIn/X/Crunchbase need a logged-in browser.,2026-10-01T03:48:52Z
vouch,Vouch,Summer 2019,Yes,103499835,Equity (per Form D; stage not stated),2021-08-27,,1,SEC Form D,https://www.sec.gov/Archives/edgar/data/1781375/000188234821000001/primary_doc.xml,totalAmountSold: 59999841; totalOfferingAmount: 59999841; dateOfFirstSale: 2021-08-27,0001781375,0001882348-21-000001,59999841,59999841,2021-08-27,Equity; Other; Other: Series C Preferred Stock and the common stock issuable upon the conversion thereof.,28,"Vouch, Inc.",High,"3 post-YC Form D offerings summed: 0001882348-21-000001 $59999841 (2021-08-27), 0002014850-24-000001 $25000000 (2023-12-18), 0001288649-25-000001 $18499994 (2024-11-07) Tier 2 source states $185M (https://www.ycombinator.com/companies/vouch); Form D figure kept.",2026-10-01T03:48:50Z
prenda,Prenda,Summer 2019,Yes,35192605,Equity (per Form D; stage not stated),2021-05-04,,1,SEC Form D,https://www.sec.gov/Archives/edgar/data/1712223/000171222321000002/primary_doc.xml,totalAmountSold: 19192609; totalOfferingAmount: 21192608; dateOfFirstSale: 2021-05-04,0001712223,0001712223-21-000002,19192609,21192608,2021-05-04,Equity,13,"Prenda, Inc.",High,"2 post-YC Form D offerings summed: 0001712223-21-000002 $19192609 (2021-05-04), 0001712223-22-000003 $15999996 (2022-10-31) Unverified Form D by same-named person: Distinct Dermatology Inc. 0001849547-24-000002 sold 826714 (first sale 2024-06-06, Parsippany); likely a different person. Tier 4 source states $20M (https://techcrunch.com/2022/06/13/prenda-raises-20m-led-by-776-to-build-tech-to-run-k-8-microschools/); Form D figure kept.",2026-10-01T03:48:54Z
beacons,Beacons,Summer 2019,Yes,29637575,Equity (per Form D; stage not stated),2021-05-06,,1,SEC Form D,https://www.sec.gov/Archives/edgar/data/1843648/000173907423000008/primary_doc.xml,totalAmountSold: 23000000; totalOfferingAmount: 23000000; dateOfFirstSale: 2022-04-05,0001843648,0001739074-23-000008,23000000,23000000,2022-04-05,Equity,18,Beacons AI Inc.,High,"2 post-YC Form D offerings summed: 0001739074-21-000009 $6637575 (2021-05-06), 0001739074-23-000008 $23000000 (2022-04-05) Unverified Form D by same-named person: Decagon AI, Inc. 0002043374-24-000001 sold 61524976 (first sale 2024-10-09, San Francisco); likely a different person. Form D clarification: Does not include $899,990,98 sold to two investors who reside outside the United States.",2026-10-01T03:48:54Z
zippi,Zippi,Summer 2019,No evidence found,,,,,,,,,,,,,,,,,,Checked: no post-YC Form D matching the founders; no funding statement on website (1 pages) or YC page. LinkedIn/X/Crunchbase need a logged-in browser. National register for BR not checked.,2026-10-01T03:48:54Z
dover,Dover,Summer 2019,Yes,23000000,,,,2,YC company/launch page,https://www.ycombinator.com/companies/dover,We've raised $23M from top VCs.,,,,,,,,,High,Round date not stated on the source page; assumed post-YC because it is presented as current news. Other stated figure: $20M (https://techcrunch.com/2021/07/19/dover-raises-20m-to-bring-the-concept-of-orchestration-to-recruitment/). No matching post-YC Form D found.,2026-10-01T03:48:56Z
wren,Wren,Summer 2019,Yes,6596001,Equity (per Form D; stage not stated),2022-01-18,,1,SEC Form D,https://www.sec.gov/Archives/edgar/data/1908042/000190804222000001/primary_doc.xml,totalAmountSold: 6596001; totalOfferingAmount: 6596001; dateOfFirstSale: 2022-01-18,0001908042,0001908042-22-000001,6596001,6596001,2022-01-18,Equity,29,"Wren Climate, PBC",High,,2026-10-01T03:48:57Z
superorder,Superorder,Summer 2019,Yes,10000000,Series A,,,2,Company website,https://www.superorder.com/press,Superorder raises $10M Series A Funding Round to Fuel New Generative AI & Order Management Tools for Restaurants.,,,,,,,,,High,"Unverified Form D by same-named person: Cookdash Inc. 0001966347-23-000002 sold 11291454 (first sale 2023-02-07, San Francisco); likely a different person. Round date not stated on the source page; assumed post-YC because it is presented as current news. No matching post-YC Form D found.",2026-10-01T03:48:53Z
swadesh,Swadesh,Summer 2019,No evidence found,,,,,,,,,,,,,,,,,,Checked: no post-YC Form D matching the founders; no funding statement on website (2 pages) or YC page. LinkedIn/X/Crunchbase need a logged-in browser.,2026-10-01T03:48:55Z
