company_id,company,batch,raised_post_yc,post_yc_amount_usd,round_type,round_date,lead_investors,source_tier,source_type,source_url,source_quote,sec_cik,sec_accession,sec_total_amount_sold,sec_total_offering_amount,sec_date_first_sale,sec_security_type,sec_investor_count,legal_name,confidence,notes,checked_at,latest_round_date,latest_round_amount_usd,latest_round_source,total_raised_known_usd,within_200m_cap,website,industry,yc_stage,team_size,yc_is_hiring,yc_open_jobs,ats,ats_open_jobs,open_positions,eng_jobs,ml_jobs,careers_url,job_titles_sample
scribd,Scribd,Summer 2006,Yes,58000000,,2019-11-25,,4,Press (linked from YC company page),https://techcrunch.com/2019/11/25/scribd-spectrum-equity/,Scribd raises $58M for subscription e-books and audiobooks • TechCrunch,,,,,,,,,Medium,No matching post-YC Form D found.,2026-10-01T03:24:37Z,2019-11-25,58000000,Press (linked from YC company page),58000000,Yes,http://scribd.com,Consumer,Growth,300,No,0,ashby,11,11,5,1,https://www.scribdinc.com/careers,"Staff Software Engineer (Backend) - Everand Core; Staff Software Engineer (Backend) - Fable Core; Senior Paid Social Manager; Lead Product Manager, Acquisition (scribd.com); Data Scientist II; Lead Product Manager, Recommendations; Director of Product, Content Intelligence & Growth; Staff Software Engineer, Core Infrastructure; Senior Manager, Performance & Organic Growth; Senior Engineering Manager, Backend (Content Foundations)"
blue-frog-gaming,Blue Frog Gaming,Summer 2007,No evidence found,,,,,,,,,,,,,,,,,,Checked: no post-YC Form D matching the founders; no funding statement on website (1 pages) or YC page. LinkedIn/X/Crunchbase need a logged-in browser.,2026-10-01T03:24:24Z,,,,,,http://bluefroggaming.com,Consumer,Growth,11,No,0,,,0,0,0,https://playsfc2.com:443/,
buxfer,Buxfer,Winter 2007,No evidence found,,,,,,,,,,,,,,,,,,Checked: no post-YC Form D matching the founders; no funding statement on website (8 pages) or YC page. LinkedIn/X/Crunchbase need a logged-in browser.,2026-10-01T03:24:27Z,,,,,,https://www.buxfer.com,Fintech,Early,1,No,0,,,0,0,0,,
virtualmin,Virtualmin,Winter 2007,No evidence found,,,,,,,,,,,,,,,,,,"Unverified Form D by same-named person: Solstice Innovations, Inc. 0001802093-24-000001 sold 3760000 (first sale 2024-06-10, Seattle); likely a different person. Checked: no post-YC Form D matching the founders; no funding statement on website (4 pages) or YC page. LinkedIn/X/Crunchbase need a logged-in browser.",2026-10-01T03:24:30Z,,,,,,http://virtualmin.com,B2B,Early,2,No,0,,,0,0,0,https://www.virtualmin.com/not-found/,
poll-everywhere,Poll Everywhere,Summer 2008,No evidence found,,,,,,,,,,,,,,,,,,Checked: no post-YC Form D matching the founders; no funding statement on website (6 pages) or YC page. LinkedIn/X/Crunchbase need a logged-in browser.,2026-10-01T03:24:26Z,,,,,,https://www.polleverywhere.com,B2B,Growth,70,No,0,lever,0,0,0,0,https://www.polleverywhere.com/about,
ninite,Ninite,Winter 2008,No evidence found,,,,,,,,,,,,,,,,,,Checked: no post-YC Form D matching the founders; no funding statement on website (5 pages) or YC page. LinkedIn/X/Crunchbase need a logged-in browser.,2026-10-01T03:24:24Z,,,,,,http://ninite.com,B2B,Growth,2,No,0,,,0,0,0,https://ninite.com/jobs,
rescuetime,RescueTime,Winter 2008,No evidence found,,,,,,,,,,,,,,,,,,Checked: no post-YC Form D matching the founders; no funding statement on website (2 pages) or YC page. LinkedIn/X/Crunchbase need a logged-in browser.,2026-10-01T03:24:24Z,,,,,,http://rescuetime.com,B2B,Growth,15,No,0,,,0,0,0,,
mixpanel,Mixpanel,Summer 2009,No evidence found,,,,,,,,,,,,,,,,,,Checked: no post-YC Form D matching the founders; no funding statement on website (6 pages) or YC page. LinkedIn/X/Crunchbase need a logged-in browser.,2026-10-01T03:24:25Z,,,,,,http://mixpanel.com,B2B,Growth,410,No,0,greenhouse,72,72,24,2,https://mixpanel.com/jobs/,"Account Executive, Vertical Accounts; Commercial Counsel, APAC; Customer Engineer ; Customer Engineer ; Customer Value Architect; Customer Value Architect; Customer Value Architect; Customer Value Architect, EMEA ; Customer Value Architect III ; Customer Value Architect III "
stripe,Stripe,Summer 2009,Yes,7564026762,Equity (per Form D; stage not stated),2023-03-15,,1,SEC Form D/A,https://www.sec.gov/Archives/edgar/data/1691342/000169134223000002/primary_doc.xml,totalAmountSold: 6869866984; totalOfferingAmount: 6869866984; dateOfFirstSale: 2023-03-15,0001691342,0001691342-23-000002,6869866984,6869866984,2023-03-15,Equity,103,"Stripe, Inc.",High,"2 post-YC Form D offerings summed: 0001691342-23-000002 $6869866984 (2023-03-15), 0001691342-24-000001 $694159778 (2024-04-08)",2026-10-01T03:24:28Z,2024-04-08,694159778,SEC Form D 0001691342-24-000001,7564026762,No,http://stripe.com,Fintech,Growth,7000,Yes,3,greenhouse,715,715,188,39,https://stripe.com/careers,"Abuse Investigator; Abuse Investigator; Abuse Investigator; Abuse Research Engineer; Account Executive, AI Sales; Account Executive, AI Startups - Grower; Account Executive, Bridge ; Account Executive, Bridge ; Account Executive, Commercial (Grower); Account Executive, Commercial Hunter"
lingt,Lingt,Summer 2009,No evidence found,,,,,,,,,,,,,,,,,,Checked: no post-YC Form D matching the founders; no funding statement on website (1 pages) or YC page. LinkedIn/X/Crunchbase need a logged-in browser.,2026-10-01T03:24:30Z,,,,,,https://www.lingt.com/,Education,Early,2,No,0,,,0,0,0,,
renthop,RentHop,Summer 2009,No evidence found,,,,,,,,,,,,,,,,,,Checked: no post-YC Form D matching the founders; no funding statement on website (0 pages) or YC page. LinkedIn/X/Crunchbase need a logged-in browser.,2026-10-01T03:24:27Z,,,,,,http://renthop.com,Real Estate and Construction,Early,9,Yes,3,,,3,0,0,,Taipei Software Engineer; Taipei Full Stack PHP Developer; Taipei Data Engineer
olark,Olark,Summer 2009,No evidence found,,,,,,,,,,,,,,,,,,Checked: no post-YC Form D matching the founders; no funding statement on website (7 pages) or YC page. LinkedIn/X/Crunchbase need a logged-in browser.,2026-10-01T03:24:27Z,,,,,,http://olark.com,B2B,Early,15,No,0,,,0,0,0,https://www.olark.com/jobs,
directed-edge,Directed Edge,Summer 2009,No evidence found,,,,,,,,,,,,,,,,,,Checked: no post-YC Form D matching the founders; no funding statement on website (1 pages) or YC page. LinkedIn/X/Crunchbase need a logged-in browser.,2026-10-01T03:24:27Z,,,,,,http://directededge.com,Consumer,Early,2,No,0,,,0,0,0,,
listia,Listia,Summer 2009,Yes,9000000,,,,2,Company website,https://www.listia.com/press,"Listia, A Used Goods Marketplace, Raises $9M To Attack Mobile .",,,,,,,,,High,Round date not stated on the source page; assumed post-YC because it is presented as current news. No matching post-YC Form D found.,2026-10-01T03:24:37Z,2013-11-02,9000000,https://www.listia.com/press (date printed near the quote),9000000,Yes,http://listia.com,Consumer,Growth,6,No,0,,,0,0,0,https://www.listia.com/jobs,
volantio,Volantio,Winter 2009,No evidence found,,,,,,,,,,,,,,,,,,Checked: no post-YC Form D matching the founders; no funding statement on website (4 pages) or YC page. LinkedIn/X/Crunchbase need a logged-in browser.,2026-10-01T03:24:30Z,,,,,,http://www.volantio.com,B2B,Growth,19,Yes,0,,,0,0,0,,
workflowy,WorkFlowy,Summer 2010,No evidence found,,,,,,,,,,,,,,,,,,Checked: no post-YC Form D matching the founders; no funding statement on website (1 pages) or YC page. LinkedIn/X/Crunchbase need a logged-in browser.,2026-10-01T03:24:28Z,,,,,,http://workflowy.com,B2B,Early,4,No,0,,,0,0,0,,
indinero,inDinero,Summer 2010,No evidence found,,,,,,,,,,,,,,,,,,Checked: no post-YC Form D matching the founders; no funding statement on website (4 pages) or YC page. LinkedIn/X/Crunchbase need a logged-in browser.,2026-10-01T03:24:40Z,,,,,,http://indinero.com,B2B,Growth,250,No,0,,,0,0,0,https://www.indinero.com/careers,
docker,Docker,Summer 2010,No evidence found,,,,,,,,,,,,,,,,,,Checked: no post-YC Form D matching the founders; no funding statement on website (7 pages) or YC page. LinkedIn/X/Crunchbase need a logged-in browser.,2026-10-01T03:24:35Z,,,,,,http://docker.com,B2B,Growth,201,No,0,ashby,60,60,31,1,https://www.docker.com/careers/,"Account Executive, Mid-Enterprise (West); Staff Backend Engineer, Hub (East Coast); Principal Software Engineer, AI Tools and Security (Seattle or SF Bay Area); Senior Software Engineer, Secure Build; Senior Principal Software Engineer, Docker and Ecosystem; Senior Salesforce Developer; Senior Sales Engineer, Strategic (EMEA - German + English); Staff Software Engineer, Developer Experience; Account Executive, Mid-Enterprise (East); Account Executive, Strategic (EMEA)"
anylist,AnyList,Summer 2010,No evidence found,,,,,,,,,,,,,,,,,,Checked: no post-YC Form D matching the founders; no funding statement on website (3 pages) or YC page. LinkedIn/X/Crunchbase need a logged-in browser.,2026-10-01T03:24:30Z,,,,,,https://www.anylist.com,Consumer,Early,3,No,0,,,0,0,0,https://www.anylist.com/jobs,
demandsphere,DemandSphere,Summer 2010,No evidence found,,,,,,,,,,,,,,,,,,Checked: no post-YC Form D matching the founders; no funding statement on website (11 pages) or YC page. LinkedIn/X/Crunchbase need a logged-in browser.,2026-10-01T03:24:34Z,,,,,,https://www.demandsphere.com/,B2B,Early,40,No,0,,,0,0,0,https://www.demandsphere.com/careers/,
recurse-center,Recurse Center,Summer 2010,No evidence found,,,,,,,,,,,,,,,,,,Checked: no post-YC Form D matching the founders; no funding statement on website (3 pages) or YC page. LinkedIn/X/Crunchbase need a logged-in browser.,2026-10-01T03:24:31Z,,,,,,https://www.recurse.com,Education,Early,7,No,0,,,0,0,0,https://www.recurse.com/login,
ownlocal,OwnLocal,Winter 2010,No evidence found,,,,,,,,,,,,,,,,,,Checked: no post-YC Form D matching the founders; no funding statement on website (1 pages) or YC page. LinkedIn/X/Crunchbase need a logged-in browser.,2026-10-01T03:24:30Z,,,,,,http://ownlocal.com,B2B,Growth,45,No,0,,,0,0,0,,
gocardless,GoCardless,Summer 2011,No evidence found,,,,,,,,,,,,,,,,,,Checked: no post-YC Form D matching the founders; no funding statement on website (7 pages) or YC page. LinkedIn/X/Crunchbase need a logged-in browser.,2026-10-01T03:24:35Z,,,,,,http://gocardless.com,Fintech,Growth,900,No,0,greenhouse,24,24,6,1,,"Account Executive, Emerging, UK&I; Controls Specialist; Credit Controller; Credit Risk Administrator; Customer Success Manager II, UK & ireland; Customer Success Manager I, UK & ireland; Data Analyst II; Data Analyst II; Data Engineer; Data Engineer"
agilemd,AgileMD,Summer 2011,No evidence found,,,,,,,,,,,,,,,,,,Checked: no post-YC Form D matching the founders; no funding statement on website (4 pages) or YC page. LinkedIn/X/Crunchbase need a logged-in browser.,2026-10-01T03:24:35Z,,,,,,https://agilemd.com,Healthcare,Growth,19,Yes,1,,,1,0,0,,Product Manager - Clinical Pathways & Analytics
quartzy,Quartzy,Summer 2011,No evidence found,,,,,,,,,,,,,,,,,,Checked: no post-YC Form D matching the founders; no funding statement on website (3 pages) or YC page. LinkedIn/X/Crunchbase need a logged-in browser.,2026-10-01T03:24:36Z,,,,,,https://www.quartzy.com,Healthcare,Growth,100,Yes,3,,,3,0,0,https://www.quartzy.com/careers,"Senior Territory Manager, Bay Area; Senior Territory Manager, NYC or Northern NJ; Senior Territory Manager, San Diego"
streak,Streak,Summer 2011,No evidence found,,,,,,,,,,,,,,,,,,Checked: no post-YC Form D matching the founders; no funding statement on website (9 pages) or YC page. LinkedIn/X/Crunchbase need a logged-in browser.,2026-10-01T03:24:41Z,,,,,,http://streak.com,B2B,Early,35,Yes,1,,,1,0,0,https://www.streak.com/careers,Staff UI Engineer
onesignal,OneSignal,Summer 2011,Yes,50000000,Series C,,,2,Company website,https://onesignal.com/news,OneSignal Secures Strategic Investment from ServiceNow Ventures to Build on $50M+ Series C.,,,,,,,,,High,Round date not stated on the source page; assumed post-YC because it is presented as current news. No matching post-YC Form D found.,2026-10-01T03:24:37Z,,,,50000000,Yes,https://onesignal.com,B2B,Growth,150,Yes,4,,,4,0,0,https://onesignal.com/careers,"Senior Software Engineer, Journeys Team (Fullstack); Staff Software Engineer, SMS Team (Fullstack); Senior Software Engineer, Email Team; Product Marketing Manager"
hackerrank,HackerRank,Summer 2011,No evidence found,,,,,,,,,,,,,,,,,,Checked: no post-YC Form D matching the founders; no funding statement on website (11 pages) or YC page. LinkedIn/X/Crunchbase need a logged-in browser.,2026-10-01T03:24:42Z,,,,,,http://hackerrank.com,B2B,Growth,300,Yes,3,greenhouse,25,25,12,2,https://www.hackerrank.com:443/careers,"Account Executive - Strategic; Campus Crew Ambassador (Student Program); Creative Content Lead; Customer Account Manager - Mid Market; Customer Account Manager - SMB;  Customer Account Manager - Strategic - West; Customer Experience Engineer, L2; Data Engineer II; DevRel Engineer II ; Director, Forward Deployed Engineering"
apollo,Apollo,Summer 2011,No evidence found,,,,,,,,,,,,,,,,,,"Unverified Form D by same-named person: Carbon Reform Inc. 0001828781-23-000002 sold 2999999 (first sale 2022-10-03, Philadelphia); likely a different person. Unverified Form D by same-named person: Carbon Reform Inc. 0001828781-23-000004 sold 1000000 (first sale 2023-11-06, Philadelphia); likely a different person. Unverified Form D by same-named person: Carbon Reform Inc. 0001828781-24-000001 sold 1700000 (first sale 2023-11-06, Philadelphia); likely a different person. Unverified Form D by same-named person: Carbon Reform Inc. 0001828781-25-000001 sold 4220000 (first sale 2023-11-06, Philadelphia); likely a different person. Unverified Form D by same-named person: Carbon Reform Inc. 0001828781-25-000002 sold 5470000 (first sale 2023-11-06, Philadelphia); likely a different person. Checked: no post-YC Form D matching the founders; no funding statement on website (10 pages) or YC page. LinkedIn/X/Crunchbase need a logged-in browser.",2026-10-01T03:26:59Z,,,,,,http://apollographql.com/,B2B,Growth,200,Yes,2,ashby,6,6,3,0,https://www.apollographql.com/careers,"Staff Software Engineer, Rust; Senior Solution Engineer (Pre-sales); GTM Enablement Manager (Technical); Senior Software Engineer - Trust and Telemetry; Senior Enterprise Account Executive  - UK; Senior Staff Product Designer"
vidyard,Vidyard,Summer 2011,Yes,35000000,,,,2,Company website,http://www.vidyard.com/press/,Vidyard Raises $35 Million to Expand Power of Video Analytics and Digital Body Language .,,,,,,,,,High,"Unverified Form D by same-named person: FastModel Holdings, LLC 0001794951-24-000002 sold 1000000 (first sale 2024-02-23, Chicago); likely a different person. Round date not stated on the source page; assumed post-YC because it is presented as current news. No matching post-YC Form D found.",2026-10-01T03:24:45Z,2016-01-26,35000000,http://www.vidyard.com/press/ (date printed near the quote),35000000,Yes,http://vidyard.com,B2B,Growth,201,No,0,,,0,0,0,http://www.vidyard.com/careers/,
imgix,Imgix,Summer 2011,No evidence found,,,,,,,,,,,,,,,,,,Checked: no post-YC Form D matching the founders; no funding statement on website (6 pages) or YC page. LinkedIn/X/Crunchbase need a logged-in browser.,2026-10-01T03:24:40Z,,,,,,https://www.imgix.com,B2B,Growth,34,No,0,,,0,0,0,https://www.imgix.com/careers,
videopixie,Videopixie,Summer 2011,No evidence found,,,,,,,,,,,,,,,,,,Checked: no post-YC Form D matching the founders; no funding statement on website (7 pages) or YC page. LinkedIn/X/Crunchbase need a logged-in browser.,2026-10-01T03:24:45Z,,,,,,http://videopixie.com,B2B,Early,11,No,0,,,0,0,0,https://videopixie.com/jobs,
mixrank,MixRank,Summer 2011,No evidence found,,,,,,,,,,,,,,,,,,Checked: no post-YC Form D matching the founders; no funding statement on website (5 pages) or YC page. LinkedIn/X/Crunchbase need a logged-in browser. National register for CA not checked.,2026-10-01T03:24:43Z,,,,,,https://mixrank.com,B2B,Early,31,Yes,10,,,10,0,0,https://mixrank.com/careers/,"Software Engineer - Global (Remote); Junior Software Engineer - Remote (Global), Full-Time; Junior Software Engineer — Remote, Mexico; Junior Software Engineer — Remote, Russia; Junior Software Engineer — Remote, Argentina; Junior Software Engineer — Remote, Brazil; Junior Software Engineer — Remote, Colombia; Junior Software Engineer — Remote, Egypt; Junior Software Engineer — Remote, Türkiye; Junior Software Engineer — Remote, Georgia"
leadgenius,LeadGenius,Summer 2011,No evidence found,,,,,,,,,,,,,,,,,,"Unverified Form D by same-named person: Crowdbotics Corp. 0001813805-23-000001 sold 39999977 (first sale 2022-10-12, Berkeley); likely a different person. Checked: no post-YC Form D matching the founders; no funding statement on website (2 pages) or YC page. LinkedIn/X/Crunchbase need a logged-in browser.",2026-10-01T03:24:44Z,,,,,,http://leadgenius.com,B2B,Growth,50,No,0,,,0,0,0,,
sift,Sift,Summer 2011,No evidence found,,,,,,,,,,,,,,,,,,"Unverified Form D by same-named person: URL to IRL Inc. 0002013012-24-000001 sold 3609997 (first sale 2024-02-12, Snohomish); likely a different person. Checked: no post-YC Form D matching the founders; no funding statement on website (10 pages) or YC page. LinkedIn/X/Crunchbase need a logged-in browser.",2026-10-01T03:24:54Z,,,,,,https://sift.com/,B2B,Growth,,Yes,0,ashby,6,6,3,2,https://sift.com/careers/,"Senior Engineering Manager, ML Platform; Forward Deployed Engineer, Trust and Safety; Machine Learning Engineer; Contracts & Legal Ops Specialist; Director/Sr. Director, Sales ; Technical Account Manager"
goat-group,GOAT Group,Winter 2011,No evidence found,,,,,,,,,,,,,,,,,,Checked: no post-YC Form D matching the founders; no funding statement on website (10 pages) or YC page. LinkedIn/X/Crunchbase need a logged-in browser.,2026-10-01T03:24:41Z,,,,,,https://www.goatgroup.com/,Consumer,Growth,1600,Yes,2,greenhouse,8,8,0,0,,"Assistant Manager, Inventory; Fulfillment Associate; Fulfillment Associate (Seasonal); Intake Associate; Junior Authentication Specialist; Sneaker and Apparel Authenticator; Supervisor, Operations; Supervisor, Operations"
storyworth,Storyworth,Winter 2011,No evidence found,,,,,,,,,,,,,,,,,,Checked: no post-YC Form D matching the founders; no funding statement on website (2 pages) or YC page. LinkedIn/X/Crunchbase need a logged-in browser.,2026-10-01T03:24:43Z,,,,,,https://www.storyworth.com,Consumer,Early,13,No,0,,,0,0,0,,
zerocater,Zerocater,Winter 2011,Yes,38500000,,,,2,YC company/launch page,https://www.ycombinator.com/companies/zerocater,"Since completing YCombinator in Winter 2011, Zerocater has raised $38.5M from leading investors including Cleveland Avenue, Remus Capital, Romulus Capital, Struck Capital, SV Angel,",,,,,,,,,High,Round date not stated on the source page; assumed post-YC because it is presented as current news. No matching post-YC Form D found.,2026-10-01T03:24:51Z,,,,38500000,Yes,http://zerocater.com,B2B,Growth,140,No,0,greenhouse,11,11,0,0,https://zerocater.com/about/careers/,"Catering Assistant (Floater) (T-TH 9:30-2:30pm); Catering Assistant (M-F 9:15am-2:00pm); Catering Assistant (M-TH 9:15am-1:30pm); Catering Assistant (TH 9:30am-2:30pm); Catering Assistant (Tues 9:30am-2:30pm); Catering Assistant (Tues + Wed 9:30am-2pm); Catering Operations Area Lead (Peninsula); Catering Site Lead (M-F 8am-1pm); Catering Site Lead (Thur-Sun); Head of Sales, Corporate Cafe Solutions"
mino-games,Mino Games,Winter 2011,Yes,15000000,,2023-02-09,,4,Press (linked from YC company page),https://venturebeat.com/latest-games-reviews/mino-games-raises-15m-to-create-dimensionals-web3-game/,Mino Games raises $15M to create Dimensionals Web3 game | VentureBeat,,,,,,,,,Medium,No matching post-YC Form D found.,2026-10-01T03:24:47Z,2023-02-09,15000000,Press (linked from YC company page),15000000,Yes,http://minomonsters.com,Consumer,Growth,11,Yes,1,,,1,0,0,https://minogamesonline.wordpress.com/careers,Game Developer
close,Close,Winter 2011,No evidence found,,,,,,,,,,,,,,,,,,Checked: no post-YC Form D matching the founders; no funding statement on website (6 pages) or YC page. LinkedIn/X/Crunchbase need a logged-in browser.,2026-10-01T03:24:51Z,,,,,,https://close.com,B2B,Early,120,No,0,ashby,7,7,6,0,https://close.com/careers,"Senior Software Engineer – Backend (USA Only, 100% Remote); Senior Frontend Engineer – Growth (USA Only, 100% Remote); Senior Software Engineer – Frontend/React (USA Only, 100% Remote); Senior Frontend Engineer – Marketing (USA Only, 100% Remote); Senior Backend Engineer - CRM (USA Only, 100% Remote); Senior Backend Engineer - Backend Platform (USA Only, 100% Remote); Staff GTM Analyst (USA Only, 100% Remote)"
tremendous,Tremendous,Winter 2011,No evidence found,,,,,,,,,,,,,,,,,,Checked: no post-YC Form D matching the founders; no funding statement on website (8 pages) or YC page. LinkedIn/X/Crunchbase need a logged-in browser.,2026-10-01T03:24:49Z,,,,,,https://www.tremendous.com,Fintech,Early,150,No,0,ashby,26,26,8,0,https://www.tremendous.com/careers/,Senior Software Engineer; Senior Software Engineer; Senior Product Manager; Founding Mid-Market Account Executive (EMEA - German Speaker) ; Senior Product Manager - Prepaid Cards; Engineering Manager; Engineering Manager; Commercial Account Executive; Founding Sales Development Representative (Europe); Head of Finance
you-got-listings-inc,You Got Listings,Winter 2011,No evidence found,,,,,,,,,,,,,,,,,,Checked: no post-YC Form D matching the founders; no funding statement on website (1 pages) or YC page. LinkedIn/X/Crunchbase need a logged-in browser.,2026-10-01T03:24:47Z,,,,,,http://www.yougotlistings.com,Real Estate and Construction,Early,3,No,0,,,0,0,0,,
instapainting,Instapainting,Winter 2011,No evidence found,,,,,,,,,,,,,,,,,,Checked: no post-YC Form D matching the founders; no funding statement on website (5 pages) or YC page. LinkedIn/X/Crunchbase need a logged-in browser. National register for JP not checked.,2026-10-01T03:24:49Z,,,,,,http://instapainting.com,Consumer,Early,2,No,0,,,0,0,0,,
acunote,Acunote,Winter 2011,No evidence found,,,,,,,,,,,,,,,,,,Checked: no post-YC Form D matching the founders; no funding statement on website (6 pages) or YC page. LinkedIn/X/Crunchbase need a logged-in browser.,2026-10-01T03:24:54Z,,,,,,http://acunote.com,B2B,Early,,No,0,,,0,0,0,https://www.acunote.com/jobs,
tumult,Tumult,Winter 2011,No evidence found,,,,,,,,,,,,,,,,,,Checked: no post-YC Form D matching the founders; no funding statement on website (4 pages) or YC page. LinkedIn/X/Crunchbase need a logged-in browser.,2026-10-01T03:24:49Z,,,,,,https://tumult.com,B2B,Early,1,No,0,,,0,0,0,https://tumult.com/jobs/,
talkable,Talkable,Winter 2011,No evidence found,,,,,,,,,,,,,,,,,,Checked: no post-YC Form D matching the founders; no funding statement on website (6 pages) or YC page. LinkedIn/X/Crunchbase need a logged-in browser.,2026-10-01T03:24:53Z,,,,,,http://talkable.com,B2B,Growth,76,No,0,,,0,0,0,https://www.talkable.com/jobs,
singlestore,SingleStore,Winter 2011,Yes,146000000,,,Goldman Sachs..,2,Company website,https://www.singlestore.com/media-hub/releases/singlestore-announces-146m-funding/,"announced it has closed its F-2 round of financing at $146 million, led by Goldman Sachs..",,,,,,,,,High,"Unverified Form D by same-named person: ContentFly Inc. 0002042742-24-000001 sold 0 (first sale 2024-10-02, Toronto); likely a different person. Round date not stated on the source page; assumed post-YC because it is presented as current news. Other stated figure: $45 million (https://www.singlestore.com/media-hub/releases/accel-partners-leads-series-b-investment-of-35-million/). No matching post-YC Form D found.",2026-10-01T03:24:54Z,2022-11-03,146000000,https://www.singlestore.com/media-hub/releases/singlestore-announces-146m-funding/ (date printed near the quote),146000000,Yes,https://www.singlestore.com,B2B,Growth,150,No,0,greenhouse,40,40,26,2,https://www.singlestore.com/careers/,"Business Development Representative; Cloud Platform Engineer; Don't see a fit? Fill out a general application!; Engineering Talent Community ; Enterprise Account Executive; Enterprise Account Executive - Boston, USA; Enterprise Account Executive - California, USA; Enterprise Account Executive - Chicago, USA; Enterprise Account Executive - NY, USA; Enterprise Account Executive - Seattle, USA"
benchling,Benchling,Summer 2012,No evidence found,,,,,,,,,,,,,,,,,,Checked: no post-YC Form D matching the founders; no funding statement on website (10 pages) or YC page. LinkedIn/X/Crunchbase need a logged-in browser.,2026-10-01T03:24:56Z,,,,,,http://benchling.com,B2B,Growth,750,No,0,ashby,57,57,14,2,https://www.benchling.com/careers,"Software Engineer, Platform (Developer Experience); Technical Solution Architect; Software Engineer, Platform (Developer Experience); Software Engineer, Full Stack (Enterprise Lifecycle) (High Seniority); Global Partner Lead; SMB Account Executive; Technical Account Manager; Senior Corporate Accountant; Pricing & Packaging Ops Manager - Contractor; Strategic Financial Analyst, GTM"
smartasset,SmartAsset,Summer 2012,No evidence found,,,,,,,,,,,,,,,,,,Checked: no post-YC Form D matching the founders; no funding statement on website (11 pages) or YC page. LinkedIn/X/Crunchbase need a logged-in browser.,2026-10-01T03:25:03Z,,,,,,http://smartasset.com,Fintech,Growth,210,No,0,greenhouse,5,5,2,0,https://smartasset.com/careers,"Advisor Marketing Senior Manager; Client Experience Specialist; Senior Associate, PR; Senior Software Engineer; Software Engineer"
zapier,Zapier,Summer 2012,Yes,1300000,,,,2,Company website,https://zapier.com/press,Zapier raised $1.3 million in 2012.,,,,,,,,,High,"Unverified Form D by same-named person: Concord Syndicate 101 Main St. LLC 0001968561-23-000001 sold 0 (first sale yetToOccur, Orlando); likely a different person. Round date not stated on the source page; assumed post-YC because it is presented as current news. No matching post-YC Form D found.",2026-10-01T03:24:52Z,,,,1300000,Yes,http://zapier.com,B2B,Growth,700,Yes,0,ashby,10,10,1,0,https://zapier.com/jobs,"Finance Manager, Marketing; Sales Assist Representative; Account Executive, Mid Market; Automation Strategist, Customer Success; Staff Backend Engineer, Commerce; Manager, GTM Analytics; Sr. Technical Account Manager; Growth Design Lead; Legal Counsel; Director, India"
9gag,9gag,Summer 2012,No evidence found,,,,,,,,,,,,,,,,,,"Unverified Form D by same-named person: ACM A4 P3 Point LLC 0002039077-24-000001 sold 62500 (first sale 2024-09-26, New York); likely a different person. Checked: no post-YC Form D matching the founders; no funding statement on website (1 pages) or YC page. LinkedIn/X/Crunchbase need a logged-in browser. National register for HK not checked.",2026-10-01T03:24:50Z,,,,,,http://9gag.com,Consumer,Growth,36,No,0,,,0,0,0,,
svbtle,Svbtle,Summer 2012,No evidence found,,,,,,,,,,,,,,,,,,Checked: no post-YC Form D matching the founders; no funding statement on website (10 pages) or YC page. LinkedIn/X/Crunchbase need a logged-in browser.,2026-10-01T03:24:53Z,,,,,,https://svbtle.com,Consumer,Early,2,No,0,,,0,0,0,,
plivo,Plivo,Summer 2012,No evidence found,,,,,,,,,,,,,,,,,,Checked: no post-YC Form D matching the founders; no funding statement on website (11 pages) or YC page. LinkedIn/X/Crunchbase need a logged-in browser.,2026-10-01T03:25:04Z,,,,,,https://plivo.com,B2B,Growth,320,No,0,,,0,0,0,https://www.plivo.com/jobs/,
double-robotics,Double Robotics,Summer 2012,No evidence found,,,,,,,,,,,,,,,,,,Checked: no post-YC Form D matching the founders; no funding statement on website (1 pages) or YC page. LinkedIn/X/Crunchbase need a logged-in browser.,2026-10-01T03:24:57Z,,,,,,https://doublerobotics.com,B2B,Early,11,No,0,,,0,0,0,,
flightfox,Flightfox,Summer 2012,No evidence found,,,,,,,,,,,,,,,,,,Checked: no post-YC Form D matching the founders; no funding statement on website (3 pages) or YC page. LinkedIn/X/Crunchbase need a logged-in browser.,2026-10-01T03:24:59Z,,,,,,http://flightfox.com,B2B,Early,25,No,0,,,0,0,0,https://www.flightfox.com/jobs,
backerkit,BackerKit,Summer 2012,No evidence found,,,,,,,,,0002059521,,,,,,,"Diaspora, Inc",,small Form D 0002059521-25-000002: sold 25000 first sale 2025-09-09 Checked: no post-YC Form D matching the founders; no funding statement on website (10 pages) or YC page. LinkedIn/X/Crunchbase need a logged-in browser.,2026-10-01T03:25:02Z,,,,,,https://backerkit.com,B2B,Growth,42,No,0,lever,0,0,0,0,https://www.backerkit.com/careers,
submittable,Submittable,Summer 2012,Yes,10000000,,2019-07-18,,4,Press (linked from YC company page),https://techcrunch.com/2019/07/18/submittable-series-b/,Submittable raises $10M to help publishers and other organizations manage their submissions • TechCrunch,,,,,,,,,Medium,"Unverified Form D by same-named person: Vincere Systems, LLC 0002035604-24-000001 sold 30000 (first sale 2024-08-26, Waterford); likely a different person. Other stated figure: $5M (https://techcrunch.com/2017/06/13/submittable-series-a/). No matching post-YC Form D found.",2026-10-01T03:24:59Z,2019-07-18,10000000,Press (linked from YC company page),10000000,Yes,https://www.submittable.com/,B2B,Growth,302,No,0,greenhouse,4,4,0,0,https://www.submittable.com/careers,"Chief Technology Officer; Enterprise Account Executive; Head of Sales Enablement; Vice President, Legal"
newsblur,NewsBlur,Summer 2012,No evidence found,,,,,,,,,,,,,,,,,,Checked: no post-YC Form D matching the founders; no funding statement on website (5 pages) or YC page. LinkedIn/X/Crunchbase need a logged-in browser.,2026-10-01T03:25:02Z,,,,,,https://www.newsblur.com,Consumer,Early,1,No,0,,,0,0,0,,
octavewealth,OctaveWealth,Summer 2012,No evidence found,,,,,,,,,,,,,,,,,,Checked: no post-YC Form D matching the founders; no funding statement on website (4 pages) or YC page. LinkedIn/X/Crunchbase need a logged-in browser.,2026-10-01T03:25:00Z,,,,,,https://octavewealth.com,B2B,Early,2,No,0,,,0,0,0,https://octavewealth.com/jobs,
upwave,Upwave,Summer 2012,No evidence found,,,,,,,,,,,,,,,,,,"Unverified Form D by same-named person: TILT Holdings Inc. 0001761510-23-000001 sold 52777458 (first sale 2023-02-15, Phoenix); likely a different person. Unverified Form D by same-named person: TILT Holdings Inc. 0001761510-23-000002 sold 4500000 (first sale 2023-05-15, Phoenix); likely a different person. Unverified Form D by same-named person: TILT Holdings Inc. 0001761510-23-000003 sold 0 (first sale 2019-11-22, Phoenix); likely a different person. Unverified Form D by same-named person: MoviOne, Inc. 0001953503-24-000001 sold 1039993 (first sale 2024-01-17, New York); likely a different person. Checked: no post-YC Form D matching the founders; no funding statement on website (9 pages) or YC page. LinkedIn/X/Crunchbase need a logged-in browser.",2026-10-01T03:25:13Z,,,,,,http://www.upwave.com,B2B,Growth,50,No,0,,,0,0,0,https://www.upwave.com/careers/,
eligible,Eligible,Summer 2012,No evidence found,,,,,,,,,,,,,,,,,,Checked: no post-YC Form D matching the founders; no funding statement on website (4 pages) or YC page. LinkedIn/X/Crunchbase need a logged-in browser.,2026-10-01T03:24:59Z,,,,,,https://eligible.com,Healthcare,Growth,,No,0,,,0,0,0,https://eligible.com/careers,
fundersclub,FundersClub,Summer 2012,No evidence found,,,,,,,,,,,,,,,,,,Checked: no post-YC Form D matching the founders; no funding statement on website (8 pages) or YC page. LinkedIn/X/Crunchbase need a logged-in browser.,2026-10-01T03:25:05Z,,,,,,https://fundersclub.com/,Fintech,Growth,5,No,0,,,0,0,0,,
zentail,Zentail,Summer 2012,No evidence found,,,,,,,,,,,,,,,,,,Checked: no post-YC Form D matching the founders; no funding statement on website (3 pages) or YC page. LinkedIn/X/Crunchbase need a logged-in browser.,2026-10-01T03:25:04Z,,,,,,https://zentail.com,B2B,Growth,30,Yes,3,,,3,0,0,https://www.zentail.com/careers,Software Engineer - Hybrid Preferred; Account Executive - Hybrid; Business Development Representative - Hybrid
mattermost,Mattermost,Summer 2012,Yes,50000000,,,,2,Company website,https://mattermost.com/newsroom/,Mattermost raises $50 million to advance its open source Slack alternative .,,,,,,,,,High,Round date not stated on the source page; assumed post-YC because it is presented as current news. No matching post-YC Form D found.,2026-10-01T03:25:01Z,2019-06-19,50000000,https://mattermost.com/newsroom/ (date printed near the quote),50000000,Yes,http://mattermost.com,B2B,Growth,120,No,0,greenhouse,14,14,7,0,https://mattermost.com/company/careers/,Account Manager - Federal; Commercial Account Manager (UK); GRC Manager; Lead Site Reliability Engineer ; Senior Account Executive (Enterprise) ; Senior Account Executive - Federal (Intelligence Community Focus); Senior Account Executive - Federal (US ARMY); Senior Full Stack Engineer; Senior Full Stack Engineer; Senior Mobile Engineer 
healthsherpa,HealthSherpa,Summer 2012,No evidence found,,,,,,,,,,,,,,,,,,Checked: no post-YC Form D matching the founders; no funding statement on website (5 pages) or YC page. LinkedIn/X/Crunchbase need a logged-in browser.,2026-10-01T03:25:06Z,,,,,,https://healthsherpa.com,Healthcare,Growth,220,No,0,ashby,2,2,0,0,https://app.careerpuck.com/job-board/healthsherpa,Don't See What You're Looking For?; Senior Technical Account Manager
human-dx,Human Dx,Summer 2012,No evidence found,,,,,,,,,,,,,,,,,,Checked: no post-YC Form D matching the founders; no funding statement on website (10 pages) or YC page. LinkedIn/X/Crunchbase need a logged-in browser.,2026-10-01T03:25:09Z,,,,,,http://humandx.org,Healthcare,Growth,11,No,0,,,0,0,0,,
mth-sense,Mth Sense,Summer 2012,No evidence found,,,,,,,,,,,,,,,,,,Checked: no post-YC Form D matching the founders; no funding statement on website (1 pages) or YC page. LinkedIn/X/Crunchbase need a logged-in browser.,2026-10-01T03:25:04Z,,,,,,http://www.mthsense.com/,B2B,Early,11,No,0,,,0,0,0,,
rainforest,Rainforest,Summer 2012,Yes,50000000,,,,2,Company website,https://www.rainforestqa.com/about,Rainforest is a Y Combinator company and has raised $50M+ from top investors..,,,,,,,,,High,"Unverified Form D by same-named person: Bamboo Ecologic Corp 0001844202-23-000001 sold 300000 (first sale 2023-03-02, Sarasota); likely a different person. Round date not stated on the source page; assumed post-YC because it is presented as current news. No matching post-YC Form D found.",2026-10-01T03:25:05Z,,,,50000000,Yes,https://www.rainforestqa.com,B2B,Growth,40,No,0,,,0,0,0,https://www.rainforestqa.com/careers,
classdojo,ClassDojo,Summer 2012,No evidence found,,,,,,,,,,,,,,,,,,Checked: no post-YC Form D matching the founders; no funding statement on website (5 pages) or YC page. LinkedIn/X/Crunchbase need a logged-in browser.,2026-10-01T03:25:09Z,,,,,,http://www.classdojo.com,Education,Early,100,Yes,2,ashby,10,10,2,1,https://www.classdojo.com/jobs/,"0→1 Product Leader; Revenue Product Lead; Monetization Growth Product Manager; School Partnerships Specialist (Contractor — Field-Based); Growth Product Lead, Kids ; Engineering Leader, Platform Engineering; Founding Senior Software Engineer, Developer Experience & AI Platform team; District Sales Lead, Tutor ; IT Lead; Senior Recruiting Partner (Contract)"
gusto,Gusto,Winter 2012,No evidence found,,,,,,,,,,,,,,,,,,Checked: no post-YC Form D matching the founders; no funding statement on website (0 pages) or YC page. LinkedIn/X/Crunchbase need a logged-in browser.,2026-10-01T03:25:05Z,,,,,,https://gusto.com,B2B,Growth,2400,Yes,0,greenhouse,101,101,35,8,,"Account Coordinator (Retirement Sponsor Support); Agentic Operations Architect; AI Operations Program Manager, Benefits; Benefits Advising (Renewals) Leader; Business Development Representative ; Channel Partnerships Manager, Investor Ecosystems (VC & PE); Compensation Partner; Compliance Manager, Broker-Dealer & Investment Adviser; Conversion Operations Associate; Customer Experience Specialist, Health Insurance Benefits"
wave,Wave,Winter 2012,No evidence found,,,,,,,,,,,,,,,,,,Checked: no post-YC Form D matching the founders; no funding statement on website (4 pages) or YC page. LinkedIn/X/Crunchbase need a logged-in browser. National register for SN not checked.,2026-10-01T03:25:39Z,,,,,,https://wave.com,Fintech,Early,1600,No,0,,,0,0,0,https://www.wave.com/careers/index.html,
medmonk,Medmonk,Winter 2012,No evidence found,,,,,,,,,,,,,,,,,,Checked: no post-YC Form D matching the founders; no funding statement on website (4 pages) or YC page. LinkedIn/X/Crunchbase need a logged-in browser.,2026-10-01T03:25:21Z,,,,,,http://medmonk.com,Healthcare,Early,2,No,0,,,0,0,0,https://medmonk.com/careers/,
per-vices,Per Vices,Winter 2012,No evidence found,,,,,,,,,,,,,,,,,,Checked: no post-YC Form D matching the founders; no funding statement on website (4 pages) or YC page. LinkedIn/X/Crunchbase need a logged-in browser. National register for CA not checked.,2026-10-01T03:25:45Z,,,,,,https://www.pervices.com,Industrials,Growth,11,No,0,,,0,0,0,https://www.pervices.com/careers/,
circuithub,CircuitHub,Winter 2012,Yes,35170187,Equity (per Form D; stage not stated),2023-11-07,Plural and Sten Tamkivi,1,SEC Form D,https://www.sec.gov/Archives/edgar/data/1708548/000170854826000003/primary_doc.xml,totalAmountSold: 25472485; totalOfferingAmount: 29361370; dateOfFirstSale: 2026-04-28,0001708548,0001708548-26-000003,25472485,29361370,2026-04-28,Equity,3,"CircuitHub, Inc.",High,"2 post-YC Form D offerings summed: 0001708548-23-000004 $9697702 (2023-11-07), 0001708548-26-000003 $25472485 (2026-04-28) Tier 2 source states $48M (https://www.circuithub.com/post/circuithub-series-a); Form D figure kept.",2026-10-01T03:25:12Z,2026-04-28,25472485,SEC Form D 0001708548-26-000003,35170187,Yes,https://circuithub.com,Industrials,Early,58,Yes,5,ashby,8,8,7,2,https://www.circuithub.com/company/careers,"Full-Stack Robotics Engineer; Production Operator; Haskell Engineer; Mechanical Engineer, Factory Automation; Product Engineer (Operations & Manufacturing Software); Automation System Build Engineer; Full-Stack Robotics/Automation Engineer; Mechanical Engineer - Factory Automation"
screenleap-inc,Screenleap,Winter 2012,No evidence found,,,,,,,,,,,,,,,,,,Checked: no post-YC Form D matching the founders; no funding statement on website (8 pages) or YC page. LinkedIn/X/Crunchbase need a logged-in browser.,2026-10-01T03:25:11Z,,,,,,https://screenleap.com,B2B,Early,4,No,0,,,0,0,0,https://www.screenleap.com/careers,
cleverdeck,CleverDeck,Winter 2012,No evidence found,,,,,,,,,,,,,,,,,,Checked: no post-YC Form D matching the founders; no funding statement on website (1 pages) or YC page. LinkedIn/X/Crunchbase need a logged-in browser.,2026-10-01T03:25:12Z,,,,,,http://cleverdeck.com,Education,Early,1,No,0,,,0,0,0,,
shoptiques,Shoptiques,Winter 2012,No evidence found,,,,,,,,,,,,,,,,,,"Unverified Form D by same-named person: TimbreY Hydrogen Technologies, LLC 0001970567-23-000001 sold 0 (first sale yetToOccur, Highland Park); likely a different person. Checked: no post-YC Form D matching the founders; no funding statement on website (2 pages) or YC page. LinkedIn/X/Crunchbase need a logged-in browser.",2026-10-01T03:25:10Z,,,,,,http://shoptiques.com,Consumer,Growth,51,No,0,,,0,0,0,,
rescale,Rescale,Winter 2012,Yes,55000000,,2021-11-23,,4,Press (linked from YC company page),https://venturebeat.com/2021/11/23/rescale-raises-50m-more-to-meet-demand-for-high-performance-compute/,Rescale raises $55M more to meet demand for high-performance compute | VentureBeat,,,,,,,,,Medium,No matching post-YC Form D found.,2026-10-01T03:25:42Z,2021-11-23,55000000,Press (linked from YC company page),55000000,Yes,https://rescale.com,B2B,Growth,250,Yes,6,ashby,19,19,9,1,https://rescale.com/company/careers/,"Customer Success Engineer - Remote in the US; Enterprise Account Executive (Remote); Principal Security GRC Analyst; Senior Solutions Architect; Director of Accounting; Simulation Engineer, AI/ML Development; Customer Success Engineer, Public Sector; Senior Partner Sales Manager, CSPs; Software Engineer, Backend Engineer; Senior HPC Engineer, Services"
medigram,Medigram,Winter 2012,No evidence found,,,,,,,,,,,,,,,,,,"Unverified Form D by same-named person: Kytopen Corp. 0000929638-24-000725 sold 5691637 (first sale 2024-01-31, Cambridge); likely a different person. Unverified Form D by same-named person: Kytopen Corp. 0000929638-25-000827 sold 7082651 (first sale 2025-02-06, Cambridge); likely a different person. Checked: no post-YC Form D matching the founders; no funding statement on website (3 pages) or YC page. LinkedIn/X/Crunchbase need a logged-in browser.",2026-10-01T03:25:14Z,,,,,,http://medigram.com,Healthcare,Early,11,No,0,,,0,0,0,,
ridecell,Ridecell,Winter 2012,No evidence found,,,,,,,,,,,,,,,,,,Checked: no post-YC Form D matching the founders; no funding statement on website (1 pages) or YC page. LinkedIn/X/Crunchbase need a logged-in browser.,2026-10-01T03:25:14Z,,,,,,https://www.ridecell.com,B2B,Growth,88,Yes,4,,,4,0,0,https://ridecell.com/,Solutions Support Engineer;  Solutions Engineer ; Customer Success Manager  / Sr Manager;  Solutions Engineer 
hireart,HireArt,Winter 2012,Yes,2000000,Convertible note (per Form D; stage not stated),2023-12-05,,1,SEC Form D,https://www.sec.gov/Archives/edgar/data/1714735/000171473523000001/primary_doc.xml,totalAmountSold: 2000000; totalOfferingAmount: 3000000; dateOfFirstSale: 2023-12-05,0001714735,0001714735-23-000001,2000000,3000000,2023-12-05,Debt; OptionToAcquire,1,HireArt Inc.,High,Tier 2 source states $26.25M (https://www.hireart.com/about); Form D figure kept.,2026-10-01T03:25:16Z,2023-12-05,2000000,SEC Form D 0001714735-23-000001,2000000,Yes,http://hireart.com,B2B,Growth,90,No,0,,,0,0,0,https://www.hireart.com/careers,
webflow,Webflow,Summer 2013,Yes,140000000,,,,2,Company website,https://webflow.com/company/media,"Webflow raises $140M, pushing its valuation to $2.1 billion.",,,,,,,,,High,Manual review: $2.1B is the valuation; the round was $140M.,2026-10-01T03:25:15Z,,,,140000000,Yes,https://webflow.com,B2B,Growth,600,Yes,3,greenhouse,26,26,12,2,https://webflow.com/company/careers,"Account Executive, EMEA (Germany); Corporate Account Executive - West; IT Support Specialist; Lead Solutions Engineer - Central / East; Partner Manager, EMEA (French Speaking); Sales Development Representative (German Speaking) ; Sales Development Representative (SDR); Sales Development Representative (SDR), EMEA; Senior Developer Educator; Senior Forward Deployed Engineer"
true-link,True Link,Summer 2013,Yes,35000000,Series B,,Khosla Ventures and Centana Growth Partners.,2,Company website,https://www.truelinkfinancial.com/in-the-news,True Link raises $35 million Series B led by Khosla Ventures and Centana Growth Partners.,,,,,,,,,High,Round date not stated on the source page; assumed post-YC because it is presented as current news. Other stated figure: $3.6m (https://www.truelinkfinancial.com/in-the-news). No matching post-YC Form D found.,2026-10-01T03:25:18Z,2022-01-19,35000000,https://www.truelinkfinancial.com/in-the-news (date printed near the quote),35000000,Yes,https://www.truelinkfinancial.com/,Fintech,Growth,100,No,0,ashby,2,2,0,0,https://www.truelinkfinancial.com/about-us/careers,"Principal Product Designer; Senior Investment Advisor, Business Development - California Fiduciaries"
reebee,Reebee,Summer 2013,No evidence found,,,,,,,,,,,,,,,,,,Checked: no post-YC Form D matching the founders; no funding statement on website (10 pages) or YC page. LinkedIn/X/Crunchbase need a logged-in browser. National register for CA not checked.,2026-10-01T03:25:14Z,,,,,,http://reebee.com,Consumer,Early,11,No,0,,,0,0,0,,
lob,Lob,Summer 2013,Yes,82300000,,,,2,Company website,https://www.lob.com/about,We’ve raised $82.3M from investors who are as excited about revolutionizing direct mail as we are..,,,,,,,,,High,Round date not stated on the source page; assumed post-YC because it is presented as current news. Other stated figure: $80 million (https://www.lob.com/news/lob-raises-50-million-in-series-c-funding-to-scale-its-direct-mail-platform). No matching post-YC Form D found.,2026-10-01T03:25:20Z,,,,82300000,Yes,http://lob.com,B2B,Growth,150,Yes,0,greenhouse,5,5,0,0,https://www.lob.com/careers,Business Operations Manager 	; Customer Success Manager - Strategic Support; Enterprise Account Executive; Revenue Strategy & Operations Manager; Senior Accountant
panorama-education,Panorama Education,Summer 2013,Yes,5030650,Series C (Equity per Form D),2023-02-15,,1,SEC Form D,https://www.sec.gov/Archives/edgar/data/1590614/000159061423000001/primary_doc.xml,totalAmountSold: 5030650; totalOfferingAmount: 5780754; dateOfFirstSale: 2023-02-15,0001590614,0001590614-23-000001,5030650,5780754,2023-02-15,Equity,21,"Panorama Education, Inc.",High,Tier 4 source states $60M (https://techcrunch.com/2021/09/02/panorama-raises-60m-in-general_atlantic-led-series-c/); Form D figure kept.,2026-10-01T03:25:17Z,2023-02-15,5030650,SEC Form D 0001590614-23-000001,5030650,Yes,https://www.panoramaed.com/,Education,Growth,350,No,0,,,0,0,0,,
cratejoy,Cratejoy,Summer 2013,No evidence found,,,,,,,,,,,,,,,,,,Checked: no post-YC Form D matching the founders; no funding statement on website (8 pages) or YC page. LinkedIn/X/Crunchbase need a logged-in browser.,2026-10-01T03:25:25Z,,,,,,http://cratejoy.com,B2B,Growth,51,No,0,,,0,0,0,,
estimote-inc,"Estimote, Inc.",Summer 2013,No evidence found,,,,,,,,,,,,,,,,,,Checked: no post-YC Form D matching the founders; no funding statement on website (1 pages) or YC page. LinkedIn/X/Crunchbase need a logged-in browser. National register for PL not checked.,2026-10-01T03:26:18Z,,,,,,http://estimote.com,B2B,Growth,40,No,0,,,0,0,0,https://estimote.com/,
easypost,EasyPost,Summer 2013,No evidence found,,,,,,,,,,,,,,,,,,"Unverified Form D by same-named person: Simpler Postage, Inc. 0002058813-25-000001 sold 19999939 (first sale 2025-01-31, Lehi); likely a different person. Checked: no post-YC Form D matching the founders; no funding statement on website (4 pages) or YC page. LinkedIn/X/Crunchbase need a logged-in browser.",2026-10-01T03:25:26Z,,,,,,http://easypost.com,B2B,Growth,51,No,0,lever,1,1,0,0,https://www.easypost.com/careers/,Senior Partnership Account Executive
asseta,Asseta,Summer 2013,No evidence found,,,,,,,,,,,,,,,,,,Checked: no post-YC Form D matching the founders; no funding statement on website (2 pages) or YC page. LinkedIn/X/Crunchbase need a logged-in browser.,2026-10-01T03:25:18Z,,,,,,http://www.asseta.com,B2B,Early,4,No,0,,,0,0,0,,
7cups,7cups,Summer 2013,No evidence found,,,,,,,,,,,,,,,,,,Checked: no post-YC Form D matching the founders; no funding statement on website (4 pages) or YC page. LinkedIn/X/Crunchbase need a logged-in browser.,2026-10-01T03:25:26Z,,,,,,http://7cups.com,Healthcare,Early,11,No,0,,,0,0,0,,
fivetran,Fivetran,Winter 2013,No evidence found,,,,,,,,,,,,,,,,,,Checked: no post-YC Form D matching the founders; no funding statement on website (8 pages) or YC page. LinkedIn/X/Crunchbase need a logged-in browser.,2026-10-01T03:25:22Z,,,,,,http://fivetran.com,B2B,Growth,1200,No,0,greenhouse,187,187,81,11,https://www.fivetran.com/careers,"Account Executive, Enterprise; Account Executive, Enterprise; Account Executive, Enterprise; Account Executive, Enterprise; Account Executive, Enterprise; Accounts Payable Analyst; Analyst, GTM Analytics; Business Development Rep, Commercial; Business Development Representative; Business Development Representative (Austin)"
watsi,Watsi,Winter 2013,No evidence found,,,,,,,,,,,,,,,,,,Checked: no post-YC Form D matching the founders; no funding statement on website (9 pages) or YC page. LinkedIn/X/Crunchbase need a logged-in browser.,2026-10-01T03:25:25Z,,,,,,https://watsi.org,Healthcare,Early,11,No,0,,,0,0,0,,
goldbelly,Goldbelly,Winter 2013,Yes,3000000,,,,2,Company website,https://www.goldbelly.com/press,Goldbelly Eats Up $3 Million in Funding.,,,,,,,,,High,Round date not stated on the source page; assumed post-YC because it is presented as current news. Other stated figure: $100 Million (https://www.nytimes.com/2021/05/17/business/dealbook/goldbelly-food-pandemic.html). No matching post-YC Form D found.,2026-10-01T03:25:24Z,,,,3000000,Yes,https://www.goldbelly.com/,Consumer,Growth,125,Yes,0,,,0,0,0,https://www.goldbelly.com/jobs,
wevorce,Wevorce,Winter 2013,No evidence found,,,,,,,,,,,,,,,,,,Checked: no post-YC Form D matching the founders; no funding statement on website (0 pages) or YC page. LinkedIn/X/Crunchbase need a logged-in browser.,2026-10-01T03:25:19Z,,,,,,http://wevorce.com,Consumer,Growth,11,No,0,,,0,0,0,,
wefunder,Wefunder,Winter 2013,Yes,4936125,SAFE (per Form D; stage not stated),2020-11-09,,1,SEC Form D,https://www.sec.gov/Archives/edgar/data/1641389/000164138924000006/primary_doc.xml,totalAmountSold: 2130500; totalOfferingAmount: Indefinite; dateOfFirstSale: 2023-12-27,0001641389,0001641389-24-000006,2130500,Indefinite,2023-12-27,Other; Other: SAFE Interests,4,"WEFUNDER, INC.",High,"5 post-YC Form D offerings summed: 0001641389-24-000002 $906827 (2020-11-09), 0001641389-24-000007 $415492 (2021-04-28), 0001641389-24-000003 $460000 (2022-05-05), 0001641389-24-000005 $1023306 (2022-08-24), 0001641389-24-000006 $2130500 (2023-12-27)",2026-10-01T03:25:26Z,2023-12-27,2130500,SEC Form D 0001641389-24-000006,4936125,Yes,http://wefunder.com,Fintech,Growth,35,Yes,9,,,9,0,0,,"Full Stack Product Engineer; Lead Designer ; Founder-in-Residence ; Head of Sales, Syndicates; Curator of Gatherings; Chief Operating Officer; Internships; Visual & Micro-Interaction Designer; Internship - Customer Success"
simplyinsured,SimplyInsured,Winter 2013,No evidence found,,,,,,,,,,,,,,,,,,Checked: no post-YC Form D matching the founders; no funding statement on website (5 pages) or YC page. LinkedIn/X/Crunchbase need a logged-in browser.,2026-10-01T03:25:29Z,,,,,,http://simplyinsured.com,Healthcare,Growth,35,Yes,5,,,5,0,0,https://get.simplyinsured.com/careers,Senior Full-Stack Software Engineer; Full Stack Engineer; Quality Assurance Engineer; Quality Assurance Engineer; Senior Product Manager
experiment,Experiment,Winter 2013,No evidence found,,,,,,,,,,,,,,,,,,Checked: no post-YC Form D matching the founders; no funding statement on website (9 pages) or YC page. LinkedIn/X/Crunchbase need a logged-in browser.,2026-10-01T03:25:34Z,,,,,,http://experiment.com,Healthcare,Early,1,No,0,,,0,0,0,https://experiment.com/jobs,
radar,RADAR,Winter 2013,No evidence found,,,,,,,,,,,,,,,,,,"Unverified Form D by same-named person: Automaton, Inc. 0001231919-23-000031 sold 1360000 (first sale 2020-10-22, New York); likely a different person. Unverified Form D by same-named person: Automaton, Inc. 0001231919-23-000033 sold 28451385 (first sale 2022-06-21, New York); likely a different person. Unverified Form D by same-named person: Automaton, Inc. 0001231919-23-000032 sold 14950000 (first sale 2021-05-26, New York); likely a different person. Unverified Form D by same-named person: Automaton, Inc. 0001231919-25-000027 sold 15000000 (first sale 2023-11-30, New York); likely a different person. Unverified Form D by same-named person: Automaton, Inc. 0001231919-25-000028 sold 19700000 (first sale 2024-07-11, New York); likely a different person. Checked: no post-YC Form D matching the founders; no funding statement on website (1 pages) or YC page. LinkedIn/X/Crunchbase need a logged-in browser.",2026-10-01T03:25:30Z,,,,,,https://goradar.com,B2B,Early,120,Yes,7,greenhouse,7,7,1,0,https://goradar.com/jobs/,"Accounting Manager; Customer Support Specialist; Human Resources Business Partner; Lead, Field Maintenance Support; Manager, Strategic Operations; Staff Software Technical Program Manager, Platform; Systems Engineer"
lollipuff,Lollipuff,Winter 2013,No evidence found,,,,,,,,,,,,,,,,,,Checked: no post-YC Form D matching the founders; no funding statement on website (6 pages) or YC page. LinkedIn/X/Crunchbase need a logged-in browser.,2026-10-01T03:25:35Z,,,,,,http://lollipuff.com,Consumer,Early,11,No,0,,,0,0,0,,
strikingly,Strikingly,Winter 2013,No evidence found,,,,,,,,,,,,,,,,,,Checked: no post-YC Form D matching the founders; no funding statement on website (2 pages) or YC page. LinkedIn/X/Crunchbase need a logged-in browser. National register for CN not checked.,2026-10-01T03:25:32Z,,,,,,https://www.strikingly.com,B2B,Growth,99,No,0,,,0,0,0,,
influxdata,InfluxData,Winter 2013,Yes,51341097,Equity (per Form D; stage not stated),2022-11-18,,1,SEC Form D,https://www.sec.gov/Archives/edgar/data/1627256/000162725623000001/primary_doc.xml,totalAmountSold: 51341097; totalOfferingAmount: 75000000; dateOfFirstSale: 2022-11-18,0001627256,0001627256-23-000001,51341097,75000000,2022-11-18,Equity,14,InfluxData Inc.,High,,2026-10-01T03:25:46Z,2022-11-18,51341097,SEC Form D 0001627256-23-000001,51341097,Yes,https://influxdata.com,B2B,Growth,210,Yes,0,ashby,5,5,2,0,https://www.influxdata.com/careers/,"Director of Finance; Associate Sales Engineer; Software Engineer, Database Reliability & Performance; Commercial Account Manager; Commercial Account Executive"
etleap,Etleap,Winter 2013,No evidence found,,,,,,,,,,,,,,,,,,Checked: no post-YC Form D matching the founders; no funding statement on website (9 pages) or YC page. LinkedIn/X/Crunchbase need a logged-in browser.,2026-10-01T03:25:31Z,,,,,,https://etleap.com,B2B,Early,11,Yes,4,,,4,0,0,https://etleap.com/careers,Software Engineer - Integrations South America (remote); DevOps Engineer Latin America (remote); Account Executive; Senior Software Engineer - San Francisco (Onsite) 
cheetah,Cheetah,Winter 2013,No evidence found,,,,,,,,,,,,,,,,,,Checked: no post-YC Form D matching the founders; no funding statement on website (0 pages) or YC page. LinkedIn/X/Crunchbase need a logged-in browser.,2026-10-01T03:25:26Z,,,,,,http://gocheetah.com,B2B,Growth,2,No,0,,,0,0,0,,
lawdingo,Lawdingo,Winter 2013,No evidence found,,,,,,,,,,,,,,,,,,Checked: no post-YC Form D matching the founders; no funding statement on website (0 pages) or YC page. LinkedIn/X/Crunchbase need a logged-in browser.,2026-10-01T03:25:29Z,,,,,,http://lawdingo.com,Consumer,Early,,No,0,,,0,0,0,,
padlet,Padlet,Winter 2013,No evidence found,,,,,,,,,,,,,,,,,,Checked: no post-YC Form D matching the founders; no funding statement on website (0 pages) or YC page. LinkedIn/X/Crunchbase need a logged-in browser.,2026-10-01T03:25:28Z,,,,,,https://padlet.com,B2B,Growth,65,Yes,0,ashby,18,18,4,0,,Software Engineer – Mobile; Software Engineer – Mobile; Software Engineer – Frontend / Backend / Fullstack; Software Engineer – Frontend / Backend / Fullstack; Senior Product Designer; Head of Design; Business Development Representative (BDR); Product Designer; A Job Not Listed Here; A Job Not Listed Here
circuitlab,CircuitLab,Winter 2013,No evidence found,,,,,,,,,,,,,,,,,,"Unverified Form D by same-named person: KeyCare, Inc. 0001898572-26-000002 sold 1725000 (first sale 2026-08-31, Chicago); likely a different person. Checked: no post-YC Form D matching the founders; no funding statement on website (6 pages) or YC page. LinkedIn/X/Crunchbase need a logged-in browser.",2026-10-01T03:25:42Z,,,,,,https://www.circuitlab.com/,B2B,Early,2,No,0,,,0,0,0,,
styleup,StyleUp,Winter 2013,No evidence found,,,,,,,,,,,,,,,,,,Checked: no post-YC Form D matching the founders; no funding statement on website (10 pages) or YC page. LinkedIn/X/Crunchbase need a logged-in browser.,2026-10-01T03:25:38Z,,,,,,http://thestyleup.com,Consumer,Early,10,No,0,,,0,0,0,https://thestyleup.com/careers,
checkr,Checkr,Summer 2014,Yes,61096134,Equity (per Form D; stage not stated),2025-05-01,,1,SEC Form D,https://www.sec.gov/Archives/edgar/data/1923096/000192309625000002/primary_doc.xml,totalAmountSold: 61096134; totalOfferingAmount: 62898242; dateOfFirstSale: 2025-05-01,0001923096,0001923096-25-000002,61096134,62898242,2025-05-01,Equity,44,"Checkr Group, Inc.",High,,2026-10-01T03:25:41Z,2025-05-01,61096134,SEC Form D 0001923096-25-000002,61096134,Yes,http://www.checkr.com,B2B,Growth,800,Yes,14,greenhouse,50,50,12,4,https://checkr.com/company/careers,"Accounts Receivable Lead; Associate Manager, Operations; Background Screening Specialist; Business Systems Analyst, Sales AI & Automation; Corporate Counsel; Customer Support Associate; Director of Customer Success; Director of Tax; Drug & Occupational Health Screening Investigator; Drug & Occupational Health Screening Specialist"
shipbob,ShipBob,Summer 2014,Yes,330500000,,,,2,Company website,https://www.shipbob.com/press/,"With the current round, ShipBob has raised $330.5 million..",,,,,,,,,High,Round date not stated on the source page; assumed post-YC because it is presented as current news. Other stated figure: $200M (https://www.shipbob.com/press/). No matching post-YC Form D found.,2026-10-01T03:25:39Z,2021-06-11,330500000,https://www.shipbob.com/press/ (date printed near the quote),330500000,No,http://shipbob.com,B2B,Growth,1,Yes,1,,,1,0,0,https://www.shipbob.com/careers/,"Applied AI Engineer, Agentic Systems"
bayes-impact,Bayes Impact,Summer 2014,No evidence found,,,,,,,,,,,,,,,,,,Checked: no post-YC Form D matching the founders; no funding statement on website (2 pages) or YC page. LinkedIn/X/Crunchbase need a logged-in browser. National register for FR not checked.,2026-10-01T03:26:48Z,,,,,,http://bayesimpact.org,Unspecified,Early,11,No,0,,,0,0,0,,
helion-energy,Helion Energy,Summer 2014,Yes,500000000,,,,2,Company website,https://www.helionenergy.com/blog/announcing-500-million-fundraise,"We are excited to announce that Helion has raised $500 million from Sam Altman with participation from our other existing investors, Mithril Capital, Capricorn",,,,,,,,,High,Round date not stated on the source page; assumed post-YC because it is presented as current news. Other stated figure: $465M (https://techcrunch.com/2026/06/04/helion-the-sam-altman-backed-fusion-startup-raises-465m-to-build-a-power-plant-for-microsoft/?utm_source=dlvr.it&utm_medium=twitter). No matching post-YC Form D found.,2026-10-01T03:25:43Z,2021-12-05,500000000,https://www.helionenergy.com/blog/announcing-500-million-fundraise (date printed near the quote),500000000,No,http://helionenergy.com,Industrials,Growth,150,No,0,ashby,70,70,39,8,https://www.helionenergy.com/careers,Principal Compensation Partner; R&D Hardware Test & Development Manager; Senior Technologist - Materials; Senior Electrical Engineer; Senior Power Electronics Engineer; Principal Experimental Scientist; Principal Nuclear Materials Engineer; HERCULES Proposal Submission Form ; High Voltage Test Technician ; Electrical Engineer
front,Front,Summer 2014,No evidence found,,,,,,,,,,,,,,,,,,Checked: no post-YC Form D matching the founders; no funding statement on website (13 pages) or YC page. LinkedIn/X/Crunchbase need a logged-in browser.,2026-10-01T03:25:45Z,,,,,,https://front.com,B2B,Growth,385,No,0,ashby,9,9,4,3,https://front.com/jobs,AI Engineering Manager (Core AI Platform); Senior Design Engineer; Senior Product Manager - AI ; Senior Solutions Engineer; Head of Product Design; Senior Product Manager - AI ; Senior Solutions Engineer; Senior Account Manager; Senior Account Manager
roomstorm,Roomstorm,Summer 2014,No evidence found,,,,,,,,,,,,,,,,,,Checked: no post-YC Form D matching the founders; no funding statement on website (10 pages) or YC page. LinkedIn/X/Crunchbase need a logged-in browser. National register for CZ not checked.,2026-10-01T03:25:39Z,,,,,,http://roomstorm.com,Consumer,Early,4,No,0,,,0,0,0,,
hive,Hive,Summer 2014,No evidence found,,,,,,,,,,,,,,,,,,Checked: no post-YC Form D matching the founders; no funding statement on website (4 pages) or YC page. LinkedIn/X/Crunchbase need a logged-in browser. National register for CA not checked.,2026-10-01T03:25:45Z,,,,,,http://www.hive.co,B2B,Early,65,Yes,3,ashby,1,3,0,0,https://www.hive.co:443/careers,"Manager, Customer Success"
spotangels,SpotAngels,Summer 2014,No evidence found,,,,,,,,,,,,,,,,,,Checked: no post-YC Form D matching the founders; no funding statement on website (3 pages) or YC page. LinkedIn/X/Crunchbase need a logged-in browser.,2026-10-01T03:25:42Z,,,,,,http://www.spotangels.com,Consumer,Early,11,No,0,,,0,0,0,,
usergems,UserGems,Summer 2014,No evidence found,,,,,,,,,,,,,,,,,,Checked: no post-YC Form D matching the founders; no funding statement on website (6 pages) or YC page. LinkedIn/X/Crunchbase need a logged-in browser. National register for AT not checked.,2026-10-01T03:25:44Z,,,,,,https://www.usergems.com,B2B,Growth,100,No,0,greenhouse,5,5,2,0,https://www.usergems.com/careers,Account Development Rep II; Senior Account Executive ; Senior Security Engineer; Sr. Full Stack Software Engineer; VP of Sales
sfox,SFOX,Summer 2014,Yes,22700000,,,,2,Company website,https://www.sfox.com/company/,2018 sFOX raises $22.7 million to build the first institutional crypto asset management platform..,,,,,,,,,High,Round date not stated on the source page; assumed post-YC because it is presented as current news. No matching post-YC Form D found.,2026-10-01T03:25:48Z,,,,22700000,Yes,http://sfox.com,Fintech,Growth,60,No,0,,,0,0,0,,
picnicai,PicnicAI,Summer 2014,Yes,60000000,,2022-06-27,,4,Press (linked from YC company page),https://www.fiercebiotech.com/medtech/picnichealth-feasts-60m-funding-round-grow-its-patient-data-programs,PicnicHealth feasts on $60M funding round to grow its patient data programs,,,,,,,,,Medium,No matching post-YC Form D found.,2026-10-01T03:25:46Z,2022-06-27,60000000,Press (linked from YC company page),60000000,Yes,https://picnic.ai,Healthcare,Growth,100,Yes,0,,,0,0,0,https://picnic.ai/careers,
permutive,Permutive,Summer 2014,Yes,75000000,,2021-11-02,,4,Press (linked from YC company page),https://www.businessinsider.com/permutive-softbank-75-million-series-c-fundraise-2021-11,Permutive Raised $75 Million From SoftBank,,,,,,,,,Medium,No matching post-YC Form D found.,2026-10-01T03:25:51Z,2021-11-02,75000000,Press (linked from YC company page),75000000,Yes,https://permutive.com,B2B,Growth,205,No,0,ashby,2,2,0,0,,Technical Services Manager; Financial Controller
alchemy,Alchemy,Summer 2014,No evidence found,,,,,,,,,,,,,,,,,,Checked: no post-YC Form D matching the founders; no funding statement on website (4 pages) or YC page. LinkedIn/X/Crunchbase need a logged-in browser. National register for CA not checked.,2026-10-01T03:25:51Z,,,,,,http://www.alchemynano.com,Industrials,Early,25,No,0,ashby,19,19,8,0,https://www.alchemynano.com/careers,"Cloud Infrastructure Engineer ; Controller; Account Executive, Commercial; Software Engineer - Solutions; Principal Backend Software Engineer; Account Executive, Solana; Account Executive, Enterprise ; Senior Product Designer; Senior Product Manager, Growth; Revenue Operations Lead "
mtailor,MTailor,Summer 2014,No evidence found,,,,,,,,,,,,,,,,,,Checked: no post-YC Form D matching the founders; no funding statement on website (0 pages) or YC page. LinkedIn/X/Crunchbase need a logged-in browser.,2026-10-01T03:25:43Z,,,,,,http://mtailor.com,Consumer,Growth,11,No,0,,,0,0,0,,
metricwire,MetricWire,Summer 2014,No evidence found,,,,,,,,,,,,,,,,,,"Unverified Form D by same-named person: Tally Surgical, Inc. 0001806896-23-000001 sold 490000 (first sale 2023-09-25, Mission Viejo); likely a different person. Unverified Form D by same-named person: Tally Surgical, Inc. 0001806896-24-000002 sold 7189998 (first sale 2024-04-15, Irvine); likely a different person. Checked: no post-YC Form D matching the founders; no funding statement on website (3 pages) or YC page. LinkedIn/X/Crunchbase need a logged-in browser. National register for CA not checked.",2026-10-01T03:25:54Z,,,,,,http://metricwire.com,Healthcare,Early,3,No,0,,,0,0,0,,
protocol-labs,Protocol Labs,Summer 2014,No evidence found,,,,,,,,,,,,,,,,,,Checked: no post-YC Form D matching the founders; no funding statement on website (3 pages) or YC page. LinkedIn/X/Crunchbase need a logged-in browser.,2026-10-01T03:26:43Z,,,,,,https://protocol.ai/,B2B,Growth,130,No,0,,,0,0,0,https://pl.xyz/join,
greentoe,Greentoe,Summer 2014,No evidence found,,,,,,,,,,,,,,,,,,Checked: no post-YC Form D matching the founders; no funding statement on website (4 pages) or YC page. LinkedIn/X/Crunchbase need a logged-in browser.,2026-10-01T03:25:51Z,,,,,,http://greentoe.com,Consumer,Early,5,No,0,,,0,0,0,,
hyperpad,Hyperpad,Summer 2014,No evidence found,,,,,,,,,,,,,,,,,,Checked: no post-YC Form D matching the founders; no funding statement on website (2 pages) or YC page. LinkedIn/X/Crunchbase need a logged-in browser. National register for CA not checked.,2026-10-01T03:25:50Z,,,,,,http://www.hyperpad.com,Consumer,Early,4,No,0,,,0,0,0,,
flaviar,Flaviar,Summer 2014,No evidence found,,,,,,,,,,,,,,,,,,Checked: no post-YC Form D matching the founders; no funding statement on website (6 pages) or YC page. LinkedIn/X/Crunchbase need a logged-in browser. National register for SI not checked.,2026-10-01T03:25:55Z,,,,,,https://flaviar.com,Consumer,Growth,60,No,0,,,0,0,0,https://flaviar.com/pages/bourbon-subscription,
cleartax,Clear,Summer 2014,No evidence found,,,,,,,,,,,,,,,,,,Checked: no post-YC Form D matching the founders; no funding statement on website (1 pages) or YC page. LinkedIn/X/Crunchbase need a logged-in browser. National register for IN not checked.,2026-10-01T03:26:24Z,,,,,,https://clear.in/,Fintech,Growth,900,No,0,greenhouse,48,48,21,1,,"Customer Success Director - Healthcare (C1 - B2B); Data Engineer II, Analytics & Modeling ; Director, Engineering (Web & Mobile); Director, Sales Performance and Enablement (Airport Operations); Director, Technical Recruiting; Engineering Manager, Infrastructure; Enterprise Account Executive (C1 - B2B); Enterprise Account Executive (C1 - B2B); Enterprise Account Executive (C1 - B2B); Enterprise Account Executive (C1 - B2B)"
backpack,Backpack,Summer 2014,No evidence found,,,,,,,,,,,,,,,,,,Checked: no post-YC Form D matching the founders; no funding statement on website (6 pages) or YC page. LinkedIn/X/Crunchbase need a logged-in browser.,2026-10-01T03:25:54Z,,,,,,http://backpackbang.com,Consumer,Early,2,No,0,,,0,0,0,https://backpackbang.com/careers,
algolia,Algolia,Winter 2014,Yes,184000000,,,,2,YC company/launch page,https://www.ycombinator.com/companies/algolia,"Founded in 2012, we're backed by $184M in funding from Accel Partners, Alven Capital, Point Nine Capital and Storm Ventures.",,,,,,,,,High,Round date not stated on the source page; assumed post-YC because it is presented as current news. Other stated figure: $150 million (https://techcrunch.com/2021/07/28/search-api-startup-algolia-raises-150-million-at-2-25-billion-valuation/). No matching post-YC Form D found.,2026-10-01T03:25:54Z,,,,184000000,Yes,http://www.algolia.com,B2B,Growth,810,Yes,0,greenhouse,36,36,16,3,https://www.algolia.com/careers,"Account Manager - Dutch speaking ; Account Manager - Dutch speaking ; Account Manager - Dutch speaking ; Business Development Representative; Business Development Representative - Dutch Speaker ; Business Development Representative - Dutch Speaker ; Channel Solutions Engineer; Commercial Account Executive, DACH; Commercial Account Executive, DACH; Commercial Account Executive, DACH"
bellabeat,Bellabeat,Winter 2014,No evidence found,,,,,,,,,,,,,,,,,,Checked: no post-YC Form D matching the founders; no funding statement on website (10 pages) or YC page. LinkedIn/X/Crunchbase need a logged-in browser.,2026-10-01T03:25:51Z,,,,,,http://bellabeat.com,Consumer,Growth,134,No,0,,,0,0,0,http://bellabeat.com/careers,
flexport,Flexport,Winter 2014,Yes,260000000,,2024-01-19,,4,Press (linked from YC company page),https://www.freightwaves.com/news/flexport-raises-260m-from-shopify,Flexport raises $260M from Shopify - FreightWaves,,,,,,,,,Medium,"Unverified Form D by same-named person: Lumen, Inc. 0001638955-23-000001 sold 450000 (first sale 2023-01-11, Portland); likely a different person. No matching post-YC Form D found.",2026-10-01T03:25:58Z,2024-01-19,260000000,Press (linked from YC company page),260000000,No,https://www.flexport.com/careers/jobs/,B2B,Growth,3000,Yes,0,greenhouse,204,204,23,2,,"3PL Customer Success Manager ; Account Executive; Account Executive; Account Executive ; Account Executive ; Account Executive, Enterprise; Account Executive, Enterprise; Account Executive, Enterprise; Account Executive, Enterprise; Account Executive III (Farmer)"
immunity-project,Immunity Project,Winter 2014,No evidence found,,,,,,,,,,,,,,,,,,"Unverified Form D by same-named person: Apex Technology, Inc. 0001952065-23-000002 sold 15558757 (first sale 2023-06-16, Culver City); likely a different person. Unverified Form D by same-named person: Apex Technology, Inc. 0001952065-24-000001 sold 71877425 (first sale 2024-05-24, Culver City); likely a different person. Unverified Form D by same-named person: Apex Technology, Inc. 0001952065-25-000001 sold 158150000 (first sale 2025-04-16, Los Angeles); likely a different person. Unverified Form D by same-named person: Apex Technology, Inc. 0001213900-25-095601 sold 151900000 (first sale 2025-08-29, Los Angeles); likely a different person. Unverified Form D by same-named person: Apex Technology, Inc. 0001213900-26-080476 sold 156849785 (first sale 2026-04-10, Los Angeles); likely a different person. Checked: no post-YC Form D matching the founders; no funding statement on website (6 pages) or YC page. LinkedIn/X/Crunchbase need a logged-in browser.",2026-10-01T03:25:57Z,,,,,,http://immunityproject.org,Unspecified,Early,11,No,0,,,0,0,0,http://immunityproject.org/jobs,
dyspatch,Dyspatch,Winter 2014,Yes,6000000,Seed,,,2,Company website,https://www.dyspatch.io/press/,"01/25/22 Email Production Platform Dyspatch Raises $6MM Seed Round Led by Gradient Ventures, Google’s AI Fund .",,,,,,,,,High,Round date not stated on the source page; assumed post-YC because it is presented as current news. No matching post-YC Form D found.,2026-10-01T03:25:58Z,,,,6000000,Yes,https://www.dyspatch.io,B2B,Growth,20,No,0,,,0,0,0,https://www.dyspatch.io/about/careers/,
opencurriculum,OpenCurriculum,Winter 2014,No evidence found,,,,,,,,,,,,,,,,,,Checked: no post-YC Form D matching the founders; no funding statement on website (3 pages) or YC page. LinkedIn/X/Crunchbase need a logged-in browser.,2026-10-01T03:25:57Z,,,,,,https://opencurriculum.org,Unspecified,Early,,No,0,,,0,0,0,,
mixerbox,MixerBox,Winter 2014,No evidence found,,,,,,,,,,,,,,,,,,Checked: no post-YC Form D matching the founders; no funding statement on website (3 pages) or YC page. LinkedIn/X/Crunchbase need a logged-in browser.,2026-10-01T03:26:10Z,,,,,,http://mixerbox.com,Consumer,Early,30,No,0,,,0,0,0,,
gbatteries,GBatteries,Winter 2014,No evidence found,,,,,,,,,,,,,,,,,,Checked: no post-YC Form D matching the founders; no funding statement on website (3 pages) or YC page. LinkedIn/X/Crunchbase need a logged-in browser. National register for CA not checked.,2026-10-01T03:25:58Z,,,,,,https://www.gbatteries.com,Industrials,Early,25,No,0,,,0,0,0,https://www.gbatteries.com/careers,
zinc,Zinc,Winter 2014,No evidence found,,,,,,,,,,,,,,,,,,"Unverified Form D by same-named person: Noodoe Group Inc. 0001989163-23-000002 sold 12353239 (first sale 2023-06-09, Houston); likely a different person. Checked: no post-YC Form D matching the founders; no funding statement on website (5 pages) or YC page. LinkedIn/X/Crunchbase need a logged-in browser.",2026-10-01T03:26:35Z,,,,,,http://zinc.com,B2B,Early,10,No,0,,,0,0,0,,
zidisha,Zidisha,Winter 2014,No evidence found,,,,,,,,,,,,,,,,,,Checked: no post-YC Form D matching the founders; no funding statement on website (8 pages) or YC page. LinkedIn/X/Crunchbase need a logged-in browser.,2026-10-01T03:26:10Z,,,,,,https://www.zidisha.org,Fintech,Early,1,No,0,,,0,0,0,,
truevault,TrueVault,Winter 2014,No evidence found,,,,,,,,,,,,,,,,,,Checked: no post-YC Form D matching the founders; no funding statement on website (4 pages) or YC page. LinkedIn/X/Crunchbase need a logged-in browser.,2026-10-01T03:26:00Z,,,,,,https://www.truevault.com,B2B,Early,,No,0,,,0,0,0,,
guesty,Guesty,Winter 2014,Yes,410000000,,,,2,Company website,https://www.guesty.com/press/guesty-acquires-smily-deepening-its-investment-in-frances-booming-short-term-rental-market/,"Backed by $410 million in funding from KKR, Apax Digital Fund, Inovia Capital, DFO Management, Sixth Street Growth, Viola Growth, and Flashpoint, Guesty’s global",0001737974,,,,,,,"Guesty, Inc.",High,small Form D 0001737974-24-000001: sold 70000 first sale 2024-03-18 Round date not stated on the source page; assumed post-YC because it is presented as current news. No matching post-YC Form D found.,2026-10-01T03:26:04Z,,,,410000000,No,http://www.guesty.com,Real Estate and Construction,Growth,700,No,0,,,0,0,0,https://www.guesty.com/careers/,
snapdocs,Snapdocs,Winter 2014,No evidence found,,,,,,,,,,,,,,,,,,Checked: no post-YC Form D matching the founders; no funding statement on website (5 pages) or YC page. LinkedIn/X/Crunchbase need a logged-in browser.,2026-10-01T03:26:06Z,,,,,,http://snapdocs.com,Real Estate and Construction,Growth,285,No,0,ashby,4,4,0,0,https://www.snapdocs.com:443/careers,"Senior Manager, Revenue Marketing - Settlement & Strategic Verticals; Enterprise Account Executive; Controller; Field Marketing Manager"
shoobs,Shoobs,Winter 2014,No evidence found,,,,,,,,,,,,,,,,,,Checked: no post-YC Form D matching the founders; no funding statement on website (3 pages) or YC page. LinkedIn/X/Crunchbase need a logged-in browser.,2026-10-01T03:26:04Z,,,,,,http://shoobs.com,Consumer,Early,5,No,0,,,0,0,0,,
pushbullet,Pushbullet,Winter 2014,No evidence found,,,,,,,,,,,,,,,,,,Checked: no post-YC Form D matching the founders; no funding statement on website (5 pages) or YC page. LinkedIn/X/Crunchbase need a logged-in browser.,2026-10-01T03:26:04Z,,,,,,https://www.pushbullet.com,Consumer,Early,3,No,0,,,0,0,0,,
povio,Povio,Winter 2014,No evidence found,,,,,,,,,,,,,,,,,,Checked: no post-YC Form D matching the founders; no funding statement on website (4 pages) or YC page. LinkedIn/X/Crunchbase need a logged-in browser. National register for SI not checked.,2026-10-01T03:26:02Z,,,,,,http://povio.com,B2B,Growth,250,No,0,,,0,0,0,http://povio.com/careers,
piinpoint,PiinPoint,Winter 2014,No evidence found,,,,,,,,,,,,,,,,,,Checked: no post-YC Form D matching the founders; no funding statement on website (10 pages) or YC page. LinkedIn/X/Crunchbase need a logged-in browser. National register for CA not checked.,2026-10-01T03:26:10Z,,,,,,https://piinpoint.com,B2B,Early,20,Yes,1,,,1,0,0,,Full-Stack Developer
one-degree,One Degree,Winter 2014,No evidence found,,,,,,,,,,,,,,,,,,Checked: no post-YC Form D matching the founders; no funding statement on website (10 pages) or YC page. LinkedIn/X/Crunchbase need a logged-in browser.,2026-10-01T03:26:10Z,,,,,,http://1degree.org,Unspecified,Early,14,No,0,,,0,0,0,https://www.1degree.org/careers,
mbx,MBX,Winter 2014,No evidence found,,,,,,,,,,,,,,,,,,Checked: no post-YC Form D matching the founders; no funding statement on website (0 pages) or YC page. LinkedIn/X/Crunchbase need a logged-in browser.,2026-10-01T03:26:10Z,,,,,,http://us.memebox.com,Consumer,Growth,150,No,0,greenhouse,1,1,0,0,,Vice President of Business Development
emailio,Emailio,Winter 2014,No evidence found,,,,,,,,,,,,,,,,,,Checked: no post-YC Form D matching the founders; no funding statement on website (0 pages) or YC page. LinkedIn/X/Crunchbase need a logged-in browser.,2026-10-01T03:26:04Z,,,,,,http://emailio.com,B2B,Early,5,No,0,,,0,0,0,,
codenow,CodeNow,Winter 2014,No evidence found,,,,,,,,,,,,,,,,,,Checked: no post-YC Form D matching the founders; no funding statement on website (12 pages) or YC page. LinkedIn/X/Crunchbase need a logged-in browser.,2026-10-01T03:26:15Z,,,,,,http://codenow.org,Unspecified,Early,2,No,0,,,0,0,0,https://codenow.org/careers,
codecombat,CodeCombat,Winter 2014,No evidence found,,,,,,,,,,,,,,,,,,Checked: no post-YC Form D matching the founders; no funding statement on website (10 pages) or YC page. LinkedIn/X/Crunchbase need a logged-in browser.,2026-10-01T03:26:07Z,,,,,,https://codecombat.com,Education,Growth,45,No,0,,,0,0,0,,
noora-health,Noora Health,Winter 2014,No evidence found,,,,,,,,,,,,,,,,,,Checked: no post-YC Form D matching the founders; no funding statement on website (4 pages) or YC page. LinkedIn/X/Crunchbase need a logged-in browser.,2026-10-01T03:26:16Z,,,,,,http://noorahealth.org,Healthcare,Early,500,Yes,1,,,1,0,0,https://noorahealth.org/careers/,Lead/Group Product Manager
cambly,Cambly,Winter 2014,No evidence found,,,,,,,,,,,,,,,,,,Checked: no post-YC Form D matching the founders; no funding statement on website (4 pages) or YC page. LinkedIn/X/Crunchbase need a logged-in browser.,2026-10-01T03:26:16Z,,,,,,http://www.cambly.com,Education,Growth,200,Yes,0,ashby,4,4,1,0,https://www.cambly.com:443/careers,Sales Development Representative; Staff Software Engineer; B2B Marketing Manager - Turkey; B2B Marketing Manager - Brazil
aptdeco,AptDeco,Winter 2014,Yes,6150000,Convertible note (per Form D; stage not stated),2021-12-14,,1,SEC Form D,https://www.sec.gov/Archives/edgar/data/1681855/000168185523000001/primary_doc.xml,totalAmountSold: 6150000; totalOfferingAmount: 7000000; dateOfFirstSale: 2021-12-14,0001681855,0001681855-23-000001,6150000,7000000,2021-12-14,Debt; OptionToAcquire,4,"AptDeco, Inc.",High,,2026-10-01T03:26:13Z,2021-12-14,6150000,SEC Form D 0001681855-23-000001,6150000,Yes,https://www.aptdeco.com/,Consumer,Growth,,Yes,3,,,3,0,0,,Partnership Manager - Transportation & Logistics; Customer Care Associate; Marketing Manager
caremessage,CareMessage,Winter 2014,No evidence found,,,,,,,,,,,,,,,,,,Checked: no post-YC Form D matching the founders; no funding statement on website (11 pages) or YC page. LinkedIn/X/Crunchbase need a logged-in browser.,2026-10-01T03:26:33Z,,,,,,http://caremessage.org,Healthcare,Early,45,No,0,ashby,7,7,3,0,https://www.caremessage.org/about-us/careers/,"Strategic Partnerships Director; Engineering Manager, Data & Clinical Integration Teams; Engineering Manager, Messaging & Applications Teams; Senior Product Marketing Manager; Director of Growth; Chief Product and Technology Officer; Senior Data Platform Engineer"
ambition,Ambition,Winter 2014,No evidence found,,,,,,,,,,,,,,,,,,Checked: no post-YC Form D matching the founders; no funding statement on website (7 pages) or YC page. LinkedIn/X/Crunchbase need a logged-in browser.,2026-10-01T03:26:15Z,,,,,,https://ambition.com,B2B,Growth,55,No,0,ashby,1,1,1,0,https://ambition.com/about#careers,Product/Harness Engineer
airhelp,AirHelp,Winter 2014,No evidence found,,,,,,,,,,,,,,,,,,Checked: no post-YC Form D matching the founders; no funding statement on website (3 pages) or YC page. LinkedIn/X/Crunchbase need a logged-in browser. National register for PT not checked.,2026-10-01T03:26:19Z,,,,,,http://www.airhelp.com,Consumer,Growth,350,No,0,,,0,0,0,https://careers.airhelp.com/,
42,42,Winter 2014,No evidence found,,,,,,,,,,,,,,,,,,Checked: no post-YC Form D matching the founders; no funding statement on website (2 pages) or YC page. LinkedIn/X/Crunchbase need a logged-in browser.,2026-10-01T03:26:21Z,,,,,,https://42technologies.com,B2B,Early,,No,0,,,0,0,0,,
grubmarket,GrubMarket,Winter 2015,No evidence found,,,,,,,,,,,,,,,,,,Checked: no post-YC Form D matching the founders; no funding statement on website (1 pages) or YC page. LinkedIn/X/Crunchbase need a logged-in browser.,2026-10-01T03:26:14Z,,,,,,http://grubmarket.com,B2B,Growth,4548,No,0,,,0,0,0,,
razorpay,Razorpay,Winter 2015,No evidence found,,,,,,,,,,,,,,,,,,Checked: no post-YC Form D matching the founders; no funding statement on website (9 pages) or YC page. LinkedIn/X/Crunchbase need a logged-in browser. National register for IN not checked.,2026-10-01T03:26:27Z,,,,,,https://razorpay.com,Fintech,Growth,2700,Yes,3,greenhouse,22,22,1,1,https://razorpay.com/careers/,"Associate Manager, Mid Market Sales; Associate, Mid Market Sales; DevOps Enginer; Group Manager, Banking Solutions; Manager, AEO; Manager, Affordability; Manager, Banking Alliances; Manager, Banking Solutions; Manager, Enterprise Partnership; Product Manager II"
shasqi,Shasqi,Winter 2015,No evidence found,,,,,,,,,,,,,,,,,,Checked: no post-YC Form D matching the founders; no funding statement on website (0 pages) or YC page. LinkedIn/X/Crunchbase need a logged-in browser.,2026-10-01T03:26:15Z,,,,,,,Healthcare,Growth,28,No,0,,,0,0,0,,
mashgin,Mashgin,Winter 2015,No evidence found,,,,,,,,,,,,,,,,,,Checked: no post-YC Form D matching the founders; no funding statement on website (4 pages) or YC page. LinkedIn/X/Crunchbase need a logged-in browser.,2026-10-01T03:26:23Z,,,,,,http://mashgin.com,B2B,Growth,150,Yes,4,lever,14,14,12,3,https://www.mashgin.com/careers,"AI Developer Experience; Builder; Hardware Operations Specialist; Senior Software Engineer; Senior Software Engineer, Backend (AdTech); Senior Software Engineer, Computer Vision and Deep Learning; Senior Software Engineer, Integrations; Senior Software Engineer, Machine Learning and Artificial Intelligence; Senior Software Engineer, Product; Senior Software Engineer, Video"
nimblerx,NimbleRx,Winter 2015,No evidence found,,,,,,,,,,,,,,,,,,Checked: no post-YC Form D matching the founders; no funding statement on website (5 pages) or YC page. LinkedIn/X/Crunchbase need a logged-in browser.,2026-10-01T03:26:22Z,,,,,,http://nimblerx.com,Healthcare,Growth,130,No,0,,,0,0,0,https://www.nimblerx.com/careers,
replika,Replika,Winter 2015,No evidence found,,,,,,,,,,,,,,,,,,Checked: no post-YC Form D matching the founders; no funding statement on website (2 pages) or YC page. LinkedIn/X/Crunchbase need a logged-in browser.,2026-10-01T03:26:24Z,,,,,,https://replika.ai/,Consumer,Growth,28,No,0,,,0,0,0,,
tara-ai,Tara AI,Winter 2015,No evidence found,,,,,,,,,,,,,,,,,,Checked: no post-YC Form D matching the founders; no funding statement on website (0 pages) or YC page. LinkedIn/X/Crunchbase need a logged-in browser.,2026-10-01T03:26:17Z,,,,,,http://www.tara.ai,B2B,Growth,13,No,0,,,0,0,0,,
flip,Flip,Winter 2015,No evidence found,,,,,,,,,,,,,,,,,,Checked: no post-YC Form D matching the founders; no funding statement on website (1 pages) or YC page. LinkedIn/X/Crunchbase need a logged-in browser.,2026-10-01T03:26:21Z,,,,,,http://justflip.com,Consumer,Early,,No,0,greenhouse,13,13,2,1,,"Content & Social Manager; Customer Success Manager; Customer Success Manager; Event Marketing Manager; Head of Security & AI Governance; Implementation Manager, Healthcare; Implementation Manager, Healthcare; Product Manager; Product Manager; Recruiting Coordinator "
x-zell,X-Zell,Winter 2015,No evidence found,,,,,,,,,,,,,,,,,,Checked: no post-YC Form D matching the founders; no funding statement on website (0 pages) or YC page. LinkedIn/X/Crunchbase need a logged-in browser. National register for TH not checked.,2026-10-01T03:26:28Z,,,,,,http://www.x-zell.com,Healthcare,Early,19,No,0,,,0,0,0,,
zenflow,Zenflow,Winter 2015,Yes,19422855,Equity (per Form D; stage not stated),2024-11-01,,1,SEC Form D,https://www.sec.gov/Archives/edgar/data/1718715/000171871524000003/primary_doc.xml,totalAmountSold: 19422855; totalOfferingAmount: 25203352; dateOfFirstSale: 2024-11-01,0001718715,0001718715-24-000003,19422855,25203352,2024-11-01,Equity,36,"Zenflow, Inc.",High,"Form D clarification: ""Total Amount Sold"" includes conversion of outstanding indebtedness in the amount of $6,382,474.",2026-10-01T03:26:26Z,2024-11-01,19422855,SEC Form D 0001718715-24-000003,19422855,Yes,http://zenflow.com,Healthcare,Growth,18,No,0,,,0,0,0,,
tab,Tab,Winter 2015,No evidence found,,,,,,,,,,,,,,,,,,Checked: no post-YC Form D matching the founders; no funding statement on website (1 pages) or YC page. LinkedIn/X/Crunchbase need a logged-in browser.,2026-10-01T03:26:32Z,,,,,,https://www.tab.travel,Consumer,Early,9,Yes,2,,,2,0,0,https://business.tab.travel/?cc=us,Product Engineer; Growth Marketing Lead
meadow,Meadow,Winter 2015,No evidence found,,,,,,,,,,,,,,,,,,Checked: no post-YC Form D matching the founders; no funding statement on website (3 pages) or YC page. LinkedIn/X/Crunchbase need a logged-in browser.,2026-10-01T03:26:38Z,,,,,,https://getmeadow.com,B2B,Early,14,No,0,ashby,6,6,2,0,https://getmeadow.com/jobs,Business Development Representative; Senior Software Engineer; Senior Product Designer; Customer Success Manager; Senior Product Manager; Staff Software Engineer
level-frames,Level Frames,Winter 2015,No evidence found,,,,,,,,,,,,,,,,,,Checked: no post-YC Form D matching the founders; no funding statement on website (3 pages) or YC page. LinkedIn/X/Crunchbase need a logged-in browser.,2026-10-01T03:26:27Z,,,,,,http://levelframes.com,Consumer,Early,5,No,0,,,0,0,0,https://www.levelframes.com/jobs,
industrial-microbes,Industrial Microbes,Winter 2015,Yes,10000000,Seed,,,2,Company website,https://www.imicrobes.com/pressdata/seedround2024,iMicrobes Secures $10M Seed Round to Power Sustainable Biomanufacturing — Industrial Microbes 0 .,,,,,,,,,High,Round date not stated on the source page; assumed post-YC because it is presented as current news. No matching post-YC Form D found.,2026-10-01T03:26:29Z,2024-12-19,10000000,https://www.imicrobes.com/pressdata/seedround2024 (date printed near the quote),10000000,Yes,http://imicrobes.com,Healthcare,Early,12,No,0,,,0,0,0,https://www.imicrobes.com/careers,
giveffect,Giveffect,Winter 2015,No evidence found,,,,,,,,,,,,,,,,,,"Unverified Form D by same-named person: Hightainment Corp 0001376474-26-000408 sold 90000 (first sale 2024-08-06, Tenafly); likely a different person. Checked: no post-YC Form D matching the founders; no funding statement on website (10 pages) or YC page. LinkedIn/X/Crunchbase need a logged-in browser.",2026-10-01T03:26:33Z,,,,,,http://giveffect.com,B2B,Early,,Yes,1,,,1,0,0,https://www.giveffect.com/careers,"Nonprofit Solution Consultant (Hiring in NY, NJ, GA, CA states only)"
ebrandvalue,eBrandvalue,Winter 2015,No evidence found,,,,,,,,,,,,,,,,,,Checked: no post-YC Form D matching the founders; no funding statement on website (3 pages) or YC page. LinkedIn/X/Crunchbase need a logged-in browser.,2026-10-01T03:26:30Z,,,,,,https://www.ebrandvalue.com/,B2B,Early,10,No,0,,,0,0,0,,
quantierra,Quantierra,Winter 2015,No evidence found,,,,,,,,,,,,,,,,,,Checked: no post-YC Form D matching the founders; no funding statement on website (1 pages) or YC page. LinkedIn/X/Crunchbase need a logged-in browser.,2026-10-01T03:26:30Z,,,,,,http://quantierra.com,Real Estate and Construction,Growth,5,No,0,,,0,0,0,,
cleanly,Cleanly,Winter 2015,No evidence found,,,,,,,,,,,,,,,,,,Checked: no post-YC Form D matching the founders; no funding statement on website (1 pages) or YC page. LinkedIn/X/Crunchbase need a logged-in browser.,2026-10-01T03:26:35Z,,,,,,https://cleanly.com,Consumer,Growth,40,No,0,,,0,0,0,https://bynext.co/,
resolve,Resolve,Winter 2015,No evidence found,,,,,,,,,,,,,,,,,,Checked: no post-YC Form D matching the founders; no funding statement on website (7 pages) or YC page. LinkedIn/X/Crunchbase need a logged-in browser.,2026-10-01T03:26:32Z,,,,,,https://www.resolvebim.com,Real Estate and Construction,Early,10,No,0,,,0,0,0,,
makrwatch,Makrwatch,Winter 2015,No evidence found,,,,,,,,,,,,,,,,,,Checked: no post-YC Form D matching the founders; no funding statement on website (1 pages) or YC page. LinkedIn/X/Crunchbase need a logged-in browser.,2026-10-01T03:26:35Z,,,,,,https://www.makrwatch.com,B2B,Early,19,No,0,,,0,0,0,,
teamnote,TeamNote,Winter 2015,No evidence found,,,,,,,,,,,,,,,,,,Checked: no post-YC Form D matching the founders; no funding statement on website (10 pages) or YC page. LinkedIn/X/Crunchbase need a logged-in browser. National register for HK not checked.,2026-10-01T03:26:36Z,,,,,,http://teamnoteapp.com,B2B,Growth,11,No,0,,,0,0,0,http://teamnoteapp.com/careers,
tempo,Tempo,Winter 2015,Yes,220000000,,2021-04-13,,4,Press (linked from YC company page),https://techcrunch.com/2021/04/13/home-gym-startup-tempo-raises-220m-to-meet-surge-in-demand-for-its-workout-device/,Home gym startup Tempo raises $220M to meet surge in demand for its workout device • TechCrunch,,,,,,,,,Medium,No matching post-YC Form D found.,2026-10-01T03:26:56Z,2021-04-13,220000000,Press (linked from YC company page),220000000,No,https://tempo.fit/,Healthcare,Growth,158,Yes,3,greenhouse,6,6,4,0,https://tempo.fit/careers,Controller - Austria; Engineering Technician - Electrical; Engineering Technician- Mechanical ; Purchasing/Material Planner - Contractor ; Staff Materials Engineer; Staff Mechanical Engineer
sirum,SIRUM,Winter 2015,No evidence found,,,,,,,,,,,,,,,,,,Checked: no post-YC Form D matching the founders; no funding statement on website (10 pages) or YC page. LinkedIn/X/Crunchbase need a logged-in browser.,2026-10-01T03:26:35Z,,,,,,http://sirum.org,Unspecified,Early,15,No,0,greenhouse,4,4,0,0,https://sirum.org/careers,"Partnership Manager, Chicago (Contract); Partnership Manager, Chicago (Part-Time Employee); Senior Partnership Manager, Chicago (Contract); Senior Partnership Manager, Chicago (Part-Time Employee)"
sails-co,Sails Co.,Winter 2015,No evidence found,,,,,,,,,,,,,,,,,,"Unverified Form D by same-named person: Fleet Device Management Inc. 0001853446-25-000003 sold 27874993 (first sale 2025-05-09, San Francisco); likely a different person. Checked: no post-YC Form D matching the founders; no funding statement on website (1 pages) or YC page. LinkedIn/X/Crunchbase need a logged-in browser.",2026-10-01T03:26:34Z,,,,,,https://sailsjs.com/about,B2B,Early,4,No,0,,,0,0,0,,
readme,ReadMe,Winter 2015,No evidence found,,,,,,,,,,,,,,,,,,Checked: no post-YC Form D matching the founders; no funding statement on website (5 pages) or YC page. LinkedIn/X/Crunchbase need a logged-in browser.,2026-10-01T03:26:37Z,,,,,,http://readme.com,B2B,Growth,52,No,0,ashby,2,2,1,0,,Forward Deployed Engineer; Technical Customer Success Manager
buildscience,BuildScience,Winter 2015,No evidence found,,,,,,,,,,,,,,,,,,Checked: no post-YC Form D matching the founders; no funding statement on website (1 pages) or YC page. LinkedIn/X/Crunchbase need a logged-in browser.,2026-10-01T03:26:35Z,,,,,,http://www.buildscience.com/,Real Estate and Construction,Early,1,No,0,,,0,0,0,,
platzi,Platzi,Winter 2015,No evidence found,,,,,,,,,,,,,,,,,,Checked: no post-YC Form D matching the founders; no funding statement on website (10 pages) or YC page. LinkedIn/X/Crunchbase need a logged-in browser.,2026-10-01T03:26:49Z,,,,,,https://platzi.com,B2B,Growth,123,No,0,,,0,0,0,https://platzi.com/unete/careers/,
labdoor,Labdoor,Winter 2015,No evidence found,,,,,,,,,,,,,,,,,,Checked: no post-YC Form D matching the founders; no funding statement on website (2 pages) or YC page. LinkedIn/X/Crunchbase need a logged-in browser.,2026-10-01T03:26:38Z,,,,,,https://labdoor.com,Consumer,Growth,11,No,0,,,0,0,0,,
givemetap,GiveMeTap,Winter 2015,No evidence found,,,,,,,,,,,,,,,,,,Checked: no post-YC Form D matching the founders; no funding statement on website (2 pages) or YC page. LinkedIn/X/Crunchbase need a logged-in browser.,2026-10-01T03:26:43Z,,,,,,http://givemetap.com,Consumer,Early,1,No,0,,,0,0,0,https://www.givemetap.com/pages/join-givemetap,
bankjoy,Bankjoy,Winter 2015,No evidence found,,,,,,,,,,,,,,,,,,Checked: no post-YC Form D matching the founders; no funding statement on website (5 pages) or YC page. LinkedIn/X/Crunchbase need a logged-in browser.,2026-10-01T03:26:40Z,,,,,,http://bankjoy.com,Fintech,Growth,60,No,0,ashby,12,12,6,0,https://bankjoy.com/jobs,Quality Assurance Analyst; Lead Android Engineer; Senior Software Engineer - Full Stack - .NET; Senior iOS Engineer; Senior Android Engineer; Director of Partnerships; Senior Account Executive; VP of Systems Engineering - USA; VP of Systems Engineering - Canada; Senior Human Resources Manager 
zeitview,Zeitview,Winter 2015,Yes,55000000,,2023-02-07,,4,Press (linked from YC company page),https://www.axios.com/pro/climate-deals/2023/02/07/dronebase-zeitview-55m-valor-solar-inspections,"DroneBase raises $55M for aerial inspections, rebrands as Zeitview",,,,,,,,,Medium,No matching post-YC Form D found.,2026-10-01T03:26:39Z,2023-02-07,55000000,Press (linked from YC company page),55000000,Yes,https://www.zeitview.com/,Industrials,Growth,200,No,0,,,0,0,0,,
the-human-utility,The Human Utility,Winter 2015,No evidence found,,,,,,,,,,,,,,,,,,Checked: no post-YC Form D matching the founders; no funding statement on website (9 pages) or YC page. LinkedIn/X/Crunchbase need a logged-in browser.,2026-10-01T03:26:42Z,,,,,,https://www.detroitwaterproject.org/,Unspecified,Early,2,No,0,,,0,0,0,https://www.detroitwaterproject.org/careers,
democracy-earth,Democracy Earth,Winter 2015,No evidence found,,,,,,,,,,,,,,,,,,Checked: no post-YC Form D matching the founders; no funding statement on website (10 pages) or YC page. LinkedIn/X/Crunchbase need a logged-in browser. National register for ES not checked.,2026-10-01T03:26:40Z,,,,,,http://democracy.earth/,Unspecified,Early,2,No,0,,,0,0,0,,
numerion-labs,Numerion Labs,Winter 2015,Yes,19794945,Equity (per Form D; stage not stated),2026-03-10,,1,SEC Form D,https://www.sec.gov/Archives/edgar/data/1736153/000123191926000263/primary_doc.xml,totalAmountSold: 19794945; totalOfferingAmount: 35000000; dateOfFirstSale: 2026-03-10,0001736153,0001231919-26-000263,19794945,35000000,2026-03-10,"Equity; Other; Other: Offer and sale of Series D Preferred
Stock and Common Stock issuable upon
conversion thereof. Certain outstanding shares of Common Stock were exchanged for shares of a specific series of Issuer's Preferred Stock for no consideration.",5,"Numerion Labs, Inc.",High,"Unverified Form D by same-named person: Little Doodads Ltd Liability Co 0002003013-23-000001 sold 0 (first sale yetToOccur, New York); likely a different person. Unverified Form D by same-named person: Xanax Girlie Ltd Liability Co 0002003013-24-000001 sold 0 (first sale yetToOccur, New York); likely a different person. Unverified Form D by same-named person: Atomwise Inc. 0001736153-25-000001 sold 44282650 (first sale 2024-03-08, San Francisco); likely a different person.",2026-10-01T03:27:50Z,2026-03-10,19794945,SEC Form D 0001231919-26-000263,19794945,Yes,https://www.numerionlabs.ai,Healthcare,Growth,67,No,0,,,0,0,0,,
bright,Bright,Winter 2015,Yes,32000000,,2023-07-27,,4,Press (linked from YC company page),https://www.axios.com/pro/climate-deals/2023/07/27/bright-31-million-jonah-greenberger-sdg-ifu-solar-mexico,Bright raises $32M to expand rooftop solar in Mexico,,,,,,,,,Medium,No matching post-YC Form D found.,2026-10-01T03:27:29Z,2023-07-27,32000000,Press (linked from YC company page),32000000,Yes,https://www.thinkbright.mx,Industrials,Growth,100,No,0,,,0,0,0,,
magic,Magic,Winter 2015,No evidence found,,,,,,,,,,,,,,,,,,"Unverified Form D by same-named person: JASTLabs Corp 0002131485-26-000001 sold 0 (first sale yetToOccur, Richmond Hill); likely a different person. Checked: no post-YC Form D matching the founders; no funding statement on website (4 pages) or YC page. LinkedIn/X/Crunchbase need a logged-in browser.",2026-10-01T03:27:00Z,,,,,,https://getmagic.com/,B2B,Growth,350,Yes,1,,,1,0,0,https://getmagic.com/careers/,"Account Executive - Global, Remote"
mezmo,Mezmo,Winter 2015,Yes,50000000,,2021-12-06,,4,Press (linked from YC company page),https://venturebeat.com/2021/12/06/logdna-raises-50m-to-bring-full-power-of-observability-data-to-security/,LogDNA raises $50M to bring 'full power' of observability data to security | VentureBeat,,,,,,,,,Medium,No matching post-YC Form D found.,2026-10-01T03:26:45Z,2021-12-06,50000000,Press (linked from YC company page),50000000,Yes,https://www.mezmo.com/,B2B,Growth,172,No,0,,,0,0,0,https://www.mezmo.com/,
akido-labs,Akido Labs,Winter 2015,Yes,84254689,Equity (per Form D; stage not stated),2025-03-11,,1,SEC Form D,https://www.sec.gov/Archives/edgar/data/2063139/000206313925000002/primary_doc.xml,totalAmountSold: 84254689; totalOfferingAmount: 84254689; dateOfFirstSale: 2025-03-11,0002063139,0002063139-25-000002,84254689,84254689,2025-03-11,Equity,94,"Akido Labs, Inc.",High,Tier 4 source states $60 Million (https://www.newcomer.co/p/exclusive-akido-labs-raises-60-million); Form D figure kept.,2026-10-01T03:26:46Z,2025-03-11,84254689,SEC Form D 0002063139-25-000002,84254689,Yes,http://akidolabs.com,Healthcare,Early,1000,No,0,greenhouse,23,23,0,0,https://www.akidolabs.com/careers,Advanced Practice Pharmacist; Behavioral Health Care Manager / Program Manager - Enhanced Care Management; Clinical Pharmacist - Ambulatory Care / COPD Population Health Program; Clinical Review Nurse - Complex Case Management and Prior-Authorization; Community Health Worker - Bakersfield; Community Health Worker - Long Beach; Community Health Worker - Los Angeles; Community Health Worker - San Fernando Valley; Community Health Worker - San Francisco; Community Health Worker - South LA
qventus,Qventus,Winter 2015,Yes,105000000,,,KKR,2,Company website,https://www.qventus.com/company/story-team/,"of our AI-first care operations automation platform, Qventus secured a $105M investment led by KKR with additional participation from investment firms, strategic investors, and",,,,,,,,,High,Round date not stated on the source page; assumed post-YC because it is presented as current news. No matching post-YC Form D found.,2026-10-01T03:26:57Z,,,,105000000,Yes,http://qventus.com,Healthcare,Growth,230,Yes,0,greenhouse,16,16,8,2,https://www.qventus.com/company/working-qventus/,"AI Tooling Engineer; Analytics Program Lead; Area Vice President  Sales-West Region; Business Development Manager; Data Integration Engineer; Forward Deployed AI Solutions Architect ; Implementation Engineer; Lead Product Manager, Application Platform; Principal Product Manager ; Product Operations Lead"
democracyos,DemocracyOS,Winter 2015,No evidence found,,,,,,,,,,,,,,,,,,Checked: no post-YC Form D matching the founders; no funding statement on website (1 pages) or YC page. LinkedIn/X/Crunchbase need a logged-in browser. National register for AR not checked.,2026-10-01T03:26:55Z,,,,,,http://www.democracyos.org,Government,Early,1,No,0,,,0,0,0,https://snaptik.com.lc/,
go1,Go1,Summer 2015,No evidence found,,,,,,,,,,,,,,,,,,Checked: no post-YC Form D matching the founders; no funding statement on website (5 pages) or YC page. LinkedIn/X/Crunchbase need a logged-in browser. National register for AU not checked.,2026-10-01T03:26:58Z,,,,,,https://go1.com,B2B,Growth,650,Yes,0,,,0,0,0,https://www.go1.com/careers,
scentbird,Scentbird,Summer 2015,No evidence found,,,,,,,,,,,,,,,,,,Checked: no post-YC Form D matching the founders; no funding statement on website (5 pages) or YC page. LinkedIn/X/Crunchbase need a logged-in browser.,2026-10-01T03:26:49Z,,,,,,https://www.scentbird.com,Consumer,Growth,165,No,0,,,0,0,0,https://ats.rippling.com/scentbird/jobs,
human-interest,Human Interest,Summer 2015,Yes,62000000,SAFE (per Form D; stage not stated),2022-12-23,,1,SEC Form D,https://www.sec.gov/Archives/edgar/data/1783796/000178379623000002/primary_doc.xml,totalAmountSold: 62000000; totalOfferingAmount: 100000000; dateOfFirstSale: 2022-12-23,0001783796,0001783796-23-000002,62000000,100000000,2022-12-23,"Equity; Other; Other: Offering of Simple Agreements for Future Equity (""SAFEs"") and the underlying shares of capital stock issuable upon conversion of SAFEs.",14,Human Interest Inc.,High,"Unverified Form D by same-named person: Wag! Group Co. 0001842356-23-000001 sold 100000 (first sale 2023-04-06, San Francisco); likely a different person. Unverified Form D by same-named person: Wag! Group Co. 0001842356-23-000002 sold 225000 (first sale 2023-04-06, San Francisco); likely a different person. Unverified Form D by same-named person: FlyHomes, Inc. 0001742395-24-000002 sold 8668885 (first sale 2024-12-02, Bellevue); likely a different person. Unverified Form D by same-named person: Comprehensive, Inc. 0002064812-25-000002 sold 9074190 (first sale 2025-03-31, San Francisco); likely a different person. Tier 2 source states $500M (https://www.ycombinator.com/companies/human-interest); Form D figure kept.",2026-10-01T03:26:51Z,2022-12-23,62000000,SEC Form D 0001783796-23-000002,62000000,Yes,http://humaninterest.com,B2B,Growth,765,Yes,0,greenhouse,73,73,2,0,https://humaninterest.com/careers/,"Account Executive - Florida; Account Executive - Great Plains; Account Executive - New England; Account Executive - North Central ; Account Executive - South (CST or EST Timezone); Account Executive, South (EST or CST Timezone) ; Associate Director of Advisor Sales; Dedicated Sales Activation Specialist; Director, Customer Success; Director, Relationship Management"
flirtey,Flirtey (SkyDrop),Summer 2015,No evidence found,,,,,,,,,,,,,,,,,,Checked: no post-YC Form D matching the founders; no funding statement on website (0 pages) or YC page. LinkedIn/X/Crunchbase need a logged-in browser.,2026-10-01T03:26:45Z,,,,,,,Industrials,Growth,11,No,0,,,0,0,0,,
eight-sleep,Eight Sleep,Summer 2015,Yes,86000000,,2021-08-30,,4,Press (linked from YC company page),https://techcrunch.com/2021/08/30/eight-sleep-raises-86m-as-its-smart-mattress-and-sleep-fitness-technology-approach-500m-valuation/?tpcc=ECTW2020,Eight Sleep raises $86M as its smart mattress and ‘sleep fitness’ technology approaches $500M valuation – TechCrunch,,,,,,,,,Medium,No matching post-YC Form D found.,2026-10-01T03:26:54Z,2021-08-30,86000000,Press (linked from YC company page),86000000,Yes,http://eightsleep.com,Consumer,Growth,100,Yes,13,ashby,40,40,26,4,https://www.eightsleep.com/careers,Business Operations Manager (NY or SF); Senior Backend Engineer; Senior Software Engineer - Mobile (Android); Senior Embedded Software Engineer; Senior Thermal Engineer; Senior Software Engineer - Mobile (iOS); Research Associate; Senior Reliability Engineer; Product Designer App (NYC); Senior Firmware Engineer
instawork,Instawork,Summer 2015,Yes,60000000,Series C,2021-07-08,,2,Company website,https://blog.instawork.com/instawork-raises-a-60m-series-c-whats-next-for-flexible-staffing,Instawork raises a $60M Series C: what's next for flexible staffing,,,,,,,,,High,No matching post-YC Form D found.,2026-10-01T03:26:54Z,2021-07-08,60000000,Company website,60000000,Yes,http://instawork.com,B2B,Growth,500,Yes,25,,,25,0,0,https://www.instawork.com/careers,"Senior Account Executive; Staff Software Engineer; Enterprise Account Executive; Head of Data Science / Machine Learning; Enterprise Account Executive; Enterprise Account Manager; Enterprise Account Manager; Revenue Operations & Analytics Associate; Manager, Trust & Safety - Escalations; Staff / Principal ML Engineer"
cofactor-genomics,Cofactor Genomics,Summer 2015,Yes,1174682,Equity (per Form D; stage not stated),2023-07-20,,1,SEC Form D,https://www.sec.gov/Archives/edgar/data/1710475/000171047523000003/primary_doc.xml,totalAmountSold: 1174682; totalOfferingAmount: 2000000; dateOfFirstSale: 2023-07-20,0001710475,0001710475-23-000003,1174682,2000000,2023-07-20,Equity,2,"COFACTOR GENOMICS, INC.",High,,2026-10-01T03:27:12Z,2023-07-20,1174682,SEC Form D 0001710475-23-000003,1174682,Yes,http://cofactorgenomics.com,Healthcare,Growth,13,No,0,,,0,0,0,https://cofactorgenomics.com/careers/,
bitmovin,Bitmovin,Summer 2015,Yes,8000000,Convertible note (per Form D; stage not stated),2022-12-22,,1,SEC Form D,https://www.sec.gov/Archives/edgar/data/1678083/000167808324000001/primary_doc.xml,totalAmountSold: 5000000; totalOfferingAmount: 5000000; dateOfFirstSale: 2022-12-22,0001678083,0001678083-24-000001,5000000,5000000,2022-12-22,Debt,13,"Bitmovin, Inc.",High,"2 post-YC Form D offerings summed: 0001678083-24-000001 $5000000 (2022-12-22), 0001678083-24-000002 $3000000 (2024-10-24)",2026-10-01T03:27:02Z,2024-10-24,3000000,SEC Form D 0001678083-24-000002,8000000,Yes,http://bitmovin.com,B2B,Growth,145,Yes,1,greenhouse,12,12,3,1,,AI & Beyond Incubator (Ongoing Intake); Campaign & Field Marketing Manager; Customer Technical Account Manager – OTT Cloud Streaming; Forward Deployed Engineer; Marketing Executive; Marketing & Revenue Operations Intern; Personal Assistant to the CEO(s); Revenue Operations Intern; Sales Executive (USA); Senior Software Engineer (US Deployment/Relocation from Europe)
tetrascience,TetraScience,Summer 2015,Yes,14999985,Series B (Equity per Form D),2026-02-13,,1,SEC Form D,https://www.sec.gov/Archives/edgar/data/1855742/000185574226000003/primary_doc.xml,totalAmountSold: 14999985; totalOfferingAmount: 14999985; dateOfFirstSale: 2026-02-13,0001855742,0001855742-26-000003,14999985,14999985,2026-02-13,Equity,11,"TetraScience, Inc.",High,Tier 2 source states $80 million (https://www.tetrascience.com/blog/announcing-our-series-b-tetra-1-0-and-2-0-the-noise-and-the-signal); Form D figure kept.,2026-10-01T03:26:55Z,2026-02-13,14999985,SEC Form D 0001855742-26-000003,14999985,Yes,https://www.tetrascience.com,Healthcare,Growth,100,No,0,workable,25,25,15,1,,"Chief of Staff to the CEO; Chief of Staff to the CEO; Delivery Manager; General Counsel; Principal Cloud Engineer; Principal Platform Architect; Scientific Data Architect - Austria, Denmark or UK; Scientific Data Architect - Austria, Denmark or UK; Scientific Data Architect - Austria, Denmark or UK; Scientific Data Architect - Basel, Switzerland"
the-ticket-fairy,The Ticket Fairy,Summer 2015,No evidence found,,,,,,,,,,,,,,,,,,Checked: no post-YC Form D matching the founders; no funding statement on website (10 pages) or YC page. LinkedIn/X/Crunchbase need a logged-in browser.,2026-10-01T03:26:57Z,,,,,,https://www.ticketfairy.com/,Consumer,Early,30,No,0,,,0,0,0,,
font-awesome,Font Awesome,Summer 2015,No evidence found,,,,,,,,,,,,,,,,,,Checked: no post-YC Form D matching the founders; no funding statement on website (2 pages) or YC page. LinkedIn/X/Crunchbase need a logged-in browser.,2026-10-01T03:26:55Z,,,,,,http://fontawesome.com,B2B,Growth,17,No,0,,,0,0,0,,
80-000-hours,"80,000 Hours",Summer 2015,No evidence found,,,,,,,,,,,,,,,,,,Checked: no post-YC Form D matching the founders; no funding statement on website (11 pages) or YC page. LinkedIn/X/Crunchbase need a logged-in browser.,2026-10-01T03:27:03Z,,,,,,http://80000hours.org,Unspecified,Early,13,No,0,,,0,0,0,https://80000hours.org/about/work-with-us/,
xendit,Xendit,Summer 2015,Yes,300000000,Series D,2022-05-19,,4,Press (linked from YC company page),https://www.forbes.com/sites/yessarrosendar/2022/05/19/indonesian-unicorn-xendit-bags-300-million-in-series-d-funding/,Indonesian Unicorn Xendit Bags $300 Million In Series D Funding,,,,,,,,,Medium,No matching post-YC Form D found.,2026-10-01T03:26:58Z,2022-05-19,300000000,Press (linked from YC company page),300000000,No,https://www.xendit.co/,Fintech,Growth,700,Yes,1,greenhouse,28,28,4,0,,Account Manager; Chinese Merchant Support; Customer Success Manager (Greater China); FinOps Recons Associate; Global Head of Communications; IT GRC Analyst; Market Expansion Lead - Financial Partnerships; Merchant Ops Analyst; Merchant Support; Merchant Technical Support  - Jr Manager
shred-video,Shred Video,Summer 2015,No evidence found,,,,,,,,,,,,,,,,,,Checked: no post-YC Form D matching the founders; no funding statement on website (1 pages) or YC page. LinkedIn/X/Crunchbase need a logged-in browser.,2026-10-01T03:26:58Z,,,,,,https://shredvideo.com,Consumer,Early,2,No,0,,,0,0,0,,
shape-shapescale,Shape (ShapeScale),Summer 2015,No evidence found,,,,,,,,,,,,,,,,,,Checked: no post-YC Form D matching the founders; no funding statement on website (10 pages) or YC page. LinkedIn/X/Crunchbase need a logged-in browser.,2026-10-01T03:27:00Z,,,,,,https://shapescale.com,Consumer,Growth,7,Yes,1,ashby,1,1,1,0,https://shapescale.com/careers,Founding Sales Rep (Full-Cycle)
redcarpetup,RedCarpetUp,Summer 2015,No evidence found,,,,,,,,,,,,,,,,,,Checked: no post-YC Form D matching the founders; no funding statement on website (0 pages) or YC page. LinkedIn/X/Crunchbase need a logged-in browser. National register for IN not checked.,2026-10-01T03:29:26Z,,,,,,http://redcarpetup.com,Fintech,Growth,100,No,0,,,0,0,0,,
plate-iq,Plate IQ,Summer 2015,No evidence found,,,,,,,,,,,,,,,,,,"Unverified Form D by same-named person: Leadon Sales, Inc. 0001974894-23-000001 sold 4194995 (first sale 2023-04-14, Sherman Oaks); likely a different person. Checked: no post-YC Form D matching the founders; no funding statement on website (5 pages) or YC page. LinkedIn/X/Crunchbase need a logged-in browser.",2026-10-01T03:27:06Z,,,,,,https://plateiq.com/,Fintech,Growth,200,No,0,,,0,0,0,https://ottimate.com/careers/,
picktrace,PickTrace,Summer 2015,No evidence found,,,,,,,,,,,,,,,,,,Checked: no post-YC Form D matching the founders; no funding statement on website (5 pages) or YC page. LinkedIn/X/Crunchbase need a logged-in browser.,2026-10-01T03:27:11Z,,,,,,http://picktrace.com/company,Industrials,Growth,65,No,0,lever,2,2,2,0,https://picktrace.com/careers/,Senior Software Engineer; Senior Software Engineer
fountain,Fountain,Summer 2015,Yes,100000000,,2022-06-15,,4,Press (linked from YC company page),https://techcrunch.com/2022/06/15/fountain-raises-100m-to-expand-its-applicant-tracking-system/,Fountain raises $100M to expand its applicant tracking system,,,,,,,,,Medium,Other stated figure: $23M (https://techcrunch.com/2019/10/29/fountain-a-platform-for-recruiting-gig-and-hourly-workers-raises-23m/). No matching post-YC Form D found.,2026-10-01T03:27:08Z,2022-06-15,100000000,Press (linked from YC company page),100000000,Yes,http://fountain.com,B2B,Growth,200,No,0,,,0,0,0,https://www.fountain.com/careers-fountain,
microhealth,Microhealth,Summer 2015,No evidence found,,,,,,,,,,,,,,,,,,Checked: no post-YC Form D matching the founders; no funding statement on website (2 pages) or YC page. LinkedIn/X/Crunchbase need a logged-in browser.,2026-10-01T03:27:06Z,,,,,,http://microhealth.com,Healthcare,Early,25,No,0,,,0,0,0,,
zeplin,Zeplin,Summer 2015,No evidence found,,,,,,,,,,,,,,,,,,Checked: no post-YC Form D matching the founders; no funding statement on website (3 pages) or YC page. LinkedIn/X/Crunchbase need a logged-in browser.,2026-10-01T03:27:09Z,,,,,,https://zeplin.io,B2B,Growth,140,No,0,,,0,0,0,https://zeplin.io:443/careers/,
markhor,Markhor,Summer 2015,No evidence found,,,,,,,,,,,,,,,,,,Checked: no post-YC Form D matching the founders; no funding statement on website (0 pages) or YC page. LinkedIn/X/Crunchbase need a logged-in browser.,2026-10-01T03:27:05Z,,,,,,http://markhor.com,Consumer,Early,5,No,0,,,0,0,0,,
circle-medical,Circle Medical,Summer 2015,No evidence found,,,,,,,,,,,,,,,,,,Checked: no post-YC Form D matching the founders; no funding statement on website (3 pages) or YC page. LinkedIn/X/Crunchbase need a logged-in browser.,2026-10-01T03:27:06Z,,,,,,https://circlemedical.com,Healthcare,Growth,235,Yes,3,,,3,0,0,https://www.circlemedical.com/careers,"Collaborating / Supervising Physician MD / DO - Telemedicine Primary Care.; South Carolina Collaborating / Supervising Physician MD / DO - Telemedicine Primary Care; Director, Insurance Operations"
givecampus,GiveCampus,Summer 2015,Yes,50000000,,2022-09-19,,2,Company website,https://go.givecampus.com/the-next-chapter-for-givecampus/,GiveCampus Raises $50 Million to Empower Educational Fundraisers,,,,,,,,,High,No matching post-YC Form D found.,2026-10-01T03:27:11Z,2022-09-19,50000000,Company website,50000000,Yes,http://go.givecampus.com,Education,Early,130,Yes,3,greenhouse,12,12,6,0,https://go.givecampus.com/about-us/careers/,"Account Executive, Higher Ed, Mid Market Accounts, West; Director of Strategic Accounts, East ; Director of Strategic Accounts, West; Enterprise Onboarding Specialist; Lead Product Manager; Senior Enterprise Partner Success Manager; Senior Software Engineer, Emerging Product; Senior Software Engineer, Online Giving; Site Reliability Engineer; Software Engineer- General Interest"
drip-capital,Drip Capital,Summer 2015,Yes,175000000,,2021-10-28,,4,Press (linked from YC company page),https://www.bloomberg.com/news/articles/2021-10-28/fintech-startup-drip-raises-175-million-for-cross-border-trade?srnd=markets-vp,Fintech Startup Drip Raises $175 Million for Cross-Border Trade,,,,,,,,,Medium,No matching post-YC Form D found.,2026-10-01T03:27:08Z,2021-10-28,175000000,Press (linked from YC company page),175000000,Yes,http://dripcapital.com,Fintech,Growth,280,Yes,0,,,0,0,0,https://www.dripcapital.com/careers/,
chaldal,Chaldal,Summer 2015,Yes,10000000,Series C,2021-09-14,,4,Press (linked from YC company page),https://techcrunch.com/2021/09/14/chaldal-bangladeshs-largest-grocery-delivery-platform-raises-10m-series-c/,"Chaldal, Bangladesh’s largest grocery delivery platform, raises $10M Series C – TechCrunch",,,,,,,,,Medium,No matching post-YC Form D found.,2026-10-01T03:27:58Z,2021-09-14,10000000,Press (linked from YC company page),10000000,Yes,http://chaldal.com,Consumer,Growth,2886,No,0,,,0,0,0,,
bodyport,Bodyport,Summer 2015,No evidence found,,,,,,,,,,,,,,,,,,"Unverified Form D by same-named person: 98point6 Technologies Inc. 0001973517-24-000001 sold 1400000 (first sale 2024-01-05, Seattle); likely a different person. Checked: no post-YC Form D matching the founders; no funding statement on website (1 pages) or YC page. LinkedIn/X/Crunchbase need a logged-in browser.",2026-10-01T03:27:20Z,,,,,,http://bodyport.com,Healthcare,Growth,19,No,0,,,0,0,0,,
verge-genomics,Verge Genomics,Summer 2015,No evidence found,,,,,,,,,,,,,,,,,,Checked: no post-YC Form D matching the founders; no funding statement on website (4 pages) or YC page. LinkedIn/X/Crunchbase need a logged-in browser.,2026-10-01T03:27:10Z,,,,,,http://vergegenomics.com,Healthcare,Growth,50,Yes,0,ashby,1,1,0,0,,Business Development Consultant
thrive-agritech,Thrive Agritech,Summer 2015,No evidence found,,,,,,,,,,,,,,,,,,Checked: no post-YC Form D matching the founders; no funding statement on website (5 pages) or YC page. LinkedIn/X/Crunchbase need a logged-in browser.,2026-10-01T03:27:10Z,,,,,,http://www.thriveagritech.com,Industrials,Growth,8,No,0,,,0,0,0,,
tesorio,Tesorio,Summer 2015,No evidence found,,,,,,,,,,,,,,,,,,Checked: no post-YC Form D matching the founders; no funding statement on website (5 pages) or YC page. LinkedIn/X/Crunchbase need a logged-in browser.,2026-10-01T03:27:13Z,,,,,,https://www.tesorio.com,B2B,Growth,53,No,0,lever,0,0,0,0,,
reach,Reach,Summer 2015,Yes,30000000,,2022-12-05,,4,Press (linked from YC company page),https://www.reuters.com/technology/silicon-valley-startup-beaming-electricity-wirelessly-raises-30-million-2022-12-02/,Silicon Valley startup beaming electricity wirelessly raises $30 million | Reuters,,,,,,,,,Medium,No matching post-YC Form D found.,2026-10-01T03:27:15Z,2022-12-05,30000000,Press (linked from YC company page),30000000,Yes,https://reachpower.com,Industrials,Growth,45,Yes,0,lever,2,2,2,0,https://reachpower.com/careers/,Antenna Engineer; Staff RF Microwave Engineer
sunfarmer,SunFarmer,Summer 2015,No evidence found,,,,,,,,,,,,,,,,,,"Unverified Form D by same-named person: Maxim Biomedical, Inc. 0002025313-24-000001 sold 225000 (first sale 2024-05-21, Rockville); likely a different person. Checked: no post-YC Form D matching the founders; no funding statement on website (3 pages) or YC page. LinkedIn/X/Crunchbase need a logged-in browser. National register for NP not checked.",2026-10-01T03:27:33Z,,,,,,http://sunfarmer.org,Industrials,Early,15,No,0,,,0,0,0,http://www.sunfarmer.org/careers,
confident-lims,Confident LIMS,Summer 2015,No evidence found,,,,,,,,,,,,,,,,,,Checked: no post-YC Form D matching the founders; no funding statement on website (8 pages) or YC page. LinkedIn/X/Crunchbase need a logged-in browser.,2026-10-01T03:27:17Z,,,,,,https://confidentlims.com,B2B,Growth,17,No,0,,,0,0,0,,
branch8,Branch8,Summer 2015,No evidence found,,,,,,,,,,,,,,,,,,Checked: no post-YC Form D matching the founders; no funding statement on website (2 pages) or YC page. LinkedIn/X/Crunchbase need a logged-in browser. National register for HK not checked.,2026-10-01T03:27:16Z,,,,,,https://www.branch8.com,B2B,Early,15,Yes,0,,,0,0,0,https://branch8.com/contact,
heroic-labs,Heroic Labs,Summer 2015,No evidence found,,,,,,,,,,,,,,,,,,Checked: no post-YC Form D matching the founders; no funding statement on website (3 pages) or YC page. LinkedIn/X/Crunchbase need a logged-in browser.,2026-10-01T03:27:15Z,,,,,,http://heroiclabs.com,Consumer,Growth,21,No,0,,,0,0,0,,
snapmagic,SnapMagic,Summer 2015,No evidence found,,,,,,,,,,,,,,,,,,Checked: no post-YC Form D matching the founders; no funding statement on website (2 pages) or YC page. LinkedIn/X/Crunchbase need a logged-in browser.,2026-10-01T03:27:14Z,,,,,,https://www.snapmagic.com,B2B,Early,23,Yes,4,ashby,4,4,1,0,https://www.snapmagic.com/careers,Head of Engineering; Head of Business Operations; Head of Sales; Head of Customer Success
assembly,Assembly,Summer 2015,No evidence found,,,,,,,,,,,,,,,,,,Checked: no post-YC Form D matching the founders; no funding statement on website (0 pages) or YC page. LinkedIn/X/Crunchbase need a logged-in browser.,2026-10-01T03:27:19Z,,,,,,https://asm.co/,B2B,Early,12,No,0,greenhouse,479,479,307,12,,"2026 ASM 設備工程師徵才專區; Americas Digital Transformation Operations Lead ; Controller, Business Control; Controller I – Business Control Sourcing ; Controller II, Business Control; Controller I, Revenue Accounting; Corporate Director, Product Unit - Surface Modification; Digital Solutions Engineer; Director, Business Development; Director, Category Management - Mechanics"
gemnote,Gemnote,Summer 2015,No evidence found,,,,,,,,,,,,,,,,,,Checked: no post-YC Form D matching the founders; no funding statement on website (4 pages) or YC page. LinkedIn/X/Crunchbase need a logged-in browser.,2026-10-01T03:27:20Z,,,,,,http://gemnote.com,B2B,Growth,40,Yes,1,,,1,0,0,https://www.gemnote.com/careers,Head of Operations
new-story,New Story,Summer 2015,No evidence found,,,,,,,,,,,,,,,,,,"Unverified Form D by same-named person: 291 Beacon St, LLC 0002032853-24-000002 sold 2871000 (first sale 2024-07-16, Cambridge); likely a different person. Checked: no post-YC Form D matching the founders; no funding statement on website (9 pages) or YC page. LinkedIn/X/Crunchbase need a logged-in browser.",2026-10-01T03:27:22Z,,,,,,http://newstoryhomes.org,Real Estate and Construction,Early,20,Yes,0,,,0,0,0,https://www.newstoryhomes.org/careers,
ironclad,Ironclad,Summer 2015,No evidence found,,,,,,,,,,,,,,,,,,Checked: no post-YC Form D matching the founders; no funding statement on website (10 pages) or YC page. LinkedIn/X/Crunchbase need a logged-in browser.,2026-10-01T03:27:19Z,,,,,,http://ironcladapp.com,B2B,Growth,700,Yes,3,ashby,31,31,12,5,https://ironcladapp.com:443/careers,"Lead Counsel, Employment and Litigation; Customer Account Executive; Demo Engineer; Sales Development Representative; Sales Development Representative, EMEA (Outbound); Staff Data Scientist - Product Analytics; Staff IAM Engineer; Staff Application Security Engineer; Senior Finance Manager, GTM; Principal Engineer "
leaders-in-tech,Leaders In Tech,Summer 2015,No evidence found,,,,,,,,,,,,,,,,,,Checked: no post-YC Form D matching the founders; no funding statement on website (6 pages) or YC page. LinkedIn/X/Crunchbase need a logged-in browser.,2026-10-01T03:27:22Z,,,,,,http://leadersintech.org,Unspecified,Early,1,No,0,,,0,0,0,,
teabot,teaBOT,Summer 2015,No evidence found,,,,,,,,,,,,,,,,,,"Unverified Form D by same-named person: Zenblen, Inc. 0001993331-23-000001 sold 2117117 (first sale 2023-09-08, Chicago); likely a different person. Checked: no post-YC Form D matching the founders; no funding statement on website (2 pages) or YC page. LinkedIn/X/Crunchbase need a logged-in browser. National register for CA not checked.",2026-10-01T03:27:22Z,,,,,,http://teaBOT.com,B2B,Early,2,No,0,,,0,0,0,,
teleport,Teleport,Summer 2015,No evidence found,,,,,,,,,,,,,,,,,,Checked: no post-YC Form D matching the founders; no funding statement on website (12 pages) or YC page. LinkedIn/X/Crunchbase need a logged-in browser.,2026-10-01T03:27:25Z,,,,,,https://goteleport.com,B2B,Growth,255,No,0,ashby,26,26,16,0,https://goteleport.com/careers/,"Enterprise Account Development Representative- East Coast; Senior Field Engineer; Senior Product Designer; Senior Software Engineer, Security - US; Senior People Business Partner; Senior Backend Engineer; Senior People Business Partner; Senior Backend Engineer , Distributed Systems; Senior Manager, Solutions Engineering - EMEA; Senior Site Reliability Engineer - US"
lugg,Lugg,Summer 2015,No evidence found,,,,,,,,,,,,,,,,,,Checked: no post-YC Form D matching the founders; no funding statement on website (2 pages) or YC page. LinkedIn/X/Crunchbase need a logged-in browser.,2026-10-01T03:27:36Z,,,,,,http://lugg.com,Consumer,Early,50,Yes,1,,,1,0,0,https://lugg.com/mover/jobs,Senior Backend Software Engineer
podium,Podium,Winter 2016,Yes,201000000,Series D,,,2,Company website,https://www.podium.com/press,Podium Raises $201M in Series D Funding at $3 Billion in Valuation.,,,,,,,,,High,Round date not stated on the source page; assumed post-YC because it is presented as current news. No matching post-YC Form D found.,2026-10-01T03:27:50Z,,,,201000000,No,https://podium.com,B2B,Growth,1000,Yes,3,greenhouse,58,58,11,13,https://www.podium.com/careers,"Account Executive - AI Software Sales ; Account Executive - Lehi, Utah; Accounts Receivable Specialist; AI Customer Success Manager - SMB; AI Enterprise Customer Success Manager; AI Onboarding Specialist; AI Onboarding Specialist - Automotive; AI Onboarding Specialist - Home Services; AI Onboarding Specialist - Medspa; AI Product Support Specialist"
rappi,Rappi,Winter 2016,No evidence found,,,,,,,,,,,,,,,,,,Checked: no post-YC Form D matching the founders; no funding statement on website (1 pages) or YC page. LinkedIn/X/Crunchbase need a logged-in browser. National register for CO not checked.,2026-10-01T03:27:27Z,,,,,,http://www.rappi.com,Consumer,Growth,4800,Yes,0,,,0,0,0,https://www.rappi.com.mx/,
focal-systems,Focal Systems,Winter 2016,No evidence found,,,,,,,,,,,,,,,,,,Checked: no post-YC Form D matching the founders; no funding statement on website (4 pages) or YC page. LinkedIn/X/Crunchbase need a logged-in browser.,2026-10-01T03:27:30Z,,,,,,http://www.focal.systems,B2B,Growth,170,No,0,greenhouse,42,42,4,1,http://focal.systems/careers/,"Data/Reporting Team Lead; Data Scientist - UK; Field Data Collector - Leeds (6 Month Fixed-Term Contract); Field Service Team Lead (Installations) – Birmingham, UK  (Fixed-Term, Minimum 30 Hours/Week); Field Service Team Lead (Installations) – Cardiff & South Wales, UK  (Fixed-Term, Minimum 30 Hours/Week); Field Service Team Lead (Installations) – Edinburgh, UK  (Fixed-Term, Minimum 30 Hours/Week); Field Service Team Lead (Installations) – Essex & Kent, UK  (Fixed-Term, Minimum 30 Hours/Week); Field Service Team Lead (Installations) – Glasgow & Scotland West, UK  (Fixed-Term, Minimum 30 Hours/Week); Field Service Team Lead (Installations) – Lancashire, UK  (Fixed-Term, Minimum 30 Hours/Week); Field Service Team Lead (Installations) – Leeds & West Yorkshire, UK  (Fixed-Term, Minimum 30 Hours/Week)"
mio,Mio,Winter 2016,Yes,8700000,Series A,2021-12-09,,4,Press (linked from YC company page),https://techcrunch.com/2021/12/09/mio-raises-8-7m-series-a-to-make-enterprise-messaging-interoperable/,Mio raises $8.7M Series A to make enterprise messaging interoperable – TechCrunch,,,,,,,,,Medium,No matching post-YC Form D found.,2026-10-01T03:27:30Z,2021-12-09,8700000,Press (linked from YC company page),8700000,Yes,http://m.io,B2B,Growth,12,No,0,,,0,0,0,,
daily,Daily,Winter 2016,Yes,60000000,,,,2,Company website,https://www.daily.co/blog/announcing-our-40m-series-b/,"round of funding in 18 months, with a total of $60M raised, and we're continuing to accelerate our work on all of those critical",,,,,,,,,High,Round date not stated on the source page; assumed post-YC because it is presented as current news. No matching post-YC Form D found.,2026-10-01T03:27:36Z,,,,60000000,Yes,https://daily.co,B2B,Growth,126,No,0,,,0,0,0,https://www.daily.co/company/careers/,
petcube,Petcube,Winter 2016,No evidence found,,,,,,,,,,,,,,,,,,Checked: no post-YC Form D matching the founders; no funding statement on website (4 pages) or YC page. LinkedIn/X/Crunchbase need a logged-in browser.,2026-10-01T03:27:33Z,,,,,,http://petcube.com,Consumer,Growth,51,No,0,,,0,0,0,https://petcube.com/careers/,
outschool,Outschool,Winter 2016,Yes,75000000,Series C,,,4,Press (linked from YC company page),https://outschool.com:443/press,Outschool secures $75M Series C to meet continued demand for online learning.,,,,,,,,,Medium,Round date not stated on the source page; assumed post-YC because it is presented as current news. Other stated figure: $45M (https://outschool.com:443/press). No matching post-YC Form D found.,2026-10-01T03:27:27Z,2021-11-14,75000000,https://outschool.com:443/press (date printed near the quote),75000000,Yes,http://outschool.com,Education,Growth,107,No,0,ashby,7,7,3,0,https://outschool.com:443/careers,"Public Funding Project Lead; Support Escalations Specialist (6-Month Contract); Staff Software Engineer; Product Manager; Software Engineer; Senior Software Engineer, Fullstack; Financial Planning & Analysis Manager"
mason,Mason,Winter 2016,No evidence found,,,,,,,,,,,,,,,,,,Checked: no post-YC Form D matching the founders; no funding statement on website (3 pages) or YC page. LinkedIn/X/Crunchbase need a logged-in browser.,2026-10-01T03:27:47Z,,,,,,http://www.bymason.com,B2B,Growth,65,Yes,4,,,4,0,0,,"Software Engineer - Backend; Full Stack Software Engineer; Account Manager - Hardware/Physical Devices; Technical Product Manager, Software"
magicbus,MagicBus,Winter 2016,No evidence found,,,,,,,,,,,,,,,,,,Checked: no post-YC Form D matching the founders; no funding statement on website (2 pages) or YC page. LinkedIn/X/Crunchbase need a logged-in browser.,2026-10-01T03:27:33Z,,,,,,http://www.magicbus.io,Consumer,Growth,18,No,0,,,0,0,0,https://www.magicbus.io/careers/,
tovala,Tovala,Winter 2016,No evidence found,,,,,,,,,,,,,,,,,,Checked: no post-YC Form D matching the founders; no funding statement on website (10 pages) or YC page. LinkedIn/X/Crunchbase need a logged-in browser.,2026-10-01T03:27:34Z,,,,,,http://www.tovala.com,Consumer,Growth,375,Yes,1,lever,11,11,1,0,https://jobs.lever.co/tovala,"Assembler (Food Manufacturing); Copywriter; Director, CRM; Firmware Engineer; FSQA (Food Safety Quality Assurance) Manager; HR/Facility Admin Assistant (Bilingual); Part-Time Assembler; Sanitation Specialist; Senior Director, Brand; Sr. Systems Administrator"
isono-health,iSono Health,Winter 2016,Yes,1837679,Equity (per Form D; stage not stated),2024-12-26,,1,SEC Form D,https://www.sec.gov/Archives/edgar/data/2061881/000206188125000001/primary_doc.xml,totalAmountSold: 1837679; totalOfferingAmount: 3000000; dateOfFirstSale: 2024-12-26,0002061881,0002061881-25-000001,1837679,3000000,2024-12-26,Equity,5,"iSono Health, Inc.",High,,2026-10-01T03:27:40Z,2024-12-26,1837679,SEC Form D 0002061881-25-000001,1837679,Yes,http://www.isonohealth.com,Healthcare,Early,9,Yes,3,,,3,0,0,,Computer Vision/Deep Learning Scientist; Senior Software Engineer - Cloud; Manufacturing Engineer
getaccept,GetAccept,Winter 2016,No evidence found,,,,,,,,,,,,,,,,,,Checked: no post-YC Form D matching the founders; no funding statement on website (3 pages) or YC page. LinkedIn/X/Crunchbase need a logged-in browser. National register for SE not checked.,2026-10-01T03:27:37Z,,,,,,https://www.getaccept.com,B2B,Growth,200,No,0,,,0,0,0,,
chatfuel,Chatfuel,Winter 2016,No evidence found,,,,,,,,,,,,,,,,,,Checked: no post-YC Form D matching the founders; no funding statement on website (4 pages) or YC page. LinkedIn/X/Crunchbase need a logged-in browser.,2026-10-01T03:27:36Z,,,,,,http://chatfuel.com,B2B,Growth,53,No,0,,,0,0,0,,
yardbook,Yardbook,Winter 2016,No evidence found,,,,,,,,,,,,,,,,,,Checked: no post-YC Form D matching the founders; no funding statement on website (1 pages) or YC page. LinkedIn/X/Crunchbase need a logged-in browser.,2026-10-01T03:27:35Z,,,,,,https://www.yardbook.com,B2B,Early,,No,0,,,0,0,0,,
stealth-worker,Stealth Worker,Winter 2016,No evidence found,,,,,,,,,,,,,,,,,,Checked: no post-YC Form D matching the founders; no funding statement on website (1 pages) or YC page. LinkedIn/X/Crunchbase need a logged-in browser.,2026-10-01T03:27:38Z,,,,,,https://www.stealthworker.com,B2B,Early,5,No,0,,,0,0,0,,
deepgram,Deepgram,Winter 2016,Yes,130000000,,,,2,Company website,https://deepgram.com/about,Real-time voice AI unicorn Deepgram raises $130M to streamline human-to-machine interactions.,,,,,,,,,High,Round date not stated on the source page; assumed post-YC because it is presented as current news. No matching post-YC Form D found.,2026-10-01T03:27:48Z,,,,130000000,Yes,https://www.deepgram.com,B2B,Growth,115,Yes,5,ashby,88,88,43,20,https://deepgram.com/careers,"Pre-Sales Solutions Engineer (EST or PST); Strategic Account Executive (Chicago & Texas); Research Staff, Voice AI Foundations; Sales Development Representative; Solutions Architect (EST or PST hours); Senior Data Scientist, Audio; People AI & Automation Engineer; Corporate Account Executive; Research Staff, Data Science; Research Staff, LLMs"
soundboks,SOUNDBOKS,Winter 2016,Yes,8625177,Equity (per Form D; stage not stated),2023-06-08,,1,SEC Form D,https://www.sec.gov/Archives/edgar/data/1982297/000198229723000002/primary_doc.xml,totalAmountSold: 8625177; totalOfferingAmount: 8625177; dateOfFirstSale: 2023-06-08,0001982297,0001982297-23-000002,8625177,8625177,2023-06-08,Equity,16,"SoundBoks, Inc.",High,,2026-10-01T03:27:41Z,2023-06-08,8625177,SEC Form D 0001982297-23-000002,8625177,Yes,http://soundboks.com,Consumer,Growth,50,Yes,0,,,0,0,0,,
lattice,Lattice,Winter 2016,Yes,3000000000,,2022-01-17,,2,Company website,https://lattice.com/blog/lattice-triples-valuation-to-3b-raises-175m-in-series-f-funding-round,"Lattice Triples Valuation to $3B, Raises $175M in Series F Funding Round",,,,,,,,,High,"Unverified Form D by same-named person: Verifiable Inc. 0001873843-23-000003 sold 26999987 (first sale 2023-04-24, Austin); likely a different person. Unverified Form D by same-named person: Antares Nuclear, Inc. 0001998786-24-000002 sold 27529968 (first sale 2024-09-24, Redondo Beach); likely a different person. Unverified Form D by same-named person: Antares Nuclear, Inc. 0001998786-25-000002 sold 51045266 (first sale 2025-09-10, Torrance); likely a different person. Unverified Form D by same-named person: Copilot Labs, Inc. \ DE 0002089304-26-000001 sold 21194932 (first sale 2025-08-18, San Francisco); likely a different person. Unverified Form D by same-named person: Antares Nuclear, Inc. 0001998786-26-000002 sold 319999537 (first sale 2026-07-08, Torrance); likely a different person. Unverified Form D by same-named person: Antares Nuclear, Inc. 0001998786-26-000005 sold 59999682 (first sale 2026-08-03, Torrance); likely a different person. No matching post-YC Form D found.",2026-10-01T03:27:49Z,2022-01-17,3000000000,Company website,3000000000,No,https://lattice.com,B2B,Growth,540,Yes,0,greenhouse,11,11,4,2,https://lattice.com/careers,"Account Executive; Director, Talent Acquisition; Ecosystem Marketing Lead; Engineering Manager, AI; Engineering Manager, AI; Lead Product Manager; Lead Product Manager; Senior Contracts Manager; Senior Director of Engineering; Senior Director of Engineering"
mux,Mux,Winter 2016,No evidence found,,,,,,,,,,,,,,,,,,Checked: no post-YC Form D matching the founders; no funding statement on website (3 pages) or YC page. LinkedIn/X/Crunchbase need a logged-in browser.,2026-10-01T03:28:02Z,,,,,,http://mux.com,B2B,Growth,95,No,0,ashby,1,1,0,0,https://www.mux.com/jobs,Technical Customer Success Manager
amberbox-gunshot-detection,AmberBox Gunshot Detection,Winter 2016,No evidence found,,,,,,,,,,,,,,,,,,Checked: no post-YC Form D matching the founders; no funding statement on website (3 pages) or YC page. LinkedIn/X/Crunchbase need a logged-in browser.,2026-10-01T03:27:40Z,,,,,,https://amberbox.com,B2B,Early,,No,0,,,0,0,0,,
qvin,Qvin,Winter 2016,No evidence found,,,,,,,,,,,,,,,,,,Checked: no post-YC Form D matching the founders; no funding statement on website (1 pages) or YC page. LinkedIn/X/Crunchbase need a logged-in browser.,2026-10-01T03:27:50Z,,,,,,https://qvin.com/,Healthcare,Early,30,No,0,,,0,0,0,,
perlara,Perlara,Winter 2016,No evidence found,,,,,,,,,,,,,,,,,,Checked: no post-YC Form D matching the founders; no funding statement on website (2 pages) or YC page. LinkedIn/X/Crunchbase need a logged-in browser.,2026-10-01T03:27:45Z,,,,,,http://perlara.com,Healthcare,Early,1,No,0,,,0,0,0,,
devcolor,DevColor,Winter 2016,No evidence found,,,,,,,,,,,,,,,,,,Checked: no post-YC Form D matching the founders; no funding statement on website (3 pages) or YC page. LinkedIn/X/Crunchbase need a logged-in browser.,2026-10-01T03:27:46Z,,,,,,http://www.devcolor.org/,Unspecified,Early,7,No,0,,,0,0,0,,
lygos,Lygos,Winter 2016,No evidence found,,,,,,,,,,,,,,,,,,"Unverified Form D by same-named person: Rarebird, Inc. 0001987368-23-000001 sold 6518064 (first sale 2023-07-14, San Francisco); likely a different person. Unverified Form D by same-named person: Rarebird, Inc. 0001987368-23-000002 sold 400000 (first sale 2023-09-05, San Francisco); likely a different person. Unverified Form D by same-named person: Rarebird, Inc. 0001987368-24-000001 sold 100000 (first sale 2023-12-18, San Francisco); likely a different person. Unverified Form D by same-named person: Rarebird, Inc. 0001987368-24-000002 sold 1115000 (first sale 2023-12-18, San Francisco); likely a different person. Unverified Form D by same-named person: Rarebird, Inc. 0001987368-24-000003 sold 1000000 (first sale 2024-10-11, San Francisco); likely a different person. Checked: no post-YC Form D matching the founders; no funding statement on website (0 pages) or YC page. LinkedIn/X/Crunchbase need a logged-in browser.",2026-10-01T03:27:44Z,,,,,,http://www.lygos.com,Healthcare,Growth,55,No,0,,,0,0,0,,
zenysis,Zenysis,Winter 2016,No evidence found,,,,,,,,,,,,,,,,,,Checked: no post-YC Form D matching the founders; no funding statement on website (10 pages) or YC page. LinkedIn/X/Crunchbase need a logged-in browser.,2026-10-01T03:27:45Z,,,,,,http://www.zenysis.com,Government,Growth,11,Yes,0,,,0,0,0,,
astranis,Astranis,Winter 2016,Yes,750000000,,,,2,Company website,https://www.astranis.com/careers,We’ve raised $750 million from some of the best investors in the world.,,,,,,,,,High,Round date not stated on the source page; assumed post-YC because it is presented as current news. No matching post-YC Form D found.,2026-10-01T03:27:49Z,,,,750000000,No,http://www.astranis.com,Industrials,Growth,500,Yes,168,greenhouse,174,174,77,0,https://www.astranis.com/careers,"Aerospace Fabricator; Antenna Associate (Summer 2027); Antenna Associate (Winter 2027); Antenna Intern (Summer 2027); Antenna Intern (Winter 2027); Assembly, Integration, and Test Intern (Summer 2027); Assembly, Integration, and Test Intern (Winter 2027); Assembly, Integration, and Test Technician; Automation & Controls Engineering Associate (Summer 2027); Automation & Controls Engineering Associate (Winter 2027)"
protonet,Protonet,Winter 2016,No evidence found,,,,,,,,,,,,,,,,,,Checked: no post-YC Form D matching the founders; no funding statement on website (0 pages) or YC page. LinkedIn/X/Crunchbase need a logged-in browser.,2026-10-01T03:28:07Z,,,,,,https://protonet.info,B2B,Early,,No,0,,,0,0,0,,
boom,Boom,Winter 2016,Yes,100000000,Series B,,,2,Company website,https://boomsupersonic.com/newsroom,Milestone Boom Supersonic Closes $100 Million Series B to Develop Overture.,,,,,,,,,High,"Unverified Form D by same-named person: Cellular Longevity, Inc. 0001799919-24-000003 sold 76280239 (first sale 2024-03-05, San Francisco); likely a different person. Unverified Form D by same-named person: Cellular Longevity, Inc. 0001799919-24-000004 sold 22174971 (first sale 2024-10-11, San Francisco); likely a different person. Round date not stated on the source page; assumed post-YC because it is presented as current news. Other stated figure: $33 Million (https://boomsupersonic.com/newsroom). No matching post-YC Form D found.",2026-10-01T03:27:55Z,2019-04-05,100000000,https://boomsupersonic.com/newsroom (date printed near the quote),100000000,Yes,https://boomsupersonic.com/,Industrials,Growth,227,No,0,ashby,11,11,2,0,https://boomsupersonic.com/careers,GTM - Customer Success Manager; Software Engineering Manager; Director of Support; Associate Product Manager; Talent Network - don't see the role you are looking for but you're interested in Boom? - apply here!; Product Designer ; Software Engineer; GTM - Senior Business Development Representative; Commercial Lead - AE; Customer Support Associate 
relativity-space,Relativity Space,Winter 2016,No evidence found,,,,,,,,,,,,,,,,,,Checked: no post-YC Form D matching the founders; no funding statement on website (4 pages) or YC page. LinkedIn/X/Crunchbase need a logged-in browser.,2026-10-01T03:27:52Z,,,,,,http://relativityspace.com,Industrials,Growth,2500,Yes,3,,,3,0,0,https://www.relativityspace.com/careers,"Senior Software Engineer, Full Stack; Senior Software Engineer, Flight Software; Manager, Test, Release & Deployment Engineering"
sendbird,Sendbird,Winter 2016,Yes,52000000,Series B,,,2,Company website,https://sendbird.com/news,Raises $52 Million Series B,,,,,,,,,High,Manual review: $4.2 billion is the market size in the headline; the round was $52M.,2026-10-01T03:27:49Z,,,,52000000,Yes,https://sendbird.com,B2B,Growth,300,Yes,1,greenhouse,9,9,4,2,https://delight.ai/careers," AI Agent Engineer, Intern; Contract Technical Writer; Enterprise Security Engineer; Forward Deployed Product Manager; Head of Information Security; Head of Marketing Operations (Director); Sales Development Representative; Security Engineer; Software Engineer, AI Agent"
wakie,Wakie,Winter 2016,No evidence found,,,,,,,,,,,,,,,,,,Checked: no post-YC Form D matching the founders; no funding statement on website (4 pages) or YC page. LinkedIn/X/Crunchbase need a logged-in browser.,2026-10-01T03:27:58Z,,,,,,http://www.wakie.com,Consumer,Early,10,No,0,,,0,0,0,,
sanitation-and-health-rights-in-india-shri,Sanitation and Health Rights in India (SHRI),Winter 2016,No evidence found,,,,,,,,,,,,,,,,,,Checked: no post-YC Form D matching the founders; no funding statement on website (1 pages) or YC page. LinkedIn/X/Crunchbase need a logged-in browser.,2026-10-01T03:27:53Z,,,,,,http://www.sanrights.org,Unspecified,Early,1,No,0,,,0,0,0,,
quilt-data,Quilt Data,Winter 2016,No evidence found,,,,,,,,,,,,,,,,,,"Unverified Form D by same-named person: WRITESEA GROUP INC. 0001959447-24-000003 sold 2030108 (first sale 2022-03-22, Tulsa); likely a different person. Unverified Form D by same-named person: WRITESEA GROUP INC. 0001959447-24-000005 sold 775000 (first sale 2024-07-01, Tulsa); likely a different person. Unverified Form D by same-named person: GW Nutrition Inc. 0001855026-24-000001 sold 740000 (first sale 2024-06-12, Slater); likely a different person. Unverified Form D by same-named person: GW Nutrition Inc. 0001855026-26-000003 sold 3608758 (first sale 2026-07-16, Slater); likely a different person. Unverified Form D by same-named person: GW Nutrition Inc. 0001855026-26-000004 sold 3175894 (first sale 2026-07-16, Slater); likely a different person. Unverified Form D by same-named person: WRITESEA GROUP INC. 0001814554-26-000159 sold 200000 (first sale 2026-07-14, Oklahoma City); likely a different person. Checked: no post-YC Form D matching the founders; no funding statement on website (3 pages) or YC page. LinkedIn/X/Crunchbase need a logged-in browser.",2026-10-01T03:27:59Z,,,,,,https://quiltdata.com,B2B,Early,6,No,0,,,0,0,0,,
fightcamp,FightCamp,Winter 2016,No evidence found,,,,,,,,,,,,,,,,,,Checked: no post-YC Form D matching the founders; no funding statement on website (4 pages) or YC page. LinkedIn/X/Crunchbase need a logged-in browser.,2026-10-01T03:28:16Z,,,,,,http://joinfightcamp.com,Consumer,Early,64,No,0,,,0,0,0,,
carbic,Carbic,Winter 2016,No evidence found,,,,,,,,,,,,,,,,,,Checked: no post-YC Form D matching the founders; no funding statement on website (0 pages) or YC page. LinkedIn/X/Crunchbase need a logged-in browser.,2026-10-01T03:27:59Z,,,,,,http://carbic.com,Industrials,Early,8,No,0,,,0,0,0,,
netbeez,NetBeez,Winter 2016,No evidence found,,,,,,,,,,,,,,,,,,Checked: no post-YC Form D matching the founders; no funding statement on website (6 pages) or YC page. LinkedIn/X/Crunchbase need a logged-in browser.,2026-10-01T03:27:56Z,,,,,,https://netbeez.net,B2B,Early,12,No,0,,,0,0,0,https://netbeez.net/careers/,
mrelief,mRelief,Winter 2016,No evidence found,,,,,,,,,,,,,,,,,,Checked: no post-YC Form D matching the founders; no funding statement on website (4 pages) or YC page. LinkedIn/X/Crunchbase need a logged-in browser.,2026-10-01T03:27:58Z,,,,,,https://www.mrelief.com,Unspecified,Early,12,No,0,,,0,0,0,https://www.mrelief.com/,
histowiz,HistoWiz,Winter 2016,No evidence found,,,,,,,,,,,,,,,,,,Checked: no post-YC Form D matching the founders; no funding statement on website (1 pages) or YC page. LinkedIn/X/Crunchbase need a logged-in browser.,2026-10-01T03:27:57Z,,,,,,http://histowiz.com,Healthcare,Growth,2,No,0,,,0,0,0,,
golorry,GoLorry,Winter 2016,No evidence found,,,,,,,,,,,,,,,,,,Checked: no post-YC Form D matching the founders; no funding statement on website (1 pages) or YC page. LinkedIn/X/Crunchbase need a logged-in browser. National register for IN not checked.,2026-10-01T03:28:43Z,,,,,,http://www.golorry.com,B2B,Early,30,No,0,,,0,0,0,https://www.hugedomains.com/domain_profile.cfm?d=golorry.com,
gecko-robotics,Gecko Robotics,Winter 2016,Yes,121534561,Equity (per Form D; stage not stated),2025-05-15,,1,SEC Form D,https://www.sec.gov/Archives/edgar/data/1747029/000174702925000002/primary_doc.xml,totalAmountSold: 121534561; totalOfferingAmount: 139900000; dateOfFirstSale: 2025-05-15,0001747029,0001747029-25-000002,121534561,139900000,2025-05-15,Equity,29,"Gecko Robotics, Inc.",High,,2026-10-01T03:28:00Z,2025-05-15,121534561,SEC Form D 0001747029-25-000002,121534561,Yes,https://www.geckorobotics.com,Industrials,Growth,230,Yes,1,ashby,23,23,13,3,https://www.geckorobotics.com/careers,"Forward Deployed Engineer; Forward Deployed Engineer | Middle East ; Software Development Engineer in Test; NDT Advanced Services Operator | Commercial; Robot Field Operator; Deployment Lead | Oil & Gas; Forward Deployed Robotics Engineer ; Software Engineer | Data Platform; Quality Engineer, Hardware; Recruiting Coordinator"
lynks,Lynks,Winter 2016,No evidence found,,,,,,,,,,,,,,,,,,Checked: no post-YC Form D matching the founders; no funding statement on website (10 pages) or YC page. LinkedIn/X/Crunchbase need a logged-in browser. National register for EG not checked.,2026-10-01T03:28:01Z,,,,,,https://www.lynks.com/,Consumer,Growth,40,No,0,,,0,0,0,https://www.lynks.com/careers,
thunkable,Thunkable,Winter 2016,Yes,30000000,,2022-04-05,,4,Press (linked from YC company page),https://techcrunch.com/2022/04/05/thunkable-raises-30m-after-its-no-code-mobile-app-development-platform-hits-3m-users-and-6m-apps/,Thunkable raises $30M after its no-code mobile app development platform hits 3M users and 6M apps – TechCrunch,,,,,,,,,Medium,"Unverified Form D by same-named person: Epicore Biosystems, Inc. 0001755876-25-000001 sold 25686104 (first sale 2024-12-11, Cambridge); likely a different person. Unverified Form D by same-named person: Epicore Biosystems, Inc. 0001755876-25-000003 sold 25686104 (first sale 2024-12-11, Cambridge); likely a different person. No matching post-YC Form D found.",2026-10-01T03:28:04Z,2022-04-05,30000000,Press (linked from YC company page),30000000,Yes,http://thunkable.com,B2B,Growth,40,Yes,2,lever,2,2,0,0,,Product Designer; Senior Data Analyst (Product Analyst)
apollo-io,Apollo.io,Winter 2016,Yes,110000000,,2022-03-03,,4,Press (linked from YC company page),https://techcrunch.com/2022/03/03/apollo-io-raises-110m-as-its-crosses-16k-paying-users-of-its-sales-intelligence-platform/,Apollo.io raises $110M as its crosses 16K paying users of its sales intelligence platform – TechCrunch,,,,,,,,,Medium,No matching post-YC Form D found.,2026-10-01T03:28:05Z,2022-03-03,110000000,Press (linked from YC company page),110000000,Yes,https://www.apollo.io/,B2B,Growth,800,Yes,3,greenhouse,49,49,11,2,https://www.apollo.io/careers,"Account Executive / Account Manager, MM (India); Account Executive / Account Manager, SMB (India); Account Executive, Mid-Market (London); Account Executive, New Business (Mid-Market); Account Executive, SMB; Account Executive, SMB; Account Executive, SMB; Account Manager, Mid Market (London); Account Manager, SMB ; Account Manager, SMB "
salt-security,Salt Security,Winter 2016,No evidence found,,,,,,,,,,,,,,,,,,Checked: no post-YC Form D matching the founders; no funding statement on website (3 pages) or YC page. LinkedIn/X/Crunchbase need a logged-in browser.,2026-10-01T03:28:02Z,,,,,,https://salt.security/,B2B,Growth,200,No,0,greenhouse,13,13,2,0,https://salt.security/careers,Channel Account Manager - East; Controller - Part-Time (50%); Enterprise Account Executive — Heartland Enterprise; Enterprise Account Executive - Mid Atlantic; Enterprise Account Executive -  New Jersey & Philly; Head of Revenue Operations; Head of UX; Platform Engineer- Edge Team; Revenue Operations Manager; Security Engineer
pave,Pave,Winter 2016,No evidence found,,,,,,,,,,,,,,,,,,Checked: no post-YC Form D matching the founders; no funding statement on website (2 pages) or YC page. LinkedIn/X/Crunchbase need a logged-in browser. National register for CA not checked.,2026-10-01T03:28:02Z,,,,,,https://www.paveai.com/,B2B,Early,6,No,0,,,0,0,0,https://www.paveai.com/careers,
luciq,Luciq (formerly Instabug),Winter 2016,Yes,46000000,Series B,2022-05-17,,4,Press (linked from YC company page),https://blog.instabug.com/instabug-raises-46m-series-b/,Instabug Raises $46M Series B to Build the First Mobile Observability and Performance Monitoring Platform | Instabug Blog,,,,,,,,,Medium,No matching post-YC Form D found.,2026-10-01T03:28:06Z,2022-05-17,46000000,Press (linked from YC company page),46000000,Yes,https://luciq.ai,B2B,Growth,250,No,0,,,0,0,0,https://www.luciq.ai/careers,
function-of-beauty,Function of Beauty,Winter 2016,No evidence found,,,,,,,,,,,,,,,,,,Checked: no post-YC Form D matching the founders; no funding statement on website (2 pages) or YC page. LinkedIn/X/Crunchbase need a logged-in browser.,2026-10-01T03:28:30Z,,,,,,http://www.functionofbeauty.com,Consumer,Growth,300,Yes,1,,,1,0,0,,Graphic Designer
superside,Superside,Winter 2016,No evidence found,,,,,,,,,,,,,,,,,,Checked: no post-YC Form D matching the founders; no funding statement on website (4 pages) or YC page. LinkedIn/X/Crunchbase need a logged-in browser. National register for NO not checked.,2026-10-01T03:28:06Z,,,,,,http://www.superside.com,B2B,Early,850,No,0,lever,15,15,0,2,https://careers.superside.com/,Account Director; AI Creative Director / AI Associate Creative Director; AI Lead Creative; Business Development Manager; Conceptual Art Director; Conceptual Copywriter; Creative (Graphic Designer); Creative (Illustrator); Creative (Motion Design); Director of Creative Strategy
netomi,Netomi,Winter 2016,Yes,42999977,Equity (per Form D; stage not stated),2025-11-03,,1,SEC Form D,https://www.sec.gov/Archives/edgar/data/1701548/000123191925000519/primary_doc.xml,totalAmountSold: 42999977; totalOfferingAmount: 54999974; dateOfFirstSale: 2025-11-03,0001701548,0001231919-25-000519,42999977,54999974,2025-11-03,Equity,3,"AI NETOMI, INC.",High,"Form D clarification: Includes conversion of $6,000,000 in simple agreements for future equity.",2026-10-01T03:28:16Z,2025-11-03,42999977,SEC Form D 0001231919-25-000519,42999977,Yes,https://netomi.com,B2B,Early,3,Yes,2,lever,23,23,10,3,,Agentic Engineer Level II/III; Agentic Product Manager; Agentic Solution Engineer; Agentic Solution Engineer; Channel Co-Sell Director; Data Engineer I; Data Engineer II; Data Scientist - II; Human Resources Business Partner; Partner Enablement Manager
castle-2,Castle,Winter 2016,No evidence found,,,,,,,,,,,,,,,,,,Checked: no post-YC Form D matching the founders; no funding statement on website (4 pages) or YC page. LinkedIn/X/Crunchbase need a logged-in browser.,2026-10-01T03:28:53Z,,,,,,https://castle.io,B2B,Growth,20,Yes,0,ashby,2,2,2,0,,Software Engineer; Backend Software Engineer
opentrons,Opentrons,Winter 2016,No evidence found,,,,,,,,,,,,,,,,,,Checked: no post-YC Form D matching the founders; no funding statement on website (4 pages) or YC page. LinkedIn/X/Crunchbase need a logged-in browser.,2026-10-01T03:28:15Z,,,,,,http://opentrons.com,Healthcare,Growth,300,No,0,,,0,0,0,https://opentrons.com/,
mailtime,MailTime,Winter 2016,No evidence found,,,,,,,,,,,,,,,,,,Checked: no post-YC Form D matching the founders; no funding statement on website (2 pages) or YC page. LinkedIn/X/Crunchbase need a logged-in browser. National register for HK not checked.,2026-10-01T03:28:07Z,,,,,,http://mailtime.com,B2B,Early,18,Yes,0,,,0,0,0,,
revl,Revl,Winter 2016,No evidence found,,,,,,,,,,,,,,,,,,Checked: no post-YC Form D matching the founders; no funding statement on website (4 pages) or YC page. LinkedIn/X/Crunchbase need a logged-in browser.,2026-10-01T03:28:08Z,,,,,,https://revl.com/,B2B,Growth,22,No,0,,,0,0,0,https://revl.com/careers,
pocketsuite,PocketSuite,Winter 2016,No evidence found,,,,,,,,,,,,,,,,,,Checked: no post-YC Form D matching the founders; no funding statement on website (3 pages) or YC page. LinkedIn/X/Crunchbase need a logged-in browser.,2026-10-01T03:28:14Z,,,,,,https://pocketsuite.io,B2B,Growth,30,Yes,3,,,3,0,0,https://pocketsuite.io/?utm_source=redirect,Lead Generalist Engineer; Customer Success Product Expert & Business Coach; Marketing Generalist - SMB Growth & Strategy
meter-feeder,Meter Feeder,Winter 2016,Yes,2600000,Seed,2022-04-20,,4,Press (linked from YC company page),https://www.bizjournals.com/pittsburgh/inno/stories/fundings/2022/04/19/parking-platform-meter-feeder-lands-2-6-million.html,Parking platform Meter Feeder lands $2.6 million seed extension round,,,,,,,,,Medium,No matching post-YC Form D found.,2026-10-01T03:28:12Z,2022-04-20,2600000,Press (linked from YC company page),2600000,Yes,http://www.meterfeeder.com,Fintech,Early,4,No,0,,,0,0,0,,
gigwell,Gigwell,Winter 2016,No evidence found,,,,,,,,,,,,,,,,,,Checked: no post-YC Form D matching the founders; no funding statement on website (4 pages) or YC page. LinkedIn/X/Crunchbase need a logged-in browser.,2026-10-01T03:28:13Z,,,,,,https://www.gigwell.com,B2B,Early,12,No,0,,,0,0,0,https://www.gigwell.com/team,
copia,Copia,Winter 2016,No evidence found,,,,,,,,,,,,,,,,,,Checked: no post-YC Form D matching the founders; no funding statement on website (2 pages) or YC page. LinkedIn/X/Crunchbase need a logged-in browser.,2026-10-01T03:28:15Z,,,,,,http://www.gocopia.com,B2B,Early,20,No,0,lever,5,5,2,1,,Engineering Manager: Applied AI; Engineering Manager: Core Applications Platform; Head of People; Revenue Operations Lead; Senior Product Designer
deako,Deako,Winter 2016,Yes,3413518,Convertible note (per Form D; stage not stated),2024-06-28,,1,SEC Form D,https://www.sec.gov/Archives/edgar/data/1658490/000165849024000001/primary_doc.xml,totalAmountSold: 3413518; totalOfferingAmount: 3413518; dateOfFirstSale: 2024-06-28,0001658490,0001658490-24-000001,3413518,3413518,2024-06-28,Debt; OptionToAcquire; Other; Other: Convertible Promissory Notes,29,"Deako, Inc.",High,,2026-10-01T03:28:17Z,2024-06-28,3413518,SEC Form D 0001658490-24-000001,3413518,Yes,https://www.deako.com,Consumer,Growth,11,No,0,,,0,0,0,,
bird,Bird,Summer 2016,No evidence found,,,,,,,,,,,,,,,,,,Checked: no post-YC Form D matching the founders; no funding statement on website (7 pages) or YC page. LinkedIn/X/Crunchbase need a logged-in browser. National register for NL not checked.,2026-10-01T03:28:20Z,,,,,,http://bird.com,B2B,Growth,500,No,0,greenhouse,31,31,0,0,https://bird.com/careers,"City Operations Manager- Kamloops, Canada; E-Scooter Field Operations Specialist - Newark, NJ; Fleet Manager - Memphis, TN (Contract); Fleet Manager - Oklahoma City, Oklahoma; Fleet Manager - Penticton, Canada (Contract); Fleet Van Operator; General Expression of Interest: Operations; General Manager Canada ; Maintenance Specialist - Windsor, ON; Operations Partner - Ann Arbor, MI"
scale-ai,Scale AI,Summer 2016,No evidence found,,,,,,,,,,,,,,,,,,Checked: no post-YC Form D matching the founders; no funding statement on website (5 pages) or YC page. LinkedIn/X/Crunchbase need a logged-in browser.,2026-10-01T03:28:20Z,,,,,,http://scale.com,B2B,Growth,500,Yes,6,greenhouse,193,193,80,53,https://scale.com/careers,"AI Advisory Consultant; AI Advisory Principal; AI Product Manager (Coding/Multimodal); AI Strategy Consultant, Frontier Tech; Applied AI Engineer, Global Public Sector; Business Development Representative, Partnerships (Physical AI); Chief of Staff, Public Sector Engineering & Security ; Communications Senior Manager, Corporate & Product (Enterprise) ; Contributor Experience Manager, Community; Data Acquisition Lead, Frontier Environments"
expo,Expo,Summer 2016,No evidence found,,,,,,,,,,,,,,,,,,Checked: no post-YC Form D matching the founders; no funding statement on website (7 pages) or YC page. LinkedIn/X/Crunchbase need a logged-in browser.,2026-10-01T03:28:25Z,,,,,,https://expo.dev,B2B,Growth,40,No,0,,,0,0,0,https://expo.dev/careers,
elemeno-health,Elemeno Health,Summer 2016,Yes,9376036,Equity (per Form D; stage not stated),2021-12-17,,1,SEC Form D,https://www.sec.gov/Archives/edgar/data/1805018/000180501823000001/primary_doc.xml,totalAmountSold: 6025692; totalOfferingAmount: 6025692; dateOfFirstSale: 2021-12-17,0001805018,0001805018-23-000001,6025692,6025692,2021-12-17,Equity,35,"Elemeno Health, Inc.",High,"2 post-YC Form D offerings summed: 0001805018-23-000001 $6025692 (2021-12-17), 0001805018-24-000001 $3350344 (2023-11-16)",2026-10-01T03:28:19Z,2023-11-16,3350344,SEC Form D 0001805018-24-000001,9376036,Yes,http://elemenohealth.com,Healthcare,Growth,25,No,0,,,0,0,0,,
suiteness,Suiteness,Summer 2016,No evidence found,,,,,,,,,,,,,,,,,,Checked: no post-YC Form D matching the founders; no funding statement on website (4 pages) or YC page. LinkedIn/X/Crunchbase need a logged-in browser.,2026-10-01T03:28:16Z,,,,,,https://www.suiteness.com,Consumer,Growth,7,No,0,,,0,0,0,https://www.suiteness.com/careers,
jumpcut,Jumpcut,Summer 2016,No evidence found,,,,,,,,,,,,,,,,,,Checked: no post-YC Form D matching the founders; no funding statement on website (0 pages) or YC page. LinkedIn/X/Crunchbase need a logged-in browser.,2026-10-01T03:28:22Z,,,,,,http://www.jumpcut.com,Education,Early,11,No,0,,,0,0,0,,
quero-education,Quero Education,Summer 2016,No evidence found,,,,,,,,,,,,,,,,,,Checked: no post-YC Form D matching the founders; no funding statement on website (1 pages) or YC page. LinkedIn/X/Crunchbase need a logged-in browser. National register for BR not checked.,2026-10-01T03:28:24Z,,,,,,http://querobolsa.com.br,Education,Growth,200,No,0,,,0,0,0,,
apolloshield,ApolloShield,Summer 2016,No evidence found,,,,,,,,,,,,,,,,,,Checked: no post-YC Form D matching the founders; no funding statement on website (1 pages) or YC page. LinkedIn/X/Crunchbase need a logged-in browser. National register for IL not checked.,2026-10-01T03:28:18Z,,,,,,https://www.apolloshield.com,Industrials,Early,,No,0,,,0,0,0,,
people-ai,People.ai,Summer 2016,No evidence found,,,,,,,,,,,,,,,,,,Checked: no post-YC Form D matching the founders; no funding statement on website (6 pages) or YC page. LinkedIn/X/Crunchbase need a logged-in browser.,2026-10-01T03:28:23Z,,,,,,https://people.ai,B2B,Growth,300,Yes,1,lever,8,8,5,0,https://www.backstory.ai/about-us/careers,"Key Account Executive; Senior Information Security Manager; Senior Product Manager, Data Platform; Senior Software Engineer — Data Modeling (Europe); Senior Software Engineer — Matching (Canada); Senior Software Engineer — Matching (Europe); Senior Software Engineer — XCore (Europe); Software Engineer — XCore (Europe)"
yoshi-mobility,Yoshi Mobility,Summer 2016,Yes,25688885,Equity (per Form D; stage not stated),2023-06-30,,1,SEC Form D,https://www.sec.gov/Archives/edgar/data/1726643/000172664323000002/primary_doc.xml,totalAmountSold: 25688885; totalOfferingAmount: 40688616; dateOfFirstSale: 2023-06-30,0001726643,0001726643-23-000002,25688885,40688616,2023-06-30,Equity,7,"Yoshi, Inc.",High,"Unverified Form D by same-named person: Crossings of Kenton SPE LLC 0002002269-23-000001 sold 0 (first sale yetToOccur, Columbus); likely a different person.",2026-10-01T03:28:28Z,2023-06-30,25688885,SEC Form D 0001726643-23-000002,25688885,Yes,https://www.yoshimobility.com,Consumer,Growth,125,No,0,,,0,0,0,https://www.yoshimobility.com/careers/,
omg-digital,OMG Digital,Summer 2016,No evidence found,,,,,,,,,,,,,,,,,,Checked: no post-YC Form D matching the founders; no funding statement on website (0 pages) or YC page. LinkedIn/X/Crunchbase need a logged-in browser. National register for GH not checked.,2026-10-01T03:28:20Z,,,,,,http://omgdigitalinc.com/,Consumer,Early,2,No,0,,,0,0,0,,
circa,Circa,Summer 2016,No evidence found,,,,,,,,,,,,,,,,,,Checked: no post-YC Form D matching the founders; no funding statement on website (3 pages) or YC page. LinkedIn/X/Crunchbase need a logged-in browser.,2026-10-01T03:28:21Z,,,,,,http://www.circa.co,B2B,Early,21,No,0,,,0,0,0,,
ready-education,Ready Education,Summer 2016,No evidence found,,,,,,,,,,,,,,,,,,Checked: no post-YC Form D matching the founders; no funding statement on website (6 pages) or YC page. LinkedIn/X/Crunchbase need a logged-in browser. National register for CA not checked.,2026-10-01T03:28:27Z,,,,,,https://www.readyeducation.com,Consumer,Growth,54,No,0,,,0,0,0,http://www.readyeducation.com/about/careers/,
flutterwave,Flutterwave,Summer 2016,No evidence found,,,,,,,,,,,,,,,,,,Checked: no post-YC Form D matching the founders; no funding statement on website (3 pages) or YC page. LinkedIn/X/Crunchbase need a logged-in browser. National register for NG not checked.,2026-10-01T03:28:26Z,,,,,,https://flutterwave.com,Fintech,Growth,500,No,0,,,0,0,0,https://flutterwave.com/us/careers,
emote,Emote,Summer 2016,No evidence found,,,,,,,,,,,,,,,,,,Checked: no post-YC Form D matching the founders; no funding statement on website (2 pages) or YC page. LinkedIn/X/Crunchbase need a logged-in browser.,2026-10-01T03:28:25Z,,,,,,http://www.emotenow.com,Consumer,Early,6,No,0,,,0,0,0,,
smartpath,SmartPath,Summer 2016,Yes,2700000,,,,2,Company website,https://www.joinsmartpath.com/news-press,SmartPath Lands $2.7M in Funding.,,,,,,,,,High,Round date not stated on the source page; assumed post-YC because it is presented as current news. No matching post-YC Form D found.,2026-10-01T03:28:30Z,,,,2700000,Yes,http://joinsmartpath.com,Fintech,Growth,16,No,0,,,0,0,0,https://www.joinsmartpath.com/,
curtsy,Curtsy,Summer 2016,No evidence found,,,,,,,,,,,,,,,,,,Checked: no post-YC Form D matching the founders; no funding statement on website (7 pages) or YC page. LinkedIn/X/Crunchbase need a logged-in browser.,2026-10-01T03:28:27Z,,,,,,http://curtsyapp.com/,Consumer,Growth,15,No,0,,,0,0,0,,
validere,Validere,Summer 2016,Yes,43000000,,,,2,Company website,https://www.validere.com/press,Validere raises $43MM to scale its all-in-one commodity management platform.,,,,,,,,,High,Round date not stated on the source page; assumed post-YC because it is presented as current news. Other stated figure: $20 million (https://www.validere.com/press). No matching post-YC Form D found.,2026-10-01T03:28:27Z,,,,43000000,Yes,http://validere.com,Industrials,Growth,110,No,0,,,0,0,0,https://www.validere.com/careers,
airfordable,Airfordable,Summer 2016,No evidence found,,,,,,,,,,,,,,,,,,Checked: no post-YC Form D matching the founders; no funding statement on website (3 pages) or YC page. LinkedIn/X/Crunchbase need a logged-in browser.,2026-10-01T03:28:29Z,,,,,,http://www.airfordable.com,Fintech,Growth,7,No,0,,,0,0,0,https://www.airfordable.com/careers/,
athelas,Athelas,Summer 2016,Yes,1327582079,Equity (per Form D; stage not stated),2023-09-22,,1,SEC Form D,https://www.sec.gov/Archives/edgar/data/1717731/000171773123000002/primary_doc.xml,totalAmountSold: 1284409056; totalOfferingAmount: 1284409056; dateOfFirstSale: 2023-10-03,0001717731,0001717731-23-000002,1284409056,1284409056,2023-10-03,Equity,56,"Commure, Inc.",High,"Legal name differs from brand; matched on related person(s) Deepika Bodapati, Tanay Tandon, issuer in San Francisco, CA. 3 post-YC Form D offerings summed: 0001717731-23-000001 $38718284 (2023-09-22), 0001717731-23-000002 $1284409056 (2023-10-03), 0001717731-24-000001 $4454739 (2024-05-23)",2026-10-01T03:28:34Z,2024-05-23,4454739,SEC Form D 0001717731-24-000001,1327582079,No,http://athelas.com,Healthcare,Growth,1000,Yes,102,,,102,0,0,https://www.athelas.com/careers,"Senior Software Engineer - Ambient ; Provider-Only Clinical Account Executive; Senior Engineering Manager, Platform Infrastructure Engineering; Implementation Consultant;  Onboarding Manager; Implementation Manager, RCM Launch; Enterprise Account Executive, Strongline ; Enterprise Sales Director, RCM; HR Compliance, Risk & Policy Lead; Senior Analyst, Denial Management (India)"
miso,Miso,Summer 2016,No evidence found,,,,,,,,,,,,,,,,,,Checked: no post-YC Form D matching the founders; no funding statement on website (3 pages) or YC page. LinkedIn/X/Crunchbase need a logged-in browser. National register for KR not checked.,2026-10-01T03:28:51Z,,,,,,http://miso.kr,Consumer,Growth,300,Yes,1,,,1,0,0,https://miso.kr/,Founding Business Lead (U.S. Expansion)
squire-technologies,Squire Technologies,Summer 2016,No evidence found,,,,,,,,,,,,,,,,,,Checked: no post-YC Form D matching the founders; no funding statement on website (3 pages) or YC page. LinkedIn/X/Crunchbase need a logged-in browser.,2026-10-01T03:28:31Z,,,,,,http://getsquire.com/,Consumer,Early,150,No,0,,,0,0,0,,
gogograndparent,GoGoGrandparent,Summer 2016,No evidence found,,,,,,,,,,,,,,,,,,Checked: no post-YC Form D matching the founders; no funding statement on website (8 pages) or YC page. LinkedIn/X/Crunchbase need a logged-in browser.,2026-10-01T03:28:32Z,,,,,,https://gogograndparent.com,Consumer,Growth,50,Yes,3,,,3,0,0,https://www.gogograndparent.com/careers,Backend Engineer; Growth Product Manager; Scientific Partnerships Lead
hioperator,HiOperator,Summer 2016,No evidence found,,,,,,,,,,,,,,,,,,Checked: no post-YC Form D matching the founders; no funding statement on website (2 pages) or YC page. LinkedIn/X/Crunchbase need a logged-in browser.,2026-10-01T03:28:31Z,,,,,,http://www.hioperator.com,B2B,Growth,200,Yes,3,,,3,0,0,,Business Development Representative; Business Software Developer; Senior Software Engineer
synvivia,Synvivia,Summer 2016,No evidence found,,,,,,,,,0002003070,,,,,,,"Synvivia, Inc.",,small Form D 0002003070-23-000001: sold 54096 first sale 2023-12-06 Checked: no post-YC Form D matching the founders; no funding statement on website (1 pages) or YC page. LinkedIn/X/Crunchbase need a logged-in browser.,2026-10-01T03:28:33Z,,,,,,https://www.synvivia.com,Healthcare,Early,4,No,0,,,0,0,0,,
legalist,Legalist,Summer 2016,No evidence found,,,,,,,,,,,,,,,,,,Checked: no post-YC Form D matching the founders; no funding statement on website (4 pages) or YC page. LinkedIn/X/Crunchbase need a logged-in browser.,2026-10-01T03:28:40Z,,,,,,https://www.legalist.com,Fintech,Early,40,Yes,5,greenhouse,5,5,1,0,https://www.legalist.com/careers,"Business Development Associate, Legal Partnerships; Content Marketing Manager; GTM Engineer; Head of Recruiting and Human Resources; Managing Director, Originations"
new-incentives,New Incentives,Summer 2016,No evidence found,,,,,,,,,,,,,,,,,,Checked: no post-YC Form D matching the founders; no funding statement on website (4 pages) or YC page. LinkedIn/X/Crunchbase need a logged-in browser.,2026-10-01T03:28:33Z,,,,,,http://www.newincentives.org,Unspecified,Early,51,No,0,,,0,0,0,,
multiply-labs,Multiply Labs,Summer 2016,Yes,11100000,Convertible note (per Form D; stage not stated),2023-04-10,,1,SEC Form D,https://www.sec.gov/Archives/edgar/data/1690573/000156761923005735/primary_doc.xml,totalAmountSold: 11100000; totalOfferingAmount: 11100000; dateOfFirstSale: 2023-04-10,0001690573,0001567619-23-005735,11100000,11100000,2023-04-10,Debt; OptionToAcquire; Other; Other: Convertible Promissory Notes,4,"Multiply Labs, Inc.",High,,2026-10-01T03:28:35Z,2023-04-10,11100000,SEC Form D 0001567619-23-005735,11100000,Yes,http://multiplylabs.com/,Industrials,Growth,36,Yes,0,lever,6,6,3,4,https://www.multiplylabs.com/careers,"Open Applications at Multiply Labs; Robotics Engineer; Scientist II; Senior / Staff Robotics Research Scientist - Dexterous & Mobile Manipulation; Staff Quality Systems & Compliance Engineer; VP Software Engineering, Robotics & System"
women-who-code,Women Who Code,Summer 2016,No evidence found,,,,,,,,,,,,,,,,,,Checked: no post-YC Form D matching the founders; no funding statement on website (9 pages) or YC page. LinkedIn/X/Crunchbase need a logged-in browser.,2026-10-01T03:28:34Z,,,,,,https://www.womenwhocode.com/,Unspecified,Early,25,Yes,0,,,0,0,0,https://www.womenwhocode.com/careers,
the-flex-company,The Flex Company,Summer 2016,No evidence found,,,,,,,,,,,,,,,,,,Checked: no post-YC Form D matching the founders; no funding statement on website (3 pages) or YC page. LinkedIn/X/Crunchbase need a logged-in browser.,2026-10-01T03:28:40Z,,,,,,http://www.flexfits.com,Consumer,Early,28,No,0,,,0,0,0,,
onechronos,OneChronos,Summer 2016,No evidence found,,,,,,,,,,,,,,,,,,"Unverified Form D by same-named person: Notable Systems, Inc. 0001677555-25-000002 sold 11905104 (first sale 2025-03-21, Wilmington); likely a different person. Unverified Form D by same-named person: Notable Systems, Inc. 0001677555-25-000004 sold 18133495 (first sale 2025-03-21, Denver); likely a different person. Unverified Form D by same-named person: Notable Systems, Inc. 0001677555-26-000001 sold 21028484 (first sale 2025-03-21, Denver); likely a different person. Checked: no post-YC Form D matching the founders; no funding statement on website (3 pages) or YC page. LinkedIn/X/Crunchbase need a logged-in browser.",2026-10-01T03:28:45Z,,,,,,https://www.onechronos.com/,Fintech,Growth,75,Yes,6,ashby,1,6,0,0,https://www.onechronos.com/careers/,"Business Development, Mission Control | OneChronos Markets"
nova-credit,Nova Credit,Summer 2016,Yes,50000000,Series B,,,2,Company website,https://www.novacredit.com/corporate-blog?category=announcements,Why we raised a $50M Series B.,,,,,,,,,High,Round date not stated on the source page; assumed post-YC because it is presented as current news. No matching post-YC Form D found.,2026-10-01T03:28:38Z,,,,50000000,Yes,http://www.novacredit.com/,Fintech,Growth,100,Yes,3,greenhouse,8,8,3,0,https://www.novacredit.com/careers,"Campaign Marketing Lead; Senior Deployment Lead; Senior Product Manager; Senior Software Engineer; Senior Solutions Architect, Partnerships; Senior Strategic Account Manager, Financial Services; Staff Product Manager, Property Management; Staff Software Engineer"
instrumentl,Instrumentl,Summer 2016,No evidence found,,,,,,,,,,,,,,,,,,Checked: no post-YC Form D matching the founders; no funding statement on website (9 pages) or YC page. LinkedIn/X/Crunchbase need a logged-in browser.,2026-10-01T03:28:39Z,,,,,,https://www.instrumentl.com,B2B,Early,100,Yes,8,lever,10,10,2,0,https://www.instrumentl.com/careers,"Inbound Sales Development Representative; Inbound Sales Development Representative - Entry Level; Manager, Scaled Customer Success; Marketing Ops Manager; Outbound Sales Development Representative; Sales Manager, SMB and Commercial; Senior Backend Engineer; Senior Content Marketing Manager; Senior Full Stack Software Engineer; Senior Product Manager - Core"
rocketlit,RocketLit,Summer 2016,No evidence found,,,,,,,,,,,,,,,,,,Checked: no post-YC Form D matching the founders; no funding statement on website (1 pages) or YC page. LinkedIn/X/Crunchbase need a logged-in browser.,2026-10-01T03:28:38Z,,,,,,http://www.rocketlit.com,Education,Early,11,No,0,,,0,0,0,,
livement,Livement,Summer 2016,No evidence found,,,,,,,,,,,,,,,,,,Checked: no post-YC Form D matching the founders; no funding statement on website (10 pages) or YC page. LinkedIn/X/Crunchbase need a logged-in browser. National register for MX not checked.,2026-10-01T03:28:52Z,,,,,,https://boletomovil.com,B2B,Early,45,No,0,,,0,0,0,,
rose-rocket,Rose Rocket,Summer 2016,Yes,38000000,,2023-06-20,,4,Press (linked from YC company page),https://techcrunch.com/2023/06/20/rose-rocket-whose-platform-helps-transportation-companies-communicate-raises-38m/,"Rose Rocket, whose platform helps transportation companies communicate, raises $38M | TechCrunch",,,,,,,,,Medium,No matching post-YC Form D found.,2026-10-01T03:28:38Z,2023-06-20,38000000,Press (linked from YC company page),38000000,Yes,http://roserocket.com,B2B,Growth,165,Yes,0,,,0,0,0,,
vote-org,Vote.org,Summer 2016,No evidence found,,,,,,,,,,,,,,,,,,Checked: no post-YC Form D matching the founders; no funding statement on website (4 pages) or YC page. LinkedIn/X/Crunchbase need a logged-in browser.,2026-10-01T03:28:39Z,,,,,,http://www.vote.org,Consumer,Early,,No,0,,,0,0,0,,
upgraded,Upgraded,Summer 2016,No evidence found,,,,,,,,,,,,,,,,,,Checked: no post-YC Form D matching the founders; no funding statement on website (1 pages) or YC page. LinkedIn/X/Crunchbase need a logged-in browser.,2026-10-01T03:29:03Z,,,,,,http://getupgraded.com,Consumer,Early,13,No,0,,,0,0,0,,
raptor-maps,Raptor Maps,Summer 2016,Yes,22000000,Series B,2022-04-13,,4,Press (linked from YC company page),https://www.axios.com/pro/climate-deals/2022/04/13/raptor-maps-closes-22m-series-b,Raptor Maps Closes $22M Series B,,,,,,,,,Medium,No matching post-YC Form D found.,2026-10-01T03:28:42Z,2022-04-13,22000000,Press (linked from YC company page),22000000,Yes,http://www.raptormaps.com,Industrials,Growth,75,No,0,,,0,0,0,https://raptormaps.com/about/careers,
joy,Joy,Summer 2016,No evidence found,,,,,,,,,,,,,,,,,,Checked: no post-YC Form D matching the founders; no funding statement on website (10 pages) or YC page. LinkedIn/X/Crunchbase need a logged-in browser.,2026-10-01T03:28:53Z,,,,,,http://withjoy.com,Consumer,Growth,100,Yes,6,,,6,0,0,https://withjoy.com/careers/,Engineering Leader Back-End; Senior Product Designer; Engineering Leader Front-End; Digital Marketing Manager; Principal Product Manager   ; Senior Brand Designer
vetcove,Vetcove,Summer 2016,No evidence found,,,,,,,,,,,,,,,,,,Checked: no post-YC Form D matching the founders; no funding statement on website (3 pages) or YC page. LinkedIn/X/Crunchbase need a logged-in browser.,2026-10-01T03:28:44Z,,,,,,https://www.vetcove.com,B2B,Growth,170,Yes,2,ashby,27,27,6,1,https://shop.vetcove.com/careers/,Controller; Vet Clinic Support Associate; Vet Clinic Implementation Associate ; Veterinary Project Manager ; AI Integrations Staff Engineer; Clinic Sales Manager; Staff Design Engineer ; Senior Engineering Manager; Associate Product Manager; Associate Account Manager
prime-lightworks,Prime Lightworks,Summer 2016,No evidence found,,,,,,,,,,,,,,,,,,Checked: no post-YC Form D matching the founders; no funding statement on website (1 pages) or YC page. LinkedIn/X/Crunchbase need a logged-in browser.,2026-10-01T03:29:01Z,,,,,,http://www.primelightworks.com,Industrials,Early,1,No,0,,,0,0,0,https://primelightworks.com/careers/,
flock-safety,Flock Safety,Summer 2017,Yes,150000000,,,Tiger Global,2,YC company/launch page,https://www.ycombinator.com/companies/flock-safety,We have raised $150M in our Series E led by Tiger Global at a $3.5B valuation.,,,,,,,,,High,Round date not stated on the source page; assumed post-YC because it is presented as current news. No matching post-YC Form D found.,2026-10-01T03:28:43Z,,,,150000000,Yes,http://www.flocksafety.com,B2B,Growth,1000,Yes,7,,,7,0,0,https://www.flocksafety.com/careers,"Senior Video Software Engineer; Senior Software Engineer, Backend Integrations; Staff Software Engineer - Rust; Senior Software Engineer, Video FullStack Experience; Staff AI Systems Engineer ; Senior ML Engineer, Enrichment ; Operations Research Scientist "
cashfree-payments,Cashfree Payments,Summer 2017,Yes,23000004,Equity (per Form D; stage not stated),2025-03-13,,1,SEC Form D,https://www.sec.gov/Archives/edgar/data/1772853/000177285325000001/primary_doc.xml,totalAmountSold: 23000004; totalOfferingAmount: 23000004; dateOfFirstSale: 2025-03-13,0001772853,0001772853-25-000001,23000004,23000004,2025-03-13,Equity,2,"Cashfree, Inc.",High,,2026-10-01T03:29:02Z,2025-03-13,23000004,SEC Form D 0001772853-25-000001,23000004,Yes,https://www.cashfree.com/,Fintech,Growth,200,Yes,1,,,1,0,0,https://www.cashfree.com/careers,Engineering Manager
candidately,Candidately,Summer 2017,No evidence found,,,,,,,,,,,,,,,,,,Checked: no post-YC Form D matching the founders; no funding statement on website (2 pages) or YC page. LinkedIn/X/Crunchbase need a logged-in browser.,2026-10-01T03:29:02Z,,,,,,https://www.candidately.com/,B2B,Early,9,No,0,,,0,0,0,,
followupthen,FollowUpThen,Summer 2017,No evidence found,,,,,,,,,,,,,,,,,,Checked: no post-YC Form D matching the founders; no funding statement on website (2 pages) or YC page. LinkedIn/X/Crunchbase need a logged-in browser.,2026-10-01T03:28:44Z,,,,,,https://www.followupthen.com/,B2B,Early,1,No,0,,,0,0,0,,
thematic,Thematic,Summer 2017,No evidence found,,,,,,,,,,,,,,,,,,Checked: no post-YC Form D matching the founders; no funding statement on website (3 pages) or YC page. LinkedIn/X/Crunchbase need a logged-in browser. National register for NZ not checked.,2026-10-01T03:28:48Z,,,,,,http://www.getthematic.com,B2B,Early,20,No,0,,,0,0,0,,
10-by-10,10 By 10,Summer 2017,No evidence found,,,,,,,,,,,,,,,,,,Checked: no post-YC Form D matching the founders; no funding statement on website (2 pages) or YC page. LinkedIn/X/Crunchbase need a logged-in browser.,2026-10-01T03:28:55Z,,,,,,https://10by10.io,B2B,Early,5,No,0,,,0,0,0,,
forever-labs,Forever Labs,Summer 2017,No evidence found,,,,,,,,,,,,,,,,,,"Unverified Form D by same-named person: Freedom Factory Inc. 0002031618-24-000001 sold 150000 (first sale 2024-01-05, Newark); likely a different person. Checked: no post-YC Form D matching the founders; no funding statement on website (1 pages) or YC page. LinkedIn/X/Crunchbase need a logged-in browser.",2026-10-01T03:29:10Z,,,,,,https://foreverlabs.com,Healthcare,Early,12,No,0,,,0,0,0,,
just-appraised,Just Appraised,Summer 2017,No evidence found,,,,,,,,,,,,,,,,,,Checked: no post-YC Form D matching the founders; no funding statement on website (9 pages) or YC page. LinkedIn/X/Crunchbase need a logged-in browser.,2026-10-01T03:28:48Z,,,,,,https://www.justappraised.com,Government,Growth,40,Yes,6,,,6,0,0,https://www.justappraised.com/careers,Senior Software Engineer; Software Engineer - AI; Account Executive; Engineering Manager; Customer Engineer; Product Engineer
routable,Routable,Summer 2017,Yes,30000000,Series B,,,2,Company website,https://www.routable.com/about/,Routable raises $30M Series B to build the best AP platform.,,,,,,,,,High,Round date not stated on the source page; assumed post-YC because it is presented as current news. Other stated figure: $12M (https://www.geekwire.com/2020/founded-seattle-fintech-startup-routable-raises-12m-streamline-business-payments/). No matching post-YC Form D found.,2026-10-01T03:28:56Z,,,,30000000,Yes,https://routable.com,B2B,Growth,160,Yes,0,,,0,0,0,https://www.routable.com/careers/,
goodcover,Goodcover,Summer 2017,No evidence found,,,,,,,,,,,,,,,,,,Checked: no post-YC Form D matching the founders; no funding statement on website (5 pages) or YC page. LinkedIn/X/Crunchbase need a logged-in browser.,2026-10-01T03:28:55Z,,,,,,http://www.goodcover.com,Fintech,Growth,1,No,0,,,0,0,0,https://www.goodcover.com/careers,
assemblyai,AssemblyAI,Summer 2017,No evidence found,,,,,,,,,,,,,,,,,,Checked: no post-YC Form D matching the founders; no funding statement on website (12 pages) or YC page. LinkedIn/X/Crunchbase need a logged-in browser.,2026-10-01T03:28:54Z,,,,,,https://www.assemblyai.com,B2B,Growth,65,Yes,10,greenhouse,10,10,7,2,https://www.assemblyai.com/careers,"Commercial Counsel; Enterprise Account Executive; Finance Engineer; Head of Sales, Digital Native; Security Operations Engineer; Senior Design Engineer ; Senior GTM AI Engineer; Senior Research Engineer; Senior Software Engineer, Inference; Senior Software Engineer, Inference"
zendar,Zendar,Summer 2017,No evidence found,,,,,,,,,,,,,,,,,,Checked: no post-YC Form D matching the founders; no funding statement on website (3 pages) or YC page. LinkedIn/X/Crunchbase need a logged-in browser.,2026-10-01T03:28:55Z,,,,,,http://www.zendar.io,Industrials,Growth,45,No,0,,,0,0,0,https://zendar.ai/careers,
officely,Officely,Summer 2017,No evidence found,,,,,,,,,,,,,,,,,,Checked: no post-YC Form D matching the founders; no funding statement on website (2 pages) or YC page. LinkedIn/X/Crunchbase need a logged-in browser.,2026-10-01T03:28:56Z,,,,,,https://getofficely.com/,B2B,Early,3,No,0,,,0,0,0,,
may-mobility,May Mobility,Summer 2017,No evidence found,,,,,,,,,,,,,,,,,,Checked: no post-YC Form D matching the founders; no funding statement on website (8 pages) or YC page. LinkedIn/X/Crunchbase need a logged-in browser.,2026-10-01T03:29:17Z,,,,,,http://maymobility.com,Industrials,Growth,260,Yes,0,greenhouse,43,43,22,10,https://maymobility.com/careers,"Autonomous Vehicle Operations Specialist ; Autonomous Vehicle Operations Specialist ; Autonomous Vehicle Operations Specialist ; Autonomous Vehicle Operations Specialist II ; Autonomy Release Engineer II; Director, Autonomy Behavior; Director, Autonomy Perception; Director of Product ; Director, Performance Analytics; Director, System Safety "
muzz,Muzz,Summer 2017,No evidence found,,,,,,,,,,,,,,,,,,"Manual review: the $500,000 is a Ramadan charity campaign run by Muzz, not a funding round.",2026-10-01T03:29:12Z,,,,,,https://muzz.com,Consumer,Growth,104,Yes,1,,,1,0,0,https://muzz.com/us/en/careers/,Marketing Executive - US
onelocal,OneLocal,Summer 2017,No evidence found,,,,,,,,,,,,,,,,,,Checked: no post-YC Form D matching the founders; no funding statement on website (4 pages) or YC page. LinkedIn/X/Crunchbase need a logged-in browser. National register for CA not checked.,2026-10-01T03:29:01Z,,,,,,https://onelocal.com/,B2B,Growth,90,Yes,0,,,0,0,0,https://www.onelocal.com/careers,
sourceress,Sourceress,Summer 2017,Yes,200000000,,2023-09-07,,4,Press (linked from YC company page),https://techcrunch.com/2023/09/07/imbue-raises-200m-to-build-ai-models-that-can-robustly-reason,Imbue raises $200M to build AI models that can 'robustly reason' | TechCrunch,,,,,,,,,Medium,No matching post-YC Form D found.,2026-10-01T03:31:26Z,2023-09-07,200000000,Press (linked from YC company page),200000000,Yes,http://sourceress.com/,B2B,Growth,35,No,0,,,0,0,0,,
oncobox,Oncobox,Summer 2017,No evidence found,,,,,,,,,,,,,,,,,,Checked: no post-YC Form D matching the founders; no funding statement on website (1 pages) or YC page. LinkedIn/X/Crunchbase need a logged-in browser.,2026-10-01T03:29:10Z,,,,,,http://oncobox.com,Healthcare,Early,11,No,0,,,0,0,0,,
tesseract,Tesseract,Summer 2017,No evidence found,,,,,,,,,,,,,,,,,,"Unverified Form D by same-named person: Clip Money Inc. 0001567619-23-003899 sold 911778 (first sale 2023-02-10, Toronto); likely a different person. Unverified Form D by same-named person: Oplign, LLC 0001957729-25-000002 sold 254579 (first sale 2025-03-24, Norfolk); likely a different person. Unverified Form D by same-named person: Oplign, LLC 0001957729-25-000003 sold 254579 (first sale 2025-03-24, Norfolk); likely a different person. Checked: no post-YC Form D matching the founders; no funding statement on website (1 pages) or YC page. LinkedIn/X/Crunchbase need a logged-in browser.",2026-10-01T03:29:00Z,,,,,,http://tesseract.space,Industrials,Early,6,No,0,greenhouse,1,1,0,0,,Join our Talent Community!
d-id,D-ID,Summer 2017,No evidence found,,,,,,,,,,,,,,,,,,Checked: no post-YC Form D matching the founders; no funding statement on website (8 pages) or YC page. LinkedIn/X/Crunchbase need a logged-in browser. National register for IL not checked.,2026-10-01T03:29:22Z,,,,,,http://www.d-id.com,B2B,Growth,27,Yes,0,,,0,0,0,https://www.d-id.com/careers/,
skyscrape,Skyscrape,Summer 2017,No evidence found,,,,,,,,,,,,,,,,,,Checked: no post-YC Form D matching the founders; no funding statement on website (1 pages) or YC page. LinkedIn/X/Crunchbase need a logged-in browser.,2026-10-01T03:29:09Z,,,,,,http://skyscrape.us,Industrials,Early,3,No,0,,,0,0,0,,
flowspace,Flowspace,Summer 2017,Yes,12000000,Series A,,,2,Company website,https://flow.space/news,Flowspace Raises $12M in Series A Financing.,,,,,,,,,High,Round date not stated on the source page; assumed post-YC because it is presented as current news. No matching post-YC Form D found.,2026-10-01T03:29:06Z,,,,12000000,Yes,https://flow.space,B2B,Growth,48,No,0,,,0,0,0,https://flow.space/careers,
airthium,Airthium,Summer 2017,No evidence found,,,,,,,,,,,,,,,,,,Checked: no post-YC Form D matching the founders; no funding statement on website (1 pages) or YC page. LinkedIn/X/Crunchbase need a logged-in browser. National register for FR not checked.,2026-10-01T03:29:06Z,,,,,,http://www.airthium.com,Industrials,Early,18,No,0,,,0,0,0,,
tpaga,tpaga,Summer 2017,No evidence found,,,,,,,,,,,,,,,,,,"Unverified Form D by same-named person: CEIS Holdings, LLC 0001958828-23-000001 sold 10307500 (first sale 2023-02-17, Miami); likely a different person. Unverified Form D by same-named person: CEIS Holdings, LLC 0001958828-23-000002 sold 5900000 (first sale 2023-07-31, Miami); likely a different person. Checked: no post-YC Form D matching the founders; no funding statement on website (2 pages) or YC page. LinkedIn/X/Crunchbase need a logged-in browser. National register for CO not checked.",2026-10-01T03:29:20Z,,,,,,https://tpaga.co/,Fintech,Early,25,No,0,,,0,0,0,,
rev-genomics,Rev Genomics,Summer 2017,No evidence found,,,,,,,,,,,,,,,,,,Checked: no post-YC Form D matching the founders; no funding statement on website (2 pages) or YC page. LinkedIn/X/Crunchbase need a logged-in browser.,2026-10-01T03:29:07Z,,,,,,https://www.revgenomics.com,Healthcare,Growth,8,Yes,1,,,1,0,0,,Rev Genomics (S17) seeks plant biologist
pyka,Pyka,Summer 2017,No evidence found,,,,,,,,,,,,,,,,,,Checked: no post-YC Form D matching the founders; no funding statement on website (2 pages) or YC page. LinkedIn/X/Crunchbase need a logged-in browser.,2026-10-01T03:29:09Z,,,,,,https://flypyka.com,Industrials,Growth,75,No,0,lever,21,21,9,0,https://flypyka.com/careers,"Associate Electrical Engineer; Certification and Airworthiness Specialist (Remote, US-only); Composite Technician (Multiple Levels); Deployed Flight Test Engineer; Electrical Engineer (Multiple Levels); Electrical Engineering Internship - Winter/Spring 2027 (Early Interest); Electro-Mechanical Assembly Technician; Final Assembly/Prototyping Technician (Multiple levels); Fleet Software Engineer (Multiple Levels); Flight Demo & Training Specialist (Multiple Levels)"
entocycle,Entocycle,Summer 2017,Yes,5000000,,2023-01-31,,4,Press (linked from YC company page),https://www.businessinsider.com/entocycle-insect-farming-startup-5-million-pitch-deck-2023-1,Entocycle: Y Combinator-Backed Insect Farm Startup Raises $5 Million,,,,,,,,,Medium,No matching post-YC Form D found.,2026-10-01T03:29:13Z,2023-01-31,5000000,Press (linked from YC company page),5000000,Yes,https://www.entocycle.com/,Industrials,Early,13,No,0,,,0,0,0,https://entocycle.com/careers,
helpwear,HelpWear,Summer 2017,No evidence found,,,,,,,,,,,,,,,,,,Checked: no post-YC Form D matching the founders; no funding statement on website (6 pages) or YC page. LinkedIn/X/Crunchbase need a logged-in browser. National register for CA not checked.,2026-10-01T03:29:15Z,,,,,,http://helpwear.ca/,Healthcare,Early,2,No,0,,,0,0,0,http://helpwear.ca/careers,
pop-meals,Pop Meals,Summer 2017,No evidence found,,,,,,,,,,,,,,,,,,Checked: no post-YC Form D matching the founders; no funding statement on website (3 pages) or YC page. LinkedIn/X/Crunchbase need a logged-in browser. National register for MY not checked.,2026-10-01T03:29:41Z,,,,,,https://popmeals.com,Consumer,Growth,153,Yes,2,,,2,0,0,https://www.popmeals.com.my/careers,Entrepreneur in Residence (Management); Mobile Engineer
cairns-health,Cairns Health,Summer 2017,No evidence found,,,,,,,,,,,,,,,,,,Checked: no post-YC Form D matching the founders; no funding statement on website (0 pages) or YC page. LinkedIn/X/Crunchbase need a logged-in browser.,2026-10-01T03:29:12Z,,,,,,https://www.cairns.ai,Healthcare,Early,17,No,0,,,0,0,0,,
rabbet,Rabbet,Summer 2017,No evidence found,,,,,,,,,,,,,,,,,,Checked: no post-YC Form D matching the founders; no funding statement on website (8 pages) or YC page. LinkedIn/X/Crunchbase need a logged-in browser.,2026-10-01T03:29:16Z,,,,,,http://rabbet.com,Real Estate and Construction,Growth,23,No,0,,,0,0,0,https://rabbet.com/about-us,
upfort,Upfort,Summer 2017,Yes,8000000,Series A,,,2,Company website,https://www.upfort.com/category/announcements?f8c416d3_page=3,Cyber Security and Insurance Platform Upfort Raises $8 Million in Series A Funding.,,,,,,,,,High,Round date not stated on the source page; assumed post-YC because it is presented as current news. No matching post-YC Form D found.,2026-10-01T03:29:16Z,,,,8000000,Yes,https://www.upfort.com,B2B,Early,38,No,0,,,0,0,0,,
prelim,Prelim,Summer 2017,No evidence found,,,,,,,,,,,,,,,,,,Checked: no post-YC Form D matching the founders; no funding statement on website (7 pages) or YC page. LinkedIn/X/Crunchbase need a logged-in browser.,2026-10-01T03:29:55Z,,,,,,https://prelim.com/,Fintech,Growth,49,Yes,5,ashby,9,9,4,0,,"Implementation Architect ; Business Operations Lead; Project Manager, Implementations; Software Engineer, Product; Client Strategy Analyst; Senior DevOps Engineer; Lead Security Engineer; Account Executive; Technical Recruiter"
advano,Advano,Summer 2017,No evidence found,,,,,,,,,,,,,,,,,,Checked: no post-YC Form D matching the founders; no funding statement on website (4 pages) or YC page. LinkedIn/X/Crunchbase need a logged-in browser.,2026-10-01T03:29:19Z,,,,,,http://www.advano.io,Industrials,Growth,25,No,0,,,0,0,0,https://www.advano.io/careers,
carrot-fertility,Carrot Fertility,Summer 2017,Yes,75000000,Series C,2021-08-17,,4,Press (linked from YC company page),https://www.forbes.com/sites/rebeccaszkutak/2021/08/17/fertility-startup-carrot-raises-75-million-in-a-series-c-round-led-by-tiger-global/?sh=60e990924218,Fertility Startup Carrot Raises $75 Million In A Series C Round Led By Tiger Global,,,,,,,,,Medium,No matching post-YC Form D found.,2026-10-01T03:29:17Z,2021-08-17,75000000,Press (linked from YC company page),75000000,Yes,https://www.get-carrot.com/,Healthcare,Growth,,No,0,greenhouse,11,11,2,0,https://www.get-carrot.com/company/careers,"Business Intelligence Analyst; Care Companion I (Overnight, Part-Time, Urdu Speaking); CSM II; Customer Success Executive, Health Plans; Don't see what you're looking for?; Product Design Lead; Sr. Data Engineer; Sr. Manager, Data Engineering ; Sr. Member Engagement Manager, Lifecycle; Telemedicine Physician Consultant"
relationship-hero,Relationship Hero,Summer 2017,No evidence found,,,,,,,,,,,,,,,,,,Checked: no post-YC Form D matching the founders; no funding statement on website (10 pages) or YC page. LinkedIn/X/Crunchbase need a logged-in browser.,2026-10-01T03:29:18Z,,,,,,https://relationshiphero.com,Consumer,Early,100,No,0,,,0,0,0,https://relationshiphero.com/careers,
cocusocial,CocuSocial,Summer 2017,No evidence found,,,,,,,,,,,,,,,,,,Checked: no post-YC Form D matching the founders; no funding statement on website (2 pages) or YC page. LinkedIn/X/Crunchbase need a logged-in browser. National register for CA not checked.,2026-10-01T03:29:21Z,,,,,,http://www.cocusocial.com,Consumer,Early,10,No,0,,,0,0,0,,
therecraft,ThereCraft,Summer 2017,No evidence found,,,,,,,,,,,,,,,,,,Checked: no post-YC Form D matching the founders; no funding statement on website (1 pages) or YC page. LinkedIn/X/Crunchbase need a logged-in browser.,2026-10-01T03:29:21Z,,,,,,https://therecraft.com,Industrials,Early,1,No,0,,,0,0,0,,
safebutler,SafeButler,Summer 2017,No evidence found,,,,,,,,,,,,,,,,,,Checked: no post-YC Form D matching the founders; no funding statement on website (3 pages) or YC page. LinkedIn/X/Crunchbase need a logged-in browser.,2026-10-01T03:29:24Z,,,,,,https://www.safebutler.com,Fintech,Early,2,Yes,1,,,1,0,0,https://www.safebutler.com/careers,Software Engineer Intern
darmiyan,Darmiyan,Summer 2017,Yes,3536249,Equity (per Form D; stage not stated),2023-10-10,,1,SEC Form D,https://www.sec.gov/Archives/edgar/data/1740573/000174057323000001/primary_doc.xml,totalAmountSold: 3536249; totalOfferingAmount: 3536249; dateOfFirstSale: 2023-10-10,0001740573,0001740573-23-000001,3536249,3536249,2023-10-10,Equity,5,"Darmiyan, Inc.",High,"Form D clarification: Total Offering Amount and Total Amount Sold includes $3,536,249.73 in connection with the conversion of convertible notes and simple agreements for future equity.",2026-10-01T03:29:31Z,2023-10-10,3536249,SEC Form D 0001740573-23-000001,3536249,Yes,https://www.darmiyan.com/,Healthcare,Early,8,No,0,,,0,0,0,,
nimble,Nimble,Summer 2017,No evidence found,,,,,,,,,,,,,,,,,,Checked: no post-YC Form D matching the founders; no funding statement on website (6 pages) or YC page. LinkedIn/X/Crunchbase need a logged-in browser.,2026-10-01T03:29:24Z,,,,,,http://www.hirenimble.com,Education,Early,25,Yes,1,,,1,0,0,https://www.hirenimble.com/careers,District Partnerships Manager (Sales)
roofr,Roofr,Summer 2017,Yes,23500000,,2023-10-18,,4,Press (linked from YC company page),https://www.finsmes.com/2023/10/roofr-raises-23-5m-in-funding.html,Roofr Raises $23.5M in Funding,,,,,,,,,Medium,No matching post-YC Form D found.,2026-10-01T03:29:23Z,2023-10-18,23500000,Press (linked from YC company page),23500000,Yes,https://roofr.com/,Consumer,Early,40,No,0,greenhouse,9,9,1,1,https://roofr.com/careers,"Customer Success Manager; Director, Product Growth; Field Sales Development Representative; Senior Account Executive; Senior Account Executive; Senior Data Analyst ; Senior People Operations Specialist (Contract); Senior Security Engineer; Staff Data Scientist "
standard-ai,Standard AI,Summer 2017,Yes,1000000,Equity (per Form D; stage not stated),2026-08-07,,1,SEC Form D,https://www.sec.gov/Archives/edgar/data/1755359/000175535926000004/primary_doc.xml,totalAmountSold: 1000000; totalOfferingAmount: 3000000; dateOfFirstSale: 2026-08-07,0001755359,0001755359-26-000004,1000000,3000000,2026-08-07,Equity,2,"Standard Cognition, Corp.",High,"Unverified Form D by same-named person: Volley Boast, LLC 0001819462-23-000001 sold 354651 (first sale 2020-06-14, Houston); likely a different person. Unverified Form D by same-named person: NWI R1, LLC 0001980398-23-000001 sold 2761988 (first sale 2023-05-31, San Clemente); likely a different person. Unverified Form D by same-named person: Volley Boast, LLC 0001819462-24-000001 sold 699644 (first sale 2020-06-14, Houston); likely a different person. Unverified Form D by same-named person: Volley Boast, LLC 0001819462-25-000003 sold 958848 (first sale 2020-06-14, Houston); likely a different person.",2026-10-01T03:29:25Z,2026-08-07,1000000,SEC Form D 0001755359-26-000004,1000000,Yes,https://standard.ai,B2B,Growth,150,Yes,1,,,1,0,0,https://standard.ai/careers,Staff Elixir Backend Engineer
upcodes,UpCodes,Summer 2017,No evidence found,,,,,,,,,,,,,,,,,,Checked: no post-YC Form D matching the founders; no funding statement on website (5 pages) or YC page. LinkedIn/X/Crunchbase need a logged-in browser.,2026-10-01T03:29:23Z,,,,,,https://up.codes/,Real Estate and Construction,Growth,35,Yes,0,ashby,3,3,0,0,https://up.codes/careers,Senior Account Executive; Account Executive; Customer Support Specialist
helium-health,Helium Health,Summer 2017,No evidence found,,,,,,,,,,,,,,,,,,Checked: no post-YC Form D matching the founders; no funding statement on website (10 pages) or YC page. LinkedIn/X/Crunchbase need a logged-in browser. National register for NG not checked.,2026-10-01T03:29:28Z,,,,,,https://heliumhealth.com/,Healthcare,Growth,110,No,0,,,0,0,0,https://heliumhealth.com/careers,
releaf-earth,Releaf Earth,Summer 2017,Yes,3300000,,2023-01-09,,4,Press (linked from YC company page),https://techcabal.com/2023/01/09/yc-backed-releaf-raises-3-3-million-pre-series-a-to-improve-technologies-for-food-processing-in-africa/,Releaf raises $3.3 million to improve food processing in Africa,,,,,,,,,Medium,No matching post-YC Form D found.,2026-10-01T03:29:32Z,2023-01-09,3300000,Press (linked from YC company page),3300000,Yes,http://www.releaf.africa,Industrials,Early,100,No,0,,,0,0,0,,
leon-and-george,Leon & George,Summer 2017,No evidence found,,,,,,,,,,,,,,,,,,Checked: no post-YC Form D matching the founders; no funding statement on website (4 pages) or YC page. LinkedIn/X/Crunchbase need a logged-in browser.,2026-10-01T03:29:27Z,,,,,,https://www.leonandgeorge.com,Consumer,Growth,10,No,0,,,0,0,0,https://www.leonandgeorge.com/jobs,
bloom-institute-of-technology,Bloom Institute of Technology,Summer 2017,Yes,74000000,Series C,,Gigafund.,2,Company website,https://www.bloomtech.com/blog-topic/announcements,Today we’re announcing that BloomTech has raised $74 million in a Series C funding round led by Gigafund.,,,,,,,,,High,"Unverified Form D by same-named person: BloomTech Inc. 0001821413-24-000002 sold 14602342 (first sale 2024-02-14, San Francisco); likely a different person. Round date not stated on the source page; assumed post-YC because it is presented as current news. No matching post-YC Form D found.",2026-10-01T03:29:30Z,,,,74000000,Yes,https://www.bloomtech.com,Education,Growth,50,Yes,0,,,0,0,0,https://www.bloomtech.com/careers,
x3-builders,Aecore,Summer 2017,No evidence found,,,,,,,,,,,,,,,,,,Checked: no post-YC Form D matching the founders; no funding statement on website (1 pages) or YC page. LinkedIn/X/Crunchbase need a logged-in browser.,2026-10-01T03:29:28Z,,,,,,https://www.aecore.com,Real Estate and Construction,Growth,6,No,0,,,0,0,0,,
vergesense,VergeSense,Summer 2017,Yes,12000000,,2020-12-22,,4,Press (linked from YC company page),https://venturebeat.com/business/vergesense-raises-12-million-to-bring-workplace-analytics-to-physical-spaces/,VergeSense raises $12 million to bring workplace analytics to physical spaces | VentureBeat,,,,,,,,,Medium,"Unverified Form D by same-named person: ReddyPort, Inc. 0001745275-23-000002 sold 2488295 (first sale 2023-11-20, Salt Lake City); likely a different person. Unverified Form D by same-named person: ReddyPort, Inc. 0001745275-25-000002 sold 251910 (first sale 2025-10-16, Salt Lake City); likely a different person. No matching post-YC Form D found.",2026-10-01T03:29:35Z,2020-12-22,12000000,Press (linked from YC company page),12000000,Yes,http://www.vergesense.com,Real Estate and Construction,Growth,70,Yes,1,lever,0,1,0,0,,"Senior Product Manager, Decision Intelligence"
nobell-foods,Nobell Foods,Summer 2017,No evidence found,,,,,,,,,,,,,,,,,,Checked: no post-YC Form D matching the founders; no funding statement on website (0 pages) or YC page. LinkedIn/X/Crunchbase need a logged-in browser.,2026-10-01T03:29:25Z,,,,,,http://www.nobellfoods.com,Consumer,Growth,58,No,0,,,0,0,0,,
long-term-stock-exchange,Long Term Stock Exchange,Summer 2017,No evidence found,,,,,,,,,,,,,,,,,,Checked: no post-YC Form D matching the founders; no funding statement on website (11 pages) or YC page. LinkedIn/X/Crunchbase need a logged-in browser.,2026-10-01T03:29:35Z,,,,,,http://ltse.com,Fintech,Growth,68,No,0,greenhouse,1,1,0,0,https://ltse.com/about/careers,"Head of Business Development, Listings"
skyways,Skyways,Summer 2017,No evidence found,,,,,,,,,,,,,,,,,,Checked: no post-YC Form D matching the founders; no funding statement on website (3 pages) or YC page. LinkedIn/X/Crunchbase need a logged-in browser.,2026-10-01T03:30:12Z,,,,,,http://skyways.com,Industrials,Growth,33,Yes,2,lever,22,22,13,1,https://www.skyways.com/careers,Autonomy Lead; Director of Hardware; Director of Production; Director of Software; Field Service Representative; Flight Operator; Love Aviation? Apply Today!; QA Engineering Manager; Senior Computer Vision Engineer; Senior Flight Controls Engineer
fazz,FAZZ,Summer 2017,Yes,100000000,Series C,2022-09-13,,4,Press (linked from YC company page),https://techcrunch.com/2022/09/13/southeast-asian-fintech-fazz-raises-100m-series-c-to-serve-businesses-of-all-sizes/amp/,Southeast Asian fintech Fazz raises $100M Series C to serve businesses of all sizes • TechCrunch,,,,,,,,,Medium,No matching post-YC Form D found.,2026-10-01T03:29:41Z,2022-09-13,100000000,Press (linked from YC company page),100000000,Yes,https://fazzfinancial.com/,Fintech,Growth,500,No,0,,,0,0,0,https://fazz.com/,
jerry-inc,Jerry,Summer 2017,No evidence found,,,,,,,,,,,,,,,,,,Checked: no post-YC Form D matching the founders; no funding statement on website (4 pages) or YC page. LinkedIn/X/Crunchbase need a logged-in browser.,2026-10-01T03:29:39Z,,,,,,https://jerry.ai/,Fintech,Growth,225,No,0,ashby,43,43,0,5,https://jerry.ai/careers/,"Social Media Manager, Reddit; Copywriter, Reddit; Manager, Business Development and Partnerships; Community Manager ; Comedian + Copywriter; Director, Business Development & Partnerships (Remote); Insurance Compliance & Regulatory Senior Lead ; Senior Associate, BizOps & Analytics; Senior Manager, BizOps & Analytics; Manager, BizOps & Analytics"
clipboard,Clipboard,Winter 2017,Yes,80000000,,2022-04-18,,4,Press (linked from YC company page),https://techcrunch.com/2022/04/18/clipboard-health-which-matches-health-workers-with-facilities-raises-80m/,"Clipboard Health, which matches health workers with facilities, raises $80M – TechCrunch",,,,,,,,,Medium,No matching post-YC Form D found.,2026-10-01T03:29:54Z,2022-04-18,80000000,Press (linked from YC company page),80000000,Yes,https://www.clipboardworks.com/careers,Consumer,Growth,1000,Yes,28,ashby,37,37,2,2,,S&O Senior Associate; S&O Senior Associate; Technical Support Engineer; Customer Experience Specialist; Customer Experience Specialist ; Billing Representative; Customer Experience Specialist; Onboarding Documents Associate; Sales Operations Analyst ; Lead Generation Specialist - Dental - International
faire,Faire,Winter 2017,No evidence found,,,,,,,,,,,,,,,,,,Checked: no post-YC Form D matching the founders; no funding statement on website (0 pages) or YC page. LinkedIn/X/Crunchbase need a logged-in browser.,2026-10-01T03:29:33Z,,,,,,https://www.faire.com/,B2B,Growth,900,Yes,1,greenhouse,74,74,29,18,,"Account Executive Bilingual (Spanish/English); Brand Operations Lead, Fulfillment; Core Strategy Senior Lead; DACH Enterprise Account Executive; Director, Global Equity; Fulfillment Operations Specialist; Global Safety & Security Leader; Growth Platform, Marketing Engineer; Growth Platform, Marketing Engineer; Head of Finance Systems & Data"
rippling,Rippling,Winter 2017,Yes,1800000000,,,,2,Company website,https://www.rippling.com/company/press,"Based in San Francisco, CA, Rippling has raised $1.8B from Kleiner Perkins, Founders Fund, Sequoia, and Bedrock, among others and has been named to",,,,,,,,,High,Round date not stated on the source page; assumed post-YC because it is presented as current news. Other stated figure: $1.2B (https://www.ycombinator.com/companies/rippling). No matching post-YC Form D found.,2026-10-01T03:29:42Z,,,,1800000000,No,http://rippling.com/,B2B,Growth,2500,Yes,17,,,17,0,0,https://www.rippling.com/careers,"Account Executive, Mid Market - EAST; Account Executive, Mid Market - WEST; Account Executive, Mid Market - Central; Senior Engineering Manager - HRIS Company Team; Director of Product Management, Platform; Product Design Lead, IT Products; Product Design Lead, Global Payroll; Product Lead, Time Products; Product Lead, Platform, Reporting & Analytics; Customer Support Supervisor"
sigma-genetics,Sigma Genetics,Winter 2017,No evidence found,,,,,,,,,,,,,,,,,,"Unverified Form D by same-named person: Oisin Biotechnologies, Inc. 0001801885-24-000001 sold 5380000 (first sale 2024-06-28, Seattle); likely a different person. Checked: no post-YC Form D matching the founders; no funding statement on website (1 pages) or YC page. LinkedIn/X/Crunchbase need a logged-in browser.",2026-10-01T03:29:38Z,,,,,,http://www.sigmagenetics.com,Healthcare,Early,2,No,0,,,0,0,0,,
aclu,ACLU,Winter 2017,No evidence found,,,,,,,,,,,,,,,,,,Checked: no post-YC Form D matching the founders; no funding statement on website (7 pages) or YC page. LinkedIn/X/Crunchbase need a logged-in browser.,2026-10-01T03:36:30Z,,,,,,https://www.aclu.org/,Unspecified,Early,501,No,0,greenhouse,20,20,1,0,https://www.aclu.org/careers/,"2027-2029 Aryeh Neier Fellowship Opportunity; Analytics Engineer; Associate, Nationwide Portfolio Strategy & Prospect Development; Deputy Director, National Organizing; Deputy Director, Support Transition; Director, National Campaigns, Abuse of Power; Fall 2027 National Security Fellowship, National Security Project; Paralegal, Program on Freedom of Religion and Belief; Racial Justice Center Director; Senior Accountant Tax and Pension Benefits"
retool,Retool,Winter 2017,No evidence found,,,,,,,,,,,,,,,,,,"Unverified Form D by same-named person: BF Member LLC 0001786022-23-000002 sold 12983799 (first sale 2019-09-06, Bellevue); likely a different person. Unverified Form D by same-named person: Bellevue Funding LLC 0001786021-23-000002 sold 12983799 (first sale 2019-09-18, Bellevue); likely a different person. Unverified Form D by same-named person: BF Member LLC 0001786022-23-000001 sold 12983799 (first sale 2019-09-06, Bellevue); likely a different person. Unverified Form D by same-named person: Bellevue Funding LLC 0001786021-23-000001 sold 12983799 (first sale 2019-09-18, Bellevue); likely a different person. Unverified Form D by same-named person: BF Member LLC 0001786022-24-000001 sold 19670018 (first sale 2019-09-06, Bellevue); likely a different person. Unverified Form D by same-named person: Bellevue Funding LLC 0001786021-24-000001 sold 19670018 (first sale 2019-09-18, Bellevue); likely a different person. Unverified Form D by same-named person: BF Member LLC 0001786022-25-000001 sold 27807896 (first sale 2019-09-06, Bellevue); likely a different person. Unverified Form D by same-named person: Bellevue Funding LLC 0001786021-25-000001 sold 28264070 (first sale 2019-09-18, Bellevue); likely a different person. Unverified Form D by same-named person: Bellevue Lending LLC 0001786021-25-000003 sold 28264070 (first sale 2019-09-18, Bellevue); likely a different person. Unverified Form D by same-named person: BF Member LLC 0001786022-25-000002 sold 2259423 (first sale 2025-0",2026-10-01T03:29:58Z,,,,,,https://retool.com,B2B,Growth,300,Yes,9,,,9,0,0,https://retool.com/careers,"Software Engineer; Software Engineer, AI Product Engineer ; Software Engineer, Core Infrastructure; Software Engineer, AI Agents ; Engineering Manager,  Evaluations & Observability; Account Executive, Enterprise, East; Account Executive, Enterprise, West; Product Manager, Automation; Product Designer, Enterprise Platform"
helix-nanotechnologies,Helix Nanotechnologies,Winter 2017,No evidence found,,,,,,,,,,,,,,,,,,Checked: no post-YC Form D matching the founders; no funding statement on website (3 pages) or YC page. LinkedIn/X/Crunchbase need a logged-in browser.,2026-10-01T03:29:40Z,,,,,,http://helixnano.com,Healthcare,Growth,22,No,0,,,0,0,0,https://www.helixnano.com/careers,
mirror-ai,Mirror AI,Winter 2017,No evidence found,,,,,,,,,,,,,,,,,,Checked: no post-YC Form D matching the founders; no funding statement on website (0 pages) or YC page. LinkedIn/X/Crunchbase need a logged-in browser.,2026-10-01T03:29:44Z,,,,,,http://mirror-ai.com,Consumer,Early,7,No,0,,,0,0,0,,
dost-education,Dost Education,Winter 2017,No evidence found,,,,,,,,,,,,,,,,,,Checked: no post-YC Form D matching the founders; no funding statement on website (3 pages) or YC page. LinkedIn/X/Crunchbase need a logged-in browser. National register for IN not checked.,2026-10-01T03:29:44Z,,,,,,http://www.dosteducation.com/,Education,Early,30,No,0,,,0,0,0,https://www.dosteducation.com/careers,
lively-inc,"Lively, Inc.",Winter 2017,No evidence found,,,,,,,,,,,,,,,,,,Checked: no post-YC Form D matching the founders; no funding statement on website (6 pages) or YC page. LinkedIn/X/Crunchbase need a logged-in browser.,2026-10-01T03:30:04Z,,,,,,https://livelyme.com,Healthcare,Growth,195,No,0,,,0,0,0,https://livelyme.com/careers,
the-centre-for-effective-altruism,The Centre for Effective Altruism,Winter 2017,No evidence found,,,,,,,,,,,,,,,,,,Checked: no post-YC Form D matching the founders; no funding statement on website (10 pages) or YC page. LinkedIn/X/Crunchbase need a logged-in browser.,2026-10-01T03:29:54Z,,,,,,http://effectivealtruism.org,Unspecified,Early,15,No,0,greenhouse,16,16,3,9,https://www.effectivealtruism.org/opportunities/effective-altruism-jobs,"Computational Biologist II, CellxState; Computational Biologist, Immune Cell Repolarization; Director, Virtual Biology Initiative; Lab Manager; Lab Manager, Aquaculture; Postdoctoral Fellow, Multimodal Modeling ; Postdoctoral Fellow/ Scientist I , Synthetic Spatial Omics  ; Postdoctoral Fellow/Scientist I, Synthetic Spatial Omics (Imaging Technology); R&D Engineer II; Research Engineer, AI"
indee-labs,Indee Labs,Winter 2017,No evidence found,,,,,,,,,,,,,,,,,,Checked: no post-YC Form D matching the founders; no funding statement on website (5 pages) or YC page. LinkedIn/X/Crunchbase need a logged-in browser.,2026-10-01T03:29:46Z,,,,,,http://www.indeelabs.com,Healthcare,Early,5,No,0,,,0,0,0,https://www.indeelabs.com/careers,
onefin,OneFin,Winter 2017,No evidence found,,,,,,,,,,,,,,,,,,Checked: no post-YC Form D matching the founders; no funding statement on website (2 pages) or YC page. LinkedIn/X/Crunchbase need a logged-in browser. National register for IN not checked.,2026-10-01T03:29:47Z,,,,,,https://www.onefin.in,Fintech,Early,50,Yes,0,,,0,0,0,https://www.onefin.in/careers,
wifi-dabba-inc,"Wifi Dabba, Inc.",Winter 2017,No evidence found,,,,,,,,,,,,,,,,,,Checked: no post-YC Form D matching the founders; no funding statement on website (4 pages) or YC page. LinkedIn/X/Crunchbase need a logged-in browser. National register for IN not checked.,2026-10-01T03:29:51Z,,,,,,https://dabba.com,Consumer,Early,21,Yes,3,,,3,0,0,,Wifi Dabba - Software Engineer (Fullstack)  4+Yrs; Wifi Dabba - Blockchain Engineer  2+ Yrs ; Wifi Dabba - DevOps Engineer 4+ years
delee,Delee,Winter 2017,No evidence found,,,,,,,,,,,,,,,,,,Checked: no post-YC Form D matching the founders; no funding statement on website (1 pages) or YC page. LinkedIn/X/Crunchbase need a logged-in browser. National register for MX not checked.,2026-10-01T03:30:03Z,,,,,,http://www.delee.co    ,Healthcare,Early,18,No,0,,,0,0,0,https://allaboutyounailsaustin.com/,
nanonets,NanoNets,Winter 2017,No evidence found,,,,,,,,,,,,,,,,,,"Unverified Form D by same-named person: Nano Net Technologies Inc. 0001890971-24-000002 sold 29279129 (first sale 2024-03-04, Santa Clara); likely a different person. Checked: no post-YC Form D matching the founders; no funding statement on website (5 pages) or YC page. LinkedIn/X/Crunchbase need a logged-in browser.",2026-10-01T03:29:49Z,,,,,,https://nanonets.com,B2B,Growth,102,Yes,7,ashby,0,7,0,0,https://nanonets.com/careers,Account Executive - US ; Account Manager (Customer Success); Sales Engineer; VP of AI ; Senior Deep Learning Engineer; Product Marketing Manager; Engagement Manager
bios-health,BIOS Health,Winter 2017,No evidence found,,,,,,,,,,,,,,,,,,Checked: no post-YC Form D matching the founders; no funding statement on website (3 pages) or YC page. LinkedIn/X/Crunchbase need a logged-in browser.,2026-10-01T03:29:53Z,,,,,,https://www.bios.health,Healthcare,Early,45,No,0,,,0,0,0,,
nomba,Nomba,Winter 2017,Yes,30000000,,2023-05-02,,4,Press (linked from YC company page),https://techcrunch.com/2023/05/02/african-payment-service-provider-nomba-raises-30m-backed-by-base10-partners-and-shopify/,"African payment service provider Nomba raises $30M, backed by Base10 Partners and Shopify | TechCrunch",,,,,,,,,Medium,No matching post-YC Form D found.,2026-10-01T03:29:50Z,2023-05-02,30000000,Press (linked from YC company page),30000000,Yes,https://nomba.com,Fintech,Growth,200,No,0,,,0,0,0,,
aon3d,AON3D,Winter 2017,Yes,11500000,Series A,2021-09-02,,4,Press (linked from YC company page),https://techcrunch.com/2021/09/02/3d-printing-startup-aon3d-closes-11-5m-series-a/,"AON3D closes $11.5M Series A, partners with Astrobotic to send 3D-printed parts to the moon – TechCrunch",,,,,,,,,Medium,"Unverified Form D by same-named person: Finquility Inc. 0001954996-23-000001 sold 95000 (first sale 2022-11-18, Houston); likely a different person. Unverified Form D by same-named person: Finquility Inc. 0001954996-24-000001 sold 115000 (first sale 2022-11-18, Houston); likely a different person. No matching post-YC Form D found.",2026-10-01T03:30:00Z,2021-09-02,11500000,Press (linked from YC company page),11500000,Yes,https://www.aon3d.com,Industrials,Growth,40,Yes,0,greenhouse,2,2,0,1,https://www.aon3d.com/careers/,"Director, Customer Success; Junior Material Scientist"
buypower,BuyPower,Winter 2017,No evidence found,,,,,,,,,,,,,,,,,,Checked: no post-YC Form D matching the founders; no funding statement on website (10 pages) or YC page. LinkedIn/X/Crunchbase need a logged-in browser. National register for NG not checked.,2026-10-01T03:29:58Z,,,,,,http://www.buypower.ng,Industrials,Growth,115,No,0,,,0,0,0,,
apozy,Apozy,Winter 2017,No evidence found,,,,,,,,,,,,,,,,,,Checked: no post-YC Form D matching the founders; no funding statement on website (3 pages) or YC page. LinkedIn/X/Crunchbase need a logged-in browser.,2026-10-01T03:29:54Z,,,,,,https://www.apozy.com/,B2B,Early,9,No,0,,,0,0,0,,
reliance-health,Reliance Health,Winter 2017,Yes,48000000,Series A,,Partech,2,Company website,https://getreliancehealth.com/reliance-health-seriesb-general-atlantic/,"To date, Reliance Health has raised $48M in total funding, including a $6M Series A funding round in January 2020 led by Partech, with",,,,,,,,,High,Round date not stated on the source page; assumed post-YC because it is presented as current news. Other stated figure: $40M (https://getreliancehealth.com/blog/reliance-health-raises-40m-in-series-b-led-by-general-atlantic/). No matching post-YC Form D found.,2026-10-01T03:30:03Z,,,,48000000,Yes,https://www.getreliancehealth.com,Healthcare,Growth,384,No,0,,,0,0,0,https://getreliancehealth.com/careers/,
hogaru,Hogaru,Winter 2017,No evidence found,,,,,,,,,,,,,,,,,,Checked: no post-YC Form D matching the founders; no funding statement on website (4 pages) or YC page. LinkedIn/X/Crunchbase need a logged-in browser. National register for CO not checked.,2026-10-01T03:29:59Z,,,,,,https://www.hogaru.com/,Consumer,Growth,746,No,0,,,0,0,0,,
plane,Plane,Winter 2017,No evidence found,,,,,,,,,,,,,,,,,,Checked: no post-YC Form D matching the founders; no funding statement on website (4 pages) or YC page. LinkedIn/X/Crunchbase need a logged-in browser.,2026-10-01T03:29:59Z,,,,,,https://plane.com,B2B,Growth,30,No,0,ashby,33,33,22,1,,"Product Marketing Manager; Software Engineer, Backend (Node.js); Account Executive, Enterprise; Senior Content Marketer; Software Engineer, Frontend (React); Senior Software Engineer, Quality Engineering; Software Engineer, Backend (Python); Forward Deployed Engineer; Senior Staff Engineer, Frontend; GTM Engineer"
bitrise,Bitrise,Winter 2017,Yes,20000000,Series B,,,2,Company website,https://bitrise.io/press,Budapest-based Bitrise secures $20 million Series B investment.,,,,,,,,,High,Round date not stated on the source page; assumed post-YC because it is presented as current news. No matching post-YC Form D found.,2026-10-01T03:29:59Z,,,,20000000,Yes,https://bitrise.io,B2B,Growth,243,No,0,,,0,0,0,https://bitrise.io/careers,
solugen,Solugen,Winter 2017,Yes,32000000,Series B,,Founders Fund,2,Company website,https://solugen.com/about/,"Solugen closes $32 million in Series B funding led by Founders Fund, with participation from Y Combinator, Refactor Capital, Fifty Years and KdT Ventures.",,,,,,,,,High,Round date not stated on the source page; assumed post-YC because it is presented as current news. Other stated figure: $357 million (https://www.cnbc.com/2021/09/09/solugen-raises-357-million-to-make-chemicals-and-plastic-from-plants.html). No matching post-YC Form D found.,2026-10-01T03:30:01Z,,,,32000000,Yes,https://solugen.com/,Healthcare,Growth,200,No,0,,,0,0,0,,
bulk-mro-industrial-supply,Bulk MRO Industrial Supply,Winter 2017,No evidence found,,,,,,,,,,,,,,,,,,Checked: no post-YC Form D matching the founders; no funding statement on website (5 pages) or YC page. LinkedIn/X/Crunchbase need a logged-in browser. National register for IN not checked.,2026-10-01T03:30:38Z,,,,,,http://www.bulkmro.com,B2B,Growth,170,No,0,,,0,0,0,https://bulkmro.com/careers/,
fastjvm,FastJVM,Winter 2017,No evidence found,,,,,,,,,,,,,,,,,,Checked: no post-YC Form D matching the founders; no funding statement on website (10 pages) or YC page. LinkedIn/X/Crunchbase need a logged-in browser.,2026-10-01T03:30:01Z,,,,,,https://fastjvm.com,B2B,Early,3,No,0,,,0,0,0,,
alemhealth,AlemHealth,Winter 2017,No evidence found,,,,,,,,,,,,,,,,,,Checked: no post-YC Form D matching the founders; no funding statement on website (10 pages) or YC page. LinkedIn/X/Crunchbase need a logged-in browser. National register for SG not checked.,2026-10-01T03:30:05Z,,,,,,https://www.alemhealth.com,Healthcare,Early,25,Yes,1,,,1,0,0,,Full Stack Software Engineer (Python/ReactJS)
request-network,Request Network,Winter 2017,No evidence found,,,,,,,,,,,,,,,,,,Checked: no post-YC Form D matching the founders; no funding statement on website (9 pages) or YC page. LinkedIn/X/Crunchbase need a logged-in browser. National register for FR not checked.,2026-10-01T03:30:06Z,,,,,,https://request.network,Fintech,Early,12,No,0,,,0,0,0,https://request.network/jobs,
collectly,Collectly,Winter 2017,Yes,29000000,Series A,,Sapphire Ventures,2,Company website,https://www.collectly.co/blog/collectly-series-a-29m-funding,"software for medical groups, today announced the closing of a $29 million Series A funding round led by Sapphire Ventures .",,,,,,,,,High,Round date not stated on the source page; assumed post-YC because it is presented as current news. No matching post-YC Form D found.,2026-10-01T03:30:08Z,,,,29000000,Yes,http://collectly.co/,Healthcare,Growth,106,Yes,9,lever,13,13,6,0,,"Analytics Engineer (remote from GMT-7 to GMT+4 timezones); Director of Enterprise Sales; Enterprise Account Executive (Healthcare Experience); Enterprise Customer Success Manager; Lead Software Engineer (Santa Monica, CA); Sales Development Representative; Security & Compliance Manager (GRC), US-based; Senior DevOps/DevSecOps Engineer (remote from GMT-7 to GMT+4 timezones); Senior Software Engineer (remote from GMT-7 to GMT+4 timezones); Senior Software Engineer, Pre Service team"
aella,Aella,Winter 2017,No evidence found,,,,,,,,,,,,,,,,,,Checked: no post-YC Form D matching the founders; no funding statement on website (3 pages) or YC page. LinkedIn/X/Crunchbase need a logged-in browser. National register for NG not checked.,2026-10-01T03:30:06Z,,,,,,http://www.aellaapp.com,Fintech,Early,60,No,0,,,0,0,0,,
tolemi,Tolemi,Winter 2017,No evidence found,,,,,,,,,,,,,,,,,,Checked: no post-YC Form D matching the founders; no funding statement on website (10 pages) or YC page. LinkedIn/X/Crunchbase need a logged-in browser.,2026-10-01T03:30:07Z,,,,,,http://www.tolemi.com,Real Estate and Construction,Growth,20,No,0,,,0,0,0,,
wright-electric,Wright Electric,Winter 2017,No evidence found,,,,,,,,,,,,,,,,,,Checked: no post-YC Form D matching the founders; no funding statement on website (4 pages) or YC page. LinkedIn/X/Crunchbase need a logged-in browser.,2026-10-01T03:30:07Z,,,,,,http://www.weflywright.com,Industrials,Growth,4,Yes,1,,,1,0,0,https://www.weflywright.com/company/careers,Business Development Lead to the CEO (Chief of Staff – BD)
veryfi-inc,"Veryfi, Inc.",Winter 2017,No evidence found,,,,,,,,,,,,,,,,,,Checked: no post-YC Form D matching the founders; no funding statement on website (6 pages) or YC page. LinkedIn/X/Crunchbase need a logged-in browser.,2026-10-01T03:30:17Z,,,,,,https://www.veryfi.com/,B2B,Growth,70,Yes,14,,,14,0,0,https://www.veryfi.com/careers,Senior Python Engineer; Sr. Machine Learning Engineer; Data Scientist; Senior ML Engineer; Sales Engineer; Data Scientist - Fraud Detection; Technical Account Manager; Data Annotation Engineer; Content Marketing Intern; Technical Customer Support L2
mednet,Mednet,Winter 2017,No evidence found,,,,,,,,,,,,,,,,,,Checked: no post-YC Form D matching the founders; no funding statement on website (5 pages) or YC page. LinkedIn/X/Crunchbase need a logged-in browser.,2026-10-01T03:30:08Z,,,,,,https://www.themednet.org,Healthcare,Growth,35,Yes,4,ashby,6,6,1,0,https://www.themednet.org/careers,"Medical Director of Oncology; Client Solutions Analyst; Lifecycle Marketing Lead; Growth Marketing Lead; VP of Engineering; Growth Lead, Partnerships"
snappr,Snappr,Winter 2017,Yes,28000000,Series B,,Foundry.,2,Company website,https://www.snappr.com/press,Snappr raised $28 million in Series B funding led by Foundry.,,,,,,,,,High,Round date not stated on the source page; assumed post-YC because it is presented as current news. No matching post-YC Form D found.,2026-10-01T03:30:13Z,,,,28000000,Yes,https://www.snappr.com,B2B,Growth,250,Yes,0,lever,17,17,2,4,https://www.snappr.com/careers,AI Image Generation Specialist (Pooling); AI Operations & Strategy Lead (2533); AI Operations Manager; AI Operations Team Lead (25328); Creator Acquisition Associate (Photographer Recruiter); Demand Generation Manager; Enterprise Account Executive; Enterprise Sales Development Representative; Google Ads Manager (SEM); Photo Editing Associate
token-transit,Token Transit,Winter 2017,No evidence found,,,,,,,,,,,,,,,,,,Checked: no post-YC Form D matching the founders; no funding statement on website (9 pages) or YC page. LinkedIn/X/Crunchbase need a logged-in browser.,2026-10-01T03:30:20Z,,,,,,https://tokentransit.com,Government,Early,12,No,0,,,0,0,0,https://tokentransit.com/careers,
ambient-ai,Ambient.ai,Winter 2017,Yes,20000000,,,,2,Company website,https://www.ambient.ai/press,Ambient.ai Raises $20M Strategic Growth Investment from Allegion Ventures.,,,,,,,,,High,Round date not stated on the source page; assumed post-YC because it is presented as current news. No matching post-YC Form D found.,2026-10-01T03:30:17Z,2023-11-30,20000000,https://www.ambient.ai/press (date printed near the quote),20000000,Yes,https://ambient.ai,B2B,Growth,150,Yes,5,ashby,24,24,9,2,https://www.ambient.ai/careers,"Sr. Software Engineer, Full-Stack; Technical Account Manager; Senior Software Engineer, Backend; Software Engineer - Backend (Product); VP, Revenue Operations ; RVP, Sales - East ; RVP, Sales - East ; RVP, Sales - East ; Channel Sales Manager; Senior Sales Engineer"
rankscience,RankScience,Winter 2017,No evidence found,,,,,,,,,,,,,,,,,,Checked: no post-YC Form D matching the founders; no funding statement on website (5 pages) or YC page. LinkedIn/X/Crunchbase need a logged-in browser.,2026-10-01T03:30:10Z,,,,,,https://www.rankscience.com,B2B,Early,16,No,0,,,0,0,0,https://www.rankscience.com/,
the-essential,The Essential,Winter 2017,No evidence found,,,,,,,,,,,,,,,,,,Checked: no post-YC Form D matching the founders; no funding statement on website (2 pages) or YC page. LinkedIn/X/Crunchbase need a logged-in browser.,2026-10-01T03:30:19Z,,,,,,http://www.theessential.com,Consumer,Early,11,No,0,,,0,0,0,https://theessential.com/,
upcall,Upcall,Winter 2017,No evidence found,,,,,,,,,,,,,,,,,,Checked: no post-YC Form D matching the founders; no funding statement on website (3 pages) or YC page. LinkedIn/X/Crunchbase need a logged-in browser.,2026-10-01T03:30:12Z,,,,,,https://www.upcall.com,B2B,Early,6,No,0,,,0,0,0,https://www.upcall.com/jobs,
nuvola,Nuvola,Winter 2017,No evidence found,,,,,,,,,,,,,,,,,,Checked: no post-YC Form D matching the founders; no funding statement on website (4 pages) or YC page. LinkedIn/X/Crunchbase need a logged-in browser.,2026-10-01T03:30:19Z,,,,,,http://nuvola.tech,Industrials,Early,4,No,0,,,0,0,0,http://nuvola.tech/careers/,
ledger-investing,Ledger Investing,Winter 2017,Yes,75000000,Series B,,,2,Company website,https://www.ledgerinvesting.com/news,Ledger Investing Raises $75 Million in Series B Led by WestCap.,,,,,,,,,High,"Unverified Form D by same-named person: Nexteon Technologies, Inc. 0001726344-23-000001 sold 4790000 (first sale 2021-02-23, Maple Glen); likely a different person. Unverified Form D by same-named person: Nexteon Technologies, Inc. 0001726344-23-000002 sold 1164827 (first sale 2023-12-08, Maple Glen); likely a different person. Unverified Form D by same-named person: Blink Technologies Inc. 0001814554-26-000037 sold 7100000 (first sale 2025-12-25, San Jose); likely a different person. Unverified Form D by same-named person: Blink Technologies Inc. 0001814554-26-000096 sold 8400000 (first sale 2025-12-25, San Jose); likely a different person. Round date not stated on the source page; assumed post-YC because it is presented as current news. No matching post-YC Form D found.",2026-10-01T03:30:16Z,2022-11-26,75000000,https://www.ledgerinvesting.com/news (date printed near the quote),75000000,Yes,https://ledgerinvesting.com/,Fintech,Early,85,Yes,0,,,0,0,0,,
rezi,REZI,Winter 2017,Yes,100000000,,2023-02-22,,4,Press (linked from YC company page),https://www.forbes.com/sites/amydobson/2023/02/22/three-months-after-raising-100m-in-funding-rezi-lands-another-100m-deal/?sh=6d06d88e7a04,"Three Months After Raising $100M In Funding, REZI Lands Another $100M Deal",,,,,,,,,Medium,"Unverified Form D by same-named person: Ryse Global Technologies Inc. 0002060284-25-000001 sold 5900749 (first sale 2025-02-26, New York); likely a different person. No matching post-YC Form D found.",2026-10-01T03:30:12Z,2023-02-22,100000000,Press (linked from YC company page),100000000,Yes,https://www.rentrezi.com,Real Estate and Construction,Growth,31,No,0,ashby,2,2,0,0,,Product Designer; UGC Creator
extern,Extern,Winter 2017,No evidence found,,,,,,,,,,,,,,,,,,Checked: no post-YC Form D matching the founders; no funding statement on website (4 pages) or YC page. LinkedIn/X/Crunchbase need a logged-in browser.,2026-10-01T03:30:17Z,,,,,,http://www.extern.com,Consumer,Early,30,No,0,,,0,0,0,,
mdalgorithms-inc,MDalgorithms Inc.,Winter 2017,No evidence found,,,,,,,,,,,,,,,,,,Checked: no post-YC Form D matching the founders; no funding statement on website (10 pages) or YC page. LinkedIn/X/Crunchbase need a logged-in browser. National register for IL not checked.,2026-10-01T03:30:15Z,,,,,,https://www.mdalgorithms.com,Healthcare,Growth,40,Yes,3,,,3,0,0,,Growth Marketer for a Rapidly Growing Consumer AI Healthcare Company 🚀; Head of Growth for a Rapidly Growing Consumer AI Healthcare Company 🚀; Senior Performance Marketer for a Rapidly Growing Consumer AI Healthcare Company 🚀
bloomapi,BloomAPI,Winter 2017,No evidence found,,,,,,,,,,,,,,,,,,Checked: no post-YC Form D matching the founders; no funding statement on website (3 pages) or YC page. LinkedIn/X/Crunchbase need a logged-in browser.,2026-10-01T03:30:16Z,,,,,,https://www.bloomtext.com,Healthcare,Early,7,No,0,,,0,0,0,,
sleep-reset,Sleep Reset,Winter 2017,No evidence found,,,,,,,,,,,,,,,,,,Checked: no post-YC Form D matching the founders; no funding statement on website (10 pages) or YC page. LinkedIn/X/Crunchbase need a logged-in browser.,2026-10-01T03:30:22Z,,,,,,https://www.thesleepreset.com/?utm_source=yc,Healthcare,Growth,8,No,0,,,0,0,0,https://www.thesleepreset.com/?utm_source=yc/careers,
sinovia-technologies,Sinovia Technologies,Winter 2017,Yes,2570000,OptionToAcquire; SecurityToBeAcquired (per Form D; stage not stated),2023-01-06,,1,SEC Form D,https://www.sec.gov/Archives/edgar/data/1751594/000156761923006551/primary_doc.xml,totalAmountSold: 2570000; totalOfferingAmount: 5000000; dateOfFirstSale: 2023-01-06,0001751594,0001567619-23-006551,2570000,5000000,2023-01-06,OptionToAcquire; SecurityToBeAcquired,5,"Sinovia Technologies, Inc.",High,,2026-10-01T03:30:21Z,2023-01-06,2570000,SEC Form D 0001567619-23-006551,2570000,Yes,http://www.sinoviatech.com,Industrials,Growth,7,No,0,,,0,0,0,,
bountiful,Bountiful,Winter 2017,No evidence found,,,,,,,,,,,,,,,,,,Checked: no post-YC Form D matching the founders; no funding statement on website (2 pages) or YC page. LinkedIn/X/Crunchbase need a logged-in browser.,2026-10-01T03:30:23Z,,,,,,https://bountiful.ag/,Industrials,Early,4,Yes,1,,,1,0,0,,Full Stack Developer - Bountiful 
speak,Speak,Winter 2017,Yes,160984262,Series B (Equity per Form D),2021-06-30,,1,SEC Form D,https://www.sec.gov/Archives/edgar/data/1994672/000199467224000003/primary_doc.xml,totalAmountSold: 77699277; totalOfferingAmount: 77699277; dateOfFirstSale: 2024-11-13,0001994672,0001994672-24-000003,77699277,77699277,2024-11-13,Equity,8,"Speakeasy Labs, Inc.",High,"5 post-YC Form D offerings summed: 0001994672-23-000002 $20034998 (2021-06-30), 0001994672-23-000003 $27249992 (2022-09-02), 0001994672-23-000004 $15999991 (2023-05-23), 0001994672-24-000001 $20000004 (2024-04-05), 0001994672-24-000003 $77699277 (2024-11-13) Tier 2 source states $500 million (https://www.speak.com/blog/series-b-3); Form D figure kept.",2026-10-01T03:30:28Z,2024-11-13,77699277,SEC Form D 0001994672-24-000003,160984262,Yes,http://speak.com,Consumer,Growth,40,Yes,10,ashby,35,35,5,3,https://www.speak.com/careers,"AI Product Engineer; Machine Learning Engineer, Voice; Backend Engineer; Head of APAC Sales; Bilingual Actor - French - English; Bilingual Actor - Chinese - English; Bilingual Actor - Spanish - English ; Bilingual Actor - Japanese - English; Bilingual Actor - Korean - English; Bilingual Actor - English - Italian"
tizeti,Tizeti,Winter 2017,No evidence found,,,,,,,,,,,,,,,,,,Checked: no post-YC Form D matching the founders; no funding statement on website (6 pages) or YC page. LinkedIn/X/Crunchbase need a logged-in browser. National register for NG not checked.,2026-10-01T03:30:27Z,,,,,,http://www.tizeti.com,Consumer,Growth,,No,0,,,0,0,0,http://www.tizeti.com/careers/,
voiceops,Voiceops,Winter 2017,Yes,5000000,,,,2,Company website,https://www.voiceops.com/news,Voiceops Raises $5M to Help Businesses Learn from Every Conversation.,,,,,,,,,High,Round date not stated on the source page; assumed post-YC because it is presented as current news. No matching post-YC Form D found.,2026-10-01T03:30:24Z,2026-08-13,5000000,https://www.voiceops.com/news (date printed near the quote),5000000,Yes,https://voiceops.com,B2B,Growth,10,Yes,3,,,3,0,0,https://www.voiceops.com/careers,Founding AI Engineer; Founding Senior Account Executive (Midmarket/Enterprise); Founding Product Designer
snackpass,Snackpass,Winter 2018,No evidence found,,,,,,,,,,,,,,,,,,Checked: no post-YC Form D matching the founders; no funding statement on website (9 pages) or YC page. LinkedIn/X/Crunchbase need a logged-in browser.,2026-10-01T03:30:50Z,,,,,,https://snackpass.co,Consumer,Growth,38,No,0,ashby,1,1,1,0,https://www.snackpass.co/careers,"Software Engineer, Fullstack"
replit,Replit,Winter 2018,Yes,250000000,Series C,,,2,Company website,https://replit.com/news/funding-announcement-series-c,Replit Raises $250M in Series C Funding | Replit .,,,,,,,,,High,Round date not stated on the source page; assumed post-YC because it is presented as current news. Other stated figure: $100M (https://techcrunch.com/2023/04/27/replit-funding-100m-generative-ai/). No matching post-YC Form D found.,2026-10-01T03:30:24Z,,,,250000000,No,https://replit.com,B2B,Growth,65,Yes,0,ashby,74,74,39,4,https://replit.com/careers,"Design Engineer; Staff Software Engineer, Product; Software Engineer, Mobile; Software Engineer, Growth; Product Engineer, New Products; Senior Software Engineer, Compute Platform; Staff Software Engineer, Agentic Commerce & Payments ; Brand Copy Lead; Staff Infrastructure Engineer; Senior/Product Marketing Manager"
swayable,Swayable,Winter 2018,No evidence found,,,,,,,,,,,,,,,,,,Checked: no post-YC Form D matching the founders; no funding statement on website (3 pages) or YC page. LinkedIn/X/Crunchbase need a logged-in browser.,2026-10-01T03:30:23Z,,,,,,http://swayable.com,B2B,Early,30,Yes,1,greenhouse,14,14,2,5,,"Account Director; Account Director; Controller; Director of Demand Generation; General Submissions, for any job not currently listed; Product Manager; Product Marketing Manager; Research Data Scientist; Research Data Scientist; Research Data Scientist"
fidocure,FidoCure®,Winter 2018,No evidence found,,,,,,,,,,,,,,,,,,Checked: no post-YC Form D matching the founders; no funding statement on website (3 pages) or YC page. LinkedIn/X/Crunchbase need a logged-in browser.,2026-10-01T03:30:29Z,,,,,,https://www.fidocure.com/,Healthcare,Growth,14,No,0,,,0,0,0,https://fidocure.com/careers/,
veriff,Veriff,Winter 2018,Yes,100000000,,2022-01-26,,4,Press (linked from YC company page),https://sifted.eu/articles/veriff-estonia-unicorn/,Estonia gets its sixth unicorn as Veriff raises $100m from Tiger | Sifted,,,,,,,,,Medium,No matching post-YC Form D found.,2026-10-01T03:30:33Z,2022-01-26,100000000,Press (linked from YC company page),100000000,Yes,https://veriff.com/,B2B,Growth,600,No,0,greenhouse,11,11,4,0,https://www.veriff.com/careers,"Lead Product Manager, Customer Portal; Senior Account Executive, EMEA; Senior Account Executive, USA; Senior Director of Product Marketing; Senior Product Manager (Document Verification); Senior Software Engineer (Trust); Senior Software Engineer - Verification Platform; Senior Technical Product Manager (Biometric Authentication); Solutions Engineer - EMEA; Solutions Engineer - LATAM"
aerones,Aerones,Winter 2018,Yes,62291832,Equity (per Form D; stage not stated),2025-05-15,,1,SEC Form D,https://www.sec.gov/Archives/edgar/data/2075185/000123191925000135/primary_doc.xml,totalAmountSold: 62291832; totalOfferingAmount: 62291832; dateOfFirstSale: 2025-05-15,0002075185,0001231919-25-000135,62291832,62291832,2025-05-15,Equity,10,Aerones Holdings Inc.,High,"Form D clarification: Total Amount Sold includes $21,591,847 of convertible securities. Tier 4 source states $9M (https://techcrunch.com/2022/04/28/aerones-raises-9m-to-inspect-wind-turbines-with-robots/); Form D figure kept.",2026-10-01T03:30:42Z,2025-05-15,62291832,SEC Form D 0001231919-25-000135,62291832,Yes,http://www.aerones.com,Industrials,Early,250,No,0,,,0,0,0,https://aerones.com/company-2/careers/,
super,Super,Winter 2018,Yes,70000000,Series C,2022-06-02,,4,Press (linked from YC company page),https://www.forbes.com/sites/yessarrosendar/2022/06/02/indonesian-social-commerce-platform-super-raises-70-million-in-series-c-funding-led-by-nea/?sh=483ccb812148,Indonesian Social Commerce Platform Super Raises $70 Million In Series C Funding Led By NEA,,,,,,,,,Medium,Other stated figure: $28M (https://techcrunch.com/2021/04/28/super-an-indonesian-hyperlocal-social-commerce-startup-raises-28m-led-by-softbank-ventures-asia/). No matching post-YC Form D found.,2026-10-01T03:30:31Z,2022-06-02,70000000,Press (linked from YC company page),70000000,Yes,http://superapp.id/,Consumer,Growth,1037,No,0,greenhouse,157,157,58,31,,"AI Accelerator -  Commercial; AI Learning Partner ; AI Platform Engineer; AI Platform Engineer; AI Platform Engineer; Antifraud, Payments & Risk Analyst ; Backend Engineer ; Brand & Marketing Internship; Brand Marketing Manager ; Brand Strategy Specialist"
helloverify,Helloverify,Winter 2018,No evidence found,,,,,,,,,,,,,,,,,,Checked: no post-YC Form D matching the founders; no funding statement on website (0 pages) or YC page. LinkedIn/X/Crunchbase need a logged-in browser. National register for IN not checked.,2026-10-01T03:30:32Z,,,,,,https://www.helloverify.ae,B2B,Growth,600,Yes,1,,,1,0,0,,Engineering Roles 
runa,Runa,Winter 2018,No evidence found,,,,,,,,,,,,,,,,,,Checked: no post-YC Form D matching the founders; no funding statement on website (3 pages) or YC page. LinkedIn/X/Crunchbase need a logged-in browser. National register for MX not checked.,2026-10-01T03:31:03Z,,,,,,http://runahr.com/,B2B,Growth,100,Yes,5,ashby,1,5,1,0,,Senior Software Engineer (Java)
erudifi,ErudiFi,Winter 2018,No evidence found,,,,,,,,,,,,,,,,,,Checked: no post-YC Form D matching the founders; no funding statement on website (1 pages) or YC page. LinkedIn/X/Crunchbase need a logged-in browser. National register for SG not checked.,2026-10-01T03:30:28Z,,,,,,http://www.erudifi.com,Fintech,Growth,88,No,0,,,0,0,0,,
captivateiq,CaptivateIQ,Winter 2018,Yes,164600000,,,,2,Company website,https://www.captivateiq.com/careers,"Headquartered in San Francisco, with $164.6M in funding from Sequoia, Accel, ICONIQ, Sapphire, Bessemer, Foundation Capital, Workday Ventures, Y Combinator and other leading investors,",,,,,,,,,High,Round date not stated on the source page; assumed post-YC because it is presented as current news. Other stated figure: $63M (https://www.ycombinator.com/companies/captivateiq). No matching post-YC Form D found.,2026-10-01T03:30:32Z,,,,164600000,Yes,https://www.captivateiq.com,B2B,Growth,280,Yes,0,lever,25,25,10,1,https://www.captivateiq.com/careers,"Account Director; Account Executive - Enterprise; Account Executive - Enterprise; Business Development Representative; Director of Product Management - Product Platform; Director of Project Management; Enterprise Business Development Representative; Fullstack Software Engineer - Poland; Head of GTM, Sales Planning; Manager, Engineering - Sales Planning"
vena-medical,Vena Medical,Winter 2018,No evidence found,,,,,,,,,,,,,,,,,,"Unverified Form D by same-named person: One Nineteen GI ASC, LLC 0001878843-24-000002 sold 175000 (first sale 2024-03-01, Birmingham); likely a different person. Checked: no post-YC Form D matching the founders; no funding statement on website (1 pages) or YC page. LinkedIn/X/Crunchbase need a logged-in browser. National register for CA not checked.",2026-10-01T03:30:31Z,,,,,,https://www.venamed.ca/,Healthcare,Growth,7,No,0,,,0,0,0,,
mind-emulation-foundation,Mind Emulation Foundation,Winter 2018,No evidence found,,,,,,,,,,,,,,,,,,"Unverified Form D by same-named person: Rewind AI, Inc. 0001980854-23-000001 sold 16427434 (first sale 2023-06-01, Denver); likely a different person. Unverified Form D by same-named person: Rewind AI, Inc. 0001980854-23-000002 sold 17893625 (first sale 2023-06-01, Denver); likely a different person. Checked: no post-YC Form D matching the founders; no funding statement on website (1 pages) or YC page. LinkedIn/X/Crunchbase need a logged-in browser.",2026-10-01T03:30:32Z,,,,,,https://mindemulation.org/,Healthcare,Early,1,No,0,,,0,0,0,,
anjuna,Anjuna,Winter 2018,Yes,25000000,,,,2,Company website,https://www.anjuna.io/press,Anjuna Raises $25M Funding to Fuel Momentum and Expand Confidential Computing Offerings for AI .,,,,,,,,,High,Round date not stated on the source page; assumed post-YC because it is presented as current news. No matching post-YC Form D found.,2026-10-01T03:30:35Z,2024-08-07,25000000,https://www.anjuna.io/press (date printed near the quote),25000000,Yes,https://www.anjuna.io,B2B,Growth,55,No,0,,,0,0,0,https://www.anjuna.io/careers,
tarjimly-acquired,Tarjimly (acquired),Winter 2018,No evidence found,,,,,,,,,,,,,,,,,,Checked: no post-YC Form D matching the founders; no funding statement on website (1 pages) or YC page. LinkedIn/X/Crunchbase need a logged-in browser.,2026-10-01T03:30:37Z,,,,,,https://tarjimly.org,Healthcare,Early,20,No,0,,,0,0,0,,
observe-ai,Observe.AI,Winter 2018,Yes,213000000,Series C,,,2,Company website,https://www.observe.ai/careers,"We've raised $213 million to date, with our latest round of Series C funding in 2022..",,,,,,,,,High,Round date not stated on the source page; assumed post-YC because it is presented as current news. Other stated figure: $125 Million (https://www.observe.ai/news-and-pr). No matching post-YC Form D found.,2026-10-01T03:30:41Z,,,,213000000,No,https://observe.ai,B2B,Growth,240,No,0,greenhouse,12,12,6,5,https://www.observe.ai/careers,"AI Agent Engineer; AI Agent Engineer, Client Facing; AI Agent Engineer, Client Facing; AI Agent Engineer, Client Facing; AI Agent Experience Designer; Interaction Designer; Product Marketing Manager; Senior Enterprise Account Executive (Midwest Territory); Senior Enterprise Account Executive - Pacific NorthWest ; Staff Infrastructure Security Engineer"
culture-biosciences,Culture Biosciences,Winter 2018,Yes,80000000,Series B,,,2,Company website,https://www.culturebiosciences.com/resources/tag/announcement,Culture Biosciences Raises $80m Series B To Tackle Demand For Large-Scale Biomanufacturing.,,,,,,,,,High,Round date not stated on the source page; assumed post-YC because it is presented as current news. No matching post-YC Form D found.,2026-10-01T03:30:45Z,2021-11-14,80000000,https://www.culturebiosciences.com/resources/tag/announcement (date printed near the quote),80000000,Yes,https://culturebiosciences.com,Healthcare,Growth,40,No,0,greenhouse,4,4,3,0,https://www.culturebiosciences.com/careers,"Manufacturing Engineer / Sr. Manufacturing Engineer ; Marketing Coordinator; Senior Software Engineer ; Software Engineer,  Automation and Control"
zbiotics,ZBiotics,Winter 2018,Yes,22423339,Equity (per Form D; stage not stated),2024-03-26,,1,SEC Form D,https://www.sec.gov/Archives/edgar/data/1807168/000180716824000005/primary_doc.xml,totalAmountSold: 22423339; totalOfferingAmount: 22423339; dateOfFirstSale: 2024-03-26,0001807168,0001807168-24-000005,22423339,22423339,2024-03-26,Equity,68,ZBiotics Co,High,"Form D clarification: Includes $8,423,351.35 in value of cancelled convertible securities, and includes $1,999,999.92 in value of equity securities issued in exchange for existing capital stock of the Issuer.",2026-10-01T03:30:38Z,2024-03-26,22423339,SEC Form D 0001807168-24-000005,22423339,Yes,https://zbiotics.com/,Healthcare,Early,22,No,0,,,0,0,0,https://zbiotics.com/pages/careers,
archform,ArchForm,Winter 2018,No evidence found,,,,,,,,,,,,,,,,,,Checked: no post-YC Form D matching the founders; no funding statement on website (3 pages) or YC page. LinkedIn/X/Crunchbase need a logged-in browser.,2026-10-01T03:30:40Z,,,,,,http://archform.com,Healthcare,Early,23,Yes,0,,,0,0,0,,
opensea,OpenSea,Winter 2018,Yes,23000000,,,,2,Company website,https://opensea.io/blog/announcements,OpenSea raises $23M to scale the largest marketplace for NFTs .,,,,,,,,,High,Round date not stated on the source page; assumed post-YC because it is presented as current news. Other stated figure: $2 million (https://opensea.io/blog/announcements). No matching post-YC Form D found.,2026-10-01T03:30:45Z,2021-03-29,23000000,https://opensea.io/blog/announcements (date printed near the quote),23000000,Yes,https://opensea.io,Consumer,Early,75,No,0,ashby,2,2,1,0,https://opensea.io/careers,Staff Product Designer; Staff Software Engineer - Platform
algosurg-inc,AlgoSurg Inc,Winter 2018,No evidence found,,,,,,,,,,,,,,,,,,Checked: no post-YC Form D matching the founders; no funding statement on website (0 pages) or YC page. LinkedIn/X/Crunchbase need a logged-in browser. National register for IN not checked.,2026-10-01T03:30:40Z,,,,,,http://www.algosurg.com,Healthcare,Early,8,No,0,,,0,0,0,,
orangewood-labs,Orangewood Labs,Winter 2018,No evidence found,,,,,,,,,,,,,,,,,,Checked: no post-YC Form D matching the founders; no funding statement on website (10 pages) or YC page. LinkedIn/X/Crunchbase need a logged-in browser.,2026-10-01T03:30:52Z,,,,,,http://www.orangewood.co,Industrials,Early,40,Yes,3,,,3,0,0,https://www.orangewood.co/careers, Vision Engineer Intern (AI & Computer Vision); Marketing and BDA Intern; Sales Engineer – Robotics & Automation
aspire,Aspire,Winter 2018,Yes,59999979,Equity (per Form D; stage not stated),2023-01-26,,1,SEC Form D,https://www.sec.gov/Archives/edgar/data/1884291/000188429123000001/primary_doc.xml,totalAmountSold: 59999979; totalOfferingAmount: 59999979; dateOfFirstSale: 2023-01-26,0001884291,0001884291-23-000001,59999979,59999979,2023-01-26,Equity,9,"Aspire Financial Technologies Holding, Inc.",High,Tier 4 source states US $158 Million (https://fintechnews.sg/55759/funding/singapores-aspire-raises-us-158-million-to-build-the-salesforce-of-finance/); Form D figure kept.,2026-10-01T03:30:52Z,2023-01-26,59999979,SEC Form D 0001884291-23-000001,59999979,Yes,https://aspireapp.com,Fintech,Growth,500,Yes,2,,,2,0,0,https://aspireapp.com/careers,"Senior Growth & Community Marketing Manager US ; Business Development Manager, US"
safetywing,SafetyWing,Winter 2018,No evidence found,,,,,,,,,,,,,,,,,,Checked: no post-YC Form D matching the founders; no funding statement on website (2 pages) or YC page. LinkedIn/X/Crunchbase need a logged-in browser.,2026-10-01T03:30:47Z,,,,,,http://www.safetywing.com,Fintech,Growth,130,Yes,2,,,2,0,0,,"General Manager, Nomad Insurance; Care Navigator"
tilt-fka-delphia,Tilt (f.k.a. Delphia),Winter 2018,No evidence found,,,,,,,,,,,,,,,,,,"Unverified Form D by same-named person: Agora Intelligence Inc.\DE 0002036612-24-000001 sold 5196129 (first sale 2024-10-31, Miami); likely a different person. Unverified Form D by same-named person: Feature Media Inc. 0002049671-24-000001 sold 275000 (first sale 2024-12-05, New York); likely a different person. Unverified Form D by same-named person: Agora Intelligence Inc.\DE 0002036612-25-000001 sold 7115000 (first sale 2024-10-31, Miami); likely a different person. Checked: no post-YC Form D matching the founders; no funding statement on website (8 pages) or YC page. LinkedIn/X/Crunchbase need a logged-in browser. National register for CA not checked.",2026-10-01T03:30:51Z,,,,,,http://tilt.io,Fintech,Growth,25,Yes,4,ashby,2,4,0,0,,Inventory & Operations Associate; Live Streamer
pelago,Pelago,Winter 2018,Yes,64000000,,2021-07-21,,4,Press (linked from YC company page),https://www.forbes.com/sites/rebeccaszkutak/2021/07/19/quit-genius-raises-64-million-for-its-addiction-treatment-telehealth-startup/?sh=5ed70ce54900,Quit Genius Raises $64 Million For Its Addiction Treatment Telehealth Startup,,,,,,,,,Medium,Other stated figure: $58M (https://techcrunch.com/2024/03/28/yc-backed-pelago-a-virtual-clinic-for-addiction-treatment-raises-58m-series-c/). No matching post-YC Form D found.,2026-10-01T03:30:50Z,2021-07-21,64000000,Press (linked from YC company page),64000000,Yes,https://www.pelagohealth.com,Healthcare,Growth,180,Yes,1,greenhouse,14,14,3,3,https://www.pelagohealth.com/careers/,"Addiction Medicine Physician- NJ/IMLC (Part Time, Remote); AI Product Engineer; AI Product Engineer; Care Specialist; Creative Director, Growth ; Director, Product Marketing; Don’t See the Right Role? Join Our Talent Community; Engineering Manager; Licensed Professional Counselor (GA,AR, IN, OH, WY, LA, MN, AZ); Lifecycle Marketing Manager"
substack,Substack,Winter 2018,Yes,3288358,Series C (Equity per Form D),2023-05-17,,1,SEC Form D,https://www.sec.gov/Archives/edgar/data/1783191/000194776123000002/primary_doc.xml,totalAmountSold: 3288358; totalOfferingAmount: 4999990; dateOfFirstSale: 2023-05-17,0001783191,0001947761-23-000002,3288358,4999990,2023-05-17,Equity,1,Substack Inc.,High,Tier 2 source states $100M (https://substack.com/jobs); Form D figure kept.,2026-10-01T03:30:47Z,2023-05-17,3288358,SEC Form D 0001947761-23-000002,3288358,Yes,https://substack.com,B2B,Growth,90,No,0,ashby,16,16,5,0,https://substack.com/jobs,"Standards & Enforcement Specialist; Head of Business, Tech & Finance Partnerships ; Full Stack Software Engineer - Sponsorships; iOS Engineer - Sponsorships; Full Stack Software Engineer - Growth; Full Stack Software Engineer - Community; Head of Creator Marketing; IT Systems Administrator; Creative Strategist, Brand Partnerships; Sales Manager, Brand Partnerships"
weekend-fmr-volley,Weekend (fmr. Volley),Winter 2018,Yes,55000000,Series C,,,2,Company website,https://www.weekend.com/post/announcing-weekend-55m-series-c,We’re pleased to announce that we have raised a $55 million Series C.,,,,,,,,,High,Round date not stated on the source page; assumed post-YC because it is presented as current news. No matching post-YC Form D found.,2026-10-01T03:30:52Z,2024-07-09,55000000,https://www.weekend.com/post/announcing-weekend-55m-series-c (date printed near the quote),55000000,Yes,https://weekend.com,Consumer,Growth,80,Yes,0,ashby,0,0,0,0,https://www.weekend.com/careers,
gainful,Gainful,Winter 2018,No evidence found,,,,,,,,,,,,,,,,,,Checked: no post-YC Form D matching the founders; no funding statement on website (1 pages) or YC page. LinkedIn/X/Crunchbase need a logged-in browser.,2026-10-01T03:31:14Z,,,,,,https://gainful.com/,Consumer,Growth,30,No,0,,,0,0,0,,
cognition-ip,Cognition IP,Winter 2018,No evidence found,,,,,,,,,,,,,,,,,,Checked: no post-YC Form D matching the founders; no funding statement on website (3 pages) or YC page. LinkedIn/X/Crunchbase need a logged-in browser.,2026-10-01T03:30:54Z,,,,,,https://www.cognitionip.com,B2B,Early,12,No,0,,,0,0,0,,
players-lounge,Players' Lounge,Winter 2018,Yes,14472781,Equity (per Form D; stage not stated),2022-06-16,,1,SEC Form D/A,https://www.sec.gov/Archives/edgar/data/1935871/000193587125000002/primary_doc.xml,totalAmountSold: 14472781; totalOfferingAmount: 15972781; dateOfFirstSale: 2022-06-16,0001935871,0001935871-25-000002,14472781,15972781,2022-06-16,Equity; OptionToAcquire,79,Players' Lounge Inc.,High,Tier 4 source states $10.5M (https://venturebeat.com/2022/07/28/players-lounge-raises-10-5m-in-funding-plans-future-expansion/); Form D figure kept.,2026-10-01T03:30:54Z,2022-06-16,14472781,SEC Form D 0001935871-25-000002,14472781,Yes,https://playerslounge.co/,Consumer,Growth,13,Yes,1,,,1,0,0,https://www.ycombinator.com/companies/players-lounge/jobs,Controller
psylaris,Psylaris,Winter 2018,No evidence found,,,,,,,,,,,,,,,,,,Checked: no post-YC Form D matching the founders; no funding statement on website (2 pages) or YC page. LinkedIn/X/Crunchbase need a logged-in browser. National register for NL not checked.,2026-10-01T03:31:27Z,,,,,,https://www.psylaris.com/,Healthcare,Early,23,No,0,,,0,0,0,,
treasury-prime,Treasury Prime,Winter 2018,Yes,40000000,Series C,2023-02-01,,4,Press (linked from YC company page),https://techcrunch.com/2023/02/01/proving-that-banking-as-a-service-is-hotter-than-ever-treasury-prime-raises-40m-series-c/,"as a service is hotter than ever, Treasury Prime raises $40M Series C • TechCrunch",,,,,,,,,Medium,No matching post-YC Form D found.,2026-10-01T03:31:01Z,2023-02-01,40000000,Press (linked from YC company page),40000000,Yes,https://treasuryprime.com,Fintech,Growth,100,No,0,greenhouse,0,0,0,0,https://www.treasuryprime.com/careers,
acely,Acely,Winter 2018,No evidence found,,,,,,,,,,,,,,,,,,Checked: no post-YC Form D matching the founders; no funding statement on website (4 pages) or YC page. LinkedIn/X/Crunchbase need a logged-in browser.,2026-10-01T03:30:53Z,,,,,,https://acely.com,Education,Growth,30,Yes,1,,,1,0,0,,Sr. Data Engineer
universe,Universe,Winter 2018,Yes,17200000,,,,2,YC company/launch page,https://www.ycombinator.com/companies/universe,"We were YC W18 and have raised $17.2MM in funding from Google Ventures, General Catalyst, Javelin Venture Partners, Box Group, and more top investors.",,,,,,,,,High,"Unverified Form D by same-named person: Ambrin Investor, LLC 0001192482-25-000079 sold 0 (first sale 2025-11-24, Greenwich); likely a different person. Round date not stated on the source page; assumed post-YC because it is presented as current news. No matching post-YC Form D found.",2026-10-01T03:30:58Z,,,,17200000,Yes,http://onuniverse.com,Consumer,Growth,25,No,0,ashby,17,17,2,1,,Financial Reporting & Compliance Specialist; Lead Product Manager (FORMA); Head of Product (FORMA); Founder’s Associate (FORMA); Growth Manager (FORMA); Strategy & Growth Manager (FORMA); Junior Performance Marketing Manager (Google Ads); Middle Performance Marketing Manager (Google Ads); Product Designer (FORMA); AI Product Designer (FORMA)
let-s-do-this,Let's Do This,Winter 2018,Yes,60000000,Series B,2022-06-06,Craft and Headline,4,Press (linked from YC company page),https://techcrunch.com/2022/06/06/endurance-events-marketplace-lets-do-this-raises-60m-series-b-led-by-craft-and-headline/,Endurance events marketplace Let’s Do This raises $60M Series B led by Craft and Headline – TechCrunch,,,,,,,,,Medium,"Unverified Form D by same-named person: Stirling Hotels & Resorts, Inc. 0002003881-24-000007 sold 10000 (first sale 2024-03-01, Dallas); likely a different person. No matching post-YC Form D found.",2026-10-01T03:30:55Z,2022-06-06,60000000,Press (linked from YC company page),60000000,Yes,https://www.letsdothis.com/,Consumer,Growth,75,No,0,,,0,0,0,,
evolve-makers-of-podcast-app-and-rest,Evolve (makers of Podcast App & Rest),Winter 2018,No evidence found,,,,,,,,,,,,,,,,,,Checked: no post-YC Form D matching the founders; no funding statement on website (4 pages) or YC page. LinkedIn/X/Crunchbase need a logged-in browser.,2026-10-01T03:30:56Z,,,,,,https://getrest.app,Consumer,Growth,23,No,0,,,0,0,0,,
supermedium,Supermedium,Winter 2018,No evidence found,,,,,,,,,,,,,,,,,,Checked: no post-YC Form D matching the founders; no funding statement on website (1 pages) or YC page. LinkedIn/X/Crunchbase need a logged-in browser.,2026-10-01T03:30:55Z,,,,,,https://supermedium.com/,Consumer,Early,2,No,0,,,0,0,0,,
tributi,Tributi,Winter 2018,No evidence found,,,,,,,,,,,,,,,,,,Checked: no post-YC Form D matching the founders; no funding statement on website (2 pages) or YC page. LinkedIn/X/Crunchbase need a logged-in browser. National register for CO not checked.,2026-10-01T03:31:02Z,,,,,,http://tributi.com,Consumer,Early,20,No,0,,,0,0,0,,
sourcify,Sourcify,Winter 2018,No evidence found,,,,,,,,,,,,,,,,,,Checked: no post-YC Form D matching the founders; no funding statement on website (6 pages) or YC page. LinkedIn/X/Crunchbase need a logged-in browser.,2026-10-01T03:30:59Z,,,,,,https://www.sourcify.com/,B2B,Early,15,Yes,0,,,0,0,0,,
plexus,Plexus,Winter 2018,No evidence found,,,,,,,,,,,,,,,,,,Checked: no post-YC Form D matching the founders; no funding statement on website (1 pages) or YC page. LinkedIn/X/Crunchbase need a logged-in browser.,2026-10-01T03:30:59Z,,,,,,http://plexus.im,Consumer,Early,3,No,0,lever,2,2,0,0,,Account Manager (Fully Remote); Sales Development Representative
biorender,BioRender,Winter 2018,No evidence found,,,,,,,,,,,,,,,,,,"Unverified Form D by same-named person: Science Suite Corp. 0001973777-23-000001 sold 17044132 (first sale 2018-03-05, Toronto); likely a different person. Checked: no post-YC Form D matching the founders; no funding statement on website (10 pages) or YC page. LinkedIn/X/Crunchbase need a logged-in browser. National register for CA not checked.",2026-10-01T03:31:00Z,,,,,,https://www.biorender.com,B2B,Early,250,Yes,5,lever,1,5,0,0,https://www.biorender.com/biorender-careers,[simran] Test Job
tequitable,tEQuitable,Winter 2018,No evidence found,,,,,,,,,,,,,,,,,,Checked: no post-YC Form D matching the founders; no funding statement on website (4 pages) or YC page. LinkedIn/X/Crunchbase need a logged-in browser.,2026-10-01T03:30:59Z,,,,,,https://www.tEQuitable.com/,B2B,Early,6,No,0,,,0,0,0,https://www.tEQuitable.com/careers,
meitre,Meitre,Winter 2018,No evidence found,,,,,,,,,,,,,,,,,,Checked: no post-YC Form D matching the founders; no funding statement on website (10 pages) or YC page. LinkedIn/X/Crunchbase need a logged-in browser.,2026-10-01T03:31:01Z,,,,,,http://meitre.com/,B2B,Early,9,No,0,,,0,0,0,,
draftbit,Draftbit,Winter 2018,No evidence found,,,,,,,,,,,,,,,,,,Checked: no post-YC Form D matching the founders; no funding statement on website (9 pages) or YC page. LinkedIn/X/Crunchbase need a logged-in browser.,2026-10-01T03:31:03Z,,,,,,https://draftbit.com,B2B,Early,10,No,0,,,0,0,0,https://draftbit.com/,
lus-brands,LUS Brands,Winter 2018,No evidence found,,,,,,,,,,,,,,,,,,Checked: no post-YC Form D matching the founders; no funding statement on website (1 pages) or YC page. LinkedIn/X/Crunchbase need a logged-in browser. National register for CA not checked.,2026-10-01T03:31:08Z,,,,,,http://lusbrands.com,Consumer,Early,20,No,0,,,0,0,0,,
vanta,Vanta,Winter 2018,Yes,150049972,Equity (per Form D; stage not stated),2022-06-01,,1,SEC Form D/A,https://www.sec.gov/Archives/edgar/data/1934145/000193414523000001/primary_doc.xml,totalAmountSold: 150049972; totalOfferingAmount: 150050008; dateOfFirstSale: 2022-06-01,0001934145,0001934145-23-000001,150049972,150050008,2022-06-01,Equity,45,Vanta Inc.,High,,2026-10-01T03:31:08Z,2022-06-01,150049972,SEC Form D 0001934145-23-000001,150049972,Yes,https://vanta.com,B2B,Growth,700,Yes,2,ashby,84,84,32,6,https://www.vanta.com/company/careers,"Sales Development Representative, Inbound; Senior Software Engineer, Developer Experience ; Account Executive, Early Stage - EMEA; Senior Fullstack Software Engineer, GRC; Backend Senior Software Engineer, Identity; Senior Fullstack Software Engineer, Expansion; Senior Fullstack Software Engineer, GRC; Sales Development Representative, Early Stage; Senior Software Engineer, AI Product; Account Executive [German Fluency]"
nuvocargo,Nuvocargo,Winter 2018,No evidence found,,,,,,,,,,,,,,,,,,Checked: no post-YC Form D matching the founders; no funding statement on website (2 pages) or YC page. LinkedIn/X/Crunchbase need a logged-in browser.,2026-10-01T03:31:03Z,,,,,,http://www.nuvocargo.com,B2B,Early,100,No,0,,,0,0,0,,
aesculatech,AesculaTech,Winter 2018,No evidence found,,,,,,,,,,,,,,,,,,Checked: no post-YC Form D matching the founders; no funding statement on website (10 pages) or YC page. LinkedIn/X/Crunchbase need a logged-in browser.,2026-10-01T03:31:04Z,,,,,,https://www.aesculatech.com/,Healthcare,Early,6,No,0,,,0,0,0,https://www.aesculatech.com/careers,
persephone-biosciences,Persephone Biosciences,Winter 2018,No evidence found,,,,,,,,,,,,,,,,,,Checked: no post-YC Form D matching the founders; no funding statement on website (4 pages) or YC page. LinkedIn/X/Crunchbase need a logged-in browser.,2026-10-01T03:31:15Z,,,,,,http://persephonebiosciences.com/,Healthcare,Early,6,No,0,,,0,0,0,https://persephone.bio/pages/careers,
modern-health,Modern Health,Winter 2018,Yes,51000000,,,,2,Company website,https://www.modernhealth.com/press,Modern Health raises $51M.,,,,,,,,,High,Round date not stated on the source page; assumed post-YC because it is presented as current news. No matching post-YC Form D found.,2026-10-01T03:31:06Z,,,,51000000,Yes,https://www.modernhealth.com/,Healthcare,Growth,375,Yes,1,greenhouse,10,10,2,0,https://www.modernhealth.com/careers,"Don’t see what you’re looking for?; Don’t see what you’re looking for?; Product Security Engineer; Program Manager, Business & Partnership Programs; Program Manager, Product Operations; Revenue Operations Lead; Senior Client Manager; Senior Director of Information Risk & Governance; Staff Software Engineer: Growth Engineering ; Vice President, Client Management"
promise,Promise,Winter 2018,Yes,25000000,,2022-02-24,,4,Press (linked from YC company page),https://techcrunch.com/2022/02/24/promise-government-installment-plans-raises-25m/,"Promise’s flexible payment platform for government debts grows fast, raises $25M to keep growing – TechCrunch",,,,,,,,,Medium,No matching post-YC Form D found.,2026-10-01T03:31:11Z,2022-02-24,25000000,Press (linked from YC company page),25000000,Yes,http://promise-pay.com,Government,Growth,80,Yes,11,ashby,11,11,3,2,https://www.promise-pay.com/careers,"Deployment Strategist; Bilingual Customer Support Associate (Call Center); Software Engineer - AI; Software Engineering Lead (AI); IT Specialist; Software Engineer - Platform & Infrastructure; Account Executive - Public Sector  ; Counsel, Government Contracts & Compliance; Counsel, Government Contracts & Compliance; Account Executive - Public Sector  "
tradewind-bioscience,Tradewind BioScience,Winter 2018,No evidence found,,,,,,,,,,,,,,,,,,Checked: no post-YC Form D matching the founders; no funding statement on website (0 pages) or YC page. LinkedIn/X/Crunchbase need a logged-in browser.,2026-10-01T03:31:32Z,,,,,,https://www.tradewindbio.com,Healthcare,Early,2,No,0,,,0,0,0,,
nectome,Nectome,Winter 2018,No evidence found,,,,,,,,,,,,,,,,,,Checked: no post-YC Form D matching the founders; no funding statement on website (1 pages) or YC page. LinkedIn/X/Crunchbase need a logged-in browser.,2026-10-01T03:31:07Z,,,,,,https://nectome.com/,Healthcare,Early,9,No,0,,,0,0,0,,
biobot-analytics,Biobot Analytics,Winter 2018,Yes,13451355,Equity (per Form D; stage not stated),2025-05-23,,1,SEC Form D,https://www.sec.gov/Archives/edgar/data/1809780/000180978025000005/primary_doc.xml,totalAmountSold: 13451355; totalOfferingAmount: 13593626; dateOfFirstSale: 2025-05-23,0001809780,0001809780-25-000005,13451355,13593626,2025-05-23,Equity; OptionToAcquire,46,"Biobot Analytics, Inc.",High,Tier 4 source states $4.2 Million (https://www.forbes.com/sites/katiejennings/2020/04/24/mit-spinoff-raises-42-million-to-estimate-scope-of-coronavirus-cases-by-analyzing-wastewater/); Form D figure kept.,2026-10-01T03:31:13Z,2025-05-23,13451355,SEC Form D 0001809780-25-000005,13451355,Yes,http://biobot.io,Government,Early,12,No,0,,,0,0,0,https://biobot.io/,
nexgent,NEXGENT,Winter 2018,No evidence found,,,,,,,,,,,,,,,,,,"Unverified Form D by same-named person: ADAPTILENS, LLC 0001983325-23-000002 sold 1600000 (first sale 2023-03-28, Chestnut Hill); likely a different person. Checked: no post-YC Form D matching the founders; no funding statement on website (4 pages) or YC page. LinkedIn/X/Crunchbase need a logged-in browser.",2026-10-01T03:31:07Z,,,,,,https://ngt.academy/,Education,Growth,25,No,0,,,0,0,0,,
macromoltek,Macromoltek,Winter 2018,No evidence found,,,,,,,,,,,,,,,,,,Checked: no post-YC Form D matching the founders; no funding statement on website (1 pages) or YC page. LinkedIn/X/Crunchbase need a logged-in browser.,2026-10-01T03:31:12Z,,,,,,https://www.macromoltek.com,Healthcare,Early,14,No,0,,,0,0,0,,
avro-life-science,Avro Life Science,Winter 2018,No evidence found,,,,,,,,,,,,,,,,,,Checked: no post-YC Form D matching the founders; no funding statement on website (1 pages) or YC page. LinkedIn/X/Crunchbase need a logged-in browser. National register for CA not checked.,2026-10-01T03:31:17Z,,,,,,http://avrolifesci.com,Healthcare,Early,8,No,0,,,0,0,0,,
srtx,SRTX,Winter 2018,No evidence found,,,,,,,,,,,,,,,,,,Checked: no post-YC Form D matching the founders; no funding statement on website (0 pages) or YC page. LinkedIn/X/Crunchbase need a logged-in browser. National register for CA not checked.,2026-10-01T03:31:09Z,,,,,,https://www.srtxlabs.com/,Industrials,Growth,150,No,0,,,0,0,0,,
simetrik,Simetrik,Winter 2018,Yes,24000000,,2022-03-31,,4,Press (linked from YC company page),https://contxto.com/en/venture-capital/colombian-digital-payments-fintech-simetrik-raises-us24m/,Colombian Digital Payments Fintech Simetrik Raises US$24M | Contxto,,,,,,,,,Medium,Other stated figure: $20M (https://techcrunch.com/2022/03/24/colombian-payment-infra-startup-simetrik-lands-20m-at-a-100m-valuation/). No matching post-YC Form D found.,2026-10-01T03:31:19Z,2022-03-31,24000000,Press (linked from YC company page),24000000,Yes,https://simetrik.com,B2B,Early,350,No,0,ashby,7,7,1,0,https://simetrik.com/careers/,"Enterprise Account Executive - NOLA; Enterprise Account Executive - SOLA; Senior Manager, Professional Services — NOLA; Cloud Engineer ; Enterprise Account Executive - SOLA ; Customer Success Manager - Enterprise MX; Customer Success Manager - SMB BR"
key-values,Key Values,Winter 2018,No evidence found,,,,,,,,,,,,,,,,,,Checked: no post-YC Form D matching the founders; no funding statement on website (0 pages) or YC page. LinkedIn/X/Crunchbase need a logged-in browser.,2026-10-01T03:31:12Z,,,,,,https://www.keyvalues.com,B2B,Early,1,No,0,,,0,0,0,,
cointracker,CoinTracker,Winter 2018,Yes,100000000,Series A,2022-01-27,,4,Press (linked from YC company page),https://www.cointracker.io/blog/cointracker-announces-series-a,CoinTracker raises $100M Series A,,,,,,,,,Medium,No matching post-YC Form D found.,2026-10-01T03:31:22Z,2022-01-27,100000000,Press (linked from YC company page),100000000,Yes,https://cointracker.com,Fintech,Growth,70,Yes,0,ashby,0,0,0,0,https://jobs.ashbyhq.com/cointracker,
slite,Slite,Winter 2018,Yes,11000000,,,Spark Capital,2,Company website,https://slite.com/blog/announcing-our-series-a,We're excited to share that we raised an $11M financing round led by Spark Capital .,,,,,,,,,High,Round date not stated on the source page; assumed post-YC because it is presented as current news. Other stated figure: $4.4M (https://slite.com/blog). No matching post-YC Form D found.,2026-10-01T03:31:19Z,,,,11000000,Yes,https://slite.com/,B2B,Growth,40,No,0,,,0,0,0,https://slite.com/jobs,
glowing-io,Glowing.io,Winter 2018,No evidence found,,,,,,,,,,,,,,,,,,Checked: no post-YC Form D matching the founders; no funding statement on website (1 pages) or YC page. LinkedIn/X/Crunchbase need a logged-in browser.,2026-10-01T03:31:21Z,,,,,,http://www.glowing.io,B2B,Early,11,No,0,,,0,0,0,,
sixfold-bioscience,Sixfold Bioscience,Winter 2018,No evidence found,,,,,,,,,,,,,,,,,,Checked: no post-YC Form D matching the founders; no funding statement on website (8 pages) or YC page. LinkedIn/X/Crunchbase need a logged-in browser.,2026-10-01T03:31:20Z,,,,,,https://www.sixfold.bio,Healthcare,Early,27,No,0,greenhouse,3,3,2,0,,"Software Engineer, Infrastructure; Software Engineer, Product; VP, Product"
worklytics,Worklytics,Winter 2018,No evidence found,,,,,,,,,,,,,,,,,,Checked: no post-YC Form D matching the founders; no funding statement on website (4 pages) or YC page. LinkedIn/X/Crunchbase need a logged-in browser.,2026-10-01T03:31:16Z,,,,,,https://www.worklytics.co,B2B,Early,,No,0,,,0,0,0,,
fondo,Fondo,Winter 2018,Yes,,,,,2,Company website,https://fondo.com/blog/fondo-announces-7m-oversubscribed,This funding round values Fondo at $66 million and underscores its rapid growth and solid market presence.,,,,,,,,,High,Manual review: $66M is the valuation; round amount not stated on the source page.,2026-10-01T03:31:19Z,,,,,Unknown,https://fondo.com,B2B,Early,80,Yes,2,,,2,0,0,,Accounting Manager (Remote); Tax Manager (Remote)
observant-ai,Observant AI,Winter 2018,No evidence found,,,,,,,,,,,,,,,,,,Checked: no post-YC Form D matching the founders; no funding statement on website (0 pages) or YC page. LinkedIn/X/Crunchbase need a logged-in browser.,2026-10-01T03:31:18Z,,,,,,https://www.observantai.com,B2B,Early,5,No,0,,,0,0,0,,
assembly-com,Assembly,Winter 2018,Yes,10000000,Series A,,,2,Company website,https://assembly.com/blog/tag/announcements,We’re also thrilled to announce our $10M Series A round (covered by TechCrunch here) which enables us to create the best possible software to,,,,,,,,,High,"Unverified Form D by same-named person: Parrot Washington LLC 0002049275-24-000001 sold 926000 (first sale 2024-12-16, Fremont); likely a different person. Round date not stated on the source page; assumed post-YC because it is presented as current news. No matching post-YC Form D found.",2026-10-01T03:31:26Z,2023-01-19,10000000,https://assembly.com/blog/tag/announcements (date printed near the quote),10000000,Yes,https://www.assembly.com,B2B,Early,25,Yes,2,ashby,4,4,2,0,https://assembly.com/jobs,Senior Software Engineer; Growth & GTM Engineer; Account Executive; Associate Account Executive
jasper-ai,Jasper.ai,Winter 2018,No evidence found,,,,,,,,,,,,,,,,,,Checked: no post-YC Form D matching the founders; no funding statement on website (7 pages) or YC page. LinkedIn/X/Crunchbase need a logged-in browser.,2026-10-01T03:33:01Z,,,,,,https://jasper.ai,B2B,Growth,195,No,0,ashby,7,7,4,0,https://www.jasper.ai/careers,"Senior GRC Lead; Staff Software Engineer, Surfaces; Staff Software Engineer, IQ; Senior Security Engineer; Senior Manager, Engineering; Senior Director, Growth Marketing; Senior Accountant"
shogun,Shogun,Winter 2018,No evidence found,,,,,,,,,,,,,,,,,,Checked: no post-YC Form D matching the founders; no funding statement on website (4 pages) or YC page. LinkedIn/X/Crunchbase need a logged-in browser.,2026-10-01T03:31:22Z,,,,,,https://getshogun.com/,B2B,Growth,90,No,0,,,0,0,0,https://getshogun.com/careers,
blueberry-pediatrics,Blueberry Pediatrics,Winter 2018,No evidence found,,,,,,,,,,,,,,,,,,Checked: no post-YC Form D matching the founders; no funding statement on website (5 pages) or YC page. LinkedIn/X/Crunchbase need a logged-in browser.,2026-10-01T03:31:26Z,,,,,,https://blueberrypediatrics.com,Healthcare,Growth,15,No,0,ashby,8,8,0,0,https://www.blueberrypediatrics.com/careers,"Physician (Per Diem, 1099), Blueberry Pediatrics; Physician (Part-Time, 1099, Off-hours), Blueberry Pediatrics; Health Payer Account Executive; Nurse Practitioner (Part-Time, 1099), Blueberry Pediatrics; Client Success Manager (Health Payers); Registered Dietitian ; Physician (Part-Time, 1099), Blueberry Balance; Nurse Practitioner (Part-Time, 1099), Blueberry Balance"
beanstalk,Beanstalk,Winter 2018,No evidence found,,,,,,,,,,,,,,,,,,Checked: no post-YC Form D matching the founders; no funding statement on website (10 pages) or YC page. LinkedIn/X/Crunchbase need a logged-in browser.,2026-10-01T03:31:24Z,,,,,,http://beanstalk.farm,Industrials,Growth,15,No,0,,,0,0,0,,
spellbrush,Spellbrush,Winter 2018,No evidence found,,,,,,,,,,,,,,,,,,Checked: no post-YC Form D matching the founders; no funding statement on website (3 pages) or YC page. LinkedIn/X/Crunchbase need a logged-in browser.,2026-10-01T03:31:22Z,,,,,,https://spellbrush.com,Consumer,Growth,30,Yes,5,ashby,11,11,4,5,https://spellbrush.com/careers,Game Programmer (Unity); Front-End Engineer (Anime); AI Infrastructure Engineer; AI Anime Researcher; Software Engineer; Level Designer; バックオフィス　マネージャー; AI Anime Researcher - Motion Generation Models; AI Anime Researcher - LLM; 3D Game Programmer (Unity)
quantstamp,Quantstamp,Winter 2018,No evidence found,,,,,,,,,,,,,,,,,,"Unverified Form D by same-named person: HyperNative Inc. 0001966114-24-000001 sold 10999872 (first sale 2024-04-18, Ramot Hashavim); likely a different person. Unverified Form D by same-named person: HyperNative Inc. 0001966114-25-000002 sold 41000020 (first sale 2025-05-07, Ramot Hashavim); likely a different person. Checked: no post-YC Form D matching the founders; no funding statement on website (9 pages) or YC page. LinkedIn/X/Crunchbase need a logged-in browser.",2026-10-01T03:31:26Z,,,,,,https://quantstamp.com,B2B,Growth,80,No,0,ashby,0,0,0,0,https://quantstamp.com/careers,
precious,Precious,Winter 2018,No evidence found,,,,,,,,,,,,,,,,,,Checked: no post-YC Form D matching the founders; no funding statement on website (1 pages) or YC page. LinkedIn/X/Crunchbase need a logged-in browser.,2026-10-01T03:31:27Z,,,,,,https://preciousapp.com/,Consumer,Early,7,No,0,,,0,0,0,,
proven-group,Proven Group,Winter 2018,Yes,11950000,Equity (per Form D; stage not stated),2021-10-26,,1,SEC Form D,https://www.sec.gov/Archives/edgar/data/1777318/000177731823000002/primary_doc.xml,totalAmountSold: 11950000; totalOfferingAmount: 12000000; dateOfFirstSale: 2021-10-26,0001777318,0001777318-23-000002,11950000,12000000,2021-10-26,Equity; OptionToAcquire,4,"PROVEN Group, Inc.",High,,2026-10-01T03:31:32Z,2021-10-26,11950000,SEC Form D 0001777318-23-000002,11950000,Yes,https://www.provenskincare.com,Consumer,Growth,40,Yes,1,,,1,0,0,,Senior Software Engineer
lucy-goods-inc,"Lucy Goods, Inc",Winter 2018,No evidence found,,,,,,,,,,,,,,,,,,Checked: no post-YC Form D matching the founders; no funding statement on website (1 pages) or YC page. LinkedIn/X/Crunchbase need a logged-in browser.,2026-10-01T03:31:26Z,,,,,,https://lucy.co/,Consumer,Growth,7,No,0,,,0,0,0,,
honeylove,Honeylove,Summer 2018,Yes,13000000,Series A,2022-04-13,,4,Press (linked from YC company page),https://www.forbes.com/sites/cherylrobinson/2022/04/13/how-a-300-thousand-kickstarter-turned-into-a-13-million-series-a-funding-round-for-honeylove/?sh=65a79b6138e0,How A $300 Thousand Kickstarter Turned Into A $13 Million Series A Funding Round For Honeylove,,,,,,,,,Medium,No matching post-YC Form D found.,2026-10-01T03:31:27Z,2022-04-13,13000000,Press (linked from YC company page),13000000,Yes,https://www.honeylove.com,Consumer,Growth,100,No,0,,,0,0,0,,
kunduz,Kunduz,Summer 2018,No evidence found,,,,,,,,,,,,,,,,,,Checked: no post-YC Form D matching the founders; no funding statement on website (8 pages) or YC page. LinkedIn/X/Crunchbase need a logged-in browser. National register for TR not checked.,2026-10-01T03:31:47Z,,,,,,https://kunduz.com/,Education,Early,85,No,0,,,0,0,0,,
aesthetic,Aesthetic,Summer 2018,No evidence found,,,,,,,,,,,,,,,,,,Checked: no post-YC Form D matching the founders; no funding statement on website (0 pages) or YC page. LinkedIn/X/Crunchbase need a logged-in browser.,2026-10-01T03:31:27Z,,,,,,https://www.aesthetic.com,B2B,Early,4,No,0,,,0,0,0,,
okcredit,OkCredit,Summer 2018,No evidence found,,,,,,,,,,,,,,,,,,Checked: no post-YC Form D matching the founders; no funding statement on website (4 pages) or YC page. LinkedIn/X/Crunchbase need a logged-in browser. National register for IN not checked.,2026-10-01T03:31:40Z,,,,,,https://www.okcredit.in,Fintech,Growth,70,No,0,,,0,0,0,,
culdesac,Culdesac,Summer 2018,No evidence found,,,,,,,,,,,,,,,,,,"Unverified Form D by same-named person: Fernbrook Office JV, LLC 0001972333-23-000001 sold 3049500 (first sale 2023-03-17, Bloomington); likely a different person. Unverified Form D by same-named person: Eternal Realm Productions, LLC 0001976891-23-000001 sold 0 (first sale yetToOccur, Fort Worth); likely a different person. Unverified Form D by same-named person: Pixxel Space Technologies, Inc. 0001818777-23-000002 sold 29499985 (first sale 2023-04-28, El Segundo); likely a different person. Unverified Form D by same-named person: CA Land Group, LLC 0001981933-23-000001 sold 10750000 (first sale 2023-06-06, Blue Bell); likely a different person. Unverified Form D by same-named person: VBS Undercover, LLC 0001991501-23-000001 sold 0 (first sale yetToOccur, Fort Worth); likely a different person. Unverified Form D by same-named person: Vital Network, Inc. 0001235802-23-000104 sold 250000 (first sale 2023-09-05, Golden Valley); likely a different person. Unverified Form D by same-named person: Minnetonka Marsh, LLC 0001999713-23-000001 sold 3737500 (first sale 2023-10-23, Blue Bell); likely a different person. Unverified Form D by same-named person: CineSky Entertainment, LLC 0002013459-24-000001 sold 0 (first sale yetToOccur, Fort Worth); likely a different person. Unverified Form D by same-named person: Xona Space Systems Inc. 0001920779-24-000004 sold 30695681 (first sale 2024-04-19, Burlingame); likely a different person. Unverified Form D by same-named person: Tend Dental,",2026-10-01T03:31:31Z,,,,,,http://culdesac.com,Real Estate and Construction,Growth,100,Yes,2,lever,2,2,0,0,https://culdesac.com/careers,Leasing & Community Operations Coordinator; Maintenance Technician
circumvent,Circumvent,Summer 2018,No evidence found,,,,,,,,,,,,,,,,,,Checked: no post-YC Form D matching the founders; no funding statement on website (0 pages) or YC page. LinkedIn/X/Crunchbase need a logged-in browser.,2026-10-01T03:31:30Z,,,,,,https://www.circumventpharmaceuticals.com/,Healthcare,Early,6,No,0,,,0,0,0,,
rejuvenation-technologies-inc,Rejuvenation Technologies Inc.,Summer 2018,No evidence found,,,,,,,,,,,,,,,,,,Checked: no post-YC Form D matching the founders; no funding statement on website (1 pages) or YC page. LinkedIn/X/Crunchbase need a logged-in browser.,2026-10-01T03:31:34Z,,,,,,https://www.rejuvenationtech.com/,Healthcare,Early,2,No,0,,,0,0,0,,
ilabservice,iLabService,Summer 2018,No evidence found,,,,,,,,,,,,,,,,,,Checked: no post-YC Form D matching the founders; no funding statement on website (10 pages) or YC page. LinkedIn/X/Crunchbase need a logged-in browser. National register for CN not checked.,2026-10-01T03:31:32Z,,,,,,https://www.ilabservice.ai,B2B,Growth,50,No,0,,,0,0,0,https://www.ilabservice.ai/careers,
lemonbox,LemonBox,Summer 2018,No evidence found,,,,,,,,,,,,,,,,,,Checked: no post-YC Form D matching the founders; no funding statement on website (2 pages) or YC page. LinkedIn/X/Crunchbase need a logged-in browser.,2026-10-01T03:31:37Z,,,,,,http://www.lemonbox.com/,Healthcare,Growth,20,No,0,,,0,0,0,,
enveritas,Enveritas,Summer 2018,No evidence found,,,,,,,,,,,,,,,,,,Checked: no post-YC Form D matching the founders; no funding statement on website (0 pages) or YC page. LinkedIn/X/Crunchbase need a logged-in browser.,2026-10-01T03:31:28Z,,,,,,http://www.enveritas.org,Industrials,Early,60,No,0,greenhouse,5,5,1,0,,"Backend Software Engineer - Python/Postgres [Remote / Global]; Fellowship - Impact; Ops Coordinator, Asia; Senior Impact Analyst; Senior Ops Manager - Asia"
spate,SPATE,Summer 2018,No evidence found,,,,,,,,,,,,,,,,,,Checked: no post-YC Form D matching the founders; no funding statement on website (9 pages) or YC page. LinkedIn/X/Crunchbase need a logged-in browser.,2026-10-01T03:31:33Z,,,,,,https://www.spate.nyc,B2B,Early,15,No,0,,,0,0,0,,
oxygen,Oxygen,Summer 2018,No evidence found,,,,,,,,,,,,,,,,,,Checked: no post-YC Form D matching the founders; no funding statement on website (1 pages) or YC page. LinkedIn/X/Crunchbase need a logged-in browser.,2026-10-01T03:31:41Z,,,,,,http://getoxygen.com,Fintech,Growth,68,Yes,2,,,2,0,0,,"Senior Software Development Engineer, Backend (Remote) ; Principal Backend Software Engineer, Python"
mark-cuban-cost-plus-drug-company-pbc,"Mark Cuban Cost Plus Drug Company, PBC",Summer 2018,No evidence found,,,,,,,,,,,,,,,,,,Checked: no post-YC Form D matching the founders; no funding statement on website (0 pages) or YC page. LinkedIn/X/Crunchbase need a logged-in browser.,2026-10-01T03:31:29Z,,,,,,http://www.costplusdrugs.com,Healthcare,Early,,No,0,,,0,0,0,,
anniecannons,AnnieCannons,Summer 2018,No evidence found,,,,,,,,,,,,,,,,,,Checked: no post-YC Form D matching the founders; no funding statement on website (0 pages) or YC page. LinkedIn/X/Crunchbase need a logged-in browser.,2026-10-01T03:33:31Z,,,,,,https://www.anniecannons.com,Education,Early,14,No,0,,,0,0,0,,
leena-ai,Leena AI,Summer 2018,No evidence found,,,,,,,,,,,,,,,,,,Checked: no post-YC Form D matching the founders; no funding statement on website (3 pages) or YC page. LinkedIn/X/Crunchbase need a logged-in browser.,2026-10-01T03:31:41Z,,,,,,https://www.leena.ai,B2B,Growth,500,Yes,1,,,1,0,0,https://leena.ai/careers,Sales Manager
synkrino-biotherapeutics,Synkrino Biotherapeutics,Summer 2018,No evidence found,,,,,,,,,,,,,,,,,,Checked: no post-YC Form D matching the founders; no funding statement on website (0 pages) or YC page. LinkedIn/X/Crunchbase need a logged-in browser.,2026-10-01T03:31:36Z,,,,,,http://www.synkrino.bio,Healthcare,Early,2,No,0,,,0,0,0,,
mutiny,Mutiny,Summer 2018,Yes,50000000,,2022-04-20,,4,Press (linked from YC company page),https://techcrunch.com/2022/04/20/mutiny-which-personalizes-website-copy-and-headlines-using-ai-raises-50m/?tpcc=tcplustwitter,"Mutiny, which personalizes website copy and headlines using AI, raises $50M – TechCrunch",,,,,,,,,Medium,No matching post-YC Form D found.,2026-10-01T03:31:35Z,2022-04-20,50000000,Press (linked from YC company page),50000000,Yes,https://www.mutinyhq.com,B2B,Early,20,Yes,4,ashby,9,9,2,3,https://www.mutinyhq.com/join-us,Social Media Creator; Founding Enterprise Account Executive; Head of AI Strategists; AI Strategist; Staff Product Designer; Senior Software Engineer (AI Products); Enterprise Sales Manager; Head of GTM (Path to COO); Product Designer
cowrywise,Cowrywise,Summer 2018,Yes,3000000,Series A,,,2,Company website,https://cowrywise.com/press,Nigeria’s Cowrywise raises $3M pre-Series A to scale its wealth management platform.,,,,,,,,,High,Round date not stated on the source page; assumed post-YC because it is presented as current news. No matching post-YC Form D found.,2026-10-01T03:31:39Z,,,,3000000,Yes,https://cowrywise.com,Fintech,Early,40,No,0,,,0,0,0,https://cowrywise.com/careers,
helicarrier-prev-buycoins,Helicarrier (prev Buycoins),Summer 2018,No evidence found,,,,,,,,,,,,,,,,,,Checked: no post-YC Form D matching the founders; no funding statement on website (0 pages) or YC page. LinkedIn/X/Crunchbase need a logged-in browser.,2026-10-01T03:31:35Z,,,,,,https://helicarrier.studio,Fintech,Early,30,No,0,,,0,0,0,,
khatabook,Khatabook,Summer 2018,Yes,100000000,,2021-08-23,,4,Press (linked from YC company page),https://techcrunch.com/2021/08/23/indias-khatabook-raises-100-million-for-its-bookkeeping-platform-for-merchants/,India’s Khatabook raises $100 million for its bookkeeping platform for merchants – TechCrunch,,,,,,,,,Medium,No matching post-YC Form D found.,2026-10-01T03:31:57Z,2021-08-23,100000000,Press (linked from YC company page),100000000,Yes,https://khatabook.com/,Fintech,Growth,350,No,0,,,0,0,0,https://khatabook.com/hiring/,
brainhi,BrainHi,Summer 2018,No evidence found,,,,,,,,,,,,,,,,,,Checked: no post-YC Form D matching the founders; no funding statement on website (2 pages) or YC page. LinkedIn/X/Crunchbase need a logged-in browser. National register for PR not checked.,2026-10-01T03:31:42Z,,,,,,https://www.brainhi.com,Healthcare,Early,18,No,0,,,0,0,0,,
four-growers,Four Growers,Summer 2018,Yes,4077219,Equity (per Form D; stage not stated),2024-09-09,,1,SEC Form D,https://www.sec.gov/Archives/edgar/data/1761867/000176186724000001/primary_doc.xml,totalAmountSold: 4077219; totalOfferingAmount: 9077219; dateOfFirstSale: 2024-09-09,0001761867,0001761867-24-000001,4077219,9077219,2024-09-09,Equity,11,"FOUR GROWERS, INC",High,"Form D clarification: $2,077,219 reflects principal amount of previously outstanding SAFEs and other convertible instruments that converted as part of equity offering.",2026-10-01T03:31:45Z,2024-09-09,4077219,SEC Form D 0001761867-24-000001,4077219,Yes,https://fourgrowers.com/,Industrials,Early,14,No,0,,,0,0,0,https://fourgrowers.com/careers/,
skydropx,SkydropX,Summer 2018,No evidence found,,,,,,,,,,,,,,,,,,Checked: no post-YC Form D matching the founders; no funding statement on website (0 pages) or YC page. LinkedIn/X/Crunchbase need a logged-in browser. National register for MX not checked.,2026-10-01T03:31:41Z,,,,,,http://skydropx.com,B2B,Growth,320,No,0,ashby,41,41,8,1,,Postúlate aquí; Ejecutivo de Ventas (Tampico); Vendedor Junior I; Practicante Técnico/Tecnólogo; RevOps Data Analyst (Bilingüe); DevOps Engineer; Supervisor(a) de Vendas Outbound; Banco de Talentos – Pessoas com Deficiência (PCD); Ejecutivo de Atención a Clientes (Tampico); Community & Content Creator
eden-2,Eden,Summer 2018,Yes,10000000,,2024-07-17,,4,Press (linked from YC company page),https://www.axios.com/pro/health-tech-deals/2024/07/17/eden-10-million-radiology,Eden raises $10M to address global radiologist shortage,,,,,,,,,Medium,"Unverified Form D by same-named person: Higia, Inc. 0001811218-24-000001 sold 7891558 (first sale 2024-04-16, Wilmington); likely a different person. No matching post-YC Form D found.",2026-10-01T03:31:39Z,2024-07-17,10000000,Press (linked from YC company page),10000000,Yes,https://edenmed.com,Healthcare,Growth,100,Yes,1,,,1,0,0,,"Member of Technical Staff, AI Research – Radiology Foundation Model"
nestor,Nestor,Summer 2018,Yes,2000000,Seed,2022-12-07,,2,Company website,https://nestorup.com/blog/nestor-raises-2m-in-seed-to-help-organizations-forge-new-ways-to-develop-and-retain-talent/,Nestor raises $2M in seed to help organizations forge new ways to develop and retain talent - Nestor,,,,,,,,,High,No matching post-YC Form D found.,2026-10-01T03:31:50Z,2022-12-07,2000000,Company website,2000000,Yes,https://nestorup.com,B2B,Early,20,Yes,1,,,1,0,0,https://nestorup.com/careers/,Sales Development Representative (SDR)
ziffyhomes,ZiffyHomes,Summer 2018,No evidence found,,,,,,,,,,,,,,,,,,Checked: no post-YC Form D matching the founders; no funding statement on website (2 pages) or YC page. LinkedIn/X/Crunchbase need a logged-in browser. National register for IN not checked.,2026-10-01T03:31:42Z,,,,,,https://www.ziffyhomes.com/,Real Estate and Construction,Early,57,Yes,1,,,1,0,0,,Founding Team - Rust and Substrate Engineer
bot-md,Bot MD,Summer 2018,No evidence found,,,,,,,,,,,,,,,,,,Checked: no post-YC Form D matching the founders; no funding statement on website (3 pages) or YC page. LinkedIn/X/Crunchbase need a logged-in browser. National register for SG not checked.,2026-10-01T03:32:19Z,,,,,,https://www.botmd.io,Healthcare,Growth,15,Yes,2,,,2,0,0,,"Solutions & Project Delivery Manager - Malaysia; Solutions & Project Delivery Manager - Manila, Philippines"
fintual,Fintual,Summer 2018,No evidence found,,,,,,,,,,,,,,,,,,Checked: no post-YC Form D matching the founders; no funding statement on website (1 pages) or YC page. LinkedIn/X/Crunchbase need a logged-in browser. National register for CL not checked.,2026-10-01T03:31:44Z,,,,,,https://fintual.com,Fintech,Growth,100,No,0,lever,2,2,1,0,,Senior Portfolio Manager; Senior Software Engineer
names-and-faces,Names & Faces,Summer 2018,No evidence found,,,,,,,,,,,,,,,,,,Checked: no post-YC Form D matching the founders; no funding statement on website (2 pages) or YC page. LinkedIn/X/Crunchbase need a logged-in browser.,2026-10-01T03:31:44Z,,,,,,http://www.namesandfaces.com,B2B,Early,20,No,0,,,0,0,0,,
tenderd,TENDERD,Summer 2018,Yes,5800000,Seed,,,2,Company website,https://tenderd.com/news/,TENDERD Launches with MENA’s Largest Seed Round of $5.8m.,,,,,,,,,High,Round date not stated on the source page; assumed post-YC because it is presented as current news. No matching post-YC Form D found.,2026-10-01T03:32:11Z,,,,5800000,Yes,https://www.tenderd.com/,B2B,Growth,60,No,0,,,0,0,0,https://tenderd.com/careers/,
calii,Calii,Summer 2018,No evidence found,,,,,,,,,,,,,,,,,,Checked: no post-YC Form D matching the founders; no funding statement on website (2 pages) or YC page. LinkedIn/X/Crunchbase need a logged-in browser. National register for MX not checked.,2026-10-01T03:31:50Z,,,,,,https://calii.com,Consumer,Growth,750,No,0,,,0,0,0,https://app.notion.com/p/calii/nete-a-Calii-Construye-el-futuro-del-s-per-en-LatAm-6ecc635fe69544b9b77bd08a59ff52b5,
prodigal,Prodigal,Summer 2018,Yes,14000000,,,,2,Company website,https://www.prodigaltech.com/blog/our-series-a,This brings our total equity capital raised to $14M..,,,,,,,,,High,Round date not stated on the source page; assumed post-YC because it is presented as current news. Other stated figure: $12M (https://yourstory.com/2021/07/funding-debt-collection-software-maker-prodigal-seriesa-menlo-ventures/amp). No matching post-YC Form D found.,2026-10-01T03:31:57Z,,,,14000000,Yes,https://prodigaltech.com/,Fintech,Early,99,Yes,2,greenhouse,11,11,4,3,https://www.prodigaltech.com/careers,Account Executive; Agent Engineer; AI Deployment Lead; Applied AI Engineer; Business Development Representative - US Market; Content Marketing Intern; Customer Success Manager; Data Engineer; Machine Learning Engineer; Strategy and Operations Analyst
canary-technologies,Canary Technologies,Summer 2018,Yes,80000000,Series D,2025-06-12,,4,Press (linked from YC company page),https://techcrunch.com/2025/06/12/hotel-management-platform-canary-nabs-80m-series-d-from-yc-insight-partners/,"Hotel management platform Canary nabs $80M Series D from BPC, YC, Insight Partners | TechCrunch",,,,,,,,,Medium,Other stated figure: $30 Million (https://skift.com/2022/10/28/canary-technologies-raises-30-million-to-boost-hotel-software-biz-travel-startup-funding-this-week/). No matching post-YC Form D found.,2026-10-01T03:32:08Z,2025-06-12,80000000,Press (linked from YC company page),80000000,Yes,https://www.canarytechnologies.com,B2B,Growth,150,Yes,2,lever,38,38,6,0,https://www.canarytechnologies.com/jobs,"Associate Account Executive - DACH (German Speaking); Associate Account Executive - France (French Speaking); Associate Account Executive - Middle East (Arabic Speaking); Associate Product Marketing Director; Customer Success Manager, Global Strategic Brands; Customer Success Manager, Global Strategic Brands; Director of Product, Digital Guest Journey; Enterprise Sales Engineer; Enterprise Sales Engineer; Enterprise/ Strategic Account Executive"
papa,Papa,Summer 2018,Yes,240000000,Series D,,,2,Company website,https://www.papa.com/about,"Founded in 2017, we’ve raised $240 million in venture capital to date, reaching unicorn status with our recent Series D.",,,,,,,,,High,"Unverified Form D by same-named person: Leaf International Corp 0001811735-23-000002 sold 14552898 (first sale 2023-09-20, San Francisco); likely a different person. Round date not stated on the source page; assumed post-YC because it is presented as current news. No matching post-YC Form D found.",2026-10-01T03:31:50Z,,,,240000000,No,https://www.papa.com,Healthcare,Growth,500,No,0,greenhouse,4,4,0,0,,"General Manager, Consumer; Physician Partner ; Senior Product Manager (Community) ; Sr. Manager Client Success"
mentalhappy,MentalHappy,Summer 2018,Yes,500000,Equity (per Form D; stage not stated),2024-07-29,,1,SEC Form D,https://www.sec.gov/Archives/edgar/data/1809358/000180935824000002/primary_doc.xml,totalAmountSold: 500000; totalOfferingAmount: 2000000; dateOfFirstSale: 2024-07-29,0001809358,0001809358-24-000002,500000,2000000,2024-07-29,Equity,2,MentalHappy Inc,High,,2026-10-01T03:31:49Z,2024-07-29,500000,SEC Form D 0001809358-24-000002,500000,Yes,http://www.MentalHappy.com,Healthcare,Early,7,No,0,,,0,0,0,https://www.mentalhappy.com/careers,
alpha-vantage,Alpha Vantage,Summer 2018,No evidence found,,,,,,,,,,,,,,,,,,Checked: no post-YC Form D matching the founders; no funding statement on website (2 pages) or YC page. LinkedIn/X/Crunchbase need a logged-in browser.,2026-10-01T03:31:48Z,,,,,,https://www.alphavantage.co/,Fintech,Early,25,Yes,2,,,2,0,0,https://www.alphavantage.co/careers/,GTM team (Various roles available); Growth Manager
bluecargo,BlueCargo,Summer 2018,Yes,11000000,Seed,,,2,YC company/launch page,https://www.ycombinator.com/companies/bluecargo,has raised a 4 million seed round followed by a $11m Series A.,,,,,,,,,High,Round date not stated on the source page; assumed post-YC because it is presented as current news. No matching post-YC Form D found.,2026-10-01T03:31:53Z,,,,11000000,Yes,http://www.bluecargo.io/,B2B,Early,35,Yes,7,,,7,0,0,,Product Manager; Customer Success Manager; Customer Operations Analyst; Head of Customer Operations; Senior/Staff Backend Engineer; Sales Development Representative (SDR); Customer Success Manager
cytera-cellworks,Mytos,Summer 2018,Yes,18003172,Equity (per Form D; stage not stated),2023-09-20,,1,SEC Form D,https://www.sec.gov/Archives/edgar/data/1995930/000199593023000001/primary_doc.xml,totalAmountSold: 18003172; totalOfferingAmount: 18008172; dateOfFirstSale: 2023-09-20,0001995930,0001995930-23-000001,18003172,18008172,2023-09-20,Equity,93,"Mytos, Inc.",High,,2026-10-01T03:31:52Z,2023-09-20,18003172,SEC Form D 0001995930-23-000001,18003172,Yes,https://www.mytos.bio,Healthcare,Early,26,Yes,2,lever,11,11,4,1,,Chief of Staff; Engineering Technician; General Opportunity; Junior Mechanical Engineer (Summer 2026); Junior/Mid Software Engineer; Manufacturing Lead (Hardware); Principal Scientist (PD/MSAT); Quality (QA) Lead - CDMO; Senior Mechanical Engineer; Senior Product Designer
pine-park-health,Pine Park Health,Summer 2018,Yes,44000000,,2022-01-24,,4,Press (linked from YC company page),https://seniorhousingnews.com/2022/01/24/with-44m-raised-pine-park-health-to-expand-senior-living-focused-primary-care-model/,"With $44M Raised, Pine Park Health To Expand Senior Living-Focused Primary Care Model - Senior Housing News",,,,,,,,,Medium,No matching post-YC Form D found.,2026-10-01T03:31:57Z,2022-01-24,44000000,Press (linked from YC company page),44000000,Yes,http://pineparkhealth.com,Healthcare,Growth,75,Yes,2,,,2,0,0,https://www.pineparkhealth.com/careers,Senior Software Engineer; Sales Enrollment Director 
cb-therapeutics,CB Therapeutics,Summer 2018,No evidence found,,,,,,,,,,,,,,,,,,Checked: no post-YC Form D matching the founders; no funding statement on website (2 pages) or YC page. LinkedIn/X/Crunchbase need a logged-in browser.,2026-10-01T03:31:54Z,,,,,,http://www.cbthera.com,Healthcare,Early,18,No,0,,,0,0,0,,
dreamcraft-entertainment-inc,"DreamCraft Entertainment, Inc.",Summer 2018,Yes,10000000,Series A,,March Gaming,2,Company website,https://www.dreamcraft.com,DreamCraft is excited to announce that we have raised $10 million in Series A funding led by March Gaming (Gregory Milken and Louis Gresham),,,,,,,,,High,Round date not stated on the source page; assumed post-YC because it is presented as current news. No matching post-YC Form D found.,2026-10-01T03:31:56Z,2021-12-17,10000000,https://www.dreamcraft.com (date printed near the quote),10000000,Yes,https://www.dreamcraft.com/,Consumer,Growth,23,Yes,4,,,4,0,0,https://www.dreamcraft.com/careers/,3D Artist; Senior Software Engineer; Senior Frontend Engineer; Technical Artist
ajaib,Ajaib,Summer 2018,No evidence found,,,,,,,,,,,,,,,,,,Checked: no post-YC Form D matching the founders; no funding statement on website (1 pages) or YC page. LinkedIn/X/Crunchbase need a logged-in browser. National register for ID not checked.,2026-10-01T03:32:03Z,,,,,,https://www.ajaib.co.id/,Fintech,Early,300,No,0,,,0,0,0,,
ubits,UBITS,Summer 2018,No evidence found,,,,,,,,,,,,,,,,,,Checked: no post-YC Form D matching the founders; no funding statement on website (2 pages) or YC page. LinkedIn/X/Crunchbase need a logged-in browser. National register for MX not checked.,2026-10-01T03:31:56Z,,,,,,http://ubits.com,B2B,Growth,300,No,0,,,0,0,0,,
quickchat-ai,Quickchat AI,Summer 2018,No evidence found,,,,,,,,,,,,,,,,,,Checked: no post-YC Form D matching the founders; no funding statement on website (10 pages) or YC page. LinkedIn/X/Crunchbase need a logged-in browser. National register for PL not checked.,2026-10-01T03:32:01Z,,,,,,https://quickchat.ai/,B2B,Early,7,Yes,1,,,1,0,0,https://quickchat.ai/careers,Machine Learning Engineer
duffel,Duffel,Summer 2018,No evidence found,,,,,,,,,,,,,,,,,,Checked: no post-YC Form D matching the founders; no funding statement on website (5 pages) or YC page. LinkedIn/X/Crunchbase need a logged-in browser.,2026-10-01T03:31:58Z,,,,,,https://duffel.com/,Consumer,Growth,55,Yes,2,ashby,13,13,4,0,https://duffel.com/careers,"Travel Support Consultant, US; Software Engineer  (Backend); Travel Support Consultant, London; Senior Customer Success Engineer - API; Senior Customer Success Manager ; Product Manager - Payments; Finance Assistant & AP - FTC ; Product Manager - Flights; Partner Engineer (Pre and Post Sales); Agency Operations Consultant"
corvus-robotics,Corvus Robotics,Summer 2018,No evidence found,,,,,,,,,,,,,,,,,,"Unverified Form D by same-named person: Quantile Health Inc. 0002010428-24-000001 sold 6000000 (first sale 2024-01-23, Albany); likely a different person. Unverified Form D by same-named person: Quantile Health Inc. 0002010428-24-000002 sold 7705000 (first sale 2024-01-23, Albany); likely a different person. Checked: no post-YC Form D matching the founders; no funding statement on website (4 pages) or YC page. LinkedIn/X/Crunchbase need a logged-in browser.",2026-10-01T03:32:00Z,,,,,,https://www.corvus-robotics.com,Industrials,Growth,30,No,0,ashby,8,8,4,2,https://www.corvus-robotics.com/careers,"Head of Talent; Sr. Computer Vision / Machine Learning Engineer; Senior Software Engineer; Product Implementation Engineer I, II; Sr. ML Ops Engineer; Manufacturing Technician; Field Technician; QA Manager"
easol,Easol,Summer 2018,Yes,5000000,OptionToAcquire; SecurityToBeAcquired (per Form D; stage not stated),2024-04-29,,1,SEC Form D,https://www.sec.gov/Archives/edgar/data/1813435/000181343524000002/primary_doc.xml,totalAmountSold: 5000000; totalOfferingAmount: 10000000; dateOfFirstSale: 2024-04-29,0001813435,0001813435-24-000002,5000000,10000000,2024-04-29,OptionToAcquire; SecurityToBeAcquired,6,Easol Holdings Inc.,High,Tier 4 source states $25M (https://techcrunch.com/2021/12/08/easol-raises-25m-for-its-experiences-and-event-marketing-booking-and-payments-platform/); Form D figure kept.,2026-10-01T03:32:16Z,2024-04-29,5000000,SEC Form D 0001813435-24-000002,5000000,Yes,http://www.easol.com,B2B,Growth,70,No,0,,,0,0,0,,
tall-poppy,Tall Poppy,Summer 2018,Yes,250000,OptionToAcquire; SecurityToBeAcquired (per Form D; stage not stated),2023-09-05,,1,SEC Form D,https://www.sec.gov/Archives/edgar/data/1750759/000175075923000002/primary_doc.xml,totalAmountSold: 250000; totalOfferingAmount: 250000; dateOfFirstSale: 2023-09-05,0001750759,0001750759-23-000002,250000,250000,2023-09-05,OptionToAcquire; SecurityToBeAcquired,1,Tall Poppy Security Inc.,High,,2026-10-01T03:31:59Z,2023-09-05,250000,SEC Form D 0001750759-23-000002,250000,Yes,https://tallpoppy.com,B2B,Early,10,No,0,,,0,0,0,,
pocket-worlds,Pocket Worlds,Summer 2018,No evidence found,,,,,,,,,,,,,,,,,,Checked: no post-YC Form D matching the founders; no funding statement on website (2 pages) or YC page. LinkedIn/X/Crunchbase need a logged-in browser.,2026-10-01T03:32:02Z,,,,,,https://pocketworlds.com,Consumer,Growth,100,No,0,,,0,0,0,https://www.pocketworlds.com/careers,
anima-app,Anima App,Summer 2018,Yes,10000000,Series A,2021-09-01,,4,Press (linked from YC company page),https://techcrunch.com/2021/09/01/anima-a-no-code-tool-that-turns-designs-into-code-raises-10-million-series-a/,"Anima, a no-code tool that turns designs into code, raises $10 million Series A • TechCrunch",,,,,,,,,Medium,Other stated figure: $2.5 Million (https://www.businessinsider.com/yo-coding-startup-anima-raise-seed-funding-2020-9). No matching post-YC Form D found.,2026-10-01T03:32:02Z,2021-09-01,10000000,Press (linked from YC company page),10000000,Yes,https://www.animaapp.com,B2B,Growth,20,No,0,,,0,0,0,,
64x-bio,64x Bio,Summer 2018,Yes,55000000,,,,2,Company website,https://64xbio.com/news,64x Bio Raises $55M To Advance Gene Therapy Platform.,,,,,,,,,High,Round date not stated on the source page; assumed post-YC because it is presented as current news. No matching post-YC Form D found.,2026-10-01T03:32:06Z,,,,55000000,Yes,http://www.64xbio.com,Healthcare,Early,25,No,0,,,0,0,0,,
embeddables,Embeddables,Summer 2018,No evidence found,,,,,,,,,,,,,,,,,,Checked: no post-YC Form D matching the founders; no funding statement on website (1 pages) or YC page. LinkedIn/X/Crunchbase need a logged-in browser.,2026-10-01T03:32:03Z,,,,,,https://embeddables.com,B2B,Early,23,No,0,,,0,0,0,,
vimcal,Vimcal,Summer 2018,Yes,6850663,Equity (per Form D; stage not stated),2023-10-31,,1,SEC Form D,https://www.sec.gov/Archives/edgar/data/2000094/000200009423000001/primary_doc.xml,totalAmountSold: 6850663; totalOfferingAmount: 6850663; dateOfFirstSale: 2023-10-31,0002000094,0002000094-23-000001,6850663,6850663,2023-10-31,Equity,49,Vimcal Inc.,High,Tier 4 source states $4.5 million (https://techcrunch.com/2023/11/28/vimcal-raises-4-5-million-to-expand-its-team-offerings/); Form D figure kept.,2026-10-01T03:32:05Z,2023-10-31,6850663,SEC Form D 0002000094-23-000001,6850663,Yes,http://www.vimcal.com,B2B,Early,9,No,0,,,0,0,0,,
meru-health,Meru Health,Summer 2018,No evidence found,,,,,,,,,,,,,,,,,,Checked: no post-YC Form D matching the founders; no funding statement on website (5 pages) or YC page. LinkedIn/X/Crunchbase need a logged-in browser.,2026-10-01T03:32:06Z,,,,,,http://www.meruhealth.com,Healthcare,Growth,55,Yes,1,greenhouse,1,1,0,0,https://www.meruhealth.com/careers,"Remote Licensed Therapist, Part-Time"
paladin,Paladin,Summer 2018,Yes,20013621,Equity (per Form D; stage not stated),2024-04-04,,1,SEC Form D,https://www.sec.gov/Archives/edgar/data/2019997/000201999725000003/primary_doc.xml,totalAmountSold: 17013621; totalOfferingAmount: 18078621; dateOfFirstSale: 2025-08-11,0002019997,0002019997-25-000003,17013621,18078621,2025-08-11,Equity,37,Paladin Drones Inc.,High,"2 post-YC Form D offerings summed: 0002019997-24-000001 $3000000 (2024-04-04), 0002019997-25-000003 $17013621 (2025-08-11) Form D clarification: $8,050 offered in new money investment, $10,028,620.97 converting SAFEs",2026-10-01T03:32:12Z,2025-08-11,17013621,SEC Form D 0002019997-25-000003,20013621,Yes,http://paladindrones.io,Industrials,Early,12,No,0,,,0,0,0,https://www.paladindrones.io/careers,
clear-gene,Clear Gene,Summer 2018,No evidence found,,,,,,,,,,,,,,,,,,Checked: no post-YC Form D matching the founders; no funding statement on website (1 pages) or YC page. LinkedIn/X/Crunchbase need a logged-in browser.,2026-10-01T03:32:06Z,,,,,,https://cleargene.com,Healthcare,Early,4,No,0,,,0,0,0,https://cleargene.com/jobs,
hepatx,Hepatx,Summer 2018,No evidence found,,,,,,,,,,,,,,,,,,Checked: no post-YC Form D matching the founders; no funding statement on website (2 pages) or YC page. LinkedIn/X/Crunchbase need a logged-in browser.,2026-10-01T03:32:08Z,,,,,,http://www.hepatx.com,Healthcare,Early,4,No,0,,,0,0,0,https://hepatx.com/careers,
the-good-food-institute,The Good Food Institute,Summer 2018,No evidence found,,,,,,,,,,,,,,,,,,Checked: no post-YC Form D matching the founders; no funding statement on website (11 pages) or YC page. LinkedIn/X/Crunchbase need a logged-in browser.,2026-10-01T03:32:22Z,,,,,,http://www.gfi.org,Consumer,Early,110,No,0,greenhouse,1,1,0,0,https://gfi.org/careers/,Donor Operations Coordinator (part-time)
rebellyous-foods,Rebellyous Foods,Summer 2018,No evidence found,,,,,,,,,,,,,,,,,,"Unverified Form D by same-named person: Seattle Food Tech, Inc. 0001807097-23-000001 sold 20321630 (first sale 2023-01-23, Seattle); likely a different person. Unverified Form D by same-named person: Seattle Food Tech, Inc. 0001807097-25-000001 sold 2469217 (first sale 2024-11-07, Tukwila); likely a different person. Checked: no post-YC Form D matching the founders; no funding statement on website (2 pages) or YC page. LinkedIn/X/Crunchbase need a logged-in browser.",2026-10-01T03:32:12Z,,,,,,https://rebellyous.com/,Healthcare,Growth,12,No,0,,,0,0,0,,
askmyclass-now-soundkins,"AskMyClass, now Soundkins",Summer 2018,No evidence found,,,,,,,,,,,,,,,,,,Checked: no post-YC Form D matching the founders; no funding statement on website (0 pages) or YC page. LinkedIn/X/Crunchbase need a logged-in browser.,2026-10-01T03:32:07Z,,,,,,https://soundkins.com/,Education,Early,2,No,0,,,0,0,0,,
openphone,Quo (fka OpenPhone),Summer 2018,Yes,40000000,,2022-04-07,,4,Press (linked from YC company page),https://techcrunch.com/2022/04/07/open-phone-raises-40m-to-replace-your-work-phone-and-office-pbx-with-an-app/,OpenPhone raises $40M to replace your work phone and office PBX with an app – TechCrunch,,,,,,,,,Medium,No matching post-YC Form D found.,2026-10-01T03:32:12Z,2022-04-07,40000000,Press (linked from YC company page),40000000,Yes,https://www.quo.com,B2B,Growth,125,No,0,,,0,0,0,https://www.quo.com/careers,
college-pulse,College Pulse,Summer 2018,No evidence found,,,,,,,,,,,,,,,,,,Checked: no post-YC Form D matching the founders; no funding statement on website (4 pages) or YC page. LinkedIn/X/Crunchbase need a logged-in browser.,2026-10-01T03:32:13Z,,,,,,https://collegepulse.com/,B2B,Growth,9,No,0,,,0,0,0,,
apprentice-health,Apprentice Health,Summer 2018,No evidence found,,,,,,,,,,,,,,,,,,Checked: no post-YC Form D matching the founders; no funding statement on website (1 pages) or YC page. LinkedIn/X/Crunchbase need a logged-in browser.,2026-10-01T03:32:12Z,,,,,,https://www.apprenticehealth.com,Healthcare,Early,6,Yes,3,,,3,0,0,,Software Engineer I; Software Engineer II; Software Engineer III
jitx,JITX,Summer 2018,Yes,12000000,Series A,,,2,Company website,https://www.jitx.com/blog,JITX raised a $12M Series A from Sequoia Capital..,,,,,,,,,High,Round date not stated on the source page; assumed post-YC because it is presented as current news. No matching post-YC Form D found.,2026-10-01T03:32:14Z,2023-03-17,12000000,https://www.jitx.com/blog (date printed near the quote),12000000,Yes,http://www.jitx.com,Industrials,Early,18,Yes,1,lever,2,2,2,0,https://www.jitx.com/careers,Principal Full Stack Software Engineer; Senior Software Engineer
inscribe,Inscribe,Summer 2018,Yes,25000000,Series B,2023-01-25,,2,Company website,https://www.inscribe.ai/blog/announcing-our-series-b?utm_source=linkedin&utm_campaign=2022-Q4-Series-B-Launch&utm_medium=organicsocial,Announcing our Series B: We’ve raised $25M to help companies build digital trust with Risk Intelligence,,,,,,,,,High,No matching post-YC Form D found.,2026-10-01T03:32:15Z,2023-01-25,25000000,Company website,25000000,Yes,https://www.inscribe.ai/,B2B,Early,35,Yes,0,ashby,2,2,0,0,https://www.inscribe.ai/careers,Senior Customer Success Manager; Partnerships Lead
data-driven-bioscience,Data Driven Bioscience,Summer 2018,No evidence found,,,,,,,,,,,,,,,,,,Checked: no post-YC Form D matching the founders; no funding statement on website (1 pages) or YC page. LinkedIn/X/Crunchbase need a logged-in browser.,2026-10-01T03:32:20Z,,,,,,http://datadrivenbioscience.com,Healthcare,Early,10,Yes,1,,,1,0,0,,Bioinformatics/Biostatistics specialist
titan,Titan,Summer 2018,No evidence found,,,,,,,,,,,,,,,,,,Checked: no post-YC Form D matching the founders; no funding statement on website (9 pages) or YC page. LinkedIn/X/Crunchbase need a logged-in browser.,2026-10-01T03:33:38Z,,,,,,http://www.titan.com,Fintech,Growth,40,Yes,3,ashby,12,12,6,0,https://www.titan.com/careers,"Wealth Advisor, Associate ; Data Analyst; Founding Account Executive; Senior Backend / Infrastructure Engineer – TypeScript; Senior Full Stack Engineer – Web & Mobile; Principal Backend / Infrastructure Engineer – TypeScript; Principal Full Stack Engineer – Web & Mobile; Wealth Advisor, VP; Wealth Advisor, SVP; Client Services Associate"
activeloop,Activeloop,Summer 2018,Yes,11000000,,2024-03-26,,4,Press (linked from YC company page),https://siliconangle.com/2024/03/26/activeloop-raises-11m-grow-specialized-database-ai-training-inference/,Activeloop raises $11M to grow its specialized tensor database for AI training and inference - SiliconANGLE,,,,,,,,,Medium,No matching post-YC Form D found.,2026-10-01T03:32:22Z,2024-03-26,11000000,Press (linked from YC company page),11000000,Yes,https://activeloop.ai/,B2B,Growth,15,Yes,1,,,1,0,0,,Member of Technical Staff
openwrench,OpenWrench,Summer 2018,No evidence found,,,,,,,,,,,,,,,,,,Checked: no post-YC Form D matching the founders; no funding statement on website (3 pages) or YC page. LinkedIn/X/Crunchbase need a logged-in browser.,2026-10-01T03:32:17Z,,,,,,https://www.useopenwrench.com,B2B,Early,,No,0,,,0,0,0,https://www.useopenwrench.com/careers,
revenuecat,RevenueCat,Summer 2018,Yes,40000000,Series B,2021-05-27,,4,Press (linked from YC company page),https://techcrunch.com/2021/05/27/revenuecat-raises-40m-series-b-for-its-in-app-subscription-platform/,RevenueCat raises $40M Series B for its in-app subscription platform – TechCrunch,,,,,,,,,Medium,Other stated figure: $12M (https://techcrunch.com/2024/04/25/revenuecat-raises-12m-series-c-as-it-expands-its-subscription-management-to-the-web/). No matching post-YC Form D found.,2026-10-01T03:32:20Z,2021-05-27,40000000,Press (linked from YC company page),40000000,Yes,https://www.revenuecat.com/,B2B,Growth,160,Yes,20,ashby,20,20,8,0,,"Senior SDK Engineer; Senior Product Designer; Senior Product Manager, Funnels; Senior Software Engineer, Internal Tooling; Engineering Manager, RC Capital; Senior Product Marketing Manager; Senior Sales Engineer; Senior Product Manager, Analytics Features; Senior CRO Designer, Paywalls and Funnels; Data Analyst"
jetlenses,Verse Medical,Summer 2018,No evidence found,,,,,,,,,,,,,,,,,,Checked: no post-YC Form D matching the founders; no funding statement on website (10 pages) or YC page. LinkedIn/X/Crunchbase need a logged-in browser.,2026-10-01T03:32:17Z,,,,,,http://versemedical.com/,Healthcare,Early,200,Yes,1,ashby,33,33,6,0,,"Senior Account Manager - Partnerships; Talent Acquisition Specialist; Medical Biller, Specialty DME; Customer Success Manager; Medical Biller; Sales Development Representative; Software Engineer, Full Stack - Emerging Talent; Office Manager; Customer Experience Associate ; Senior Software Engineer, Full Stack"
dinesafe,Dinesafe,Summer 2018,No evidence found,,,,,,,,,,,,,,,,,,Checked: no post-YC Form D matching the founders; no funding statement on website (10 pages) or YC page. LinkedIn/X/Crunchbase need a logged-in browser.,2026-10-01T03:32:18Z,,,,,,https://dinesafe.org,Healthcare,Early,6,No,0,,,0,0,0,,
modern-treasury,Modern Treasury,Summer 2018,Yes,50000000,Series C,2022-03-30,,2,Company website,https://www.moderntreasury.com/journal/welcoming-svb-capital-and-salesforce-ventures,Modern Treasury Raises Additional $50 Million in its Series C Round,,,,,,,,,High,No matching post-YC Form D found.,2026-10-01T03:32:21Z,2022-03-30,50000000,Company website,50000000,Yes,http://www.moderntreasury.com/,B2B,Growth,160,Yes,3,ashby,9,9,2,0,https://www.moderntreasury.com/about#careers,"Software Engineer ; Software Engineer - Infrastructure ; Account Executive; Product Manager, Payments; Revenue Operations Systems Admin; Head of Risk; Workplace Coordinator; CFO/VP of Finance; Technical Support Specialist"
c16-biosciences,C16 Biosciences,Summer 2018,Yes,4984415,Equity (per Form D; stage not stated),2023-02-21,,1,SEC Form D,https://www.sec.gov/Archives/edgar/data/1757728/000175772823000001/primary_doc.xml,totalAmountSold: 4984415; totalOfferingAmount: 10244013; dateOfFirstSale: 2023-02-21,0001757728,0001757728-23-000001,4984415,10244013,2023-02-21,Equity,17,"C16 Biosciences, Inc.",High,"Unverified Form D by same-named person: Kernel Foods, Inc. 0001988561-23-000001 sold 27374832 (first sale 2023-07-26, New York); likely a different person. Unverified Form D by same-named person: Phyxd, Inc. 0002048470-24-000001 sold 3489399 (first sale 2024-12-02, New York); likely a different person. Unverified Form D by same-named person: EDBLOX, INC. 0001735903-25-000003 sold 3771578 (first sale 2025-05-23, Chicago); likely a different person. Unverified Form D by same-named person: Kernel Foods, Inc. 0001231919-25-000340 sold 29999908 (first sale 2025-10-07, New York); likely a different person.",2026-10-01T03:32:23Z,2023-02-21,4984415,SEC Form D 0001757728-23-000001,4984415,Yes,https://www.c16bio.com/,Healthcare,Growth,35,No,0,,,0,0,0,https://c16bio.com/careers,
within,Within,Summer 2018,No evidence found,,,,,,,,,,,,,,,,,,Checked: no post-YC Form D matching the founders; no funding statement on website (6 pages) or YC page. LinkedIn/X/Crunchbase need a logged-in browser.,2026-10-01T03:32:40Z,,,,,,http://within.ai,B2B,Growth,128,Yes,17,ashby,14,17,5,6,https://www.within.ai/careers,Senior/Staff AI Frontend Engineer; Strategic Account Executive; Business Development Representative (Enterprise); Enterprise Account Executive; AI Value Delivery Lead (Partner Motion); Founding Product Marketing Lead; Recruiting Lead; Staff Product Designer; AI Backend Engineer; Senior AI Product Manager
owny,OWNY,Summer 2018,No evidence found,,,,,,,,,,,,,,,,,,Checked: no post-YC Form D matching the founders; no funding statement on website (4 pages) or YC page. LinkedIn/X/Crunchbase need a logged-in browser.,2026-10-01T03:32:27Z,,,,,,https://www.owny.com,Fintech,Early,15,No,0,,,0,0,0,,
curebase,Curebase,Summer 2018,Yes,40000000,,2022-05-05,,4,Press (linked from YC company page),https://techcrunch.com/2022/05/05/curebase-thinks-the-future-of-clinical-testing-is-decentralized-and-raises-40m-to-prove-it/,"thinks the future of clinical testing is decentralized, and raises $40M to prove it – TechCrunch",,,,,,,,,Medium,No matching post-YC Form D found.,2026-10-01T03:32:22Z,2022-05-05,40000000,Press (linked from YC company page),40000000,Yes,https://www.curebase.ai/,Healthcare,Growth,27,No,0,,,0,0,0,https://www.curebase.ai/careers,
deel,Deel,Winter 2019,Yes,488354121,Equity (per Form D; stage not stated),2021-09-14,,1,SEC Form D,https://www.sec.gov/Archives/edgar/data/1813695/000181369523000003/primary_doc.xml,totalAmountSold: 428500000; totalOfferingAmount: 428500000; dateOfFirstSale: 2021-09-14,0001813695,0001813695-23-000003,428500000,428500000,2021-09-14,Equity,68,"Deel, Inc.",High,"5 post-YC Form D offerings summed: 0001813695-23-000003 $428500000 (2021-09-14), 0001813695-23-000004 $27662744 (2022-04-29), 0001813695-23-000005 $27662744 (2022-04-29), 0001813695-24-000002 $1529237 (2024-11-13), 0001813695-24-000001 $2999396 (2024-12-13)",2026-10-01T03:32:26Z,2024-12-13,2999396,SEC Form D 0001813695-24-000001,488354121,No,https://www.deel.com/,B2B,Growth,5000,Yes,5,,,5,0,0,https://www.deel.com/careers/,"Account Executive, MidMarket; Sales Development Representative (SMB - MM- ENT); SDR Manager (SMB - MM - ENT); AE, Existing Business (SMB - MM - ENT); Account Executive, Enterprise"
nowports,Nowports,Winter 2019,Yes,16000000,,2021-07-01,,4,Press (linked from YC company page),https://techcrunch.com/2021/07/01/nowports-raises-16m-to-build-the-os-for-latams-shipping-industry/,Nowports raises $16M to build the OS for LatAm’s shipping industry – TechCrunch,,,,,,,,,Medium,No matching post-YC Form D found.,2026-10-01T03:32:26Z,2021-07-01,16000000,Press (linked from YC company page),16000000,Yes,https://nowports.com/,B2B,Early,550,No,0,,,0,0,0,,
juzibot,JuziBot,Winter 2019,No evidence found,,,,,,,,,,,,,,,,,,Checked: no post-YC Form D matching the founders; no funding statement on website (3 pages) or YC page. LinkedIn/X/Crunchbase need a logged-in browser. National register for CN not checked.,2026-10-01T03:32:51Z,,,,,,https://www.juzibot.com/,B2B,Early,34,Yes,0,,,0,0,0,https://juzibot.com/,
shef,Shef,Winter 2019,Yes,20000000,,2021-06-02,,4,Press (linked from YC company page),https://techcrunch.com/2021/06/02/shef-raises-20m-to-expand-its-homemade-meal-delivery-marketplace/,Shef raises $20M to expand its homemade meal delivery marketplace – TechCrunch,,,,,,,,,Medium,No matching post-YC Form D found.,2026-10-01T03:32:25Z,2021-06-02,20000000,Press (linked from YC company page),20000000,Yes,https://www.shef.com,Consumer,Early,70,No,0,,,0,0,0,,
schoolable,Schoolable,Winter 2019,No evidence found,,,,,,,,,,,,,,,,,,Checked: no post-YC Form D matching the founders; no funding statement on website (0 pages) or YC page. LinkedIn/X/Crunchbase need a logged-in browser. National register for NG not checked.,2026-10-01T03:32:25Z,,,,,,http://schoolable.co,Education,Early,10,No,0,,,0,0,0,,
shipper,Shipper,Winter 2019,No evidence found,,,,,,,,,,,,,,,,,,Checked: no post-YC Form D matching the founders; no funding statement on website (2 pages) or YC page. LinkedIn/X/Crunchbase need a logged-in browser. National register for ID not checked.,2026-10-01T03:32:47Z,,,,,,https://shipper.id,B2B,Growth,600,No,0,,,0,0,0,,
buy-me-a-coffee,Buy Me a Coffee,Winter 2019,No evidence found,,,,,,,,,,,,,,,,,,Checked: no post-YC Form D matching the founders; no funding statement on website (15 pages) or YC page. LinkedIn/X/Crunchbase need a logged-in browser.,2026-10-01T03:32:31Z,,,,,,https://www.buymeacoffee.com/,Consumer,Early,30,No,0,,,0,0,0,https://buymeacoffee.com/join,
eclipse-foods,Eclipse Foods,Winter 2019,Yes,60000000,,,,2,Company website,https://eclipsefoods.com/careers/,"We’ve raised $60M+ from investors such as Y Combinator, the chairman of Beyond Meat, the founder of Reddit, Forerunner Ventures, Initialized Capital, Sozo, and",,,,,,,,,High,Round date not stated on the source page; assumed post-YC because it is presented as current news. No matching post-YC Form D found.,2026-10-01T03:32:35Z,,,,60000000,Yes,http://www.eclipsefoods.com,Consumer,Growth,,No,0,,,0,0,0,https://eclipsefoods.com/careers/,
yourchoice-therapeutics,YourChoice Therapeutics,Winter 2019,Yes,15000000,Series A,2022-07-20,,4,Press (linked from YC company page),https://www.axios.com/pro/health-tech-deals/2022/07/20/yourchoice-therapeutics-raises-15-million-series-a,YourChoice Therapeutics raises $15M Series A for male birth control,,,,,,,,,Medium,No matching post-YC Form D found.,2026-10-01T03:32:34Z,2022-07-20,15000000,Press (linked from YC company page),15000000,Yes,http://ychoicetx.com,Healthcare,Early,3,No,0,,,0,0,0,,
taali-inc,Taali Inc,Winter 2019,No evidence found,,,,,,,,,,,,,,,,,,Checked: no post-YC Form D matching the founders; no funding statement on website (0 pages) or YC page. LinkedIn/X/Crunchbase need a logged-in browser. National register for IN not checked.,2026-10-01T03:32:27Z,,,,,,https://www.taalifoods.com/,Consumer,Early,,No,0,,,0,0,0,,
naturall-club,NaturAll Club,Winter 2019,No evidence found,,,,,,,,,,,,,,,,,,Checked: no post-YC Form D matching the founders; no funding statement on website (2 pages) or YC page. LinkedIn/X/Crunchbase need a logged-in browser.,2026-10-01T03:32:30Z,,,,,,http://naturallclub.com,Consumer,Growth,17,No,0,,,0,0,0,,
atlas-3,Atlas,Winter 2019,Yes,46500000,,2021-09-02,,4,Press (linked from YC company page),https://techcrunch.com/2021/09/02/point-raises-46-5-million-for-its-premium-debit-card/,Point raises $46.5 million for its premium debit card – TechCrunch,,,,,,,,,Medium,No matching post-YC Form D found.,2026-10-01T03:33:52Z,2021-09-02,46500000,Press (linked from YC company page),46500000,Yes,https://atlascard.com,Fintech,Growth,25,Yes,4,ashby,7,7,1,1,,Founding Applied AI Engineer; Travel Concierge; Head of Credit & Underwriting; Growth; Email Marketing Operations Consultant – Contract; Senior Product Designer (Internal Tools); Head of Growth
rct-studio,rct AI,Winter 2019,Yes,36035053,Equity (per Form D; stage not stated),2023-12-15,,1,SEC Form D,https://www.sec.gov/Archives/edgar/data/2005606/000200560624000002/primary_doc.xml,totalAmountSold: 28699936; totalOfferingAmount: 32000000; dateOfFirstSale: 2024-03-06,0002005606,0002005606-24-000002,28699936,32000000,2024-03-06,Equity,4,Rabbit Inc/DE,High,"Legal name differs from brand; matched on related person(s) Cheng Lyu, Xinjie Ma, issuer in Santa Monica, CA. 2 post-YC Form D offerings summed: 0002005606-24-000001 $7335117 (2023-12-15), 0002005606-24-000002 $28699936 (2024-03-06) Tier 4 source states $10 Million (https://medium.com/delysium/delysium-raised-10-million-in-a-strategic-round-58a68b0328c7); Form D figure kept.",2026-10-01T03:33:15Z,2024-03-06,28699936,SEC Form D 0002005606-24-000002,36035053,Yes,http://rct.ai,Consumer,Growth,40,No,0,,,0,0,0,,
numero,Numero,Winter 2019,No evidence found,,,,,,,,,,,,,,,,,,"Manual review: '$400M' is money raised by political campaigns using Numero, not by Numero.",2026-10-01T03:32:35Z,,,,,,https://www.numero.ai,Fintech,Early,15,Yes,1,,,1,0,0,,"Senior Software Engineer, Backend"
prometheus,Prometheus,Winter 2019,No evidence found,,,,,,,,,,,,,,,,,,Checked: no post-YC Form D matching the founders; no funding statement on website (2 pages) or YC page. LinkedIn/X/Crunchbase need a logged-in browser.,2026-10-01T03:33:06Z,,,,,,http://www.prometheusfuels.com,Industrials,Early,25,No,0,ashby,8,8,4,2,,"(ZRH) CAD - Model Behavior, CAD & Engineering Design; MTS - Opportunistic TEST; MTS - Opportunistic Test; [IT] IT Engineer (ZRH); [CAD] Evaluation Lead, Mechanical Design; SWE – CAD & Geometry; [CAD] Data Scientist & Engineer; [MAT] Applied Computational Surface Chemist"
1910,1910,Winter 2019,Yes,40000000,Seed,,,2,Company website,https://www.1910.ai/investors,"have raised Seed, Series A and Series A-2 funding of $40M from Microsoft’s Venture Fund, Accenture, FoundersX Ventures, Playground Global, OpenAI’s Sam Altman, Y",,,,,,,,,High,Round date not stated on the source page; assumed post-YC because it is presented as current news. No matching post-YC Form D found.,2026-10-01T03:32:38Z,,,,40000000,Yes,http://1910.ai,Healthcare,Growth,20,No,0,greenhouse,6,6,0,3,https://www.1910.ai/careers,AI Research Scientist I ; AI Research Scientist II; AI Research Scientist III; Computational Theoretical Chemist I; Computational Theoretical Chemist II ; Computational Theoretical Chemist III
outrival-inc,"OutRival, Inc.",Winter 2019,No evidence found,,,,,,,,,,,,,,,,,,Checked: no post-YC Form D matching the founders; no funding statement on website (4 pages) or YC page. LinkedIn/X/Crunchbase need a logged-in browser.,2026-10-01T03:32:36Z,,,,,,https://outrival.com/,B2B,Growth,15,No,0,ashby,2,2,0,0,,Director of Enterprise GTM; Director of Enterprise Accounts 
truora,Truora,Winter 2019,No evidence found,,,,,,,,,,,,,,,,,,Checked: no post-YC Form D matching the founders; no funding statement on website (2 pages) or YC page. LinkedIn/X/Crunchbase need a logged-in browser. National register for CO not checked.,2026-10-01T03:32:48Z,,,,,,https://www.truora.com/,B2B,Growth,80,No,0,,,0,0,0,,
pools-fka-withfriends,Pools (fka Withfriends),Winter 2019,No evidence found,,,,,,,,,,,,,,,,,,Checked: no post-YC Form D matching the founders; no funding statement on website (8 pages) or YC page. LinkedIn/X/Crunchbase need a logged-in browser.,2026-10-01T03:32:47Z,,,,,,https://pools.events,Consumer,Early,2,No,0,,,0,0,0,,
cosmic,Cosmic,Winter 2019,No evidence found,,,,,,,,,,,,,,,,,,Checked: no post-YC Form D matching the founders; no funding statement on website (5 pages) or YC page. LinkedIn/X/Crunchbase need a logged-in browser.,2026-10-01T03:32:41Z,,,,,,https://www.cosmicjs.com,B2B,Early,5,No,0,,,0,0,0,https://www.cosmicjs.com/,
first,FIRST,Winter 2019,No evidence found,,,,,,,,,,,,,,,,,,Checked: no post-YC Form D matching the founders; no funding statement on website (5 pages) or YC page. LinkedIn/X/Crunchbase need a logged-in browser.,2026-10-01T03:33:14Z,,,,,,https://firstdelivery.com/,B2B,Early,12,Yes,2,,,2,0,0,https://firstdelivery.com/careers/,Head of Europe; Territory Account Executive
verto,Verto,Winter 2019,No evidence found,,,,,,,,,,,,,,,,,,Checked: no post-YC Form D matching the founders; no funding statement on website (1 pages) or YC page. LinkedIn/X/Crunchbase need a logged-in browser.,2026-10-01T03:32:44Z,,,,,,http://www.vertofx.com,Fintech,Early,170,Yes,9,ashby,1,9,0,0,,People Partner
latchel,Latchel,Winter 2019,No evidence found,,,,,,,,,,,,,,,,,,Checked: no post-YC Form D matching the founders; no funding statement on website (4 pages) or YC page. LinkedIn/X/Crunchbase need a logged-in browser.,2026-10-01T03:32:50Z,,,,,,http://latchel.com,B2B,Growth,,No,0,,,0,0,0,https://latchel.com/careers/,
inito,Inito,Winter 2019,Yes,6000000,,2023-11-15,,4,Press (linked from YC company page),https://techcrunch.com/2023/11/15/inito-helps-women-quickly-track-fertility-hormones-at-home-raises-6m/,"that helps women quickly track fertility hormones at home, raises $6M | TechCrunch",,,,,,,,,Medium,No matching post-YC Form D found.,2026-10-01T03:32:47Z,2023-11-15,6000000,Press (linked from YC company page),6000000,Yes,https://www.inito.com/,Healthcare,Early,100,Yes,2,,,2,0,0,https://www.inito.com/,Machine Learning Engineer; Senior Software Engineer
globe,Globe,Winter 2019,No evidence found,,,,,,,,,,,,,,,,,,Checked: no post-YC Form D matching the founders; no funding statement on website (2 pages) or YC page. LinkedIn/X/Crunchbase need a logged-in browser.,2026-10-01T03:32:49Z,,,,,,https://globe.exchange,Fintech,Growth,20,No,0,,,0,0,0,,
votingworks,VotingWorks,Winter 2019,No evidence found,,,,,,,,,,,,,,,,,,Checked: no post-YC Form D matching the founders; no funding statement on website (6 pages) or YC page. LinkedIn/X/Crunchbase need a logged-in browser.,2026-10-01T03:32:51Z,,,,,,https://voting.works,Government,Early,18,No,0,,,0,0,0,,
mars-auto,Mars Auto,Winter 2019,No evidence found,,,,,,,,,,,,,,,,,,Checked: no post-YC Form D matching the founders; no funding statement on website (2 pages) or YC page. LinkedIn/X/Crunchbase need a logged-in browser. National register for KR not checked.,2026-10-01T03:32:50Z,,,,,,https://marsauto.com,Industrials,Growth,15,No,0,,,0,0,0,https://marsauto.com/careers,
dockup,Dockup,Winter 2019,No evidence found,,,,,,,,,,,,,,,,,,Checked: no post-YC Form D matching the founders; no funding statement on website (1 pages) or YC page. LinkedIn/X/Crunchbase need a logged-in browser. National register for IN not checked.,2026-10-01T03:32:49Z,,,,,,https://getdockup.com/,B2B,Early,4,No,0,,,0,0,0,,
rune,Rune,Winter 2019,No evidence found,,,,,,,,,,,,,,,,,,Checked: no post-YC Form D matching the founders; no funding statement on website (10 pages) or YC page. LinkedIn/X/Crunchbase need a logged-in browser.,2026-10-01T03:32:51Z,,,,,,http://rune.ai,Consumer,Growth,3,No,0,,,0,0,0,https://rune.ai/careers,
cuanto,Cuanto,Winter 2019,No evidence found,,,,,,,,,,,,,,,,,,Checked: no post-YC Form D matching the founders; no funding statement on website (10 pages) or YC page. LinkedIn/X/Crunchbase need a logged-in browser. National register for PA not checked.,2026-10-01T03:32:51Z,,,,,,https://www.cuanto.app,Fintech,Early,4,No,0,,,0,0,0,https://www.cuanto.app/careers,
pronto,Pronto,Winter 2019,No evidence found,,,,,,,,,,,,,,,,,,Checked: no post-YC Form D matching the founders; no funding statement on website (1 pages) or YC page. LinkedIn/X/Crunchbase need a logged-in browser. National register for MX not checked.,2026-10-01T03:32:52Z,,,,,,http://www.tuprontomx.com/,Consumer,Early,62,No,0,greenhouse,23,23,17,9,,"AHS Operations Senior Associate; Autonomous Operations Specialist, Equipment Operator; Engenheiro de Robótica; Especialista em Sistemas Autônomos (AHS); Field Services Engineer; Field Services Engineer; Field Service Technician; Field Technician; Mechanical Engineer; Mining Engineer"
pulse-active-stations-network,Pulse Active Stations Network,Winter 2019,No evidence found,,,,,,,,,,,,,,,,,,Checked: no post-YC Form D matching the founders; no funding statement on website (1 pages) or YC page. LinkedIn/X/Crunchbase need a logged-in browser. National register for IN not checked.,2026-10-01T03:32:53Z,,,,,,http://www.getpulse.in/,Healthcare,Early,10,No,0,,,0,0,0,,
cityfurnish,Cityfurnish,Winter 2019,Yes,2500000,,2022-11-11,,4,Press (linked from YC company page),https://www.entrepreneur.com/en-in/news-and-trends/cityfurnish-raises-25-million-in-debt-funding-round/438981,Cityfurnish Raises $2.5 Million In Debt Funding Round,,,,,,,,,Medium,"Unverified Form D by same-named person: CorMetrix Inc 0002067889-25-000001 sold 0 (first sale yetToOccur, Beaverton); likely a different person. No matching post-YC Form D found.",2026-10-01T03:33:04Z,2022-11-11,2500000,Press (linked from YC company page),2500000,Yes,https://cityfurnish.com/,Consumer,Early,90,Yes,28,,,28,0,0,https://cityfurnish.com/careers,Marketing Intern; Business Development Executive; Founder’s Office - Intern; Customer Support Team Leader (Chat); Marketing Intern ( Social Media); Brand Content and Social Media Marketing Intern; Collection Team Leader; Content Creation Intern (Social Media); UI UX Intern; Business Development Executive
glide,Glide,Winter 2019,No evidence found,,,,,,,,,,,,,,,,,,"Unverified Form D by same-named person: TFC Kaufman JL1, LLC 0002016975-24-000001 sold 415000 (first sale 2023-09-08, Midvale); likely a different person. Unverified Form D by same-named person: TFC LYSO, LLC 0002016975-24-000002 sold 1500000 (first sale 2024-03-04, Midvale); likely a different person. Unverified Form D by same-named person: Cardiff Debt Magna LLC 0002026522-24-000001 sold 2150000 (first sale 2024-04-23, Midvale); likely a different person. Unverified Form D by same-named person: TFC Magna Burrito LLC 0002042259-24-000001 sold 555000 (first sale 2023-12-18, Midvale); likely a different person. Unverified Form D by same-named person: TFC Magna 8146 LLC 0002042389-24-000001 sold 600000 (first sale 2024-08-26, Midvale); likely a different person. Unverified Form D by same-named person: TFC Mountains Edge LLC 0002051644-25-000001 sold 1525000 (first sale 2024-12-16, Midvale); likely a different person. Unverified Form D by same-named person: TFC Thornton 128 LLC 0002051644-25-000002 sold 425000 (first sale 2024-12-03, Midvale); likely a different person. Unverified Form D by same-named person: TFC Bennett Oil LLC 0002053993-25-000001 sold 480000 (first sale 2025-01-13, Midvale); likely a different person. Unverified Form D by same-named person: SponsorCX, Inc. 0002057325-25-000001 sold 4640000 (first sale 2025-02-06, Lehi); likely a different person. Unverified Form D by same-named person: Tamboran Resources Corp 0001997652-25-000002 sold 38682336 (first sale 202",2026-10-01T03:33:09Z,,,,,,https://www.glideapps.com,B2B,Growth,46,No,0,greenhouse,1,1,0,0,https://www.glideapps.com/jobs,Mystery Flavor
lezzoo,Lezzoo,Winter 2019,No evidence found,,,,,,,,,,,,,,,,,,Checked: no post-YC Form D matching the founders; no funding statement on website (2 pages) or YC page. LinkedIn/X/Crunchbase need a logged-in browser. National register for IQ not checked.,2026-10-01T03:33:04Z,,,,,,https://lezzoo.com,Consumer,Early,190,No,0,,,0,0,0,https://www.lezzoo.com/careers,
emi-labs,Emi Labs,Winter 2019,No evidence found,,,,,,,,,,,,,,,,,,Checked: no post-YC Form D matching the founders; no funding statement on website (8 pages) or YC page. LinkedIn/X/Crunchbase need a logged-in browser. National register for AR not checked.,2026-10-01T03:33:00Z,,,,,,https://www.emilabs.ai,B2B,Growth,50,No,0,lever,10,10,4,0,https://www.emilabs.ai/es/about,Back-end Engineer; Customer Support Representative; Data Engineer; Engineering Manager - Recruitment Product; Enterprise Account Executive; Enterprise Customer Success Manager; Front-end Engineer; General Applications; Product Manager; Technical Project Manager
bentocart,Bentocart,Winter 2019,No evidence found,,,,,,,,,,,,,,,,,,Checked: no post-YC Form D matching the founders; no funding statement on website (1 pages) or YC page. LinkedIn/X/Crunchbase need a logged-in browser.,2026-10-01T03:33:00Z,,,,,,https://www.bentocart.com,Consumer,Early,3,No,0,,,0,0,0,https://www.exploreneon.com/jobs/,
spring-in-africa,Spring in Africa,Winter 2019,No evidence found,,,,,,,,,,,,,,,,,,Checked: no post-YC Form D matching the founders; no funding statement on website (2 pages) or YC page. LinkedIn/X/Crunchbase need a logged-in browser.,2026-10-01T03:32:57Z,,,,,,https://springinafrica.com,Fintech,Early,,No,0,,,0,0,0,,
credpal,CredPal,Winter 2019,No evidence found,,,,,,,,,,,,,,,,,,Checked: no post-YC Form D matching the founders; no funding statement on website (2 pages) or YC page. LinkedIn/X/Crunchbase need a logged-in browser. National register for NG not checked.,2026-10-01T03:32:57Z,,,,,,https://credpal.com,Fintech,Early,35,No,0,,,0,0,0,,
exly,Exly,Winter 2019,No evidence found,,,,,,,,,,,,,,,,,,Checked: no post-YC Form D matching the founders; no funding statement on website (3 pages) or YC page. LinkedIn/X/Crunchbase need a logged-in browser. National register for IN not checked.,2026-10-01T03:33:02Z,,,,,,https://exlyapp.com/,Consumer,Early,95,No,0,,,0,0,0,,
keynua,Keynua,Winter 2019,No evidence found,,,,,,,,,,,,,,,,,,Checked: no post-YC Form D matching the founders; no funding statement on website (1 pages) or YC page. LinkedIn/X/Crunchbase need a logged-in browser. National register for PE not checked.,2026-10-01T03:32:57Z,,,,,,https://www.keynua.com,B2B,Early,15,No,0,,,0,0,0,,
edyst,Edyst,Winter 2019,No evidence found,,,,,,,,,,,,,,,,,,Checked: no post-YC Form D matching the founders; no funding statement on website (0 pages) or YC page. LinkedIn/X/Crunchbase need a logged-in browser. National register for IN not checked.,2026-10-01T03:32:57Z,,,,,,https://edyst.com,Education,Early,11,No,0,,,0,0,0,,
acciojob,AccioJob,Winter 2019,Yes,2709999,Equity (per Form D; stage not stated),2023-08-31,,1,SEC Form D,https://www.sec.gov/Archives/edgar/data/1991100/000199110023000001/primary_doc.xml,totalAmountSold: 2709999; totalOfferingAmount: 2710000; dateOfFirstSale: 2023-08-31,0001991100,0001991100-23-000001,2709999,2710000,2023-08-31,Equity,3,"AccioJob, Inc.",High,,2026-10-01T03:33:00Z,2023-08-31,2709999,SEC Form D 0001991100-23-000001,2709999,Yes,https://acciojob.com,Education,Growth,120,No,0,,,0,0,0,https://acciojob.com/jobs,
nala,NALA,Winter 2019,Yes,40000000,,,,2,Company website,https://www.nala.com/blog/40m-announcement,"Today, we announce we have raised $40m:.",,,,,,,,,High,Round date not stated on the source page; assumed post-YC because it is presented as current news. Other stated figure: $10M (https://techcrunch.com/2022/01/27/tanzanian-fintech-nala-raises-10m-seed-to-build-revolut-for-africa/?guccounter=1&guce_referrer=aHR0cHM6Ly93d3cuZ29vZ2xlLmNvbS8&guce_referrer_sig=AQAAABpE9PAtv8GdVud46gjNcLZDK-w6s7OHQMuk6HV4D4nevF9_EI5Uvs1nox2mfqS6ssoVrQ3nPYtFLVaqGSmQRAxPy5uUY5voW-DkypDXPy3VlA9UjDr1V4s_o2Pf8oiiQwukKQNneiLldY5eWSd1JJSwIG0XxxL2WAlVkFn4vdJ4). No matching post-YC Form D found.,2026-10-01T03:33:06Z,,,,40000000,Yes,http://nala.com,Fintech,Growth,168,No,0,,,0,0,0,,
mudrex,Mudrex,Winter 2019,Yes,6500000,Series A,2022-02-08,,4,Press (linked from YC company page),https://economictimes.indiatimes.com/markets/cryptocurrency/crypto-platform-mudrex-raises-6-5-pre-series-a/articleshow/89422315.cms,Mudrex: Crypto platform Mudrex raises $6.5 million in pre-series A,,,,,,,,,Medium,Other stated figure: $2.5M (https://yourstory.com/2021/08/funding-yc-crypto-investing-platform-mudrex-nexus-venture/amp). No matching post-YC Form D found.,2026-10-01T03:33:10Z,2022-02-08,6500000,Press (linked from YC company page),6500000,Yes,https://mudrex.com,Fintech,Growth,11,No,0,,,0,0,0,https://mudrex.com/,
skill-lync,Skill-lync,Winter 2019,Yes,17500000,,2021-08-03,,4,Press (linked from YC company page),https://www.forbesindia.com/article/startups/exclusive-skilllync-raises-175-million-from-iron-pillar-others-binny-bansal-joins-as-new-investor/69541/1,"Exclusive: Skill-Lync Raises $17.5 Million From Iron Pillar, Others; Binny Bansal Joins As New Investor | Forbes India",,,,,,,,,Medium,No matching post-YC Form D found.,2026-10-01T03:35:42Z,2021-08-03,17500000,Press (linked from YC company page),17500000,Yes,http://skill-lync.com,Education,Early,3000,No,0,,,0,0,0,,
ampup,AmpUp,Winter 2019,No evidence found,,,,,,,,,,,,,,,,,,Checked: no post-YC Form D matching the founders; no funding statement on website (5 pages) or YC page. LinkedIn/X/Crunchbase need a logged-in browser.,2026-10-01T03:33:08Z,,,,,,https://ampup.io,Consumer,Early,45,No,0,,,0,0,0,,
xgenomes,XGenomes,Winter 2019,No evidence found,,,,,,,,,,,,,,,,,,Checked: no post-YC Form D matching the founders; no funding statement on website (2 pages) or YC page. LinkedIn/X/Crunchbase need a logged-in browser.,2026-10-01T03:33:04Z,,,,,,http://www.xgenomes.com,Healthcare,Early,6,No,0,,,0,0,0,https://www.xgenomes.com/careers,
alpaca,Alpaca,Winter 2019,Yes,50000000,,2021-08-30,,4,Press (linked from YC company page),https://techcrunch.com/2021/08/30/alpaca-raises-50m-to-rapidly-scale-its-equities-trading-api-business/,Alpaca raises $50M to rapidly scale its API-delivered equities trading business – TechCrunch,,,,,,,,,Medium,Other stated figure: $15M (https://techcrunch.com/2023/10/12/stock-trading-api-developer-alpaca-raises-15m-convertible-note-from-sbi-group/). No matching post-YC Form D found.,2026-10-01T03:33:05Z,2021-08-30,50000000,Press (linked from YC company page),50000000,Yes,https://alpaca.markets/,Fintech,Growth,150,Yes,5,greenhouse,72,72,33,2,https://alpaca.markets/careers,"Account Executive - US; AML Compliance Analyst; Brokerage Operations Manager - Saudi ; Broker-Dealer Operations Specialist, Japan (Japan Location / Japanese Language Required) ; Content Marketing Manager, Crypto ; Corporate Operations Lead  ; Crypto Operations Associate - APAC; Customer Success Manager - LATAM; Data Risk Engineer; Director of Data Platform"
maple-materials,Maple Materials,Winter 2019,Yes,6159999,Equity (per Form D; stage not stated),2024-08-09,,1,SEC Form D,https://www.sec.gov/Archives/edgar/data/1767915/000176791524000002/primary_doc.xml,totalAmountSold: 6159999; totalOfferingAmount: 8150000; dateOfFirstSale: 2024-08-09,0001767915,0001767915-24-000002,6159999,8150000,2024-08-09,Equity,15,"Maple Materials, Inc.",High,"Unverified Form D by same-named person: VALTERRA DATA HOLDINGS, LLC 0001819538-24-000001 sold 10554710 (first sale 2024-03-28, Austin); likely a different person. Unverified Form D by same-named person: COLO Holdings, LLC 0001123292-24-000103 sold 53500000 (first sale 2024-03-27, Miami); likely a different person. Unverified Form D by same-named person: VALTERRA DATA HOLDINGS, LLC 0001819538-25-000001 sold 54007710 (first sale 2024-03-28, Austin); likely a different person.",2026-10-01T03:33:07Z,2024-08-09,6159999,SEC Form D 0001767915-24-000002,6159999,Yes,http://maplematerials.com,Industrials,Early,6,No,0,,,0,0,0,,
upsolve,Upsolve,Winter 2019,No evidence found,,,,,,,,,,,,,,,,,,Checked: no post-YC Form D matching the founders; no funding statement on website (1 pages) or YC page. LinkedIn/X/Crunchbase need a logged-in browser.,2026-10-01T03:33:08Z,,,,,,https://upsolve.org/learn/should-i-file-for-chapter-7-bankruptcy/,Fintech,Early,12,Yes,1,,,1,0,0,,Software Engineering Intern
our-world-in-data,Our World in Data,Winter 2019,No evidence found,,,,,,,,,,,,,,,,,,Checked: no post-YC Form D matching the founders; no funding statement on website (7 pages) or YC page. LinkedIn/X/Crunchbase need a logged-in browser.,2026-10-01T03:33:09Z,,,,,,https://ourworldindata.org/,Education,Early,19,No,0,,,0,0,0,https://ourworldindata.org/jobs,
dagger,Dagger,Winter 2019,No evidence found,,,,,,,,,,,,,,,,,,Checked: no post-YC Form D matching the founders; no funding statement on website (9 pages) or YC page. LinkedIn/X/Crunchbase need a logged-in browser.,2026-10-01T03:33:14Z,,,,,,https://dagger.io,B2B,Early,22,No,0,,,0,0,0,,
superb-ai,Superb AI,Winter 2019,Yes,10000000,,,,2,Company website,https://superb-ai.com/en/resources/blog,Superb AI Raises About $10 Million in Pre-IPO Funding Ahead of Planned 2026 IPO.,,,,,,,,,High,Round date not stated on the source page; assumed post-YC because it is presented as current news. No matching post-YC Form D found.,2026-10-01T03:33:25Z,,,,10000000,Yes,https://www.superb-ai.com,B2B,Growth,80,No,0,,,0,0,0,,
heart-aerospace,Heart Aerospace,Winter 2019,Yes,145000000,,,,2,Company website,https://www.heartaerospace.com/newsroom/heart-aerospace-raises-107-million-in-series-b-funding,total financing raised by Heart Aerospace since its inception to $145 million.,,,,,,,,,High,Round date not stated on the source page; assumed post-YC because it is presented as current news. Other stated figure: $107 million (https://heartaerospace.com/newsroom/heart-aerospace-raises-107-million-in-series-b-funding/). No matching post-YC Form D found.,2026-10-01T03:33:16Z,,,,145000000,Yes,http://www.heartaerospace.com,Industrials,Early,50,No,0,greenhouse,7,7,5,0,https://www.heartaerospace.com/careers,"Electrical Engineer; Electric Motor Design Engineer; Executive Operations Partner; Flight Systems Engineer; Open Application; Senior/Staff Software Engineer, Flight Software; Staff/Principal Mechanical Design Engineer, Flight Mechanisms"
reelables,Reelables,Winter 2019,Yes,10400000,,2025-11-17,,4,Press (linked from YC company page),https://siliconangle.com/2025/11/17/reelables-raises-10-4m-innovate-supply-chains-wireless-smart-label-technology/,Reelables raises $10.4M to innovate supply chains with wireless smart label technology - SiliconANGLE,,,,,,,,,Medium,No matching post-YC Form D found.,2026-10-01T03:33:11Z,2025-11-17,10400000,Press (linked from YC company page),10400000,Yes,http://reelables.com,B2B,Growth,,No,0,,,0,0,0,,
volta-labs-inc,"Volta Labs, Inc.",Winter 2019,Yes,12681692,Equity (per Form D; stage not stated),2023-12-29,,1,SEC Form D/A,https://www.sec.gov/Archives/edgar/data/1914755/000191475524000003/primary_doc.xml,totalAmountSold: 12681692; totalOfferingAmount: 20000001; dateOfFirstSale: 2023-12-29,0001914755,0001914755-24-000003,12681692,20000001,2023-12-29,Equity,15,"Volta Labs, Inc.",High,,2026-10-01T03:33:12Z,2023-12-29,12681692,SEC Form D 0001914755-24-000003,12681692,Yes,http://voltalabs.com,Healthcare,Growth,50,Yes,0,lever,2,2,0,0,https://voltalabs.com/careers,Join our Talent Community; Manufacturing Assembly Technician
jetpack-aviation,JetPack Aviation,Winter 2019,No evidence found,,,,,,,,,,,,,,,,,,Checked: no post-YC Form D matching the founders; no funding statement on website (4 pages) or YC page. LinkedIn/X/Crunchbase need a logged-in browser.,2026-10-01T03:33:17Z,,,,,,http://www.jetpackaviation.com,Industrials,Early,9,No,0,,,0,0,0,,
valo,Valo,Winter 2019,No evidence found,,,,,,,,,,,,,,,,,,"Unverified Form D by same-named person: Sago Fox Gray, LLC 0001965614-23-000001 sold 630000 (first sale 2023-01-11, College Station); likely a different person. Checked: no post-YC Form D matching the founders; no funding statement on website (1 pages) or YC page. LinkedIn/X/Crunchbase need a logged-in browser.",2026-10-01T03:33:21Z,,,,,,https://boundarylayer.tech,Industrials,Early,3,No,0,,,0,0,0,https://tambang888bl.com/,
wanderlog,Wanderlog,Winter 2019,No evidence found,,,,,,,,,,,,,,,,,,Checked: no post-YC Form D matching the founders; no funding statement on website (3 pages) or YC page. LinkedIn/X/Crunchbase need a logged-in browser.,2026-10-01T03:33:14Z,,,,,,https://wanderlog.com,Consumer,Early,5,No,0,,,0,0,0,https://wanderlog.com/company/careers,
aura-vision,Aura Vision,Winter 2019,Yes,2100000,Seed,,,2,Company website,https://auravision.ai/about/,"Vegas, joined Y Combinator in early 2019, and raised a $2.1M seed round.",,,,,,,,,High,Round date not stated on the source page; assumed post-YC because it is presented as current news. No matching post-YC Form D found.,2026-10-01T03:33:19Z,,,,2100000,Yes,https://auravision.ai,B2B,Early,10,No,0,,,0,0,0,,
instapath-inc,Instapath Inc.,Winter 2019,No evidence found,,,,,,,,,,,,,,,,,,Checked: no post-YC Form D matching the founders; no funding statement on website (2 pages) or YC page. LinkedIn/X/Crunchbase need a logged-in browser.,2026-10-01T03:33:16Z,,,,,,http://instapathbio.com,Healthcare,Early,6,No,0,,,0,0,0,,
caribou,Caribou,Winter 2019,No evidence found,,,,,,,,,,,,,,,,,,Checked: no post-YC Form D matching the founders; no funding statement on website (7 pages) or YC page. LinkedIn/X/Crunchbase need a logged-in browser. National register for PT not checked.,2026-10-01T03:33:20Z,,,,,,https://usecaribou.com,B2B,Early,10,Yes,1,ashby,3,3,1,0,https://www.usecaribou.com/careers,Senior Transfer Pricing Manager; R&D Specialist; Product Engineer
ravn,Ravn,Winter 2019,No evidence found,,,,,,,,,,,,,,,,,,Checked: no post-YC Form D matching the founders; no funding statement on website (1 pages) or YC page. LinkedIn/X/Crunchbase need a logged-in browser.,2026-10-01T03:33:23Z,,,,,,https://ravn.com/,Government,Early,10,No,0,,,0,0,0,https://www.ravn.com/jobs,
doppler,Doppler,Winter 2019,No evidence found,,,,,,,,,,,,,,,,,,Checked: no post-YC Form D matching the founders; no funding statement on website (5 pages) or YC page. LinkedIn/X/Crunchbase need a logged-in browser.,2026-10-01T03:33:21Z,,,,,,https://doppler.com,B2B,Growth,25,Yes,1,ashby,1,1,0,0,https://www.doppler.com/careers,General Application 
pnoe,PNOĒ,Winter 2019,No evidence found,,,,,,,,,,,,,,,,,,Checked: no post-YC Form D matching the founders; no funding statement on website (0 pages) or YC page. LinkedIn/X/Crunchbase need a logged-in browser. National register for GR not checked.,2026-10-01T03:33:15Z,,,,,,,Healthcare,Early,70,Yes,1,,,1,0,0,,Senior Business Developer for Corporate Wellness/Health Insurance
axel-travel,Axel Travel,Winter 2019,Yes,25000000,,2022-07-19,,4,Press (linked from YC company page),https://skift.com/blog/gordian-software-raises-25-million-for-airline-cross-selling-tools/,Gordian Software Raises $25 Million for Airline Cross-Selling Tools,,,,,,,,,Medium,No matching post-YC Form D found.,2026-10-01T03:33:31Z,2022-07-19,25000000,Press (linked from YC company page),25000000,Yes,https://helloaxel.com/,Consumer,Early,20,Yes,1,ashby,1,1,1,1,https://helloaxel.com/en/careers,Software Engineer - AI Travel Agent
pyxai,Pyxai,Winter 2019,No evidence found,,,,,,,,,,,,,,,,,,Checked: no post-YC Form D matching the founders; no funding statement on website (2 pages) or YC page. LinkedIn/X/Crunchbase need a logged-in browser.,2026-10-01T03:33:20Z,,,,,,https://www.pyxai.com,B2B,Early,5,No,0,,,0,0,0,,
autodial-prev-qwest,Autodial prev Qwest,Winter 2019,No evidence found,,,,,,,,,,,,,,,,,,Checked: no post-YC Form D matching the founders; no funding statement on website (0 pages) or YC page. LinkedIn/X/Crunchbase need a logged-in browser.,2026-10-01T03:33:20Z,,,,,,https://www.autodial.com,Consumer,Early,1,No,0,,,0,0,0,,
landed-2,Landed,Winter 2019,No evidence found,,,,,,,,,,,,,,,,,,Checked: no post-YC Form D matching the founders; no funding statement on website (4 pages) or YC page. LinkedIn/X/Crunchbase need a logged-in browser.,2026-10-01T03:33:22Z,,,,,,https://www.gotlanded.com,B2B,Early,50,Yes,4,,,4,0,0,https://employer.gotlanded.com/careers,"Account Executive; Product Manager, Integrations; Product Manager; Business Operations Manager"
intact-therapeutics,Intact Therapeutics,Winter 2019,No evidence found,,,,,,,,,,,,,,,,,,Checked: no post-YC Form D matching the founders; no funding statement on website (3 pages) or YC page. LinkedIn/X/Crunchbase need a logged-in browser.,2026-10-01T03:33:29Z,,,,,,http://www.intacttherapeutics.com,Healthcare,Early,4,No,0,,,0,0,0,,
mobot,Mobot,Winter 2019,Yes,12500000,,,,2,Company website,https://www.mobot.io/resources/blog/mobots-series-a-and-whats-next,I'm proud to share that we’ve also raised $12.5M in new funding.,,,,,,,,,High,Round date not stated on the source page; assumed post-YC because it is presented as current news. No matching post-YC Form D found.,2026-10-01T03:33:24Z,,,,12500000,Yes,https://www.mobot.io,B2B,Growth,40,No,0,greenhouse,0,0,0,0,,
excepgen,Excepgen,Winter 2019,No evidence found,,,,,,,,,,,,,,,,,,Checked: no post-YC Form D matching the founders; no funding statement on website (2 pages) or YC page. LinkedIn/X/Crunchbase need a logged-in browser.,2026-10-01T03:33:25Z,,,,,,http://www.excepgen.com,Healthcare,Early,3,No,0,,,0,0,0,https://www.excepgen.com/careers,
handle,Handle,Winter 2019,Yes,27000000,Series B,2026-05-22,,2,Company website,https://www.handle.com/series-b,Handle.com Raises $27M Million Series B to Build AI for Construction Finance,,,,,,,,,High,Other stated figure: $10 million (https://www.bizjournals.com/sanfrancisco/news/2022/03/23/handlecom-series-a.html). No matching post-YC Form D found.,2026-10-01T03:33:26Z,2026-05-22,27000000,Company website,27000000,Yes,https://www.handle.com,Real Estate and Construction,Early,203,Yes,1,,,1,0,0,https://www.handle.com/careers,Product Manager
bunkerhill-health,Bunkerhill Health,Winter 2019,Yes,55000000,,,,2,Company website,https://www.bunkerhillhealth.com/,Fortune Exclusive: Bunkerhill Health raises $55M to put AI agents to work inside hospitals.,,,,,,,,,High,Round date not stated on the source page; assumed post-YC because it is presented as current news. No matching post-YC Form D found.,2026-10-01T03:33:30Z,,,,55000000,Yes,http://bunkerhillhealth.com,Healthcare,Growth,30,Yes,2,ashby,5,5,2,1,,Couldn't find the right opportunity?; AI Product Engineer; Forward Deployed Product Lead; Technical Implementation Program Manager; Forward Deployed Engineer
termius,Termius,Winter 2019,No evidence found,,,,,,,,,,,,,,,,,,Checked: no post-YC Form D matching the founders; no funding statement on website (6 pages) or YC page. LinkedIn/X/Crunchbase need a logged-in browser. National register for NZ not checked.,2026-10-01T03:33:25Z,,,,,,https://termius.com,B2B,Early,35,No,0,lever,2,2,2,0,https://termius.com/careers,"Senior Product Engineer (Desktop); Senior Software Engineer (Rust) (Auckland, New Zealand)"
supernova,Supernova,Winter 2019,No evidence found,,,,,,,,,,,,,,,,,,Checked: no post-YC Form D matching the founders; no funding statement on website (2 pages) or YC page. LinkedIn/X/Crunchbase need a logged-in browser. National register for CZ not checked.,2026-10-01T03:33:41Z,,,,,,https://supernova.io,B2B,Early,20,No,0,,,0,0,0,https://www.supernova.io/careers,
probably-genetic,Probably Genetic,Winter 2019,No evidence found,,,,,,,,,,,,,,,,,,"Unverified Form D by same-named person: Aiwa Health, Inc. 0001999218-23-000001 sold 10719968 (first sale 2023-09-20, San Francisco); likely a different person. Checked: no post-YC Form D matching the founders; no funding statement on website (2 pages) or YC page. LinkedIn/X/Crunchbase need a logged-in browser.",2026-10-01T03:33:26Z,,,,,,https://www.probablygenetic.com/,Healthcare,Growth,17,Yes,5,ashby,5,5,1,1,,Senior Software Engineer; Senior Data Scientist; Director of Strategic Partnerships; Head of Community Marketing; Senior Product Manager
ashby,Ashby,Winter 2019,Yes,58035105,Equity (per Form D; stage not stated),2022-02-07,,1,SEC Form D,https://www.sec.gov/Archives/edgar/data/1913750/000191375024000001/primary_doc.xml,totalAmountSold: 30000000; totalOfferingAmount: 30000000; dateOfFirstSale: 2024-05-17,0001913750,0001913750-24-000001,30000000,30000000,2024-05-17,Equity,9,"Ashby, Inc.",High,"3 post-YC Form D offerings summed: 0001913750-23-000002 $26035107 (2022-02-07), 0001913750-23-000001 $1999998 (2023-01-05), 0001913750-24-000001 $30000000 (2024-05-17)",2026-10-01T03:33:31Z,2024-05-17,30000000,SEC Form D 0001913750-24-000001,58035105,Yes,https://www.ashbyhq.com,B2B,Growth,110,Yes,14,,,14,0,0,https://www.ashbyhq.com/careers,"Senior Product Engineer, EU; Senior Product Engineer - Americas; Design Engineer, Americas; Design Engineer, EU; Engineering Manager, Americas; Engineering Manager, EU; Engineering Manager, UK; Staff Product Engineer - Americas; Staff Product Engineer, EU; Senior Product Engineer, UK"
okteto,Okteto,Winter 2019,Yes,15000000,Series A,2022-02-24,,4,Press (linked from YC company page),https://techcrunch.com/2022/02/24/kubernetes-development-platform-okteto-raises-15m-series-a/,Kubernetes development platform Okteto raises $15M Series A – TechCrunch,,,,,,,,,Medium,No matching post-YC Form D found.,2026-10-01T03:33:33Z,2022-02-24,15000000,Press (linked from YC company page),15000000,Yes,https://okteto.com,B2B,Growth,30,Yes,0,,,0,0,0,,
switchboard,Switchboard,Winter 2019,No evidence found,,,,,,,,,,,,,,,,,,Checked: no post-YC Form D matching the founders; no funding statement on website (3 pages) or YC page. LinkedIn/X/Crunchbase need a logged-in browser. National register for CA not checked.,2026-10-01T03:33:28Z,,,,,,https://www.onswitchboard.com,B2B,Early,24,No,0,ashby,9,9,1,0,https://www.onswitchboard.com/careers,Enterprise Account Executive; Structural Engineer; Technical Account Executive; Commercial Lending Officer; HR Generalist; Account Executive; Commercial Banking Sales Assistant; Business Development Representative (BDR); CSM Team Lead
ai-insurance,AI Insurance,Winter 2019,No evidence found,,,,,,,,,,,,,,,,,,Checked: no post-YC Form D matching the founders; no funding statement on website (1 pages) or YC page. LinkedIn/X/Crunchbase need a logged-in browser.,2026-10-01T03:33:30Z,,,,,,https://www.aiinsurance.io,Fintech,Early,16,No,0,,,0,0,0,,
demodesk,Demodesk,Winter 2019,No evidence found,,,,,,,,,,,,,,,,,,Checked: no post-YC Form D matching the founders; no funding statement on website (5 pages) or YC page. LinkedIn/X/Crunchbase need a logged-in browser. National register for DE not checked.,2026-10-01T03:33:34Z,,,,,,https://demodesk.com,B2B,Growth,25,No,0,,,0,0,0,https://demodesk.ai/careers,
avo,Avo,Winter 2019,Yes,3000000,,,,2,Company website,https://www.avo.app/about,"To build on our momentum, we’ve raised $3M from GGV Capital with participation from Heavybit, Y Combinator and others, to make Avo a game",,,,,,,,,High,Round date not stated on the source page; assumed post-YC because it is presented as current news. No matching post-YC Form D found.,2026-10-01T03:33:33Z,,,,3000000,Yes,https://www.avo.app/,B2B,Early,10,No,0,,,0,0,0,https://www.avo.app/jobs,
nabis,Nabis,Winter 2019,Yes,23000000,Series B,2021-07-01,,4,Press (linked from YC company page),https://www.businessinsider.com/marijuana-cannabis-distributor-nabis-raises-23-million-series-b-california-2021-6,Cannabis Distributor Nabis Raises $23 Million Series B Round,,,,,,,,,Medium,No matching post-YC Form D found.,2026-10-01T03:33:32Z,2021-07-01,23000000,Press (linked from YC company page),23000000,Yes,https://www.nabis.com/,B2B,Growth,700,Yes,1,greenhouse,25,25,1,0,https://www.nabis.com/careers,Accounts Receivable Associate ; Brand Partnerships Associate; Bronx Delivery Driver; Cash Application Associate;  Class A CDL Driver; Class B Driver; Collections Associate ; Customer Experience Associate; Customer Experience Associate; Customer Success Manager
sapling-ai,Sapling.ai,Winter 2019,No evidence found,,,,,,,,,,,,,,,,,,Checked: no post-YC Form D matching the founders; no funding statement on website (4 pages) or YC page. LinkedIn/X/Crunchbase need a logged-in browser.,2026-10-01T03:33:35Z,,,,,,https://sapling.ai,B2B,Early,2,Yes,2,lever,1,2,0,0,https://sapling.ai/careers,pr9jp
weathercheck,WeatherCheck,Winter 2019,No evidence found,,,,,,,,,,,,,,,,,,Checked: no post-YC Form D matching the founders; no funding statement on website (0 pages) or YC page. LinkedIn/X/Crunchbase need a logged-in browser.,2026-10-01T03:33:33Z,,,,,,https://www.weathercheck.co/,Fintech,Early,10,No,0,,,0,0,0,,
community-phone-company,Community Phone Company,Winter 2019,No evidence found,,,,,,,,,,,,,,,,,,"Unverified Form D by same-named person: CLEVELAND KITCHEN CO. 0001709409-23-000010 sold 0 (first sale yetToOccur, Cleveland); likely a different person. Unverified Form D by same-named person: CLEVELAND KITCHEN CO. 0001887185-25-000002 sold 2900000 (first sale 2025-05-07, Cleveland); likely a different person. Checked: no post-YC Form D matching the founders; no funding statement on website (5 pages) or YC page. LinkedIn/X/Crunchbase need a logged-in browser.",2026-10-01T03:33:36Z,,,,,,https://www.communityphone.org/,Consumer,Early,101,Yes,4,,,4,0,0,https://www.communityphone.org/about/careers,Sr Growth Product Manager; Sr Talent Partner ; Social Media Manager; Senior Product Designer
thrive-agric,Thrive Agric,Winter 2019,No evidence found,,,,,,,,,,,,,,,,,,Checked: no post-YC Form D matching the founders; no funding statement on website (10 pages) or YC page. LinkedIn/X/Crunchbase need a logged-in browser. National register for NG not checked.,2026-10-01T03:33:56Z,,,,,,https://www.thriveagric.com/,Industrials,Growth,227,No,0,,,0,0,0,https://thriveagric.com/careers,
patternfast-prior-tailornovacouturme,PatternFast (prior: Tailornova/Couturme),Winter 2019,No evidence found,,,,,,,,,,,,,,,,,,Checked: no post-YC Form D matching the founders; no funding statement on website (10 pages) or YC page. LinkedIn/X/Crunchbase need a logged-in browser.,2026-10-01T03:33:34Z,,,,,,http://patternfast.com,B2B,Early,23,No,0,,,0,0,0,,
golinks,GoLinks,Winter 2019,Yes,27000000,Series A,2022-02-01,,4,Press (linked from YC company page),https://www.golinks.com/blog/golinks-raises-series-a/,GoLinks raises $27 Million Series A funding,,,,,,,,,Medium,No matching post-YC Form D found.,2026-10-01T03:33:36Z,2022-02-01,27000000,Press (linked from YC company page),27000000,Yes,https://www.golinks.io,B2B,Growth,70,Yes,6,ashby,6,6,0,0,https://www.golinks.io/careers,"Sales Development Representative (Remote); Account Executive, Mid-Market (Remote); Sr. Sales Development Representative (Remote); Sales Development Representative (Hybrid); Account Executive, Mid-Market (Hybrid); Head of Customer Success"
middesk,Middesk,Winter 2019,No evidence found,,,,,,,,,,,,,,,,,,Checked: no post-YC Form D matching the founders; no funding statement on website (4 pages) or YC page. LinkedIn/X/Crunchbase need a logged-in browser.,2026-10-01T03:33:40Z,,,,,,http://www.middesk.com,B2B,Growth,130,Yes,12,ashby,17,17,4,2,https://www.middesk.com/careers,"Software Engineer; Software Engineer, Infrastructure ; Operations Analyst (Temporary) ; Enterprise Account Executive; Forward Deployed Engineer; Account Executive, Mid-Market; Data Scientist; Lead Data Scientist; Group Product Manager; Growth Lead, Accounts "
windwalk,Windwalk,Winter 2019,No evidence found,,,,,,,,,,,,,,,,,,Checked: no post-YC Form D matching the founders; no funding statement on website (10 pages) or YC page. LinkedIn/X/Crunchbase need a logged-in browser.,2026-10-01T03:33:39Z,,,,,,windwalk.com,Consumer,Early,25,No,0,,,0,0,0,,
leah-labs,LEAH Labs,Winter 2019,No evidence found,,,,,,,,,,,,,,,,,,Checked: no post-YC Form D matching the founders; no funding statement on website (1 pages) or YC page. LinkedIn/X/Crunchbase need a logged-in browser.,2026-10-01T03:33:41Z,,,,,,http://www.leahlabs.com,Healthcare,Early,4,No,0,,,0,0,0,https://leahlabs.com/,
medcrypt,MedCrypt,Winter 2019,No evidence found,,,,,,,,,,,,,,,,,,Checked: no post-YC Form D matching the founders; no funding statement on website (4 pages) or YC page. LinkedIn/X/Crunchbase need a logged-in browser.,2026-10-01T03:33:40Z,,,,,,https://www.medcrypt.co,Healthcare,Growth,16,No,0,,,0,0,0,,
brainkey,BrainKey,Winter 2019,No evidence found,,,,,,,,,,,,,,,,,,Checked: no post-YC Form D matching the founders; no funding statement on website (10 pages) or YC page. LinkedIn/X/Crunchbase need a logged-in browser.,2026-10-01T03:33:38Z,,,,,,https://www.brainkey.ai/,Healthcare,Early,20,No,0,,,0,0,0,,
flower-co,FLOWER CO.,Winter 2019,No evidence found,,,,,,,,,,,,,,,,,,Checked: no post-YC Form D matching the founders; no funding statement on website (3 pages) or YC page. LinkedIn/X/Crunchbase need a logged-in browser.,2026-10-01T03:33:40Z,,,,,,https://flowercompany.com,Consumer,Growth,30,No,0,,,0,0,0,https://flowercompany.com/jobs,
postscript,Postscript,Winter 2019,No evidence found,,,,,,,,,,,,,,,,,,Checked: no post-YC Form D matching the founders; no funding statement on website (4 pages) or YC page. LinkedIn/X/Crunchbase need a logged-in browser.,2026-10-01T03:33:39Z,,,,,,https://postscript.io,B2B,Growth,180,Yes,6,greenhouse,6,6,2,0,https://postscript.io/careers,"Client Strategist; Sales Engineer; Senior Customer Onboarding Manager; Senior Customer Success Manager ; Senior Software Engineer, Full Stack; Technical Partnership Manager"
nebullam-dba-clayton-farms,Nebullam (DBA Clayton Farms),Winter 2019,No evidence found,,,,,,,,,,,,,,,,,,Checked: no post-YC Form D matching the founders; no funding statement on website (0 pages) or YC page. LinkedIn/X/Crunchbase need a logged-in browser.,2026-10-01T03:33:39Z,,,,,,http://ClaytonFarms.com,Consumer,Early,2,No,0,,,0,0,0,,
nettrons,SciTok,Winter 2019,No evidence found,,,,,,,,,,,,,,,,,,Checked: no post-YC Form D matching the founders; no funding statement on website (0 pages) or YC page. LinkedIn/X/Crunchbase need a logged-in browser.,2026-10-01T03:33:43Z,,,,,,https://www.scitok.com,Consumer,Early,2,No,0,,,0,0,0,,
dyneti-technologies,Dyneti Technologies,Winter 2019,No evidence found,,,,,,,,,,,,,,,,,,Checked: no post-YC Form D matching the founders; no funding statement on website (4 pages) or YC page. LinkedIn/X/Crunchbase need a logged-in browser.,2026-10-01T03:33:46Z,,,,,,http://www.dyneti.com,B2B,Early,3,Yes,1,ashby,9,9,2,1,https://dyneti.com/careers,Marketing Associate; Growth Product Manager; Other; Deep Learning Engineer; Software Engineer; Product Marketing Manager; Business Development Representative; Executive and Personal Assistant; Data Scientist
sorting-robotics,Sorting Robotics,Winter 2019,No evidence found,,,,,,,,,,,,,,,,,,Checked: no post-YC Form D matching the founders; no funding statement on website (6 pages) or YC page. LinkedIn/X/Crunchbase need a logged-in browser.,2026-10-01T03:33:44Z,,,,,,https://www.sortingrobotics.com/,B2B,Early,12,Yes,2,,,2,0,0,https://www.sortingrobotics.com/careers,"Senior Robotics Software Engineer; Mechatronics Engineer, VLA Gripping & Assembly (Lead)"
sunsama,Sunsama,Winter 2019,No evidence found,,,,,,,,,,,,,,,,,,Checked: no post-YC Form D matching the founders; no funding statement on website (3 pages) or YC page. LinkedIn/X/Crunchbase need a logged-in browser.,2026-10-01T03:33:45Z,,,,,,https://sunsama.com,B2B,Early,7,No,0,,,0,0,0,,
spire-law,Spire Law,Winter 2019,No evidence found,,,,,,,,,,,,,,,,,,Checked: no post-YC Form D matching the founders; no funding statement on website (2 pages) or YC page. LinkedIn/X/Crunchbase need a logged-in browser.,2026-10-01T03:33:50Z,,,,,,https://spirelawfirm.com/,B2B,Early,10,No,0,,,0,0,0,,
centaur,Centaur,Winter 2019,Yes,16000000,Series B,,,2,Company website,https://centaur.ai/blog,Centaur AI Raises $16M Series B | Funding Announcement.,,,,,,,,,High,Round date not stated on the source page; assumed post-YC because it is presented as current news. No matching post-YC Form D found.,2026-10-01T03:33:54Z,2024-11-08,16000000,https://centaur.ai/blog (date printed near the quote),16000000,Yes,https://centaur.ai/,Healthcare,Growth,45,No,0,,,0,0,0,https://centaur.ai/careers,
ultralight,Ultralight,Winter 2019,No evidence found,,,,,,,,,,,,,,,,,,Checked: no post-YC Form D matching the founders; no funding statement on website (2 pages) or YC page. LinkedIn/X/Crunchbase need a logged-in browser.,2026-10-01T03:33:47Z,,,,,,https://ultralig.ht,B2B,Early,1,No,0,,,0,0,0,,
bottomless,Bottomless,Winter 2019,No evidence found,,,,,,,,,,,,,,,,,,"Unverified Form D by same-named person: Air Lab, Inc. 0001761957-23-000001 sold 7549900 (first sale 2023-09-05, New York); likely a different person. Checked: no post-YC Form D matching the founders; no funding statement on website (9 pages) or YC page. LinkedIn/X/Crunchbase need a logged-in browser.",2026-10-01T03:33:48Z,,,,,,https://bottomless.com,Consumer,Early,2,No,0,,,0,0,0,,
kalshi,Kalshi,Winter 2019,Yes,2430329574,Equity (per Form D; stage not stated),2021-11-03,,1,SEC Form D,https://www.sec.gov/Archives/edgar/data/1806928/000123191926001066/primary_doc.xml,totalAmountSold: 1120010122; totalOfferingAmount: 1499997894; dateOfFirstSale: 2026-04-03,0001806928,0001231919-26-001066,1120010122,1499997894,2026-04-03,Equity,71,Kalshi Inc.,High,"5 post-YC Form D offerings summed: 0001231919-25-000437 $69999989 (2021-11-03), 0001231919-25-000391 $124999957 (2025-06-24), 0001231919-25-000344 $294500203 (2025-10-08), 0001231919-25-000572 $820819303 (2025-11-19), 0001231919-26-001066 $1120010122 (2026-04-03) Tier 4 source states $1 Billion (https://www.nytimes.com/2026/05/07/business/dealbook/kalshi-fundraise-22-billion.html); Form D figure kept.",2026-10-01T03:33:54Z,2026-04-03,1120010122,SEC Form D 0001231919-26-001066,2430329574,No,https://www.kalshi.com,Fintech,Growth,125,Yes,13,greenhouse,28,28,10,0,,Finance Operations; Growth Marketing Manager ; Infrastructure Engineer; IT Administrator; Legal (Market Contracts); Linear/Streaming Lead; Marketing Activations & Operations; Operations Risk Analyst; Operations Risk Lead; Paralegal 
keeper-2,Keeper,Winter 2019,No evidence found,,,,,,,,,,,,,,,,,,"Unverified Form D by same-named person: Anja Life LLC 0001970384-23-000001 sold 250000 (first sale 2023-03-10, Newark); likely a different person. Checked: no post-YC Form D matching the founders; no funding statement on website (4 pages) or YC page. LinkedIn/X/Crunchbase need a logged-in browser.",2026-10-01T03:33:49Z,,,,,,https://keepertax.com,Fintech,Early,16,No,0,,,0,0,0,https://app.notion.com/p/keepertax/Come-work-with-us-98a6be20e7e44922be6291f5513af40d,
allsome-fulfillment,AllSome Fulfillment,Winter 2019,No evidence found,,,,,,,,,,,,,,,,,,Checked: no post-YC Form D matching the founders; no funding statement on website (0 pages) or YC page. LinkedIn/X/Crunchbase need a logged-in browser. National register for MY not checked.,2026-10-01T03:33:52Z,,,,,,https://www.allsome.com,B2B,Early,18,No,0,,,0,0,0,,
positive,Positive,Winter 2019,No evidence found,,,,,,,,,,,,,,,,,,Checked: no post-YC Form D matching the founders; no funding statement on website (1 pages) or YC page. LinkedIn/X/Crunchbase need a logged-in browser.,2026-10-01T03:33:51Z,,,,,,https://www.positive.co,Consumer,Early,47,No,0,,,0,0,0,,
the-juggernaut,The Juggernaut,Winter 2019,No evidence found,,,,,,,,,,,,,,,,,,Checked: no post-YC Form D matching the founders; no funding statement on website (10 pages) or YC page. LinkedIn/X/Crunchbase need a logged-in browser.,2026-10-01T03:33:48Z,,,,,,https://www.thejuggernaut.com/,Consumer,Early,5,Yes,1,,,1,0,0,https://www.thejuggernaut.com/,Full-Stack Engineer (can transition to CTO)
encarte,Canopy (was Encarte),Winter 2019,No evidence found,,,,,,,,,,,,,,,,,,Checked: no post-YC Form D matching the founders; no funding statement on website (7 pages) or YC page. LinkedIn/X/Crunchbase need a logged-in browser.,2026-10-01T03:33:50Z,,,,,,https://www.heycanopy.com/,Fintech,Early,2,No,0,ashby,0,0,0,0,https://www.heycanopy.com/career,
intelline,Intelline,Winter 2019,No evidence found,,,,,,,,,,,,,,,,,,Checked: no post-YC Form D matching the founders; no funding statement on website (1 pages) or YC page. LinkedIn/X/Crunchbase need a logged-in browser. National register for CA not checked.,2026-10-01T03:33:50Z,,,,,,https://www.intelline.ca/,Industrials,Early,3,Yes,1,,,1,0,0,,Lead ECU Development Engineer
flockjay,Flockjay,Winter 2019,No evidence found,,,,,,,,,,,,,,,,,,Checked: no post-YC Form D matching the founders; no funding statement on website (13 pages) or YC page. LinkedIn/X/Crunchbase need a logged-in browser.,2026-10-01T03:33:52Z,,,,,,https://flockjay.com,B2B,Growth,10,Yes,3,,,3,0,0,,"Software Engineer, Frontend; Software Engineer, Full-Stack; Account Executive"
trexo-robotics,Trexo Robotics,Winter 2019,No evidence found,,,,,,,,,,,,,,,,,,Checked: no post-YC Form D matching the founders; no funding statement on website (5 pages) or YC page. LinkedIn/X/Crunchbase need a logged-in browser. National register for CA not checked.,2026-10-01T03:34:05Z,,,,,,http://trexorobotics.com,Healthcare,Early,30,No,0,,,0,0,0,,
taobotics,Taobotics,Winter 2019,No evidence found,,,,,,,,,,,,,,,,,,"Unverified Form D by same-named person: Nice Day Group, Inc. 0001976242-23-000001 sold 7232923 (first sale 2023-04-28, New York); likely a different person. Unverified Form D by same-named person: Nice Day Group, Inc. 0001976242-24-000001 sold 11222921 (first sale 2023-04-28, New York); likely a different person. Checked: no post-YC Form D matching the founders; no funding statement on website (1 pages) or YC page. LinkedIn/X/Crunchbase need a logged-in browser. National register for CN not checked.",2026-10-01T03:34:09Z,,,,,,http://www.taobotics.com,Industrials,Early,11,No,0,,,0,0,0,,
overview,Overview,Winter 2019,Yes,3750000,SAFE (per Form D; stage not stated),2024-11-08,,1,SEC Form D,https://www.sec.gov/Archives/edgar/data/2069475/000206947525000001/primary_doc.xml,totalAmountSold: 3750000; totalOfferingAmount: 3750000; dateOfFirstSale: 2024-11-08,0002069475,0002069475-25-000001,3750000,3750000,2024-11-08,Other; Other: Simple Agreements for Future Equity,17,Overview Corp,High,,2026-10-01T03:33:57Z,2024-11-08,3750000,SEC Form D 0002069475-25-000001,3750000,Yes,https://overview.ai,Industrials,Growth,40,Yes,13,ashby,49,49,35,0,https://www.overview.ai/company/careers/,Applications Manager; Vision Sales Engineer - San Francisco; Senior Field Engineer (Controls); Senior Software Development Engineer in Test ; Vision Engineer; Senior Field Engineer (Controls) ; System Integration Engineer; Vision Engineer; System Integration Engineer; Senior Field Engineer (Controls)
odeko,Odeko,Summer 2019,Yes,12000000,Series A,2021-06-29,,4,Press (linked from YC company page),https://news.crunchbase.com/news/odeko-closes-12m-series-a-merges-with-cloosiv-to-form-new-mobile-ordering-app/,Odeko Closes $12M Series A; Merges With Cloosiv To Form New Mobile-Ordering App – Crunchbase News,,,,,,,,,Medium,Other stated figure: $1 Million (https://www.businessinsider.com/cloosiv-pitch-deck-seed-capital-y-combinator-cofounder-2019-10). No matching post-YC Form D found.,2026-10-01T03:33:52Z,2021-06-29,12000000,Press (linked from YC company page),12000000,Yes,http://www.odeko.com,B2B,Growth,371,Yes,3,greenhouse,22,22,0,0,,"Delivery Driver - ATL; Delivery Driver - BOS; Director, E-commerce ; Inside Sales Representative, East; Market Manager; Market Manager; MDT - Flex Warehouse Associate/Delivery Driver - Day Shift; Outside Sales Associate ; Overnight Warehouse Delivery Driver (Multiple Schedules Available) - Moonachie; Route Sales Rep Delivery driver - Leander TX"
gather-2,Gather,Summer 2019,Yes,77000000,Series A,,,2,YC company/launch page,https://www.ycombinator.com/companies/gather-2,"We have raised a total of $77 million in Series A and B from Sequoia Capital, Index Ventures, and more.",,,,,,,,,High,Round date not stated on the source page; assumed post-YC because it is presented as current news. No matching post-YC Form D found.,2026-10-01T03:33:59Z,,,,77000000,Yes,https://www.gather.town/,Consumer,Early,60,Yes,1,greenhouse,0,1,0,0,,Staff Fullstack Engineer - Grapevine (AI)
sequence-bio,Sequence Bio,Summer 2019,No evidence found,,,,,,,,,,,,,,,,,,"Unverified Form D by same-named person: Pagos Solutions, Inc. 0001866708-23-000001 sold 34000006 (first sale 2023-01-17, Hermosa Beach); likely a different person. Unverified Form D by same-named person: Change Co CDFI LLC 0001798750-24-000002 sold 1715175 (first sale 2024-06-26, Anaheim); likely a different person. Unverified Form D by same-named person: Change Co CDFI LLC 0001798750-24-000003 sold 694960 (first sale 2024-07-01, Anaheim); likely a different person. Checked: no post-YC Form D matching the founders; no funding statement on website (3 pages) or YC page. LinkedIn/X/Crunchbase need a logged-in browser. National register for CA not checked.",2026-10-01T03:33:54Z,,,,,,https://www.sequencebio.com/,Healthcare,Early,52,No,0,,,0,0,0,https://www.sequencebio.com/careers,
breadfast,Breadfast,Summer 2019,Yes,50000000,Series C,,,2,Company website,https://www.breadfast.com/blog/,Breadfast Special Breadfast raises $50 million pre-Series C round backed by international institutional investors to scale consumer supply-chain infrastructure.,,,,,,,,,High,Round date not stated on the source page; assumed post-YC because it is presented as current news. No matching post-YC Form D found.,2026-10-01T03:34:03Z,2026-03-03,50000000,https://www.breadfast.com/blog/ (date printed near the quote),50000000,Yes,https://www.breadfast.com,Consumer,Growth,10000,No,0,,,0,0,0,https://www.breadfast.com/careers/,
apurata,Apurata,Summer 2019,No evidence found,,,,,,,,,,,,,,,,,,Checked: no post-YC Form D matching the founders; no funding statement on website (2 pages) or YC page. LinkedIn/X/Crunchbase need a logged-in browser. National register for PE not checked.,2026-10-01T03:33:57Z,,,,,,https://apurata.com,Fintech,Early,12,No,0,,,0,0,0,,
epic-aerospace,EPIC AEROSPACE,Summer 2019,No evidence found,,,,,,,,,,,,,,,,,,Checked: no post-YC Form D matching the founders; no funding statement on website (2 pages) or YC page. LinkedIn/X/Crunchbase need a logged-in browser. National register for AR not checked.,2026-10-01T03:33:59Z,,,,,,http://epic-aerospace.com,Industrials,Growth,14,No,0,,,0,0,0,,
gitstart,GitStart,Summer 2019,Yes,5000000,,2022-05-12,,2,Company website,https://www.gitstart.com/blog/seed-enable-anyone-to-grow,We raised $5M to enable anyone to grow on the world’s best codebases,,,,,,,,,High,No matching post-YC Form D found.,2026-10-01T03:34:44Z,2022-05-12,5000000,Company website,5000000,Yes,https://www.gitstart.com,B2B,Early,19,No,0,,,0,0,0,,
laika,LAIKA,Summer 2019,Yes,48000000,,2022-01-12,,4,Press (linked from YC company page),https://www.bloomberglinea.com/2022/01/12/laika-a-latam-pet-e-commerce-raises-48m-led-by-softbank/,"Laika, a LatAm Pet E-Commerce, Raises $48M Led by SoftBank",,,,,,,,,Medium,No matching post-YC Form D found.,2026-10-01T03:34:01Z,2022-01-12,48000000,Press (linked from YC company page),48000000,Yes,https://laika.com.co/,Consumer,Early,500,No,0,greenhouse,3,3,1,0,,CNC Programmer; Health & Environmental Program Manager; Media Systems Engineering Technician
vorticity,Vorticity,Summer 2019,No evidence found,,,,,,,,,,,,,,,,,,Checked: no post-YC Form D matching the founders; no funding statement on website (10 pages) or YC page. LinkedIn/X/Crunchbase need a logged-in browser.,2026-10-01T03:34:00Z,,,,,,http://vorticity.xyz/,Industrials,Growth,10,Yes,1,ashby,1,1,1,0,,"Software Engineer, Parallel Scientific Computing"
taskade,Taskade,Summer 2019,Yes,5000000,Seed,,,2,Company website,https://www.taskade.com/blog/taskade-5m-seed-funding-yc-grishin-robotics,Taskade Raises $5M Series Seed from Y Combinator .,,,,,,,,,High,Round date not stated on the source page; assumed post-YC because it is presented as current news. No matching post-YC Form D found.,2026-10-01T03:34:00Z,,,,5000000,Yes,https://www.taskade.com,B2B,Early,6,Yes,2,,,2,0,0,https://www.taskade.com/jobs,Full Stack Software Engineer; Front-end Software Engineer
asher-bio,Asher Bio,Summer 2019,Yes,54999990,Series B (Equity per Form D),2024-04-03,,1,SEC Form D,https://www.sec.gov/Archives/edgar/data/1787260/000178726024000001/primary_doc.xml,totalAmountSold: 54999990; totalOfferingAmount: 54999990; dateOfFirstSale: 2024-04-03,0001787260,0001787260-24-000001,54999990,54999990,2024-04-03,Equity,16,"Asher Biotherapeutics, Inc.",High,Tier 2 source states $108 Million (https://asherbio.com/news/press-releases/); Form D figure kept.,2026-10-01T03:34:06Z,2024-04-03,54999990,SEC Form D 0001787260-24-000001,54999990,Yes,https://www.asherbio.com/,Healthcare,Growth,3,No,0,,,0,0,0,https://asherbio.com/careers/,
deepnote,Deepnote,Summer 2019,Yes,20000000,,2022-01-31,,4,Press (linked from YC company page),https://techcrunch.com/2022/01/31/deepnote-raises-20m-for-its-collaborative-data-science-notebooks/,Deepnote raises $20M for its collaborative data science notebooks – TechCrunch,,,,,,,,,Medium,No matching post-YC Form D found.,2026-10-01T03:34:03Z,2022-01-31,20000000,Press (linked from YC company page),20000000,Yes,https://www.deepnote.com/,B2B,Growth,,Yes,1,ashby,3,3,1,0,,Senior Full Stack Engineer; Account Executive ; Technical Writer 
aspect,Aspect,Summer 2019,No evidence found,,,,,,,,,,,,,,,,,,Checked: no post-YC Form D matching the founders; no funding statement on website (1 pages) or YC page. LinkedIn/X/Crunchbase need a logged-in browser.,2026-10-01T03:34:33Z,,,,,,https://aspect.app,B2B,Early,1,No,0,,,0,0,0,,
coco-wallet,Coco Wallet,Summer 2019,No evidence found,,,,,,,,,,,,,,,,,,Checked: no post-YC Form D matching the founders; no funding statement on website (1 pages) or YC page. LinkedIn/X/Crunchbase need a logged-in browser.,2026-10-01T03:34:19Z,,,,,,https://cocowallet.app,Fintech,Early,50,No,0,,,0,0,0,,
treble-ai,treble.ai,Summer 2019,No evidence found,,,,,,,,,,,,,,,,,,Checked: no post-YC Form D matching the founders; no funding statement on website (2 pages) or YC page. LinkedIn/X/Crunchbase need a logged-in browser. National register for BR not checked.,2026-10-01T03:34:11Z,,,,,,https://treble.ai,B2B,Growth,38,No,0,,,0,0,0,,
vitau,Vitau,Summer 2019,No evidence found,,,,,,,,,,,,,,,,,,Checked: no post-YC Form D matching the founders; no funding statement on website (0 pages) or YC page. LinkedIn/X/Crunchbase need a logged-in browser. National register for MX not checked.,2026-10-01T03:34:22Z,,,,,,https://vitau.mx,Healthcare,Early,55,No,0,,,0,0,0,,
flowbot,Flowbot,Summer 2019,No evidence found,,,,,,,,,,,,,,,,,,Checked: no post-YC Form D matching the founders; no funding statement on website (0 pages) or YC page. LinkedIn/X/Crunchbase need a logged-in browser.,2026-10-01T03:34:02Z,,,,,,https://www.getflowbot.com,B2B,Early,2,No,0,,,0,0,0,,
curri,Curri,Summer 2019,No evidence found,,,,,,,,,,,,,,,,,,Checked: no post-YC Form D matching the founders; no funding statement on website (4 pages) or YC page. LinkedIn/X/Crunchbase need a logged-in browser.,2026-10-01T03:34:05Z,,,,,,http://www.curri.com,Real Estate and Construction,Growth,104,Yes,13,ashby,21,21,4,1,https://www.curri.com/careers,"FP&A Director ; Senior Software Engineer ; Software Engineer ; Outside Sales Representative (Boise, ID); Staff Software Engineer ; Outside Sales Representative (Honolulu, HI); Account Manager - West ; Account Manager - East ; Outside Sales Representative (Houston, TX); Outside Sales Representative (New England)"
zeroheight,zeroheight,Summer 2019,Yes,10000000,,2021-08-03,,2,Company website,https://zeroheight.com/blog/zeroheight-series-a/,zeroheight raises $10M to scale DesignOps globally,,,,,,,,,High,No matching post-YC Form D found.,2026-10-01T03:34:15Z,2021-08-03,10000000,Company website,10000000,Yes,https://zeroheight.com,B2B,Growth,55,No,0,,,0,0,0,,
mudafy,Mudafy,Summer 2019,Yes,10000000,Series A,2022-08-02,,4,Press (linked from YC company page),https://techcrunch.com/2022/08/02/mudafy-raises-10m-in-founders-fund-led-series-a-to-fix-latams-broken-real-estate-process/,Mudafy raises $10M in Founders Fund-led Series A to fix LatAm’s ‘broken’ real estate process – TechCrunch,,,,,,,,,Medium,No matching post-YC Form D found.,2026-10-01T03:34:08Z,2022-08-02,10000000,Press (linked from YC company page),10000000,Yes,https://mudafy.com,Real Estate and Construction,Growth,75,No,0,,,0,0,0,,
traces,Traces,Summer 2019,No evidence found,,,,,,,,,,,,,,,,,,Checked: no post-YC Form D matching the founders; no funding statement on website (3 pages) or YC page. LinkedIn/X/Crunchbase need a logged-in browser.,2026-10-01T03:34:08Z,,,,,,https://www.traces.ai,B2B,Early,10,No,0,,,0,0,0,https://www.traces.ai/careers,
freshpaint,Freshpaint,Summer 2019,No evidence found,,,,,,,,,,,,,,,,,,Checked: no post-YC Form D matching the founders; no funding statement on website (4 pages) or YC page. LinkedIn/X/Crunchbase need a logged-in browser.,2026-10-01T03:34:11Z,,,,,,https://freshpaint.io,B2B,Growth,120,Yes,0,ashby,3,3,0,0,https://www.freshpaint.io/careers,"Senior Enterprise Account Manager; Director, Legal; Enterprise Account Manager"
paymongo,PayMongo,Summer 2019,Yes,31000000,Series B,,JAM Fund and,2,Company website,https://www.paymongo.com/en/about,"Closed a $31 million Series B round, led by JAM Fund and other investors, allowing PayMongo to enhance its platform and explore regional growth",,,,,,,,,High,Round date not stated on the source page; assumed post-YC because it is presented as current news. Other stated figure: $12 million (https://techcrunch.com/2020/09/27/philippines-payment-processing-startup-paymongo-lands-12-million-series-a-led-by-stripe/). No matching post-YC Form D found.,2026-10-01T03:34:24Z,,,,31000000,Yes,https://paymongo.com,Fintech,Growth,220,No,0,,,0,0,0,https://www.paymongo.com/company/careers,
inevent,InEvent,Summer 2019,Yes,2000000,,2021-02-08,,4,Press (linked from YC company page),https://techcrunch.com/2021/02/08/inevent-seed-fundng/,InEvent raises $2M for its virtual conference platform • TechCrunch,,,,,,,,,Medium,No matching post-YC Form D found.,2026-10-01T03:34:19Z,2021-02-08,2000000,Press (linked from YC company page),2000000,Yes,https://inevent.com,B2B,Early,150,Yes,3,,,3,0,0,https://inevent.com/,Sales Account Executive; Sales Manager; Account Manager
heru,Heru,Summer 2019,Yes,6000000,,2022-09-19,,4,Press (linked from YC company page),https://www.axios.com/pro/fintech-deals/2022/09/19/mexico-heru-6m-google-gradient-ventures-gig-tax,Exclusive: Heru raises $6M from Google's Gradient Ventures,,,,,,,,,Medium,Other stated figure: $1.7M (https://techcrunch.com/2020/12/02/yc-backed-heru-raises-1-7m-to-build-software-services-for-latin-american-gig-workers/). No matching post-YC Form D found.,2026-10-01T03:34:14Z,2022-09-19,6000000,Press (linked from YC company page),6000000,Yes,https://www.heru.app/,Fintech,Early,53,No,0,,,0,0,0,https://www.heru.app/careers/,
tranqui-finanzas,Tranqui Finanzas,Summer 2019,No evidence found,,,,,,,,,,,,,,,,,,Checked: no post-YC Form D matching the founders; no funding statement on website (2 pages) or YC page. LinkedIn/X/Crunchbase need a logged-in browser. National register for CO not checked.,2026-10-01T03:34:12Z,,,,,,https://tranquifinanzas.com/,Fintech,Early,27,No,0,,,0,0,0,,
holy-grail-inc,Holy Grail,Summer 2019,Yes,2700000,Seed,2021-06-22,,4,Press (linked from YC company page),https://techcrunch.com/2021/06/22/holy-grail-raises-2-7m-seed-fund-to-create-modular-carbon-capture-devices/,Holy Grail raises $2.7M seed fund to create modular carbon capture devices – TechCrunch,,,,,,,,,Medium,No matching post-YC Form D found.,2026-10-01T03:34:11Z,2021-06-22,2700000,Press (linked from YC company page),2700000,Yes,https://www.holygrail.ai,B2B,Early,7,No,0,,,0,0,0,,
recidiviz,Recidiviz,Summer 2019,No evidence found,,,,,,,,,,,,,,,,,,Checked: no post-YC Form D matching the founders; no funding statement on website (8 pages) or YC page. LinkedIn/X/Crunchbase need a logged-in browser.,2026-10-01T03:34:13Z,,,,,,https://www.recidiviz.org/,Government,Early,120,Yes,1,greenhouse,11,11,1,0,https://www.recidiviz.org/careers,"Data Analyst; Data Analyst (Entry-Level); Director of Product; Implementation Engineer; Partnerships Growth Lead; Recruiter; State Partnerships Manager; State Partnerships Manager (Austin, TX); State Partnerships Manager (Boston, MA); State Partnerships Manager (Harrisburg, PA)"
trella,Trella,Summer 2019,No evidence found,,,,,,,,,,,,,,,,,,Checked: no post-YC Form D matching the founders; no funding statement on website (1 pages) or YC page. LinkedIn/X/Crunchbase need a logged-in browser. National register for EG not checked.,2026-10-01T03:34:13Z,,,,,,https://www.trella.app/,B2B,Growth,50,No,0,,,0,0,0,,
flux,Flux,Summer 2019,No evidence found,,,,,,,,,,,,,,,,,,Checked: no post-YC Form D matching the founders; no funding statement on website (1 pages) or YC page. LinkedIn/X/Crunchbase need a logged-in browser. National register for MX not checked.,2026-10-01T03:34:22Z,,,,,,http://paywithflux.com,Fintech,Early,9,No,0,ashby,9,9,6,0,,"Software Engineer, Agentic Products ; Platform Engineer ; Head of Revenue ; Product Engineer, Front End ; Customer Success Engineer ; Customer Support ; DevOps Engineer ; Head of Hardware Design ; Engineering Manager"
stoic,stoic.,Summer 2019,No evidence found,,,,,,,,,,,,,,,,,,Checked: no post-YC Form D matching the founders; no funding statement on website (3 pages) or YC page. LinkedIn/X/Crunchbase need a logged-in browser. National register for PL not checked.,2026-10-01T03:34:20Z,,,,,,https://getstoic.com/,Healthcare,Early,9,No,0,,,0,0,0,,
predictleads,PredictLeads,Summer 2019,No evidence found,,,,,,,,,,,,,,,,,,Checked: no post-YC Form D matching the founders; no funding statement on website (8 pages) or YC page. LinkedIn/X/Crunchbase need a logged-in browser. National register for SI not checked.,2026-10-01T03:34:27Z,,,,,,https://predictleads.com,B2B,Early,37,No,0,,,0,0,0,,
eden-farm,Eden Farm,Summer 2019,Yes,19000000,,2021-11-08,,4,Press (linked from YC company page),https://www.techinasia.com/eden-farm-series-a-funding,Y Combinator-backed agritech raises $19m to build financing products,,,,,,,,,Medium,No matching post-YC Form D found.,2026-10-01T03:36:15Z,2021-11-08,19000000,Press (linked from YC company page),19000000,Yes,https://edenfarm.id/,B2B,Growth,110,No,0,,,0,0,0,,
gotrade,Gotrade,Summer 2019,Yes,15500000,Series A,2022-04-04,,4,Press (linked from YC company page),https://techcrunch.com/2022/04/04/gotrade-the-app-that-lets-international-users-buy-fractions-of-u-s-stocks-raises-15-5m-series-a/,"that lets international users buy fractions of U.S. stocks, raises $15.5M Series A – TechCrunch",,,,,,,,,Medium,Other stated figure: $7 Million (https://www.crowdfundinsider.com/2021/06/177115-trading-app-gotrade-raises-7-million-seed-funding-looks-to-challenge-robinhood-but-with-global-twist/). No matching post-YC Form D found.,2026-10-01T03:34:23Z,2022-04-04,15500000,Press (linked from YC company page),15500000,Yes,https://www.heygotrade.com/,Fintech,Growth,105,No,0,,,0,0,0,,
hightouch,Hightouch,Summer 2019,Yes,150000000,,,,2,Company website,https://hightouch.com/press,Apr 29 Hightouch Raises $150 Million to Reinvent How Marketing Works Using AI.,,,,,,,,,High,Round date not stated on the source page; assumed post-YC because it is presented as current news. Other stated figure: $80M (https://hightouch.com/press). No matching post-YC Form D found.,2026-10-01T03:34:21Z,,,,150000000,Yes,https://hightouch.com/,B2B,Growth,200,No,0,greenhouse,83,83,34,7,https://hightouch.com/careers,Account Manager; AI Decisioning Strategy Consultant; AI Decisioning Strategy Consultant; Application Security Lead; Customer Success Engineer; Customer Success Engineer; Customer Success Engineer; Customer Success Engineer; Customer Success Engineer ; Deliverability Specialist 
spice-data,Spice Data,Summer 2019,No evidence found,,,,,,,,,,,,,,,,,,Checked: no post-YC Form D matching the founders; no funding statement on website (1 pages) or YC page. LinkedIn/X/Crunchbase need a logged-in browser.,2026-10-01T03:34:18Z,,,,,,https://spicedata.com/,B2B,Early,,No,0,,,0,0,0,,
demand-curve,Demand Curve,Summer 2019,No evidence found,,,,,,,,,,,,,,,,,,Checked: no post-YC Form D matching the founders; no funding statement on website (10 pages) or YC page. LinkedIn/X/Crunchbase need a logged-in browser.,2026-10-01T03:34:22Z,,,,,,https://www.demandcurve.com,Education,Early,10,No,0,,,0,0,0,https://www.demandcurve.com/careers,
ramen-vr,Ramen VR,Summer 2019,Yes,40000000,,,,2,YC company/launch page,https://www.ycombinator.com/companies/ramen-vr,We've raised $40m+ to date and have been working in stealth on our next game as well as tools that will shape the future,,,,,,,,,High,Round date not stated on the source page; assumed post-YC because it is presented as current news. No matching post-YC Form D found.,2026-10-01T03:34:24Z,,,,40000000,Yes,https://ramenvr.com/,Consumer,Growth,15,No,0,lever,0,0,0,0,https://www.ramenvr.com/careers,
fampay,FamPay,Summer 2019,Yes,38000000,,2021-06-15,,4,Press (linked from YC company page),https://techcrunch.com/2021/06/15/fampay-a-fintech-aimed-at-teens-in-india-raises-38-million/,"FamPay, a fintech aimed at teens in India, raises $38 million – TechCrunch",,,,,,,,,Medium,No matching post-YC Form D found.,2026-10-01T03:34:31Z,2021-06-15,38000000,Press (linked from YC company page),38000000,Yes,https://fampay.in,Fintech,Early,24,Yes,1,lever,17,17,5,0,https://www.famapp.in:443/careers/,Assistant Manager(Controllership); Brand Marketing Manager; Business & Partnerships Associate; Communication Designer; Copy Intern; Copywriter; Data Engineer (SDE 2); Data Engineering Intern; People and Culture Manager; Security Engineer 2
digi-prex,Digi-Prex,Summer 2019,No evidence found,,,,,,,,,,,,,,,,,,Checked: no post-YC Form D matching the founders; no funding statement on website (1 pages) or YC page. LinkedIn/X/Crunchbase need a logged-in browser. National register for IN not checked.,2026-10-01T03:34:25Z,,,,,,http://www.digi-prex.com/,Healthcare,Early,32,No,0,,,0,0,0,,
vahan,Vahan,Summer 2019,Yes,14768543,Equity (per Form D; stage not stated),2024-08-27,Khosla Ventures,1,SEC Form D,https://www.sec.gov/Archives/edgar/data/1886516/000188651624000001/primary_doc.xml,totalAmountSold: 14768543; totalOfferingAmount: 15200541; dateOfFirstSale: 2024-08-27,0001886516,0001886516-24-000001,14768543,15200541,2024-08-27,Equity,36,Vahan Inc.,High,Tier 4 source states $10 million (https://economictimes.indiatimes.com/tech/funding/recruitment-platform-vahan-raised-10-million-in-funding-round-led-by-existing-investor-khosla-ventures/articleshow/113465340.cms); Form D figure kept.,2026-10-01T03:35:08Z,2024-08-27,14768543,SEC Form D 0001886516-24-000001,14768543,Yes,https://vahan.ai,B2B,Growth,85,Yes,4,,,4,0,0,https://vahan.co/careers,Lead Product Designer; Senior Product Manager; Director of Product; Lead AI Engineer
proof-trading,Proof Trading,Summer 2019,No evidence found,,,,,,,,,,,,,,,,,,Checked: no post-YC Form D matching the founders; no funding statement on website (2 pages) or YC page. LinkedIn/X/Crunchbase need a logged-in browser.,2026-10-01T03:34:26Z,,,,,,https://prooftrading.com,Fintech,Early,7,No,0,,,0,0,0,https://prooftrading.com/careers/,
lokal,Lokal,Summer 2019,Yes,3000000,,,,2,Company website,https://www.getlokalapp.com/about-us/,"Lokal has raised $3M in funding from the likes of 3one4 Capital, Y Combinator, RB Investments, SOMA Capital and existing investor India Quotient.",,,,,,,,,High,Round date not stated on the source page; assumed post-YC because it is presented as current news. Other stated figure: $14.6M (https://technode.global/2023/04/25/indias-lokal-raises-14-6m-series-b-funding-for-new-product-launch/). No matching post-YC Form D found.,2026-10-01T03:34:36Z,,,,3000000,Yes,https://www.getlokalapp.com,Consumer,Growth,24,No,0,,,0,0,0,https://www.getlokalapp.com/jobs,
binks,Binks,Summer 2019,No evidence found,,,,,,,,,,,,,,,,,,Checked: no post-YC Form D matching the founders; no funding statement on website (5 pages) or YC page. LinkedIn/X/Crunchbase need a logged-in browser. National register for IN not checked.,2026-10-01T03:34:32Z,,,,,,https://getbinks.com/,Consumer,Early,70,Yes,1,,,1,0,0,https://getbinks.com/,SEO Associate
lineleap,LineLeap,Summer 2019,Yes,16206116,SAFE (per Form D; stage not stated),2022-03-04,,1,SEC Form D,https://www.sec.gov/Archives/edgar/data/1831337/000183133724000003/primary_doc.xml,totalAmountSold: 8950050; totalOfferingAmount: 13000000; dateOfFirstSale: 2022-03-04,0001831337,0001831337-24-000003,8950050,13000000,2022-03-04,Equity; Other; Other: SIMPLE AGREEMENTS FOR FUTURE EQUITY,59,"Line Services, Inc.",High,"Legal name differs from brand; matched on related person(s) Max Schauff, Nicholas Becker, Patrick Skelly, issuer in New York, NY. 2 post-YC Form D offerings summed: 0001831337-24-000003 $8950050 (2022-03-04), 0001831337-24-000005 $7256066 (2024-02-29) Form D clarification: This fundraising round has closed.",2026-10-01T03:34:28Z,2024-02-29,7256066,SEC Form D 0001831337-24-000005,16206116,Yes,https://www.lineleap.com/,Consumer,Growth,50,Yes,1,,,1,0,0,https://www.lineleap.com/about#careers,"Staff Software Engineer, Product Innovation"
colab,CoLab,Summer 2019,Yes,35824991,Equity (per Form D; stage not stated),2024-04-30,,1,SEC Form D,https://www.sec.gov/Archives/edgar/data/1888098/000188809825000006/primary_doc.xml,totalAmountSold: 20999997; totalOfferingAmount: 20999997; dateOfFirstSale: 2024-04-30,0001888098,0001888098-25-000006,20999997,20999997,2024-04-30,Equity,3,COLAB SOFTWARE INC.,High,"2 post-YC Form D offerings summed: 0001888098-25-000006 $20999997 (2024-04-30), 0001888098-25-000005 $14824994 (2025-10-09)",2026-10-01T03:34:28Z,2025-10-09,14824994,SEC Form D 0001888098-25-000005,35824991,Yes,http://colabsoftware.com,B2B,Growth,150,No,0,greenhouse,28,28,9,1,https://www.colabsoftware.com/,"Business Development Representative ; Business Strategy Analyst; Customer Education Lead; Customer Sales Engineer; Director, GTM Enablement; Director of Sales; Engineering Manager - AutoReview; Field Enablement Coach; Future Opportunities at CoLab; Key Account Executive"
earth-ai,EARTH AI,Summer 2019,Yes,35372168,Equity (per Form D; stage not stated),2022-12-06,Tamarack,1,SEC Form D,https://www.sec.gov/Archives/edgar/data/1963115/000196311525000001/primary_doc.xml,totalAmountSold: 25916696; totalOfferingAmount: 25916696; dateOfFirstSale: 2024-12-23,0001963115,0001963115-25-000001,25916696,25916696,2024-12-23,Equity,52,Earth AI Inc.,High,"2 post-YC Form D offerings summed: 0001963115-23-000001 $9455472 (2022-12-06), 0001963115-25-000001 $25916696 (2024-12-23) Tier 4 source states $20M (https://www.axios.com/pro/climate-deals/2025/01/27/earth-ai-roman-teslyuk-tamarack-cantos); Form D figure kept.",2026-10-01T03:34:33Z,2024-12-23,25916696,SEC Form D 0001963115-25-000001,35372168,Yes,http://www.earth-ai.com,Industrials,Early,12,No,0,,,0,0,0,,
wasmer,Wasmer,Summer 2019,No evidence found,,,,,,,,,,,,,,,,,,Checked: no post-YC Form D matching the founders; no funding statement on website (10 pages) or YC page. LinkedIn/X/Crunchbase need a logged-in browser.,2026-10-01T03:34:32Z,,,,,,https://wasmer.io,B2B,Early,11,Yes,2,,,2,0,0,https://wasmer.io/careers,"Rust Engineer, Distributed Systems; Senior Operating Systems / Hypervisor Engineer"
microverse,Microverse,Summer 2019,Yes,12500000,,2021-07-01,,4,Press (linked from YC company page),https://techcrunch.com/2021/07/01/edtech-startup-microverse-raises-12-5m-to-bring-income-share-agreements-to-the-developing-world/,Edtech startup Microverse raises $12.5M to bring income share agreements to the developing world – TechCrunch,,,,,,,,,Medium,No matching post-YC Form D found.,2026-10-01T03:34:30Z,2021-07-01,12500000,Press (linked from YC company page),12500000,Yes,https://www.microverse.org,Education,Early,35,No,0,,,0,0,0,,
spotless-materials,spotLESS Materials,Summer 2019,Yes,1600000,Seed,2024-08-19,,4,Press (linked from YC company page),https://www.axios.com/pro/retail-deals/2024/08/19/spotless-materials-seed-raise-pfas,Spotless Materials raises $1.6M seed to address PFAS,,,,,,,,,Medium,No matching post-YC Form D found.,2026-10-01T03:34:31Z,2024-08-19,1600000,Press (linked from YC company page),1600000,Yes,https://www.industry.spotlessmaterials.com,Industrials,Early,6,No,0,,,0,0,0,,
kern-systems,Kern Systems,Summer 2019,No evidence found,,,,,,,,,,,,,,,,,,Checked: no post-YC Form D matching the founders; no funding statement on website (1 pages) or YC page. LinkedIn/X/Crunchbase need a logged-in browser.,2026-10-01T03:34:32Z,,,,,,https://www.kernsystems.com,Healthcare,Early,3,No,0,,,0,0,0,,
arpeggio-bio,Arpeggio Bio,Summer 2019,No evidence found,,,,,,,,,,,,,,,,,,Checked: no post-YC Form D matching the founders; no funding statement on website (0 pages) or YC page. LinkedIn/X/Crunchbase need a logged-in browser.,2026-10-01T03:34:32Z,,,,,,http://www.arpeggiobio.com,Healthcare,Early,20,No,0,,,0,0,0,,
directshifts,DirectShifts,Summer 2019,No evidence found,,,,,,,,,,,,,,,,,,Checked: no post-YC Form D matching the founders; no funding statement on website (3 pages) or YC page. LinkedIn/X/Crunchbase need a logged-in browser.,2026-10-01T03:34:37Z,,,,,,https://directshifts.com,Healthcare,Growth,72,Yes,1,,,1,0,0,https://www.directshifts.com/careers,Full Stack Engineer at DirectShifts (YC S19)
rutter,Rutter,Summer 2019,Yes,27000000,Series A,,Andreessen Horowitz.,2,Company website,https://www.rutter.com/blog,Rutter Raises $27M in Series A funding led by Andreessen Horowitz.,,,,,,,,,High,"Unverified Form D by same-named person: Elegen Corp. 0002023682-24-000001 sold 32982943 (first sale 2024-05-09, San Carlos); likely a different person. Unverified Form D by same-named person: EfficientAI Corp 0002002716-25-000002 sold 53749959 (first sale 2025-11-18, Pittsburgh); likely a different person. Unverified Form D by same-named person: EfficientAI Corp 0002002716-26-000001 sold 93074666 (first sale 2026-08-07, Pittsburgh); likely a different person. Round date not stated on the source page; assumed post-YC because it is presented as current news. No matching post-YC Form D found.",2026-10-01T03:34:39Z,,,,27000000,Yes,https://rutter.com,B2B,Growth,24,Yes,2,ashby,1,2,1,0,https://www.rutter.com/careers,Solutions Architect
rosebud-ai,Rosebud AI,Summer 2019,No evidence found,,,,,,,,,,,,,,,,,,Checked: no post-YC Form D matching the founders; no funding statement on website (3 pages) or YC page. LinkedIn/X/Crunchbase need a logged-in browser.,2026-10-01T03:34:36Z,,,,,,http://rosebud.ai,Consumer,Early,10,No,0,greenhouse,14,14,2,0,https://rosebud.ai:443/jobs,Backend Engineer; Copy of Customer Success Manager;    Customer Success Manager; Customer Success Manager; Customer Success Manager; Digital Marketing Manager; Digital Marketing Manager; *Don't see what you're looking for?; Implementation Strategist; Marketing Coordinator
hatchways,Hatchways,Summer 2019,No evidence found,,,,,,,,,,,,,,,,,,Checked: no post-YC Form D matching the founders; no funding statement on website (2 pages) or YC page. LinkedIn/X/Crunchbase need a logged-in browser. National register for CA not checked.,2026-10-01T03:34:38Z,,,,,,http://www.hatchways.io,B2B,Early,8,No,0,,,0,0,0,https://www.hatchways.io/,
million-marker,Million Marker,Summer 2019,No evidence found,,,,,,,,,,,,,,,,,,Checked: no post-YC Form D matching the founders; no funding statement on website (3 pages) or YC page. LinkedIn/X/Crunchbase need a logged-in browser.,2026-10-01T03:34:59Z,,,,,,https://www.millionmarker.com/,Healthcare,Early,2,No,0,,,0,0,0,,
flo,Flo,Summer 2019,Yes,12398967,Equity (per Form D; stage not stated),2023-06-22,,1,SEC Form D,https://www.sec.gov/Archives/edgar/data/1983984/000198398423000001/primary_doc.xml,totalAmountSold: 7364762; totalOfferingAmount: 7364762; dateOfFirstSale: 2023-06-22,0001983984,0001983984-23-000001,7364762,7364762,2023-06-22,Equity,17,Flo Recruit Inc.,High,"2 post-YC Form D offerings summed: 0001983984-23-000001 $7364762 (2023-06-22), 0001983984-25-000003 $5034205 (2025-05-09) Tier 4 source states $4.2 Million (https://www.businesswire.com/news/home/20230808712690/en/Flo-Recruit-Announces-4.2-Million-in-Funding-to-Modernize-Legal-Recruiting); Form D figure kept.",2026-10-01T03:34:39Z,2025-05-09,5034205,SEC Form D 0001983984-25-000003,12398967,Yes,https://joinflo.com,B2B,Growth,50,No,0,,,0,0,0,https://www.joinflo.com/company/careers,
rainbow,Rainbow,Summer 2019,No evidence found,,,,,,,,,,,,,,,,,,Checked: no post-YC Form D matching the founders; no funding statement on website (16 pages) or YC page. LinkedIn/X/Crunchbase need a logged-in browser.,2026-10-01T03:34:39Z,,,,,,https://rainbow.me,Fintech,Early,28,No,0,,,0,0,0,https://rainbow.me/careers,
outtalent,Outtalent,Summer 2019,No evidence found,,,,,,,,,,,,,,,,,,Checked: no post-YC Form D matching the founders; no funding statement on website (2 pages) or YC page. LinkedIn/X/Crunchbase need a logged-in browser. National register for KG not checked.,2026-10-01T03:34:44Z,,,,,,http://outtalent.com,Education,Early,8,No,0,,,0,0,0,https://outtalent.com:443/join,
canix,Canix,Summer 2019,Yes,10000000,Seed,,,2,Company website,https://www.canix.com/press,Canix raises $10M to expand its cannabis seed-to-sale platform across the U.S.,,,,,,,,,High,Round date not stated on the source page; assumed post-YC because it is presented as current news. No matching post-YC Form D found.,2026-10-01T03:34:42Z,2022-06-07,10000000,https://www.canix.com/press (date printed near the quote),10000000,Yes,https://www.canix.com/,B2B,Growth,22,Yes,1,,,1,0,0,,Senior Implementation Specialist - Canix
green-canopy-node,Green Canopy NODE,Summer 2019,No evidence found,,,,,,,,,,,,,,,,,,Checked: no post-YC Form D matching the founders; no funding statement on website (8 pages) or YC page. LinkedIn/X/Crunchbase need a logged-in browser.,2026-10-01T03:34:48Z,,,,,,http://greencanopynode.com,Real Estate and Construction,Early,31,No,0,,,0,0,0,https://www.greencanopynode.com/careers,
kubesail,KubeSail,Summer 2019,No evidence found,,,,,,,,,,,,,,,,,,Checked: no post-YC Form D matching the founders; no funding statement on website (1 pages) or YC page. LinkedIn/X/Crunchbase need a logged-in browser.,2026-10-01T03:34:41Z,,,,,,https://kubesail.com,Consumer,Early,2,No,0,,,0,0,0,,
banner,Banner,Summer 2019,Yes,10000000,Series A,2023-10-17,,4,Press (linked from YC company page),https://commercialobserver.com/2023/10/spend-management-banner/,Spend Management Platform Banner Raises $10 Million Series A Round – Commercial Observer,,,,,,,,,Medium,No matching post-YC Form D found.,2026-10-01T03:35:04Z,2023-10-17,10000000,Press (linked from YC company page),10000000,Yes,https://withbanner.com,Real Estate and Construction,Early,35,Yes,3,,,3,0,0,,Senior Software Engineer; Senior UI/UX Designer; Senior Frontend Engineer
asayer,OpenReplay,Summer 2019,Yes,4700000,,2022-06-28,,4,Press (linked from YC company page),https://techcrunch.com/2022/06/28/openreplay-raises-4-7m-for-its-open-source-tool-to-find-the-bugs-in-sites/,OpenReplay raises $4.7M for its open source tool to find the bugs in sites – TechCrunch,,,,,,,,,Medium,No matching post-YC Form D found.,2026-10-01T03:34:47Z,2022-06-28,4700000,Press (linked from YC company page),4700000,Yes,https://www.openreplay.com/,B2B,Early,11,No,0,,,0,0,0,,
zeta-surgical,ZETA SURGICAL,Summer 2019,Yes,1081301,Equity (per Form D; stage not stated),2023-10-27,,1,SEC Form D,https://www.sec.gov/Archives/edgar/data/1812531/000181253123000001/primary_doc.xml,totalAmountSold: 1081301; totalOfferingAmount: 2000000; dateOfFirstSale: 2023-10-27,0001812531,0001812531-23-000001,1081301,2000000,2023-10-27,Equity,14,Zeta Surgical Inc.,High,,2026-10-01T03:34:47Z,2023-10-27,1081301,SEC Form D 0001812531-23-000001,1081301,Yes,http://zetasurgical.com,Healthcare,Early,,No,0,,,0,0,0,,
fynn,Fynn,Summer 2019,Yes,11000000,,2023-03-16,,4,Press (linked from YC company page),https://www.alleywatch.com/2023/03/fynn-trade-school-educational-finance-student-loan-eric-menees/,Fynn Raises $11M to Make Financing Trade School Education Accessible – AlleyWatch,,,,,,,,,Medium,"Unverified Form D by same-named person: Mentor Park Investor Group LLC 0001959889-23-000002 sold 50000 (first sale 2023-01-20, Mentor); likely a different person. Unverified Form D by same-named person: Mentor Park Investor Group LLC 0001959889-23-000003 sold 80000 (first sale 2023-01-20, Mentor); likely a different person. Unverified Form D by same-named person: Mentor Park Investor Group LLC 0001959889-23-000004 sold 0 (first sale yetToOccur, Mentor); likely a different person. No matching post-YC Form D found.",2026-10-01T03:34:51Z,2023-03-16,11000000,Press (linked from YC company page),11000000,Yes,https://www.fynncredit.com,Fintech,Early,26,No,0,,,0,0,0,,
upequity,UpEquity,Summer 2019,No evidence found,,,,,,,,,,,,,,,,,,Checked: no post-YC Form D matching the founders; no funding statement on website (1 pages) or YC page. LinkedIn/X/Crunchbase need a logged-in browser.,2026-10-01T03:34:52Z,,,,,,http://www.upequity.com,Real Estate and Construction,Growth,90,Yes,2,,,2,0,0,,Manager - FP&A; Escrow Officer
yummy-future,Yummy Future,Summer 2019,No evidence found,,,,,,,,,,,,,,,,,,Checked: no post-YC Form D matching the founders; no funding statement on website (5 pages) or YC page. LinkedIn/X/Crunchbase need a logged-in browser.,2026-10-01T03:34:46Z,,,,,,https://yummy-future.com,Industrials,Early,7,Yes,6,,,6,0,0,https://yummy-future.com/careers,Robotics Engineer (CS&ECE); ECE / Robotics Engineer (Full-Time) – Yummy Future; Mechanical / Robotics Engineer (Full-Time) – Yummy Future; Full-time Barista at Yummy Future Coffee on the UIUC campus; Coffee Shop Manager - on University Ave in Palo Alto; Barista - on University Ave in Palo Alto
kitekraft,Kitekraft,Summer 2019,Yes,1441454,Equity (per Form D; stage not stated),2022-06-29,,1,SEC Form D/A,https://www.sec.gov/Archives/edgar/data/1788488/000178848824000001/primary_doc.xml,totalAmountSold: 1441454; totalOfferingAmount: 1714704; dateOfFirstSale: 2022-06-29,0001788488,0001788488-24-000001,1441454,1714704,2022-06-29,Equity,10,kiteKRAFT Inc.,High,,2026-10-01T03:34:50Z,2022-06-29,1441454,SEC Form D 0001788488-24-000001,1441454,Yes,http://www.kitekraft.de,Industrials,Early,6,No,0,,,0,0,0,,
mindset-health,Mindset Health,Summer 2019,Yes,6700000,,2021-06-27,,4,Press (linked from YC company page),https://www.afr.com/technology/evidence-based-hypnotherapy-app-raises-6-7m-20210625-p584cy,Evidence based hypnotherapy app Mindset Health raises $6.7 million,,,,,,,,,Medium,No matching post-YC Form D found.,2026-10-01T03:34:46Z,2021-06-27,6700000,Press (linked from YC company page),6700000,Yes,https://www.mindsethealth.com,Healthcare,Growth,35,No,0,,,0,0,0,https://www.mindsethealth.com/careers,
gen1e-lifesciences,GEn1E Lifesciences,Summer 2019,Yes,5520803,Equity (per Form D; stage not stated),2025-10-21,,1,SEC Form D,https://www.sec.gov/Archives/edgar/data/1752886/000175288625000002/primary_doc.xml,totalAmountSold: 5520803; totalOfferingAmount: 11887377; dateOfFirstSale: 2025-10-21,0001752886,0001752886-25-000002,5520803,11887377,2025-10-21,Equity,44,GEN1E LIFESCIENCES INC.,High,,2026-10-01T03:34:49Z,2025-10-21,5520803,SEC Form D 0001752886-25-000002,5520803,Yes,https://www.gen1e.com,Healthcare,Early,,No,0,,,0,0,0,,
prolific,Prolific,Summer 2019,Yes,16639954,Equity (per Form D; stage not stated),2023-04-25,,1,SEC Form D,https://www.sec.gov/Archives/edgar/data/1976659/000197665923000001/primary_doc.xml,totalAmountSold: 16639954; totalOfferingAmount: 16639954; dateOfFirstSale: 2023-04-25,0001976659,0001976659-23-000001,16639954,16639954,2023-04-25,Equity; SecurityToBeAcquired,18,"Prolific Technologies, Inc.",High,"Form D clarification: The Total Offering Amount and the Total Amount Sold includes the conversion of $1,404,955 of outstanding convertible securities. Tier 2 source states $32M (https://www.prolific.com/press); Form D figure kept.",2026-10-01T03:34:51Z,2023-04-25,16639954,SEC Form D 0001976659-23-000001,16639954,Yes,https://www.prolific.com,B2B,Early,180,Yes,3,greenhouse,31,31,11,8,https://www.prolific.com/careers,"AI Research Engineer; Business Analyst ( Product Operations Specialist) ( 3 Month Contract); Data Engineer; Forward Deployed Researcher; Human Data Quality Analyst, AI Business; Human Data Quality Engineer (Founding Team) ; Human Data Quality Engineer (Founding Team) ; Human Data Quality Engineer (Founding Team) ; Lead Product Designer; Participant Recruitment Partner/Sourcer"
trm-labs,TRM Labs,Summer 2019,Yes,60000000,,2021-12-07,,4,Press (linked from YC company page),https://www.coindesk.com/business/2021/12/07/trm-labs-raises-60m-as-visa-amex-play-catchup-on-crypto-tracking/,"TRM Labs Raises $60M as Visa, Amex Play Catch-Up on Crypto Tracking",,,,,,,,,Medium,Other stated figure: $14M (https://www.coindesk.com/trm-labs-raises-14m-as-crypto-tracking-steps-into-spotlight). No matching post-YC Form D found.,2026-10-01T03:34:57Z,2021-12-07,60000000,Press (linked from YC company page),60000000,Yes,https://trmlabs.com/,B2B,Early,400,Yes,1,,,1,0,0,https://www.trmlabs.com/careers,New Product Lead
lucid-bots,Lucid Bots,Summer 2019,No evidence found,,,,,,,,,,,,,,,,,,Checked: no post-YC Form D matching the founders; no funding statement on website (2 pages) or YC page. LinkedIn/X/Crunchbase need a logged-in browser.,2026-10-01T03:34:54Z,,,,,,https://lucidbots.com/,Industrials,Growth,26,No,0,greenhouse,1,1,0,0,,Customer Success Specialist
ever-loved,Ever Loved,Summer 2019,No evidence found,,,,,,,,,,,,,,,,,,Checked: no post-YC Form D matching the founders; no funding statement on website (0 pages) or YC page. LinkedIn/X/Crunchbase need a logged-in browser.,2026-10-01T03:34:51Z,,,,,,https://everloved.com,Consumer,Early,5,No,0,,,0,0,0,,
pair-team,Pair Team,Summer 2019,Yes,20178037,Equity (per Form D; stage not stated),2023-10-06,,1,SEC Form D,https://www.sec.gov/Archives/edgar/data/1995663/000199566323000001/primary_doc.xml,totalAmountSold: 19678037; totalOfferingAmount: 20678036; dateOfFirstSale: 2023-10-06,0001995663,0001995663-23-000001,19678037,20678036,2023-10-06,Equity,40,"Pair Team, Inc.",High,"2 post-YC Form D offerings summed: 0001995663-23-000001 $19678037 (2023-10-06), 0001995663-24-000001 $500000 (2024-05-29)",2026-10-01T03:34:53Z,2024-05-29,500000,SEC Form D 0001995663-24-000001,20178037,Yes,https://pairteam.com/,Healthcare,Growth,500,Yes,6,greenhouse,19,19,0,0,https://pairteam.com/careers,Bilingual Field Care Coordinator / Field Case Management ; Bilingual Field Care Coordinator / Field Case Management ; Bilingual Field Care Coordinator / Field Case Management ; Bilingual Field Care Coordinator / Field Case Management ; Bilingual Field Care Coordinator / Field Case Management ; Bilingual Field Care Coordinator / Field Case Management ; Bilingual Field Care Coordinator / Field Case Management ; Bilingual Field Care Coordinator / Field Case Management ; Bilingual Field Care Coordinator / Field Case Management ; Bilingual Field Care Coordinator / Field Case Management 
hype-and-vice,Hype and Vice,Summer 2019,No evidence found,,,,,,,,,,,,,,,,,,Checked: no post-YC Form D matching the founders; no funding statement on website (1 pages) or YC page. LinkedIn/X/Crunchbase need a logged-in browser.,2026-10-01T03:35:00Z,,,,,,http://hypeandvice.com,Consumer,Early,55,No,0,,,0,0,0,https://www.hypeandvice.com/,
zeal,Zeal,Summer 2019,Yes,14499994,Series B (Equity per Form D),2023-11-30,Portage,1,SEC Form D,https://www.sec.gov/Archives/edgar/data/1871420/000156761923007843/primary_doc.xml,totalAmountSold: 14499994; totalOfferingAmount: 14999993; dateOfFirstSale: 2023-11-30,0001871420,0001567619-23-007843,14499994,14999993,2023-11-30,Equity,7,Puzzl Group Inc.,High,"Legal name differs from brand; matched on related person(s) Kirti Shenoy, Pranab Krishnan, issuer in San Francisco, CA.",2026-10-01T03:34:54Z,2023-11-30,14499994,SEC Form D 0001567619-23-007843,14499994,Yes,https://www.zeal.com,Fintech,Growth,45,No,0,,,0,0,0,https://www.zeal.com/careers,
jupiter,Jupiter,Summer 2019,No evidence found,,,,,,,,,,,,,,,,,,Checked: no post-YC Form D matching the founders; no funding statement on website (3 pages) or YC page. LinkedIn/X/Crunchbase need a logged-in browser.,2026-10-01T03:35:00Z,,,,,,https://www.jupiter.co,B2B,Early,8,No,0,,,0,0,0,,
short-story,Short Story,Summer 2019,No evidence found,,,,,,,,,,,,,,,,,,Checked: no post-YC Form D matching the founders; no funding statement on website (3 pages) or YC page. LinkedIn/X/Crunchbase need a logged-in browser.,2026-10-01T03:34:58Z,,,,,,https://shortstorybox.com,Consumer,Growth,120,Yes,8,ashby,19,19,5,0,https://my.shortstorybox.com/careers,"Personal Stylist (Remote CA, WA, NV, TX, OH, GA, FL, NC, SC); Warehouse Fulfillment Associate; Client Experience Associate (International); Senior Software Engineer, Full Stack (US, Canada, SF); Founding Recruiter; Merchandise Associate (International Only); Senior Manager of Technical Design; Merchandise Planner; Staff Engineer, Full Stack (US, Canada, SF); Warehouse Supervisor"
juno-college-of-technology,Juno College of Technology,Summer 2019,No evidence found,,,,,,,,,,,,,,,,,,Checked: no post-YC Form D matching the founders; no funding statement on website (5 pages) or YC page. LinkedIn/X/Crunchbase need a logged-in browser. National register for CA not checked.,2026-10-01T03:34:59Z,,,,,,http://junocollege.com,Education,Early,30,No,0,,,0,0,0,https://junocollege.com/careers/,
shift-health,Shift Health,Summer 2019,No evidence found,,,,,,,,,,,,,,,,,,Checked: no post-YC Form D matching the founders; no funding statement on website (1 pages) or YC page. LinkedIn/X/Crunchbase need a logged-in browser.,2026-10-01T03:34:57Z,,,,,,https://www.shifthealth.io,Healthcare,Early,6,No,0,,,0,0,0,,
legacy,Legacy,Summer 2019,Yes,25000000,,2022-05-12,,4,Press (linked from YC company page),https://www.axios.com/pro/health-tech-deals/2022/05/12/sperm-focused-fertility-startup-legacy-banks-25m,Sperm-focused fertility startup Legacy raises $25M,,,,,,,,,Medium,No matching post-YC Form D found.,2026-10-01T03:35:32Z,2022-05-12,25000000,Press (linked from YC company page),25000000,Yes,https://www.givelegacy.com,Healthcare,Early,35,No,0,,,0,0,0,,
well-principled,Well Principled,Summer 2019,No evidence found,,,,,,,,,,,,,,,,,,Checked: no post-YC Form D matching the founders; no funding statement on website (3 pages) or YC page. LinkedIn/X/Crunchbase need a logged-in browser.,2026-10-01T03:34:58Z,,,,,,https://wellprincipled.com,B2B,Early,3,No,0,,,0,0,0,,
pillar-2,Pillar,Summer 2019,No evidence found,,,,,,,,,,,,,,,,,,Checked: no post-YC Form D matching the founders; no funding statement on website (13 pages) or YC page. LinkedIn/X/Crunchbase need a logged-in browser.,2026-10-01T03:35:03Z,,,,,,https://www.pillar.io,Consumer,Early,5,Yes,2,,,2,0,0,,Founding Designer; Customer Success Manager
gamebytes,Gamebytes,Summer 2019,No evidence found,,,,,,,,,,,,,,,,,,Checked: no post-YC Form D matching the founders; no funding statement on website (0 pages) or YC page. LinkedIn/X/Crunchbase need a logged-in browser.,2026-10-01T03:35:04Z,,,,,,http://www.gamebytes.io,Consumer,Early,4,No,0,,,0,0,0,,
method-financial,Method Financial,Summer 2019,Yes,55844041,Series B (Equity per Form D),2022-11-10,Emergence Capital,1,SEC Form D,https://www.sec.gov/Archives/edgar/data/1955346/000195534625000001/primary_doc.xml,totalAmountSold: 37396294; totalOfferingAmount: 37396294; dateOfFirstSale: 2024-05-10,0001955346,0001955346-25-000001,37396294,37396294,2024-05-10,Equity; Other; Other: Preferred stock can convert to underlying shares of Common Stock,8,"Forward Lending, Inc.",High,"Legal name differs from brand; matched on related person(s) Jesus Marco del Carmen, Jose Bethancourt, issuer in Austin, TX. 2 post-YC Form D offerings summed: 0001955346-23-000002 $18447747 (2022-11-10), 0001955346-25-000001 $37396294 (2024-05-10) Tier 2 source states $42 million (https://methodfi.com/blog/series-b); Form D figure kept.",2026-10-01T03:35:01Z,2024-05-10,37396294,SEC Form D 0001955346-25-000001,55844041,Yes,https://methodfi.com,Fintech,Growth,50,Yes,9,ashby,10,10,4,0,https://methodfi.com/company/careers,"Former Founder ; Enterprise Account Executive; Enterprise Account Executive, Commerce; Solutions Engineer; Software Engineer  ; Solutions Consultant; Design Engineer ; Senior Software Engineer  ; Senior Accounting Manager; Forward Deployed Product Manager"
courier,Courier,Summer 2019,Yes,10100000,Series A,2020-09-14,,4,Press (linked from YC company page),https://techcrunch.com/2020/09/14/courier-raises-10-1m-series-a-to-help-developers-integrate-multi-channel-notifications/,Courier raises $10.1M Series A | TechCrunch,,,,,,,,,Medium,No matching post-YC Form D found.,2026-10-01T03:35:02Z,2020-09-14,10100000,Press (linked from YC company page),10100000,Yes,https://www.courier.com,B2B,Growth,35,No,0,,,0,0,0,https://www.courier.com/,
lofty,Lofty,Summer 2019,No evidence found,,,,,,,,,,,,,,,,,,Checked: no post-YC Form D matching the founders; no funding statement on website (8 pages) or YC page. LinkedIn/X/Crunchbase need a logged-in browser.,2026-10-01T03:35:10Z,,,,,,https://www.lofty.ai/,Fintech,Early,7,No,0,,,0,0,0,,
apero-health,Apero Health,Summer 2019,No evidence found,,,,,,,,,,,,,,,,,,Checked: no post-YC Form D matching the founders; no funding statement on website (1 pages) or YC page. LinkedIn/X/Crunchbase need a logged-in browser.,2026-10-01T03:35:02Z,,,,,,https://www.aperohealth.com,Healthcare,Growth,24,Yes,3,,,3,0,0,,"Senior Software Engineer (Backend); Software Engineer, Front-end (React, Javascript); Financial Operations Specialist (SF, at Montgomery BART)"
shiru,Shiru,Summer 2019,No evidence found,,,,,,,,,,,,,,,,,,Checked: no post-YC Form D matching the founders; no funding statement on website (1 pages) or YC page. LinkedIn/X/Crunchbase need a logged-in browser.,2026-10-01T03:35:03Z,,,,,,https://www.shiru.com/,Healthcare,Early,4,No,0,lever,1,1,0,0,,Don't see a position that fits? Tell us more.
matagora,matagora,Summer 2019,No evidence found,,,,,,,,,,,,,,,,,,Checked: no post-YC Form D matching the founders; no funding statement on website (7 pages) or YC page. LinkedIn/X/Crunchbase need a logged-in browser. National register for CA not checked.,2026-10-01T03:35:09Z,,,,,,https://www.matagora.com,B2B,Early,5,No,0,,,0,0,0,,
dex,Dex,Summer 2019,No evidence found,,,,,,,,,,,,,,,,,,Checked: no post-YC Form D matching the founders; no funding statement on website (9 pages) or YC page. LinkedIn/X/Crunchbase need a logged-in browser.,2026-10-01T03:35:12Z,,,,,,https://getdex.com,Consumer,Early,7,No,0,ashby,4,4,3,0,,"Senior Product Engineer; Talent Partner, Strategic Account Management; Founding Analytics Engineer ; Founding Data Analyst"
vouch,Vouch,Summer 2019,Yes,43499994,Equity (per Form D; stage not stated),2023-12-18,,1,SEC Form D,https://www.sec.gov/Archives/edgar/data/1781375/000201485024000001/primary_doc.xml,totalAmountSold: 25000000; totalOfferingAmount: 25000000; dateOfFirstSale: 2023-12-18,0001781375,0002014850-24-000001,25000000,25000000,2023-12-18,Equity; OptionToAcquire,56,"Vouch, Inc.",High,"2 post-YC Form D offerings summed: 0002014850-24-000001 $25000000 (2023-12-18), 0001288649-25-000001 $18499994 (2024-11-07) Tier 2 source states $185M (https://www.ycombinator.com/companies/vouch); Form D figure kept.",2026-10-01T03:35:12Z,2024-11-07,18499994,SEC Form D 0001288649-25-000001,43499994,Yes,http://vouch.us,Fintech,Growth,190,Yes,5,,,5,0,0,https://www.vouch.us/careers,"Senior Software Engineer; Staff Infrastructure & Security Engineer; Principal Engineer; AI Engineer; Senior Product Manager, AI Pod"
prenda,Prenda,Summer 2019,Yes,20000000,,2022-06-13,,4,Press (linked from YC company page),https://techcrunch.com/2022/06/13/prenda-raises-20m-led-by-776-to-build-tech-to-run-k-8-microschools/,Prenda raises $20M led by 776 to build tech to run K-8 microschools – TechCrunch,,,,,,,,,Medium,"Unverified Form D by same-named person: Distinct Dermatology Inc. 0001849547-24-000002 sold 826714 (first sale 2024-06-06, Parsippany); likely a different person. No matching post-YC Form D found.",2026-10-01T03:35:10Z,2022-06-13,20000000,Press (linked from YC company page),20000000,Yes,https://prenda.com/,Education,Growth,15,No,0,,,0,0,0,https://www.prenda.com/page/jobs,
beacons,Beacons,Summer 2019,Yes,23000000,Equity (per Form D; stage not stated),2022-04-05,,1,SEC Form D,https://www.sec.gov/Archives/edgar/data/1843648/000173907423000008/primary_doc.xml,totalAmountSold: 23000000; totalOfferingAmount: 23000000; dateOfFirstSale: 2022-04-05,0001843648,0001739074-23-000008,23000000,23000000,2022-04-05,Equity,18,Beacons AI Inc.,High,"Unverified Form D by same-named person: Decagon AI, Inc. 0002043374-24-000001 sold 61524976 (first sale 2024-10-09, San Francisco); likely a different person. Form D clarification: Does not include $899,990,98 sold to two investors who reside outside the United States.",2026-10-01T03:35:05Z,2022-04-05,23000000,SEC Form D 0001739074-23-000008,23000000,Yes,https://beacons.ai/,Consumer,Growth,25,Yes,1,,,1,0,0,,Senior Software Engineer 
zippi,Zippi,Summer 2019,No evidence found,,,,,,,,,,,,,,,,,,Checked: no post-YC Form D matching the founders; no funding statement on website (1 pages) or YC page. LinkedIn/X/Crunchbase need a logged-in browser. National register for BR not checked.,2026-10-01T03:35:31Z,,,,,,https://www.zippi.com.br,Fintech,Early,60,Yes,3,lever,5,5,1,0,,Banco de Talentos | Estágio; Banco de Talentos | Full Time; Growth Business Analyst; Growth Designer; Senior Software Engineer
dover,Dover,Summer 2019,Yes,23000000,,,,2,YC company/launch page,https://www.ycombinator.com/companies/dover,We've raised $23M from top VCs.,,,,,,,,,High,Round date not stated on the source page; assumed post-YC because it is presented as current news. Other stated figure: $20M (https://techcrunch.com/2021/07/19/dover-raises-20m-to-bring-the-concept-of-orchestration-to-recruitment/). No matching post-YC Form D found.,2026-10-01T03:35:10Z,,,,23000000,Yes,https://dover.com,B2B,Growth,12,Yes,6,,,6,0,0,,Recruiting Partner; Head of People; Startup Counsel; Software Engineer; Marketing Leader; Startup Counsel
wren,Wren,Summer 2019,No evidence found,,,,,,,,,,,,,,,,,,Checked: no post-YC Form D matching the founders; no funding statement on website (10 pages) or YC page. LinkedIn/X/Crunchbase need a logged-in browser.,2026-10-01T03:35:08Z,,,,,,https://www.wren.co,Industrials,Early,10,No,0,,,0,0,0,https://www.wren.co/careers,
superorder,Superorder,Summer 2019,Yes,10000000,Series A,,,2,Company website,https://www.superorder.com/press,Superorder raises $10M Series A Funding Round to Fuel New Generative AI & Order Management Tools for Restaurants.,,,,,,,,,High,"Unverified Form D by same-named person: Cookdash Inc. 0001966347-23-000002 sold 11291454 (first sale 2023-02-07, San Francisco); likely a different person. Round date not stated on the source page; assumed post-YC because it is presented as current news. No matching post-YC Form D found.",2026-10-01T03:35:12Z,2024-12-03,10000000,https://www.superorder.com/press (date printed near the quote),10000000,Yes,https://superorder.com/,B2B,Early,30,No,0,,,0,0,0,,
swadesh,Swadesh,Summer 2019,No evidence found,,,,,,,,,,,,,,,,,,Checked: no post-YC Form D matching the founders; no funding statement on website (2 pages) or YC page. LinkedIn/X/Crunchbase need a logged-in browser.,2026-10-01T03:35:13Z,,,,,,http://www.swadesh.co,Fintech,Early,10,Yes,3,,,3,0,0,,Senior Software Engineer - Fullstack; Senior Software Engineer - Backend; Sales & Marketing Intern
