tracxn_id,company,domain,website,latest_round_date,latest_round_name,latest_round_amount_usd,total_equity_funding_usd
52c4e2ede4b03a1193597db5,HackerRank,hackerrank.com,https://www.hackerrank.com/,2022-03-29,Series D,60000000,115000000
52ec9eeae4b033a23dc723df,The Muse,themuse.com,https://www.themuse.com/,2022-09-21,Series C,8000000,45436522
5301cfe6e4b0b193ed6655dd,AgileMD,agilemd.com,https://www.agilemd.com/,2025-08-06,Grant (prize money),1995966,2000000
5306905ae4b0cada90a10fd0,Junction,junction.com,https://www.junction.com/,2025-03-11,Series A,18000000,21400000
53187aa0e4b01c90cfdba3fa,One Degree,1degree.org,https://www.1degree.org/,2021-11-20,Grant (prize money),1000000,120000
53187db2e4b01c90cfdc370d,99minutos,99minutos.com,https://www.99minutos.com/,2022-03-02,,,122125000
5318c1c0e4b0f7e165e6c7e9,Alex,alex.com,https://www.alex.com/,2025-09-29,Series A,17000000,20000000
5318c535e4b0f7e165e780b2,Ambition,ambition.com,https://ambition.com,2021-10-07,Series B,15500000,24558089
5318c94be4b0f7e165e83a5a,AptDeco,aptdeco.com,https://www.aptdeco.com,2023-03-20,Series B,6150000,9739255
5318cd1de4b0f7e165e8acd8,Artie,artie.com,https://www.artie.com/,2025-11-06,Series A,15050968,60950968
531911a4e4b0f7e165efcbc3,Cambly,cambly.com,https://www.cambly.com/english?lang=en,2022-06-08,Series B,60000000,60315036
53192a9ae4b0f7e165f25cae,CircuitHub,circuithub.com,https://www.circuithub.com/,2026-04-28,Series A,28000000,46047318
53192b0ee4b0f7e165f26905,Cinder,cinder.co,http://cinder.co,2022-12-08,Series A,10000000,14000000
531932b0e4b0f7e165f330dc,Cofactor Genomics,cofactorgenomics.com,https://cofactorgenomics.com,2023-08-02,Series A,1174682,26201394
53193d1be4b0f7e165f42415,Correlia Biosystems,correliabio.com,https://correliabio.com,2023-05-09,Series A,1254212,10949038
53193e47e4b0f7e165f441cb,Courier,courier.com,https://www.courier.com/,2022-06-22,Series B,35000000,57000000
531948bfe4b0f7e165f537b5,Cyble,cyble.com,http://cyble.com,2023-11-14,Series B,6200000,48325000
53196c4ae4b0f7e165f85bae,eBrandValue,ebrandvalue.com,https://www.ebrandvalue.com/en/,2021-12-15,Grant (prize money),633778.1174,120000
53199c07e4b0f7e165fc403b,Float Health,floathealth.com,https://floathealth.com,2024-04-03,Series A,10000001,10000001
5319b808e4b0f7e165fef89b,GoJom,gojom.com,http://gojom.com,2022-06-01,,,1400000
5319c4c3e4b0f7e1660035f1,Handle,handle.com,https://handle.com,2026-05-25,Series B,27000000,44525000
5319ccf1e4b0f7e16600f203,Pocket,heypocket.com,https://heypocket.com,2026-06-29,Series A,11000000,11500000
5319cef7e4b0f7e16601217d,HireArt,hireart.com,https://www.hireart.com/,2023-12-05,Series B,2000000,35204673
5319eaf3e4b0f7e16603b625,Inspectify,inspectify.com,https://www.inspectify.com/,2024-09-27,Series B,15477548,32789649
531a10b4e4b0f7e16606fd61,Klir,klir.com,https://www.klir.com/,2026-01-22,Conventional Debt,7500000,29714773
531a65fde4b0f7e1660e7b6e,NALA,nala.com,https://www.nala.com/,2026-05-28,Conventional Debt,25000000,50150000
531a82eae4b0f7e16610cccb,Okteto,okteto.com,https://www.okteto.com/,2022-02-24,,,18081247
531a85f0e4b0f7e16611090c,onShore Security,onshore.com,https://onshore.com,2026-02-19,Series B,31000000,46000000
531a93eae4b0f7e16612671d,Pathrise,pathrise.com,https://www.pathrise.com/,2022-06-30,,,9449995
531a94a7e4b0f7e16612784e,Pave,pave.com,http://pave.com,2022-06-28,,,175000000
531a9f76e4b0f7e166139268,Platzi,platzi.com,https://platzi.com,2021-12-06,Series B,62000000,78498315
531ab448e4b0f7e16615c09b,Quartzy,quartzy.com,https://www.quartzy.com,2026-04-13,Series C,23000000,56865196
531ad2b2e4b0f7e166190fd3,Scentbird,scentbird.com,https://www.scentbird.com/,2023-11-08,Series A,820000,29222151
531adc76e4b0f7e1661a2aa8,Shepherd,shepherdinsurance.com,https://www.shepherdinsurance.com/,2026-03-24,Series B,42000000,67000000
531ae38ae4b0f7e1661ae9a9,Sinovia Technologies,sinoviatech.com,https://www.sinoviatech.com/,2023-01-06,Series A,2570000,10675762
531ae8fbe4b0f7e1661b7a2a,Snipd,snipd.com,https://www.snipd.com/,2022-03-03,,,850852
531afe1ce4b0f7e1661da1bf,Submittable,submittable.com,https://www.submittable.com/,2022-06-13,Series C,47000000,74565000
531b0968e4b0f7e1661ecdc3,Techmate,techmate.com,https://techmate.com,2022-05-27,,,2349000
531b0d34e4b0f7e1661f3cc0,telli,telli.com,https://www.telli.com/,2026-07-23,Seed,15000000,19100000
531b1cd9e4b0f7e16620e41e,Titan,titan.com,https://www.titan.com/,2021-12-01,,,90095596
531b24d6e4b0f7e16621b689,Trela,trela.com.br,https://trela.com.br,2022-03-21,Series A,25000000,25125000
531b3e91e4b0f7e1662403b0,Vidyard,vidyard.com,https://vidyard.com,2024-04-16,Series C,15000000,90700000
531b4d5ce4b0f7e166256eb6,Wefunder,wefunder.com,https://wefunder.com,2024-10-25,Series C,1996983,41043767
531b63cde4b0f7e166279000,ZeroCater,zerocater.com,http://zerocater.com,2023-02-16,Series C,15000000,32600000
531b6402e4b0f7e1662796b6,Zeal,zeal.com,https://www.zeal.com/,2023-11-30,Series B,14499994,27649994
531bc2b1e4b0f7e1662f4f32,Prolific,prolific.com,https://www.prolific.com/,2023-04-25,Series A,32252750,33802750
531bd050e4b0f7e166317640,PhotoRoom,photoroom.com,https://www.photoroom.com/,2023-12-21,Series B,43000000,64000000
531be739e4b0f7e16634e2a1,Formance,formance.com,https://www.formance.com/,2024-12-23,Series A,21000000,24100000
531bea27e4b0f7e166356bb8,Let’s Do This,letsdothis.com,https://www.letsdothis.com/,2022-06-06,,,80120000
531bed7ee4b0f7e16635e386,Human Dx,humandx.org,https://www.humandx.org/,2022-09-01,Grant (prize money),666469.79,2928634
531c0a5be4b0f7e1663a11f6,Gigs,gigs.com,https://gigs.com,2024-12-05,Series B,73000000,93125000
531c0d50e4b0f7e1663a6b75,YourChoice Therapeutics,yourchoicetx.com,https://www.yourchoicetx.com/,2022-07-20,Series A,15000000,15150000
531c0f76e4b0f7e1663ab556,Bus.com,bus.com,https://www.bus.com/,2024-02-14,Series B,600000,21678400
531c164ee4b0f7e1663c09af,Tella,tella.com,https://www.tella.com/,2025-04-22,Seed,2100000,3500000
531c3812e4b0f7e166422e9a,Mendel,mendel.com,https://mendel.com/en-mx/,2025-03-27,Series B,35000000,81000000
531c3a65e4b0f7e166429d6b,Slash,slash.com,https://www.slash.com/,2026-04-16,Series C,100000000,160125000
531c56cce4b0f7e16647fa29,Inboxbooster,inboxbooster.com,http://inboxbooster.com,2023-04-18,Seed,1000000,1000000
531c5993e4b0f7e166488bb3,Toma,toma.com,https://www.toma.com/,2025-06-06,Series A,17000000,17500000
531c8e4ae4b0f7e16652ae76,Jovian,jovian.com,https://jovian.com,2022-05-24,,,2450000
531c9f6ae4b0f7e166564810,HistoWiz,histowiz.com,https://home.histowiz.com/,2021-10-20,Series A,32000000,33464514
531ca620e4b0f7e16657c631,Wallarm,wallarm.com,https://www.wallarm.com/,2025-07-31,Series C,55000000,75079126
531caf5fe4b0f7e166598a32,Termii,termii.com,https://termii.com,2023-06-12,Series A,3650000,5175000
531cb1bae4b0f7e1665a08f1,Fieldguide,fieldguide.io,https://www.fieldguide.io/,2026-02-02,Series C,75000000,125000000
531cb305e4b0f7e1665a49c7,Twenty,twenty.com,https://twenty.com,2024-11-19,Seed,4999999,5499999
531cc444e4b0f7e1665dcbee,Upstream,upstream.do,https://www.upstream.do/,2026-06-03,Seed,3000000,3000000
531cca93e4b0f7e1665f276b,Ello,ello.com,https://www.ello.com/,2023-09-07,Series A,15000000,15125000
531cd1d8e4b0f7e16660bb01,Ekho,ekho.com,https://www.ekho.com/,2025-07-08,Series A,17300000,17300000
5322c0b6e4b04bb3887b7f05,Albedo,albedo.com,https://albedo.com,2024-08-12,Series A,3000000,97000000
533197cde4b09e548233a051,Hublo,hublo.com,https://www.hublo.com/,2026-02-03,Series C,47327200,97892870
53462510e4b085eb389cc036,Mashgin,mashgin.com,https://www.mashgin.com/,2022-05-09,Series B,62500000,75000000
53462630e4b085eb389cdc4e,Shift Labs,shiftlabs.com,https://www.shiftlabs.com/,2022-09-19,Grant (prize money),1836056.04,1720000
53463c04e4b085eb38a055b1,Eden,edenmed.com,https://edenmed.com,2025-10-10,Series A,22000000,39000000
53466476e4b085eb38a66ede,Broccoli AI,broccoli.com,https://www.broccoli.com/,2026-01-16,Unattributed,25000000,25500000
53466846e4b085eb38a7035e,LineLeap,lineleap.com,https://www.lineleap.com/,2024-02-29,Series A,7256066,30000000
53468c64e4b085eb38ac8183,Spade,spade.com,https://spade.com,2026-03-24,Series B,40000000,61249986
5346a30de4b085eb38afb829,Somos Internet,somosinternet.com,https://www.somosinternet.com/,2025-09-01,Series A,18000000,71900000
5348dadfe4b08b6957e7dea7,Doppler,doppler.com,https://www.doppler.com/,2022-04-27,Series A,20000000,28925000
535c00e2e4b0506534950d5d,Picnic,picnichealth.com,https://picnichealth.com,2022-06-27,,,100000000
535c8bbfe4b0506534984b4e,Howdy,howdy.com,https://howdy.com,2025-12-04,Series A,1370000,26644988
535caaa8e4b05065349916de,Speak,speak.com,https://www.speak.com/,2024-11-13,Series C,78000000,162000000
535dd422e4b0506534a11d46,Paces,paces.com,https://www.paces.com/,2024-07-30,Series A,11000000,12900000
535de54ee4b0506534a186f5,Jupe,jupe.com,https://www.jupe.com/,2021-12-08,,,9500000
53711158e4b026573aed694d,Blee,blee.com,https://www.blee.com/,2026-09-08,Series A,20000000,27000000
53711a12e4b026573af2a1b1,Erad,erad.co,https://www.erad.co/,2026-09-28,Series A,22000000,41000000
537f179fe4b07d5b6f967bff,Mobot,mobot.io,https://www.mobot.io/,2022-08-15,,,17800000
5384c56fe4b05d85e2d43b86,Verifiable,verifiable.com,https://verifiable.com,2023-06-10,Series B,27000000,50068829
5387d386e4b0e7466729a64b,Rootly,rootly.com,https://rootly.com,2023-08-10,Series A,12000000,15200000
53975379e4b0e49994cded69,0pass,0pass.com,http://0pass.com,2023-06-27,Seed,3500000,4000000
5399d289e4b0da0a6776c75f,Careerist,careerist.com,https://www.careerist.com/,2023-03-30,Series A,8000000,10765000
539a5368e4b0da0a677ab3a4,Borong,borong.com,https://borong.com,2022-01-20,,,4707662
53aa1ff1e4b028b38bd982fa,Industrial Microbes,imicrobes.com,https://www.imicrobes.com/,2024-11-19,Seed,10000000,10125000
53aa211ee4b028b38bd9d23b,InpharmD,inpharmd.com,https://inpharmd.com/our_story,2023-12-07,Seed,6500000,6625000
53aa2a3ce4b028b38bdc2bb0,Tesorio,tesorio.com,https://www.tesorio.com/,2022-06-06,Series B,17000000,35459489
53ad3bbfe4b0df691e5cb700,Bitmovin,bitmovin.com,https://bitmovin.com,2022-12-22,Conventional Debt,5000000,69097381
53ae3327e4b0c9ef6eafa5b8,SINAI,sinai.com,https://www.sinai.com/,2022-09-27,Series A,22000000,39243586
53b911c3e4b052b927459378,Vendease,vendease.com,https://www.vendease.com,2022-09-26,Series A,20000000,23325000
53c08cc9e4b07400bd1065f1,ContaLink,contalink.com,https://www.contalink.com/,2022-03-15,Seed,2100000,2225000
53e6d2bce4b090d818a96205,Parallel,beparallel.com,https://www.beparallel.com/,2026-03-19,Series A,20000000,23500000
540474e1e4b0e529378fcf27,Retool,retool.com,https://retool.com,2022-07-28,Series C,45000000,165150000
54047e4ee4b0e5293791f2d2,Nitrode,nitrode.com,https://www.nitrode.com/,2025-06-12,Seed,1800000,2300000
540497bae4b0e52937971ed4,Ivella,ivella.com,https://www.ivella.com/,2022-06-06,,,4100000
54156505e4b0e61814807c98,Nexu,nexu.mx,https://www.nexu.mx,2026-07-08,Conventional Debt,143000000,70150000
544d0181e4b0e6cb9632182c,Bitrise,bitrise.io,https://bitrise.io,2021-11-23,,,100000000
545e9d63e4b01f1b1f60de99,Instrumentl,instrumentl.com,https://www.instrumentl.com/,2025-04-23,Series A,55000000,55120000
5462cfafe4b0731a4614dcbc,Drip Capital,dripcapital.com,https://www.dripcapital.com/,2025-10-30,Conventional Debt,50000000,108120000
54673157e4b02e1894814127,Lokal,lokalapps.com,https://www.lokalapps.com/,2022-10-19,Series B,14660520,31799370
546bd52ae4b0bd377ed2a497,TetraScience,tetrascience.com,https://www.tetrascience.com/,2026-02-13,Series B,14999985,114149985
546d47b3e4b006472e5a641f,Volantio,volantio.com,https://www.volantio.com/,2022-09-29,Series A,6000000,9350000
5476d27ae4b020911b723187,Darmiyan,darmiyan.com,https://darmiyan.com,2023-10-17,Seed,3536249,10088499
54795547e4b0d6869726040a,Vooma,vooma.com,https://www.vooma.com/,2024-12-02,Series A,13000000,17100000
547f2208e4b0447dc7c9bef8,Permutive,permutive.com,https://permutive.com,2021-10-25,,,116459954
54d4a1b7e4b020fe6c589f8a,iSono Health,isonohealth.com,https://isonohealth.com,2025-08-21,Grant (prize money),1999730,1957679
54e70b7ee4b06cbcd60df19d,Reframe,reframeapp.com,https://www.reframeapp.com/,2021-12-31,Series A,17450000,18975000
5504ef04e4b0836b96b47551,Devyce,devyce.com,https://devyce.com,2023-02-28,Seed,2700000,3200000
550bb1f8e4b075e8945e2552,Akido Labs,akidolabs.com,https://www.akidolabs.com/,2025-03-11,Series B,84254689,95574689
551ce360e4b0590bac5ea6ec,Zenflow,zenflow.com,https://www.zenflow.com/,2024-11-01,Series C,24000000,79494746
55268cfbe4b0444aba91bf29,Sunfolding,sunfolding.com,http://sunfolding.com,2022-12-07,Series B,21400000,53525000
5526be8ee4b0444aba91bf9d,Notable Labs,notablelabs.com,http://notablelabs.com,2022-07-15,,,72227244
5526d75de4b08a540e1c29f3,OneSignal,onesignal.com,https://onesignal.com,2022-09-01,Series C,50000000,84170000
55275108e4b058d15934ea9b,Beek,beek.io,https://beek.io/en,2023-02-02,Series A,13000000,20120000
553b7e0ce4b01a4b5b262af8,GiveCampus,givecampus.com,https://givecampus.com,2022-09-19,Series A,50000000,50000000
55446516e4b04342829ace27,Deako,deako.com,https://www.deako.com/,2024-06-28,Series B,3413518,65139088
55657ba6e4b07899dba7ac65,Bold Voice,boldvoice.com,https://boldvoice.com,2025-12-02,Series A,21000000,30957000
55b62316e4b08ce4fda6aad1,Uiflow,uiflow.com,http://uiflow.com,2022-09-07,,,21000000
55b68f86e4b0d2a255053ea9,Pally,pally.com,https://www.pally.com/,2026-08-06,Series A,5200000,5200000
55b79ee0e4b0744a22b7bce9,YASSIR,yassir.com,https://yassir.com,2022-11-07,Series B,150000000,193400000
55bea52de4b0c4f20d17fc30,Humanbehavior,humanbehavior.co,https://www.humanbehavior.co/,2025-09-05,Seed,5000000,5000000
55bf7a97e4b0719b15ef88da,Oneleet,oneleet.com,https://www.oneleet.com/,2025-10-02,Series A,33000000,35000000
55c4eac6e4b0c48f108ef1b8,Skyways,skyways.com,https://www.skyways.com/,2025-07-01,Conventional Debt,5000000,120000
55c98aaee4b01be2830ee244,Legistify,legistify.com,https://legistify.com,2023-09-25,Series A,4000000,8253332
55cb2466e4b0bb0379a2eebd,Cityfurnish,cityfurnish.com,https://cityfurnish.com,2022-11-17,Series A,2500000,8055479
55cf21aae4b06a257f43cec2,Tpaga,tpaga.co,https://tpaga.co,2022-02-21,Series A,10000000,15100000
55e0c109e4b01d1747b26c47,Operand,operand.com,https://www.operand.com/,2025-05-08,Seed,3100000,3100000
55e2c55ee4b02c3556f70953,Joy,withjoy.com,https://withjoy.com,2022-11-30,Series B,60000000,107646476
55e51ff2e4b0d523eed3bc25,Bright,thinkbright.mx,https://www.thinkbright.mx/,2025-10-21,Conventional Debt,15000000,54444805
55ed973be4b050dd29be62e6,TigerEye,tigereye.com,https://www.tigereye.com/,2022-09-08,,,35000000
55efb861e4b0672c6cbc9cd0,Contraline,contraline.com,https://www.contraline.com/,2026-06-02,Series B,92500000,111120000
55f22f22e4b09f268eee9258,Fellow,fellowproducts.com,https://fellowproducts.com,2022-06-15,,,40310000
5602fc07e4b07a6e6dd2582b,Vahan,vahan.co,https://vahan.co,2024-08-27,Series B,14768543,23650543
560cc0e5e4b046a1eaca75bc,Instawork,instawork.com,https://www.instawork.com/,2023-05-18,Series D,60000000,160000000
56132d84e4b0a27881fceb82,Verge Genomics,vergegenomics.com,https://www.vergegenomics.com/,2021-12-16,Series B,98000000,134125000
5622ca59e4b03042c5d34dda,Zenysis Technologies,zenysis.com,https://www.zenysis.com/,2022-06-22,Series B,13300000,22400000
5645894ee4b0376afe66ba6d,Meter Feeder,meterfeeder.com,https://www.meterfeeder.com/,2022-04-19,,,2820000
564c3c00e4b00aedb8ab04f0,Squire,getsquire.com,https://getsquire.com,2024-11-19,Conventional Debt,35000000,140420000
56589f6de4b0a9087dce63fa,Collectly,collectly.co,https://www.collectly.co/,2023-07-21,Series A,29000000,34020000
5678a1ffe4b040b13c7ec4d5,InfluxData,influxdata.com,https://linkedin.com/in/lefanchi,2023-02-07,Conventional Debt,30000000,172988247
56834359e4b05af69a7e1ca9,RoseRocket,roserocket.com,https://roserocket.com,2023-06-20,Series B,38000000,69000000
56844d96e4b0dd6451a438ff,Perceptive IO,perceptive.io,https://www.perceptive.io/,2024-07-30,Series B,30000000,45125000
568c565ce4b0216661f20015,Validere,validere.com,https://www.validere.com/,2022-03-15,,,65120000
569022d8e4b071f24d5371c3,Trebol,gotrebol.com,https://www.gotrebol.com/,2023-05-24,Seed,3000000,3500000
569df8d6e4b01cfeb4c6d1d6,Chowdeck,chowdeck.com,https://chowdeck.com,2025-07-09,Series A,15391835,18391835
569f7dabe4b0f2d13a634df5,Sphere,getsphere.com,https://www.getsphere.com/,2025-11-18,Series A,21000000,25300000
56a03834e4b0f2d13a6357f6,Mindee,mindee.com,https://www.mindee.com/,2023-03-15,Series A,7000000,23366540
56b4c2b9e4b0973b818b7779,Origami Therapeutics,origamitherapeutics.com,https://origamitherapeutics.com,2025-08-25,Grant (prize money),609996,500000
56e1f387e4b0ce203836de17,Thunkable,thunkable.com,https://thunkable.com,2022-02-28,,,41000000
56ec2384e4b0f3e9f8808934,ChatFuel,chatfuel.com,https://chatfuel.com,2025-10-27,Seed,1500000,1620000
56ed16b6e4b074020e5e8dda,Assembled,assembled.com,https://www.assembled.com/,2022-05-26,,,70700000
56ed1cc2e4b03d6641049ed7,Axoni,axoni.com,https://axoni.com,2023-04-26,Series B,20000000,110000000
56f919f8e4b07ae8373e9534,Dynamo,dynamo.ai,https://www.dynamo.ai/,2023-08-16,Series A,15100000,19300000
56f92b41e4b054061426d454,Ledger Investing,ledgerinvesting.com,https://www.ledgerinvesting.com/,2022-06-22,,,95913999
570b8720e4b0b544cd008187,Focal systems,focal.systems,https://focal.systems,2021-12-27,Series B,25800000,28420000
5730d440e4b0ebcaea3236c2,Soundboks,soundboks.com,https://soundboks.com,2023-05-21,Series A,8625177,8625177
5736971ae4b0779362836bf9,Alguna,alguna.com,https://alguna.com,2025-10-10,Seed,4000000,4500000
573db3cae4b069644f1262b4,Raptor Maps,raptormaps.com,https://raptormaps.com,2024-12-10,Series C,35000000,62225000
576eb6dae4b0636b23e93f1d,Laurence,laurence.com,http://laurence.com,2026-06-03,Seed,5800000,6300000
5770b491e4b04330929de1fa,Roofr,roofr.com,https://roofr.com,2023-10-18,Series A,23500000,43870000
577d16e3e4b0a33a70ab22db,Stepful,stepful.com,https://www.stepful.com/,2026-06-08,Series C,55000000,111125000
57a6c348e4b02795330daceb,Multiply Labs,multiplylabs.com,https://multiplylabs.com,2023-04-21,Series A,11100000,41315015
57b4b4fae4b0b7ad1a684357,AesculaTech,aesculatech.com,https://aesculatech.com,2025-04-07,Grant (prize money),1471170,120000
57b6c671e4b0b7ad1a69aff6,Stablegains,stablegains.com,http://stablegains.com,2022-04-22,,,3000000
57bed3e5e4b09c1bd4b90cf4,Elemeno Health,elemenohealth.com,https://www.elemenohealth.com/,2023-11-16,Series A,3350344,21153907
57bed3e6e4b09c1bd4b90cf7,OneChronos,onechronos.com,https://www.onechronos.com/,2024-11-19,Series B,32000000,81444994
57bf7981e4b0c2a28b3233ff,Universe,onuniverse.com,https://www.onuniverse.com/,2021-12-06,,,47200001
57bf8bb6e4b041675325aa16,Topline Pro,toplinepro.com,https://www.toplinepro.com/,2025-08-14,Series B,27000000,49018449
57c143f5e4b0d03ee3ce4eac,Bamboo,investbamboo.com,https://investbamboo.com,2022-01-31,,,17527493
57c3e001e4b0416753273a17,Nova Credit,novacredit.com,https://www.novacredit.com/,2025-10-14,Series D,35000000,156250000
57c67f3de4b0fcf1877bcf3b,BBy,bbyworld.com,https://www.bbyworld.com/,2023-05-25,Seed,3000000,3650000
57c7da80e4b01bb0b87f077d,Koywe,koywe.com,https://www.koywe.com/es,2023-01-10,Seed,1100000,12500000
57c7e6c7e4b00af6f0c517dc,Curacel,curacel.co,https://www.curacel.co/,2023-02-14,Seed,3000000,3950000
57d128fde4b0b73233f123b6,Jasper AI,jasper.ai,https://www.jasper.ai/,2022-05-27,,,142985768
57d64b90e4b0b73233f201b3,Entocylce,entocycle.com,https://entocycle.com,2024-07-23,Series A,2600000,21194700
57d703b5e4b0c17f5e0a3f08,Meru Health,meruhealth.com,https://www.meruhealth.com/,2022-05-10,Grant (prize money),2000000,55429974
57d7f967e4b04d5b6a0218df,HoyTrabajas,hoytrabajas.com,https://hoytrabajas.com,2022-10-14,Seed,5000000,9500000
57db0334e4b0af1418b43f47,Giga AI,giga.ai,https://giga.ai,2025-11-06,Series A,61000000,65100000
57dbe659e4b0501efa4e371a,Upflow,upflow.io,https://upflow.io,2024-04-24,Series A,5000000,22925000
57ddc3fbe4b0585f9e8dfaaf,Bristle,bristlehealth.com,https://www.bristlehealth.com/,2022-07-25,,,3125000
57de11ade4b0297c6dfda0c2,Triomics,triomics.com,https://www.triomics.com/,2026-05-28,Series B,22000000,50879980
57e90e0de4b03b3ad53a66eb,Airthium,airthium.com,https://airthium.com,2024-03-26,Series A,3247650,3367650
57ecf2e8e4b007d2f033c3d3,Inito,inito.com,https://www.inito.com/,2025-12-10,Series B,29000000,45000000
57ee7821e4b033fdac393784,Quindar,quindar.space,https://www.quindar.space/,2025-11-28,Series A,18000000,27000000
57ee9044e4b0524530e52b14,The Ankler,theankler.com,https://theankler.com,2022-06-21,Seed,1500000,1500000
57f107dce4b0d4fb333f5bce,SOMATIC,getsomatic.com,https://getsomatic.com,2025-01-31,Series A,13708487,7200000
57f649cfe4b029664badeb7e,EARTH AI,earth-ai.com,https://earth-ai.com,2024-12-23,Series B,25916696,43372168
58088a0ee4b0840e40cfa83e,Lively,livelyme.com,https://livelyme.com,2021-10-13,Series C,80000000,122200000
580f2bb5e4b03cd165a5c8ce,Glitzi,glitzi.com.mx,https://glitzi.com.mx,2023-06-21,Series A,2800000,2925000
58135bf7e4b086139b223689,Lucid Bots,lucidbots.com,https://www.lucidbots.com/,2026-03-25,Series B,20000000,34000000
581466b3e4b0ada05fa8a650,ego AI,egoai.com,https://www.egoai.com/,2025-10-16,Seed,6700000,6700000
582be3dee4b08ca89d3f5b7d,Shipper,shipper.id,https://shipper.id,2022-03-23,,,131749882
582c08ebe4b0b8897fdaa70c,Breathe Well-Being,breathewellbeing.in,https://www.breathewellbeing.in,2023-01-19,Series A,6137350,12858554
582c56c6e4b0a4b1a21708f3,Latchel,latchel.com,https://latchel.com,2022-07-27,Series A,16700000,41096561
58358b8ce4b0b1901706f0a3,Microverse,microverse.org,https://www.microverse.org/,2022-08-17,Series A,4000000,19850000
5836bd68e4b01307d8aeb666,Shasqi,shasqi.com,https://www.shasqi.com/,2025-11-20,Grant (prize money),1497590,60000000
5836c34ee4b01307d8aebf68,Synvivia,synvivia.com,https://www.synvivia.com/,2024-12-15,Grant (prize money),1640169,174096
583ee5ade4b04855274a928e,Pyka,flypyka.com,https://flypyka.com,2024-09-23,Series B,40000000,88120000
58400f7be4b0efdcb9ba61de,Driver AI,driverai.com,http://driverai.com,2024-04-24,Series A,8269998,8769998
5840606be4b04855274c74b7,Quotabook,quotabook.com,https://quotabook.com,2022-08-17,,,20000000
5840715ee4b05359b9226e87,Cureskin,cureskin.com,https://cureskin.com,2025-12-10,Series B,1210036,30143528
5841b4c6e4b04855274e7858,SFA Therapeutics,sfatherapeutics.com,https://sfatherapeutics.com,2022-06-20,Seed,4000000,4125000
5847e677e4b0485527524047,Supernova,supernova.io,https://www.supernova.io/,2025-09-30,Series A,9200000,22209994
5847ed94e4b0efdcb9bd7c94,Curri,curri.com,https://www.curri.com/,2023-06-06,Series B,42000000,50800000
58490991e4b01921d6867e93,Torch Leadership Labs,torch.io,https://torch.io,2022-05-23,,,79073478
58493afde4b031b3762bba47,Embrace,embrace.io,https://embrace.io,2023-07-13,Series B,20000000,79500000
58494129e4b0d382352bb204,CoinTracker,cointracker.io,https://www.cointracker.io/,2022-01-27,Series A,100000000,101500000
58494f9be4b031b3762bde74,Cortex,cortex.io,https://www.cortex.io/,2024-09-04,Series C,60000000,112250000
584953dee4b031b3762be746,Every,every.io,https://www.every.io/,2024-09-01,Series A,22500000,32000000
58497b70e4b031b3762c13de,Spott,spott.io,https://spott.io,2026-09-22,Series A,21000000,24700000
58497fcee4b031b3762c1799,Fly,fly.io,https://fly.io,2026-07-07,Series D,25000000,115000000
5849aa75e4b021ddd5ca0075,Roboflow,roboflow.com,https://roboflow.com,2024-08-09,Series B,40000000,63554701
584ab588e4b0744078b2dccb,Scispot,scispot.com,https://www.scispot.com/,2026-06-04,Series A,8000000,8125000
584b38b2e4b0744078b3411b,Hotplate,hotplate.com,https://www.hotplate.com/,2022-02-04,Seed,2852000,3002000
584ca04ee4b0744078b44252,SureBright,surebright.com,https://www.surebright.com/,2022-08-31,Seed,2500000,3000000
584dbf03e4b094485d547a93,Release,release.com,https://release.com,2021-10-05,,,22850000
5851a202e4b07ec2a8cdee7a,Coursedog,coursedog.com,https://www.coursedog.com/,2023-03-29,Series B,90000000,112600000
585201e0e4b0d6450172fc70,Clear,clear.in,https://www.clear.in/,2024-03-27,Series C,852179.84,141652179
58528869e4b0744078b9c9d5,Alokai,alokai.com,https://alokai.com,2023-03-23,Series A,20000000,38900000
5853979fe4b09ba844f6ec34,Thrive Agric,thriveagric.com,https://thriveagric.com,2026-08-25,Conventional Debt,3930000,9150000
5853ae26e4b09ba844f70e4a,Corvus Robotics,corvus-robotics.com,https://www.corvus-robotics.com/,2026-08-25,Series B,20000000,48061634
5853b6b3e4b0c5d6eaf270e6,GoLinks,golinks.io,https://www.golinks.io/,2022-02-01,,,27150000
5853eee4e4b0d6450175d770,Snazzy,snazzy.in,https://snazzy.in,2021-12-08,,,2325000
58546f0de4b0744078bc75dc,Atlas,atlascard.com,https://atlascard.com,2024-12-12,Series B,27000000,85899989
58588feae4b0d6450176f628,Central,centralhq.com,https://centralhq.com,2025-08-27,Seed,8600000,9100000
585a04dce4b059a18d18ff1f,Finch,tryfinch.com,https://www.tryfinch.com/,2023-06-07,Series B,3500000,68000000
585a66c6e4b059a18d1a3a12,Vesence,vesence.com,https://www.vesence.com,2025-10-28,Seed,9000000,9000000
585fb6a3e4b0a3382bb2f9c9,AssemblyAI,assemblyai.com,https://www.assemblyai.com/,2023-12-04,Series C,50000000,115000000
585fc5dde4b056d70c01051b,NowPay,nowpay.com,https://nowpay.com,2026-01-22,Series A,20000000,22825000
586024bee4b06c2583cd45cd,Fazz,fazz.com,https://fazz.com,2023-03-02,Series C,5300000,154865820
58609bdce4b0c5ad3ac79637,Rutter,rutter.com,https://www.rutter.com/,2022-03-15,,,28500000
5860bb8ee4b03071e2225859,Orthogonal,orthogonal.com,https://www.orthogonal.com/,2026-06-22,Seed,4300000,4800000
586e5761e4b03071e22c7b09,Flo,joinflo.com,https://www.joinflo.com/,2023-08-08,Series A,4200000,4200000
586f646be4b03071e22d0fa4,Charityvest,charityvest.org,http://charityvest.org,2022-03-14,,,7075998
586fb460e4b031d0f9fe45c5,Rollstack,rollstack.com,https://www.rollstack.com/,2024-10-21,Series A,11000000,26224998
58723d66e4b0c5ad3ace84a1,Wright Electric,weflywright.com,https://www.weflywright.com/,2025-09-16,Grant (prize money),2961310,
5873a60ce4b03071e230f43f,Tenderd,tenderd.com,https://tenderd.com,2024-06-11,Series A,30000000,35920000
5874f959e4b031d0fa028b19,ModernLoop,modernloop.com,https://www.modernloop.com/,2022-08-23,Series A,9000000,12425000
587621d2e4b031d0fa033122,Anja,anjahealth.com,https://www.anjahealth.com/,2022-05-09,,,5000000
58766872e4b031d0fa044f79,Taktile,taktile.com,https://taktile.com,2026-05-18,Series C,110000000,188825000
5880b5e1e4b0e69a9c6108a8,Clipboard Health,clipboardhealth.com,https://www.clipboardhealth.com/,2022-02-01,,,90000000
588202e9e4b004434f11ff68,CoLab Software,colabsoftware.com,https://www.colabsoftware.com,2025-10-09,Series C,72000000,116553759
58820b62e4b0544c0476a136,Bobidi,bobidi.com,http://bobidi.com,2022-07-14,Seed,5800000,5800000
58821e1de4b0544c0477778e,Qfex,qfex.com,https://www.qfex.com/,2026-01-13,Series A,9500000,9500000
58821fcee4b02749aa225f82,Superside,superside.com,https://www.superside.com/,2021-12-14,Series A,30000000,33500000
588239e7e4b02749aa22ef6d,Ping,letsping.com,https://www.letsping.com/,2022-11-09,Seed,15000000,15000000
588388dde4b0a3db251f654e,Fetii,fetii.com,https://fetii.com,2025-02-18,Seed,7350000,8111586
58838a9ce4b07fc4d29d1d32,Houm,houm.com,https://houm.com,2021-11-11,,,44475000
58838d0ae4b099a0c0645dbd,EPICODE,epicode.com,https://epicode.com/it/,2022-03-09,,,12231440
58839193e4b0dd9cce26387d,Novig,novig.com,https://novig.com,2026-02-18,Series B,75000000,75000000
588392f0e4b0a3db251fba29,Aldara,aldara.com,http://aldara.com,2024-01-31,Seed,2925396,2925396
58839b64e4b07ff8d0636ae2,Finny,finny.com,https://finny.com,2025-12-18,Series A,17000000,21800000
5883a238e4b0dc278b8e4a9b,Nomba,nomba.com,https://nomba.com,2026-09-04,Conventional Debt,3000000,42705397
5883a947e4b0dc278b8e8565,GEn1E,gen1e.com,https://www.gen1e.com/,2025-10-21,Series A,5520803,22670826
5883aadae4b0dc278b8e9233,Locale,shoplocale.com,https://www.shoplocale.com/,2022-05-17,,,16125000
5883b3dae4b0dc278b8ede16,10x Science,10xscience.com,https://10xscience.com,2026-04-22,Seed,4800000,5300000
5883bcf1e4b0dd9cce27a356,Reach,reachpower.com,https://reachpower.com,2022-12-02,Series B,30000000,39120000
5883beb3e4b07ff8d0642e1e,Aerones,aerones.com,https://aerones.com,2025-06-03,Series B,62291832,114806842
5883c996e4b099a0c0665665,JITX,jitx.com,https://www.jitx.com/,2022-09-20,Series A,12000000,12150000
5883cb46e4b02749aa256ff1,Material Depot,materialdepot.com,https://materialdepot.com,2025-12-23,Series A,10113874,14120854
5884a862e4b0b5a51f333b53,Artifact,heyartifact.com,https://www.heyartifact.com/,2022-12-15,Seed,5000000,5125000
588719b9e4b099a0c066edda,Aerotime,aerotime.com,https://www.aerotime.com/,2022-06-09,,,2125000
5887213de4b0a3db25225565,Clicoh,clicoh.com,https://www.clicoh.com/,2022-05-23,Series A,25000000,33000000
5887365ee4b00b29f1870ace,Palla Financial,palla.com,https://www.palla.com/,2025-05-28,Series A,14500000,14500000
588738bce4b0dd9cce29a2d2,Pulley,pulley.com,https://pulley.com,2022-07-13,Series B,40000000,50125000
5887557ee4b099a0c068d2f4,General Analysis,generalanalysis.com,https://www.generalanalysis.com/,2026-04-29,Seed,10000000,10000000
58876855e4b0a3db25249471,Usul,usul.com,https://usul.com,2025-05-12,Seed,3300000,3800000
58876868e4b00b29f188982e,Lendflow,lendflow.com,https://www.lendflow.com/,2025-05-19,Conventional Debt,15000000,13000000
58876e58e4b099a0c069988e,Fifth Door,fifthdoor.com,https://fifthdoor.com,2025-11-26,Seed,20000000,20000000
58877183e4b07ff8d066a74d,Ontop,getontop.com,https://www.getontop.com/,2021-10-04,,,26000000
5888a9bbe4b0a3db2525c3cc,Mezmo,mezmo.com,https://www.mezmo.com/,2021-12-06,,,110000000
5888d612e4b00b29f18b2303,Athelas,athelas.com,https://www.athelas.com/,2022-01-31,Series A,132000000,135825000
58893993e4b02749aa2b3d30,Volley,volleygames.com,https://www.volleygames.com/,2024-07-09,Series C,55000000,55000000
58893a9ae4b07fc4d2a7f21f,Tolmo,tolmo.com,https://tolmo.com,2026-06-18,Seed,22000000,22000000
58893afce4b07fc4d2a7f53f,Daybreak Health,daybreakhealth.com,https://www.daybreakhealth.com/,2023-08-08,Series B,13000000,25000000
58893b2be4b02749aa2b45c0,Hubble Network,hubblenetwork.com,http://hubblenetwork.com,2023-05-31,Series A,20000000,20000000
58894ad0e4b00b29f18eccdb,AntWalk,antwalk.com,https://www.antwalk.com,2022-07-06,,,7500000
58894b9fe4b0dd9cce3160f4,Conntour,conntour.com,https://www.conntour.com/,2026-03-26,Seed,7000000,7500000
58895e5ae4b099a0c0703dea,Encord,encord.com,https://encord.com,2025-12-03,Series C,60000000,110000000
58896c86e4b0dd9cce326b9a,SafetyKit,safetykit.com,https://www.safetykit.com/,2025-03-28,Series A,27222287,27722285
58896fc6e4b0dd9cce3286ca,EnsoData,ensodata.com,https://ensodata.com,2025-06-18,Series B,20000001,51062001
588974a9e4b0dd9cce32aeb4,Uplane,uplane.com,https://uplane.com,2026-04-15,Seed,4500000,5000000
58898449e4b00b29f190a31c,Goodcover,goodcover.com,https://www.goodcover.com/,2023-06-28,Series A,1200000,9020000
58898db0e4b0dc278b9b038d,Adentris,adentris.com,https://adentris.com,2025-09-12,Seed,1800000,4000000
588a07dee4b00b29f191e467,Solidroad,solidroad.com,https://www.solidroad.com/,2026-03-16,Series A,31952560,40152560
588a0e80e4b0544c0488ae77,Mito Health,mitohealth.com,https://mitohealth.com,2025-03-18,Seed,2200000,4000000
588a103ee4b07fc4d2abd07c,Matter,getmatter.com,https://hq.getmatter.com/,2021-10-06,Series A,7000000,9150000
588a1ae2e4b0a3db252e7e97,Netomi,netomi.com,https://www.netomi.com/,2026-04-30,Series C,110000000,199272964
588a2202e4b0dd9cce354bbe,Hudu,hudu.com,https://www.hudu.com/,2023-05-03,Series A,5000000,5125000
588a3278e4b0dd9cce35d30b,Numeral,numeral.com,https://www.numeral.com/,2026-09-23,Series C,100000000,157000000
588a457be4b07fc4d2ad8311,Sphinx,sphinxhq.com,https://sphinxhq.com,2026-02-17,Seed,7100000,7599999
588a45e3e4b07ff8d06dfe0e,BotBuilt,botbuilt.com,https://botbuilt.com,2023-12-28,Seed,12400000,12400000
588a5403e4b0dc278b9e6f52,Mighty Health,mightyhealth.com,http://www.mightyhealth.com,2023-01-26,Series B,7600000,10550000
588a6a1fe4b0a3db25311150,Brave Care,bravecare.com,https://bravecare.com,2021-10-07,,,44393000
588a7e22e4b099a0c0767f3d,Private AI,private-ai.com,,2022-11-17,Series A,8000000,11270000
588a8d60e4b0544c048ccafa,Substack,substack.com,https://substack.com,2025-07-17,Series C,100000000,189500092
588ab5c5e4b0dc278ba1a87d,Trustle,trustle.com,https://www.trustle.com/,2023-04-04,Seed,6000000,6150000
588b5bb0e4b0e69a9c6ab973,VergeSense,vergesense.com,https://www.vergesense.com/,2021-11-08,Series C,60000000,82620000
588dad39e4b0dd9cce3b2653,Tennr,tennr.com,https://www.tennr.com/,2025-06-18,Series C,101000000,162000000
588db721e4b07fc4d2b2904c,Helium Health,heliumhealth.com,https://heliumhealth.com,2023-06-05,Series B,30000000,42170000
588dc9fde4b07ff8d071bc82,Saturn,saturnos.com,https://www.saturnos.com/,2025-09-19,Series A,17227486,17823399
588dcba1e4b02749aa32c1f1,Cumbuca,cumbuca.com,https://www.cumbuca.com/,2023-08-24,Seed,3055815,3180815
588dd585e4b0544c04907766,Legacy,givelegacy.com,https://www.givelegacy.com,2024-07-22,Series B,7500000,47650000
588ddbefe4b0dc278ba42ef0,UpEquity,upequity.com,https://www.upequity.com/,2021-10-20,Conventional Debt,30000000,77000000
588de428e4b07ff8d0724d56,Teleport,goteleport.com,https://goteleport.com,2022-05-03,Series C,110000000,169000000
588de7abe4b0dc278ba48f85,Govly,govly.com,https://www.govly.com/,2023-09-07,Series A,13134527,13259527
588dff37e4b07ff8d072e2c0,BloomTech,bloomtech.com,https://www.bloomtech.com/,2024-02-14,Series C,14602342,137092311
58904cc7e4b004434f20badb,ZeroPath,zeropath.com,https://zeropath.com,2024-06-17,Seed,7028000,7528000
58918745e4b09cd6cc5decd3,OneText,onetext.com,https://home.onetext.com,2025-07-08,Seed,4500000,5000000
5891990ee4b0b10da2c18ea8,Arketa,arketa.com,https://www.arketa.com/,2025-03-24,Series A,18175000,18300000
5891a0abe4b0557070178df0,Datafold,datafold.com,https://www.datafold.com/,2025-05-13,Series A,3999986,26099986
5891aa5ee4b0bbf964d5d080,Ballerine,ballerine.com,https://ballerine.com,2023-05-23,Seed,5000000,5500000
5891af9ce4b052b134d8abc0,Prenda,prenda.com,https://www.prenda.com/,2022-11-07,Series B,15999996,88238596
5891b17be4b0f9b8570c4ac1,Revoy,revoy.com,https://www.revoy.com/,2026-07-31,Series A,27000000,27500000
5891d605e4b052b134d9b838,Bayesline,bayesline.com,https://bayesline.com,2026-05-01,Series A,5785478,6285477
5891d963e4b0bbf964d7585d,Bolto,bolto.com,https://www.bolto.com/,2025-03-06,Seed,5100000,5600000
5891dbf5e4b0f9b8570d9836,Simetrik,simetrik.com,https://simetrik.com,2025-06-04,Series B,30000000,114219326
5891edd9e4b09cd6cc611b44,Svix,svix.com,https://www.svix.com/,2023-02-22,Series A,10386993,13138993
5891f1fde4b0bbf964d819c9,rift,rift.com,https://www.rift.com/,2024-07-24,Seed,5000000,5500000
5891f232e4b0bbf964d81db5,Blocktool,blocktool.com,http://blocktool.com,2025-11-24,Series A,6739000,7239000
589204bbe4b09cd6cc61c896,Shiru,shiru.com,https://www.shiru.com/,2024-11-12,Series B,16000000,36650000
58923f89e4b05570701c9c7e,Sygaldry,sygaldry.com,https://sygaldry.com,2026-03-05,Series A,105000000,139000000
58924642e4b0b10da2c6ed9e,Anima,animahealth.com,https://www.animahealth.com/,2024-03-19,Series A,12000000,29110002
589250dae4b09cd6cc63f155,SafeBeat,safebeat.com,https://safebeat.com,2025-08-13,Grant (prize money),2019072,125000
58948ba1e4b07009b43961a0,Starling Medical,starlingmedical.com,https://starlingmedical.com,2026-02-27,Series A,824990,13115596
5896fdb3e4b0fd83390d5b34,Metreecs,metreecs.com,https://www.metreecs.com/,2025-10-03,Seed,3167046,3667046
5897372ae4b0696fca14e82b,Clara,askclara.com,https://askclara.com,2026-05-14,Seed,12000000,12000000
589869b2e4b0fd8339110b75,Cellbyte,cellbyte.com,http://cellbyte.com,2025-11-19,Seed,2750000,3250000
5899cd8ae4b0fd833914cd7e,Turing College,turingcollege.com,https://www.turingcollege.com/,2024-11-06,Grant (prize money),2724850,2575000
589a647be4b08e0cc3592c54,Zaymo,zaymo.com,https://zaymo.com,2023-08-16,Seed,700000,1200000
58a6c89ae4b06be27a8aef57,Pirouette Medical,pirouettemedical.com,http://pirouettemedical.com,2022-05-31,,,2675000
58ad752be4b06be27a962ab7,Ego,ego.live,http://ego.live,2024-05-13,Series A,7538647,7538647
58b10b0de4b06be27a9cb85b,PayMongo,paymongo.com,https://www.paymongo.com/,2022-02-21,,,46000000
58b247a9e4b0b3f0f8b94ba4,Canary Technologies,canarytechnologies.com,https://canarytechnologies.com,2025-06-12,Series D,80000000,175150000
58b5128be4b06be27aa37b30,Basalt Technologies,basalt.space,https://basalt.space,2024-05-30,Seed,3500000,4000000
58b51f81e4b0a76303425add,Concourse Technologies,concourse.co,https://www.concourse.co/,2026-01-27,Series A,12000000,12500000
58b97c5ee4b0b138a4357a7a,Deskimo,deskimo.com,https://www.deskimo.com/,2021-11-17,,,3125000
58b9828ee4b0013e25e31812,Bemlo,bemlo.com,https://www.bemlo.com/,2022-08-02,Seed,3300000,3300000
58ba3d46e4b0b138a43a2cc0,Rinsed,rinsed.com,https://www.rinsed.com/,2023-04-25,Series B,20000000,35000000
58ba4034e4b0013e25e76103,Disclo,disclo.com,https://www.disclo.com/,2022-11-21,Seed,6750000,7250000
58ba4469e4b0b138a43b311c,Gradia,gradia.com,https://gradia.com,2023-07-12,Seed,4200000,4325000
58ba49a1e4b0013e25e8d3d8,Stark Bank,starkbank.com,https://starkbank.com,2022-04-11,Series B,45000000,58192808
58ba4a17e4b0013e25e8e5ea,BlindPay,blindpay.com,https://www.blindpay.com/,2025-08-08,Seed,3300000,3800000
58ba59b3e4b0b138a43e8840,Ziina,ziina.com,https://ziina.com,2024-09-02,Series A,22000000,30475000
58ba6bc4e4b0013e25ee29a5,Shef,shef.com,https://shef.com,2022-06-01,,,102450000
58ba6cede4b041de9c7305b4,Upfort,upfort.com,https://www.upfort.com/,2023-10-26,Series A,8000000,15684688
58ba77dde4b041de9c74f321,Inkeep,inkeep.com,https://inkeep.com,2025-09-05,Seed,13000000,13500000
58ba9175e4b0b138a4474522,Fazeshift,fazeshift.com,https://www.fazeshift.com/,2026-05-07,Series A,17000000,22000000
58ba9627e4b041de9c7a4d68,Garage,shopgarage.com,https://www.shopgarage.com/,2025-07-24,Series A,17840972,17840972
58ba9a71e4b0013e25f53ed8,Nomod,nomod.com,https://nomod.com/en-ae,2021-11-15,,,3525000
58bd0a9de4b041de9c7b64d8,Accord,inaccord.com,https://inaccord.com,2023-01-25,Series A,10000000,17000000
58bd0eeee4b041de9c7bf1f4,Moonshot Brands,moonshotbrands.com,http://moonshotbrands.com,2022-03-15,,,190000000
58bd5f35e4b0276784c0d1f1,UserGems,usergems.com,https://www.usergems.com/,2021-10-26,Series A,20000000,22400000
58bd99dde4b0013e25f73a13,LiveFlow,liveflow.com,https://liveflow.com,2024-09-24,Series A,13500000,17000000
58bda82de4b041de9c7f0aa7,Openlayer,openlayer.com,https://www.openlayer.com/,2025-05-14,Series A,14500000,19425000
58bdb472e4b041de9c810dbe,CrediBook,credibook.com,https://credibook.com,2022-04-05,,,10100000
58bdbf20e4b0013e25fc4da0,Mine,usemine.com,https://usemine.com,2026-01-26,Series A,14000000,32525000
58bdce7ee4b041de9c854aa2,Deepnote,deepnote.com,https://deepnote.com,2022-01-31,,,23800000
58bdcf8fe4b0b138a451f0ad,MedCrypt,medcrypt.com,https://www.medcrypt.com/,2025-02-04,Conventional Debt,8301480,58446804
58bde09fe4b041de9c88436a,Delphia Technologies,delphia.com,https://delphia.com,2022-06-08,,,66199750
58bdf6cfe4b041de9c8bdc68,Ruvo,ruvo.com,https://ruvo.com,2026-02-09,Seed,4600000,5100000
58be0426e4b0b138a45990d8,Draftwise,draftwise.com,https://www.draftwise.com/,2024-03-14,Series A,20000000,25150000
58be09f8e4b041de9c8efe86,nsave,nsave.com,https://www.nsave.com/,2025-01-10,Series A,18031650,22531650
58be0ce3e4b0b138a45ada23,Maverick Metals,maverickmetals.com,http://maverickmetals.com,2025-04-03,Series B,19000000,19000000
58be13fde4b041de9c9096c6,Momento,tumomento.com,https://www.tumomento.com/,2025-08-28,Series A,10250000,21250000
58be1a8de4b041de9c9193a7,Voicepanel,voicepanel.com,https://www.voicepanel.com/,2024-05-06,Seed,2400000,2400000
58be2189e4b041de9c92b4b9,Waterplan,waterplan.com,https://www.waterplan.com/,2023-05-24,Series A,11000000,18514768
58be38dae4b041de9c96410b,Quivr,quivr.com,https://www.quivr.com/,2022-08-24,Seed,3550000,4050000
58be4bd0e4b0b138a463a096,Kunduz,kunduz.com,https://kunduz.com,2022-01-12,Series A,4868916,5018916
58be4ea6e4b0b138a464035a,Hotglue,hotglue.com,https://hotglue.com,2024-10-11,Seed,4000000,5750000
58be5038e4b041de9c9a0490,Novatr,novatr.com,https://www.novatr.com/,2023-04-12,Seed,1200000,1325000
58be547de4b041de9c9ab610,Motion,usemotion.com,https://www.usemotion.com/,2025-09-08,Series C,38000000,101542941
58be5530e4b041de9c9ad3ee,Pirros,pirros.com,https://www.pirros.com/,2023-08-31,Seed,2000000,2000000
58be6f03e4b0b138a4671311,Nanonets,nanonets.com,https://nanonets.com,2024-03-12,Series B,29279129,42000000
58bea1abe4b0b138a46a7e60,Zingbus,zingbus.com,https://www.zingbus.com/,2024-12-16,Series A,9000000,16413230
58bea3eae4b041de9ca10b3d,Paymob,paymob.com,https://paymob.com,2026-09-21,Series B,35000000,126000000
58bea5a5e4b0b138a46b351d,Alixia,alixia.com,https://alixia.com,2024-07-09,Series A,1825445,2575445
58bea5dbe4b0b138a46b3e7e,Encellin,encellin.com,https://www.encellin.com/,2023-09-20,Series A,9939999,18072132
58bea7c2e4b041de9ca1bbd2,FirstWork,firstwork.com,https://www.firstwork.com/,2025-02-27,Seed,5000000,5499998
58beaccce4b041de9ca29de2,Cash Flow Portal,cashflowportal.com,https://cashflowportal.com,2022-04-01,Series A,1475000,5740000
58beb369e4b0dc135c8917c3,Olio,oliolabs.com,http://oliolabs.com,2025-03-20,Series A,4500000,4500000
58beb3cee4b04ba78a38273c,Chongqing Dili Building Materials,dili.com,https://www.dili.com/,2026-07-30,Series A,15000000,21700000
58beb513e4b0fd9735f1be17,Frigade,frigade.com,https://frigade.com,2023-07-23,Seed,3000000,3000000
58beb715e4b068359c2c02c1,New Patel Trading,provision.com,https://provision.com,2025-08-20,Series A,7790677,7790677
58beb8bde4b0dc135c8a12fd,Volopay,volopay.com,https://www.volopay.com/,2022-03-01,Series A,29000000,31250000
58bebb82e4b04ba78a398fb5,Ophelia,ophelia.com,https://ophelia.com,2021-12-14,,,68360805
58bec373e4b0fd9735f45a7a,Claim Health,claimhealth.com,https://www.claimhealth.com/,2026-01-21,Seed,4400000,4900000
58becb5ee4b09d690782ab09,Conta Simples,contasimples.com,https://contasimples.com,2024-01-09,Series B,41500000,68150000
58bece6be4b0e437d8133505,Vori,vori.com,https://www.vori.com/,2026-05-08,Series B,22000000,50000000
58bed607e4b006712cca1f56,EclipseFoods,eclipsefoods.com,https://eclipsefoods.com,2022-06-28,,,60000000
58bedb62e4b0fd9735f7356e,Orderli,orderli.com,https://orderli.com,2023-02-08,Seed,937886,1062886
58bee7d2e4b0e437d8169a98,Tesseral,tesseral.com,https://tesseral.com,2025-05-06,Seed,3300000,3800000
58befcd2e4b08180d90b1e2f,Aurelian,aurelian.com,https://www.aurelian.com/,2025-08-27,Series A,14000000,14000000
58bf0dfbe4b068359c360d04,PermitFlow,permitflow.com,https://www.permitflow.com/,2025-12-02,Series B,54000000,91000000
58bf170de4b04ba78a4338b2,Raycast,raycast.com,https://www.raycast.com/,2024-09-25,Series B,30000000,47825000
58bf1881e4b068359c36a30b,Sheertex,sheertex.com,https://sheertex.com,2022-04-20,,,161000000
58bf2029e4b08180d90d2064,Heyday Health,heydayhealth.com,https://www.heydayhealth.com/,2024-06-24,Series A,12500000,12625000
58bf2487e4b0fd9735fd623f,Craftwork,craftwork.com,https://craftwork.com,2025-01-19,Series A,7000000,17000000
58bf31b2e4b0dc135c95a0ad,Usedots,usedots.com,https://usedots.com,2026-02-26,Series A,8900000,14600000
58bf3455e4b006712cd1f999,D-ID,d-id.com,https://www.d-id.com,2022-03-22,Series B,25000000,48000000
58bf363be4b006712cd20d6e,Hona,hona.com,https://www.hona.com/,2024-04-12,Series A,11217493,11717493
58bf3b71e4b09d69078c1a13,Gaiia,gaiia.com,https://gaiia.com,2026-05-13,Series B,40000000,66200000
58bf4545e4b0a06af30d923f,Balance,getbalance.com,https://www.getbalance.com/,2022-11-23,Conventional Debt,350000000,87000000
58bf464ce4b0fd9736004ff6,Jenfi,jenfi.com,https://jenfi.com,2026-08-11,Conventional Debt,2500000,37900000
58bf497ce4b006712cd4b960,Numida,numida.com,https://ug.numida.com/,2022-09-28,Seed,7300000,10100000
58bf4b22e4b0fd97360132e0,CarbonChain,carbonchain.com,https://www.carbonchain.com/,2023-07-17,Series A,12038996,24188996
58bf4e44e4b0a06af30e7fef,SkydropX,skydropx.com,https://www.skydropx.com/,2021-10-27,Series A,20000000,27000000
58bf4e5de4b006712cd59eeb,Multifactor,multifactor.com,https://multifactor.com,2025-12-04,Seed,15000000,15500000
58bf4e71e4b0fd973601d176,Culdesac,culdesac.com,https://culdesac.com,2022-01-20,Series A,30000000,30150000
58bf5728e4b0fd973603730e,Djamo,djamo.com,https://www.djamo.com/,2026-07-08,Conventional Debt,1500000,34637000
58bf582ee4b0fd973603a407,SigmaOS,sigmaos.com,https://sigmaos.com,2022-11-16,Seed,4000000,4125000
58bf6087e4b0fd9736053835,Parker,getparker.com,https://getparker.com,2024-11-08,Series B,20000000,57000000
58bf655ce4b0e437d823d505,Kinside,kinside.com,https://www.kinside.com/,2022-06-07,,,17258858
58bf680ae4b0e437d8244e24,Kontigo,kontigo.com,https://www.kontigo.com/,2025-12-19,Seed,20000000,20000000
58bf6e75e4b0a06af311eac7,Cactus,oncactus.com,https://oncactus.com,2025-11-05,Seed,7000000,7500000
58bf815ce4b0e437d828e128,Finnt,finnt.com,https://finnt.com,2022-05-11,,,4000000
58bf82e6e4b006712cdf5edd,Four Growers,fourgrowers.com,https://fourgrowers.com,2024-09-09,Series A,9000000,15145345
58bfb6fbe4b0fd97360cf75b,LemFi,lemfi.com,https://lemfi.com/en-us/,2024-10-03,Series B,53000000,86850000
58bfb7b1e4b0dc135c96ed59,Camlist,camlist.com,https://www.camlist.com/,2021-11-25,Seed,1300000,1425000
58bfcac2e4b09d69078e2224,Emerge,emergecareer.com,https://www.emergecareer.com/,2022-11-04,Seed,3200000,3700000
58c03ee1e4b09d69079532d2,Fintoc,fintoc.com,https://fintoc.com,2024-04-25,Series A,7000000,10600000
58c04303e4b0e437d8337aa2,Tandem Space,tandemspace.com,https://tandemspace.com,2025-02-04,Seed,6100000,7350000
58c0434ee4b0fd973615a006,Awesomic,awesomic.com,https://www.awesomic.com/,2023-03-14,Seed,800000,2925000
58c04c3de4b0e437d834a393,Stonly,stonly.com,https://stonly.com,2022-01-26,,,25500000
58c05757e4b0fd973617f269,Abatable,abatable.com,https://abatable.com,2023-04-14,Series A,13500000,16625000
58c11ec5e4b0769c6b275727,Mindset Health,mindsethealth.com,https://www.mindsethealth.com/,2023-03-21,Series A,12000000,18301000
58c12159e4b0769c6b27a319,Rebellyous Foods,rebellyous.com,https://rebellyous.com,2025-01-08,Series B,2400000,30000000
58c17a79e4b072ad0123774c,Olaclick,olaclick.com,https://olaclick.com,2022-05-26,Seed,4400000,4525000
58c182d9e4b0cc07367e9c66,HeyCharge,heycharge.com,https://www.heycharge.com/,2026-02-18,Grant (prize money),2959725,5000000
58c18fd7e4b0cc0736805cd6,Kindly,kindlyhealth.com,https://www.kindlyhealth.com/,2022-07-14,,,4823976
58c191cee4b0cc073680c023,Ralo,ralo.com,https://www.ralo.com/,2026-06-18,Seed,2900000,3400000
58c19c0ee4b057a3f2eeec17,Modern Village,modernvillage.com,http://modernvillage.com,2023-10-10,Series A,1665000,1815000
58dbc7dee4b0371a5708faaf,Players Lounge,playerslounge.com,https://www.playerslounge.com/,2022-07-01,Series A,13797783,31395564
58dbcb85e4b0e8400e2368ea,GuruHotel,guruhotel.com,https://guruhotel.com,2021-12-15,,,2225000
58dbcd00e4b0f9109081251d,Loop,loophealth.com,https://www.loophealth.com/,2022-04-19,Series B,25000000,40926500
58dbcd50e4b0fb1208744921,Ubicloud,ubicloud.com,https://www.ubicloud.com/,2024-03-05,Seed,16000000,16000000
58dbd046e4b0e8400e242ce5,TrueNorth,gettruenorth.com,http://gettruenorth.com,2021-12-08,,,62225000
58dbd066e4b0371a570a653f,Vector,vectorlegal.com,https://vectorlegal.com,2026-07-30,Seed,5190000,5690000
58dbd8bae4b0f910908317b8,Kodex,kodexglobal.com,https://www.kodexglobal.com/,2025-09-04,Series A,21199989,31324989
58dbd948e4b0f91090832fc2,Harmoney,harmoney.in,https://www.harmoney.in/,2024-12-03,Seed,5300000,5800000
58dbdc7de4b0371a570c62e2,Dropback,dropback.com,https://www.dropback.com/,2024-11-30,Seed,1600000,1600000
58dbe62ce4b0f91090855841,Brandazine,brandazine.com,https://www.brandazine.com/en,2026-04-09,Series A,6312050,6812050
58dbf364e4b04b320f91e43c,Aspora,aspora.com,https://www.aspora.com/,2025-06-15,Series B,53000000,99000000
58dbfc16e4b0371a5711910a,Lemon Slice,lemonslice.com,https://lemonslice.com,2025-12-23,Seed,10500000,10500000
58dc0cf9e4b04b320f9627b0,Dagger,dagger.io,https://dagger.io,2022-03-30,Series A,20000000,30392681
58dc0d48e4b0371a5714760f,Redbird,redbird.io,https://www.redbird.io/,2022-10-13,Seed,7600000,7600000
58dc0d7de4b0e8400e2e37a5,LiveFlow,liveflow.io,http://liveflow.io,2024-09-24,Series A,13500000,17125000
58dc0dc8e4b0f910908bf778,Postscript,postscript.io,https://postscript.io,2022-06-15,Series C,65000000,117129901
58dc2594e4b0fb12087fc858,EdgeBit,edgebit.io,https://edgebit.io,2024-10-08,Seed,3100000,3600000
58dca575e4b0e8400e2fa81c,UBITS,ubits.com,https://ubits.com,2022-01-13,Series B,25000000,32601129
58dcaa34e4b0371a5715c598,Cashfree Payments,cashfree.com,https://www.cashfree.com/,2025-02-05,Series C,23000004,100000000
58dcabf9e4b0fb1208814ae2,DreamCraft,dreamcraft.com,https://www.dreamcraft.com/,2021-11-17,Series A,10000000,15000000
58dcacede4b0f20e4f08da67,Gainful,gainful.com,https://www.gainful.com/,2025-03-12,Series A,952084,11000000
58dcb050e4b0f910908ef206,VoiceOps,voiceops.com,https://www.voiceops.com/,2025-03-25,Series A,5000000,16095000
58dcb7b3e4b0e8400e32aace,Helium,tryhelium.com,https://tryhelium.com,2025-07-22,Series A,5402999,5902999
58dcbf9ae4b04b320f9b1c7c,Belvo,belvo.com,https://belvo.com,2025-04-16,Series A,14989304,74281350
58dcca02e4b0371a571b0f20,Castia,castia.com,http://castia.com,2022-06-24,,,5200000
58dccae0e4b0371a571b3424,CloudCruise,cloudcruise.com,https://cloudcruise.com,2026-03-19,Seed,5000000,5500000
58dcdb5de4b0f9109096359a,Revyl,revyl.com,https://revyl.com,2024-10-28,Seed,1100000,1600000
58dce0c5e4b0f20e4f117624,River Markets,rivermarkets.com,https://www.rivermarkets.com/,2026-07-01,Seed,8500000,9000000
58dce53be4b04b320fa15937,Sazabi,sazabi.com,https://www.sazabi.com/,2026-06-25,Seed,8000000,8000000
58dce9b6e4b0e8400e3adcba,Doola,doola.com,https://doola.com,2024-01-09,Series A,1000000,12000000
58dcef00e4b0f91090997f18,Chari,chari.com,https://chari.com,2025-10-15,Series A,12000000,19740000
58dcefb2e4b0e8400e3bd8c1,Resend,resend.com,https://resend.com,2024-12-04,Series A,18000000,21000000
58dcf544e4b0372f4ea49212,TRACTIAN,tractian.com,https://tractian.com/en,2024-11-22,Series C,122859946,196184946
58dcf98ee4b0dcc46c679543,Fortuna Health,fortunahealth.com,https://www.fortunahealth.com/,2025-07-18,Series A,18275489,22275489
58dcfc9de4b004e81d3fbedb,Onebrief,onebrief.com,https://www.onebrief.com/,2025-04-22,Series C,23581422,113280058
58dcfd32e4b0372f4ea61d6c,ReactWise,reactwise.com,https://www.reactwise.com/,2025-03-17,Seed,3400000,5323000
58dd02ebe4b04ae5aaeeb561,Enode,enode.com,https://enode.com,2022-11-02,Series A,15000000,17294120
58dd038ae4b04ae5aaeed4fc,Rejuvenation Technologies,rejuvenationtech.com,https://rejuvenationtech.com,2024-08-01,Grant (prize money),1084194,15200000
58dd0493e4b0372f4ea78dce,Reality Defender,realitydefender.com,https://www.realitydefender.com/,2024-08-19,Series A,33000000,52424966
58dd052be4b04ae5aaef2715,Nino's Food Distribution,ninosfoods.com,https://ninosfoods.com,2021-12-13,,,1600000
58dd15dae4b0dcc46c6d1dd1,Fondo,fondo.com,https://fondo.com,2024-11-22,Conventional Debt,2400000,4600000
58dd16a2e4b0372f4eab103a,QuickNode,quicknode.com,https://www.quicknode.com/,2023-01-24,Series B,60000000,105774988
58dd216ae4b0d836de3d7345,Datlo,datlo.com,https://datlo.com,2025-05-14,Seed,710000,835000
58dd2299e4b0dcc46c6f9ef0,Glide,glideapps.com,https://www.glideapps.com/,2022-04-21,Series A,20000000,20150000
58dd22a7e4b0816fe52f9b92,Spaceium,spaceium.com,https://spaceium.com,2025-01-24,Seed,6300000,6800000
58dd27c9e4b0372f4eae6820,WorkPay,myworkpay.com,https://myworkpay.com,2024-06-12,Series A,8819249,13869249
58dd2b44e4b0d836de3f619a,Cerrion,cerrion.com,https://www.cerrion.com/,2025-11-25,Series A,18000000,23500000
58dd2e9de4b004e81d499724,Cogram,cogram.com,https://cogram.com,2022-04-30,Seed,4500000,5000000
58dd33c7e4b0372f4eb0b8ef,Greenboard,greenboard.com,https://www.greenboard.com/,2026-05-13,Series A,15500000,20000000
58dd33e6e4b004e81d4aa1f2,Stairs Financial,stairsfinancial.com,http://stairsfinancial.com,2024-01-29,Seed,3500000,4000000
58dd3b6ce4b0dcc46c7475f7,PROVEN,provenskincare.com,https://www.provenskincare.com/,2023-09-12,Series A,12200000,23320000
58dd4414e4b0d836de443d56,Oddpool,oddpool.com,https://www.oddpool.com/,2026-09-04,Seed,3000000,3500000
58dd456de4b0816fe5364ce3,Terminal,withterminal.com,https://www.withterminal.com/,2026-07-29,Series A,20000000,26000000
58dd4811e4b0372f4eb4a539,Stellar Sleep,stellarsleep.com,https://stellarsleep.com,2024-02-06,Seed,6000000,6500000
58dd4e73e4b04ae5aafdabe9,FLOWER,flowercompany.com,https://flowercompany.com,2021-12-21,Series A,16000000,16150000
58dd4f4ee4b004e81d4ffa85,Greptile,greptile.com,https://www.greptile.com/,2026-08-14,Series B,40000000,85513374
58dd52aee4b0d836de471945,GitStart,gitstart.com,https://gitstart.com,2022-05-12,,,5150000
58dd5c5ae4b0372f4eb89009,Autotab,autotab.com,https://www.autotab.com/,2024-02-15,Seed,1000000,1000000
58dd5e2be4b0372f4eb8e947,VedaBio,vedabio.com,https://www.vedabio.com/,2023-10-17,Series A,40000000,40125000
58dd628be4b0dcc46c7c112e,Paradigm,paradigmai.com,https://www.paradigmai.com/,2025-08-18,Seed,5000000,7000000
58dd6918e4b04ae5ab02ecf7,Luca,askluca.com,https://askluca.com,2023-04-27,Seed,2500000,3000000
58dd6b56e4b04ae5ab035db2,QuestDB,questdb.com,https://questdb.com,2021-11-03,Series A,12000000,14800000
58dd6e13e4b0d836de4c6e9d,Flagright,flagright.com,https://www.flagright.com/,2026-06-17,Series A,12500000,20100000
58dd6ecde4b0d836de4c933a,Rise Media & Factory Group,rmfg.com,https://www.rmfg.com/,2025-12-04,Seed,4500000,4500000
58dd6ef4e4b04ae5ab0414ac,Kitchenful,kitchenful.com,http://kitchenful.com,2021-10-21,,,2900000
58dd7098e4b004e81d5669c3,Pesto,getpesto.com,https://getpesto.com,2023-05-25,Series A,11000000,11000000
58dd73bfe4b0372f4ebd1053,Manufact,manufact.com,https://manufact.com,2026-02-12,Seed,6300000,6300000
58dd76c4e4b0372f4ebda550,Peeba,peeba.com,https://peeba.com,2022-04-07,,,5800000
58dd84a1e4b004e81d5a504e,Afriex,afriex.com,https://www.afriex.com/,2022-04-25,Series A,10000000,11350000
58dd87c6e4b0816fe5430dd7,Double,doublehq.com,http://doublehq.com,2025-12-11,Series A,6500000,12500000
58dd8b38e4b0d836de522ba5,LootRush,lootrush.com,https://www.lootrush.com/,2022-05-05,Seed,12000000,12000000
58dd95d8e4b0dcc46c86111b,Credpal,credpal.com,https://credpal.com,2022-03-29,Series A,15000000,16560000
58dd96c8e4b04ae5ab0c021f,ContraForce,contraforce.com,https://www.contraforce.com/,2024-10-31,Seed,3250000,5375000
58dd96d1e4b0372f4ec3df9d,GrazeMate,grazemate.com,https://grazemate.com,2026-01-14,Seed,1200000,1200000
58dd9c9fe4b0dcc46c876601,SnapCalorie,snapcalorie.com,https://www.snapcalorie.com,2023-06-26,Seed,2000000,2125000
58ddad8be4b04ae5ab108d21,HUBUC,hubuc.com,https://www.hubuc.com/,2022-02-24,Seed,10000000,10395570
58ddb409e4b0d836de5a3e48,Cofactr,cofactr.com,https://www.cofactr.com/,2024-10-01,Series A,17208303,32799972
58ddb621e4b0dcc46c8c6837,Encuadrado,encuadrado.com,https://www.encuadrado.com,2021-11-02,,,1625000
58ddc330e4b0dcc46c8ef7c7,Zerobroker,zerobroker.com,https://www.zerobroker.com/,2023-09-27,Seed,6500000,6625000
58ddc506e4b0816fe54eed50,Happl,happl.com,https://happl.com,2026-05-13,Series A,11000000,16500000
58ddc588e4b04ae5ab155822,Passiv,passiv.com,https://passiv.com,2022-10-17,Seed,2200000,2700000
58ddc6c9e4b0816fe54f44c3,Mino Games,minogames.com,https://www.minogames.com,2023-02-09,Series B,15000000,48470000
58ddc853e4b0d836de5e40d7,Exosonic,exosonic.com,http://exosonic.com,2022-05-06,,,4125000
58ddd081e4b0dcc46c919519,Archil,archil.com,https://archil.com,2026-04-21,Series A,11000000,18000000
58ddd41de4b004e81d69f26b,Calii,calii.com,https://app.calii.com,2022-01-21,Series A,22500000,35000000
58ddf026e4b0dcc46c95442f,OpenReplay,openreplay.com,https://openreplay.com,2022-06-28,,,4850000
58de00bfe4b004e81d7039e6,Bite Ninja,biteninja.com,https://www.biteninja.com/,2022-08-21,Series A,11300000,15975000
58de031ce4b0b2d87551933a,withpoly,withpoly.com,http://withpoly.com,2022-09-01,,,4000000
58de06bfe4b0b2d875524a60,Lightdash,lightdash.com,https://www.lightdash.com/,2024-08-01,Series A,11000000,19400000
58de0ad4e4b0d836de68dc37,Pulse,runpulse.com,https://www.runpulse.com/,2025-02-19,Seed,3900000,3900000
58de0b1fe4b0109668868a7c,Govdash,govdash.com,https://www.govdash.com/,2026-01-15,Series B,30000000,40000000
58de0ff4e4b0109668877da1,Respaid,respaid.com,https://respaid.com,2023-03-14,Seed,2677725,3177725
58de1677e4b0b2d875556324,Givefront,givefront.com,https://givefront.com,2025-12-18,Seed,2000000,2500000
58de2d57e4b004e81d789341,Model ML,modelml.com,https://www.modelml.com/,2025-11-24,Series A,75000000,100000000
58de5936e4b027db5f70bc74,TesterArmy,tester.army,https://tester.army,2026-09-15,Seed,1200000,1700000
58de6535e4b027db5f714e1c,Rewbi,rewbi.com,https://www.rewbi.com/,2025-05-06,Seed,4000000,4500000
58de88a3e4b0b2d87561ce34,Fleetzero,fleetzero.com,https://www.fleetzero.com/,2026-01-16,Series A,43000000,59588983
58deb154e4b0816fe5698cb8,Legion Health,legionhealth.com,https://legionhealth.com,2026-06-17,Series A,16015934,18140934
58df2075e4b027db5f749833,Alga Biosciences,alga.bio,https://www.alga.bio/,2023-04-06,Seed,4000000,4000000
58f4c890e4b05d1235cb0d95,222,222.place,https://222.place,2022-11-14,Seed,1450000,1450000
58f5d00ee4b06e8e508a3086,Defy,defy.club,https://defy.club,2021-11-18,,,6000000
58ff53a7e4b0038fcd3b9937,kapa.ai,kapa.ai,https://www.kapa.ai/,2024-10-03,Seed,3200000,3700000
58ff8847e4b0d90be4067787,Henry AI,henry.ai,https://www.henry.ai/,2026-07-30,Series A,16500000,21000000
58ff8af0e4b084f53a2951f2,UpCodes,up.codes,https://up.codes,2023-05-30,Series A,3500000,4150000
58ffb6b9e4b07ccdc564ac7c,Beam,beam.cloud,https://www.beam.cloud/,2022-05-10,Seed,3500000,4000000
5901c809e4b008f517e5cdb3,DigiBuild,digibuild.com,https://digibuild.com,2022-07-25,Seed,4000000,5575000
5901de7ce4b008f517e6104a,Escape,escape.tech,https://escape.tech,2026-01-13,Series A,18000000,22400000
5901df05e4b0038fcd4be141,Breadfast,breadfast.com,https://www.breadfast.com/,2026-02-17,Series B,50000000,86150000
59020076e4b06e69202f33a8,Vantel,vantel.com,https://www.vantel.com/,2025-03-12,Seed,2000000,2000000
59035a5ee4b05bd9cfbc1ec5,Middleware,middleware.io,https://middleware.io,2023-08-10,Seed,6500000,7000000
59036390e4b01a735f4de85d,BaseDash,basedash.com,https://www.basedash.com/,2023-05-17,Seed,4500000,4650000
59036714e4b0292c98cdce2c,Cheetah,gocheetah.com,https://gocheetah.com,2024-05-10,Series C,14000000,140020000
590380c1e4b0489ab6ab42c1,AiSDR,aisdr.com,https://aisdr.com,2023-11-28,Seed,3000000,3200000
5903a8dce4b00ef0bd927acd,Recurrency,recurrency.com,https://www.recurrency.com/,2023-02-01,Series A,22000000,22000000
5903a916e4b0465c9ce18c01,Veritus,veritus.com,http://veritus.com,2026-02-07,Seed,10100000,10100000
5903b422e4b0096bd00788a4,Veriff,veriff.com,https://www.veriff.com/,2022-01-26,,,200000000
5903b661e4b0292c98cfe34f,Common Paper,commonpaper.com,https://commonpaper.com,2022-03-01,Seed,4500000,4500000
5903ba20e4b00747a02f520d,Luminai,luminai.com,https://www.luminai.com/,2026-04-09,Series B,38000000,62059980
5903bd18e4b0b286e8a5a518,Boostly,boostly.com,https://www.boostly.com/,2025-01-29,Series A,22000000,28100000
5903c57de4b0bcc83eeb17b0,Inth,inth.com,https://inth.com,2026-04-01,Seed,1200000,1200000
5903c652e4b05bd9cfbee473,Alaan,alaan.com,https://www.alaan.com/,2025-08-05,Series A,48000000,55000000
5903cebee4b044ce9d644059,AgendaPro,agendapro.com,https://agendapro.com/en,2025-08-20,Series B,35000000,41000000
5903dd73e4b0a9f300ed3020,Command Bar,commandbar.com,http://commandbar.com,2022-04-28,,,23800000
5903df89e4b0481642e01523,Easol,easol.com,http://easol.com,2024-02-29,Series A,30000000,59500000
5903e7f4e4b02fcae1a3f3c9,Dumme,dumme.com,https://dumme.com,2023-06-02,Seed,3400000,3900000
5903e891e4b01a735f51e95f,Finary,finary.com,https://finary.com/fr,2025-07-28,Series B,29354250,44960680
5903f801e4b003a0a1ba0a3c,Variance,variance.com,https://variance.com,2026-03-31,Series A,21500000,26000000
5903f93de4b0465c9ce433f0,Airbyte,airbyte.com,https://airbyte.com,2021-12-17,Series B,150000000,181475000
5903fff1e4b0bcc83eed1368,Bretton AI,bretton.com,https://www.bretton.com/,2026-02-10,Series B,75000000,94819999
59040260e4b00ef0bd9552f6,Rebill,rebill.com,https://www.rebill.com/en,2022-08-18,Series A,3600000,3600000
59040444e4b0489ab6af3c4c,Aleph,getaleph.com,https://www.getaleph.com/,2025-09-10,Series B,29236491,46068491
5904b2b4e4b02172cee341fa,Autonomous Technologies Group,atg.science,https://atg.science,2026-01-07,Seed,15000000,15000000
5904cc81e4b0481642ef1e50,Cleva,getcleva.com,https://getcleva.com,2024-01-08,Seed,1500000,1500000
5904d5c1e4b017bc16259517,Tandem,tandem.space,https://tandem.space,2025-02-04,Seed,6100000,7350000
5904de85e4b05c77fbcafbeb,Drifting in Space,driftingin.space,https://driftingin.space,2022-08-11,,,3000000
5904e0f9e4b00747a0428294,Cascade Space,cascade.space,https://cascade.space,2025-07-24,Seed,5900000,5900000
5904e6a2e4b00c9ed50784ad,PostHog,posthog.com,https://posthog.com,2025-09-29,Series E,75000000,194000000
5904e824e4b05bd9cfd2bc1a,SalesPatriot,salespatriot.com,https://salespatriot.com,2025-10-28,Seed,5000000,6283548
5904e913e4b01732a70cb0c8,Certainly Health,certainlyhealth.com,https://certainlyhealth.com,2023-12-13,Seed,2300000,2300000
5904f0f6e4b0b66b2cf092f4,voize,voize.de,https://www.voize.de/,2025-11-17,Series A,50000000,59500000
59050483e4b00ef0bdab3a34,Runway,runway.team,https://www.runway.team/,2021-11-16,,,2125000
59050e00e4b0481642f859c6,Facio,facio.com.br,https://facio.com.br,2024-07-29,Series B,11052800,20496254
590515a8e4b0292c98eacfb7,Daedalus,daedalus.de,https://daedalus.de,2024-02-08,Series A,21000000,32625000
59051e98e4b01732a7147594,Spline,spline.design,https://spline.design,2024-06-27,Series A,16032940,32000000
59053052e4b0b66b2cf9bd21,ZBiotics,zbiotics.com,https://zbiotics.com,2024-08-27,Series A,12000000,40334476
59054090e4b095f1bce0105f,Theseus,theseus.us,https://www.theseus.us/,2025-04-17,Seed,4300000,4799999
590554f4e4b00ef0bdb737e1,BuildStream,buildstream.co,https://www.buildstream.co/,2022-01-18,,,2252447
59055768e4b02fcae1c6fbad,Oxygen,oxygen.us,https://oxygen.us,2023-02-03,Series B,20000000,53355944
59055f05e4b01a735f76389c,WAZA,waza.co,https://waza.co,2024-08-19,Venture Debt,5000000,4200000
590561fde4b00c9ed519f609,Orangewood Labs,orangewood.co,https://www.orangewood.co/,2023-08-02,Series A,4500000,4650000
59056572e4b00747a0562bcf,Pump,pump.co,https://www.pump.co/,2022-03-29,Seed,1500000,1715000
59057156e4b05bd9cfe77017,Vector,vector.co,https://www.vector.co/,2026-05-13,Series A,10000000,10500000
590571dce4b00c9ed51c9d9a,Float,float.co,https://float.co,2024-04-16,Conventional Debt,11000000,7125000
59057d38e4b00747a05a0a16,Daily,daily.co,https://www.daily.co/,2021-11-10,,,62220000
59058afbe4b01732a72595e5,Swadesh,swadesh.co,https://www.swadesh.co/,2022-07-13,Seed,2250000,2250000
59059bcbe4b066e98ef29927,Anchor,getanchor.co,https://getanchor.co,2023-09-04,Seed,2400000,3900000
59059bd2e4b0bcc83f1aaf46,Positive,positive.co,https://www.positive.co/,2022-08-12,Series A,7000000,7150000
59059e16e4b003a0a1e82d28,General Legal,general.legal,https://general.legal,2026-03-26,Seed,11500000,12000000
5905b16ee4b01732a72b795e,Kamion,kamion.co,https://www.kamion.co/en/,2022-12-13,Seed,2000000,2501182
5905b541e4b01a735f83effe,Keye,keye.co,https://www.keye.co/,2025-07-29,Seed,5000000,5650000
5905b904e4b095f1bcf33f7b,Letter,letter.co,https://letter.co,2022-01-24,,,1618000
5905b953e4b02172cf0b6ba3,Venue,venue.live,https://www.venue.live/,2022-08-17,,,4500000
5905bb03e4b066e98ef73505,Noya,noya.co,https://www.noya.co,2023-03-02,Series A,21988934,22113934
5905be8ee4b095f1bcf3e45c,Didit,didit.me,https://didit.me,2026-05-26,Seed,7450112,9450112
5905cac2e4b02ce7b125900d,Artisan,artisan.co,https://www.artisan.co,2025-04-09,Series A,25000000,46100000
5905cd40e4b0292c99061fd7,Warp,warp.co,https://www.warp.co/,2026-06-26,Series C,60000000,85000000
5905d595e4b02ce7b12673da,Atomic,atomic.industries,https://atomic.industries,2025-09-23,Series A,25000000,45200000
5905d8d7e4b00ef0bdca0171,Trii,trii.co,https://trii.co,2022-11-18,Seed,3000000,7625000
5905e1c1e4b044ce9d9b5ca1,Intellect,intellect.co,https://intellect.co,2022-07-11,Series A,10000000,22200000
5905eb42e4b017bc164caf12,Grey,grey.co,https://grey.co,2022-08-29,Seed,2000000,2500000
59061c8ee4b00ef0bdce2ed4,Stream,stream.claims,https://www.stream.claims/,2024-10-24,Seed,5300000,6800000
59066cb3e4b00c9ed52ff24d,Phoenix,phoenix.ca,https://www.phoenix.ca/,2025-03-13,Series A,34689950,34914950
59067b9ee4b0465c9d1f8802,Pandai,pandai.org,https://my.pandai.org/,2022-01-05,Seed,2000000,2125000
59068391e4b02172cf151a04,Ozone,ozone.pro,https://ozone.pro,2023-11-08,Seed,7100000,7600000
59068e62e4b095f1bcfdb42d,C16 Biosciences,c16bio.com,https://www.c16bio.com/,2024-01-24,Grant (prize money),3500000,29099409
59068fc9e4b0b286e8e4507f,Kernel,kernel.sh,https://www.kernel.sh/,2025-10-15,Series A,22000000,22000000
59069e3ce4b02ce7b12f707d,SafetyWing,safetywing.com,https://safetywing.com,2022-04-23,Series B,35000000,47120000
5906a3d2e4b0465c9d223e9a,Compound,compoundplanning.com,https://compoundplanning.com,2022-01-27,,,37125000
5906a798e4b02ce7b1301468,Gordian,gordiansoftware.com,https://www.gordiansoftware.com/,2022-07-19,,,33000000
5906b2dfe4b01732a7398585,Dripos,dripos.com,https://www.dripos.com/,2024-04-24,Series A,11000000,17300000
5906b460e4b0b286e8e6cd79,MindsDB,mindsdb.com,https://mindsdb.com,2023-09-01,Series A,5000000,53675000
5906bd0de4b066e98f0492c1,ShoprTV,shopr.tv,http://shopr.tv,2022-10-18,Seed,1700000,2200000
590a99fbe4b0425718b42d80,AstroForge,astroforge.com,https://www.astroforge.com/,2024-07-23,Series A,42487993,55987993
5922a6e8e4b0e15885291fd5,Unify,unify.ai,https://unify.ai,2024-06-07,Series A,8000000,8500000
59231befe4b01889882ea856,Biobot Analytics,biobot.io,https://biobot.io,2025-05-23,Series A,13451355,42690799
593ad091e4b05f62f05a6df3,Ambient AI,ambient.ai,https://www.ambient.ai/,2025-04-01,Series B,74000000,146120000
593b4bf5e4b05f62f05d75fc,Spect,getspect.com,http://getspect.com,2021-11-30,,,5180000
593c2ecbe4b09f6288557aed,Ollama,ollama.com,https://ollama.com,2026-07-09,Series B,65000000,88000000
5940e050e4b09067218e403c,Kernel,onkernel.com,http://onkernel.com,2025-10-09,Series A,22000000,22500000
594aab62e4b082d4eb4d438b,Baubap,baubap.com,https://www.baubap.com/,2026-06-30,Conventional Debt,23000000,3795000
59510795e4b054620a58ffdc,Wyndly,wyndly.com,https://www.wyndly.com/,2023-02-08,Series A,2000000,2125000
5952f799e4b054620a5d9afb,Request Network,request.network,https://request.network,2022-06-09,Seed,5500000,5620000
5959b5cae4b0fe355662d120,RelianceHMO,reliancehmo.com,http://reliancehmo.com,2022-02-07,,,48000000
595e6926e4b08be09526f694,Lucis,lucis.life,https://www.lucis.life/,2026-05-26,Series A,20000000,29000000
595f82dde4b07bf7d766286b,Betterhalf,betterhalf.ai,https://play.google.com/store/search?q=betterhalf&c=apps&hl=en_IN,2023-03-01,Series A,8500000,11500000
5970e586e4b0ba8ec7af7815,Bluebook,getbluebook.com,https://getbluebook.com,2025-02-13,Seed,3000000,3000000
5970eeb2e4b0ba8ec7afdcac,Mighty Buildings,mightybuildings.com,https://www.mightybuildings.com,2024-01-08,Grant (prize money),5000000,150000000
5975f1e1e4b045e04946ff42,MindFi,mindfi.co,https://mindfi.co,2022-02-14,,,3075000
59772f13e4b0d887a90ca34e,Aviron,avironactive.com,https://www.avironactive.com/,2021-12-01,Series A,18500000,23500000
5978ac2fe4b07f546a799ac7,Momo Medical,momomedical.com,https://momomedical.com,2024-08-30,Series A,8891000,9016000
5978b395e4b0d887a90d8000,Paxai,paxai.com,https://www.paxai.com/,2025-04-09,Seed,4500000,4999997
5978c892e4b054d09074fc4a,Mozart Data,mozartdata.com,https://mozartdata.com,2022-04-27,,,21000000
59799264e4b0310c4c94a8d5,ShipBlu,shipblu.com,https://shipblu.com,2021-10-31,Seed,2400000,2525000
597e4fbae4b08cc28598ea6c,Landeed,landeed.com,https://www.landeed.com/,2025-01-23,Series A,5000000,16300000
597fca76e4b0f9850465e536,Zendar,zendar.io,https://zendar.io,2022-01-26,Series B,4000000,22668855
5981e0f2e4b08cc285a09092,Flextock,flextock.com,https://www.flextock.com/,2026-02-17,Series A,12600000,15975000
59895776e4b0bdbf35a330fc,Altro,altro.io,https://www.altro.io/,2024-03-07,Series A,4000000,24650000
599092b9e4b0d3467847ea8f,Mahaana,mahaana.com,https://www.mahaana.com/,2022-08-23,,,2600000
5994a07ce4b0b82b384b2201,Feroot,feroot.com,https://feroot.com,2022-02-28,Seed,11000000,13500000
59a720c6e4b07b410eb0b204,Arpeggio,arpeggiobio.com,https://www.arpeggiobio.com/,2025-11-12,Series B,20037075,49482383
59a76b45e4b07b410eb2c965,Baraka,getbaraka.com,https://getbaraka.com,2022-11-16,Series A,20000000,25000000
59ad4472e4b0b6d721a09d16,Massdriver,massdriver.cloud,https://www.massdriver.cloud/,2023-08-22,Series A,8000000,12500000
59afa585e4b0be98e9e51e5f,VenoStent,venostent.com,https://www.venostent.com/,2026-04-10,Series A,10000000,33361753
59b28f26e4b09418ab005a06,Hubla,hub.la,https://lp.hub.la,2021-11-26,,,12834500
59b8f259e4b0a111d643de04,Novig,novig.us,https://www.novig.us/,2026-02-18,Series B,75000000,105900000
59bbc75de4b02022d7491763,CellChorus,cellchorus.com,https://cellchorus.com,2025-09-16,Grant (prize money),1334242,125000
59bd1a49e4b02022d74c7fe8,Nash,usenash.com,http://usenash.com,2022-07-26,,,20125000
59c11c5be4b02f2e9ef8a32a,Female Invest,femaleinvest.com,https://www.femaleinvest.com/,2024-07-15,Series A,15751088,24987928
59cb95eee4b02f2e9f1f0281,CaptivateIQ,captivateiq.com,https://www.captivateiq.com/,2022-01-26,,,164600000
59cf96c6e4b03c8ff2e7a61a,Convictional,convictional.com,https://get.convictional.com/,2022-02-17,,,49104670
59cfeab3e4b03c8ff2ea2133,RevenueCat,revenuecat.com,https://www.revenuecat.com/,2025-05-22,Series C,50000000,119499980
59df5b8fe4b0f0e8b88d14d2,Treasury Prime,treasuryprime.com,https://www.treasuryprime.com/,2022-09-09,,,71500000
59e35229e4b0f0e8b89a7239,BUNKERHILL,bunkerhillhealth.com,https://www.bunkerhillhealth.com/,2026-07-16,Series B,25000000,55000000
59e89dd0e4b0181134444d89,Amanli.com,amenli.com,https://www.amenli.com/,2024-11-18,Series A,2300000,5725000
59e92ccce4b01811344686fc,Chariot Giving,givechariot.com,https://www.givechariot.com/,2024-04-19,Series A,10999978,11499978
59f0be4fe4b0762b9c0a6a4a,ExcepGen,excepgen.com,https://www.excepgen.com/,2023-08-24,Series A,4000000,14000000
59f2388ae4b0261af28a52da,Flower,flower.ai,https://flower.ai,2024-02-16,Series A,20000000,24100000
59f32165e4b0762b9c11816f,AiPrise,aiprise.com,https://www.aiprise.com/,2025-10-08,Series A,12500000,13000000
59fb16ebe4b0a3a73349f85f,Veria Labs,verialabs.com,https://verialabs.com,2026-02-09,Seed,3200000,3700000
59fb1d97e4b0a3a7334a340a,Sixfold Bioscience,sixfold.bio,https://www.sixfold.bio/,2021-12-02,Seed,2200000,10500000
59fb5117e4b0672c3a599f98,Orchard,orchard.ai,https://www.orchard.ai/,2025-09-03,Series A,22000000,25920000
5a0e04dfe4b072010a1693f6,Fintual,fintual.cl,https://fintual.cl,2021-11-02,Series B,39000000,57000000
5a15b6d8e4b00743394fd5aa,Fieldproxy,fieldproxy.com,https://fieldproxy.com,2022-02-07,Seed,750000,1057862
5a1d6a0ce4b0074339685ceb,Mudrex,mudrex.com,https://mudrex.com,2022-07-20,,,22219245
5a1da225e4b0074339698640,Milo,joinmilo.com,https://joinmilo.com,2023-05-09,Seed,1173000,1298000
5a202d8ae4b0074339723568,Infinia,infinia.xyz,http://infinia.xyz,2026-07-09,Series A,13500000,13500000
5a205559e4b0074339733c8b,Glimpse,tryglimpse.com,https://www.tryglimpse.com/,2026-03-25,Series A,35000000,52850000
5a33f5d5e4b0fa2cc1d3c38f,SoloSuit,solosuit.com,https://www.solosuit.com/,2024-08-12,Seed,2000000,2285000
5a4e6d8be4b01f7cdb2c59e4,Digistain,digistain.co.uk,https://digistain.co.uk,2022-08-08,Seed,1000000,1125000
5a57afe5e4b09744d8c7c611,Paragon,useparagon.com,https://www.useparagon.com/,2024-10-08,Series A,5502500,21002500
5a5a1e4be4b09744d8d3efe9,Freterium,freterium.com,http://freterium.com,2021-12-01,Seed,4000000,4125000
5a5f761ce4b0eb94add1118d,Actiondesk,actiondesk.io,http://actiondesk.io,2022-05-24,,,4050000
5a662b44e4b0eb94add873c3,Anjuna Security,anjuna.io,https://www.anjuna.io/,2024-08-07,Series B,25000000,55120000
5a68d72fe4b071cf29214a3b,Singularity Defense,singularityus.com,https://singularityus.com,2026-07-14,Series A,80000000,80500000
5a6def7ae4b071cf2932d287,Solve Intelligence,solveintelligence.com,https://www.solveintelligence.com/,2025-12-09,Series B,40000000,52500000
5a7204fae4b071cf294126b9,Nowadays,getnowadays.com,http://getnowadays.com,2024-12-12,Seed,2000000,2000000
5a947e86e4b0337b3b0c4bb3,Sola,sola.ai,https://www.sola.ai/,2025-08-14,Series A,17500000,21500000
5aaa2bf2e4b0fa0e9550cfce,Truora,truora.com,https://www.truora.com/,2022-04-08,Series A,18244917,21894917
5ab127fbe4b047dedca00603,Decentro,decentro.tech,http://decentro.tech,2025-06-06,Series B,3494520,8194520
5ab65ff1e4b047dedcbb6016,Blueberry Pediatrics,blueberrypediatrics.com,https://www.blueberrypediatrics.com/,2022-01-12,Series A,9301857,9451857
5ac4f862e4b010f9d69a2540,Heroic-Faith,heroic-faith.com,https://heroic-faith.com,2023-08-16,Series A,15100000,19600000
5ac8e834e4b08734b9480915,Mutiny,mutinyhq.com,https://www.mutinyhq.com/,2022-04-20,Series B,50000000,72000000
5acee53be4b03ca8babc3e16,Inscribe,inscribe.ai,https://www.inscribe.ai,2023-01-25,Series B,25000000,38620000
5adcc896e4b048e0b825457d,Hedgehogmushrooms,hedgehogmushrooms.com,https://hedgehogmushrooms.com,2024-06-26,Series A,12780166,13280166
5adf8564e4b032c685ccb7b8,Codex,usecodex.com,http://usecodex.com,2021-12-14,,,4525000
5ae220fae4b0cbf7bbd67689,FurtherAI,furtherai.com,https://www.furtherai.com/,2025-10-07,Series A,30029989,35579989
5aecd05ae4b045fca2bea610,Coral Genomics,coralgenomics.com,https://coralgenomics.com,2025-01-14,Grant (prize money),998939.08,150000
5aede6b4e4b045fca2c2812b,Onyx,onyx.app,https://onyx.app,2025-03-13,Seed,10000000,10000000
5af346cce4b05a42d90eff33,Boundary Layer Technologies,boundarylayer.tech,http://boundarylayer.tech,2022-06-01,Series A,4800000,4950000
5af72057e4b0f21b93976c8a,Conduit,conduit.app,http://conduit.app,2025-04-10,Seed,3100000,3100000
5af73274e4b0f21b939b0f4c,Copilot,copilot.app,http://copilot.app,2023-01-19,Series A,10000000,10000000
5af76e07e4b0f21b939f524e,Scape,scape.app,https://scape.app,2026-07-24,Seed,3200000,3200000
5af77490e4b0f21b939f7991,Take App,take.app,https://www.take.app,2022-08-15,,,1000000
5af7b184e4b0f21b93a0771e,Wyvern,wyvern.space,https://www.wyvern.space/,2024-10-18,Seed,6000000,18000000
5af87163e4b0f21b93a97584,Modern Treasury,moderntreasury.com,https://www.moderntreasury.com/,2022-03-30,,,183150000
5afdc832e4b059f4a8f2079e,Koshex,koshex.com,https://koshex.com,2022-04-18,Seed,2100000,2334839
5b03fbbfe4b0ac69808de9f4,xFarm,xfarm.ag,https://www.xfarm.ag/en,2024-10-09,Series C,39525480,60338050
5b06d46fe4b06105ac1fc08f,Fractional,fractional.app,https://www.fractional.app/,2021-11-22,Seed,5500000,5625000
5b06fd91e4b06105ac235507,dNovo,dnovobio.com,https://www.dnovobio.com/,2022-01-24,,,2700000
5b1ad7b8e4b08d49c3593ea9,Astor,astor.app,https://www.astor.app/,2026-04-24,Seed,5000000,5500000
5b28446be4b0ac6980bd0e3a,Touch and Pay Technologies,touchandpay.me,https://touchandpay.me,2022-09-21,Seed,3000000,3500000
5b36afe9e4b0ac6980d2bb60,Arist,arist.co,http://arist.co,2022-07-12,Series A,12000000,16050000
5b400980e4b0bdade476f9ba,Sano,sanogenetics.com,https://sanogenetics.com,2024-01-22,Series A,11400000,26472856
5b424f93e4b0bdade4960781,AccioJob,acciojob.com,https://acciojob.com,2023-08-31,Seed,2709999,3038548
5b438944e4b00ce89b9f967e,Premagic,premagic.com,https://premagic.com,2024-12-05,Seed,708210,1477694
5b4a48dee4b0953579a5a209,Zubale,zubale.com,https://www.zubale.com/,2023-11-30,Series A,25000000,72300000
5b4f8662e4b0d7f05c7f6cde,Million Marker,millionmarker.com,https://millionmarker.com,2022-05-01,Grant (prize money),2103993,150000
5b51c1e1e4b04ba64f478e3e,Paladin Drones,paladindrones.io,https://www.paladindrones.io/,2025-08-11,Series B,17013621,21433621
5b589cfce4b04ba64f4d87ed,BlueCargo,bluecargo.io,https://www.bluecargo.io/,2023-02-23,Seed,11000000,15000000
5b589f7ae4b0ae4f0fca20b6,Lendtable,lendtable.com,https://lendtable.com,2021-11-12,Series A,4101955,26676576
5b5c255ce4b015a76489e6da,Mudafy,mudafy.com,https://mudafy.com,2022-08-02,,,13000000
5b631330e4b0beae16da6b6d,HomeRoom,livehomeroom.com,https://livehomeroom.com,2022-01-11,,,1200000
5b64499fe4b04ba64f5ab6ba,Tint,tint.ai,https://www.tint.ai,2022-02-01,Series A,25000000,30000000
5b648df4e4b0beae16e84b75,BrioHR,briohr.com,https://briohr.com,2025-05-28,Series A,6500000,10800000
5b7324bde4b01891d67cb6ba,Vitable Health,vitablehealth.com,https://www.vitablehealth.com/,2024-07-22,Series A,16000000,25000000
5b7acb94e4b0d966871ce357,Pair Team,pairteam.com,https://pairteam.com,2023-10-19,Series A,9000000,19650000
5b804507e4b0f9313c014358,MedMe Health,medmehealth.com,https://www.medmehealth.com/,2022-03-17,,,3692687
5b82c275e4b0f9313c11b9af,Hadrius,hadrius.com,https://www.hadrius.com/,2025-09-09,Series A,26833502,28833502
5b8561f6e4b0f9313c1fbb13,Zeit,zeitmedical.com,http://zeitmedical.com,2021-10-29,,,2125000
5b90b418e4b0396d1498a8bb,TrueBiz,truebiz.io,https://truebiz.io,2023-01-31,Seed,2400000,2900000
5b992a02e4b0059590c80bec,Arintra,arintra.com,https://www.arintra.com/,2026-08-21,Series B,25000000,46499999
5b993112e4b0059590c8361d,Capi Money,capimoney.com,https://capimoney.com,2025-02-18,Series A,18031964,20054463
5b9951e9e4b0bc254df3a8fd,thndr,thndr.app,https://thndr.app,2025-05-17,Series A,15700000,37760000
5b9bdbcae4b0c4f3f5af077f,Pelago,pelagohealth.com,https://pelagohealth.com,2023-12-21,Series C,58000000,151000000
5bacf349e4b0a14b7de45b12,Culture Biosciences,culturebiosciences.com,https://www.culturebiosciences.com/,2021-10-14,Series B,80000000,107220711
5bb89adb4f0ccbd7786c2f61,BIOS,bios.health,https://www.bios.health/,2023-06-22,Series A,20000000,26018387
5bc35ba34f0c8ed8f04d57f8,YHANGRY,yhangry.com,https://yhangry.com,2024-12-01,Seed,889769,2889769
5bd1e41be4b089425824bbb6,Bluedot,thebluedot.co,https://www.thebluedot.co/,2023-06-26,Seed,5000000,7148000
5be999a44f0c42999aa10a40,Sorting Robotics,sortingrobotics.com,https://www.sortingrobotics.com/,2023-11-02,Venture Debt,2000000,150000
5bea84524f0c6d8c5139c7af,Marble,rentmarble.com,https://www.rentmarble.com/,2022-08-10,Seed,2000000,2125000
5bea9fe84f0c6d8c513c34f7,Octolane,octolane.com,https://www.octolane.com/,2025-04-14,Seed,2600000,3100000
5bef32a64f0c59e45a3eb178,Heart Aerospace,heartaerospace.com,https://heartaerospace.com,2024-02-01,Series B,107000000,154225000
5bef36244f0c7cb7af890c64,H3X Technologies,h3x.tech,https://www.h3x.tech/,2024-03-04,Series A,20334312,26009312
5bf56f104f0ced297f14d0e3,Middesk,middesk.com,https://www.middesk.com/,2022-06-09,Series B,57000000,77000000
5bf6c0974f0cea49ec4b7db8,inSoma Bio,insomabio.com,https://insomabio.com,2025-11-28,Grant (prize money),1972696,4771321
5bf809994f0c3091ec1e6511,Examedi,examedi.com,https://examedi.com,2022-06-22,Series A,22499000,26124000
5c0170524f0c5f08391a63c9,Ruth Health,ruthhealth.com,http://ruthhealth.com,2022-04-28,,,3100000
5c0170d04f0c5f08391a6da2,QueryPie,querypie.com,https://www.querypie.com/,2024-05-28,Seed,27820000,45720000
5c01770a4f0c929f129dcb70,Ashby,ashbyhq.com,https://www.ashbyhq.com/,2025-07-22,Series D,50000000,127535107
5c029b594f0c5f08391d4ad4,Liv Labs,livlabsfitness.com,https://livlabsfitness.com,2025-03-20,Grant (prize money),2236995,125000
5c0935e38f08c116f2adb58c,Forage,joinforage.com,https://www.joinforage.com/,2026-06-03,Series B,40000000,62125000
5c09a66c8f08c116f2b13124,Kurios,kurios.la,https://www.kurios.la,2022-06-08,,,2425000
5c13bda88f08de34edf6f309,Candid Health,joincandidhealth.com,https://www.joincandidhealth.com/,2025-02-12,Series C,52500000,99500000
5c3433e08f08749b5440098b,Julius AI,julius.ai,https://julius.ai,2025-07-29,Seed,10000000,11000000
5c3df4648f0831675459bd4e,Markaz,markaz.app,https://www.markaz.app/,2022-05-10,Seed,2400000,2400000
5c4094468f0841418d8f6d61,Nestor,nestorup.com,https://nestorup.com,2022-12-07,Seed,2000000,2120000
5c4097d78f0897be0dbdc802,Lingo.dev,lingo.dev,https://lingo.dev/en,2025-02-19,Seed,4200000,4700000
5c41ec1d8f0841418d934020,Superb AI,superb-ai.com,https://superb-ai.com/en,2024-10-23,Series C,10200000,39343337
5c43384c8f0897be0dc4b2f4,haddock,haddock.app,https://www.haddock.app/,2022-11-07,Seed,1925433,3057493
5c4485c18f0841418d9ee075,Trella,trella.app,https://trella.app,2023-06-12,Series A,3500000,34250000
5c49c9148f08a3a26dc0f916,Rider,withrider.com,http://withrider.com,2022-06-20,,,5525000
5c4b1dd38f08acdce7caa89c,Piepacker,piepacker.com,http://piepacker.com,2021-10-21,,,15150000
5c58be22e4b02a10d85a0393,Overview,overview.ai,https://www.overview.ai/,2024-11-08,Series A,3750000,13875000
5c59f5168f08b4e836f670c6,Future Fields,futurefields.io,https://futurefields.io,2025-06-17,Series A,8000000,21550000
5c59fd468f08b4e836f725d9,CodeCrafters,codecrafters.io,https://codecrafters.io,2024-11-19,Seed,1800000,2300000
5c5d8d188f08e7dd7d6b4d94,WhiteLab Genomics,whitelabgx.com,https://whitelabgx.com,2022-09-13,Series A,10120300,10620300
5c62d2198f08c3a7d12dfe16,HitPay,hitpayapp.com,https://hitpayapp.com,2022-05-04,Series A,15800000,15925000
5c66c8378f08f827f577bb1c,Apto Payments,aptopayments.com,http://aptopayments.com,2022-04-12,,,45446617
5c6821558f0863c93a37e2f7,Ramen VR,ramenvr.com,https://www.ramenvr.com/,2022-03-17,,,45150000
5c75e75378d8a078fde607d4,Data Saur,datasaur.ai,https://datasaur.ai,2023-08-03,Seed,4000000,8900000
5c75e90c78d8a078fde7bdc0,Beacons AI,beacons.ai,https://beacons.ai,2022-04-05,,,29787575
5c75ea1978d8a078fde8d815,Rose Bud,rosebud.ai,https://rosebud.ai,2021-12-21,Series A,6600000,8800000
5c76df17aa3d79117e9dfc7c,Advano,advano.io,https://advano.io,2024-01-30,Series A,3273400,27343400
5c7a8dcb9adc10540464ce06,Sable,sablecard.com,http://sablecard.com,2022-07-18,,,1150000
5c8519bd9adc100c27ec59fd,Salient,trysalient.com,https://www.trysalient.com/,2025-07-28,Series A,60000000,60500000
5c851f2f9adc100c27ed25d7,Trigger,trigger.dev,https://trigger.dev,2023-08-25,Seed,3000000,3500000
5c866bd39adc100c27f0b25c,Karbon,karboncard.com,https://www.karboncard.com/,2022-05-17,Conventional Debt,7077950,30200000
5c8a5f0e9adc104cb9a4177f,Luminate Medical,luminatemed.com,https://www.luminatemed.com/,2025-11-13,Series A,21000000,50000000
5c8aa837aa3d79117eb09c19,AmpUp,ampup.io,https://www.ampup.io/,2024-09-26,Series A,15000000,15150000
5c8d04049adc104cb9b4b67c,MarketForce360,marketforce360.com,http://marketforce360.com,2022-02-22,,,42600000
5c8fa57578d8a0125ae67c1c,Crustdata,crustdata.com,https://crustdata.com,2025-10-27,Seed,6000000,6500000
5c939b4378d8a062d54296bf,BusinessOnBot,businessonbot.com,https://www.businessonbot.com/,2023-12-04,Seed,716297,3417647
5c963cd73807ef253b71c510,Karat,trykarat.com,https://www.trykarat.com/,2023-07-19,Venture Debt,30000000,100000000
5c9857f2aa8da129fad2a1f8,Laika,laika.com.co,https://laika.com.co,2022-01-12,,,65150000
5c9b844d6779bf2e801d75f9,Turing,turingsaas.com,https://www.turingsaas.com/,2022-01-19,Series A,16500000,18249998
5c9cd587c1a81238e2e140a7,Greywing,grey-wing.com,https://www.grey-wing.com/,2021-10-07,Seed,2500000,2625000
5ca0ccee2290d42344a1ad3b,Hyper,hyper.online,https://blog.hyper.online/,2023-06-12,Seed,3600000,3750000
5ca7bec3c315143ac1b2604b,Open,open.cx,https://www.open.cx/,2025-01-27,Seed,1520000,2020000
5ca8b5c9e343fb3aba2e6e16,Toolbox,trytoolbox.com,https://trytoolbox.com,2022-04-08,,,7836327
5caa0370e343fb3aba320a9d,Flex,withflex.com,https://www.withflex.com/,2025-09-02,Series A,15000000,18700000
5caca799c315144fe88f46c6,Altay Therapeutics,altaytherapeutics.com,https://www.altaytherapeutics.com/,2023-04-19,Seed,3558328,6708328
5caf4b8a194da5113476c59f,Palenca,palenca.com,https://palenca.com,2022-01-19,,,2725000
5cb09cff194da573e1bac843,Reshape Biotech,reshapebiotech.com,https://reshapebiotech.com,2024-04-09,Series A,20000000,29225000
5cb09dd2beed35043d8e2fa5,KelAI,kelaitech.com,https://kelaitech.com,2026-07-20,Seed,4980000,5480000
5cc3132730e44a1124d730df,Riot,tryriot.com,https://tryriot.com,2024-11-05,Series B,30000000,45000000
5cc704e730e44a3c40a14650,Modelence,modelence.com,https://modelence.com,2025-05-23,Seed,3850000,3850000
5cc8596730e44a3c40a683f9,Spenmo,spenmo.com,https://spenmo.com,2022-01-01,Series B,85350000,121350000
5cd2e229ad27a2115f4970fc,Pipeshift,pipeshift.com,https://pipeshift.com,2025-01-23,Seed,2500000,3191700
5cd40d49f03685119685b80e,GroMo,gromo.in,https://gromo.in,2022-09-06,Series A,11000000,12228480
5cdc215167a24d730401c88f,Oto,joinoto.com,https://joinoto.com,2022-07-13,,,4107039
5ceb945fe5105b1634f0988a,Neurolytic Healthcare,neurolytic-healthcare.com,http://neurolytic-healthcare.com,2022-07-27,,,3200000
5cec06bccedacd789193ec38,Kosh,getkosh.com,https://getkosh.com,2025-03-21,Series A,5590000,8899051
5ced416be5105b2b31b394bb,InnoVein,innovein.com,https://innovein.com,2023-02-06,Series A,2545164,13414097
5cf13da0085d390468f5b11e,Typewise,typewise.app,https://www.typewise.app/,2021-10-14,Seed,1941310,4610750
5cf3923b2dca0f160d6badbd,Zippi,zippi.com.br,https://zippi.com.br,2026-02-11,Series B,42319200,58469200
5cf3e30cb1807d0f4b62f780,Acho,acho.io,https://acho.io,2022-02-05,,,2350000
5cf4a12e2dca0f160d734b0d,R2,r2.co,https://r2.co,2024-11-29,Series A,9000000,30025000
5cf4c90eb1807d0f4b6a32fb,Emi Labs,emilabs.ai,https://www.emilabs.ai/es,2022-02-24,Series A,11000000,11125000
5cf561de02369c15fec5fcbb,Treble,treble.ai,https://treble.ai/en/,2022-07-21,Series A,15000000,15150000
5cf5620602369c15fec5fcbd,Seg Med,segmed.ai,https://www.segmed.ai/,2024-09-03,Series A,10400000,17725000
5cf5f756b2e199162d033335,Soteris,soteris.co,https://soteris.co,2025-06-20,Series A,8049995,8199995
5cf621e90079305c2f4d182d,Relate,relate.so,https://www.relate.so/,2022-05-13,Seed,1540000,2040000
5cf8b4df00793014c526973d,Kiosk,kiosk.so,http://kiosk.so,2026-03-16,Series A,19366387,19866387
5cf8b4e100793014c526978a,Metal,metal.so,https://www.metal.so/,2026-06-20,Seed,4500000,4500000
5cfa70707ef6cc052cf98a0f,Coverage Cat,coveragecat.com,https://www.coveragecat.com/,2022-07-11,,,4500000
5cfab21ccb920d5ce3a72cfd,Eden Farm,edenfarm.id,http://edenfarm.id,2023-01-30,Series A,13500000,34500000
5cfbc9950079303667993525,Humanly,humanly.io,https://humanly.io,2026-03-24,Series B,25000000,55595937
5cfbca0e0079303667994183,Isabl,isabl.io,https://www.isabl.io/,2023-04-01,Grant (prize money),2033377,3000000
5cfbec917ef6cc052c089632,Taiv,taiv.tv,https://www.taiv.tv/,2026-07-08,Grant (prize money),703809,34563300
5d0260c6798b542cf5319f2f,Ultra,ultra.tech,https://www.ultra.tech/,2026-08-07,Series A,57089457,57589457
5d0a4ee3838b52512f3ecab7,Synapticure,synapticure.com,https://www.synapticure.com/,2025-06-06,Grant (prize money),1253527,46145500
5d0b9a40838b52512f408bb1,Ottimate,ottimate.com,https://ottimate.com,2021-11-04,,,164120000
5d0ce5d0e61a85161a151c16,Lucent AI,lucenthq.com,https://lucenthq.com,2025-10-10,Seed,2000000,2000000
5d122cc9e61a856e7e8e6373,Red Brick Ai,redbrickai.com,https://www.redbrickai.com/,2022-11-23,Seed,4600000,5100000
5d138182e61a856e7e917ece,Nuvocargo,nuvocargo.com,https://www.nuvocargo.com/,2023-06-27,Series B,36500000,75620000
5d177ac68587b5306259d575,Intryc,intryc.com,https://www.intryc.com/,2025-01-24,Seed,3100000,4200000
5d1b32a8681f7031c9dcff31,Sendbox,sendbox.co,https://sendbox.co,2021-10-18,,,2000000
5d1b7c6bf5ddbf160fe055b6,Grad Joy,gradjoy.com,https://gradjoy.com,2024-05-10,Series B,37396294,37546294
5d23554a0040b54db2418705,Marqvision,marqvision.com,https://www.marqvision.com/,2025-09-15,Series B,48000000,94259328
5d308e59addd84160ef2188d,UTVATE,utvate.com,http://utvate.com,2022-12-30,Series A,12006313,17156313
5d394b9ba3490c6b0a6f6f59,Super,superapp.id,https://superapp.id,2022-06-02,,,106000000
5d405aa73cfad7163023f1d4,Henry,soyhenry.com,https://www.soyhenry.com/,2022-05-03,Series A,10000000,12000000
5d49a97991503616508e6217,BenePass,getbenepass.com,https://getbenepass.com,2025-11-21,Series B,40000000,74584996
5d49c5b24df3b61603fef711,91Squarefeet,91squarefeet.com,https://91squarefeet.com,2022-07-28,,,11599721
5d502174dfad2e3bbb9c7f30,Syncly,syncly.app,https://syncly.app,2023-11-07,Seed,3300000,3300000
5d580e74dfad2e733c63fb08,SmartHelio,smarthelio.com,https://smarthelio.com,2022-12-14,Series A,5000000,6047595
5d581197dfad2e733c648bf5,Wasp,wasp-lang.dev,http://wasp-lang.dev,2021-10-04,,,1625000
5d5ad8cddfad2e11fbc9becc,PromisePay,promise-pay.com,https://www.promise-pay.com/,2022-02-24,,,48000000
5d5c294adfad2e1bc5188061,Latent,latenthealth.com,https://latenthealth.com,2026-03-19,Series A,80000000,80500000
5d5fa80a85b49c081f5e3f59,Flo Recruit,start.florecruit.com,http://start.florecruit.com,2025-05-09,Series A,5034205,9384205
5d62becadfad2e4a246ce395,Gilgamesh,gilgameshpharmaceutical.com,https://www.gilgameshpharmaceutical.com/,2026-03-27,Series B,2250000,151546800
5d640a49f256b90e80f92faa,SigNoz,signoz.io,https://signoz.io,2023-09-28,Series A,5400000,6500000
5d66ba17dfad2e5588810488,Alinea,alinea-invest.com,https://www.alinea-invest.com/,2026-02-05,Conventional Debt,22500000,21844530
5d6aade1dfad2e33ef7ec75c,Floatpays,floatpays.com,https://www.floatpays.com/,2022-01-25,,,4125000
5d729aadf256b9200cab86c0,Farmako,farmako.in,http://farmako.in,2024-08-12,Seed,1600000,3100000
5d76886bdfad2e630ab447ed,AOA,aoadx.com,https://aoadx.com,2025-10-01,Series A,8085364,40667145
5d7e70f6dfad2e628fa1d697,Bemlo,bemlo.se,https://www.bemlo.se/,2022-08-02,Seed,3278720,3778720
5d850869dfad2e7266590352,GroundControl,gndctl.com,https://gndctl.com,2025-06-11,Seed,2000000,3000000
5d865a16dfad2e72665b4efa,ErudiFi,erudifi.com,https://erudifi.com,2022-01-17,Conventional Debt,15000000,5000000
5d936ec36810c416ed156ac9,Ochre Bio,ochre-bio.com,https://www.ochre-bio.com/,2022-10-10,Series A,30000000,39975000
5d9930776810c406524b3f42,Blotout,blotout.io,https://www.blotout.io/,2021-11-03,,,6038194
5d9a21996810c406524e5094,Thera,getthera.com,https://www.getthera.com/,2024-08-22,Seed,4000000,4500000
5d9b6f486810c406525030e5,Reflex,reflex.dev,https://reflex.dev,2023-08-02,Seed,5000000,5000000
5d9b95e26810c406525240a7,Navattic,navattic.com,https://www.navattic.com/,2022-03-17,,,5575000
5d9e1bb76810c45989294fed,Yemaachi,yemaachi.com,https://www.yemaachi.com/,2022-03-21,,,3125000
5da33c4a6810c459893486d1,Signadot,signadot.com,https://signadot.com,2022-02-24,Seed,4000000,4150000
5dab22236810c457361f0cd0,Almond,almondobgyn.com,https://almondobgyn.com,2022-11-23,Series A,7198993,7698993
5dc03393f0e6f6392017f297,Eze,ezewholesale.com,https://www.ezewholesale.com/,2023-06-15,Seed,3700000,3825000
5dc1a42d7ce88a31a941da68,Depict AI,depict.ai,https://depict.ai,2022-02-24,,,19950000
5dc915fe7ce88a1b2d844210,Unusual,unusual.ai,https://www.unusual.ai/,2026-01-09,Series A,3600000,4100000
5dcaeb7df0e6f62f91cefdc0,Langdock,langdock.com,https://langdock.com,2024-04-19,Seed,3000000,3500000
5dcb14e67ce88a57fa6d2d8e,Bold Care,boldcare.in,https://boldcare.in,2024-11-13,Series A,5000000,16330458
5dd42752f0e6f6561af44c8c,Puzzl,joinpuzzl.com,http://www.joinpuzzl.com,2023-11-30,Series B,14499994,28455966
5dd42ce1f0e6f6561af48814,Fondo,tryfondo.com,http://tryfondo.com,2024-10-31,Seed,6999998,8349998
5dd551b8f0e6f6561af5d58f,Vimcal,vimcal.com,https://www.vimcal.com/,2023-10-31,Seed,6850663,6970663
5dd571f3f0e6f6561af7445b,Atmos,buildatmos.com,http://buildatmos.com,2022-11-15,Series A,12500000,20622013
5dd65dbf7ce88a484d1e90b8,Statiq,statiq.in,https://www.statiq.in/,2026-01-06,Series A,18000000,45500000
5dde67ed7ce88a5768952c1c,FarmTheory,farmtheory.in,https://www.farmtheory.in/index.html,2024-02-27,Seed,1447860,1985954
5dde9801f0e6f63d91b439f3,Moxion Power,moxionpower.com,http://moxionpower.com,2022-09-28,Series B,100000000,112114999
5ddeaccef0e6f63d91b50f81,Brite,britebenefits.com,https://www.britebenefits.com/,2022-07-19,Series A,7800000,9550000
5de2379af0e6f64d7821972b,Rain,rain.ai,https://rain.ai,2024-05-26,Series A,8100000,40000000
5de23fe7f0e6f64d7821a200,Infinity AI,infinity.ai,https://infinity.ai,2022-12-15,Seed,5000000,5500000
5de24471f0e6f64d7821a7a9,Wafer,wafer.ai,https://www.wafer.ai/,2026-04-14,Seed,4000000,44000000
5de283e5f0e6f64d78228fec,Landed,gotlanded.com,https://employer.gotlanded.com,2022-04-07,Seed,7000000,8550000
5de489327ce88a6862f60e06,Odigos,odigos.io,https://odigos.io,2024-09-09,Series A,13000000,13499999
5de96205f0e6f64301edf62a,Letter AI,letter.ai,https://www.letter.ai/,2026-02-24,Series B,40000000,51100000
5df128f9f0e6f64f6afc9e58,Wrkdn,wrkdn.com,https://www.wrkdn.com/,2025-05-21,Seed,1800000,1800000
5df8f888d5d76605335e82e6,Morphle,morphlelabs.com,https://morphlelabs.com,2025-09-25,Series A,5000000,5150000
5dfe379d5e0f641eed923356,TYBR Health,tybrhealth.com,https://tybrhealth.com,2026-07-09,Series A,30000000,38352973
5dfecb785e0f641eed95e5f0,PostEra,postera.ai,https://postera.ai,2022-01-11,Series A,26054972,26204972
5dfeda875e0f641eed9662ee,Freshpaint,freshpaint.io,https://www.freshpaint.io/,2024-07-17,Series B,30700000,41850000
5e0099135e0f641eed9938d6,Wibond,wibond.co,https://www.wibond.co/,2022-06-22,Seed,6000000,8500000
5e16006307582b5ddd7597c6,Persephone Biosciences,persephonebiosciences.com,http://persephonebiosciences.com,2022-07-19,Seed,15000000,15317000
5e1db977928ab01aff6ec947,SolarMente,solarmente.es,http://solarmente.es,2023-04-14,Seed,55120000,55245000
5e1deb8307582b3c937a9094,Sitenna,sitenna.com,https://sitenna.com,2023-05-03,Angel,3000000,5225000
5e20933f07582b42a0fdc34a,Alloy Automation,runalloy.com,https://runalloy.com,2022-02-22,,,27000000
5e26295c928ab047d06b9f1a,Arpio,arpio.io,https://arpio.io,2026-02-04,Series A,15862978,26215487
5e27a6b3b78205173c6d5f4c,Mesh Ai,mesh.ai,https://www.mesh.ai/,2022-04-13,Series A,11000000,16000000
5e2c2130928ab0038a872f9f,SalaryBox,salarybox.in,https://salarybox.in,2021-11-17,Seed,4000000,4125000
5e39a056e964804ff99a511c,Union54,union54.com,https://union54.com,2022-04-18,,,15125000
5e3f14c3f03394377ce317a5,Manara,manara.tech,https://manara.tech,2022-05-09,Seed,3000000,3125000
5e44527ff0339417f69ef359,Osmind,osmind.org,https://www.osmind.org/,2022-05-10,,,57150000
5e44595ff0339417f69f1a1e,Heru,heru.app,https://www.heru.app/,2022-09-19,Seed,6000000,7700000
5e4eaaead9cddb7af70a0eca,Pariti,pariti.io,https://www.pariti.io/,2021-12-06,,,3432998
5e5004a9f0339465c537cddb,Albiware,albiware.com,https://albiware.com,2022-08-25,,,3000000
5e50263af0339465c5386e24,Haven,havenservicing.com,https://havenservicing.com,2022-09-29,Series A,8000000,13664997
5e505897f0339465c5397cc5,Index,index.inc,https://index.inc,2025-02-12,Seed,2198357,2698357
5e509345f0339465c53a0928,Gimo,gimo.vn,https://gimo.vn,2023-07-24,Series A,12000000,19000000
5e50a93ff0339465c53a5e4c,Notabene,notabene.id,https://notabene.id,2026-06-29,Series B,11499968,38114968
5e56aa6af0339465c544267a,Pylon,pylonump.com,https://pylonump.com,2022-04-12,,,19125000
5e56fde0f0339465c545d3fb,Morf Health,morf.health,https://www.morf.health/,2023-11-15,Seed,3000000,3500000
5e5974cc0acf2112d616ea03,KorrAI,korrai.com,https://www.korrai.com/,2025-11-06,Seed,1600000,2162500
5e5974d1d9cddb63a2d2f89a,Portão 3,portao3.com.br,https://portao3.com.br,2023-01-18,Seed,3702644,3827644
5e5a5cddd9cddb63a2d2fa37,NeoDocs,neodocs.in,https://neodocs.in,2024-02-08,Seed,2000000,2483689
5e6679210acf21390db71e3b,Oda,odaportal.com,https://www.odaportal.com/,2021-10-26,Series A,2800000,2925000
5e6964b249034b1f75f9a1c8,Teleo AI,teleo.ai,https://www.teleo.ai/,2024-10-18,Series A,7000000,29800000
5e714d7e0acf2159baf44c99,Tiptap,tiptap.dev,https://tiptap.dev,2023-10-19,Seed,2600000,2600000
5e768ce70acf217e758713d5,StartPlaying,startplaying.games,https://startplaying.games,2022-05-13,,,6650000
5e7813d10acf217e758d3046,Enso Analytics,ensoanalytics.com,https://www.ensoanalytics.com/,2022-04-19,Series B,16500000,29935000
5e7fe1200acf217e759bc97d,Ananya Health,ananya.health,https://www.ananya.health/,2025-08-28,Grant (prize money),2297920,529000
5e80b89e0acf217e759c89be,Spruce,spruceid.com,https://spruceid.com,2022-04-20,,,41625000
5e848c64c6b89a1e6da1a4c8,Estoca,estoca.com.br,https://estoca.com.br,2022-12-22,Seed,6100000,6225000
5e852ed10acf2158b08c82ec,Alice,alice.tech,https://www.alice.tech/,2025-05-08,Series A,4751884.2,6384023
5e8534e60acf2158b08c8da4,Canix,canix.com,https://www.canix.com/,2022-06-07,,,10150000
5e8fcf2dc524b53a462998bf,sturdyfinance.com,sturdyfinance.com,https://sturdyfinance.com,2022-03-16,,,3900000
5e90fb9bc524b53a462abcc6,Gotrade,heygotrade.com,https://www.heygotrade.com/,2022-04-04,Series A,15500000,22500000
5e936390c524b54d9d0a11fa,Simplify Jobs,simplify.jobs,http://simplify.jobs,2024-03-15,Seed,3000000,4350000
5e9ddd7cc524b521d0869981,Authologic,authologic.com,https://authologic.com,2024-10-22,Series A,8200000,8789475
5ea202c0c524b57388053544,JABU,gojabu.com,https://www.gojabu.com/,2022-05-25,,,18200000
5ea874d1c524b573880f7f22,Kingdom Supercultures,kingdomsupercultures.com,http://kingdomsupercultures.com,2021-10-05,,,28650000
5eb09f7dc524b517d7de0a29,Gather,gather.town,https://www.gather.town/,2021-11-03,,,77000000
5eb1f3ab36b8b112ad13467c,Orange Health,orangehealth.in,https://www.orangehealth.in/,2026-05-16,Series C,30000000,77124963
5eb5c92f3c737a12ce10cb0a,Parallel Bio,parallel.bio,https://www.parallel.bio/,2025-06-12,Series A,21000000,25425000
5ec408753c737a5f3229eca7,Blue Onion Labs,blueonionlabs.com,http://blueonionlabs.com,2025-04-16,Series A,10000000,10150000
5ec481594b2b49141fad698a,Pluggy Technologies,pluggy.ai,https://www.pluggy.ai/en,2026-08-27,Series A,3500000,6000000
5ec8255e3c737a031a9755b9,Method,methodfi.com,https://methodfi.com,2025-01-23,Series B,41500000,60000000
5ecad2b83c737a031a9c3625,Z1,z1.app,https://z1.app,2023-04-20,Series B,10748214,24073214
5ecdba093c737a344804fbda,Remedial Health,remedial.health,https://remedial.health,2023-07-31,Series A,8000000,13900000
5ed7f6d97c917b26601c9b43,Clara,clarahomecare.com,https://clarahomecare.com,2025-06-03,Seed,3100000,3600000
5ed944c67c917b26601f218f,Carbonfact,carbonfact.com,https://www.carbonfact.com/,2024-04-30,Series A,15000000,17125000
5edaa6817c917b2660212f05,Thunder Compute,thundercompute.com,https://www.thundercompute.com/,2026-08-19,Series A,13000000,17625000
5ee6af6d7c917b07f7f4ff37,Shipmates,shipmates.app,https://shipmates.app,2022-09-08,Seed,2200000,2700000
5ee7de937c917b6acadc373b,Cabal,getcabal.com,https://getcabal.com,2022-05-26,Seed,8000000,8125000
5eeb8373c9e446162229baac,64x Bio,64xbio.com,https://64xbio.com,2022-01-19,,,59650000
5eec26e7c6a34a2d66637141,SaveIN,savein.money,https://savein.money,2025-04-23,Series A,4300000,11215146
5eeebcdc3b2e564b5f4753da,Goldfinch,goldfinch.finance,https://www.goldfinch.finance/,2021-12-14,,,37700001
5ef3bd6a2e367361a90eb549,Homebase,homebase.com.vn,https://homebase.com.vn,2021-11-15,Series A,30000000,30000000
5ef3c9da90835b16559e3277,Serif Health,serifhealth.com,https://www.serifhealth.com/,2022-06-02,Seed,2500000,2500000
5ef4a6152e367361a90eb59b,Hypercore,hypercore.ai,https://www.hypercore.ai/,2026-02-23,Series A,13500000,13625000
5ef8d9b0b92b162bc8dbf2fa,Zuddl,zuddl.com,https://zuddl.com,2022-01-07,,,15500000
5efc9676a7b772165c73872e,GreaseBoss,greaseboss.com.au,http://greaseboss.com.au,2021-10-08,Seed,2500000,2625000
5f00b216ab9618165fbe8d44,Turion Space,turionspace.com,https://turionspace.com,2026-04-15,Series B,75000000,79825000
5f07774903080859dcf339ba,Fingo Africa,fingo.africa,https://fingo.africa,2023-05-05,Seed,4000000,4250000
5f0ebbf4e3c5d212a7c0b66d,Darrow,darrow.ai,https://www.darrow.ai/,2023-09-19,Series B,35000000,63000000
5f199c89e3c5d27549186eea,PayHippo,payhippo.ng,http://www.payhippo.ng,2025-03-26,Conventional Debt,2000000,6024000
5f1b343db2dd701713a5a77c,Propreturns,propreturns.com,https://propreturns.com,2021-12-16,,,1325000
5f1d71974731a60fe8d16d97,Dropbase,dropbase.io,http://dropbase.io,2022-08-11,,,1900000
5f1db17f590ee5172027434f,HockeyStack,hockeystack.com,https://www.hockeystack.com/,2025-01-28,Series A,20000000,50000000
5f232e0b3e4967169d9a7f9a,Bloom,joinbloom.community,http://joinbloom.community,2022-09-14,Seed,2500000,2625000
5f2edc79e3c5d26205568fe0,Weekday,weekday.works,https://www.weekday.works/,2023-08-24,Seed,2200000,2325000
5f2f35b84e2c52169cbb78a7,Astek Diagnostics,astekdx.com,https://astekdx.com,2023-06-05,Seed,2000000,3225000
5f315c85081c9516c8aa78de,Udhaar,udhaar.pk,https://udhaar.pk,2021-11-08,Seed,6000000,6125000
5f3160f3a8fef216b52087ba,AppX,appx.co.in,https://www.appx.co.in/,2022-01-18,,,1425000
5f317fb7081c9516c8aa9ec3,Campfire,campfire.ai,https://campfire.ai,2025-10-15,Series B,65000000,107627887
5f31cc9d3f3353161663006a,Prosper Technologies,getprosper.ai,https://www.getprosper.ai/,2026-06-22,Series A,30000000,37100000
5f31d24aa8fef216b52109df,Promoted.ai,promoted.ai,http://promoted.ai,2022-07-01,,,8000000
5f39a080a8fef260c00d43eb,Corgea,corgea.com,https://corgea.com,2024-11-07,Seed,2600000,2600000
5f3cbb5600148e1fd053117a,CoperniQ,coperniq.io,https://coperniq.io,2023-11-07,Seed,4000000,4500000
5f3f9bc500148e0cfea954a1,Heron Data,herondata.io,https://www.herondata.io/,2025-07-15,Series A,16000000,17350000
5f40c92c081c9546f63b0ba0,Topkey,topkey.io,https://topkey.io,2023-07-05,Seed,5200000,5325000
5f41d5bd00148e0cfea95567,Explorex,explorex.co,https://www.explorex.co/,2022-10-11,Seed,5000000,11625875
5f4438e1c80ec4278c3e4902,Ramani,ramani.io,https://ramani.io,2022-11-23,Series A,32000000,32150000
5f4588903a0e0415c3f499a0,StudyStream,studystream.live,https://www.studystream.live/,2021-10-07,Seed,2100000,2225000
5f4a97969bf66e15d9833f62,Quell,playquell.com,https://playquell.com,2023-02-20,Series A,10000000,15600000
5f4c6372d193dba85161ee6c,Activeloop,activeloop.ai,https://www.activeloop.ai/,2024-03-26,Series A,11000000,20000000
5f4d7b08a4a1a5152add13a0,Gym Class,gymclassvr.com,http://gymclassvr.com,2022-08-02,Seed,8000000,8000000
5f4f69793f5b0a156ec9608d,VUIAPP,vuiapp.vn,https://vuiapp.vn,2022-08-03,Seed,6400000,9525000
5f4fb8c6d30525464f23723e,GoSats,gosats.io,https://gosats.io,2026-04-06,Series A,5000000,10200000
5f53f5b3709137162b3b4fec,Toku,trytoku.com,https://trytoku.com,2025-04-17,Series A,48000000,64575000
5f599169301fe215cf05bb38,Double,double.finance,https://double.finance/,2024-12-19,Seed,3900000,4400000
5f5ac4dd4855d815a159afe5,Vinco,vincoed.com,https://www.vincoed.com,2021-10-29,Seed,2400000,2525000
5f5be382e75b5d15d3228ca1,Shimmer,shimmer.care,https://www.shimmer.care/,2024-01-11,Seed,2200000,3625000
5f68978cbfedfa4feb16db7f,Pibit AI,pibit.ai,https://pibit.ai,2025-06-27,Series A,7000000,7641092
5f6919e28720bc17c927f758,Aqua,investwithaqua.com,https://www.investwithaqua.com/,2026-09-10,Series A,15000000,18800000
5f71ecac78101d31662c4356,Tablevibe,tablevibe.co,https://www.tablevibe.co/,2021-11-30,,,1625000
5f7bb213374bf617311dadde,Atomic,atomicvest.com,https://www.atomicvest.com/,2025-08-27,Series C,30000000,95150000
5f808b92b53bd717c6268ac4,Ariglad,ariglad.com,https://www.ariglad.com/,2022-11-01,Seed,964054,964054
5f8605e9af0eda16aa84b5ec,Heimdal,heimdalccu.com,https://heimdalccu.com,2021-11-29,,,17202007
5f89fcfd339059175032c846,BotCity,botcity.dev,https://botcity.dev,2025-09-25,Series A,12257635,15257635
5f8ca79f604bdf17ade3a4b1,Anakin,anakin.company,https://www.anakin.company/,2021-12-13,Seed,2000000,2125000
5f90db557e36431913e7f881,Palette,palettehq.com,https://www.palettehq.com/,2022-05-18,Series A,5999999,6124999
5f92c878c307176b9006db83,Infracost,infracost.io,https://www.infracost.io/,2025-06-20,Series A,18849980,21049980
5f92e57bc307176b9006f364,Cloudthread,cloudthread.io,http://cloudthread.io,2021-12-15,,,3125000
5f93a3c2c307176b90076569,Authzed,authzed.com,https://authzed.com,2024-06-27,Series A,12000000,15900000
5f94b33dc307176b9007c68d,Releaf,releaf.africa,http://releaf.africa,2023-01-09,Seed,3300000,6370000
5f9712b2af193e18dade90fc,Exly,exlyapp.com,https://exlyapp.com,2024-03-04,Series A,6200000,7900000
5f9b9be4af193e18dae2a028,Agave,useagave.com,https://useagave.com,2026-07-07,Series A,15000000,20000000
5fa2d4fdaf193e213c0995fb,Axle Health,axlehealth.com,https://www.axlehealth.com/,2025-05-22,Series A,10000000,14325000
5fa4c6e46f4ffc177a27c65c,Lexter Technologies,lexter.ai,https://lexter.ai,2024-04-04,Series A,3200000,3700000
5fa4e94eaf193e213c0b04f6,Strive,strivemath.com,https://www.strivemath.com/,2023-02-21,Seed,1300000,1675000
5fa6050eaf193e9f0ebfc9b0,Inversion Space,inversionspace.com,https://www.inversionspace.com/,2024-11-20,Series A,44000000,54125000
5fad542fd9d8a6566318f89e,WishRoll,wishroll.co,http://wishroll.co,2025-05-02,Series A,17113000,17613000
5fae5dcad9d8a6a9625d108b,PideDirecto,pidedirecto.mx,https://www.pidedirecto.mx/,2022-06-01,,,5850000
5fb94e5c6def8819a8fad1cc,Charge Robotics,chargerobotics.com,https://chargerobotics.com,2025-03-12,Series B,22000000,39124997
5fc3af29c2f36f19ba921768,Lago,getlago.com,https://getlago.com,2023-12-22,Series A,19221427,26346427
5fca2576655da98cfcc04304,Atmo,atmo.ai,https://www.atmo.ai/,2024-12-09,Series A,17576400,19726400
5fce84635dbe441ba1172779,Treinta,treinta.co,https://www.treinta.co/,2022-04-04,,,60800000
5fcfe158f918a61f22365400,Glass Health,glass.health,https://glass.health,2023-09-14,Series A,5000000,5500000
5fd54c88990a701e7828f5f0,Tailor,tailor.tech,https://www.tailor.tech/,2025-11-21,Series A,15000000,41800000
5fd628ac24d7921f33942383,Depot,depot.dev,https://depot.dev,2026-03-11,Series A,10000000,14600000
5fd917c68e51191db854df7a,Inventive,inventive.ai,https://www.inventive.ai/,2024-08-28,Seed,4000000,4000000
5fd91b758e51191db854f350,Vobi,vobi.com.br,https://www.vobi.com.br/,2022-02-08,Seed,1329034,1329034
5fdb3817655da9a9f8e26a92,MAD EATS,madeats.co,https://madeats.co/password,2022-04-25,,,1825000
5fdcbc83b175471e96be3e06,eatnino,eatnino.com,https://eatnino.com,2021-12-13,,,1725000
5fe3508add12fe1f07c29ab5,Beyond Aero,beyond-aero.com,https://www.beyond-aero.com/,2024-10-28,Series A,20000000,47890000
5fe37101dd12fe1f07c34420,Juicy Marbles,juicymarbles.com,https://juicymarbles.com,2021-11-24,Seed,4500000,4625000
5ff9db63a321ae1e0d530bba,ResistanceBio,resistance.bio,https://resistance.bio,2024-01-29,Series A,12776288,12896288
5fff19d371519b1e93a47f65,Lightly,lightly.ai,https://lightly.ai,2022-05-12,,,3125000
5fff3657efef551e8a892cb4,Clinikally,clinikally.com,https://www.clinikally.com/,2023-09-29,Seed,2600000,3100000
6001b54deee4bd1e83c74dcd,RE2 AI,re2.ai,https://re2.ai,2024-07-23,Seed,5000000,5255000
6001be5b28a00f1e2cf23beb,NGrow,ngrow.ai,https://www.ngrow.ai/,2022-12-21,Seed,2300000,2800000
6001d7e428a00f1e2cf2dd19,Peakflo,peakflo.co,https://peakflo.co,2022-07-06,,,4600000
6001ef9ceee4bd1e83c8abf9,Fello,fello.in,https://fello.in,2022-12-06,Series A,4000000,5558033
6001f9a528a00f1e2cf3b1a5,GrowthBook,growthbook.io,https://www.growthbook.io/,2025-06-17,Series A,22621791,23121791
6001f9cd28a00f1e2cf3b2c3,Gridware,gridware.io,https://www.gridware.io/,2025-11-17,Series B,55000000,97325000
6002018028a00f1e2cf3e955,Noloco,noloco.io,https://noloco.io,2024-08-13,Series A,3970001,5495001
60020452eee4bd1e83c93927,FlutterFlow,flutterflow.io,https://www.flutterflow.io/,2024-01-12,Series A,25500000,26125000
600736b04860c81f3de8c3ce,Flow Club,flow.club,https://www.flow.club/,2022-04-07,Series A,5000000,5125000
6009c371f881a21f01819a60,Shinkei Systems,shinkei.systems,https://shinkei.systems,2025-06-30,Series A,22000000,28774307
600ae4aa02ff71687e762a72,Greenwork,joingreenwork.com,https://www.joingreenwork.com/,2021-11-02,,,2525000
60131a30173ed51e449f971d,twoplus Fertility,twoplusfertility.com,https://twoplusfertility.com,2022-05-10,,,5300000
602402b30244967253867ab7,Metriport,metriport.com,https://metriport.com,2026-08-27,Series A,26000000,28400000
602e2234de5c4726f30f65f6,PowerUs,powerus.de,https://powerus.de,2023-09-20,Series B,25645200,27857470
6030412af9adb81e65a1f3c1,Abstra,abstra.io,https://www.abstra.io/,2022-01-03,Seed,2300000,3116516
603372499a3f831eb34bd44c,Infina,infina.vn,https://infina.vn,2022-02-08,,,8125000
603374dd9a3f831eb34bdeb0,Morada Uno,moradauno.com.mx,https://www.moradauno.com.mx/,2024-11-06,Series A,5600000,5725000
603383be9a3f831eb34c1ed8,Fresh Factory,freshfactory.id,https://freshfactory.id,2023-04-03,Seed,4150000,10150000
603385869a3f831eb34c286a,Whaly,whaly.io,https://whaly.io,2022-07-11,Seed,1900000,2025000
60338924a876541ebb818763,WorkoutOS,getwos.co,https://www.getwos.co,2022-03-14,,,1325000
603391649a3f831eb34c65f4,Tavus,tavus.io,https://www.tavus.io/,2025-11-12,Series B,40000000,64225000
6033bd0f9a3f831eb34d17a8,Warmly Tech,warmly.ai,https://www.warmly.ai/,2025-02-04,Series A,6000000,19120000
6033c61fa876541ebb828d23,F2,f2.ai,http://f2.ai,2026-09-28,Seed,5000000,28999999
6033c741e6ddd51f8062d885,Airhart,airhartaero.com,https://airhartaero.com,2025-10-30,Series A,4560848,5060848
6036a5e95a07801f14e2cd1f,Circular,nowcircular.com,https://nowcircular.com,2023-10-09,Seed,7600000,8100000
603d8202ff4bb6cfd08da63c,Cococart,cococart.co,https://www.cococart.co/,2022-03-01,Seed,4200000,4325000
603ff6b429d3e31f72805d0d,Mecho Autotech,mechoautotech.com,https://www.mechoautotech.com,2023-09-14,Seed,2400000,4675000
6044e169b169831f8f123ff1,Enlightra,enlightra.com,https://enlightra.com,2025-12-18,Series A,15000000,15500000
604fb3c337d6841f48982010,Duplo,tryduplo.com,https://tryduplo.com,2022-08-31,Seed,4300000,5600000
604fcfea65bd941a6aef6c6c,Hapi,hapi.trade,https://hapi.trade,2022-09-01,Seed,1600000,1725000
6051d3e755cc1d1c8aed105d,Bimaplan,bimaplan.co,https://bimaplan.co/home,2023-10-23,Seed,3500000,6500000
60525478e214b51f4b8dc57d,Whalesync,whalesync.com,https://www.whalesync.com/,2023-01-26,Seed,1800000,1925000
60528475e214b51f4b8f2015,Fleek,joinfleek.com,https://joinfleek.com,2026-07-08,Series B,25000000,55179258
6055420ecf181c1f79d639a3,Talus,talus.bio,https://www.talus.bio/,2025-02-21,Grant (prize money),1951023,19825000
6056bb0c79f5371e6b767d00,VideoGen,videogen.io,https://videogen.io,2026-09-09,Seed,3300000,3970000
6057b7d8c5a1b61f39af14d3,Million Software,million.dev,https://million.dev,2025-06-13,Series A,13647944,14147944
6058936e329a842facd4f34a,Wavedash,wavedash.gg,https://www.wavedash.gg,2025-12-16,Seed,4300000,4800000
6058b894c2f6111eb227aee9,Epsilon3,epsilon3.io,https://www.epsilon3.io/,2022-06-20,Series A,15000000,18925000
6058bb2fc2f6111eb227b711,Telmai,telm.ai,https://telm.ai,2023-05-17,Series A,8461497,11261497
6058c651c2f6111eb227d873,Armilla AI,armilla.ai,https://www.armilla.ai/,2025-06-06,Seed,1335000,6371023
605b1f232221f70e7e2a5965,Meru,meru.com.mx,http://meru.com.mx,2021-12-02,,,17525000
605bda9502306219fcfe0b6d,Ellipsis,ellipsis.dev,https://www.ellipsis.dev/,2024-04-11,Seed,2000000,2500000
605c86747529980e4768df7a,QuestBook,questbook.app,https://questbook.app,2022-05-18,,,8950000
606c7c804bd0251f4c15b112,Adaptyv Biosystems,adaptyvbio.com,https://www.adaptyvbio.com/,2026-08-27,Series A,40000000,50625000
606fa15cb0ce7e1f44f38494,Hive Health,ourhivehealth.com,https://www.ourhivehealth.com/,2024-07-24,Seed,6500000,6625000
6078cf1b658c951fa4588a53,Tuva Health,tuvahealth.com,https://www.tuvahealth.com/,2024-12-12,Seed,5000000,5500000
607ecab9801f6d1e93949c36,Therify,therify.co,https://therify.co,2023-08-30,Seed,2500000,4000000
6081b603df77e41cfe74d208,Blacktop Hoops,blacktophoopsvr.com,https://www.blacktophoopsvr.com/,2023-04-18,Seed,5100000,5600000
60833149ff9f7458075a06fc,Birch Biosciences,birchbiosciences.com,https://www.birchbiosciences.com/,2025-04-16,Grant (prize money),1906484,500000
6087b93521be5095b0bb11a8,Somos,somosinternet.co,http://somosinternet.co,2025-09-01,Series A,18000000,40000000
6089d95d00425e1d2b4b5373,Redcliffe Labs,redcliffelabs.com,https://redcliffelabs.com,2024-09-17,Series C,42000000,116422608
60949807ad89161d0d4954c0,Float Health,float.health,http://float.health,2023-07-31,Series A,9990994,10490994
60960b782e52651cdd1e227b,Pivo,pivo.africa,http://pivo.africa,2022-11-21,Seed,2000000,3050000
60a2b311ad72821cef00ca63,Harmonic Discovery,harmonicdiscovery.com,https://harmonicdiscovery.com,2022-09-08,Seed,8000000,8125000
60a4900af6f79297c5baa767,rct AI,rct.ai,https://www.rct.ai/en-us/,2022-03-14,Series A,4000000,14150000
60a700cc67074a1e829ce83a,Zeta Surgical,zetasurgical.com,https://www.zetasurgical.com/,2023-10-27,Seed,1081301,8156301
60a7e4e4d0e99c1e1aa17ec3,Identity Pass,myidentitypass.com,http://myidentitypass.com,2022-05-11,,,3160000
60a9089b84a11e4839af4891,Finku,finku.id,https://www.finku.id/,2022-05-12,,,3300000
60a93ddd84a11e4839b066d5,Conduit AI,conduit.ai,https://conduit.ai,2025-04-10,Seed,3100000,3100000
60a93ea684a11e4839b069fc,Bloop,bloop.ai,https://bloop.ai,2021-12-15,,,7432994
60aa8e90ccea6e1d377ac345,Monet,monet.com.co,https://www.monet.com.co/,2025-12-18,Series A,24000000,24125000
60ac93b6f943681d07327b98,Yummy,yummysuperapp.com,https://www.yummysuperapp.com/,2022-06-02,,,69000000
60b8dc6f41ef6b1d315db039,Swipe,getswipe.in,https://getswipe.in,2022-02-11,Seed,2000000,2039886
60c1072fe5df6a1e01b4481c,PropelAuth,propelauth.com,https://www.propelauth.com/,2022-07-27,,,3090000
60c3da9a8798e11dcd45d3b9,8vdX,8vdx.com,http://8vdx.com,2022-05-27,,,3000000
60c555bc1c9e8c1dc6cd5882,Refine,refine.dev,https://refine.dev,2024-05-07,Seed,2800000,3800000
60c8e1f2fbd6681e1f976c4a,Healia Health,healiahealth.com,https://healiahealth.com,2026-07-29,Series A,14000000,18000000
60ca8f5d1752111deddc49e6,Formal,joinformal.com,http://joinformal.com,2023-06-01,,,5800000
60cd41438d68491dff7d32f5,Pina,pina.earth,https://www.pina.earth/,2022-02-02,,,2500000
60ce0702188f531dc59b0f1f,Cosmic Robotics,cosmicrobotics.com,https://www.cosmicrobotics.com/,2025-04-16,Seed,4000000,4350000
60cfad839f4c521dbf95ff84,Zen,yayzen.com,https://www.yayzen.com/,2022-04-29,Seed,3500000,3625000
60d272f6dd31d91e21c87524,Invert,invertbio.com,https://invertbio.com,2024-06-25,Series A,20149993,20649993
60d4ddb3bcd4041ec95626ff,Mono,tarjetamono.com,http://tarjetamono.com,2022-06-17,Seed,6000000,6500000
60d5c302c99aec0de461c6a3,Chaos Genius,chaosgenius.io,http://chaosgenius.io,2023-01-03,Seed,3300000,3425000
60db5e66bc5e3d42d7a905e0,Dyte,dyte.io,https://dyte.io,2022-04-07,,,15470826
60e0e94e1690d81d7a361d1a,Vendah,vendah.com.br,https://vendah.com.br,2023-08-24,Seed,2444652,4121923
60e1f33fcc69931d5fb09eec,Array Labs,arraylabs.io,https://www.arraylabs.io/,2026-07-28,Series B,21000000,56928000
60e22114bdcb1a1eb26bfc51,UnReal Milk,unrealmilk.com,https://www.unrealmilk.com/,2022-01-01,Seed,2360000,2360000
60e5f2e5d36bb61e79736eff,Lion Pose,lionpose.com,https://lionpose.com,2023-07-17,Seed,3000000,3125000
60ee2f1878291e1e763ad9db,Algofi,algofi.org,http://algofi.org,2021-11-30,,,2922630
60f03a8f14bf150ddce5d5a2,Protex AI,protex.ai,https://www.protex.ai/,2025-01-30,Series B,36000000,54125000
60f4b0f94810811d6c8ac33d,Astro Mechanica,astromecha.co,https://www.astromecha.co/,2025-04-17,Series A,27100000,27600000
60f637f40cd4871ec985ee97,Trackstar,trackstarhq.com,https://trackstarhq.com,2023-12-04,Seed,2600000,3100000
60f87c042771131e8e46007d,SpecCheck,speccheckrx.com,https://www.speccheckrx.com/,2023-10-09,Seed,3700000,4200000
60f8f3a07326f70943cf6efe,Byte Kitchen,bytekitchen.io,https://www.bytekitchen.io/,2022-08-16,,,6000000
60f99ea56d4ba60ba19913d8,Zoios,zoios.io,https://www.zoios.io/,2024-04-24,Seed,1490296,1615296
60f9c4210fd0711d8838759e,OneSchema,oneschema.co,https://www.oneschema.co/,2022-11-18,Seed,6300000,6425000
60f9c6880fd0711d8838835c,Humand,humand.co,https://humand.co/en/,2026-02-23,Series A,66000000,66500000
60fb4a4a9d44921d99863d44,PINA,pina.id,https://pina.id,2022-07-03,Seed,3000000,3000000
60fb4f169d44921d998644ba,Meticulous,meticulous.ai,https://www.meticulous.ai/,2026-07-15,Series A,15000000,19125000
61005061ae44c70bbdd6a636,Playhouse,playhouse.so,http://playhouse.so,2022-04-05,,,2925000
6100ba4f6154621e720d5bbd,Mindstate,mindstate.design,https://www.mindstate.design/,2024-11-08,Series A,12698587,24323587
6106d38952f0761e778c60aa,RevisionDojo,revisiondojo.com,https://www.revisiondojo.com/,2025-03-16,Seed,3400000,3900000
610ae432ebdc3d1ed05ece34,Unravel Carbon,unravelcarbon.com,https://www.unravelcarbon.com/,2022-05-19,,,8750000
610de8d5d986481ee8757f8c,Gullak,gullak.money,https://gullak.money,2025-08-29,Series A,7500000,12746518
61115d805414a51f013e97ba,UpBanx,upbanx.com,https://upbanx.com,2022-01-01,,,5200000
61123e0295256d1e0dc4ea7a,Healthtech,healthtech1.uk,https://www.healthtech1.uk/,2024-07-04,Seed,3433482,3433482
611338876159811ee46b1067,Sensible Biotechnologies,sensible.bio,https://www.sensible.bio/,2023-02-21,Seed,4200000,4325000
6113421ad53dc20e495a0549,Mach9 Robotics,mach9.io,https://mach9.io,2024-07-03,Seed,14409828,14534828
6114a1e68e17851e9c7a43f3,Nomic,nomic.bio,https://nomic.bio,2024-09-17,Series B,42000000,63000000
61172b2c2bfe858606e5126a,Pluto,pluto.markets,https://pluto.markets,2026-02-05,Seed,6000000,9100000
61173cad0decd10f470acea1,Tenyks,tenyks.ai,https://www.tenyks.ai/,2022-03-07,Seed,3400000,3525000
611826d05e2e871eb35bfc78,Strong Compute,strongcompute.com,https://strongcompute.com,2022-05-30,,,8300000
611ea8d23948821ee500d780,Snab,snabfinance.com,https://snabfinance.com,2023-02-06,Seed,1187142,1687142
61264509c976ec0efc8fca08,Marathon Education,marathon.edu.vn,https://marathon.edu.vn,2022-10-06,Seed,5100000,7100000
6126801094a5871eb9011661,Durioo,duriooplus.com,https://duriooplus.com,2023-02-03,Seed,2850000,3350000
612e50b83b332d1ec4b9a4f9,Confido,confidotech.com,https://www.confidotech.com/,2026-09-22,Series B,55000000,77000000
6130a8accb812d0a797bf458,Abhi,abhi.com.pk,https://abhi.com.pk,2024-10-17,Conventional Debt,15000000,19125000
613773fdf4768f0a9142316b,Anfin,anfin.vn,https://anfin.vn,2022-06-22,Seed,4800000,6635000
6138e6622c6e16120b42bedc,Reliance Health,getreliancehealth.com,https://getreliancehealth.com,2022-02-07,,,48000000
613baea6b871c212537033c9,Stilta,stilta.com,https://stilta.com,2026-05-07,Seed,10500000,11000000
613f3fe8aca3740abb933b64,Opkit,opkit.co,http://opkit.co,2023-03-07,Seed,1000000,1125000
61410b9c3373221259dde261,Diversion,diversion.dev,https://www.diversion.dev/,2022-06-06,Seed,7425000,7925000
614a41f1b31ec414d025ebae,Posh Robotics,poshrobotics.com,http://poshrobotics.com,2022-06-22,,,3800000
614d01c5b4e53113f494b329,Zywa,zywa.co,https://zywa.co,2022-08-23,,,4000000
614d201fb4e53113f494de7b,Buildspace,buildspace.so,https://buildspace.so,2022-11-11,Series A,10000000,10500000
615cd878b427d7164add62b4,Bujeti,bujeti.com,https://www.bujeti.com/,2023-12-07,Seed,2000000,2500000
6160dc207f477d1668ff81de,Rally,rallyuxr.com,https://www.rallyuxr.com/,2025-04-07,Series A,11000000,20354989
61641bca90424a0d631806f5,Jiga,jiga.io,https://jiga.io,2025-11-18,Series A,12000000,16225000
61699b3f6c079f167eca36cc,HEO,heospace.com,https://www.heospace.com/,2026-09-21,Series B,25000000,32688292
616db7aea50fb3136b013699,Tola,usetola.com,https://usetola.com,2024-11-01,Seed,10200000,10200000
61734151b58a5214a3003cbc,Signatur Biosciences,signatur.bio,https://www.signatur.bio/,2025-05-25,Seed,7000000,7500000
617463cc7f95d8147cd91e44,Mintlify,mintlify.com,https://www.mintlify.com/,2026-04-17,Series B,45000000,66300000
6175c9ab48c0fa137ffd1a50,Campfire,campfire.to,http://campfire.to,2024-09-12,Seed,3950000,4450000
61760f4b3a5a6c14d5ba09a7,Radical,radicalaero.com,https://www.radicalaero.com/,2023-12-21,Series A,4500000,5000000
61795dc59fdfe0152b9d9740,Cashmere,cashmere.finance,http://cashmere.finance,2022-08-09,,,3500000
6182db709ff2b117bacfc3e5,AirMyne,airmyne.com,https://www.airmyne.com/,2024-03-20,Seed,6900000,7400000
618329159ff2b117bad1434d,Topship,topship.africa,https://topship.africa,2022-05-16,,,3000000
61847ebae1b176559666e6a2,Courtyard,courtyard.io,https://courtyard.io,2025-07-24,Series A,30000000,37500000
619454b571b73518c4cab160,Heptabase,heptabase.com,https://heptabase.com,2022-04-01,Seed,1700000,2200000
61948b0e71b73518c4cbb8f0,CheQ,cheq.one,https://cheq.one,2024-06-18,Seed,2213747,17786623
6197a11e76691160aeb169ab,Nu Mind,numind.ai,https://numind.ai,2023-03-30,Seed,3000000,3500000
6199c299ffe41b1a090ffc43,Zeitview,zeitview.com,https://www.zeitview.com/,2025-03-05,Series D,60000000,173957370
619a7ee8f6e0ba1a5f47d819,Nest Genomics,nestgenomics.com,https://www.nestgenomics.com/,2023-01-10,Seed,8500000,9000000
619b681f2f18c11929507d8e,Compra Rápida,comprarapida.co,https://comprarapida.co,2023-06-01,Seed,3558690,4268498
619cc60df8c24a19c10e9d0a,Industrial Next,industrialnext.ai,https://industrialnext.ai,2022-06-28,Seed,12000000,12500000
619d7419ed717041e224813d,Philippo,philippo.io,https://www.philippo.io,2022-01-04,,,1765000
61b54c64fd2ff03448936096,Impossible Metals,impossiblemetals.com,https://impossiblemetals.com,2022-06-21,,,10600000
61ba49b222ea585a71e1d792,Weave,weaveos.com,https://weaveos.com,2026-07-28,Series A,13500000,17700000
61bd19236e8de1784d907679,Andson Biotech,andsonbiotech.com,https://andsonbiotech.com,2025-10-17,Series A,5000000,9100000
61bf50b694e38b0f40384099,Slope,slopepay.com,https://slopepay.com,2024-07-17,Series C,65000000,127125000
61cc8a5241e4a60fd15deece,Odiggo,odiggo.xyz,http://odiggo.xyz,2023-02-01,Series A,2347000,11255998
61da40140a0e354917418910,Odys Aviation,odysaviation.com,https://www.odysaviation.com/,2025-10-09,Series A,26000000,38525000
61db77cd91228e752fa28eb0,LunaJoy,hellolunajoy.com,https://hellolunajoy.com,2024-04-16,Series A,4200000,8625000
61dea369c08e0050a782de84,Plover Parametrics,plover.insure,https://www.plover.insure/,2022-04-13,,,5200000
61df25850db591457c148dc7,Cerebrium,cerebrium.ai,https://cerebrium.ai,2025-07-07,Seed,8500000,9000000
61e4a22f0519c145487d04b8,REVER,itsrever.com,https://www.itsrever.com/en,2023-06-19,Series A,8204775,9666902
61ec4b64dc7eed7b9d868560,Better Opinions,betteropinions.in,https://betteropinions.in,2022-07-25,Seed,2500000,3500000
61ec7fbeece70a661d8b55c6,Proper,properfinance.io,https://www.properfinance.io,2022-06-08,,,4800000
61ed06daece70a661d8c1410,Complete,complete.so,https://www.complete.so/,2022-08-22,,,4500000
61f42ceb1015e51e79d6122a,Strac,strac.io,https://www.strac.io/,2022-07-21,,,4000000
61f9e9c6e0a3b341f15aa132,Remi Labs,remilabs.xyz,https://www.remilabs.xyz/,2024-07-26,Series A,23326685,23826685
61fe23192478465d4d6182a9,Seabound,seabound.co,https://www.seabound.co/,2025-08-20,Grant (prize money),1485121,6800000
6204033ba4112369e3cb7d39,Mooji Meats,moojimeats.com,http://moojimeats.com,2022-04-02,,,2500000
62080c0a8dfffc4e37a966ad,Nucleus,usenucleus.cloud,http://usenucleus.cloud,2023-01-16,Series A,2100000,2600000
620814338dfffc4e37a99023,Axle,axle.insure,https://www.axle.insure/,2026-08-11,Series A,17500000,22000000
6212a5c3b39f93682daf1938,Coba,coba.ai,https://www.coba.ai/,2024-02-09,Seed,2200000,2200000
6212f394b38c9e6464152b1b,Byterat,byterat.io,http://byterat.io,2023-10-27,Seed,4000000,4000000
621629870f0e03650f8beab9,Criya,criya.co,https://www.criya.co,2024-08-17,Seed,5350000,5850000
62170df8234bbf703f52c976,Noble,benoble.io,http://benoble.io,2022-09-21,Series A,18000000,18125000
6220f802c0989b0203b280b5,Arva AI,arva-ai.com,http://arva-ai.com,2025-01-14,Seed,3000000,3500000
622b8e3c6cb60c34f11a7600,Ivy homes,ivy.homes,https://ivy.homes,2022-06-06,,,6250000
622dfba684bdb4750e636a1b,Seaflight Technologies,seaflight.tech,https://www.seaflight.tech/,2022-10-21,Seed,885748,955805
62331290d9769b0847480d57,Bloom,bloom.vdtrxn,,2022-07-20,Unattributed,6500000,6500000
6233471686ceb643a05f52bc,Bitstack,bitstack-app.com,https://bitstack-app.com/en,2025-12-02,Series A,15000000,23903850
623382ea86ceb643a062074c,Insempra,insempra.bio,https://insempra.bio,2024-05-08,Series A,20000000,35500000
62388ea4e8e529644f8ed027,Cashboard,cashboard.finance,https://cashboard.finance,2026-07-23,Seed,5000000,5500000
6239b03eba334104c75d8bfe,Autone,autone.io,https://autone.io,2024-10-16,Series A,17000000,23783130
623a9886d6e74e04a1aecf46,Aragorn,aragorn.ai,https://www.aragorn.ai/,2025-09-12,Seed,4300000,5526000
623d7157ead45b1742f22801,Infeedo AI,infeedo.ai,https://www.infeedo.ai/,2022-03-15,Series A,12000000,20040345
623f6d0ec5b1f759c8b752cb,SideGuide,sideguide.dev,https://www.sideguide.dev/,2025-07-01,Series A,17223686,18100686
624d64e93e88840bb3558b60,KASO,kaso.ai,https://kaso.ai,2023-07-12,Seed,10500000,13100000
62599721d99ae17ea3c298d0,Finni Health,finnihealth.com,https://www.finnihealth.com/,2023-06-12,Seed,3200000,3950000
6278d3a4346b6e68451d50c7,Capitol,capitol.ai,https://www.capitol.ai/,2022-11-21,Seed,10000000,10500000
62792f06622f4527be0a36c8,Yoshi,yoshimobility.com,https://www.yoshimobility.com,2024-04-10,Series C,26000000,90613885
62849eb3b32d3d6b7cc4a296,Xiaoman Technology,xiaomantechnology.vdtrxn,,2022-01-01,,,1100460
62891091c4801a596b04a0d2,Fynn,fynncredit.com,https://www.fynncredit.com,2023-03-07,Conventional Debt,25000000,15000000
6298c4b6cbdc1a240f058c96,Nango,nango.dev,https://nango.dev,2026-04-01,Seed,7500000,8000000
62a3d60673b3b117e910f2a5,Jasmine,jasmine.energy,http://jasmine.energy,2025-12-08,Conventional Debt,25000000,3000000
62a52f4466dbb649764af4fb,Shipoway,shipoway.com,https://www.shipoway.com/,2025-08-22,Seed,4000000,4000000
62abaf3ef5673d57b013162d,PERSIST.AI,persist-ai.com,https://www.persist-ai.com/,2025-05-19,Series A,12000000,16670000
62b2f3864b9cb2601020b93e,Rerun,rerun.io,https://rerun.io,2025-03-20,Seed,17000000,20365504
62b30c18eac614215448a17c,Recall.ai,recall.ai,https://www.recall.ai/,2025-09-04,Series B,38000000,50700000
62b35551bea0d1136f302b72,shuttle,shuttle.rs,http://shuttle.rs,2025-10-23,Seed,6000000,6000000
62b36e9937a2263f6e25d16a,Proglix,proglix.com,https://proglix.com,2023-02-24,Seed,1350000,1850000
62b899eb2a4db00ad88674c7,EthosX,ethosx.finance,https://ethosx.finance,2023-12-13,Seed,1799998,2299998
62bf31e8097c184ae751c926,Planet A Foods,planet-a-foods.com,https://planet-a-foods.com,2024-12-05,Series B,30000000,73330948
62c235ecea12c072f376a4cf,HyLight,hylight.aero,https://hylight.aero,2024-04-15,Series A,3937096,4137095
62c62c65662ece02c169a1e2,Sematic,sematic.dev,https://www.sematic.dev/,2022-11-17,Seed,3000000,3500000
62c70eaef9beb179e98d904a,Infisical,infisical.com,https://infisical.com,2025-06-06,Series A,16000000,19300000
62c9a62404e5fc53211dd600,Cone,getcone.io,https://www.getcone.io/,2023-03-29,Seed,1657498,2157498
62c9d6100ce9a326ce365b69,SilkChart,silkchart.com,https://silkchart.com,2022-12-07,Seed,5200000,5700000
62d49bf27a0f133faad92f09,Numeral One,numeralhq.com,http://numeralhq.com,2025-09-18,Series B,35000000,57000000
62d50d145796520fd60b93aa,Drip,dripapp.com.br,https://dripapp.com.br,2023-10-02,Series A,8000000,8500000
62e5e43bf414eb75baada05e,Kombo,kombo.dev,https://www.kombo.dev/,2022-11-01,Seed,2500000,3000000
62e7762405b37b4bd40cf01d,Overwatch,overwatchdata.io,http://overwatchdata.io,2025-01-22,Series A,7379998,7879998
62ea96b0407cf51c027c31b5,Floworks,floworks.ai,https://www.floworks.ai/,2023-06-02,Seed,1500000,1750000
62ecb0fc407cf51c02819199,Coris,coris.ai,https://www.coris.ai/,2024-02-01,Seed,3700000,4200000
62f836fc15aae92a575d82cc,Planbase,joinplanbase.com,https://www.joinplanbase.com/,2025-11-04,Seed,2100000,2600000
62f927b36f9b0265d527cd40,CandorIQ,candoriq.com,https://www.candoriq.com/,2025-07-22,Seed,4800000,5300000
62f9cc784684223233f35e38,Malama Health,heymalama.co,https://heymalama.co,2026-03-12,Grant (prize money),3300000,6025000
62fd6c72f20ba7218b0b859b,Omnistrate,omnistrate.com,https://omnistrate.com,2023-04-28,Seed,5200000,5200000
63046f93868abc197951c52e,Suger,suger.io,https://www.suger.io/,2025-02-12,Series A,15000000,19000000
6305338d129d2214343cb8fb,SRE.ai,sre.ai,https://www.sre.ai/,2025-08-20,Seed,7200000,7699998
6308b1bd41df99352f49c282,Oven,oven.sh,http://oven.sh,2022-08-26,,,7000000
630920b47fc7ba70a57ec289,Trayd,buildtrayd.com,https://www.buildtrayd.com/,2026-03-25,Series A,10000000,15115000
630ac18cd794e3436e57d241,Streamdal,streamdal.com,https://streamdal.com,2023-02-08,Seed,5400000,12792507
631e8043033e427d74f5f18a,ShortLoop,shortloop.dev,https://shortloop.dev,2023-07-18,Seed,2734999,2734999
631ee2c677217c487f50c113,Tangia,tangia.co,https://www.tangia.co,2022-10-18,Seed,1200000,2100000
632cb62a152e4a121d722c19,Cambio,cambio.ai,https://cambio.ai,2026-01-22,Series A,18000000,18625000
632d33b50af0a125aa68f1d6,Sirdab,sirdab.co,https://www.sirdab.co/,2026-09-06,Series A,10000000,10500000
632d8ac6cdc33b4d8ab5bab7,Netmaker,netmaker.io,https://www.netmaker.io/,2022-10-20,Seed,2300000,2800000
632fb3a8582b896d0f2360e7,SiPhox Health,siphoxhealth.com,https://siphoxhealth.com,2023-07-19,Series A,17000000,31945000
6338fc87903df237d5731aed,autarc,autarc.energy,https://www.autarc.energy/,2024-12-12,Series A,8823627,9323627
63417909a08ebb21213ce910,Onyx,onyxprivate.com,https://www.onyxprivate.com/,2023-05-22,Series A,4100000,4100000
6342d05277cbf115d43ef316,Cercli,cercli.com,https://www.cercli.com/,2025-10-21,Series A,12000000,16500000
6367052f98fa097a17b16121,Shekel,shekelmobility.com,https://www.shekelmobility.com/ng,2023-11-13,Series A,3200000,5150000
63681b8cca849c1747e0d48e,Blank Bio,blank.bio,https://www.blank.bio/,2026-05-19,Seed,7200000,7200000
636975d1cbf28d48f99958a9,ARQ,arqfinance.com,https://www.arqfinance.com/en-MX,2026-03-04,Series B,70000000,75000000
636c7b984ccc9e2e919ef5c6,Poko,pokoapp.xyz,http://pokoapp.xyz,2023-06-15,Seed,4500000,5000000
637393b96cef613096c32db3,Pylon,usepylon.com,https://www.usepylon.com/,2025-08-14,Series B,30999977,53869977
6379b6bfaaeaed62c7a05028,ECSA,ecsa.finance,https://ecsa.finance,2023-03-09,Seed,3000000,3000000
637ff91939ffcb32f897443c,Nino Partner,ninopartner.com,https://ninopartner.com,2021-12-13,,,1725000
63828857f1abbb53db95fc5a,Tarsal,tarsal.co,http://tarsal.co,2024-03-21,Seed,6000000,6000000
63838963a18514257d34d697,Reditus Space,reditus.space,https://www.reditus.space/,2025-12-01,Seed,7100000,7600000
638bbb2ec21b355295eea91b,Pier Finance,pier-finance.com,https://pier-finance.com,2024-01-11,Seed,2400000,2900000
6396765ed02dff06bc212fd4,TaxGPT,taxgpt.com,https://www.taxgpt.com/,2025-02-06,Series A,4600000,5224999
63a086c6d7030932cfe8d413,Credal,credal.ai,https://www.credal.ai/,2023-10-26,Seed,4800000,5300000
63a462e410cba56ab542590a,Presti,presti.ai,https://www.presti.ai/,2024-07-16,Seed,3488752,3988752
63a46e2a10cba56ab542aff6,Yuma,yuma.ai,https://yuma.ai,2024-09-05,Series A,5000000,5750000
63a4c529aa50c4650c36a45f,Levo Treasury,levotreasury.io,http://levotreasury.io,2022-06-22,,,1325000
63a4c6320f30921f426ee740,Rubber Ducky Labs,rubberduckylabs.io,https://www.rubberduckylabs.io/,2023-06-22,Seed,1500002,2000002
63abf0029e81a311cfc5916c,GoodCourse,goodcourse.co,http://goodcourse.co,2021-11-10,,,1273068
63c31898fb2aba5c112b0131,Malga,malga.io,https://malga.io,2025-03-06,Series A,5500000,10339165
63c4b8ab83a0c06bc1beabc4,Outset,outset.ai,https://outset.ai,2025-12-10,Series B,30000000,51300000
63c61464e469e006eaebbb63,Truss,trusspayments.com,https://trusspayments.com,2022-11-03,Series A,4010000,4769268
63c7212cf247b218a53addd4,Getasap,getasap.asia,https://www.getasap.asia/,2025-07-22,Series A,3450000,3450000
63c81419e929fb1d116b2b9d,Defog,defog.ai,https://defog.ai,2023-11-22,Seed,2200000,2700000
63ca57c937efee75d381350f,SpaceFlow,spaceflow.tech,https://spaceflow.tech,2026-07-02,Seed,1000000,1000000
63cc47eb24a07b32e7a8fcc2,OmniRetail,omniretail.africa,https://omniretail.africa,2025-04-28,Series A,20000000,20000000
63cf174d7e40085735ab2d37,Powder,powderfi.com,https://www.powderfi.com/,2024-07-23,Seed,5000000,5500000
63d1527e50bce7400cf3f708,Intrinsic,withintrinsic.com,http://withintrinsic.com,2024-01-02,Seed,3100000,3600000
63d19b5c7de2153182d7cc72,Metal Technologies,getmetal.io,http://getmetal.io,2023-06-26,Seed,2500000,2500000
63d2ea5e70b4b24b50cc3ea0,Campfire,meetcampfire.com,http://meetcampfire.com,2025-06-30,Series A,35000000,39000000
63dc095ffbeaec47c613413c,JuiceBox,juicebox.ai,https://juicebox.ai,2026-03-10,Series B,80000000,116000000
63dc60e24b15641c5949166d,Sohar Health,soharhealth.com,https://www.soharhealth.com/,2025-03-28,Seed,3800000,4299998
63dd02815118892cef0d7467,Vellum,vellum.ai,https://vellum.ai,2025-07-10,Series A,20000000,25500000
63dd256e5118892cef0f10af,Wild Moose,wildmoose.ai,https://www.wildmoose.ai/,2025-10-28,Seed,7000000,7500000
63dddff65118892cef13d058,Anarchy,anarchy.ai,https://anarchy.ai,2023-01-01,Seed,2000000,2000000
63de331b5118892cef15045e,Lavo Life Sciences,lavo.ai,http://lavo.ai,2025-07-11,Grant (prize money),1213322,500000
63e04bdf9f1b697c6ca72b4e,Accend,withaccend.com,https://www.withaccend.com/,2024-07-09,Seed,3200000,3700000
63e4001588c6c4417e5eee45,Finto,gofinto.com,https://www.gofinto.com,2026-07-08,Seed,3400000,3900000
63e599a57a469f3dad104f10,Vocode,vocode.dev,http://vocode.dev,2024-02-08,Seed,3250000,3750000
63f46af57f1b0e30b4b15035,Illumion,illumion.io,https://illumion.io,2024-12-03,Seed,2661561,3161561
63f63713e7c58e1249032725,Channel Robotics,channelrobotics.com,https://www.channelrobotics.com/,2026-06-02,Seed,4718586,6818586
63f7bfea5b86386ef7c03425,Infield,infield.ai,https://infield.ai,2024-01-17,Seed,3000000,3000000
6406dc95bc28af3e96bb6eec,SpeedyBrand,speedybrand.io,https://speedybrand.io,2023-07-17,Seed,2500000,3000000
6406e73456c16a2a25104a71,Clueso,clueso.io,https://www.clueso.io/,2024-04-24,Seed,1400000,1900000
640edc128dcd32470af4db9d,Truewind,truewind.ai,https://www.truewind.ai/,2025-01-16,Series A,13000000,17000000
640f4401cc82951374213e3a,Kintsugi,trykintsugi.com,https://www.trykintsugi.com/,2025-04-14,Series B,24984670,34984670
64106a9e9d181517c3569505,Persana,persana.ai,https://persana.ai,2024-11-01,Seed,2300000,2800000
64148ab07e55c0202c2a5e99,Velorum Therapeutics,velorumtx.com,https://www.velorumtx.com/,2025-06-03,Grant (prize money),772293,500000
6415037d91c51f3a6701ccca,Circleback,circleback.ai,https://circleback.ai,2024-11-27,Seed,2500000,3000000
6419d835cd900d3587efe1fd,LanceDB,lancedb.com,https://lancedb.com,2025-06-24,Series A,30000000,41000000
642a3688e5b1102fcaee2bc4,Wondercraft,wondercraft.ai,https://www.wondercraft.ai/,2024-01-29,Seed,3000000,3500000
642c2ee757bc9a42b6e335b5,The Prompting,promptingcompany.com,https://promptingcompany.com,2025-10-30,Seed,6500000,6500000
642d7ed1c89c2a03c265fe34,Flair Labs,flairlabs.ai,https://flairlabs.ai,2026-07-24,Series A,4000000,4000000
642f2c84992dad7e70cfb92e,Uplift,upliftai.org,https://upliftai.org,2026-01-29,Seed,3500000,3500000
643846dbcd0160283f3a794c,General Proximity,generalproximity.bio,https://www.generalproximity.bio/,2025-01-04,Seed,16000000,16000000
644011d6ada9317d78505fd6,Atla,atla-ai.com,https://atla-ai.com,2023-12-07,Seed,5000000,5499998
644588a72dcfa96a0f6ccdc1,Langfuse,langfuse.com,https://langfuse.com,2023-11-07,Seed,4000000,4500000
6446a5316b858c7a854a0a1e,Sante,santehq.com,https://www.santehq.com/,2026-02-12,Seed,7600000,8100000
644df7a05d5c1450dbb211f2,Adni,adni.co,https://www.adni.co/,2022-05-09,Seed,1250000,1375000
6451525ffc14ff7b94c2a6fd,Tamarind Bio,tamarind.bio,https://www.tamarind.bio/,2025-05-02,Series A,13559984,14059984
64515fb6232ee70b02cad749,PandasAI,pandas-ai.com,https://pandas-ai.com,2023-09-29,Seed,1100000,1600000
64555d9145b1993b62cc8785,Reforged Labs,reforgedlabs.com,https://reforgedlabs.com,2024-08-14,Seed,3900000,3900000
6459495cd5a3cd3e3ce116d6,Rove,rovecard.com,http://rovecard.com,2026-02-27,Series A,3999999,4499999
646ba5ead83008659513762e,CorgiAI,corgilabs.ai,https://www.corgilabs.ai/,2025-04-29,Series A,3581499,4081499
646bc0840a21822880cf859a,Flint,flintk12.com,https://flintk12.com,2025-11-06,Series A,15000000,15500000
647b9739f9b7c9166b3e8be0,Eventual,eventual.ai,https://www.eventual.ai/,2025-06-24,Series A,20000000,30000000
647bba3010a30a4c12fe853b,Pythagora,pythagora.ai,https://www.pythagora.ai/,2024-05-14,Seed,4000000,4000000
647ce311930a1e1e0e38543d,Azalea Robotics,azalearobotics.com,https://www.azalearobotics.com/,2023-12-01,Series A,3857600,4357599
6484a77ef1c23461a23fcc8d,Argil,argil.ai,https://www.argil.ai/,2024-11-27,Seed,4088370,5648580
64876edd39070a7fc87facbc,Elyos Energy,elyosenergy.com,http://elyosenergy.com,2023-10-13,Seed,3000000,3000000
648b4d2c815c451d04d42a94,Cheq,chequpi.com,https://www.chequpi.com/,2022-06-29,,,10808400
64916ad77f7fc979918eb0d0,Tube 11,tube11.in,http://tube11.in,2022-07-25,,,3500000
6491f5df7e14850155dccab2,Automat AI,runautomat.com,https://runautomat.com,2025-11-20,Series A,15500000,19250000
6491fcf57e14850155dcf644,Retell,retellai.com,https://www.retellai.com/,2024-08-27,Seed,4600000,5100000
6499d40b0bf2a240c43e991c,CatX,catxre.com,https://www.catxre.com,2023-11-23,Seed,2700000,2700000
649de4f9581b104a6a841bd5,Valink Therapeutics,valinktx.com,https://valinktx.com,2025-10-20,Seed,11800000,19600000
64a72707f04a7d0ce7b55a5d,Martin,trymartin.com,https://www.trymartin.com/,2025-01-30,Seed,2000000,2000000
64ab1472d1c40226df18da48,Throxy,throxy.com,https://throxy.com,2025-09-04,Seed,6173917,6673917
64ac571dd218c01f4633a6e2,OmniAI,getomni.ai,https://getomni.ai,2024-06-22,Seed,3200000,3700000
64b4342a4d0a7c3ad49760d2,StackWealth,stackwealth.in,https://stackwealth.in,2021-12-16,,,4917349
64b6f97746b2cf7843139c36,Elodin,elodin.systems,https://www.elodin.systems/,2024-02-01,Seed,2000000,2613000
64bc65ec79429e0a4dcd7e84,Artie,artie.so,http://artie.so,2024-02-14,Seed,3300000,3800000
64c922e4f00b0d28acb6e31b,Sully,sully.ai,https://www.sully.ai/,2025-01-09,Series A,21832120,34798118
64da7d18e024895525454ae2,Partna,getpartna.com,https://getpartna.com,2021-12-01,Seed,650000,650000
64dc144cea55da36e83d5590,FleetWorks,fleetworks.ai,https://www.fleetworks.ai/,2025-10-15,Series A,17000000,17000000
64dfc7430430326c8de4fc1b,Confident AI,confident-ai.com,https://www.confident-ai.com/,2025-04-22,Seed,2200000,2700000
64e23234a0043e6ac5f21f22,ParadeDB,paradedb.com,https://www.paradedb.com/,2025-07-14,Series A,12000000,12000000
64ec3617231eec6d8715e2bc,Bland,bland.ai,https://www.bland.ai/,2026-06-16,Series C,50000000,115000000
64f8a10aacce0f64cf84e134,SuperKalam,superkalam.com,https://superkalam.com,2024-05-22,Seed,2000000,2530597
65013736d8d10b37de4fc17d,Hyperbound,hyperbound.ai,https://www.hyperbound.ai/,2025-09-15,Series A,15000000,18000000
650328a951b6d750e6ee259a,Intelliga Voice,intelligavoice.com,http://intelligavoice.com,2024-12-19,Series B,37599975,59931774
650b388800ee1431a6c0a6f5,AndAI,tryandai.com,https://www.tryandai.com/,2025-02-07,Seed,6500000,7000000
650c61dcdd33430cf4d64ecd,TrueClaim,trytrueclaim.com,https://www.trytrueclaim.com/,2024-04-30,Seed,2100000,2100000
650fee195920be4c19e629ba,Athina,athina.ai,https://www.athina.ai/,2024-11-14,Seed,3000000,4100000
65170926d6298467780394fa,S2,s2.dev,https://s2.dev,2026-02-25,Series A,3850000,5500000
65176e911c5d0648ef48949e,Osium,osium.ai,https://osium.ai,2023-11-24,Seed,2600000,3100000
651ce6144416a45f99143d7e,Crux,getcrux.ai,https://www.getcrux.ai/,2024-02-09,Seed,2600000,2600000
652308d7308aa14d6525f758,6thSense,6thsense.dev,http://6thsense.dev,2026-07-08,Seed,658115,658115
65295cabfec228492acef04d,Yenmo,yenmo.in,https://yenmo.in,2025-03-07,Seed,1055700,1555700
652e84159d839c47e521e4ce,Coval.ai,coval.ai,http://coval.ai,2026-06-23,Series A,28000000,31300000
652fb2222501b43b70ec45fe,Cosine,cosine.sh,https://cosine.sh,2024-08-12,Seed,2500000,8000000
652ffe4da2d1347e66462126,Revise Robotics,reviserobotics.com,https://www.reviserobotics.com/,2025-02-21,Series A,3617975,4117975
6532c710fbc96b26fabe9af5,Casca,cascading.ai,https://www.cascading.ai/,2025-08-19,Series A,29000000,33000000
6532d2a20ad99737ca9233e6,Olio Labs,oliolabs.co,https://oliolabs.co,2025-03-20,Series A,4500000,5000000
65348513e1d51f2e204ff7e6,Piramidal,piramidal.ai,https://piramidal.ai,2024-08-21,Seed,6000000,6500000
6536b0e9dca0926165ef12cd,Haplotype Labs,haplotypelabs.com,https://www.haplotypelabs.com/,2024-03-29,Seed,1100000,1100000
653802a8f7e3f55d82c8edbd,Finvest,getfinvest.com,https://www.getfinvest.com/,2023-06-01,,,2700000
6548747b205ae454f99efb71,VectorShift,vectorshift.ai,https://vectorshift.ai,2024-02-22,Seed,3000000,3500000
65493f6d7a13ba4c89e96abd,Yoneda Labs,yonedalabs.com,https://www.yonedalabs.com/,2024-04-26,Seed,4000000,4500000
654f8dfdaf489f34f83076d2,CompUp,compup.io,https://www.compup.io/,2023-02-15,Seed,2500000,4694343
6553e19e5bc2ef61876c5059,Salvy,salvy.com.br,https://salvy.com.br,2024-05-13,Seed,1938390,2438390
655bea328709f7366fe7e546,Momentic,momentic.ai,https://momentic.ai,2025-11-14,Series A,18609221,22809221
65636bafa92be46bc236c9ec,RetailReady,retailreadyai.com,https://www.retailreadyai.com/,2024-06-12,Seed,3300000,3300000
6563f7279fb3bf589c3d5a6a,Reducto,reducto.ai,https://reducto.ai,2025-10-14,Series B,75000000,107900000
656a36c3720b8264f7e366d1,Ryse,rysemarket.com,https://www.rysemarket.com/,2025-02-26,Series A,5900749,6400749
656b7244d2ff98599aa320ac,Fluently,getfluently.app,https://getfluently.app,2024-06-28,Seed,2000000,2500000
657061e6a872a970c68bd441,Beyond Reach Labs,beyondreachlabs.com,https://beyondreachlabs.com,2026-07-17,Seed,10000000,10500000
6571d6100d6fa62b83871954,Codeant AI,codeant.ai,https://www.codeant.ai/,2025-05-08,Seed,2000000,2500000
658083b20a83f80394c2990b,phospho,phospho.ai,https://phospho.ai,2024-01-17,Seed,1851912,1851912
658702091b037b7d9536d9b6,Granza Bio,granzabio.com,https://www.granzabio.com/,2024-07-03,Seed,7140000,7640000
6592dd632820795b4047501c,DianaHR,getdianahr.com,https://www.getdianahr.com/,2025-09-15,Seed,3700000,4200000
659c1b854adac626b198c819,ParcelBio,parcelbio.com,https://parcelbio.com,2026-02-06,Seed,13174977,13174977
659df14435796e520dd9658f,Matterworks,matterworks.ai,https://www.matterworks.ai/,2022-03-15,,,15900000
65a15dcf6a0ad440d506b9fb,Risotto,tryrisotto.com,https://www.tryrisotto.com/,2026-01-27,Seed,10000000,10500000
65a180c937fe10346462edbd,Lancey,lancey.ai,https://www.lancey.ai/,2022-12-05,Seed,1484172,1484172
65a1834137fe1034646309bc,Wordware,wordware.ai,https://www.wordware.ai/,2024-11-21,Seed,30000000,30500000
65a42be48e01b437dccae35e,Claimsorted,claimsorted.com,https://claimsorted.com,2025-10-13,Seed,13300000,16800000
65a5d9637775771b47bf4693,Phonely,phonely.ai,https://www.phonely.ai/,2025-12-19,Series A,18349493,18849493
65a948e7dcf4010fc4ee1209,SyntheticFi,syntheticfi.com,https://www.syntheticfi.com/,2026-06-09,Seed,13000000,13000000
65b2e2a466d5c33b17ff005c,DeepNight,deepnight.ai,https://deepnight.ai,2025-02-27,Seed,5500000,6000000
65b559373e0aa87e7f4aa8a4,justwords,justwords.ai,http://justwords.ai,2024-08-27,Seed,1700000,2340000
65b94361bf04f12c0ed5f889,Argon AI,argon-ai.com,https://argon-ai.com,2025-07-02,Seed,5500000,11515000
65bcb3a23c55e134f9105f10,Diligent,godiligent.ai,https://www.godiligent.ai/,2026-03-04,Seed,2500000,3000000
65d3a184d2d1702d8ed4a856,Synch,withsynch.com,http://withsynch.com,2024-03-12,Seed,3000000,3000000
65d4283899de2f5a0bf9ceee,Manifold Freight,manifoldfreight.com,http://manifoldfreight.com,2024-05-20,Seed,1900000,2400000
65d47e385a3e9723df3bc5bd,Infinity,infinityapp.in,https://www.infinityapp.in/,2024-12-10,Seed,1900000,2400000
65da29c67b68ca21519b2f80,Blacksmith,blacksmith.sh,https://www.blacksmith.sh/,2026-08-13,Series C,66264021,128838001
65dbb5a8d094b34f81a47637,Navier,navier.ai,https://navier.ai,2025-12-15,Seed,5600000,6100000
65deb818b8c4d55c347bd71b,Klarity,klarity.ai,https://www.klarity.ai/,2024-06-24,Series B,70000000,90000000
65df8c857b030634c9cb1046,Laminar,lmnr.ai,http://lmnr.ai,2026-03-18,Seed,3000000,3500000
65e9dd5a88710d398f364f58,Rulebase,rulebase.co,https://www.rulebase.co/,2025-09-26,Seed,2100000,2599998
65eaa14a0bf7671f1d92c54d,Truth Systems,truthsystems.ai,https://www.truthsystems.ai/,2025-10-28,Seed,4000000,4000000
65fb603d8258911117d3f8b0,Vapi,vapi.ai,https://vapi.ai,2026-02-26,Series B,50000000,75224997
6604d36f7fd2d6650a39326c,Conveo,conveo.ai,https://conveo.ai,2026-09-02,Series A,50000000,55745205
6607fe73a892f153a0974588,Pasito,pasito.ai,https://pasito.ai,2026-02-03,Series A,21000000,24375000
660b87fa58955300a91c8986,Integration Labs,integrationlabs.co,http://integrationlabs.co,2023-05-22,Seed,1500000,2000000
660d2bcce08bab0ba5a7fb44,Datacurve,datacurve.ai,https://datacurve.ai,2025-10-09,Series A,15000000,18200000
660d975167b6cb29dc68ad29,OffDeal,offdeal.io,https://offdeal.io,2024-09-18,Seed,4700000,5200000
660e2927f9a79e192c1ff8fe,Guide Labs,guidelabs.ai,https://www.guidelabs.ai/,2025-12-04,Seed,9000000,18815640
6616b8213c1b990a7ee2cd0f,Plume,plumefinder.com,https://www.plumefinder.com/,2026-04-09,Series A,3854301,4354301
6616c7533ef82e32f161a97a,Nunu.ai,nunu.ai,https://nunu.ai,2025-03-13,Seed,6000000,8000000
6616dd53957dbe6f992775d5,Firecrawl,firecrawl.dev,https://www.firecrawl.dev/,2026-09-22,Series B,75000000,91200000
66229d546614180685af256d,Pharos,pharos.health,https://pharos.health,2024-10-25,Seed,5000000,5500000
662942e6f7d5d03827165322,Sirka,sirka.health,https://www.sirka.health/,2022-02-07,Seed,2600000,2725000
662e87cd0b74df1bec9950eb,Gumloop,gumloop.com,https://www.gumloop.com/,2026-03-12,Series B,50000000,70600000
6630a587126e4b6e5a43b356,Venta,getventa.ai,https://www.getventa.ai/,2025-07-03,Seed,2000000,2000000
6633428bf9dbe607a0bc1247,Leadbay,leadbay.ai,https://www.leadbay.ai/,2026-05-19,Seed,4300000,4800000
66335cc9e8ae1e05c33b2d7c,Taxo,taxo.ai,https://taxo.ai,2025-03-27,Seed,5000000,5500000
663683231c27074430ea1779,Coval,coval.dev,https://www.coval.dev/,2025-01-23,Seed,3300000,3799999
663f963cd097873f5d697a20,Emobi,emobi.ai,https://www.emobi.ai/,2026-01-28,Seed,3400000,3900000
664241f6ecff9817b73ed2d5,Ember,embercopilot.ai,https://www.embercopilot.ai/,2025-11-19,Seed,4300000,4800000
664f784d41cf632d2f016523,Podium Automation,podiumautomation.com,https://www.podiumautomation.com/,2026-06-15,Series A,18000000,23000000
6653771e508c5f7e820f39ed,GovEagle,goveagle.com,https://www.goveagle.com/,2025-03-06,Seed,2500000,2500000
6654d161771b633d295578f7,Cartage,cartage.ai,https://www.cartage.ai/,2024-10-10,Seed,3300000,3800000
6659fd683bcf7061149d00c6,Zimi,withzimi.com,http://www.withzimi.com,2024-10-11,Seed,2000000,2500000
6665e1209aac3710565ca664,Kita,kita.ai,https://kita.ai,2026-08-24,Seed,4500000,5000000
6665e242c34936034d24179f,Spinach,spinach.ai,https://www.spinach.ai/,2022-08-02,Seed,6000000,9250000
6667bea088a7283b3b104ab7,Hamming,hamming.ai,https://hamming.ai,2024-12-18,Seed,3800000,4300000
666915c561e7b17402a22ed4,AdvantageClub.ai,advantageclub.ai,https://www.advantageclub.ai/,2024-12-02,Seed,4000000,11000000
666ca178bc5b98285771326c,Zeit AI,zeit-ai.com,https://www.zeit-ai.com/,2026-09-03,Seed,5791000,6291000
6671616614810b6b25047b98,Unfaze,unfaze.ai,https://unfaze.ai,2024-06-12,Series A,6000000,6000000
6673bad11e9f5233a6f71d38,Mem0,mem0.ai,https://mem0.ai,2025-07-09,Series A,24000000,24500000
66803b19e303a409e8f158ab,Crimson,crimson.law,https://www.crimson.law/,2026-05-29,Seed,2500000,2500000
668ca928b3076445bafd9490,Kastle,kastle.ai,https://www.kastle.ai/,2026-09-17,Series A,24000000,26800000
66916ff86f93db109d89f70d,David AI,withdavid.ai,https://www.withdavid.ai,2025-10-09,Series B,50000000,80500000
66a53c1feb22b52d96a76e7f,SynthioLabs,synthiolabs.com,https://synthiolabs.com,2025-11-19,Seed,5000000,5500000
66a68563c15061406d14d3e4,Diode,diode.computer,https://www.diode.computer/,2025-04-17,Series A,14487878,14987878
66adfe6a2eb38a0c9a20c2c2,Vorflux,vorflux.com,https://vorflux.com,2026-07-15,Seed,15000000,15000000
66afbf646a0e8a521ac36be3,OpenFunnel,openfunnel.dev,http://openfunnel.dev,2025-01-06,Seed,1300000,1799999
66bd707e6575902fd98946ea,Simple AI,usesimple.ai,https://www.usesimple.ai/,2026-02-11,Seed,14000000,14500000
66c0136a430c136f039c8e10,Mandel AI,mandel.ai,https://www.mandel.ai/,2026-03-16,Seed,4110084,4610084
66c013b4430c136f039c8f5e,Hestus,hestus.co,https://www.hestus.co/,2025-01-29,Seed,1500000,2000000
66c7fd37f0654d566b850954,Spur,spurtest.com,https://spurtest.com,2025-04-17,Seed,4500000,5000000
66c8d7645bc5ac7a6b1766ef,Mundo AI,mundoai.world,https://mundoai.world,2026-08-25,Series A,20000000,24500000
66ccd9f486d87b6421db61f5,Eloquent AI,eloquentai.co,https://www.eloquentai.co/,2025-09-11,Seed,7400000,7900000
66cf5b0b52743e0119864622,Apollo Atomics,apolloatomics.com,https://apolloatomics.com,2026-08-20,Seed,31000000,31500000
66d5fcd93652a42ad90e7290,Aether Energy,aethernrg.com,https://aethernrg.com,2024-10-25,Seed,2500000,3000000
66d7cf4357844a5f76d7b9d3,Voker,voker.ai,https://voker.ai,2026-05-19,Seed,2200000,2700000
66db321ed802446483a24e15,Better Auth,better-auth.com,https://better-auth.com,2025-06-25,Seed,5000000,5000000
66e467637126857dd387a326,WithWoz,withwoz.com,https://www.withwoz.com/,2025-03-28,Seed,6000000,6499998
66e85bfdf2247143efa0797b,Orbital Operations,orbitalops.tech,https://orbitalops.tech,2025-08-07,Seed,8800000,9819500
66eb98c670e6ca63f3d6e7b2,JustPaid.ai,justpaid.ai,https://www.justpaid.ai/,2023-06-28,Seed,3500000,3500000
66fb66ccb430ad0c21ea8235,Driver,driver.ai,https://www.driver.ai/,2024-10-08,Seed,8000000,8000000
66fe27239b00ef0f4509af4a,Procol,procol.ai,https://www.procol.ai/,2022-06-17,,,11178244
6706ba97587fc96e7a7cd8f1,Munify,munify.ai,https://www.munify.ai/,2025-08-31,Seed,4500000,4500000
6706cd88587fc96e7a7de3d5,Avina,avina.io,https://www.avina.io/,2024-11-01,Seed,3200000,3200000
670abedb584fc40886d73911,Mastra,mastra.ai,https://mastra.ai,2026-04-09,Series A,22000000,35500000
671191addb315e7b01363426,CTGT,ctgt.ai,https://www.ctgt.ai/,2025-02-20,Seed,7200000,7699998
671ebe83f7df0e35358f94c0,Caseflood.ai,caseflood.ai,https://www.caseflood.ai/,2025-07-30,Seed,3200000,3700000
672c3abb57e18867486699aa,Bolna,bolna.ai,https://www.bolna.ai/,2026-01-20,Seed,6300000,6924999
67356c1eca39186297a19154,Proception AI,proception.ai,https://www.proception.ai/,2026-06-29,Seed,11000000,11500000
673640693cac7422f6944223,Browser Use,browser-use.com,https://browser-use.com,2025-03-23,Seed,17000000,17000000
67435972397e506a6ae5a019,Diligence Squared,diligencesquared.com,https://www.diligencesquared.com/,2026-03-06,Seed,5000000,5500000
674ca6a2bfba3f008b57b52b,Sira,sira.team,https://sira.team,2025-11-17,Seed,3400000,3900000
67549684e28253128a072aa4,Maritime Fusion,maritimefusion.com,https://www.maritimefusion.com/,2025-11-24,Seed,4500000,5000000
675bdd2854f009730b0f8a90,Complir,complir.io,https://complir.io,2026-09-16,Seed,11000000,13471048
676d1e48b6e0ed3251779cda,Stackup,stackup.fi,https://www.stackup.fi/,2025-06-23,Seed,4200000,4200000
6771d8ba1558d26e6670cbcd,Arva,arva.ai,https://arva.ai,2025-01-15,Seed,3000000,3500000
67789e15c95fdc58e3fb953e,Artificial Societies,societies.io,https://societies.io,2025-08-27,Seed,3350000,5850000
677abbb3e5aae11d9cf4097e,Camber,camber.health,https://www.camber.health/,2025-02-26,Series B,30000000,50000000
677c0ede9225de02ba797696,Mentra Labs,mentraglass.com,https://mentraglass.com,2025-06-30,Series A,8000000,8000000
678040a077603a413e48dbef,AgentMail,agentmail.to,https://www.agentmail.to/,2026-03-10,Seed,6000000,6000000
6780f31fa67398791e79a411,Contrario,contrario.ai,https://www.contrario.ai/,2026-05-20,Seed,2300000,2800000
6787f382ebd02d39ca53406d,AfterQuery,afterquery.com,https://www.afterquery.com/,2026-04-09,Series A,30000000,30499997
678de872665b4224d3b5e0ba,Bindwell,bindwell.ai,https://bindwell.ai,2025-11-13,Seed,6000000,6500000
6791b40012392b7bedad184d,Notte,notte.cc,https://www.notte.cc/,2025-07-18,Seed,2500000,3000000
6793d4bb86aa456752b44ac7,dScribe AI,dscribeai.com,http://dscribeai.com,2025-03-05,Seed,1200000,1700000
67984e41c406365136fd1662,SubImage,subimage.io,https://www.subimage.io/,2025-11-25,Seed,4200000,4700000
67984e42c406365136fd1677,Dr. Treat,drtreat.co,https://www.drtreat.co/,2023-12-15,Seed,10500000,11000000
679bbd021d309b3a1127d976,Willow Voice,willowvoice.com,https://willowvoice.com,2025-11-12,Seed,4500000,5000000
679cd1648fc28c0f2124106e,Multiplier.ai,multiplier.ai,https://multiplier.ai,2026-08-21,Seed,6000000,6000000
679fb185f91b6c4b2426b5c1,Tempo,tempo.new,https://www.tempo.new/,2025-10-22,Seed,5000000,5500000
67a4aa54cf6e6b6b915f243d,Mecha Health,mecha-health.ai,https://www.mecha-health.ai/,2025-11-04,Seed,4100000,4600000
67a8e469a1c48b785f846c77,Tryardent,tryardent.com,https://www.tryardent.com/,2025-09-24,Seed,2150000,2650000
67ab65dadae5596f2006231f,Avallon,avallon.ai,https://www.avallon.ai/,2025-11-06,Seed,4600000,5100000
67ab6b5e690de63e30e3087c,AthenaHQ,athenahq.ai,https://athenahq.ai,2025-06-17,Seed,2200000,2700000
67af2777c5cabd592ceb56db,Abacum,abacum.ai,https://www.abacum.ai/,2025-05-28,Series B,60000000,92125000
67b0e0e1cbb50d6f6e92eb4e,Nia,trynia.ai,https://trynia.ai,2025-10-01,Seed,6200000,7050000
67b2e9cd3fdcf35d01c92375,Mercura,mercura.ai,https://www.mercura.ai/,2025-12-29,Seed,2100000,2600000
67b6abffadd2982228075de1,Relace,relace.ai,https://relace.ai,2025-10-08,Series A,23000000,23500000
67b72e6888a30829a6d4aebc,GetBurnt,getburnt.ai,https://www.getburnt.ai/,2025-09-25,Seed,3800000,4300000
67b72ef788a30829a6d4afa7,Centaur Labs,centaur.ai,https://centaur.ai,2024-10-09,Series B,16000000,31150000
67ba04209d76d3753f2eb04a,Plexe,plexe.ai,https://www.plexe.ai/,2025-08-25,Seed,2100000,2600000
67ba0431a126586980bdcb97,Sim,sim.ai,https://www.sim.ai/,2025-11-07,Series A,7000000,7000000
67c0893857e854336d1cf08a,SimCare AI,simcare.ai,https://simcare.ai,2025-03-03,Seed,2000000,4500000
67c09793e24a9f460e518b30,Bloom DIY,bloom.diy,https://bloom.diy,2025-09-12,Seed,3400000,3400000
67c0b1004ea99329d6256e0a,InsForge,insforge.dev,https://insforge.dev,2025-09-01,Seed,1500000,2000000
67c517c7b5238806da2d4f0e,Auctor,getauctor.com,https://www.getauctor.com/,2026-04-15,Series A,20000000,20000000
67d2749a8729e03ed3d9b93d,Cekura,cekura.ai,https://www.cekura.ai/,2025-06-30,Seed,2400000,2400000
67d9ce84917a4a78b807f892,Relixir,relixir.ai,https://www.relixir.ai/rex,2025-11-21,Seed,2000000,2500000
67e9c45f879f4717ebb02a8e,Miniswap,miniswap.gg,https://miniswap.gg,2025-12-16,Series A,3500000,3500000
67ead8464ed3f6249a66db00,Gale,galevisa.com,https://galevisa.com,2025-04-23,Seed,2700000,2700000
67f1b9facb5de67fed591d70,Delty,delty.ai,https://delty.ai,2025-08-01,Seed,2000000,2500000
67f391f9950b3726d64d3bd7,Lua AI,heylua.ai,https://heylua.ai,2026-04-16,Seed,5800000,6300000
67f53cfd822a945a1536d17a,LineWise,linewise.io,https://www.linewise.io/,2025-09-05,Seed,1100000,1600000
67f68b1749f0176b6111bc04,Poetic,poetiq.ai,https://poetiq.ai,2026-02-02,Seed,45800000,45800000
67fd7bd19f33713aec71f55a,besimple AI,besimple.ai,https://besimple.ai,2025-11-26,Seed,3000000,3500000
6804bc73df973941516efcae,Unbound,getunbound.ai,https://www.getunbound.ai/,2025-05-29,Seed,4000000,4000000
6805473d69fc0f672812205b,UnderstoodCare,understoodcare.com,https://understoodcare.com,2026-03-16,Seed,5000000,8400000
68091fcfe6a91515188e83c0,Vybe,vybe.build,https://www.vybe.build/,2025-12-10,Seed,10000000,10000000
6810addfddac4a6b89d3d18f,Raindrop,raindrop.ai,https://www.raindrop.ai/,2026-09-18,Series A,35000000,50000000
681a4951d986ff5b5ca05d92,Apolink,apolink.space,https://apolink.space,2025-07-14,Seed,4300000,4300000
6822421b35d3296bb568a899,PD Shield,perseusdefense.com,https://www.perseusdefense.com/,2025-09-18,Seed,6000000,6500000
6827759caba7c76f79f0a018,Use Crunched,usecrunched.com,https://www.usecrunched.com/,2026-01-01,Seed,6000000,6500000
683137acff889f6e990a93e9,Bluejay,getbluejay.ai,https://getbluejay.ai,2025-08-27,Seed,4000000,4500000
683137c2ff889f6e990a945f,Novoflow,novoflow.io,https://www.novoflow.io/,2025-11-03,Seed,3100000,3100000
6835d0858f58e768887f46c2,Clado,clado.ai,https://www.clado.ai/,2025-11-20,Seed,2000000,2500000
684b98bd4a366949e1fb66c5,Curebase,curebase.ai,https://www.curebase.ai/,2022-05-05,,,59013613
684e397678da224765489a7a,Idler,idler.ai,https://idler.ai,2026-08-21,Seed,9000000,9500000
684f0bdaf171ad5b78943a52,Golpo Story,golpoai.com,https://golpoai.com,2025-10-20,Seed,4100000,4100000
6850dc57412ef73dc44f1a77,MindFort,mindfort.ai,https://www.mindfort.ai/,2026-04-21,Seed,3000000,3000000
685e3e316e7b3e3fa4629d38,Socratix AI,getsocratix.ai,https://getsocratix.ai,2025-10-28,Seed,4100000,4600000
685f5d1846662c51d4d971f3,Hypercubic,hypercubic.ai,https://www.hypercubic.ai/,2026-08-18,Seed,5300000,5800000
68634286a63a673d3c2c76db,Autosana,autosana.ai,https://autosana.ai,2026-02-17,Seed,3200000,3700000
6865693e0366ea2444513242,Structured Data,getstructured.ai,https://getstructured.ai,2026-06-11,Seed,4200000,4700000
686e1ec26fa394599e691ea6,Cortex AI,cortexrobot.ai,https://cortexrobot.ai,2025-12-04,Seed,6000000,6000000
687322d2d6a6bc33276978ad,Freya,freyavoice.ai,https://freyavoice.ai,2025-11-05,Seed,3500000,3500000
687d2a635fffea65522a4f7a,Kingdom,kingdomsuperculture.com,https://www.kingdomsuperculture.com/,2021-10-05,Series A,25000000,28500000
687e7e5e1e566a1f0de2efd8,Brickanta,brickanta.com,https://www.brickanta.com/,2026-01-27,Seed,8000000,8500000
687ed192e89138502754cd0e,Nash,nash.ai,https://www.nash.ai/,2025-06-01,,,27800000
687f0060fc70f42da2e5d081,Cifrato,cifrato.ai,http://cifrato.ai,2026-03-26,Seed,1000000,1000000
6881e3ca2b17f34feb5c9b9c,Elyos AI,elyos.ai,https://elyos.ai,2026-01-19,Series A,13000000,16000000
688ba336591bd774d0e49d17,Flick,flick.art,https://flick.art,2026-05-14,Seed,6000000,6500000
6890f90bd278823b6d5ffe4d,Albacore,albacore.inc,https://www.albacore.inc/,2025-10-16,Seed,6500000,6500000
68a3c9e39c60c35df7f8369a,CatchBack Cards,catchbackcards.com,https://catchbackcards.com,2026-09-23,Seed,7800000,8300000
68afd295995674229d6055cc,Dedalus Labs,dedaluslabs.ai,https://www.dedaluslabs.ai/,2025-10-15,Seed,11000000,11000000
68c6dae3eee0242c76e70efd,Laminar,laminar.sh,https://laminar.sh,2026-03-17,Seed,3000000,3000000
68d2b362b67485395926708b,Tasklet AI,tasklet.ai,https://tasklet.ai,2026-04-08,Series B,20000000,20000000
68d5a2c04233c27634168997,Haladir,haladir.com,https://www.haladir.com/,2026-04-29,Seed,4300000,4800000
68da0fe9c95bd24868cad72f,Zalos AI,zalos.ai,https://www.zalos.ai/,2026-03-24,Seed,3600000,4100000
68df8b64eaf1354ee9936474,Mantis,mantisbiotech.com,http://mantisbiotech.com,2025-11-17,Seed,6300000,6300000
68ed3687bf642f29417f654a,Patientdesk.ai,patientdesk.ai,https://www.patientdesk.ai/,2026-07-01,,,3800000
68f129506e1e4f1019589eaf,Human Archive,humanarchive.ai,https://www.humanarchive.ai/,2026-05-26,Series A,8200000,8700000
68f3dc87b161ba6ad47a5d72,Luciq,luciq.ai,https://www.luciq.ai/,2022-05-17,,,54000000
68f857087c55f608e160d8ff,Golpo.ai,golpo.ai,https://www.golpo.ai,2025-10-20,Seed,4100000,4100000
68f9328a4982a8116f2e0077,Arga Labs,argalabs.com,https://www.argalabs.com/,2026-08-26,Seed,10000000,10500000
690c69f0e675a662f0600656,Drafted,drafted.ai,https://www.drafted.ai/,2026-05-29,Seed,16000000,16000000
690e99b0dee99a1196713a4e,Just AI,getjust.ai,https://www.getjust.ai/,2026-06-23,Series A,17000000,40418783
690fa64ae8a4de472736b6b3,Open Builder,theopenbuilder.com,https://theopenbuilder.com,2026-04-09,Seed,2200000,2700000
696390528da2475dc98431e2,ByteAsk,byteask.ai,https://byteask.ai,2026-09-24,Seed,1000000,1000000
696a1934fc2c0953644279fb,Superset,superset.sh,https://superset.sh,2026-07-31,Series B,11500089,12000089
6976faa0c0f8ba202d6aa8e4,Aseon Labs,aseonlabs.com,https://www.aseonlabs.com/,2026-06-26,Seed,10000000,10000000
697ca90e01d012499d2c3253,Luel,luel.ai,https://www.luel.ai/,2026-05-21,Seed,31200000,31700000
697cd72b255a99105cc9efac,Lio,lio.ai,https://lio.ai,2026-03-05,Series A,30000000,33000000
697d1bd3c519122987d01363,Ploy,ploy.ai,https://ploy.ai,2026-05-05,Seed,27000000,27000000
697d2a14c519122987d20e8c,LemmaAI,uselemma.ai,https://www.uselemma.ai/,2026-08-07,Seed,2300000,2800000
697d2ce9c519122987d26e22,Respan,respan.ai,https://www.respan.ai/,2026-03-18,Seed,5000000,5500000
697d3686c519122987d3d62f,Cinder,cinder.ai,https://cinder.ai,2026-05-13,Series B,41000000,60000000
697d394dc519122987d43ebb,RDash,rdash.ai,https://rdash.ai,2022-09-13,Series A,4504508,5879684
697d4814c519122987d62b3d,Corvera,corvera.ai,https://www.corvera.ai/,2026-05-05,Seed,4200000,5956365
697d4cd8c519122987d6e9ab,Denki,denki.ai,https://denki.ai,2026-03-05,Series A,4100000,4600000
69aaa743af9cd5503f74e50f,Copperlane,copperlane.ai,https://www.copperlane.ai/,2026-06-15,Seed,4100000,4600000
69ae46f3f169b054f0633771,Naive,usenaive.ai,https://usenaive.ai,2026-08-06,Series A,28500000,29000000
69b4f1cc94171601b34e8df2,Expanse,expanse.sh,https://expanse.sh,2026-09-16,Seed,5300000,5800000
69c754a1fd587e0dd1910355,herdr,herdr.dev,https://herdr.dev,2026-09-09,Seed,6000000,6000000
69c79575f2ead47bf9e8eb02,WithAI,withai.co,https://withai.co,2026-07-06,Seed,3980000,4480000
69f26e38bb5ba14a31a5daba,Moritz,moritzlegal.com,http://moritzlegal.com,2026-05-05,Seed,9000000,9500000
69f3511ab2702e4947ee48d6,Enjamb Labs,enjamb.ai,https://www.enjamb.ai/,2026-04-14,Seed,650000,650000
69fb95c7d118c93e361dcb22,Klaimee,klaimee.ai,https://www.klaimee.ai/,2026-07-22,Seed,5500000,5500000
6a250b025463e511c3f6a2b0,Discovered Materials,discoveredmaterials.com,http://discoveredmaterials.com,2026-08-10,Seed,9000000,9000000
6a3f4b777868275dd2b9169d,Robocurve,robocurve.org,https://robocurve.org,2026-09-15,Seed,10000000,10000000
