tracxn_id,company,website,domain,yc_batch,latest_round_date,latest_round_name,latest_round_amount_usd,qualifying_round_count,total_equity_funding_usd,stage,country
53711a12e4b026573af2a1b1,Erad,https://www.erad.co/,erad.co,,2026-09-28,Series A,22000000,5,,,
6033c61fa876541ebb828d23,F2,http://f2.ai,f2.ai,,2026-09-28,Seed,5000000,3,,,
696390528da2475dc98431e2,ByteAsk,https://byteask.ai,byteask.ai,,2026-09-24,Seed,1000000,1,,,
68a3c9e39c60c35df7f8369a,CatchBack Cards,https://catchbackcards.com,catchbackcards.com,,2026-09-23,Seed,7800000,1,,,
588a3278e4b0dd9cce35d30b,Numeral,https://www.numeral.com/,numeral.com,,2026-09-23,Series C,100000000,2,,,
58497b70e4b031b3762c13de,Spott,https://spott.io,spott.io,,2026-09-22,Series A,21000000,2,,,
6616dd53957dbe6f992775d5,Firecrawl,https://www.firecrawl.dev/,firecrawl.dev,,2026-09-22,Series B,75000000,2,,,
612e50b83b332d1ec4b9a4f9,Confido,https://www.confidotech.com/,confidotech.com,,2026-09-22,Series B,55000000,1,,,
58bea3eae4b041de9ca10b3d,Paymob,https://paymob.com,paymob.com,,2026-09-21,Series B,35000000,2,,,
61699b3f6c079f167eca36cc,HEO,https://www.heospace.com/,heospace.com,,2026-09-21,Series B,25000000,2,,,
6810addfddac4a6b89d3d18f,Raindrop,https://www.raindrop.ai/,raindrop.ai,,2026-09-18,Series A,35000000,2,,,
668ca928b3076445bafd9490,Kastle,https://www.kastle.ai/,kastle.ai,,2026-09-17,Series A,24000000,2,,,
675bdd2854f009730b0f8a90,Complir,https://complir.io,complir.io,,2026-09-16,Seed,11000000,2,,,
69b4f1cc94171601b34e8df2,Expanse,https://expanse.sh,expanse.sh,,2026-09-16,Seed,5300000,1,,,
58de5936e4b027db5f70bc74,TesterArmy,https://tester.army,tester.army,,2026-09-15,Seed,1200000,1,,,
6a3f4b777868275dd2b9169d,Robocurve,https://robocurve.org,robocurve.org,,2026-09-15,Seed,10000000,1,,,
5f6919e28720bc17c927f758,Aqua,https://www.investwithaqua.com/,investwithaqua.com,,2026-09-10,Series A,15000000,1,,,
69c754a1fd587e0dd1910355,herdr,https://herdr.dev,herdr.dev,,2026-09-09,Seed,6000000,1,,,
6056bb0c79f5371e6b767d00,VideoGen,https://videogen.io,videogen.io,,2026-09-09,Seed,3300000,1,,,
53711158e4b026573aed694d,Blee,https://www.blee.com/,blee.com,,2026-09-08,Series A,20000000,1,,,
632d33b50af0a125aa68f1d6,Sirdab,https://www.sirdab.co/,sirdab.co,,2026-09-06,Series A,10000000,1,,,
5883a238e4b0dc278b8e4a9b,Nomba,https://nomba.com,nomba.com,,2026-09-04,Conventional Debt,3000000,2,,,
58dd4414e4b0d836de443d56,Oddpool,https://www.oddpool.com/,oddpool.com,,2026-09-04,Seed,3000000,1,,,
666ca178bc5b98285771326c,Zeit AI,https://www.zeit-ai.com/,zeit-ai.com,,2026-09-03,Seed,5791000,1,,,
6604d36f7fd2d6650a39326c,Conveo,https://conveo.ai,conveo.ai,,2026-09-02,Series A,50000000,2,,,
606c7c804bd0251f4c15b112,Adaptyv Biosystems,https://www.adaptyvbio.com/,adaptyvbio.com,,2026-08-27,Series A,40000000,2,,,
5ec481594b2b49141fad698a,Pluggy Technologies,https://www.pluggy.ai/en,pluggy.ai,,2026-08-27,Series A,3500000,1,,,
602402b30244967253867ab7,Metriport,https://metriport.com,metriport.com,,2026-08-27,Series A,26000000,2,,,
68f9328a4982a8116f2e0077,Arga Labs,https://www.argalabs.com/,argalabs.com,,2026-08-26,Seed,10000000,1,,,
66c8d7645bc5ac7a6b1766ef,Mundo AI,https://mundoai.world,mundoai.world,,2026-08-25,Series A,20000000,1,,,
5853ae26e4b09ba844f70e4a,Corvus Robotics,https://www.corvus-robotics.com/,corvus-robotics.com,,2026-08-25,Series B,20000000,3,,,
5853979fe4b09ba844f6ec34,Thrive Agric,https://thriveagric.com,thriveagric.com,,2026-08-25,Conventional Debt,3930000,1,,,
6665e1209aac3710565ca664,Kita,https://kita.ai,kita.ai,,2026-08-24,Seed,4500000,1,,,
679cd1648fc28c0f2124106e,Multiplier.ai,https://multiplier.ai,multiplier.ai,,2026-08-21,Seed,6000000,1,,,
684e397678da224765489a7a,Idler,https://idler.ai,idler.ai,,2026-08-21,Seed,9000000,1,,,
5b992a02e4b0059590c80bec,Arintra,https://www.arintra.com/,arintra.com,,2026-08-21,Series B,25000000,2,,,
66cf5b0b52743e0119864622,Apollo Atomics,https://apolloatomics.com,apolloatomics.com,,2026-08-20,Seed,31000000,1,,,
5edaa6817c917b2660212f05,Thunder Compute,https://www.thundercompute.com/,thundercompute.com,,2026-08-19,Series A,13000000,2,,,
685f5d1846662c51d4d971f3,Hypercubic,https://www.hypercubic.ai/,hypercubic.ai,,2026-08-18,Seed,5300000,1,,,
58dd4f4ee4b004e81d4ffa85,Greptile,https://www.greptile.com/,greptile.com,,2026-08-14,Series B,40000000,3,,,
65da29c67b68ca21519b2f80,Blacksmith,https://www.blacksmith.sh/,blacksmith.sh,,2026-08-13,Series C,66264021,4,,,
58bf464ce4b0fd9736004ff6,Jenfi,https://jenfi.com,jenfi.com,,2026-08-11,Conventional Debt,2500000,2,,,
620814338dfffc4e37a99023,Axle,https://www.axle.insure/,axle.insure,,2026-08-11,Series A,17500000,2,,,
6a250b025463e511c3f6a2b0,Discovered Materials,http://discoveredmaterials.com,discoveredmaterials.com,,2026-08-10,Seed,9000000,1,,,
5d0260c6798b542cf5319f2f,Ultra,https://www.ultra.tech/,ultra.tech,,2026-08-07,Series A,57089457,1,,,
697d2a14c519122987d20e8c,LemmaAI,https://www.uselemma.ai/,uselemma.ai,,2026-08-07,Seed,2300000,1,,,
69ae46f3f169b054f0633771,Naive,https://usenaive.ai,usenaive.ai,,2026-08-06,Series A,28500000,1,,,
55b68f86e4b0d2a255053ea9,Pally,https://www.pally.com/,pally.com,,2026-08-06,Series A,5200000,1,,,
5891b17be4b0f9b8570c4ac1,Revoy,https://www.revoy.com/,revoy.com,,2026-07-31,Series A,27000000,1,,,
696a1934fc2c0953644279fb,Superset,https://superset.sh,superset.sh,,2026-07-31,Series B,11500089,1,,,
58beb3cee4b04ba78a38273c,Chongqing Dili Building Materials,https://www.dili.com/,dili.com,,2026-07-30,Series A,15000000,1,,,
58dbd066e4b0371a570a653f,Vector,https://vectorlegal.com,vectorlegal.com,,2026-07-30,Seed,5190000,1,,,
58ff8847e4b0d90be4067787,Henry AI,https://www.henry.ai/,henry.ai,,2026-07-30,Series A,16500000,2,,,
60c8e1f2fbd6681e1f976c4a,Healia Health,https://healiahealth.com,healiahealth.com,,2026-07-29,Series A,14000000,1,,,
58dd456de4b0816fe5364ce3,Terminal,https://www.withterminal.com/,withterminal.com,,2026-07-29,Series A,20000000,2,,,
60e1f33fcc69931d5fb09eec,Array Labs,https://www.arraylabs.io/,arraylabs.io,,2026-07-28,Series B,21000000,4,,,
61ba49b222ea585a71e1d792,Weave,https://weaveos.com,weaveos.com,,2026-07-28,Series A,13500000,2,,,
642d7ed1c89c2a03c265fe34,Flair Labs,https://flairlabs.ai,flairlabs.ai,,2026-07-24,Series A,4000000,1,,,
5af76e07e4b0f21b939f524e,Scape,https://scape.app,scape.app,,2026-07-24,Seed,3200000,1,,,
62388ea4e8e529644f8ed027,Cashboard,https://cashboard.finance,cashboard.finance,,2026-07-23,Seed,5000000,1,,,
531b0d34e4b0f7e1661f3cc0,telli,https://www.telli.com/,telli.com,,2026-07-23,Seed,15000000,2,,,
69fb95c7d118c93e361dcb22,Klaimee,https://www.klaimee.ai/,klaimee.ai,,2026-07-22,Seed,5500000,1,,,
5cb09dd2beed35043d8e2fa5,KelAI,https://kelaitech.com,kelaitech.com,,2026-07-20,Seed,4980000,1,,,
657061e6a872a970c68bd441,Beyond Reach Labs,https://beyondreachlabs.com,beyondreachlabs.com,,2026-07-17,Seed,10000000,1,,,
59e35229e4b0f0e8b89a7239,BUNKERHILL,https://www.bunkerhillhealth.com/,bunkerhillhealth.com,,2026-07-16,Series B,25000000,1,,,
66adfe6a2eb38a0c9a20c2c2,Vorflux,https://vorflux.com,vorflux.com,,2026-07-15,Seed,15000000,1,,,
60fb4f169d44921d998644ba,Meticulous,https://www.meticulous.ai/,meticulous.ai,,2026-07-15,Series A,15000000,2,,,
5a68d72fe4b071cf29214a3b,Singularity Defense,https://singularityus.com,singularityus.com,,2026-07-14,Series A,80000000,1,,,
5a202d8ae4b0074339723568,Infinia,http://infinia.xyz,infinia.xyz,,2026-07-09,Series A,13500000,1,,,
5dfe379d5e0f641eed923356,TYBR Health,https://tybrhealth.com,tybrhealth.com,,2026-07-09,Series A,30000000,2,,,
593c2ecbe4b09f6288557aed,Ollama,https://ollama.com,ollama.com,,2026-07-09,Series B,65000000,1,,,
5cfbec917ef6cc052c089632,Taiv,https://www.taiv.tv/,taiv.tv,,2026-07-08,Grant (prize money),703809,7,,,
54156505e4b0e61814807c98,Nexu,https://www.nexu.mx,nexu.mx,,2026-07-08,Conventional Debt,143000000,2,,,
652308d7308aa14d6525f758,6thSense,http://6thsense.dev,6thsense.dev,,2026-07-08,Seed,658115,1,,,
58bf5728e4b0fd973603730e,Djamo,https://www.djamo.com/,djamo.com,,2026-07-08,Conventional Debt,1500000,4,,,
60528475e214b51f4b8f2015,Fleek,https://joinfleek.com,joinfleek.com,,2026-07-08,Series B,25000000,3,,,
63e4001588c6c4417e5eee45,Finto,https://www.gofinto.com,gofinto.com,,2026-07-08,Seed,3400000,1,,,
5f9b9be4af193e18dae2a028,Agave,https://useagave.com,useagave.com,,2026-07-07,Series A,15000000,2,,,
58497fcee4b031b3762c1799,Fly,https://fly.io,fly.io,,2026-07-07,Series D,25000000,2,,,
69c79575f2ead47bf9e8eb02,WithAI,https://withai.co,withai.co,,2026-07-06,Seed,3980000,1,,,
63ca57c937efee75d381350f,SpaceFlow,https://spaceflow.tech,spaceflow.tech,,2026-07-02,Seed,1000000,1,,,
58dce0c5e4b0f20e4f117624,River Markets,https://www.rivermarkets.com/,rivermarkets.com,,2026-07-01,Seed,8500000,1,,,
594aab62e4b082d4eb4d438b,Baubap,https://www.baubap.com/,baubap.com,,2026-06-30,Conventional Debt,23000000,3,,,
5e50a93ff0339465c53a5e4c,Notabene,https://notabene.id,notabene.id,,2026-06-29,Series B,11499968,2,,,
5319ccf1e4b0f7e16600f203,Pocket,https://heypocket.com,heypocket.com,,2026-06-29,Series A,11000000,1,,,
67356c1eca39186297a19154,Proception AI,https://www.proception.ai/,proception.ai,,2026-06-29,Seed,11000000,1,,,
5905cd40e4b0292c99061fd7,Warp,https://www.warp.co/,warp.co,,2026-06-26,Series C,60000000,3,,,
6976faa0c0f8ba202d6aa8e4,Aseon Labs,https://www.aseonlabs.com/,aseonlabs.com,,2026-06-26,Seed,10000000,1,,,
58dce53be4b04b320fa15937,Sazabi,https://www.sazabi.com/,sazabi.com,,2026-06-25,Seed,8000000,1,,,
690e99b0dee99a1196713a4e,Just AI,https://www.getjust.ai/,getjust.ai,,2026-06-23,Series A,17000000,3,,,
652e84159d839c47e521e4ce,Coval.ai,http://coval.ai,coval.ai,,2026-06-23,Series A,28000000,2,,,
5860bb8ee4b03071e2225859,Orthogonal,https://www.orthogonal.com/,orthogonal.com,,2026-06-22,Seed,4300000,1,,,
5f31cc9d3f3353161663006a,Prosper Technologies,https://www.getprosper.ai/,getprosper.ai,,2026-06-22,Series A,30000000,3,,,
5cf8b4e100793014c526978a,Metal,https://www.metal.so/,metal.so,,2026-06-20,Seed,4500000,1,,,
58893a9ae4b07fc4d2a7f21f,Tolmo,https://tolmo.com,tolmo.com,,2026-06-18,Seed,22000000,1,,,
58c191cee4b0cc073680c023,Ralo,https://www.ralo.com/,ralo.com,,2026-06-18,Seed,2900000,1,,,
58deb154e4b0816fe5698cb8,Legion Health,https://legionhealth.com,legionhealth.com,,2026-06-17,Series A,16015934,1,,,
58dd6e13e4b0d836de4c6e9d,Flagright,https://www.flagright.com/,flagright.com,,2026-06-17,Series A,12500000,2,,,
64ec3617231eec6d8715e2bc,Bland,https://www.bland.ai/,bland.ai,,2026-06-16,Series C,50000000,3,,,
69aaa743af9cd5503f74e50f,Copperlane,https://www.copperlane.ai/,copperlane.ai,,2026-06-15,Seed,4100000,1,,,
664f784d41cf632d2f016523,Podium Automation,https://www.podiumautomation.com/,podiumautomation.com,,2026-06-15,Series A,18000000,2,,,
6865693e0366ea2444513242,Structured Data,https://getstructured.ai,getstructured.ai,,2026-06-11,Seed,4200000,1,,,
65a948e7dcf4010fc4ee1209,SyntheticFi,https://www.syntheticfi.com/,syntheticfi.com,,2026-06-09,Seed,13000000,1,,,
577d16e3e4b0a33a70ab22db,Stepful,https://www.stepful.com/,stepful.com,,2026-06-08,Series C,55000000,4,,,
584ab588e4b0744078b2dccb,Scispot,https://www.scispot.com/,scispot.com,,2026-06-04,Series A,8000000,1,,,
576eb6dae4b0636b23e93f1d,Laurence,http://laurence.com,laurence.com,,2026-06-03,Seed,5800000,1,,,
531cc444e4b0f7e1665dcbee,Upstream,https://www.upstream.do/,upstream.do,,2026-06-03,Seed,3000000,1,,,
5c0935e38f08c116f2adb58c,Forage,https://www.joinforage.com/,joinforage.com,,2026-06-03,Series B,40000000,1,,,
55efb861e4b0672c6cbc9cd0,Contraline,https://www.contraline.com/,contraline.com,,2026-06-02,Series B,92500000,4,,,
63f63713e7c58e1249032725,Channel Robotics,https://www.channelrobotics.com/,channelrobotics.com,,2026-06-02,Seed,4718586,2,,,
690c69f0e675a662f0600656,Drafted,https://www.drafted.ai/,drafted.ai,,2026-05-29,Seed,16000000,1,,,
66803b19e303a409e8f158ab,Crimson,https://www.crimson.law/,crimson.law,,2026-05-29,Seed,2500000,1,,,
57de11ade4b0297c6dfda0c2,Triomics,https://www.triomics.com/,triomics.com,,2026-05-28,Series B,22000000,3,,,
531a65fde4b0f7e1660e7b6e,NALA,https://www.nala.com/,nala.com,,2026-05-28,Conventional Debt,25000000,2,,,
68f129506e1e4f1019589eaf,Human Archive,https://www.humanarchive.ai/,humanarchive.ai,,2026-05-26,Series A,8200000,1,,,
595e6926e4b08be09526f694,Lucis,https://www.lucis.life/,lucis.life,,2026-05-26,Series A,20000000,2,,,
5905be8ee4b095f1bcf3e45c,Didit,https://didit.me,didit.me,,2026-05-26,Seed,7450112,2,,,
5319c4c3e4b0f7e1660035f1,Handle,https://handle.com,handle.com,,2026-05-25,Series B,27000000,1,,,
697ca90e01d012499d2c3253,Luel,https://www.luel.ai/,luel.ai,,2026-05-21,Seed,31200000,1,,,
6780f31fa67398791e79a411,Contrario,https://www.contrario.ai/,contrario.ai,,2026-05-20,Seed,2300000,1,,,
6633428bf9dbe607a0bc1247,Leadbay,https://www.leadbay.ai/,leadbay.ai,,2026-05-19,Seed,4300000,1,,,
66d7cf4357844a5f76d7b9d3,Voker,https://voker.ai,voker.ai,,2026-05-19,Seed,2200000,1,,,
63681b8cca849c1747e0d48e,Blank Bio,https://www.blank.bio/,blank.bio,,2026-05-19,Seed,7200000,1,,,
58766872e4b031d0fa044f79,Taktile,https://taktile.com,taktile.com,,2026-05-18,Series C,110000000,3,,,
5eb1f3ab36b8b112ad13467c,Orange Health,https://www.orangehealth.in/,orangehealth.in,,2026-05-16,Series C,30000000,2,,,
688ba336591bd774d0e49d17,Flick,https://flick.art,flick.art,,2026-05-14,Seed,6000000,1,,,
5897372ae4b0696fca14e82b,Clara,https://askclara.com,askclara.com,,2026-05-14,Seed,12000000,1,,,
59057156e4b05bd9cfe77017,Vector,https://www.vector.co/,vector.co,,2026-05-13,Series A,10000000,1,,,
58ddc506e4b0816fe54eed50,Happl,https://happl.com,happl.com,,2026-05-13,Series A,11000000,2,,,
58dd33c7e4b0372f4eb0b8ef,Greenboard,https://www.greenboard.com/,greenboard.com,,2026-05-13,Series A,15500000,2,,,
58bf3b71e4b09d69078c1a13,Gaiia,https://gaiia.com,gaiia.com,,2026-05-13,Series B,40000000,3,,,
697d3686c519122987d3d62f,Cinder,https://cinder.ai,cinder.ai,,2026-05-13,Series B,41000000,1,,,
58bece6be4b0e437d8133505,Vori,https://www.vori.com/,vori.com,,2026-05-08,Series B,22000000,1,,,
58ba9175e4b0b138a4474522,Fazeshift,https://www.fazeshift.com/,fazeshift.com,,2026-05-07,Series A,17000000,2,,,
613baea6b871c212537033c9,Stilta,https://stilta.com,stilta.com,,2026-05-07,Seed,10500000,1,,,
697d4814c519122987d62b3d,Corvera,https://www.corvera.ai/,corvera.ai,,2026-05-05,Seed,4200000,2,,,
69f26e38bb5ba14a31a5daba,Moritz,http://moritzlegal.com,moritzlegal.com,,2026-05-05,Seed,9000000,1,,,
697d1bd3c519122987d01363,Ploy,https://ploy.ai,ploy.ai,,2026-05-05,Seed,27000000,1,,,
5891d605e4b052b134d9b838,Bayesline,https://bayesline.com,bayesline.com,,2026-05-01,Series A,5785478,1,,,
588a1ae2e4b0a3db252e7e97,Netomi,https://www.netomi.com/,netomi.com,,2026-04-30,Series C,110000000,2,,,
68d5a2c04233c27634168997,Haladir,https://www.haladir.com/,haladir.com,,2026-04-29,Seed,4300000,1,,,
5887557ee4b099a0c068d2f4,General Analysis,https://www.generalanalysis.com/,generalanalysis.com,,2026-04-29,Seed,10000000,1,,,
53192a9ae4b0f7e165f25cae,CircuitHub,https://www.circuithub.com/,circuithub.com,,2026-04-28,Series A,28000000,2,,,
5b1ad7b8e4b08d49c3593ea9,Astor,https://www.astor.app/,astor.app,,2026-04-24,Seed,5000000,1,,,
5883b3dae4b0dc278b8ede16,10x Science,https://10xscience.com,10xscience.com,,2026-04-22,Seed,4800000,1,,,
58ddd081e4b0dcc46c919519,Archil,https://archil.com,archil.com,,2026-04-21,Series A,11000000,2,,,
6850dc57412ef73dc44f1a77,MindFort,https://www.mindfort.ai/,mindfort.ai,,2026-04-21,Seed,3000000,1,,,
617463cc7f95d8147cd91e44,Mintlify,https://www.mintlify.com/,mintlify.com,,2026-04-17,Series B,45000000,2,,,
531c3a65e4b0f7e166429d6b,Slash,https://www.slash.com/,slash.com,,2026-04-16,Series C,100000000,3,,,
67f391f9950b3726d64d3bd7,Lua AI,https://heylua.ai,heylua.ai,,2026-04-16,Seed,5800000,1,,,
5f00b216ab9618165fbe8d44,Turion Space,https://turionspace.com,turionspace.com,,2026-04-15,Series B,75000000,1,,,
588974a9e4b0dd9cce32aeb4,Uplane,https://uplane.com,uplane.com,,2026-04-15,Seed,4500000,1,,,
67c517c7b5238806da2d4f0e,Auctor,https://www.getauctor.com/,getauctor.com,,2026-04-15,Series A,20000000,1,,,
5de24471f0e6f64d7821a7a9,Wafer,https://www.wafer.ai/,wafer.ai,,2026-04-14,Seed,4000000,1,,,
69f3511ab2702e4947ee48d6,Enjamb Labs,https://www.enjamb.ai/,enjamb.ai,,2026-04-14,Seed,650000,1,,,
531ab448e4b0f7e16615c09b,Quartzy,https://www.quartzy.com,quartzy.com,,2026-04-13,Series C,23000000,1,,,
59afa585e4b0be98e9e51e5f,VenoStent,https://www.venostent.com/,venostent.com,,2026-04-10,Series A,10000000,6,,,
690fa64ae8a4de472736b6b3,Open Builder,https://theopenbuilder.com,theopenbuilder.com,,2026-04-09,Seed,2200000,1,,,
58dbe62ce4b0f91090855841,Brandazine,https://www.brandazine.com/en,brandazine.com,,2026-04-09,Series A,6312050,1,,,
6616b8213c1b990a7ee2cd0f,Plume,https://www.plumefinder.com/,plumefinder.com,,2026-04-09,Series A,3854301,1,,,
5903ba20e4b00747a02f520d,Luminai,https://www.luminai.com/,luminai.com,,2026-04-09,Series B,38000000,1,,,
670abedb584fc40886d73911,Mastra,https://mastra.ai,mastra.ai,,2026-04-09,Series A,22000000,2,,,
6787f382ebd02d39ca53406d,AfterQuery,https://www.afterquery.com/,afterquery.com,,2026-04-09,Series A,30000000,1,,,
68d2b362b67485395926708b,Tasklet AI,https://tasklet.ai,tasklet.ai,,2026-04-08,Series B,20000000,1,,,
5f4fb8c6d30525464f23723e,GoSats,https://gosats.io,gosats.io,,2026-04-06,Series A,5000000,1,,,
6298c4b6cbdc1a240f058c96,Nango,https://nango.dev,nango.dev,,2026-04-01,Seed,7500000,1,,,
5903c57de4b0bcc83eeb17b0,Inth,https://inth.com,inth.com,,2026-04-01,Seed,1200000,1,,,
5903f801e4b003a0a1ba0a3c,Variance,https://variance.com,variance.com,,2026-03-31,Series A,21500000,1,,,
5d62becadfad2e4a246ce395,Gilgamesh,https://www.gilgameshpharmaceutical.com/,gilgameshpharmaceutical.com,,2026-03-27,Series B,2250000,9,,,
59059e16e4b003a0a1e82d28,General Legal,https://general.legal,general.legal,,2026-03-26,Seed,11500000,1,,,
687f0060fc70f42da2e5d081,Cifrato,http://cifrato.ai,cifrato.ai,,2026-03-26,Seed,1000000,1,,,
58894b9fe4b0dd9cce3160f4,Conntour,https://www.conntour.com/,conntour.com,,2026-03-26,Seed,7000000,1,,,
58135bf7e4b086139b223689,Lucid Bots,https://www.lucidbots.com/,lucidbots.com,,2026-03-25,Series B,20000000,2,,,
630920b47fc7ba70a57ec289,Trayd,https://www.buildtrayd.com/,buildtrayd.com,,2026-03-25,Series A,10000000,2,,,
5a205559e4b0074339733c8b,Glimpse,https://www.tryglimpse.com/,tryglimpse.com,,2026-03-25,Series A,35000000,2,,,
5cfbc9950079303667993525,Humanly,https://humanly.io,humanly.io,,2026-03-24,Series B,25000000,3,,,
68da0fe9c95bd24868cad72f,Zalos AI,https://www.zalos.ai/,zalos.ai,,2026-03-24,Seed,3600000,1,,,
531adc76e4b0f7e1661a2aa8,Shepherd,https://www.shepherdinsurance.com/,shepherdinsurance.com,,2026-03-24,Series B,42000000,2,,,
53468c64e4b085eb38ac8183,Spade,https://spade.com,spade.com,,2026-03-24,Series B,40000000,3,,,
58dccae0e4b0371a571b3424,CloudCruise,https://cloudcruise.com,cloudcruise.com,,2026-03-19,Seed,5000000,1,,,
53e6d2bce4b090d818a96205,Parallel,https://www.beparallel.com/,beparallel.com,,2026-03-19,Series A,20000000,2,,,
5d5c294adfad2e1bc5188061,Latent,https://latenthealth.com,latenthealth.com,,2026-03-19,Series A,80000000,1,,,
65df8c857b030634c9cb1046,Laminar,http://lmnr.ai,lmnr.ai,,2026-03-18,Seed,3000000,1,,,
697d2ce9c519122987d26e22,Respan,https://www.respan.ai/,respan.ai,,2026-03-18,Seed,5000000,1,,,
68c6dae3eee0242c76e70efd,Laminar,https://laminar.sh,laminar.sh,,2026-03-17,Seed,3000000,1,,,
6805473d69fc0f672812205b,UnderstoodCare,https://understoodcare.com,understoodcare.com,,2026-03-16,Seed,5000000,1,,,
66c0136a430c136f039c8e10,Mandel AI,https://www.mandel.ai/,mandel.ai,,2026-03-16,Seed,4110084,1,,,
5cf8b4df00793014c526973d,Kiosk,http://kiosk.so,kiosk.so,,2026-03-16,Series A,19366387,1,,,
588a07dee4b00b29f191e467,Solidroad,https://www.solidroad.com/,solidroad.com,,2026-03-16,Series A,31952560,3,,,
62f9cc784684223233f35e38,Malama Health,https://heymalama.co,heymalama.co,,2026-03-12,Grant (prize money),3300000,2,,,
662e87cd0b74df1bec9950eb,Gumloop,https://www.gumloop.com/,gumloop.com,,2026-03-12,Series B,50000000,3,,,
5fd628ac24d7921f33942383,Depot,https://depot.dev,depot.dev,,2026-03-11,Series A,10000000,2,,,
678040a077603a413e48dbef,AgentMail,https://www.agentmail.to/,agentmail.to,,2026-03-10,Seed,6000000,1,,,
63dc095ffbeaec47c613413c,JuiceBox,https://juicebox.ai,juicebox.ai,,2026-03-10,Series B,80000000,2,,,
67435972397e506a6ae5a019,Diligence Squared,https://www.diligencesquared.com/,diligencesquared.com,,2026-03-06,Seed,5000000,1,,,
58923f89e4b05570701c9c7e,Sygaldry,https://sygaldry.com,sygaldry.com,,2026-03-05,Series A,105000000,1,,,
697d4cd8c519122987d6e9ab,Denki,https://denki.ai,denki.ai,,2026-03-05,Series A,4100000,1,,,
697cd72b255a99105cc9efac,Lio,https://lio.ai,lio.ai,,2026-03-05,Series A,30000000,1,,,
65bcb3a23c55e134f9105f10,Diligent,https://www.godiligent.ai/,godiligent.ai,,2026-03-04,Seed,2500000,1,,,
636975d1cbf28d48f99958a9,ARQ,https://www.arqfinance.com/en-MX,arqfinance.com,,2026-03-04,Series B,70000000,2,,,
58948ba1e4b07009b43961a0,Starling Medical,https://starlingmedical.com,starlingmedical.com,,2026-02-27,Series A,824990,3,,,
6459495cd5a3cd3e3ce116d6,Rove,http://rovecard.com,rovecard.com,,2026-02-27,Series A,3999999,1,,,
58bf31b2e4b0dc135c95a0ad,Usedots,https://usedots.com,usedots.com,,2026-02-26,Series A,8900000,1,,,
65fb603d8258911117d3f8b0,Vapi,https://vapi.ai,vapi.ai,,2026-02-26,Series B,50000000,2,,,
65170926d6298467780394fa,S2,https://s2.dev,s2.dev,,2026-02-25,Series A,3850000,1,,,
5de96205f0e6f64301edf62a,Letter AI,https://www.letter.ai/,letter.ai,,2026-02-24,Series B,40000000,2,,,
68ed3687bf642f29417f654a,Patientdesk.ai,https://www.patientdesk.ai/,patientdesk.ai,,2026-02-23,Seed,1000000,2,,,
5ef4a6152e367361a90eb59b,Hypercore,https://www.hypercore.ai/,hypercore.ai,,2026-02-23,Series A,13500000,1,,,
60f9c6880fd0711d8838835c,Humand,https://humand.co/en/,humand.co,,2026-02-23,Series A,66000000,1,,,
531a85f0e4b0f7e16611090c,onShore Security,https://onshore.com,onshore.com,,2026-02-19,Series B,31000000,2,,,
58839193e4b0dd9cce26387d,Novig,https://novig.com,novig.com,,2026-02-18,Series B,75000000,1,,,
58c182d9e4b0cc07367e9c66,HeyCharge,https://www.heycharge.com/,heycharge.com,,2026-02-18,Grant (prize money),2959725,1,,,
59b8f259e4b0a111d643de04,Novig,https://www.novig.us/,novig.us,,2026-02-18,Series B,75000000,3,,,
5981e0f2e4b08cc285a09092,Flextock,https://www.flextock.com/,flextock.com,,2026-02-17,Series A,12600000,1,,,
588a457be4b07fc4d2ad8311,Sphinx,https://sphinxhq.com,sphinxhq.com,,2026-02-17,Seed,7100000,1,,,
68634286a63a673d3c2c76db,Autosana,https://autosana.ai,autosana.ai,,2026-02-17,Seed,3200000,1,,,
5901df05e4b0038fcd4be141,Breadfast,https://www.breadfast.com/,breadfast.com,,2026-02-17,Series B,50000000,2,,,
546bd52ae4b0bd377ed2a497,TetraScience,https://www.tetrascience.com/,tetrascience.com,,2026-02-13,Series B,14999985,1,,,
6446a5316b858c7a854a0a1e,Sante,https://www.santehq.com/,santehq.com,,2026-02-12,Seed,7600000,1,,,
58dd73bfe4b0372f4ebd1053,Manufact,https://manufact.com,manufact.com,,2026-02-12,Seed,6300000,1,,,
5cf3923b2dca0f160d6badbd,Zippi,https://zippi.com.br,zippi.com.br,,2026-02-11,Series B,42319200,1,,,
66bd707e6575902fd98946ea,Simple AI,https://www.usesimple.ai/,usesimple.ai,,2026-02-11,Seed,14000000,1,,,
5903fff1e4b0bcc83eed1368,Bretton AI,https://www.bretton.com/,bretton.com,,2026-02-10,Series B,75000000,3,,,
59fb16ebe4b0a3a73349f85f,Veria Labs,https://verialabs.com,verialabs.com,,2026-02-09,Seed,3200000,1,,,
58bdf6cfe4b041de9c8bdc68,Ruvo,https://ruvo.com,ruvo.com,,2026-02-09,Seed,4600000,1,,,
5903a916e4b0465c9ce18c01,Veritus,http://veritus.com,veritus.com,,2026-02-07,Seed,10100000,1,,,
659c1b854adac626b198c819,ParcelBio,https://parcelbio.com,parcelbio.com,,2026-02-06,Seed,13174977,1,,,
61172b2c2bfe858606e5126a,Pluto,https://pluto.markets,pluto.markets,,2026-02-05,Seed,6000000,2,,,
5d66ba17dfad2e5588810488,Alinea,https://www.alinea-invest.com/,alinea-invest.com,,2026-02-05,Conventional Debt,22500000,3,,,
5e26295c928ab047d06b9f1a,Arpio,https://arpio.io,arpio.io,,2026-02-04,Series A,15862978,2,,,
533197cde4b09e548233a051,Hublo,https://www.hublo.com/,hublo.com,,2026-02-03,Series C,47327200,2,,,
6607fe73a892f153a0974588,Pasito,https://pasito.ai,pasito.ai,,2026-02-03,Series A,21000000,2,,,
531cb1bae4b0f7e1665a08f1,Fieldguide,https://www.fieldguide.io/,fieldguide.io,,2026-02-02,Series C,75000000,2,,,
67f68b1749f0176b6111bc04,Poetic,https://poetiq.ai,poetiq.ai,,2026-02-02,Seed,45800000,1,,,
642f2c84992dad7e70cfb92e,Uplift,https://upliftai.org,upliftai.org,,2026-01-29,Seed,3500000,1,,,
663f963cd097873f5d697a20,Emobi,https://www.emobi.ai/,emobi.ai,,2026-01-28,Seed,3400000,1,,,
65a15dcf6a0ad440d506b9fb,Risotto,https://www.tryrisotto.com/,tryrisotto.com,,2026-01-27,Seed,10000000,1,,,
58b51f81e4b0a76303425add,Concourse Technologies,https://www.concourse.co/,concourse.co,,2026-01-27,Series A,12000000,1,,,
687e7e5e1e566a1f0de2efd8,Brickanta,https://www.brickanta.com/,brickanta.com,,2026-01-27,Seed,8000000,1,,,
58bdbf20e4b0013e25fc4da0,Mine,https://usemine.com,usemine.com,,2026-01-26,Series A,14000000,3,,,
585fc5dde4b056d70c01051b,NowPay,https://nowpay.com,nowpay.com,,2026-01-22,Series A,20000000,1,,,
632cb62a152e4a121d722c19,Cambio,https://cambio.ai,cambio.ai,,2026-01-22,Series A,18000000,1,,,
531a10b4e4b0f7e16606fd61,Klir,https://www.klir.com/,klir.com,,2026-01-22,Conventional Debt,7500000,2,,,
58bec373e4b0fd9735f45a7a,Claim Health,https://www.claimhealth.com/,claimhealth.com,,2026-01-21,Seed,4400000,1,,,
672c3abb57e18867486699aa,Bolna,https://www.bolna.ai/,bolna.ai,,2026-01-20,Seed,6300000,1,,,
6881e3ca2b17f34feb5c9b9c,Elyos AI,https://elyos.ai,elyos.ai,,2026-01-19,Series A,13000000,1,,,
53466476e4b085eb38a66ede,Broccoli AI,https://www.broccoli.com/,broccoli.com,,2026-01-16,Unattributed,25000000,1,,,
58de88a3e4b0b2d87561ce34,Fleetzero,https://www.fleetzero.com/,fleetzero.com,,2026-01-16,Series A,43000000,1,,,
58de0b1fe4b0109668868a7c,Govdash,https://www.govdash.com/,govdash.com,,2026-01-15,Series B,30000000,2,,,
58dd96d1e4b0372f4ec3df9d,GrazeMate,https://grazemate.com,grazemate.com,,2026-01-14,Seed,1200000,1,,,
5901de7ce4b008f517e6104a,Escape,https://escape.tech,escape.tech,,2026-01-13,Series A,18000000,2,,,
58821e1de4b0544c0477778e,Qfex,https://www.qfex.com/,qfex.com,,2026-01-13,Series A,9500000,1,,,
5dc915fe7ce88a1b2d844210,Unusual,https://www.unusual.ai/,unusual.ai,,2026-01-09,Series A,3600000,1,,,
5904b2b4e4b02172cee341fa,Autonomous Technologies Group,https://atg.science,atg.science,,2026-01-07,Seed,15000000,1,,,
5dd65dbf7ce88a484d1e90b8,Statiq,https://www.statiq.in/,statiq.in,,2026-01-06,Series A,18000000,1,,,
6827759caba7c76f79f0a018,Use Crunched,https://www.usecrunched.com/,usecrunched.com,,2026-01-01,Seed,6000000,1,,,
67b2e9cd3fdcf35d01c92375,Mercura,https://www.mercura.ai/,mercura.ai,,2025-12-29,Seed,2100000,1,,,
58dbfc16e4b0371a5711910a,Lemon Slice,https://lemonslice.com,lemonslice.com,,2025-12-23,Seed,10500000,1,,,
5883cb46e4b02749aa256ff1,Material Depot,https://materialdepot.com,materialdepot.com,,2025-12-23,Series A,10113874,2,,,
65a5d9637775771b47bf4693,Phonely,https://www.phonely.ai/,phonely.ai,,2025-12-19,Series A,18349493,1,,,
58bf680ae4b0e437d8244e24,Kontigo,https://www.kontigo.com/,kontigo.com,,2025-12-19,Seed,20000000,1,,,
58839b64e4b07ff8d0636ae2,Finny,https://finny.com,finny.com,,2025-12-18,Series A,17000000,2,,,
60aa8e90ccea6e1d377ac345,Monet,https://www.monet.com.co/,monet.com.co,,2025-12-18,Series A,24000000,1,,,
58de1677e4b0b2d875556324,Givefront,https://givefront.com,givefront.com,,2025-12-18,Seed,2000000,1,,,
6044e169b169831f8f123ff1,Enlightra,https://enlightra.com,enlightra.com,,2025-12-18,Series A,15000000,1,,,
6058936e329a842facd4f34a,Wavedash,https://www.wavedash.gg,wavedash.gg,,2025-12-16,Seed,4300000,1,,,
67e9c45f879f4717ebb02a8e,Miniswap,https://miniswap.gg,miniswap.gg,,2025-12-16,Series A,3500000,1,,,
65dbb5a8d094b34f81a47637,Navier,https://navier.ai,navier.ai,,2025-12-15,Seed,5600000,1,,,
58dd87c6e4b0816fe5430dd7,Double,http://doublehq.com,doublehq.com,,2025-12-11,Series A,6500000,1,,,
5840715ee4b05359b9226e87,Cureskin,https://cureskin.com,cureskin.com,,2025-12-10,Series B,1210036,4,,,
68091fcfe6a91515188e83c0,Vybe,https://www.vybe.build/,vybe.build,,2025-12-10,Seed,10000000,1,,,
63c4b8ab83a0c06bc1beabc4,Outset,https://outset.ai,outset.ai,,2025-12-10,Series B,30000000,3,,,
57ecf2e8e4b007d2f033c3d3,Inito,https://www.inito.com/,inito.com,,2025-12-10,Series B,29000000,2,,,
5a6def7ae4b071cf2932d287,Solve Intelligence,https://www.solveintelligence.com/,solveintelligence.com,,2025-12-09,Series B,40000000,2,,,
62a3d60673b3b117e910f2a5,Jasmine,http://jasmine.energy,jasmine.energy,,2025-12-08,Conventional Debt,25000000,1,,,
58bf4e5de4b006712cd59eeb,Multifactor,https://multifactor.com,multifactor.com,,2025-12-04,Seed,15000000,1,,,
660e2927f9a79e192c1ff8fe,Guide Labs,https://www.guidelabs.ai/,guidelabs.ai,,2025-12-04,Seed,9000000,2,,,
535c8bbfe4b0506534984b4e,Howdy,https://howdy.com,howdy.com,,2025-12-04,Series A,1370000,4,,,
686e1ec26fa394599e691ea6,Cortex AI,https://cortexrobot.ai,cortexrobot.ai,,2025-12-04,Seed,6000000,1,,,
58dd6ecde4b0d836de4c933a,Rise Media & Factory Group,https://www.rmfg.com/,rmfg.com,,2025-12-04,Seed,4500000,1,,,
58895e5ae4b099a0c0703dea,Encord,https://encord.com,encord.com,,2025-12-03,Series C,60000000,2,,,
55657ba6e4b07899dba7ac65,Bold Voice,https://boldvoice.com,boldvoice.com,,2025-12-02,Series A,21000000,3,,,
58bf0dfbe4b068359c360d04,PermitFlow,https://www.permitflow.com/,permitflow.com,,2025-12-02,Series B,54000000,3,,,
6233471686ceb643a05f52bc,Bitstack,https://bitstack-app.com/en,bitstack-app.com,,2025-12-02,Series A,15000000,3,,,
63838963a18514257d34d697,Reditus Space,https://www.reditus.space/,reditus.space,,2025-12-01,Seed,7100000,1,,,
5bf6c0974f0cea49ec4b7db8,inSoma Bio,https://insomabio.com,insomabio.com,,2025-11-28,Grant (prize money),1972696,5,,,
57ee7821e4b033fdac393784,Quindar,https://www.quindar.space/,quindar.space,,2025-11-28,Series A,18000000,3,,,
58876e58e4b099a0c069988e,Fifth Door,https://fifthdoor.com,fifthdoor.com,,2025-11-26,Seed,20000000,1,,,
67fd7bd19f33713aec71f55a,besimple AI,https://besimple.ai,besimple.ai,,2025-11-26,Seed,3000000,1,,,
67984e41c406365136fd1662,SubImage,https://www.subimage.io/,subimage.io,,2025-11-25,Seed,4200000,1,,,
58dd2b44e4b0d836de3f619a,Cerrion,https://www.cerrion.com/,cerrion.com,,2025-11-25,Series A,18000000,2,,,
58de2d57e4b004e81d789341,Model ML,https://www.modelml.com/,modelml.com,,2025-11-24,Series A,75000000,2,,,
5891f232e4b0bbf964d81db5,Blocktool,http://blocktool.com,blocktool.com,,2025-11-24,Series A,6739000,1,,,
67549684e28253128a072aa4,Maritime Fusion,https://www.maritimefusion.com/,maritimefusion.com,,2025-11-24,Seed,4500000,1,,,
67d9ce84917a4a78b807f892,Relixir,https://www.relixir.ai/rex,relixir.ai,,2025-11-21,Seed,2000000,1,,,
5fd54c88990a701e7828f5f0,Tailor,https://www.tailor.tech/,tailor.tech,,2025-11-21,Series A,15000000,3,,,
5d49a97991503616508e6217,BenePass,https://getbenepass.com,getbenepass.com,,2025-11-21,Series B,40000000,2,,,
6835d0858f58e768887f46c2,Clado,https://www.clado.ai/,clado.ai,,2025-11-20,Seed,2000000,1,,,
5836bd68e4b01307d8aeb666,Shasqi,https://www.shasqi.com/,shasqi.com,,2025-11-20,Grant (prize money),1497590,5,,,
6491f5df7e14850155dccab2,Automat AI,https://runautomat.com,runautomat.com,,2025-11-20,Series A,15500000,2,,,
664241f6ecff9817b73ed2d5,Ember,https://www.embercopilot.ai/,embercopilot.ai,,2025-11-19,Seed,4300000,1,,,
589869b2e4b0fd8339110b75,Cellbyte,http://cellbyte.com,cellbyte.com,,2025-11-19,Seed,2750000,1,,,
66a53c1feb22b52d96a76e7f,SynthioLabs,https://synthiolabs.com,synthiolabs.com,,2025-11-19,Seed,5000000,1,,,
61641bca90424a0d631806f5,Jiga,https://jiga.io,jiga.io,,2025-11-18,Series A,12000000,2,,,
569f7dabe4b0f2d13a634df5,Sphere,https://www.getsphere.com/,getsphere.com,,2025-11-18,Series A,21000000,1,,,
6001f9cd28a00f1e2cf3b2c3,Gridware,https://www.gridware.io/,gridware.io,,2025-11-17,Series B,55000000,3,,,
674ca6a2bfba3f008b57b52b,Sira,https://sira.team,sira.team,,2025-11-17,Seed,3400000,1,,,
5904f0f6e4b0b66b2cf092f4,voize,https://www.voize.de/,voize.de,,2025-11-17,Series A,50000000,2,,,
68df8b64eaf1354ee9936474,Mantis,http://mantisbiotech.com,mantisbiotech.com,,2025-11-17,Seed,6300000,1,,,
655bea328709f7366fe7e546,Momentic,https://momentic.ai,momentic.ai,,2025-11-14,Series A,18609221,2,,,
678de872665b4224d3b5e0ba,Bindwell,https://bindwell.ai,bindwell.ai,,2025-11-13,Seed,6000000,1,,,
5c8a5f0e9adc104cb9a4177f,Luminate Medical,https://www.luminatemed.com/,luminatemed.com,,2025-11-13,Series A,21000000,3,,,
603391649a3f831eb34c65f4,Tavus,https://www.tavus.io/,tavus.io,,2025-11-12,Series B,40000000,3,,,
679bbd021d309b3a1127d976,Willow Voice,https://willowvoice.com,willowvoice.com,,2025-11-12,Seed,4500000,1,,,
59a720c6e4b07b410eb0b204,Arpeggio,https://www.arpeggiobio.com/,arpeggiobio.com,,2025-11-12,Series B,20037075,2,,,
67ba0431a126586980bdcb97,Sim,https://www.sim.ai/,sim.ai,,2025-11-07,Series A,7000000,1,,,
5e5974cc0acf2112d616ea03,KorrAI,https://www.korrai.com/,korrai.com,,2025-11-06,Seed,1600000,1,,,
5318cd1de4b0f7e165e8acd8,Artie,https://www.artie.com/,artie.com,,2025-11-06,Series A,15050968,1,,,
57db0334e4b0af1418b43f47,Giga AI,https://giga.ai,giga.ai,,2025-11-06,Series A,61000000,2,,,
67ab65dadae5596f2006231f,Avallon,https://www.avallon.ai/,avallon.ai,,2025-11-06,Seed,4600000,1,,,
646bc0840a21822880cf859a,Flint,https://flintk12.com,flintk12.com,,2025-11-06,Series A,15000000,1,,,
687322d2d6a6bc33276978ad,Freya,https://freyavoice.ai,freyavoice.ai,,2025-11-05,Seed,3500000,1,,,
58bf6e75e4b0a06af311eac7,Cactus,https://oncactus.com,oncactus.com,,2025-11-05,Seed,7000000,1,,,
67a4aa54cf6e6b6b915f243d,Mecha Health,https://www.mecha-health.ai/,mecha-health.ai,,2025-11-04,Seed,4100000,1,,,
62f836fc15aae92a575d82cc,Planbase,https://www.joinplanbase.com/,joinplanbase.com,,2025-11-04,Seed,2100000,1,,,
683137c2ff889f6e990a945f,Novoflow,https://www.novoflow.io/,novoflow.io,,2025-11-03,Seed,3100000,1,,,
5462cfafe4b0731a4614dcbc,Drip Capital,https://www.dripcapital.com/,dripcapital.com,,2025-10-30,Conventional Debt,50000000,4,,,
642c2ee757bc9a42b6e335b5,The Prompting,https://promptingcompany.com,promptingcompany.com,,2025-10-30,Seed,6500000,1,,,
6033c741e6ddd51f8062d885,Airhart,https://airhartaero.com,airhartaero.com,,2025-10-30,Series A,4560848,1,,,
585a66c6e4b059a18d1a3a12,Vesence,https://www.vesence.com,vesence.com,,2025-10-28,Seed,9000000,1,,,
65eaa14a0bf7671f1d92c54d,Truth Systems,https://www.truthsystems.ai/,truthsystems.ai,,2025-10-28,Seed,4000000,1,,,
63dd256e5118892cef0f10af,Wild Moose,https://www.wildmoose.ai/,wildmoose.ai,,2025-10-28,Seed,7000000,1,,,
685e3e316e7b3e3fa4629d38,Socratix AI,https://getsocratix.ai,getsocratix.ai,,2025-10-28,Seed,4100000,1,,,
5904e824e4b05bd9cfd2bc1a,SalesPatriot,https://salespatriot.com,salespatriot.com,,2025-10-28,Seed,5000000,1,,,
5c8fa57578d8a0125ae67c1c,Crustdata,https://crustdata.com,crustdata.com,,2025-10-27,Seed,6000000,1,,,
56ec2384e4b0f3e9f8808934,ChatFuel,https://chatfuel.com,chatfuel.com,,2025-10-27,Seed,1500000,1,,,
62b35551bea0d1136f302b72,shuttle,http://shuttle.rs,shuttle.rs,,2025-10-23,Seed,6000000,1,,,
679fb185f91b6c4b2426b5c1,Tempo,https://www.tempo.new/,tempo.new,,2025-10-22,Seed,5000000,1,,,
6342d05277cbf115d43ef316,Cercli,https://www.cercli.com/,cercli.com,,2025-10-21,Series A,12000000,2,,,
55e51ff2e4b0d523eed3bc25,Bright,https://www.thinkbright.mx/,thinkbright.mx,,2025-10-21,Conventional Debt,15000000,3,,,
5883a947e4b0dc278b8e8565,GEn1E,https://www.gen1e.com/,gen1e.com,,2025-10-21,Series A,5520803,2,,,
684f0bdaf171ad5b78943a52,Golpo Story,https://golpoai.com,golpoai.com,,2025-10-20,Seed,4100000,1,,,
649de4f9581b104a6a841bd5,Valink Therapeutics,https://valinktx.com,valinktx.com,,2025-10-20,Seed,11800000,2,,,
68f857087c55f608e160d8ff,Golpo.ai,https://www.golpo.ai,golpo.ai,,2025-10-20,Seed,4100000,1,,,
61bd19236e8de1784d907679,Andson Biotech,https://andsonbiotech.com,andsonbiotech.com,,2025-10-17,Series A,5000000,2,,,
6890f90bd278823b6d5ffe4d,Albacore,https://www.albacore.inc/,albacore.inc,,2025-10-16,Seed,6500000,1,,,
581466b3e4b0ada05fa8a650,ego AI,https://www.egoai.com/,egoai.com,,2025-10-16,Seed,6700000,1,,,
68afd295995674229d6055cc,Dedalus Labs,https://www.dedaluslabs.ai/,dedaluslabs.ai,,2025-10-15,Seed,11000000,1,,,
58dcef00e4b0f91090997f18,Chari,https://chari.com,chari.com,,2025-10-15,Series A,12000000,3,,,
64dc144cea55da36e83d5590,FleetWorks,https://www.fleetworks.ai/,fleetworks.ai,,2025-10-15,Series A,17000000,1,,,
59068fc9e4b0b286e8e4507f,Kernel,https://www.kernel.sh/,kernel.sh,,2025-10-15,Series A,22000000,1,,,
5f317fb7081c9516c8aa9ec3,Campfire,https://campfire.ai,campfire.ai,,2025-10-15,Series B,65000000,3,,,
6563f7279fb3bf589c3d5a6a,Reducto,https://reducto.ai,reducto.ai,,2025-10-14,Series B,75000000,3,,,
57c3e001e4b0416753273a17,Nova Credit,https://www.novacredit.com/,novacredit.com,,2025-10-14,Series D,35000000,3,,,
65a42be48e01b437dccae35e,Claimsorted,https://claimsorted.com,claimsorted.com,,2025-10-13,Seed,13300000,2,,,
53463c04e4b085eb38a055b1,Eden,https://edenmed.com,edenmed.com,,2025-10-10,Series A,22000000,2,,,
5736971ae4b0779362836bf9,Alguna,https://alguna.com,alguna.com,,2025-10-10,Seed,4000000,1,,,
5d0ce5d0e61a85161a151c16,Lucent AI,https://lucenthq.com,lucenthq.com,,2025-10-10,Seed,2000000,1,,,
5940e050e4b09067218e403c,Kernel,http://onkernel.com,onkernel.com,,2025-10-09,Series A,22000000,1,,,
66916ff86f93db109d89f70d,David AI,https://www.withdavid.ai,withdavid.ai,,2025-10-09,Series B,50000000,3,,,
61da40140a0e354917418910,Odys Aviation,https://www.odysaviation.com/,odysaviation.com,,2025-10-09,Series A,26000000,1,,,
660d2bcce08bab0ba5a7fb44,Datacurve,https://datacurve.ai,datacurve.ai,,2025-10-09,Series A,15000000,2,,,
588202e9e4b004434f11ff68,CoLab Software,https://www.colabsoftware.com,colabsoftware.com,,2025-10-09,Series C,72000000,3,,,
67b6abffadd2982228075de1,Relace,https://relace.ai,relace.ai,,2025-10-08,Series A,23000000,1,,,
59f32165e4b0762b9c11816f,AiPrise,https://www.aiprise.com/,aiprise.com,,2025-10-08,Series A,12500000,1,,,
5ae220fae4b0cbf7bbd67689,FurtherAI,https://www.furtherai.com/,furtherai.com,,2025-10-07,Series A,30029989,2,,,
5896fdb3e4b0fd83390d5b34,Metreecs,https://www.metreecs.com/,metreecs.com,,2025-10-03,Seed,3167046,1,,,
55bf7a97e4b0719b15ef88da,Oneleet,https://www.oneleet.com/,oneleet.com,,2025-10-02,Series A,33000000,1,,,
5d76886bdfad2e630ab447ed,AOA,https://aoadx.com,aoadx.com,,2025-10-01,Series A,8085364,3,,,
67b0e0e1cbb50d6f6e92eb4e,Nia,https://trynia.ai,trynia.ai,,2025-10-01,Seed,6200000,2,,,
5847e677e4b0485527524047,Supernova,https://www.supernova.io/,supernova.io,,2025-09-30,Series A,9200000,2,,,
5904e6a2e4b00c9ed50784ad,PostHog,https://posthog.com,posthog.com,,2025-09-29,Series E,75000000,3,,,
5318c1c0e4b0f7e165e6c7e9,Alex,https://www.alex.com/,alex.com,,2025-09-29,Series A,17000000,2,,,
65e9dd5a88710d398f364f58,Rulebase,https://www.rulebase.co/,rulebase.co,,2025-09-26,Seed,2100000,1,,,
5f89fcfd339059175032c846,BotCity,https://botcity.dev,botcity.dev,,2025-09-25,Series A,12257635,1,,,
5df8f888d5d76605335e82e6,Morphle,https://morphlelabs.com,morphlelabs.com,,2025-09-25,Series A,5000000,1,,,
67b72e6888a30829a6d4aebc,GetBurnt,https://www.getburnt.ai/,getburnt.ai,,2025-09-25,Seed,3800000,1,,,
67a8e469a1c48b785f846c77,Tryardent,https://www.tryardent.com/,tryardent.com,,2025-09-24,Seed,2150000,1,,,
5905d595e4b02ce7b12673da,Atomic,https://atomic.industries,atomic.industries,,2025-09-23,Series A,25000000,2,,,
588dc9fde4b07ff8d071bc82,Saturn,https://www.saturnos.com/,saturnos.com,,2025-09-19,Series A,17227486,1,,,
62d49bf27a0f133faad92f09,Numeral One,http://numeralhq.com,numeralhq.com,,2025-09-18,Series B,35000000,2,,,
6822421b35d3296bb568a899,PD Shield,https://www.perseusdefense.com/,perseusdefense.com,,2025-09-18,Seed,6000000,1,,,
58723d66e4b0c5ad3ace84a1,Wright Electric,https://www.weflywright.com/,weflywright.com,,2025-09-16,Grant (prize money),2961310,3,,,
59bbc75de4b02022d7491763,CellChorus,https://cellchorus.com,cellchorus.com,,2025-09-16,Grant (prize money),1334242,8,,,
6592dd632820795b4047501c,DianaHR,https://www.getdianahr.com/,getdianahr.com,,2025-09-15,Seed,3700000,1,,,
65013736d8d10b37de4fc17d,Hyperbound,https://www.hyperbound.ai/,hyperbound.ai,,2025-09-15,Series A,15000000,1,,,
5d23554a0040b54db2418705,Marqvision,https://www.marqvision.com/,marqvision.com,,2025-09-15,Series B,48000000,2,,,
58898db0e4b0dc278b9b038d,Adentris,https://adentris.com,adentris.com,,2025-09-12,Seed,1800000,1,,,
623a9886d6e74e04a1aecf46,Aragorn,https://www.aragorn.ai/,aragorn.ai,,2025-09-12,Seed,4300000,1,,,
67c09793e24a9f460e518b30,Bloom DIY,https://bloom.diy,bloom.diy,,2025-09-12,Seed,3400000,1,,,
66ccd9f486d87b6421db61f5,Eloquent AI,https://www.eloquentai.co/,eloquentai.co,,2025-09-11,Seed,7400000,1,,,
59040444e4b0489ab6af3c4c,Aleph,https://www.getaleph.com/,getaleph.com,,2025-09-10,Series B,29236491,2,,,
5b82c275e4b0f9313c11b9af,Hadrius,https://www.hadrius.com/,hadrius.com,,2025-09-09,Series A,26833502,2,,,
58be547de4b041de9c9ab610,Motion,https://www.usemotion.com/,usemotion.com,,2025-09-08,Series C,38000000,4,,,
55bea52de4b0c4f20d17fc30,Humanbehavior,https://www.humanbehavior.co/,humanbehavior.co,,2025-09-05,Seed,5000000,1,,,
67f53cfd822a945a1536d17a,LineWise,https://www.linewise.io/,linewise.io,,2025-09-05,Seed,1100000,1,,,
58ba77dde4b041de9c74f321,Inkeep,https://inkeep.com,inkeep.com,,2025-09-05,Seed,13000000,1,,,
64ab1472d1c40226df18da48,Throxy,https://throxy.com,throxy.com,,2025-09-04,Seed,6173917,1,,,
58dbd8bae4b0f910908317b8,Kodex,https://www.kodexglobal.com/,kodexglobal.com,,2025-09-04,Series A,21199989,2,,,
62b30c18eac614215448a17c,Recall.ai,https://www.recall.ai/,recall.ai,,2025-09-04,Series B,38000000,3,,,
59fb5117e4b0672c3a599f98,Orchard,https://www.orchard.ai/,orchard.ai,,2025-09-03,Series A,22000000,2,,,
5caa0370e343fb3aba320a9d,Flex,https://www.withflex.com/,withflex.com,,2025-09-02,Series A,15000000,2,,,
67c0b1004ea99329d6256e0a,InsForge,https://insforge.dev,insforge.dev,,2025-09-01,Seed,1500000,1,,,
5346a30de4b085eb38afb829,Somos Internet,https://www.somosinternet.com/,somosinternet.com,,2025-09-01,Series A,18000000,2,,,
6087b93521be5095b0bb11a8,Somos,http://somosinternet.co,somosinternet.co,,2025-09-01,Series A,18000000,2,,,
6706ba97587fc96e7a7cd8f1,Munify,https://www.munify.ai/,munify.ai,,2025-08-31,Seed,4500000,1,,,
610de8d5d986481ee8757f8c,Gullak,https://gullak.money,gullak.money,,2025-08-29,Series A,7500000,2,,,
5e7fe1200acf217e759bc97d,Ananya Health,https://www.ananya.health/,ananya.health,,2025-08-28,Grant (prize money),2297920,2,,,
58be13fde4b041de9c9096c6,Momento,https://www.tumomento.com/,tumomento.com,,2025-08-28,Series A,10250000,2,,,
683137acff889f6e990a93e9,Bluejay,https://getbluejay.ai,getbluejay.ai,,2025-08-27,Seed,4000000,1,,,
58befcd2e4b08180d90b1e2f,Aurelian,https://www.aurelian.com/,aurelian.com,,2025-08-27,Series A,14000000,1,,,
67789e15c95fdc58e3fb953e,Artificial Societies,https://societies.io,societies.io,,2025-08-27,Seed,3350000,2,,,
5f7bb213374bf617311dadde,Atomic,https://www.atomicvest.com/,atomicvest.com,,2025-08-27,Series C,30000000,1,,,
58588feae4b0d6450176f628,Central,https://centralhq.com,centralhq.com,,2025-08-27,Seed,8600000,1,,,
56b4c2b9e4b0973b818b7779,Origami Therapeutics,https://origamitherapeutics.com,origamitherapeutics.com,,2025-08-25,Grant (prize money),609996,1,,,
67ba04209d76d3753f2eb04a,Plexe,https://www.plexe.ai/,plexe.ai,,2025-08-25,Seed,2100000,1,,,
62a52f4466dbb649764af4fb,Shipoway,https://www.shipoway.com/,shipoway.com,,2025-08-22,Seed,4000000,1,,,
54d4a1b7e4b020fe6c589f8a,iSono Health,https://isonohealth.com,isonohealth.com,,2025-08-21,Grant (prize money),1999730,3,,,
61fe23192478465d4d6182a9,Seabound,https://www.seabound.co/,seabound.co,,2025-08-20,Grant (prize money),1485121,1,,,
5903cebee4b044ce9d644059,AgendaPro,https://agendapro.com/en,agendapro.com,,2025-08-20,Series B,35000000,1,,,
58beb715e4b068359c2c02c1,New Patel Trading,https://provision.com,provision.com,,2025-08-20,Series A,7790677,1,,,
6305338d129d2214343cb8fb,SRE.ai,https://www.sre.ai/,sre.ai,,2025-08-20,Seed,7200000,1,,,
6532c710fbc96b26fabe9af5,Casca,https://www.cascading.ai/,cascading.ai,,2025-08-19,Series A,29000000,2,,,
58dd628be4b0dcc46c7c112e,Paradigm,https://www.paradigmai.com/,paradigmai.com,,2025-08-18,Seed,5000000,2,,,
5a947e86e4b0337b3b0c4bb3,Sola,https://www.sola.ai/,sola.ai,,2025-08-14,Series A,17500000,2,,,
57bf8bb6e4b041675325aa16,Topline Pro,https://www.toplinepro.com/,toplinepro.com,,2025-08-14,Series B,27000000,3,,,
637393b96cef613096c32db3,Pylon,https://www.usepylon.com/,usepylon.com,,2025-08-14,Series B,30999977,4,,,
589250dae4b09cd6cc63f155,SafeBeat,https://safebeat.com,safebeat.com,,2025-08-13,Grant (prize money),2019072,2,,,
5b51c1e1e4b04ba64f478e3e,Paladin Drones,https://www.paladindrones.io/,paladindrones.io,,2025-08-11,Series B,17013621,2,,,
58ba4a17e4b0013e25e8e5ea,BlindPay,https://www.blindpay.com/,blindpay.com,,2025-08-08,Seed,3300000,1,,,
66e85bfdf2247143efa0797b,Orbital Operations,https://orbitalops.tech,orbitalops.tech,,2025-08-07,Seed,8800000,1,,,
5301cfe6e4b0b193ed6655dd,AgileMD,https://www.agilemd.com/,agilemd.com,,2025-08-06,Grant (prize money),1995966,1,,,
5903c652e4b05bd9cfbee473,Alaan,https://www.alaan.com/,alaan.com,,2025-08-05,Series A,48000000,2,,,
67f1b9facb5de67fed591d70,Delty,https://delty.ai,delty.ai,,2025-08-01,Seed,2000000,1,,,
531ca620e4b0f7e16657c631,Wallarm,https://www.wallarm.com/,wallarm.com,,2025-07-31,Series C,55000000,2,,,
671ebe83f7df0e35358f94c0,Caseflood.ai,https://www.caseflood.ai/,caseflood.ai,,2025-07-30,Seed,3200000,1,,,
5c3433e08f08749b5440098b,Julius AI,https://julius.ai,julius.ai,,2025-07-29,Seed,10000000,1,,,
5905b541e4b01a735f83effe,Keye,https://www.keye.co/,keye.co,,2025-07-29,Seed,5000000,1,,,
5c8519bd9adc100c27ec59fd,Salient,https://www.trysalient.com/,trysalient.com,,2025-07-28,Series A,60000000,1,,,
5903e891e4b01a735f51e95f,Finary,https://finary.com/fr,finary.com,,2025-07-28,Series B,29354250,1,,,
5904e0f9e4b00747a0428294,Cascade Space,https://cascade.space,cascade.space,,2025-07-24,Seed,5900000,1,,,
58ba9627e4b041de9c7a4d68,Garage,https://www.shopgarage.com/,shopgarage.com,,2025-07-24,Series A,17840972,1,,,
61847ebae1b176559666e6a2,Courtyard,https://courtyard.io,courtyard.io,,2025-07-24,Series A,30000000,2,,,
58dcb7b3e4b0e8400e32aace,Helium,https://tryhelium.com,tryhelium.com,,2025-07-22,Series A,5402999,1,,,
62f927b36f9b0265d527cd40,CandorIQ,https://www.candoriq.com/,candoriq.com,,2025-07-22,Seed,4800000,1,,,
63c7212cf247b218a53addd4,Getasap,https://www.getasap.asia/,getasap.asia,,2025-07-22,Series A,3450000,1,,,
5c01770a4f0c929f129dcb70,Ashby,https://www.ashbyhq.com/,ashbyhq.com,,2025-07-22,Series D,50000000,3,,,
58dcf98ee4b0dcc46c679543,Fortuna Health,https://www.fortunahealth.com/,fortunahealth.com,,2025-07-18,Series A,18275489,2,,,
6791b40012392b7bedad184d,Notte,https://www.notte.cc/,notte.cc,,2025-07-18,Seed,2500000,1,,,
588a8d60e4b0544c048ccafa,Substack,https://substack.com,substack.com,,2025-07-17,Series C,100000000,2,,,
5f3f9bc500148e0cfea954a1,Heron Data,https://www.herondata.io/,herondata.io,,2025-07-15,Series A,16000000,1,,,
681a4951d986ff5b5ca05d92,Apolink,https://apolink.space,apolink.space,,2025-07-14,Seed,4300000,1,,,
64e23234a0043e6ac5f21f22,ParadeDB,https://www.paradedb.com/,paradedb.com,,2025-07-14,Series A,12000000,1,,,
63de331b5118892cef15045e,Lavo Life Sciences,http://lavo.ai,lavo.ai,,2025-07-11,Grant (prize money),1213322,1,,,
63dd02815118892cef0d7467,Vellum,https://vellum.ai,vellum.ai,,2025-07-10,Series A,20000000,2,,,
6673bad11e9f5233a6f71d38,Mem0,https://mem0.ai,mem0.ai,,2025-07-09,Series A,24000000,1,,,
569df8d6e4b01cfeb4c6d1d6,Chowdeck,https://chowdeck.com,chowdeck.com,,2025-07-09,Series A,15391835,2,,,
58918745e4b09cd6cc5decd3,OneText,https://home.onetext.com,home.onetext.com,,2025-07-08,Seed,4500000,1,,,
531cd1d8e4b0f7e16660bb01,Ekho,https://www.ekho.com/,ekho.com,,2025-07-08,Series A,17300000,1,,,
61df25850db591457c148dc7,Cerebrium,https://cerebrium.ai,cerebrium.ai,,2025-07-07,Seed,8500000,1,,,
6630a587126e4b6e5a43b356,Venta,https://www.getventa.ai/,getventa.ai,,2025-07-03,Seed,2000000,1,,,
65b94361bf04f12c0ed5f889,Argon AI,https://argon-ai.com,argon-ai.com,,2025-07-02,Seed,5500000,2,,,
623f6d0ec5b1f759c8b752cb,SideGuide,https://www.sideguide.dev/,sideguide.dev,,2025-07-01,Series A,17223686,1,,,
55c4eac6e4b0c48f108ef1b8,Skyways,https://www.skyways.com/,skyways.com,,2025-07-01,Conventional Debt,5000000,1,,,
677c0ede9225de02ba797696,Mentra Labs,https://mentraglass.com,mentraglass.com,,2025-06-30,Series A,8000000,1,,,
6009c371f881a21f01819a60,Shinkei Systems,https://shinkei.systems,shinkei.systems,,2025-06-30,Series A,22000000,2,,,
67d2749a8729e03ed3d9b93d,Cekura,https://www.cekura.ai/,cekura.ai,,2025-06-30,Seed,2400000,1,,,
63d2ea5e70b4b24b50cc3ea0,Campfire,http://meetcampfire.com,meetcampfire.com,,2025-06-30,Series A,35000000,2,,,
5f68978cbfedfa4feb16db7f,Pibit AI,https://pibit.ai,pibit.ai,,2025-06-27,Series A,7000000,1,,,
66db321ed802446483a24e15,Better Auth,https://better-auth.com,better-auth.com,,2025-06-25,Seed,5000000,1,,,
647b9739f9b7c9166b3e8be0,Eventual,https://www.eventual.ai/,eventual.ai,,2025-06-24,Series A,20000000,2,,,
6419d835cd900d3587efe1fd,LanceDB,https://lancedb.com,lancedb.com,,2025-06-24,Series A,30000000,2,,,
676d1e48b6e0ed3251779cda,Stackup,https://www.stackup.fi/,stackup.fi,,2025-06-23,Seed,4200000,1,,,
5f92c878c307176b9006db83,Infracost,https://www.infracost.io/,infracost.io,,2025-06-20,Series A,18849980,1,,,
5cf5f756b2e199162d033335,Soteris,https://soteris.co,soteris.co,,2025-06-20,Series A,8049995,1,,,
58896fc6e4b0dd9cce3286ca,EnsoData,https://ensodata.com,ensodata.com,,2025-06-18,Series B,20000001,1,,,
588dad39e4b0dd9cce3b2653,Tennr,https://www.tennr.com/,tennr.com,,2025-06-18,Series C,101000000,3,,,
67ab6b5e690de63e30e3087c,AthenaHQ,https://athenahq.ai,athenahq.ai,,2025-06-17,Seed,2200000,1,,,
6001f9a528a00f1e2cf3b1a5,GrowthBook,https://www.growthbook.io/,growthbook.io,,2025-06-17,Series A,22621791,1,,,
5c59f5168f08b4e836f670c6,Future Fields,https://futurefields.io,futurefields.io,,2025-06-17,Series A,8000000,2,,,
58dbf364e4b04b320f91e43c,Aspora,https://www.aspora.com/,aspora.com,,2025-06-15,Series B,53000000,4,,,
6057b7d8c5a1b61f39af14d3,Million Software,https://million.dev,million.dev,,2025-06-13,Series A,13647944,1,,,
5eb5c92f3c737a12ce10cb0a,Parallel Bio,https://www.parallel.bio/,parallel.bio,,2025-06-12,Series A,21000000,2,,,
58b247a9e4b0b3f0f8b94ba4,Canary Technologies,https://canarytechnologies.com,canarytechnologies.com,,2025-06-12,Series D,80000000,3,,,
54047e4ee4b0e5293791f2d2,Nitrode,https://www.nitrode.com/,nitrode.com,,2025-06-12,Seed,1800000,1,,,
5d850869dfad2e7266590352,GroundControl,https://gndctl.com,gndctl.com,,2025-06-11,Seed,2000000,1,,,
5ab127fbe4b047dedca00603,Decentro,http://decentro.tech,decentro.tech,,2025-06-06,Series B,3494520,2,,,
531c5993e4b0f7e166488bb3,Toma,https://www.toma.com/,toma.com,,2025-06-06,Series A,17000000,1,,,
6058c651c2f6111eb227d873,Armilla AI,https://www.armilla.ai/,armilla.ai,,2025-06-06,Seed,1335000,2,,,
5d0a4ee3838b52512f3ecab7,Synapticure,https://www.synapticure.com/,synapticure.com,,2025-06-06,Grant (prize money),1253527,4,,,
62c70eaef9beb179e98d904a,Infisical,https://infisical.com,infisical.com,,2025-06-06,Series A,16000000,2,,,
5891dbf5e4b0f9b8570d9836,Simetrik,https://simetrik.com,simetrik.com,,2025-06-04,Series B,30000000,2,,,
5ed7f6d97c917b26601c9b43,Clara,https://clarahomecare.com,clarahomecare.com,,2025-06-03,Seed,3100000,1,,,
5883beb3e4b07ff8d0642e1e,Aerones,https://aerones.com,aerones.com,,2025-06-03,Series B,62291832,3,,,
64148ab07e55c0202c2a5e99,Velorum Therapeutics,https://www.velorumtx.com/,velorumtx.com,,2025-06-03,Grant (prize money),772293,1,,,
6804bc73df973941516efcae,Unbound,https://www.getunbound.ai/,getunbound.ai,,2025-05-29,Seed,4000000,1,,,
5b648df4e4b0beae16e84b75,BrioHR,https://briohr.com,briohr.com,,2025-05-28,Series A,6500000,1,,,
5887365ee4b00b29f1870ace,Palla Financial,https://www.palla.com/,palla.com,,2025-05-28,Series A,14500000,1,,,
67af2777c5cabd592ceb56db,Abacum,https://www.abacum.ai/,abacum.ai,,2025-05-28,Series B,60000000,1,,,
61734151b58a5214a3003cbc,Signatur Biosciences,https://www.signatur.bio/,signatur.bio,,2025-05-25,Seed,7000000,2,,,
5cc704e730e44a3c40a14650,Modelence,https://modelence.com,modelence.com,,2025-05-23,Seed,3850000,1,,,
59231befe4b01889882ea856,Biobot Analytics,https://biobot.io,biobot.io,,2025-05-23,Series A,13451355,1,,,
5fa2d4fdaf193e213c0995fb,Axle Health,https://www.axlehealth.com/,axlehealth.com,,2025-05-22,Series A,10000000,2,,,
59cfeab3e4b03c8ff2ea2133,RevenueCat,https://www.revenuecat.com/,revenuecat.com,,2025-05-22,Series C,50000000,2,,,
5df128f9f0e6f64f6afc9e58,Wrkdn,https://www.wrkdn.com/,wrkdn.com,,2025-05-21,Seed,1800000,1,,,
58876868e4b00b29f188982e,Lendflow,https://www.lendflow.com/,lendflow.com,,2025-05-19,Conventional Debt,15000000,1,,,
62abaf3ef5673d57b013162d,PERSIST.AI,https://www.persist-ai.com/,persist-ai.com,,2025-05-19,Series A,12000000,2,,,
5b9951e9e4b0bc254df3a8fd,thndr,https://thndr.app,thndr.app,,2025-05-17,Series A,15700000,1,,,
58bda82de4b041de9c7f0aa7,Openlayer,https://www.openlayer.com/,openlayer.com,,2025-05-14,Series A,14500000,2,,,
58dd216ae4b0d836de3d7345,Datlo,https://datlo.com,datlo.com,,2025-05-14,Seed,710000,1,,,
5891a0abe4b0557070178df0,Datafold,https://www.datafold.com/,datafold.com,,2025-05-13,Series A,3999986,1,,,
58876855e4b0a3db25249471,Usul,https://usul.com,usul.com,,2025-05-12,Seed,3300000,1,,,
5d5fa80a85b49c081f5e3f59,Flo Recruit,http://start.florecruit.com,start.florecruit.com,,2025-05-09,Series A,5034205,2,,,
55e0c109e4b01d1747b26c47,Operand,https://www.operand.com/,operand.com,,2025-05-08,Seed,3100000,1,,,
5e852ed10acf2158b08c82ec,Alice,https://www.alice.tech/,alice.tech,,2025-05-08,Series A,4751884,2,,,
6571d6100d6fa62b83871954,Codeant AI,https://www.codeant.ai/,codeant.ai,,2025-05-08,Seed,2000000,1,,,
58bee7d2e4b0e437d8169a98,Tesseral,https://tesseral.com,tesseral.com,,2025-05-06,Seed,3300000,1,,,
58de6535e4b027db5f714e1c,Rewbi,https://www.rewbi.com/,rewbi.com,,2025-05-06,Seed,4000000,1,,,
5fad542fd9d8a6566318f89e,WishRoll,http://wishroll.co,wishroll.co,,2025-05-02,Series A,17113000,1,,,
6451525ffc14ff7b94c2a6fd,Tamarind Bio,https://www.tamarind.bio/,tamarind.bio,,2025-05-02,Series A,13559984,1,,,
646ba5ead83008659513762e,CorgiAI,https://www.corgilabs.ai/,corgilabs.ai,,2025-04-29,Series A,3581499,1,,,
63cc47eb24a07b32e7a8fcc2,OmniRetail,https://omniretail.africa,omniretail.africa,,2025-04-28,Series A,20000000,1,,,
5eec26e7c6a34a2d66637141,SaveIN,https://savein.money,savein.money,,2025-04-23,Series A,4300000,2,,,
545e9d63e4b01f1b1f60de99,Instrumentl,https://www.instrumentl.com/,instrumentl.com,,2025-04-23,Series A,55000000,1,,,
67ead8464ed3f6249a66db00,Gale,https://galevisa.com,galevisa.com,,2025-04-23,Seed,2700000,1,,,
64dfc7430430326c8de4fc1b,Confident AI,https://www.confident-ai.com/,confident-ai.com,,2025-04-22,Seed,2200000,1,,,
58dcfc9de4b004e81d3fbedb,Onebrief,https://www.onebrief.com/,onebrief.com,,2025-04-22,Series C,23581422,5,,,
531c164ee4b0f7e1663c09af,Tella,https://www.tella.com/,tella.com,,2025-04-22,Seed,2100000,1,,,
59054090e4b095f1bce0105f,Theseus,https://www.theseus.us/,theseus.us,,2025-04-17,Seed,4300000,1,,,
5f53f5b3709137162b3b4fec,Toku,https://trytoku.com,trytoku.com,,2025-04-17,Series A,48000000,3,,,
60f4b0f94810811d6c8ac33d,Astro Mechanica,https://www.astromecha.co/,astromecha.co,,2025-04-17,Series A,27100000,1,,,
66c7fd37f0654d566b850954,Spur,https://spurtest.com,spurtest.com,,2025-04-17,Seed,4500000,1,,,
66a68563c15061406d14d3e4,Diode,https://www.diode.computer/,diode.computer,,2025-04-17,Series A,14487878,1,,,
60833149ff9f7458075a06fc,Birch Biosciences,https://www.birchbiosciences.com/,birchbiosciences.com,,2025-04-16,Grant (prize money),1906484,1,,,
58dcbf9ae4b04b320f9b1c7c,Belvo,https://belvo.com,belvo.com,,2025-04-16,Series A,14989304,1,,,
5ec408753c737a5f3229eca7,Blue Onion Labs,http://blueonionlabs.com,blueonionlabs.com,,2025-04-16,Series A,10000000,1,,,
60ce0702188f531dc59b0f1f,Cosmic Robotics,https://www.cosmicrobotics.com/,cosmicrobotics.com,,2025-04-16,Seed,4000000,1,,,
5bea9fe84f0c6d8c513c34f7,Octolane,https://www.octolane.com/,octolane.com,,2025-04-14,Seed,2600000,1,,,
640f4401cc82951374213e3a,Kintsugi,https://www.trykintsugi.com/,trykintsugi.com,,2025-04-14,Series B,24984670,3,,,
5af72057e4b0f21b93976c8a,Conduit,http://conduit.app,conduit.app,,2025-04-10,Seed,3100000,1,,,
60a93ddd84a11e4839b066d5,Conduit AI,https://conduit.ai,conduit.ai,,2025-04-10,Seed,3100000,1,,,
5905cac2e4b02ce7b125900d,Artisan,https://www.artisan.co,artisan.co,,2025-04-09,Series A,25000000,4,,,
5978b395e4b0d887a90d8000,Paxai,https://www.paxai.com/,paxai.com,,2025-04-09,Seed,4500000,1,,,
6160dc207f477d1668ff81de,Rally,https://www.rallyuxr.com/,rallyuxr.com,,2025-04-07,Series A,11000000,2,,,
57b4b4fae4b0b7ad1a684357,AesculaTech,https://aesculatech.com,aesculatech.com,,2025-04-07,Grant (prize money),1471170,1,,,
58be0ce3e4b0b138a45ada23,Maverick Metals,http://maverickmetals.com,maverickmetals.com,,2025-04-03,Series B,19000000,1,,,
593ad091e4b05f62f05a6df3,Ambient AI,https://www.ambient.ai/,ambient.ai,,2025-04-01,Series B,74000000,2,,,
58896c86e4b0dd9cce326b9a,SafetyKit,https://www.safetykit.com/,safetykit.com,,2025-03-28,Series A,27222287,1,,,
66e467637126857dd387a326,WithWoz,https://www.withwoz.com/,withwoz.com,,2025-03-28,Seed,6000000,1,,,
63dc60e24b15641c5949166d,Sohar Health,https://www.soharhealth.com/,soharhealth.com,,2025-03-28,Seed,3800000,1,,,
531c3812e4b0f7e166422e9a,Mendel,https://mendel.com/en-mx/,mendel.com,,2025-03-27,Series B,35000000,3,,,
66335cc9e8ae1e05c33b2d7c,Taxo,https://taxo.ai,taxo.ai,,2025-03-27,Seed,5000000,1,,,
5f199c89e3c5d27549186eea,PayHippo,http://www.payhippo.ng,payhippo.ng,,2025-03-26,Conventional Debt,2000000,2,,,
58dcb050e4b0f910908ef206,VoiceOps,https://www.voiceops.com/,voiceops.com,,2025-03-25,Series A,5000000,1,,,
5891990ee4b0b10da2c18ea8,Arketa,https://www.arketa.com/,arketa.com,,2025-03-24,Series A,18175000,1,,,
673640693cac7422f6944223,Browser Use,https://browser-use.com,browser-use.com,,2025-03-23,Seed,17000000,1,,,
5cec06bccedacd789193ec38,Kosh,https://getkosh.com,getkosh.com,,2025-03-21,Series A,5590000,2,,,
6532d2a20ad99737ca9233e6,Olio Labs,https://oliolabs.co,oliolabs.co,,2025-03-20,Series A,4500000,1,,,
5c029b594f0c5f08391d4ad4,Liv Labs,https://livlabsfitness.com,livlabsfitness.com,,2025-03-20,Grant (prize money),2236995,1,,,
58beb369e4b0dc135c8917c3,Olio,http://oliolabs.com,oliolabs.com,,2025-03-20,Series A,4500000,1,,,
62b2f3864b9cb2601020b93e,Rerun,https://rerun.io,rerun.io,,2025-03-20,Seed,17000000,1,,,
588a0e80e4b0544c0488ae77,Mito Health,https://mitohealth.com,mitohealth.com,,2025-03-18,Seed,2200000,2,,,
58dcfd32e4b0372f4ea61d6c,ReactWise,https://www.reactwise.com/,reactwise.com,,2025-03-17,Seed,3400000,2,,,
6106d38952f0761e778c60aa,RevisionDojo,https://www.revisiondojo.com/,revisiondojo.com,,2025-03-16,Seed,3400000,1,,,
5aede6b4e4b045fca2c2812b,Onyx,https://onyx.app,onyx.app,,2025-03-13,Seed,10000000,1,,,
59066cb3e4b00c9ed52ff24d,Phoenix,https://www.phoenix.ca/,phoenix.ca,,2025-03-13,Series A,34689950,1,,,
6616c7533ef82e32f161a97a,Nunu.ai,https://nunu.ai,nunu.ai,,2025-03-13,Seed,6000000,2,,,
59020076e4b06e69202f33a8,Vantel,https://www.vantel.com/,vantel.com,,2025-03-12,Seed,2000000,1,,,
58dcacede4b0f20e4f08da67,Gainful,https://www.gainful.com/,gainful.com,,2025-03-12,Series A,952084,1,,,
5fb94e5c6def8819a8fad1cc,Charge Robotics,https://chargerobotics.com,chargerobotics.com,,2025-03-12,Series B,22000000,2,,,
5306905ae4b0cada90a10fd0,Junction,https://www.junction.com/,junction.com,,2025-03-11,Series A,18000000,2,,,
550bb1f8e4b075e8945e2552,Akido Labs,https://www.akidolabs.com/,akidolabs.com,,2025-03-11,Series B,84254689,1,,,
65295cabfec228492acef04d,Yenmo,https://yenmo.in,yenmo.in,,2025-03-07,Seed,1055700,1,,,
63c31898fb2aba5c112b0131,Malga,https://malga.io,malga.io,,2025-03-06,Series A,5500000,1,,,
5891d963e4b0bbf964d7585d,Bolto,https://www.bolto.com/,bolto.com,,2025-03-06,Seed,5100000,1,,,
6653771e508c5f7e820f39ed,GovEagle,https://www.goveagle.com/,goveagle.com,,2025-03-06,Seed,2500000,1,,,
6199c299ffe41b1a090ffc43,Zeitview,https://www.zeitview.com/,zeitview.com,,2025-03-05,Series D,60000000,2,,,
6793d4bb86aa456752b44ac7,dScribe AI,http://dscribeai.com,dscribeai.com,,2025-03-05,Seed,1200000,1,,,
67c0893857e854336d1cf08a,SimCare AI,https://simcare.ai,simcare.ai,,2025-03-03,Seed,2000000,2,,,
65b2e2a466d5c33b17ff005c,DeepNight,https://deepnight.ai,deepnight.ai,,2025-02-27,Seed,5500000,1,,,
58bea7c2e4b041de9ca1bbd2,FirstWork,https://www.firstwork.com/,firstwork.com,,2025-02-27,Seed,5000000,1,,,
656a36c3720b8264f7e366d1,Ryse,https://www.rysemarket.com/,rysemarket.com,,2025-02-26,Series A,5900749,1,,,
677abbb3e5aae11d9cf4097e,Camber,https://www.camber.health/,camber.health,,2025-02-26,Series B,30000000,1,,,
652ffe4da2d1347e66462126,Revise Robotics,https://www.reviserobotics.com/,reviserobotics.com,,2025-02-21,Series A,3617975,1,,,
6055420ecf181c1f79d639a3,Talus,https://www.talus.bio/,talus.bio,,2025-02-21,Grant (prize money),1951023,3,,,
671191addb315e7b01363426,CTGT,https://www.ctgt.ai/,ctgt.ai,,2025-02-20,Seed,7200000,1,,,
5c4097d78f0897be0dbdc802,Lingo.dev,https://lingo.dev/en,lingo.dev,,2025-02-19,Seed,4200000,1,,,
58de0ad4e4b0d836de68dc37,Pulse,https://www.runpulse.com/,runpulse.com,,2025-02-19,Seed,3900000,1,,,
588388dde4b0a3db251f654e,Fetii,https://fetii.com,fetii.com,,2025-02-18,Seed,7350000,1,,,
5b993112e4b0059590c8361d,Capi Money,https://capimoney.com,capimoney.com,,2025-02-18,Series A,18031964,2,,,
5970e586e4b0ba8ec7af7815,Bluebook,https://getbluebook.com,getbluebook.com,,2025-02-13,Seed,3000000,1,,,
63046f93868abc197951c52e,Suger,https://www.suger.io/,suger.io,,2025-02-12,Series A,15000000,2,,,
5c13bda88f08de34edf6f309,Candid Health,https://www.joincandidhealth.com/,joincandidhealth.com,,2025-02-12,Series C,52500000,2,,,
5e505897f0339465c5397cc5,Index,https://index.inc,index.inc,,2025-02-12,Seed,2198357,1,,,
650b388800ee1431a6c0a6f5,AndAI,https://www.tryandai.com/,tryandai.com,,2025-02-07,Seed,6500000,1,,,
6396765ed02dff06bc212fd4,TaxGPT,https://www.taxgpt.com/,taxgpt.com,,2025-02-06,Series A,4600000,1,,,
58dcaa34e4b0371a5715c598,Cashfree Payments,https://www.cashfree.com/,cashfree.com,,2025-02-05,Series C,23000004,1,,,
5904d5c1e4b017bc16259517,Tandem,https://tandem.space,tandem.space,,2025-02-04,Seed,6100000,2,,,
6033bd0f9a3f831eb34d17a8,Warmly Tech,https://www.warmly.ai/,warmly.ai,,2025-02-04,Series A,6000000,2,,,
58c04303e4b0e437d8337aa2,Tandem Space,https://tandemspace.com,tandemspace.com,,2025-02-04,Seed,6100000,2,,,
58bdcf8fe4b0b138a451f0ad,MedCrypt,https://www.medcrypt.com/,medcrypt.com,,2025-02-04,Conventional Debt,8301480,3,,,
57f107dce4b0d4fb333f5bce,SOMATIC,https://getsomatic.com,getsomatic.com,,2025-01-31,Series A,13708487,1,,,
60f03a8f14bf150ddce5d5a2,Protex AI,https://www.protex.ai/,protex.ai,,2025-01-30,Series B,36000000,1,,,
64a72707f04a7d0ce7b55a5d,Martin,https://www.trymartin.com/,trymartin.com,,2025-01-30,Seed,2000000,1,,,
5903bd18e4b0b286e8a5a518,Boostly,https://www.boostly.com/,boostly.com,,2025-01-29,Series A,22000000,2,,,
66c013b4430c136f039c8f5e,Hestus,https://www.hestus.co/,hestus.co,,2025-01-29,Seed,1500000,1,,,
5f1db17f590ee5172027434f,HockeyStack,https://www.hockeystack.com/,hockeystack.com,,2025-01-28,Series A,20000000,2,,,
5ca7bec3c315143ac1b2604b,Open,https://www.open.cx/,open.cx,,2025-01-27,Seed,1520000,1,,,
5d177ac68587b5306259d575,Intryc,https://www.intryc.com/,intryc.com,,2025-01-24,Seed,3100000,2,,,
58dd22a7e4b0816fe52f9b92,Spaceium,https://spaceium.com,spaceium.com,,2025-01-24,Seed,6300000,1,,,
663683231c27074430ea1779,Coval,https://www.coval.dev/,coval.dev,,2025-01-23,Seed,3300000,1,,,
597e4fbae4b08cc28598ea6c,Landeed,https://www.landeed.com/,landeed.com,,2025-01-23,Series A,5000000,2,,,
5cd2e229ad27a2115f4970fc,Pipeshift,https://pipeshift.com,pipeshift.com,,2025-01-23,Seed,2500000,1,,,
5ec8255e3c737a031a9755b9,Method,https://methodfi.com,methodfi.com,,2025-01-23,Series B,41500000,2,,,
62e7762405b37b4bd40cf01d,Overwatch,http://overwatchdata.io,overwatchdata.io,,2025-01-22,Series A,7379998,1,,,
58bf2487e4b0fd9735fd623f,Craftwork,https://craftwork.com,craftwork.com,,2025-01-19,Series A,7000000,3,,,
640edc128dcd32470af4db9d,Truewind,https://www.truewind.ai/,truewind.ai,,2025-01-16,Series A,13000000,2,,,
6771d8ba1558d26e6670cbcd,Arva,https://arva.ai,arva.ai,,2025-01-15,Seed,3000000,1,,,
6220f802c0989b0203b280b5,Arva AI,http://arva-ai.com,arva-ai.com,,2025-01-14,Seed,3000000,1,,,
5aecd05ae4b045fca2bea610,Coral Genomics,https://coralgenomics.com,coralgenomics.com,,2025-01-14,Grant (prize money),998939,1,,,
58be09f8e4b041de9c8efe86,nsave,https://www.nsave.com/,nsave.com,,2025-01-10,Series A,18031650,2,,,
64c922e4f00b0d28acb6e31b,Sully,https://www.sully.ai/,sully.ai,,2025-01-09,Series A,21832120,2,,,
58c12159e4b0769c6b27a319,Rebellyous Foods,https://rebellyous.com,rebellyous.com,,2025-01-08,Series B,2400000,2,,,
66afbf646a0e8a521ac36be3,OpenFunnel,http://openfunnel.dev,openfunnel.dev,,2025-01-06,Seed,1300000,1,,,
643846dbcd0160283f3a794c,General Proximity,https://www.generalproximity.bio/,generalproximity.bio,,2025-01-04,Seed,16000000,1,,,
687ed192e89138502754cd0e,Nash,https://www.nash.ai/,nash.ai,,2025-01-01,Seed,7800000,1,,,
531be739e4b0f7e16634e2a1,Formance,https://www.formance.com/,formance.com,,2024-12-23,Series A,21000000,1,,,
57f649cfe4b029664badeb7e,EARTH AI,https://earth-ai.com,earth-ai.com,,2024-12-23,Series B,25916696,2,,,
650328a951b6d750e6ee259a,Intelliga Voice,http://intelligavoice.com,intelligavoice.com,,2024-12-19,Series B,37599975,2,,,
5f599169301fe215cf05bb38,Double,https://double.finance/,double.finance,,2024-12-19,Seed,3900000,1,,,
6667bea088a7283b3b104ab7,Hamming,https://hamming.ai,hamming.ai,,2024-12-18,Seed,3800000,1,,,
58bea1abe4b0b138a46a7e60,Zingbus,https://www.zingbus.com/,zingbus.com,,2024-12-16,Series A,9000000,1,,,
5836c34ee4b01307d8aebf68,Synvivia,https://www.synvivia.com/,synvivia.com,,2024-12-15,Grant (prize money),1640169,1,,,
5a7204fae4b071cf294126b9,Nowadays,http://getnowadays.com,getnowadays.com,,2024-12-12,Seed,2000000,1,,,
58546f0de4b0744078bc75dc,Atlas,https://atlascard.com,atlascard.com,,2024-12-12,Series B,27000000,1,,,
6338fc87903df237d5731aed,autarc,https://www.autarc.energy/,autarc.energy,,2024-12-12,Series A,8823627,1,,,
6078cf1b658c951fa4588a53,Tuva Health,https://www.tuvahealth.com/,tuvahealth.com,,2024-12-12,Seed,5000000,1,,,
573db3cae4b069644f1262b4,Raptor Maps,https://raptormaps.com,raptormaps.com,,2024-12-10,Series C,35000000,1,,,
65d47e385a3e9723df3bc5bd,Infinity,https://www.infinityapp.in/,infinityapp.in,,2024-12-10,Seed,1900000,1,,,
5fca2576655da98cfcc04304,Atmo,https://www.atmo.ai/,atmo.ai,,2024-12-09,Series A,17576400,1,,,
531c0a5be4b0f7e1663a11f6,Gigs,https://gigs.com,gigs.com,,2024-12-05,Series B,73000000,3,,,
62bf31e8097c184ae751c926,Planet A Foods,https://planet-a-foods.com,planet-a-foods.com,,2024-12-05,Series B,30000000,3,,,
5b438944e4b00ce89b9f967e,Premagic,https://premagic.com,premagic.com,,2024-12-05,Seed,708210,1,,,
58dcefb2e4b0e8400e3bd8c1,Resend,https://resend.com,resend.com,,2024-12-04,Series A,18000000,2,,,
63f46af57f1b0e30b4b15035,Illumion,https://illumion.io,illumion.io,,2024-12-03,Seed,2661561,1,,,
58dbd948e4b0f91090832fc2,Harmoney,https://www.harmoney.in/,harmoney.in,,2024-12-03,Seed,5300000,1,,,
54795547e4b0d6869726040a,Vooma,https://www.vooma.com/,vooma.com,,2024-12-02,Series A,13000000,1,,,
666915c561e7b17402a22ed4,AdvantageClub.ai,https://www.advantageclub.ai/,advantageclub.ai,,2024-12-02,Seed,4000000,1,,,
5bc35ba34f0c8ed8f04d57f8,YHANGRY,https://yhangry.com,yhangry.com,,2024-12-01,Seed,889769,1,,,
58dbdc7de4b0371a570c62e2,Dropback,https://www.dropback.com/,dropback.com,,2024-11-30,Seed,1600000,1,,,
5cf4a12e2dca0f160d734b0d,R2,https://r2.co,r2.co,,2024-11-29,Series A,9000000,3,,,
6484a77ef1c23461a23fcc8d,Argil,https://www.argil.ai/,argil.ai,,2024-11-27,Seed,4088370,4,,,
6415037d91c51f3a6701ccca,Circleback,https://circleback.ai,circleback.ai,,2024-11-27,Seed,2500000,1,,,
58dd15dae4b0dcc46c6d1dd1,Fondo,https://fondo.com,fondo.com,,2024-11-22,Conventional Debt,2400000,2,,,
58dcf544e4b0372f4ea49212,TRACTIAN,https://tractian.com/en,tractian.com,,2024-11-22,Series C,122859946,2,,,
65a1834137fe1034646309bc,Wordware,https://www.wordware.ai/,wordware.ai,,2024-11-21,Seed,30000000,1,,,
5fa6050eaf193e9f0ebfc9b0,Inversion Space,https://www.inversionspace.com/,inversionspace.com,,2024-11-20,Series A,44000000,1,,,
564c3c00e4b00aedb8ab04f0,Squire,https://getsquire.com,getsquire.com,,2024-11-19,Conventional Debt,35000000,1,,,
531cb305e4b0f7e1665a49c7,Twenty,https://twenty.com,twenty.com,,2024-11-19,Seed,4999999,1,,,
57bed3e6e4b09c1bd4b90cf7,OneChronos,https://www.onechronos.com/,onechronos.com,,2024-11-19,Series B,32000000,2,,,
53aa1ff1e4b028b38bd982fa,Industrial Microbes,https://www.imicrobes.com/,imicrobes.com,,2024-11-19,Seed,10000000,1,,,
5c59fd468f08b4e836f725d9,CodeCrafters,https://codecrafters.io,codecrafters.io,,2024-11-19,Seed,1800000,1,,,
59e89dd0e4b0181134444d89,Amanli.com,https://www.amenli.com/,amenli.com,,2024-11-18,Series A,2300000,2,,,
650fee195920be4c19e629ba,Athina,https://www.athina.ai/,athina.ai,,2024-11-14,Seed,3000000,1,,,
535caaa8e4b05065349916de,Speak,https://www.speak.com/,speak.com,,2024-11-13,Series C,78000000,4,,,
5dcb14e67ce88a57fa6d2d8e,Bold Care,https://boldcare.in,boldcare.in,,2024-11-13,Series A,5000000,3,,,
589204bbe4b09cd6cc61c896,Shiru,https://www.shiru.com/,shiru.com,,2024-11-12,Series B,16000000,1,,,
58bf6087e4b0fd9736053835,Parker,https://getparker.com,getparker.com,,2024-11-08,Series B,20000000,3,,,
6100ba4f6154621e720d5bbd,Mindstate,https://www.mindstate.design/,mindstate.design,,2024-11-08,Series A,12698587,1,,,
5c58be22e4b02a10d85a0393,Overview,https://www.overview.ai/,overview.ai,,2024-11-08,Series A,3750000,1,,,
5f39a080a8fef260c00d43eb,Corgea,https://corgea.com,corgea.com,,2024-11-07,Seed,2600000,1,,,
5899cd8ae4b0fd833914cd7e,Turing College,https://www.turingcollege.com/,turingcollege.com,,2024-11-06,Grant (prize money),2724850,1,,,
603374dd9a3f831eb34bdeb0,Morada Uno,https://www.moradauno.com.mx/,moradauno.com.mx,,2024-11-06,Series A,5600000,1,,,
5cc3132730e44a1124d730df,Riot,https://tryriot.com,tryriot.com,,2024-11-05,Series B,30000000,2,,,
64106a9e9d181517c3569505,Persana,https://persana.ai,persana.ai,,2024-11-01,Seed,2300000,1,,,
551ce360e4b0590bac5ea6ec,Zenflow,https://www.zenflow.com/,zenflow.com,,2024-11-01,Series C,24000000,1,,,
6706cd88587fc96e7a7de3d5,Avina,https://www.avina.io/,avina.io,,2024-11-01,Seed,3200000,1,,,
616db7aea50fb3136b013699,Tola,https://usetola.com,usetola.com,,2024-11-01,Seed,10200000,1,,,
5dd42ce1f0e6f6561af48814,Fondo,http://tryfondo.com,tryfondo.com,,2024-10-31,Seed,6999998,3,,,
58dd96c8e4b04ae5ab0c021f,ContraForce,https://www.contraforce.com/,contraforce.com,,2024-10-31,Seed,3250000,1,,,
5fe3508add12fe1f07c29ab5,Beyond Aero,https://www.beyond-aero.com/,beyond-aero.com,,2024-10-28,Series A,20000000,2,,,
58dcdb5de4b0f9109096359a,Revyl,https://revyl.com,revyl.com,,2024-10-28,Seed,1100000,1,,,
531b4d5ce4b0f7e166256eb6,Wefunder,https://wefunder.com,wefunder.com,,2024-10-25,Series C,1996983,4,,,
66229d546614180685af256d,Pharos,https://pharos.health,pharos.health,,2024-10-25,Seed,5000000,1,,,
66d5fcd93652a42ad90e7290,Aether Energy,https://aethernrg.com,aethernrg.com,,2024-10-25,Seed,2500000,1,,,
59061c8ee4b00ef0bdce2ed4,Stream,https://www.stream.claims/,stream.claims,,2024-10-24,Seed,5300000,1,,,
5c41ec1d8f0841418d934020,Superb AI,https://superb-ai.com/en,superb-ai.com,,2024-10-23,Series C,10200000,2,,,
5e9ddd7cc524b521d0869981,Authologic,https://authologic.com,authologic.com,,2024-10-22,Series A,8200000,1,,,
586fb460e4b031d0f9fe45c5,Rollstack,https://www.rollstack.com/,rollstack.com,,2024-10-21,Series A,11000000,3,,,
5af7b184e4b0f21b93a0771e,Wyvern,https://www.wyvern.space/,wyvern.space,,2024-10-18,Seed,6000000,2,,,
5e6964b249034b1f75f9a1c8,Teleo AI,https://www.teleo.ai/,teleo.ai,,2024-10-18,Series A,7000000,2,,,
6130a8accb812d0a797bf458,Abhi,https://abhi.com.pk,abhi.com.pk,,2024-10-17,Conventional Debt,15000000,1,,,
6239b03eba334104c75d8bfe,Autone,https://autone.io,autone.io,,2024-10-16,Series A,17000000,2,,,
6659fd683bcf7061149d00c6,Zimi,http://www.withzimi.com,withzimi.com,,2024-10-11,Seed,2000000,1,,,
58be4ea6e4b0b138a464035a,Hotglue,https://hotglue.com,hotglue.com,,2024-10-11,Seed,4000000,1,,,
6654d161771b633d295578f7,Cartage,https://www.cartage.ai/,cartage.ai,,2024-10-10,Seed,3300000,1,,,
67b72ef788a30829a6d4afa7,Centaur Labs,https://centaur.ai,centaur.ai,,2024-10-09,Series B,16000000,1,,,
5b03fbbfe4b0ac69808de9f4,xFarm,https://www.xfarm.ag/en,xfarm.ag,,2024-10-09,Series C,39525480,3,,,
66fb66ccb430ad0c21ea8235,Driver,https://www.driver.ai/,driver.ai,,2024-10-08,Seed,8000000,1,,,
58dc2594e4b0fb12087fc858,EdgeBit,https://edgebit.io,edgebit.io,,2024-10-08,Seed,3100000,1,,,
5a57afe5e4b09744d8c7c611,Paragon,https://www.useparagon.com/,useparagon.com,,2024-10-08,Series A,5502500,1,,,
58ff53a7e4b0038fcd3b9937,kapa.ai,https://www.kapa.ai/,kapa.ai,,2024-10-03,Seed,3200000,1,,,
58bfb6fbe4b0fd97360cf75b,LemFi,https://lemfi.com/en-us/,lemfi.com,,2024-10-03,Series B,53000000,2,,,
58ddb409e4b0d836de5a3e48,Cofactr,https://www.cofactr.com/,cofactr.com,,2024-10-01,Series A,17208303,3,,,
5319eaf3e4b0f7e16603b625,Inspectify,https://www.inspectify.com/,inspectify.com,,2024-09-27,Series B,15477548,2,,,
5c8aa837aa3d79117eb09c19,AmpUp,https://www.ampup.io/,ampup.io,,2024-09-26,Series A,15000000,2,,,
58bf170de4b04ba78a4338b2,Raycast,https://www.raycast.com/,raycast.com,,2024-09-25,Series B,30000000,1,,,
58bd99dde4b0013e25f73a13,LiveFlow,https://liveflow.com,liveflow.com,,2024-09-24,Series A,13500000,1,,,
58dc0d7de4b0e8400e2e37a5,LiveFlow,http://liveflow.io,liveflow.io,,2024-09-24,Series A,13500000,1,,,
583ee5ade4b04855274a928e,Pyka,https://flypyka.com,flypyka.com,,2024-09-23,Series B,40000000,1,,,
660d975167b6cb29dc68ad29,OffDeal,https://offdeal.io,offdeal.io,,2024-09-18,Seed,4700000,1,,,
6089d95d00425e1d2b4b5373,Redcliffe Labs,https://redcliffelabs.com,redcliffelabs.com,,2024-09-17,Series C,42000000,2,,,
6114a1e68e17851e9c7a43f3,Nomic,https://nomic.bio,nomic.bio,,2024-09-17,Series B,42000000,1,,,
6175c9ab48c0fa137ffd1a50,Campfire,http://campfire.to,campfire.to,,2024-09-12,Seed,3950000,1,,,
5de489327ce88a6862f60e06,Odigos,https://odigos.io,odigos.io,,2024-09-09,Series A,13000000,1,,,
58bf82e6e4b006712cdf5edd,Four Growers,https://fourgrowers.com,fourgrowers.com,,2024-09-09,Series A,9000000,1,,,
63a46e2a10cba56ab542aff6,Yuma,https://yuma.ai,yuma.ai,,2024-09-05,Series A,5000000,1,,,
58494f9be4b031b3762bde74,Cortex,https://www.cortex.io/,cortex.io,,2024-09-04,Series C,60000000,2,,,
5cf5620602369c15fec5fcbd,Seg Med,https://www.segmed.ai/,segmed.ai,,2024-09-03,Series A,10400000,2,,,
58ba59b3e4b0b138a43e8840,Ziina,https://ziina.com,ziina.com,,2024-09-02,Series A,22000000,1,,,
584953dee4b031b3762be746,Every,https://www.every.io/,every.io,,2024-09-01,Series A,22500000,2,,,
5978ac2fe4b07f546a799ac7,Momo Medical,https://momomedical.com,momomedical.com,,2024-08-30,Series A,8891000,1,,,
5fd917c68e51191db854df7a,Inventive,https://www.inventive.ai/,inventive.ai,,2024-08-28,Seed,4000000,1,,,
6491fcf57e14850155dcf644,Retell,https://www.retellai.com/,retellai.com,,2024-08-27,Seed,4600000,1,,,
65b559373e0aa87e7f4aa8a4,justwords,http://justwords.ai,justwords.ai,,2024-08-27,Seed,1700000,1,,,
59053052e4b0b66b2cf9bd21,ZBiotics,https://zbiotics.com,zbiotics.com,,2024-08-27,Series A,12000000,2,,,
5602fc07e4b07a6e6dd2582b,Vahan,https://vahan.co,vahan.co,,2024-08-27,Series B,14768543,1,,,
5d9a21996810c406524e5094,Thera,https://www.getthera.com/,getthera.com,,2024-08-22,Seed,4000000,1,,,
65348513e1d51f2e204ff7e6,Piramidal,https://piramidal.ai,piramidal.ai,,2024-08-21,Seed,6000000,1,,,
58dd0493e4b0372f4ea78dce,Reality Defender,https://www.realitydefender.com/,realitydefender.com,,2024-08-19,Series A,33000000,2,,,
59055f05e4b01a735f76389c,WAZA,https://waza.co,waza.co,,2024-08-19,Venture Debt,5000000,3,,,
621629870f0e03650f8beab9,Criya,https://www.criya.co,criya.co,,2024-08-17,Seed,5350000,1,,,
64555d9145b1993b62cc8785,Reforged Labs,https://reforgedlabs.com,reforgedlabs.com,,2024-08-14,Seed,3900000,1,,,
6002018028a00f1e2cf3e955,Noloco,https://noloco.io,noloco.io,,2024-08-13,Series A,3970001,1,,,
652fb2222501b43b70ec45fe,Cosine,https://cosine.sh,cosine.sh,,2024-08-12,Seed,2500000,1,,,
5a33f5d5e4b0fa2cc1d3c38f,SoloSuit,https://www.solosuit.com/,solosuit.com,,2024-08-12,Seed,2000000,1,,,
5d729aadf256b9200cab86c0,Farmako,http://farmako.in,farmako.in,,2024-08-12,Seed,1600000,1,,,
5322c0b6e4b04bb3887b7f05,Albedo,https://albedo.com,albedo.com,,2024-08-12,Series A,3000000,2,,,
5849aa75e4b021ddd5ca0075,Roboflow,https://roboflow.com,roboflow.com,,2024-08-09,Series B,40000000,1,,,
5a662b44e4b0eb94add873c3,Anjuna Security,https://www.anjuna.io/,anjuna.io,,2024-08-07,Series B,25000000,1,,,
58de06bfe4b0b2d875524a60,Lightdash,https://www.lightdash.com/,lightdash.com,,2024-08-01,Series A,11000000,2,,,
58dd038ae4b04ae5aaeed4fc,Rejuvenation Technologies,https://rejuvenationtech.com,rejuvenationtech.com,,2024-08-01,Grant (prize money),1084194,2,,,
535dd422e4b0506534a11d46,Paces,https://www.paces.com/,paces.com,,2024-07-30,Series A,11000000,1,,,
56844d96e4b0dd6451a438ff,Perceptive IO,https://www.perceptive.io/,perceptive.io,,2024-07-30,Series B,30000000,3,,,
59050e00e4b0481642f859c6,Facio,https://facio.com.br,facio.com.br,,2024-07-29,Series B,11052800,1,,,
61f9e9c6e0a3b341f15aa132,Remi Labs,https://www.remilabs.xyz/,remilabs.xyz,,2024-07-26,Series A,23326685,1,,,
5891f1fde4b0bbf964d819c9,rift,https://www.rift.com/,rift.com,,2024-07-24,Seed,5000000,1,,,
606fa15cb0ce7e1f44f38494,Hive Health,https://www.ourhivehealth.com/,ourhivehealth.com,,2024-07-24,Seed,6500000,1,,,
63cf174d7e40085735ab2d37,Powder,https://www.powderfi.com/,powderfi.com,,2024-07-23,Seed,5000000,1,,,
6001b54deee4bd1e83c74dcd,RE2 AI,https://re2.ai,re2.ai,,2024-07-23,Seed,5000000,1,,,
57d64b90e4b0b73233f201b3,Entocylce,https://entocycle.com,entocycle.com,,2024-07-23,Series A,2600000,2,,,
590a99fbe4b0425718b42d80,AstroForge,https://www.astroforge.com/,astroforge.com,,2024-07-23,Series A,42487993,1,,,
588dd585e4b0544c04907766,Legacy,https://www.givelegacy.com,givelegacy.com,,2024-07-22,Series B,7500000,1,,,
5b7324bde4b01891d67cb6ba,Vitable Health,https://www.vitablehealth.com/,vitablehealth.com,,2024-07-22,Series A,16000000,1,,,
61bf50b694e38b0f40384099,Slope,https://slopepay.com,slopepay.com,,2024-07-17,Series C,65000000,2,,,
5dfeda875e0f641eed9662ee,Freshpaint,https://www.freshpaint.io/,freshpaint.io,,2024-07-17,Series B,30700000,3,,,
63a462e410cba56ab542590a,Presti,https://www.presti.ai/,presti.ai,,2024-07-16,Seed,3488752,1,,,
59c11c5be4b02f2e9ef8a32a,Female Invest,https://www.femaleinvest.com/,femaleinvest.com,,2024-07-15,Series A,15751088,2,,,
63e04bdf9f1b697c6ca72b4e,Accend,https://www.withaccend.com/,withaccend.com,,2024-07-09,Seed,3200000,1,,,
58bea5a5e4b0b138a46b351d,Alixia,https://alixia.com,alixia.com,,2024-07-09,Series A,1825445,1,,,
58893993e4b02749aa2b3d30,Volley,https://www.volleygames.com/,volleygames.com,,2024-07-09,Series C,55000000,1,,,
61123e0295256d1e0dc4ea7a,Healthtech,https://www.healthtech1.uk/,healthtech1.uk,,2024-07-04,Seed,3433482,1,,,
658702091b037b7d9536d9b6,Granza Bio,https://www.granzabio.com/,granzabio.com,,2024-07-03,Seed,7140000,1,,,
6113421ad53dc20e495a0549,Mach9 Robotics,https://mach9.io,mach9.io,,2024-07-03,Seed,14409828,1,,,
656b7244d2ff98599aa320ac,Fluently,https://getfluently.app,getfluently.app,,2024-06-28,Seed,2000000,1,,,
55446516e4b04342829ace27,Deako,https://www.deako.com/,deako.com,,2024-06-28,Series B,3413518,2,,,
59051e98e4b01732a7147594,Spline,https://spline.design,spline.design,,2024-06-27,Series A,16032940,2,,,
5f93a3c2c307176b90076569,Authzed,https://authzed.com,authzed.com,,2024-06-27,Series A,12000000,1,,,
5adcc896e4b048e0b825457d,Hedgehogmushrooms,https://hedgehogmushrooms.com,hedgehogmushrooms.com,,2024-06-26,Series A,12780166,1,,,
60d272f6dd31d91e21c87524,Invert,https://invertbio.com,invertbio.com,,2024-06-25,Series A,20149993,1,,,
65deb818b8c4d55c347bd71b,Klarity,https://www.klarity.ai/,klarity.ai,,2024-06-24,Series B,70000000,1,,,
58bf2029e4b08180d90d2064,Heyday Health,https://www.heydayhealth.com/,heydayhealth.com,,2024-06-24,Series A,12500000,1,,,
64ac571dd218c01f4633a6e2,OmniAI,https://getomni.ai,getomni.ai,,2024-06-22,Seed,3200000,1,,,
61948b0e71b73518c4cbb8f0,CheQ,https://cheq.one,cheq.one,,2024-06-18,Seed,2213747,2,,,
58904cc7e4b004434f20badb,ZeroPath,https://zeropath.com,zeropath.com,,2024-06-17,Seed,7028000,1,,,
65636bafa92be46bc236c9ec,RetailReady,https://www.retailreadyai.com/,retailreadyai.com,,2024-06-12,Seed,3300000,1,,,
6671616614810b6b25047b98,Unfaze,https://unfaze.ai,unfaze.ai,,2024-06-12,Series A,6000000,1,,,
58dd27c9e4b0372f4eae6820,WorkPay,https://myworkpay.com,myworkpay.com,,2024-06-12,Series A,8819249,2,,,
5873a60ce4b03071e230f43f,Tenderd,https://tenderd.com,tenderd.com,,2024-06-11,Series A,30000000,1,,,
5922a6e8e4b0e15885291fd5,Unify,https://unify.ai,unify.ai,,2024-06-07,Series A,8000000,1,,,
58b5128be4b06be27aa37b30,Basalt Technologies,https://basalt.space,basalt.space,,2024-05-30,Seed,3500000,1,,,
5c0170d04f0c5f08391a6da2,QueryPie,https://www.querypie.com/,querypie.com,,2024-05-28,Seed,27820000,1,,,
5de2379af0e6f64d7821972b,Rain,https://rain.ai,rain.ai,,2024-05-26,Series A,8100000,1,,,
64f8a10aacce0f64cf84e134,SuperKalam,https://superkalam.com,superkalam.com,,2024-05-22,Seed,2000000,1,,,
65d4283899de2f5a0bf9ceee,Manifold Freight,http://manifoldfreight.com,manifoldfreight.com,,2024-05-20,Seed,1900000,1,,,
647bba3010a30a4c12fe853b,Pythagora,https://www.pythagora.ai/,pythagora.ai,,2024-05-14,Seed,4000000,1,,,
58ad752be4b06be27a962ab7,Ego,http://ego.live,ego.live,,2024-05-13,Series A,7538647,1,,,
6553e19e5bc2ef61876c5059,Salvy,https://salvy.com.br,salvy.com.br,,2024-05-13,Seed,1938390,1,,,
5d1b7c6bf5ddbf160fe055b6,Grad Joy,https://gradjoy.com,gradjoy.com,,2024-05-10,Series B,37396294,1,,,
59036714e4b0292c98cdce2c,Cheetah,https://gocheetah.com,gocheetah.com,,2024-05-10,Series C,14000000,1,,,
623382ea86ceb643a062074c,Insempra,https://insempra.bio,insempra.bio,,2024-05-08,Series A,20000000,1,,,
60c555bc1c9e8c1dc6cd5882,Refine,https://refine.dev,refine.dev,,2024-05-07,Seed,2800000,1,,,
58be1a8de4b041de9c9193a7,Voicepanel,https://www.voicepanel.com/,voicepanel.com,,2024-05-06,Seed,2400000,1,,,
650c61dcdd33430cf4d64ecd,TrueClaim,https://www.trytrueclaim.com/,trytrueclaim.com,,2024-04-30,Seed,2100000,1,,,
5ed944c67c917b26601f218f,Carbonfact,https://www.carbonfact.com/,carbonfact.com,,2024-04-30,Series A,15000000,1,,,
65493f6d7a13ba4c89e96abd,Yoneda Labs,https://www.yonedalabs.com/,yonedalabs.com,,2024-04-26,Seed,4000000,1,,,
58c03ee1e4b09d69079532d2,Fintoc,https://fintoc.com,fintoc.com,,2024-04-25,Series A,7000000,1,,,
57dbe659e4b0501efa4e371a,Upflow,https://upflow.io,upflow.io,,2024-04-24,Series A,5000000,1,,,
58400f7be4b0efdcb9ba61de,Driver AI,http://driverai.com,driverai.com,,2024-04-24,Series A,8269998,1,,,
6406e73456c16a2a25104a71,Clueso,https://www.clueso.io/,clueso.io,,2024-04-24,Seed,1400000,1,,,
60f99ea56d4ba60ba19913d8,Zoios,https://www.zoios.io/,zoios.io,,2024-04-24,Seed,1490296,1,,,
5906b2dfe4b01732a7398585,Dripos,https://www.dripos.com/,dripos.com,,2024-04-24,Series A,11000000,1,,,
59e92ccce4b01811344686fc,Chariot Giving,https://www.givechariot.com/,givechariot.com,,2024-04-19,Series A,10999978,1,,,
5dcaeb7df0e6f62f91cefdc0,Langdock,https://langdock.com,langdock.com,,2024-04-19,Seed,3000000,1,,,
61db77cd91228e752fa28eb0,LunaJoy,https://hellolunajoy.com,hellolunajoy.com,,2024-04-16,Series A,4200000,2,,,
531b3e91e4b0f7e1662403b0,Vidyard,https://vidyard.com,vidyard.com,,2024-04-16,Series C,15000000,1,,,
590571dce4b00c9ed51c9d9a,Float,https://float.co,float.co,,2024-04-16,Conventional Debt,11000000,1,,,
62c235ecea12c072f376a4cf,HyLight,https://hylight.aero,hylight.aero,,2024-04-15,Series A,3937096,1,,,
58bf363be4b006712cd20d6e,Hona,https://www.hona.com/,hona.com,,2024-04-12,Series A,11217493,1,,,
605bda9502306219fcfe0b6d,Ellipsis,https://www.ellipsis.dev/,ellipsis.dev,,2024-04-11,Seed,2000000,1,,,
62792f06622f4527be0a36c8,Yoshi,https://www.yoshimobility.com,yoshimobility.com,,2024-04-10,Series C,26000000,2,,,
5cb09cff194da573e1bac843,Reshape Biotech,https://reshapebiotech.com,reshapebiotech.com,,2024-04-09,Series A,20000000,2,,,
5fa4c6e46f4ffc177a27c65c,Lexter Technologies,https://lexter.ai,lexter.ai,,2024-04-04,Series A,3200000,1,,,
53199c07e4b0f7e165fc403b,Float Health,https://floathealth.com,floathealth.com,,2024-04-03,Series A,10000001,1,,,
6536b0e9dca0926165ef12cd,Haplotype Labs,https://www.haplotypelabs.com/,haplotypelabs.com,,2024-03-29,Seed,1100000,1,,,
585201e0e4b0d6450172fc70,Clear,https://www.clear.in/,clear.in,,2024-03-27,Series C,852179,1,,,
57e90e0de4b03b3ad53a66eb,Airthium,https://airthium.com,airthium.com,,2024-03-26,Series A,3247650,1,,,
5f4c6372d193dba85161ee6c,Activeloop,https://www.activeloop.ai/,activeloop.ai,,2024-03-26,Series A,11000000,1,,,
63828857f1abbb53db95fc5a,Tarsal,http://tarsal.co,tarsal.co,,2024-03-21,Seed,6000000,1,,,
6182db709ff2b117bacfc3e5,AirMyne,https://www.airmyne.com/,airmyne.com,,2024-03-20,Seed,6900000,1,,,
58924642e4b0b10da2c6ed9e,Anima,https://www.animahealth.com/,animahealth.com,,2024-03-19,Series A,12000000,2,,,
5e936390c524b54d9d0a11fa,Simplify Jobs,http://simplify.jobs,simplify.jobs,,2024-03-15,Seed,3000000,1,,,
58be0426e4b0b138a45990d8,Draftwise,https://www.draftwise.com/,draftwise.com,,2024-03-14,Series A,20000000,2,,,
58be6f03e4b0b138a4671311,Nanonets,https://nanonets.com,nanonets.com,,2024-03-12,Series B,29279129,1,,,
65d3a184d2d1702d8ed4a856,Synch,http://withsynch.com,withsynch.com,,2024-03-12,Seed,3000000,1,,,
59895776e4b0bdbf35a330fc,Altro,https://www.altro.io/,altro.io,,2024-03-07,Series A,4000000,1,,,
58dbcd50e4b0fb1208744921,Ubicloud,https://www.ubicloud.com/,ubicloud.com,,2024-03-05,Seed,16000000,1,,,
5bef36244f0c7cb7af890c64,H3X Technologies,https://www.h3x.tech/,h3x.tech,,2024-03-04,Series A,20334312,2,,,
5f9712b2af193e18dade90fc,Exly,https://exlyapp.com,exlyapp.com,,2024-03-04,Series A,6200000,1,,,
5903df89e4b0481642e01523,Easol,http://easol.com,easol.com,,2024-02-29,Series A,30000000,1,,,
53466846e4b085eb38a7035e,LineLeap,https://www.lineleap.com/,lineleap.com,,2024-02-29,Series A,7256066,1,,,
5dde67ed7ce88a5768952c1c,FarmTheory,https://www.farmtheory.in/index.html,farmtheory.in,,2024-02-27,Seed,1447860,1,,,
6548747b205ae454f99efb71,VectorShift,https://vectorshift.ai,vectorshift.ai,,2024-02-22,Seed,3000000,1,,,
59f2388ae4b0261af28a52da,Flower,https://flower.ai,flower.ai,,2024-02-16,Series A,20000000,2,,,
58dd5c5ae4b0372f4eb89009,Autotab,https://www.autotab.com/,autotab.com,,2024-02-15,Seed,1000000,1,,,
531c0f76e4b0f7e1663ab556,Bus.com,https://www.bus.com/,bus.com,,2024-02-14,Series B,600000,1,,,
588dff37e4b07ff8d072e2c0,BloomTech,https://www.bloomtech.com/,bloomtech.com,,2024-02-14,Series C,14602342,1,,,
64bc65ec79429e0a4dcd7e84,Artie,http://artie.so,artie.so,,2024-02-14,Seed,3300000,1,,,
6212a5c3b39f93682daf1938,Coba,https://www.coba.ai/,coba.ai,,2024-02-09,Seed,2200000,1,,,
651ce6144416a45f99143d7e,Crux,https://www.getcrux.ai/,getcrux.ai,,2024-02-09,Seed,2600000,1,,,
63e599a57a469f3dad104f10,Vocode,http://vocode.dev,vocode.dev,,2024-02-08,Seed,3250000,1,,,
5e5a5cddd9cddb63a2d2fa37,NeoDocs,https://neodocs.in,neodocs.in,,2024-02-08,Seed,2000000,1,,,
590515a8e4b0292c98eacfb7,Daedalus,https://daedalus.de,daedalus.de,,2024-02-08,Series A,21000000,1,,,
58dd4811e4b0372f4eb4a539,Stellar Sleep,https://stellarsleep.com,stellarsleep.com,,2024-02-06,Seed,6000000,1,,,
5bef32a64f0c59e45a3eb178,Heart Aerospace,https://heartaerospace.com,heartaerospace.com,,2024-02-01,Series B,107000000,2,,,
62ecb0fc407cf51c02819199,Coris,https://www.coris.ai/,coris.ai,,2024-02-01,Seed,3700000,1,,,
64b6f97746b2cf7843139c36,Elodin,https://www.elodin.systems/,elodin.systems,,2024-02-01,Seed,2000000,1,,,
588392f0e4b0a3db251fba29,Aldara,http://aldara.com,aldara.com,,2024-01-31,Seed,2925396,1,,,
5c76df17aa3d79117e9dfc7c,Advano,https://advano.io,advano.io,,2024-01-30,Series A,3273400,2,,,
5ff9db63a321ae1e0d530bba,ResistanceBio,https://resistance.bio,resistance.bio,,2024-01-29,Series A,12776288,1,,,
642a3688e5b1102fcaee2bc4,Wondercraft,https://www.wondercraft.ai/,wondercraft.ai,,2024-01-29,Seed,3000000,1,,,
58dd33e6e4b004e81d4aa1f2,Stairs Financial,http://stairsfinancial.com,stairsfinancial.com,,2024-01-29,Seed,3500000,1,,,
59068e62e4b095f1bcfdb42d,C16 Biosciences,https://www.c16bio.com/,c16bio.com,,2024-01-24,Grant (prize money),3500000,2,,,
5b400980e4b0bdade476f9ba,Sano,https://sanogenetics.com,sanogenetics.com,,2024-01-22,Series A,11400000,1,,,
63f7bfea5b86386ef7c03425,Infield,https://infield.ai,infield.ai,,2024-01-17,Seed,3000000,1,,,
658083b20a83f80394c2990b,phospho,https://phospho.ai,phospho.ai,,2024-01-17,Seed,1851912,1,,,
60020452eee4bd1e83c93927,FlutterFlow,https://www.flutterflow.io/,flutterflow.io,,2024-01-12,Series A,25500000,1,,,
638bbb2ec21b355295eea91b,Pier Finance,https://pier-finance.com,pier-finance.com,,2024-01-11,Seed,2400000,1,,,
5f5be382e75b5d15d3228ca1,Shimmer,https://www.shimmer.care/,shimmer.care,,2024-01-11,Seed,2200000,2,,,
58dce9b6e4b0e8400e3adcba,Doola,https://doola.com,doola.com,,2024-01-09,Series A,1000000,2,,,
58becb5ee4b09d690782ab09,Conta Simples,https://contasimples.com,contasimples.com,,2024-01-09,Series B,41500000,1,,,
5904cc81e4b0481642ef1e50,Cleva,https://getcleva.com,getcleva.com,,2024-01-08,Seed,1500000,1,,,
5970eeb2e4b0ba8ec7afdcac,Mighty Buildings,https://www.mightybuildings.com,mightybuildings.com,,2024-01-08,Grant (prize money),5000000,2,,,
63d1527e50bce7400cf3f708,Intrinsic,http://withintrinsic.com,withintrinsic.com,,2024-01-02,Seed,3100000,1,,,
588a45e3e4b07ff8d06dfe0e,BotBuilt,https://botbuilt.com,botbuilt.com,,2023-12-28,Seed,12400000,1,,,
5fc3af29c2f36f19ba921768,Lago,https://getlago.com,getlago.com,,2023-12-22,Series A,19221427,1,,,
5b9bdbcae4b0c4f3f5af077f,Pelago,https://pelagohealth.com,pelagohealth.com,,2023-12-21,Series C,58000000,1,,,
531bd050e4b0f7e166317640,PhotoRoom,https://www.photoroom.com/,photoroom.com,,2023-12-21,Series B,43000000,2,,,
61760f4b3a5a6c14d5ba09a7,Radical,https://www.radicalaero.com/,radicalaero.com,,2023-12-21,Series A,4500000,1,,,
67984e42c406365136fd1677,Dr. Treat,https://www.drtreat.co/,drtreat.co,,2023-12-15,Seed,10500000,1,,,
5904e913e4b01732a70cb0c8,Certainly Health,https://certainlyhealth.com,certainlyhealth.com,,2023-12-13,Seed,2300000,1,,,
62b899eb2a4db00ad88674c7,EthosX,https://ethosx.finance,ethosx.finance,,2023-12-13,Seed,1799998,1,,,
615cd878b427d7164add62b4,Bujeti,https://www.bujeti.com/,bujeti.com,,2023-12-07,Seed,2000000,1,,,
53aa211ee4b028b38bd9d23b,InpharmD,https://inpharmd.com/our_story,inpharmd.com,,2023-12-07,Seed,6500000,1,,,
644011d6ada9317d78505fd6,Atla,https://atla-ai.com,atla-ai.com,,2023-12-07,Seed,5000000,1,,,
5319cef7e4b0f7e16601217d,HireArt,https://www.hireart.com/,hireart.com,,2023-12-05,Series B,2000000,1,,,
585fb6a3e4b0a3382bb2f9c9,AssemblyAI,https://www.assemblyai.com/,assemblyai.com,,2023-12-04,Series C,50000000,1,,,
60f637f40cd4871ec985ee97,Trackstar,https://trackstarhq.com,trackstarhq.com,,2023-12-04,Seed,2600000,1,,,
5c939b4378d8a062d54296bf,BusinessOnBot,https://www.businessonbot.com/,businessonbot.com,,2023-12-04,Seed,716297,1,,,
647ce311930a1e1e0e38543d,Azalea Robotics,https://www.azalearobotics.com/,azalearobotics.com,,2023-12-01,Series A,3857600,1,,,
5dd42752f0e6f6561af44c8c,Puzzl,http://www.joinpuzzl.com,joinpuzzl.com,,2023-11-30,Series B,14499994,1,,,
5b4a48dee4b0953579a5a209,Zubale,https://www.zubale.com/,zubale.com,,2023-11-30,Series A,25000000,2,,,
531b6402e4b0f7e1662796b6,Zeal,https://www.zeal.com/,zeal.com,,2023-11-30,Series B,14499994,1,,,
590380c1e4b0489ab6ab42c1,AiSDR,https://aisdr.com,aisdr.com,,2023-11-28,Seed,3000000,1,,,
65176e911c5d0648ef48949e,Osium,https://osium.ai,osium.ai,,2023-11-24,Seed,2600000,1,,,
6499d40b0bf2a240c43e991c,CatX,https://www.catxre.com,catxre.com,,2023-11-23,Seed,2700000,1,,,
63c81419e929fb1d116b2b9d,Defog,https://defog.ai,defog.ai,,2023-11-22,Seed,2200000,1,,,
57bed3e5e4b09c1bd4b90cf4,Elemeno Health,https://www.elemenohealth.com/,elemenohealth.com,,2023-11-16,Series A,3350344,2,,,
5e56fde0f0339465c545d3fb,Morf Health,https://www.morf.health/,morf.health,,2023-11-15,Seed,3000000,1,,,
531948bfe4b0f7e165f537b5,Cyble,http://cyble.com,cyble.com,,2023-11-14,Series B,6200000,2,,,
6367052f98fa097a17b16121,Shekel,https://www.shekelmobility.com/ng,shekelmobility.com,,2023-11-13,Series A,3200000,3,,,
531ad2b2e4b0f7e166190fd3,Scentbird,https://www.scentbird.com/,scentbird.com,,2023-11-08,Series A,820000,1,,,
59068391e4b02172cf151a04,Ozone,https://ozone.pro,ozone.pro,,2023-11-08,Seed,7100000,1,,,
5f3cbb5600148e1fd053117a,CoperniQ,https://coperniq.io,coperniq.io,,2023-11-07,Seed,4000000,1,,,
644588a72dcfa96a0f6ccdc1,Langfuse,https://langfuse.com,langfuse.com,,2023-11-07,Seed,4000000,1,,,
5d502174dfad2e3bbb9c7f30,Syncly,https://syncly.app,syncly.app,,2023-11-07,Seed,3300000,1,,,
5be999a44f0c42999aa10a40,Sorting Robotics,https://www.sortingrobotics.com/,sortingrobotics.com,,2023-11-02,Venture Debt,2000000,1,,,
5dd551b8f0e6f6561af5d58f,Vimcal,https://www.vimcal.com/,vimcal.com,,2023-10-31,Seed,6850663,1,,,
60a700cc67074a1e829ce83a,Zeta Surgical,https://www.zetasurgical.com/,zetasurgical.com,,2023-10-27,Seed,1081301,1,,,
6212f394b38c9e6464152b1b,Byterat,http://byterat.io,byterat.io,,2023-10-27,Seed,4000000,1,,,
63a086c6d7030932cfe8d413,Credal,https://www.credal.ai/,credal.ai,,2023-10-26,Seed,4800000,1,,,
58ba6cede4b041de9c7305b4,Upfort,https://www.upfort.com/,upfort.com,,2023-10-26,Series A,8000000,1,,,
6051d3e755cc1d1c8aed105d,Bimaplan,https://bimaplan.co/home,bimaplan.co,,2023-10-23,Seed,3500000,1,,,
5e714d7e0acf2159baf44c99,Tiptap,https://tiptap.dev,tiptap.dev,,2023-10-19,Seed,2600000,1,,,
5b7acb94e4b0d966871ce357,Pair Team,https://pairteam.com,pairteam.com,,2023-10-19,Series A,9000000,1,,,
5770b491e4b04330929de1fa,Roofr,https://roofr.com,roofr.com,,2023-10-18,Series A,23500000,1,,,
5476d27ae4b020911b723187,Darmiyan,https://darmiyan.com,darmiyan.com,,2023-10-17,Seed,3536249,1,,,
58dd5e2be4b0372f4eb8e947,VedaBio,https://www.vedabio.com/,vedabio.com,,2023-10-17,Series A,40000000,1,,,
64876edd39070a7fc87facbc,Elyos Energy,http://elyosenergy.com,elyosenergy.com,,2023-10-13,Seed,3000000,1,,,
58c19c0ee4b057a3f2eeec17,Modern Village,http://modernvillage.com,modernvillage.com,,2023-10-10,Series A,1665000,1,,,
6036a5e95a07801f14e2cd1f,Circular,https://nowcircular.com,nowcircular.com,,2023-10-09,Seed,7600000,1,,,
60f87c042771131e8e46007d,SpecCheck,https://www.speccheckrx.com/,speccheckrx.com,,2023-10-09,Seed,3700000,1,,,
62d50d145796520fd60b93aa,Drip,https://dripapp.com.br,dripapp.com.br,,2023-10-02,Series A,8000000,1,,,
64515fb6232ee70b02cad749,PandasAI,https://pandas-ai.com,pandas-ai.com,,2023-09-29,Seed,1100000,1,,,
5fff3657efef551e8a892cb4,Clinikally,https://www.clinikally.com/,clinikally.com,,2023-09-29,Seed,2600000,1,,,
5d640a49f256b90e80f92faa,SigNoz,https://signoz.io,signoz.io,,2023-09-28,Series A,5400000,1,,,
58ddc330e4b0dcc46c8ef7c7,Zerobroker,https://www.zerobroker.com/,zerobroker.com,,2023-09-27,Seed,6500000,1,,,
55c98aaee4b01be2830ee244,Legistify,https://legistify.com,legistify.com,,2023-09-25,Series A,4000000,1,,,
58bea5dbe4b0b138a46b3e7e,Encellin,https://www.encellin.com/,encellin.com,,2023-09-20,Series A,9939999,1,,,
602e2234de5c4726f30f65f6,PowerUs,https://powerus.de,powerus.de,,2023-09-20,Series B,25645200,1,,,
5f0ebbf4e3c5d212a7c0b66d,Darrow,https://www.darrow.ai/,darrow.ai,,2023-09-19,Series B,35000000,1,,,
603ff6b429d3e31f72805d0d,Mecho Autotech,https://www.mechoautotech.com,mechoautotech.com,,2023-09-14,Seed,2400000,1,,,
5fcfe158f918a61f22365400,Glass Health,https://glass.health,glass.health,,2023-09-14,Series A,5000000,1,,,
58dd3b6ce4b0dcc46c7475f7,PROVEN,https://www.provenskincare.com/,provenskincare.com,,2023-09-12,Series A,12200000,1,,,
531cca93e4b0f7e1665f276b,Ello,https://www.ello.com/,ello.com,,2023-09-07,Series A,15000000,1,,,
588de7abe4b0dc278ba48f85,Govly,https://www.govly.com/,govly.com,,2023-09-07,Series A,13134527,1,,,
59059bcbe4b066e98ef29927,Anchor,https://getanchor.co,getanchor.co,,2023-09-04,Seed,2400000,1,,,
5906b460e4b0b286e8e6cd79,MindsDB,https://mindsdb.com,mindsdb.com,,2023-09-01,Series A,5000000,3,,,
58be5530e4b041de9c9ad3ee,Pirros,https://www.pirros.com/,pirros.com,,2023-08-31,Seed,2000000,1,,,
5b424f93e4b0bdade4960781,AccioJob,https://acciojob.com,acciojob.com,,2023-08-31,Seed,2709999,1,,,
607ecab9801f6d1e93949c36,Therify,https://therify.co,therify.co,,2023-08-30,Seed,2500000,1,,,
5c851f2f9adc100c27ed25d7,Trigger,https://trigger.dev,trigger.dev,,2023-08-25,Seed,3000000,1,,,
59f0be4fe4b0762b9c0a6a4a,ExcepGen,https://www.excepgen.com/,excepgen.com,,2023-08-24,Series A,4000000,1,,,
60e0e94e1690d81d7a361d1a,Vendah,https://vendah.com.br,vendah.com.br,,2023-08-24,Seed,2444652,1,,,
588dcba1e4b02749aa32c1f1,Cumbuca,https://www.cumbuca.com/,cumbuca.com,,2023-08-24,Seed,3055815,1,,,
5f2edc79e3c5d26205568fe0,Weekday,https://www.weekday.works/,weekday.works,,2023-08-24,Seed,2200000,1,,,
59ad4472e4b0b6d721a09d16,Massdriver,https://www.massdriver.cloud/,massdriver.cloud,,2023-08-22,Series A,8000000,1,,,
56f919f8e4b07ae8373e9534,Dynamo,https://www.dynamo.ai/,dynamo.ai,,2023-08-16,Series A,15100000,1,,,
589a647be4b08e0cc3592c54,Zaymo,https://zaymo.com,zaymo.com,,2023-08-16,Seed,700000,1,,,
5ac4f862e4b010f9d69a2540,Heroic-Faith,https://heroic-faith.com,heroic-faith.com,,2023-08-16,Series A,15100000,1,,,
59035a5ee4b05bd9cfbc1ec5,Middleware,https://middleware.io,middleware.io,,2023-08-10,Seed,6500000,1,,,
5387d386e4b0e7466729a64b,Rootly,https://rootly.com,rootly.com,,2023-08-10,Series A,12000000,1,,,
58893afce4b07fc4d2a7f53f,Daybreak Health,https://www.daybreakhealth.com/,daybreakhealth.com,,2023-08-08,Series B,13000000,1,,,
586e5761e4b03071e22c7b09,Flo,https://www.joinflo.com/,joinflo.com,,2023-08-08,Series A,4200000,1,,,
5c75e75378d8a078fde607d4,Data Saur,https://datasaur.ai,datasaur.ai,,2023-08-03,Seed,4000000,1,,,
531932b0e4b0f7e165f330dc,Cofactor Genomics,https://cofactorgenomics.com,cofactorgenomics.com,,2023-08-02,Series A,1174682,1,,,
590561fde4b00c9ed519f609,Orangewood Labs,https://www.orangewood.co/,orangewood.co,,2023-08-02,Series A,4500000,1,,,
5d9b6f486810c406525030e5,Reflex,https://reflex.dev,reflex.dev,,2023-08-02,Seed,5000000,1,,,
5ecdba093c737a344804fbda,Remedial Health,https://remedial.health,remedial.health,,2023-07-31,Series A,8000000,3,,,
60949807ad89161d0d4954c0,Float Health,http://float.health,float.health,,2023-07-31,Series A,9990994,1,,,
5e509345f0339465c53a0928,Gimo,https://gimo.vn,gimo.vn,,2023-07-24,Series A,12000000,2,,,
58beb513e4b0fd9735f1be17,Frigade,https://frigade.com,frigade.com,,2023-07-23,Seed,3000000,1,,,
56589f6de4b0a9087dce63fa,Collectly,https://www.collectly.co/,collectly.co,,2023-07-21,Series A,29000000,1,,,
5c963cd73807ef253b71c510,Karat,https://www.trykarat.com/,trykarat.com,,2023-07-19,Venture Debt,30000000,2,,,
632fb3a8582b896d0f2360e7,SiPhox Health,https://siphoxhealth.com,siphoxhealth.com,,2023-07-19,Series A,17000000,2,,,
631e8043033e427d74f5f18a,ShortLoop,https://shortloop.dev,shortloop.dev,,2023-07-18,Seed,2734999,1,,,
6406dc95bc28af3e96bb6eec,SpeedyBrand,https://speedybrand.io,speedybrand.io,,2023-07-17,Seed,2500000,1,,,
58bf4b22e4b0fd97360132e0,CarbonChain,https://www.carbonchain.com/,carbonchain.com,,2023-07-17,Series A,12038996,2,,,
60e5f2e5d36bb61e79736eff,Lion Pose,https://lionpose.com,lionpose.com,,2023-07-17,Seed,3000000,1,,,
58493afde4b031b3762bba47,Embrace,https://embrace.io,embrace.io,,2023-07-13,Series B,20000000,1,,,
58ba4469e4b0b138a43b311c,Gradia,https://gradia.com,gradia.com,,2023-07-12,Seed,4200000,1,,,
624d64e93e88840bb3558b60,KASO,https://kaso.ai,kaso.ai,,2023-07-12,Seed,10500000,1,,,
5f40c92c081c9546f63b0ba0,Topkey,https://topkey.io,topkey.io,,2023-07-05,Seed,5200000,1,,,
58898449e4b00b29f190a31c,Goodcover,https://www.goodcover.com/,goodcover.com,,2023-06-28,Series A,1200000,1,,,
66eb98c670e6ca63f3d6e7b2,JustPaid.ai,https://www.justpaid.ai/,justpaid.ai,,2023-06-28,Seed,3500000,1,,,
53975379e4b0e49994cded69,0pass,http://0pass.com,0pass.com,,2023-06-27,Seed,3500000,1,,,
5d138182e61a856e7e917ece,Nuvocargo,https://www.nuvocargo.com/,nuvocargo.com,,2023-06-27,Series B,36500000,1,,,
5bd1e41be4b089425824bbb6,Bluedot,https://www.thebluedot.co/,thebluedot.co,,2023-06-26,Seed,5000000,2,,,
58dd9c9fe4b0dcc46c876601,SnapCalorie,https://www.snapcalorie.com,snapcalorie.com,,2023-06-26,Seed,2000000,1,,,
63d19b5c7de2153182d7cc72,Metal Technologies,http://getmetal.io,getmetal.io,,2023-06-26,Seed,2500000,1,,,
5bb89adb4f0ccbd7786c2f61,BIOS,https://www.bios.health/,bios.health,,2023-06-22,Series A,20000000,1,,,
63a4c6320f30921f426ee740,Rubber Ducky Labs,https://www.rubberduckylabs.io/,rubberduckylabs.io,,2023-06-22,Seed,1500002,1,,,
580f2bb5e4b03cd165a5c8ce,Glitzi,https://glitzi.com.mx,glitzi.com.mx,,2023-06-21,Series A,2800000,1,,,
56834359e4b05af69a7e1ca9,RoseRocket,https://roserocket.com,roserocket.com,,2023-06-20,Series B,38000000,1,,,
61e4a22f0519c145487d04b8,REVER,https://www.itsrever.com/en,itsrever.com,,2023-06-19,Series A,8204775,1,,,
5dc03393f0e6f6392017f297,Eze,https://www.ezewholesale.com/,ezewholesale.com,,2023-06-15,Seed,3700000,1,,,
636c7b984ccc9e2e919ef5c6,Poko,http://pokoapp.xyz,pokoapp.xyz,,2023-06-15,Seed,4500000,1,,,
5c4485c18f0841418d9ee075,Trella,https://trella.app,trella.app,,2023-06-12,Series A,3500000,2,,,
531caf5fe4b0f7e166598a32,Termii,https://termii.com,termii.com,,2023-06-12,Series A,3650000,1,,,
5ca0ccee2290d42344a1ad3b,Hyper,https://blog.hyper.online/,blog.hyper.online,,2023-06-12,Seed,3600000,1,,,
62599721d99ae17ea3c298d0,Finni Health,https://www.finnihealth.com/,finnihealth.com,,2023-06-12,Seed,3200000,1,,,
5384c56fe4b05d85e2d43b86,Verifiable,https://verifiable.com,verifiable.com,,2023-06-10,Series B,27000000,1,,,
585a04dce4b059a18d18ff1f,Finch,https://www.tryfinch.com/,tryfinch.com,,2023-06-07,Series B,3500000,2,,,
5847ed94e4b0efdcb9bd7c94,Curri,https://www.curri.com/,curri.com,,2023-06-06,Series B,42000000,1,,,
5f2f35b84e2c52169cbb78a7,Astek Diagnostics,https://astekdx.com,astekdx.com,,2023-06-05,Seed,2000000,1,,,
588db721e4b07fc4d2b2904c,Helium Health,https://heliumhealth.com,heliumhealth.com,,2023-06-05,Series B,30000000,1,,,
5903e7f4e4b02fcae1a3f3c9,Dumme,https://dumme.com,dumme.com,,2023-06-02,Seed,3400000,1,,,
62ea96b0407cf51c027c31b5,Floworks,https://www.floworks.ai/,floworks.ai,,2023-06-02,Seed,1500000,1,,,
619b681f2f18c11929507d8e,Compra Rápida,https://comprarapida.co,comprarapida.co,,2023-06-01,Seed,3558690,1,,,
58893b2be4b02749aa2b45c0,Hubble Network,http://hubblenetwork.com,hubblenetwork.com,,2023-05-31,Series A,20000000,1,,,
58ff8af0e4b084f53a2951f2,UpCodes,https://up.codes,up.codes,,2023-05-30,Series A,3500000,1,,,
57c67f3de4b0fcf1877bcf3b,BBy,https://www.bbyworld.com/,bbyworld.com,,2023-05-25,Seed,3000000,1,,,
58dd7098e4b004e81d5669c3,Pesto,https://getpesto.com,getpesto.com,,2023-05-25,Series A,11000000,1,,,
569022d8e4b071f24d5371c3,Trebol,https://www.gotrebol.com/,gotrebol.com,,2023-05-24,Seed,3000000,1,,,
58be2189e4b041de9c92b4b9,Waterplan,https://www.waterplan.com/,waterplan.com,,2023-05-24,Series A,11000000,1,,,
5891aa5ee4b0bbf964d5d080,Ballerine,https://ballerine.com,ballerine.com,,2023-05-23,Seed,5000000,1,,,
63417909a08ebb21213ce910,Onyx,https://www.onyxprivate.com/,onyxprivate.com,,2023-05-22,Series A,4100000,1,,,
660b87fa58955300a91c8986,Integration Labs,http://integrationlabs.co,integrationlabs.co,,2023-05-22,Seed,1500000,1,,,
5730d440e4b0ebcaea3236c2,Soundboks,https://soundboks.com,soundboks.com,,2023-05-21,Series A,8625177,1,,,
560cc0e5e4b046a1eaca75bc,Instawork,https://www.instawork.com/,instawork.com,,2023-05-18,Series D,60000000,1,,,
59036390e4b01a735f4de85d,BaseDash,https://www.basedash.com/,basedash.com,,2023-05-17,Seed,4500000,1,,,
6058bb2fc2f6111eb227b711,Telmai,https://telm.ai,telm.ai,,2023-05-17,Series A,8461497,1,,,
53193d1be4b0f7e165f42415,Correlia Biosystems,https://correliabio.com,correliabio.com,,2023-05-09,Series A,1254212,1,,,
5a1da225e4b0074339698640,Milo,https://joinmilo.com,joinmilo.com,,2023-05-09,Seed,1173000,1,,,
5f07774903080859dcf339ba,Fingo Africa,https://fingo.africa,fingo.africa,,2023-05-05,Seed,4000000,1,,,
588a2202e4b0dd9cce354bbe,Hudu,https://www.hudu.com/,hudu.com,,2023-05-03,Series A,5000000,1,,,
5e1deb8307582b3c937a9094,Sitenna,https://sitenna.com,sitenna.com,,2023-05-03,Angel,3000000,1,,,
62fd6c72f20ba7218b0b859b,Omnistrate,https://omnistrate.com,omnistrate.com,,2023-04-28,Seed,5200000,1,,,
58dd6918e4b04ae5ab02ecf7,Luca,https://askluca.com,askluca.com,,2023-04-27,Seed,2500000,1,,,
56ed1cc2e4b03d6641049ed7,Axoni,https://axoni.com,axoni.com,,2023-04-26,Series B,20000000,1,,,
58ba3d46e4b0b138a43a2cc0,Rinsed,https://www.rinsed.com/,rinsed.com,,2023-04-25,Series B,20000000,1,,,
531bc2b1e4b0f7e1662f4f32,Prolific,https://www.prolific.com/,prolific.com,,2023-04-25,Series A,32252750,1,,,
57a6c348e4b02795330daceb,Multiply Labs,https://multiplylabs.com,multiplylabs.com,,2023-04-21,Series A,11100000,1,,,
5ecad2b83c737a031a9c3625,Z1,https://z1.app,z1.app,,2023-04-20,Series B,10748214,1,,,
5caca799c315144fe88f46c6,Altay Therapeutics,https://www.altaytherapeutics.com/,altaytherapeutics.com,,2023-04-19,Seed,3558328,2,,,
6081b603df77e41cfe74d208,Blacktop Hoops,https://www.blacktophoopsvr.com/,blacktophoopsvr.com,,2023-04-18,Seed,5100000,1,,,
531c56cce4b0f7e16647fa29,Inboxbooster,http://inboxbooster.com,inboxbooster.com,,2023-04-18,Seed,1000000,1,,,
58c05757e4b0fd973617f269,Abatable,https://abatable.com,abatable.com,,2023-04-14,Series A,13500000,1,,,
5e1db977928ab01aff6ec947,SolarMente,http://solarmente.es,solarmente.es,,2023-04-14,Seed,55120000,1,,,
58be5038e4b041de9c9a0490,Novatr,https://www.novatr.com/,novatr.com,,2023-04-12,Seed,1200000,1,,,
58df2075e4b027db5f749833,Alga Biosciences,https://www.alga.bio/,alga.bio,,2023-04-06,Seed,4000000,1,,,
588ab5c5e4b0dc278ba1a87d,Trustle,https://www.trustle.com/,trustle.com,,2023-04-04,Seed,6000000,1,,,
603383be9a3f831eb34c1ed8,Fresh Factory,https://freshfactory.id,freshfactory.id,,2023-04-03,Seed,4150000,1,,,
5cfbca0e0079303667994183,Isabl,https://www.isabl.io/,isabl.io,,2023-04-01,Grant (prize money),2033377,1,,,
6197a11e76691160aeb169ab,Nu Mind,https://numind.ai,numind.ai,,2023-03-30,Seed,3000000,1,,,
5399d289e4b0da0a6776c75f,Careerist,https://www.careerist.com/,careerist.com,,2023-03-30,Series A,8000000,1,,,
5851a202e4b07ec2a8cdee7a,Coursedog,https://www.coursedog.com/,coursedog.com,,2023-03-29,Series B,90000000,1,,,
62c9a62404e5fc53211dd600,Cone,https://www.getcone.io/,getcone.io,,2023-03-29,Seed,1657498,1,,,
58528869e4b0744078b9c9d5,Alokai,https://alokai.com,alokai.com,,2023-03-23,Series A,20000000,1,,,
58c11ec5e4b0769c6b275727,Mindset Health,https://www.mindsethealth.com/,mindsethealth.com,,2023-03-21,Series A,12000000,1,,,
5318c94be4b0f7e165e83a5a,AptDeco,https://www.aptdeco.com,aptdeco.com,,2023-03-20,Series B,6150000,1,,,
56a03834e4b0f2d13a6357f6,Mindee,https://www.mindee.com/,mindee.com,,2023-03-15,Series A,7000000,1,,,
58de0ff4e4b0109668877da1,Respaid,https://respaid.com,respaid.com,,2023-03-14,Seed,2677725,1,,,
58c0434ee4b0fd973615a006,Awesomic,https://www.awesomic.com/,awesomic.com,,2023-03-14,Seed,800000,1,,,
6379b6bfaaeaed62c7a05028,ECSA,https://ecsa.finance,ecsa.finance,,2023-03-09,Seed,3000000,1,,,
613f3fe8aca3740abb933b64,Opkit,http://opkit.co,opkit.co,,2023-03-07,Seed,1000000,1,,,
62891091c4801a596b04a0d2,Fynn,https://www.fynncredit.com,fynncredit.com,,2023-03-07,Conventional Debt,25000000,2,,,
586024bee4b06c2583cd45cd,Fazz,https://fazz.com,fazz.com,,2023-03-02,Series C,5300000,2,,,
5905bb03e4b066e98ef73505,Noya,https://www.noya.co,noya.co,,2023-03-02,Series A,21988934,1,,,
595f82dde4b07bf7d766286b,Betterhalf,https://play.google.com/store/search?q=betterhalf&c=apps&hl=en_IN,play.google.com,,2023-03-01,Series A,8500000,1,,,
5504ef04e4b0836b96b47551,Devyce,https://devyce.com,devyce.com,,2023-02-28,Seed,2700000,1,,,
62b36e9937a2263f6e25d16a,Proglix,https://proglix.com,proglix.com,,2023-02-24,Seed,1350000,1,,,
5b589cfce4b04ba64f4d87ed,BlueCargo,https://www.bluecargo.io/,bluecargo.io,,2023-02-23,Seed,11000000,1,,,
5891edd9e4b09cd6cc611b44,Svix,https://www.svix.com/,svix.com,,2023-02-22,Series A,10386993,1,,,
5fa4e94eaf193e213c0b04f6,Strive,https://www.strivemath.com/,strivemath.com,,2023-02-21,Seed,1300000,1,,,
611338876159811ee46b1067,Sensible Biotechnologies,https://www.sensible.bio/,sensible.bio,,2023-02-21,Seed,4200000,1,,,
5f4a97969bf66e15d9833f62,Quell,https://playquell.com,playquell.com,,2023-02-20,Series A,10000000,1,,,
531b63cde4b0f7e166279000,ZeroCater,http://zerocater.com,zerocater.com,,2023-02-16,Series C,15000000,1,,,
654f8dfdaf489f34f83076d2,CompUp,https://www.compup.io/,compup.io,,2023-02-15,Seed,2500000,1,,,
57c7e6c7e4b00af6f0c517dc,Curacel,https://www.curacel.co/,curacel.co,,2023-02-14,Seed,3000000,1,,,
58ddc6c9e4b0816fe54f44c3,Mino Games,https://www.minogames.com,minogames.com,,2023-02-09,Series B,15000000,1,,,
630ac18cd794e3436e57d241,Streamdal,https://streamdal.com,streamdal.com,,2023-02-08,Seed,5400000,1,,,
59510795e4b054620a58ffdc,Wyndly,https://www.wyndly.com/,wyndly.com,,2023-02-08,Series A,2000000,1,,,
58bedb62e4b0fd9735f7356e,Orderli,https://orderli.com,orderli.com,,2023-02-08,Seed,937886,1,,,
5678a1ffe4b040b13c7ec4d5,InfluxData,https://linkedin.com/in/lefanchi,linkedin.com,,2023-02-07,Conventional Debt,30000000,2,,,
5ced416be5105b2b31b394bb,InnoVein,https://innovein.com,innovein.com,,2023-02-06,Series A,2545164,1,,,
611ea8d23948821ee500d780,Snab,https://snabfinance.com,snabfinance.com,,2023-02-06,Seed,1187142,1,,,
6126801094a5871eb9011661,Durioo,https://duriooplus.com,duriooplus.com,,2023-02-03,Seed,2850000,1,,,
59055768e4b02fcae1c6fbad,Oxygen,https://oxygen.us,oxygen.us,,2023-02-03,Series B,20000000,1,,,
55275108e4b058d15934ea9b,Beek,https://beek.io/en,beek.io,,2023-02-02,Series A,13000000,1,,,
5903a8dce4b00ef0bd927acd,Recurrency,https://www.recurrency.com/,recurrency.com,,2023-02-01,Series A,22000000,1,,,
61cc8a5241e4a60fd15deece,Odiggo,http://odiggo.xyz,odiggo.xyz,,2023-02-01,Series A,2347000,1,,,
5b90b418e4b0396d1498a8bb,TrueBiz,https://truebiz.io,truebiz.io,,2023-01-31,Seed,2400000,1,,,
5cfab21ccb920d5ce3a72cfd,Eden Farm,http://edenfarm.id,edenfarm.id,,2023-01-30,Series A,13500000,1,,,
588a5403e4b0dc278b9e6f52,Mighty Health,http://www.mightyhealth.com,mightyhealth.com,,2023-01-26,Series B,7600000,1,,,
60525478e214b51f4b8dc57d,Whalesync,https://www.whalesync.com/,whalesync.com,,2023-01-26,Seed,1800000,1,,,
5acee53be4b03ca8babc3e16,Inscribe,https://www.inscribe.ai,inscribe.ai,,2023-01-25,Series B,25000000,1,,,
58bd0a9de4b041de9c7b64d8,Accord,https://inaccord.com,inaccord.com,,2023-01-25,Series A,10000000,1,,,
58dd16a2e4b0372f4eab103a,QuickNode,https://www.quicknode.com/,quicknode.com,,2023-01-24,Series B,60000000,1,,,
582c08ebe4b0b8897fdaa70c,Breathe Well-Being,https://www.breathewellbeing.in,breathewellbeing.in,,2023-01-19,Series A,6137350,1,,,
5af73274e4b0f21b939b0f4c,Copilot,http://copilot.app,copilot.app,,2023-01-19,Series A,10000000,1,,,
5e5974d1d9cddb63a2d2f89a,Portão 3,https://portao3.com.br,portao3.com.br,,2023-01-18,Seed,3702644,1,,,
62080c0a8dfffc4e37a966ad,Nucleus,http://usenucleus.cloud,usenucleus.cloud,,2023-01-16,Series A,2100000,1,,,
57c7da80e4b01bb0b87f077d,Koywe,https://www.koywe.com/es,koywe.com,,2023-01-10,Seed,1100000,1,,,
619a7ee8f6e0ba1a5f47d819,Nest Genomics,https://www.nestgenomics.com/,nestgenomics.com,,2023-01-10,Seed,8500000,1,,,
5f94b33dc307176b9007c68d,Releaf,http://releaf.africa,releaf.africa,,2023-01-09,Seed,3300000,1,,,
531ae38ae4b0f7e1661ae9a9,Sinovia Technologies,https://www.sinoviatech.com/,sinoviatech.com,,2023-01-06,Series A,2570000,1,,,
60d5c302c99aec0de461c6a3,Chaos Genius,http://chaosgenius.io,chaosgenius.io,,2023-01-03,Seed,3300000,1,,,
653802a8f7e3f55d82c8edbd,Finvest,https://www.getfinvest.com/,getfinvest.com,,2023-01-01,Seed,2700000,1,,,
60ca8f5d1752111deddc49e6,Formal,http://joinformal.com,joinformal.com,,2023-01-01,Seed,5800000,1,,,
63dddff65118892cef13d058,Anarchy,https://anarchy.ai,anarchy.ai,,2023-01-01,Seed,2000000,1,,,
5d308e59addd84160ef2188d,UTVATE,http://utvate.com,utvate.com,,2022-12-30,Series A,12006313,1,,,
5e848c64c6b89a1e6da1a4c8,Estoca,https://estoca.com.br,estoca.com.br,,2022-12-22,Seed,6100000,1,,,
53ad3bbfe4b0df691e5cb700,Bitmovin,https://bitmovin.com,bitmovin.com,,2022-12-22,Conventional Debt,5000000,1,,,
6001be5b28a00f1e2cf23beb,NGrow,https://www.ngrow.ai/,ngrow.ai,,2022-12-21,Seed,2300000,1,,,
5884a862e4b0b5a51f333b53,Artifact,https://www.heyartifact.com/,heyartifact.com,,2022-12-15,Seed,5000000,1,,,
5de23fe7f0e6f64d7821a200,Infinity AI,https://infinity.ai,infinity.ai,,2022-12-15,Seed,5000000,1,,,
5d580e74dfad2e733c63fb08,SmartHelio,https://smarthelio.com,smarthelio.com,,2022-12-14,Series A,5000000,1,,,
5905b16ee4b01732a72b795e,Kamion,https://www.kamion.co/en/,kamion.co,,2022-12-13,Seed,2000000,1,,,
53192b0ee4b0f7e165f26905,Cinder,http://cinder.co,cinder.co,,2022-12-08,Series A,10000000,1,,,
62c9d6100ce9a326ce365b69,SilkChart,https://silkchart.com,silkchart.com,,2022-12-07,Seed,5200000,1,,,
5c4094468f0841418d8f6d61,Nestor,https://nestorup.com,nestorup.com,,2022-12-07,Seed,2000000,1,,,
55268cfbe4b0444aba91bf29,Sunfolding,http://sunfolding.com,sunfolding.com,,2022-12-07,Series B,21400000,1,,,
6001ef9ceee4bd1e83c8abf9,Fello,https://fello.in,fello.in,,2022-12-06,Series A,4000000,1,,,
65a180c937fe10346462edbd,Lancey,https://www.lancey.ai/,lancey.ai,,2022-12-05,Seed,1484172,1,,,
5883bcf1e4b0dd9cce27a356,Reach,https://reachpower.com,reachpower.com,,2022-12-02,Series B,30000000,1,,,
55e2c55ee4b02c3556f70953,Joy,https://withjoy.com,withjoy.com,,2022-11-30,Series B,60000000,1,,,
5d122cc9e61a856e7e8e6373,Red Brick Ai,https://www.redbrickai.com/,redbrickai.com,,2022-11-23,Seed,4600000,1,,,
5dab22236810c457361f0cd0,Almond,https://almondobgyn.com,almondobgyn.com,,2022-11-23,Series A,7198993,1,,,
58bf4545e4b0a06af30d923f,Balance,https://www.getbalance.com/,getbalance.com,,2022-11-23,Conventional Debt,350000000,1,,,
5f4438e1c80ec4278c3e4902,Ramani,https://ramani.io,ramani.io,,2022-11-23,Series A,32000000,1,,,
58ba4034e4b0013e25e76103,Disclo,https://www.disclo.com/,disclo.com,,2022-11-21,Seed,6750000,1,,,
60960b782e52651cdd1e227b,Pivo,http://pivo.africa,pivo.africa,,2022-11-21,Seed,2000000,1,,,
6278d3a4346b6e68451d50c7,Capitol,https://www.capitol.ai/,capitol.ai,,2022-11-21,Seed,10000000,1,,,
60f9c4210fd0711d8838759e,OneSchema,https://www.oneschema.co/,oneschema.co,,2022-11-18,Seed,6300000,1,,,
5905d8d7e4b00ef0bdca0171,Trii,https://trii.co,trii.co,,2022-11-18,Seed,3000000,1,,,
588a7e22e4b099a0c0767f3d,Private AI,,,,2022-11-17,Series A,8000000,1,,,
62c62c65662ece02c169a1e2,Sematic,https://www.sematic.dev/,sematic.dev,,2022-11-17,Seed,3000000,1,,,
55cb2466e4b0bb0379a2eebd,Cityfurnish,https://cityfurnish.com,cityfurnish.com,,2022-11-17,Series A,2500000,1,,,
58bf582ee4b0fd973603a407,SigmaOS,https://sigmaos.com,sigmaos.com,,2022-11-16,Seed,4000000,1,,,
59a76b45e4b07b410eb2c965,Baraka,https://getbaraka.com,getbaraka.com,,2022-11-16,Series A,20000000,1,,,
5dd571f3f0e6f6561af7445b,Atmos,http://buildatmos.com,buildatmos.com,,2022-11-15,Series A,12500000,1,,,
58f4c890e4b05d1235cb0d95,222,https://222.place,222.place,,2022-11-14,Seed,1450000,1,,,
614d201fb4e53113f494de7b,Buildspace,https://buildspace.so,buildspace.so,,2022-11-11,Series A,10000000,1,,,
588239e7e4b02749aa22ef6d,Ping,https://www.letsping.com/,letsping.com,,2022-11-09,Seed,15000000,1,,,
5891af9ce4b052b134d8abc0,Prenda,https://www.prenda.com/,prenda.com,,2022-11-07,Series B,15999996,1,,,
5c43384c8f0897be0dc4b2f4,haddock,https://www.haddock.app/,haddock.app,,2022-11-07,Seed,1925433,1,,,
55b79ee0e4b0744a22b7bce9,YASSIR,https://yassir.com,yassir.com,,2022-11-07,Series B,150000000,1,,,
58bfcac2e4b09d69078e2224,Emerge,https://www.emergecareer.com/,emergecareer.com,,2022-11-04,Seed,3200000,1,,,
63c61464e469e006eaebbb63,Truss,https://trusspayments.com,trusspayments.com,,2022-11-03,Series A,4010000,1,,,
58dd02ebe4b04ae5aaeeb561,Enode,https://enode.com,enode.com,,2022-11-02,Series A,15000000,1,,,
5f808b92b53bd717c6268ac4,Ariglad,https://www.ariglad.com/,ariglad.com,,2022-11-01,Seed,964054,1,,,
62e5e43bf414eb75baada05e,Kombo,https://www.kombo.dev/,kombo.dev,,2022-11-01,Seed,2500000,1,,,
622dfba684bdb4750e636a1b,Seaflight Technologies,https://www.seaflight.tech/,seaflight.tech,,2022-10-21,Seed,885748,1,,,
632d8ac6cdc33b4d8ab5bab7,Netmaker,https://www.netmaker.io/,netmaker.io,,2022-10-20,Seed,2300000,1,,,
54673157e4b02e1894814127,Lokal,https://www.lokalapps.com/,lokalapps.com,,2022-10-19,Series B,14660520,1,,,
5906bd0de4b066e98f0492c1,ShoprTV,http://shopr.tv,shopr.tv,,2022-10-18,Seed,1700000,1,,,
631ee2c677217c487f50c113,Tangia,https://www.tangia.co,tangia.co,,2022-10-18,Seed,1200000,1,,,
58ddc588e4b04ae5ab155822,Passiv,https://passiv.com,passiv.com,,2022-10-17,Seed,2200000,1,,,
57d7f967e4b04d5b6a0218df,HoyTrabajas,https://hoytrabajas.com,hoytrabajas.com,,2022-10-14,Seed,5000000,1,,,
58dc0d48e4b0371a5714760f,Redbird,https://www.redbird.io/,redbird.io,,2022-10-13,Seed,7600000,1,,,
5f41d5bd00148e0cfea95567,Explorex,https://www.explorex.co/,explorex.co,,2022-10-11,Seed,5000000,1,,,
5d936ec36810c416ed156ac9,Ochre Bio,https://www.ochre-bio.com/,ochre-bio.com,,2022-10-10,Series A,30000000,1,,,
61264509c976ec0efc8fca08,Marathon Education,https://marathon.edu.vn,marathon.edu.vn,,2022-10-06,Seed,5100000,1,,,
546d47b3e4b006472e5a641f,Volantio,https://www.volantio.com/,volantio.com,,2022-09-29,Series A,6000000,1,,,
5e50263af0339465c5386e24,Haven,https://havenservicing.com,havenservicing.com,,2022-09-29,Series A,8000000,1,,,
58bf497ce4b006712cd4b960,Numida,https://ug.numida.com/,ug.numida.com,,2022-09-28,Seed,7300000,2,,,
5dde9801f0e6f63d91b439f3,Moxion Power,http://moxionpower.com,moxionpower.com,,2022-09-28,Series B,100000000,1,,,
53ae3327e4b0c9ef6eafa5b8,SINAI,https://www.sinai.com/,sinai.com,,2022-09-27,Series A,22000000,1,,,
53b911c3e4b052b927459378,Vendease,https://www.vendease.com,vendease.com,,2022-09-26,Series A,20000000,2,,,
52ec9eeae4b033a23dc723df,The Muse,https://www.themuse.com/,themuse.com,,2022-09-21,Series C,8000000,1,,,
5b28446be4b0ac6980bd0e3a,Touch and Pay Technologies,https://touchandpay.me,touchandpay.me,,2022-09-21,Seed,3000000,1,,,
62170df8234bbf703f52c976,Noble,http://benoble.io,benoble.io,,2022-09-21,Series A,18000000,1,,,
5883c996e4b099a0c0665665,JITX,https://www.jitx.com/,jitx.com,,2022-09-20,Series A,12000000,1,,,
5e44595ff0339417f69f1a1e,Heru,https://www.heru.app/,heru.app,,2022-09-19,Seed,6000000,1,,,
553b7e0ce4b01a4b5b262af8,GiveCampus,https://givecampus.com,givecampus.com,,2022-09-19,Series A,50000000,1,,,
53462630e4b085eb389cdc4e,Shift Labs,https://www.shiftlabs.com/,shiftlabs.com,,2022-09-19,Grant (prize money),1836056,1,,,
5f232e0b3e4967169d9a7f9a,Bloom,http://joinbloom.community,joinbloom.community,,2022-09-14,Seed,2500000,1,,,
